time_seconds,dir_raw,dir_bp,ortho_raw,ortho_bp,mag_raw,mag_bp
0.0,3.68521221039142e-08,-2.4109456926352153e-10,-8.936322503164118e-08,6.350917204427289e-09,9.666366893314955e-08,-6.415453373385084e-09
1.0,3.6991671475972154e-08,-2.0803657172793766e-10,-8.89278601451382e-08,6.820420847000641e-09,9.631483825755777e-08,-6.833810494991725e-09
2.0,3.702933940030739e-08,-1.737292609569302e-10,-8.845945218688422e-08,7.293960150584679e-09,9.589706282064542e-08,-7.255111590834321e-09
3.0,3.7025481292030094e-08,-1.3812358805753384e-10,-8.788292301178946e-08,7.771137011370917e-09,9.536401009816326e-08,-7.678956970071274e-09
4.0,3.680292354202308e-08,-1.0117137714638017e-10,-8.729099826298992e-08,8.251549880214055e-09,9.473211471823748e-08,-8.104944224204502e-09
5.0,3.6513016998807046e-08,-6.28255781925787e-11,-8.672538799603391e-08,8.734794676398162e-09,9.409831737824962e-08,-8.532669218447054e-09
6.0,3.6255590196709875e-08,-2.3040520323721445e-11,-8.616652528298241e-08,9.220465693293104e-09,9.348335627187661e-08,-8.961727076817435e-09
7.0,3.6159860550277756e-08,1.8227836055345998e-11,-8.558646015510707e-08,9.708156492593083e-09,9.291166598924628e-08,-9.391713157073712e-09
8.0,3.615191596084699e-08,6.102164998351423e-11,-8.496103525573728e-08,1.0197460783934758e-08,9.233275983835194e-08,-9.822224011690296e-09
9.0,3.610968346556831e-08,1.0538095513047266e-10,-8.429910933194229e-08,1.0687973286815402e-08,9.170741013757993e-08,-1.0252858331198151e-08
10.0,3.586821734069545e-08,1.5134342102269302e-10,-8.364121868026375e-08,1.1179290571872185e-08,9.100759571331981e-08,-1.068321786635501e-08
11.0,3.558213926280196e-08,1.9894412180529727e-10,-8.302881994784461e-08,1.1671011878743048e-08,9.033201855626294e-08,-1.1112908325785105e-08
12.0,3.561975286947572e-08,2.4821531394173693e-10,-8.245740198975504e-08,1.216273990790951e-08,8.982199027734012e-08,-1.1541540245928256e-08
13.0,3.59114998016441e-08,2.991862241381699e-10,-8.193959032468112e-08,1.2654081584122974e-08,8.946358074982277e-08,-1.1968729830367203e-08
14.0,3.610984319890598e-08,3.518828486430969e-10,-8.147056930127294e-08,1.3144648789237656e-08,8.911438962436479e-08,-1.2394099755859224e-08
15.0,3.61106062551908e-08,4.06327764919482e-10,-8.109493356001085e-08,1.3634059062512116e-08,8.877141506825269e-08,-1.2817279942679052e-08
16.0,3.623371766514616e-08,4.625399565265628e-10,-8.086666173495738e-08,1.4121936266692448e-08,8.861320034844439e-08,-1.323790828717589e-08
17.0,3.665992795442996e-08,5.205346518917886e-10,-8.074807615957025e-08,1.4607911218447156e-08,8.868033672182211e-08,-1.3655631354748514e-08
18.0,3.722455660382096e-08,5.80323177504616e-10,-8.063943017500019e-08,1.5091622281978822e-08,8.881658242299015e-08,-1.4070105031739453e-08
19.0,3.7706181260643845e-08,6.419128259263524e-10,-8.045395986921999e-08,1.5572715924880783e-08,8.885153776890184e-08,-1.4480995135032021e-08
20.0,3.7898791049872926e-08,7.053067388910703e-10,-8.020478295400757e-08,1.6050847235528493e-08,8.870809191805104e-08,-1.4887977978390238e-08
21.0,3.7990054158054676e-08,7.705038056822145e-10,-7.991546772251334e-08,1.6525680401487796e-08,8.848574007285015e-08,-1.5290740894800574e-08
22.0,3.8237285532316534e-08,8.37498576914103e-10,-7.955266556267104e-08,1.699688914858342e-08,8.82650361298634e-08,-1.568898271425106e-08
23.0,3.8441085425944266e-08,9.062811938242856e-10,-7.912981131452668e-08,1.7464157140403206e-08,8.797297361915954e-08,-1.608241419652074e-08
24.0,3.84973257716581e-08,9.768373331832363e-10,-7.866781515791788e-08,1.792717833812165e-08,8.758235686078278e-08,-1.6470758418658814e-08
25.0,3.848487434288117e-08,1.0491481679445163e-09,-7.817963045692045e-08,1.8385657320616737e-08,8.713862617443539e-08,-1.6853751116916603e-08
26.0,3.8269102470289695e-08,1.1231903437867102e-09,-7.765246603716469e-08,1.8839309564932558e-08,8.657037417924535e-08,-1.7231140982964413e-08
27.0,3.804507978100169e-08,1.1989359717331078e-09,-7.70154746816687e-08,1.928786168721295e-08,8.590000835847186e-08,-1.760268991428633e-08
28.0,3.786133417893467e-08,1.2763526370681398e-09,-7.63478572689269e-08,1.973105164430344e-08,8.522016155444321e-08,-1.7968173218707644e-08
29.0,3.771647336114903e-08,1.3554034247906517e-09,-7.578158833440596e-08,2.0168628896295544e-08,8.464857643981756e-08,-1.8327379773081092e-08
30.0,3.761686070968828e-08,1.4360469618441544e-09,-7.531038154554026e-08,2.0600354530373944e-08,8.418243152930985e-08,-1.86801121362478e-08
31.0,3.747143614840631e-08,1.5182374763383188e-09,-7.486638789119815e-08,2.1026001346427733e-08,8.37202756977032e-08,-1.9026186616503032e-08
32.0,3.728154440718612e-08,1.6019248739236053e-09,-7.440344453046865e-08,2.1445353905002384e-08,8.322130803696561e-08,-1.9365433293936395e-08
33.0,3.710178514415574e-08,1.6870548314036085e-09,-7.392462339841921e-08,2.185820853829655e-08,8.271271006007e-08,-1.9697695998177616e-08
34.0,3.706478354792431e-08,1.7735689075685452e-09,-7.349315030158454e-08,2.2264373325042918e-08,8.231063917080086e-08,-2.002283224225855e-08
35.0,3.720968430598326e-08,1.8614046711083438e-09,-7.31364386899469e-08,2.2663668030251934e-08,8.205790193759099e-08,-2.034071311349609e-08
36.0,3.742315113353101e-08,1.950495845316032e-09,-7.288243015352025e-08,2.305592401093981e-08,8.192887687406597e-08,-2.065122312250818e-08
37.0,3.770564577232349e-08,2.0407724691263217e-09,-7.26802036297991e-08,2.344098408910562e-08,8.187873791636629e-08,-2.0954260011691388e-08
38.0,3.791693847787769e-08,2.13216107385964e-09,-7.238521310820589e-08,2.3818702393363686e-08,8.171482913312335e-08,-2.1249734524707466e-08
39.0,3.810179455276952e-08,2.224584874869241e-09,-7.196930812067293e-08,2.418894417077118e-08,8.143296666283143e-08,-2.153757013873723e-08
40.0,3.826194419631612e-08,2.317963977127278e-09,-7.160800867545003e-08,2.455158557051219e-08,8.118918203889811e-08,-2.1817702761455658e-08
41.0,3.855292993182324e-08,2.4122155936392967e-09,-7.147612045288465e-08,2.490651340120829e-08,8.121061630921999e-08,-2.2090080394858934e-08
42.0,3.912824819707339e-08,2.5072542754464857e-09,-7.15325743673445e-08,2.5253624863722525e-08,8.15348330628784e-08,-2.235466276823341e-08
43.0,3.975973508762998e-08,2.6029921518619916e-09,-7.165657849722562e-08,2.559282726141047e-08,8.194816517877365e-08,-2.261142094269828e-08
44.0,4.01328713595106e-08,2.6993391794964033e-09,-7.167248118611358e-08,2.59240376898429e-08,8.214372722815073e-08,-2.2860336889871373e-08
45.0,4.050075436135003e-08,2.796203398567252e-09,-7.144311474013842e-08,2.6247182708070123e-08,8.212447715274051e-08,-2.3101403047287668e-08
46.0,4.084191049247288e-08,2.8934911949671896e-09,-7.112198275455173e-08,2.656219799350809e-08,8.201462115753459e-08,-2.3334621853229637e-08
47.0,4.109776616245675e-08,2.9911075665888297e-09,-7.085514575760898e-08,2.6869027982498767e-08,8.191140374743916e-08,-2.356000526360391e-08
48.0,4.1248122917281194e-08,3.0889563924676525e-09,-7.067900709839536e-08,2.7167625498537912e-08,8.183477065779655e-08,-2.3777574253426e-08
49.0,4.13598188475639e-08,3.186940703401322e-09,-7.045759052581868e-08,2.745795137008258e-08,8.17001020673e-08,-2.3987358305366647e-08
50.0,4.138433698508415e-08,3.2849629528269273e-09,-7.007157937222175e-08,2.7739974039756683e-08,8.137990896660291e-08,-2.4189394887680006e-08
51.0,4.125091565554406e-08,3.3829252868795115e-09,-6.956712698957812e-08,2.8013669166669812e-08,8.087782885318385e-08,-2.4383728923682594e-08
52.0,4.101128497913109e-08,3.4807298127074614e-09,-6.904030165622022e-08,2.827901922345456e-08,8.030248282849906e-08,-2.457041225478893e-08
53.0,4.080475091150504e-08,3.578278864273679e-09,-6.862731181597748e-08,2.853601308951658e-08,7.984194150969385e-08,-2.4749503098944347e-08
54.0,4.069105338788681e-08,3.675475265015878e-09,-6.836790092390466e-08,2.878464564188745e-08,7.95608679097752e-08,-2.4921065506140004e-08
55.0,4.057892205588942e-08,3.772222586865327e-09,-6.813303314937014e-08,2.902491734498094e-08,7.93016968377797e-08,-2.508516881256042e-08
56.0,4.0338728357625087e-08,3.86842540522448e-09,-6.77582275912525e-08,2.92568338404799e-08,7.885677150263151e-08,-2.5241887094805472e-08
57.0,3.996850597709489e-08,3.963989549577962e-09,-6.727820169721843e-08,2.948040553852153e-08,7.825495443518369e-08,-2.5391298625544887e-08
58.0,3.9624235420587794e-08,4.05882234945798e-09,-6.685447800219846e-08,2.9695647211298463e-08,7.77148715601628e-08,-2.553348533190098e-08
59.0,3.9528908979402644e-08,4.152832875502197e-09,-6.662017349931548e-08,2.9902577590152604e-08,7.746471559478416e-08,-2.5668532257815706e-08
60.0,3.970577594492042e-08,4.2459321753252175e-09,-6.657477306590276e-08,3.010121896721062e-08,7.751612124045342e-08,-2.579652703164588e-08
61.0,3.996490546831488e-08,4.338033503872266e-09,-6.654903317998562e-08,3.0291596802597024e-08,7.762710535812972e-08,-2.5917559340248955e-08
62.0,4.007425308261148e-08,4.429052547841037e-09,-6.626437167728261e-08,3.047373933825974e-08,7.743973601397572e-08,-2.603172041086499e-08
63.0,3.9964013792692654e-08,4.518907643657839e-09,-6.571210894867896e-08,3.06476772194457e-08,7.691036120644332e-08,-2.6139102502155432e-08
64.0,3.981933538454996e-08,4.607519988390275e-09,-6.518249766329642e-08,3.0813443124864824e-08,7.638283493097723e-08,-2.6239798405814382e-08
65.0,3.9922064765107734e-08,4.694813842876679e-09,-6.50094979133542e-08,3.0971071406582345e-08,7.628896430058452e-08,-2.633390096022181e-08
66.0,4.0429734587954513e-08,4.780716726250063e-09,-6.531536377377134e-08,3.112059774069075e-08,7.681575478866641e-08,-2.6421502577670643e-08
67.0,4.119830968041249e-08,4.865159600927431e-09,-6.586681013109885e-08,3.1262058789841565e-08,7.769000834965457e-08,-2.6502694786778525e-08
68.0,4.191589264568307e-08,4.948077047028389e-09,-6.630575518154491e-08,3.13954918787577e-08,7.844357989331822e-08,-2.6577567791783558e-08
69.0,4.2310982412141485e-08,5.0294074250957556e-09,-6.641662024173267e-08,3.152093468388025e-08,7.874888365567527e-08,-2.6646210050496925e-08
70.0,4.242164186596398e-08,5.109093025936243e-09,-6.628601782049381e-08,3.163842493830564e-08,7.869835993909233e-08,-2.6708707872712313e-08
71.0,4.254159699512705e-08,5.187080206395053e-09,-6.615917256397319e-08,3.174800015312552e-08,7.865636394625286e-08,-2.6765145040833657e-08
72.0,4.278179624450651e-08,5.263319509924229e-09,-6.612796107918761e-08,3.184969735619511e-08,7.87603283791848e-08,-2.6815602454380504e-08
73.0,4.307348183685278e-08,5.337765770888673e-09,-6.607404467659506e-08,3.194355284923997e-08,7.887397680778094e-08,-2.6860157799882197e-08
74.0,4.326823857536688e-08,5.410378201662683e-09,-6.588375537838753e-08,3.202960198407969e-08,7.882137839554746e-08,-2.689888524749787e-08
75.0,4.3301075725032945e-08,5.481120461696359e-09,-6.561213073200123e-08,3.210787895861118e-08,7.861256170700874e-08,-2.693185517551046e-08
76.0,4.327433600348485e-08,5.54996070787403e-09,-6.543414884582766e-08,3.2178416633056515e-08,7.844932116800268e-08,-2.695913392364389e-08
77.0,4.336101738777742e-08,5.616871625644863e-09,-6.549927787646848e-08,3.224124636684655e-08,7.855146867654334e-08,-2.698078357594778e-08
78.0,4.3597945864615184e-08,5.681830440574433e-09,-6.574431362857402e-08,3.229639787638481e-08,7.888659999078563e-08,-2.6996861773789296e-08
79.0,4.37744146208896e-08,5.7448189101395846e-09,-6.594606899099076e-08,3.2343899113818854e-08,7.915227975722535e-08,-2.7007421559291524e-08
80.0,4.3690434936571876e-08,5.805823295764853e-09,-6.59130967861632e-08,3.2383776166831995e-08,7.907838157732451e-08,-2.7012511249358388e-08
81.0,4.3346611328098916e-08,5.864834315278189e-09,-6.565203154382249e-08,3.2416053179347697e-08,7.867094736597709e-08,-2.701217434021969e-08
82.0,4.295510236396183e-08,5.9218470761470055e-09,-6.535090384812703e-08,3.24407522929069e-08,7.820410125348659e-08,-2.7006449442210697e-08
83.0,4.275636278361361e-08,5.976860990035939e-09,-6.519825155454351e-08,3.2457893608337164e-08,7.7967419889679e-08,-2.699537024427606e-08
84.0,4.275730966507574e-08,6.029879669392415e-09,-6.516263399009015e-08,3.246749516719384e-08,7.793815752455038e-08,-2.6978965507473183e-08
85.0,4.270618245150182e-08,6.080910806903031e-09,-6.501707857514694e-08,3.246957295232901e-08,7.778842154220506e-08,-2.6957259086562933e-08
86.0,4.234812320258463e-08,6.1299660387687584e-09,-6.458599957626099e-08,3.2464140906839625e-08,7.72315666035985e-08,-2.6930269978622397e-08
87.0,4.1785387455695044e-08,6.177060792823401e-09,-6.402071279013044e-08,3.245121097056268e-08,7.645044323598738e-08,-2.6898012397494345e-08
88.0,4.139747541986871e-08,6.222214122570993e-09,-6.368501940731686e-08,3.243079313322443e-08,7.595743984659408e-08,-2.6860495872800794e-08
89.0,4.14450641861297e-08,6.265448528240424e-09,-6.382417448366762e-08,3.240289550331933e-08,7.610005646459179e-08,-2.6817725372201074e-08
90.0,4.1862393412861465e-08,6.3067897659414444e-09,-6.434591365636622e-08,3.236752439180125e-08,7.676494373427055e-08,-2.6769701445579933e-08
91.0,4.234776021516673e-08,6.346266645953201e-09,-6.490951144633161e-08,3.2324684409714117e-08,7.750211269018873e-08,-2.6716420389909516e-08
92.0,4.263417630046007e-08,6.383910821096022e-09,-6.525178953761812e-08,3.227437857895763e-08,7.794529509008431e-08,-2.6657874433621893e-08
93.0,4.268818246111472e-08,6.419756566051385e-09,-6.536256583200561e-08,3.2216608455450645e-08,7.806757287104992e-08,-2.6594051939424227e-08
94.0,4.2755738116628805e-08,6.4538405484248114e-09,-6.543548609905248e-08,3.215137426400074e-08,7.816556775791394e-08,-2.652493762455697e-08
95.0,4.3013720890661133e-08,6.4862015923009344e-09,-6.564185388649446e-08,3.207867504420401e-08,7.847950794007049e-08,-2.6450512797526105e-08
96.0,4.342226062048482e-08,6.516880435016751e-09,-6.594206379204048e-08,3.1998508806690776e-08,7.89547243332965e-08,-2.637075561033835e-08
97.0,4.3745049860266505e-08,6.5459194778723134e-09,-6.614057365683657e-08,3.191087269901014e-08,7.929820219231092e-08,-2.6285641325245312e-08
98.0,4.3813725481012256e-08,6.573362531506799e-09,-6.612498708313819e-08,3.181576318041389e-08,7.932311426860833e-08,-2.6195142594963807e-08
99.0,4.3735082694285055e-08,6.599254556696444e-09,-6.602251162446393e-08,3.1713176204760935e-08,7.919425168204083e-08,-2.609922975528364e-08
100.0,4.373172579619222e-08,6.623641401381821e-09,-6.607792515239685e-08,3.160310741071691e-08,7.923860191572731e-08,-2.5997871128900644e-08
101.0,4.392983757317559e-08,6.646569534801482e-09,-6.639056400470356e-08,3.148555231837669e-08,7.960865290951876e-08,-2.589103333922867e-08
102.0,4.4155778117227484e-08,6.668085779688273e-09,-6.681853622833578e-08,3.1360506531396846e-08,8.009025861386169e-08,-2.5778681632860438e-08
103.0,4.417983368032452e-08,6.688237043567143e-09,-6.711754145169446e-08,3.1227965943693104e-08,8.035310868000727e-08,-2.566078020926905e-08
104.0,4.392659089247353e-08,6.707070050278729e-09,-6.719317887510234e-08,3.1087926949728615e-08,8.02774481082716e-08,-2.5537292556264873e-08
105.0,4.356866001309356e-08,6.7246310729437035e-09,-6.71790997032462e-08,3.0940386657384343e-08,8.007034140226474e-08,-2.5408181789638262e-08
106.0,4.333183142857244e-08,6.740965669676127e-09,-6.725302685237078e-08,3.0785343102357825e-08,8.000385763049132e-08,-2.5273410995324907e-08
107.0,4.328271330233946e-08,6.75611842344011e-09,-6.744744456693708e-08,3.062279546298702e-08,8.01408201194782e-08,-2.5132943572336777e-08
108.0,4.326366764839662e-08,6.770132687510771e-09,-6.760039786279926e-08,3.0452744274348975e-08,8.025932176139837e-08,-2.4986743574621492e-08
109.0,4.300424605307995e-08,6.783050338041187e-09,-6.75171997928381e-08,3.027519164044643e-08,8.004959366829953e-08,-2.4834776049955705e-08
110.0,4.245964280169545e-08,6.794911535252685e-09,-6.719775133556816e-08,3.009014144327035e-08,7.948810635185883e-08,-2.467700737394437e-08
111.0,4.1858635085878504e-08,6.805754494759478e-09,-6.689677017543416e-08,2.98975995475149e-08,7.8913390442672e-08,-2.4513405577187966e-08
112.0,4.156049340786616e-08,6.81561527050759e-09,-6.690303353332205e-08,2.9697573999729805e-08,7.876097071688554e-08,-2.4343940663700197e-08
113.0,4.1680785128894726e-08,6.824527550742796e-09,-6.728969841052201e-08,2.9490075220734452e-08,7.915296179638574e-08,-2.4168584918723893e-08
114.0,4.20015415780739e-08,6.832522468314072e-09,-6.78560819200591e-08,2.9275116190196037e-08,7.980336677406813e-08,-2.3987313204214047e-08
115.0,4.21850711584959e-08,6.839628426469935e-09,-6.83386055001789e-08,2.9052712622387193e-08,8.031030587886242e-08,-2.3800103240429592e-08
116.0,4.2139777917116206e-08,6.845870941130087e-09,-6.864763002836782e-08,2.882288313227049e-08,8.054972372029305e-08,-2.360693587227841e-08
117.0,4.202935405261954e-08,6.8512725004342595e-09,-6.889603464815819e-08,2.8585649391189202e-08,8.070396639769734e-08,-2.3407795319266148e-08
118.0,4.2092216406830474e-08,6.855852442197152e-09,-6.923327926927625e-08,2.8341036271562608e-08,8.102469771876378e-08,-2.3202669408090313e-08
119.0,4.2349888706993966e-08,6.859626849734526e-09,-6.966452774717635e-08,2.808907198008748e-08,8.152704765739943e-08,-2.299154978709459e-08
120.0,4.259229796632624e-08,6.862608466366763e-09,-7.005031366774661e-08,2.7829788179039627e-08,8.198262188416522e-08,-2.27744321219594e-08
121.0,4.2693828417039725e-08,6.8648066287510595e-09,-7.027326234809728e-08,2.7563220095353686e-08,8.222587418780134e-08,-2.2551316272157618e-08
122.0,4.26602479453031e-08,6.866227219046909e-09,-7.039436912895103e-08,2.7289406617236585e-08,8.231199159185586e-08,-2.2322206447846766e-08
123.0,4.2675949107895406e-08,6.866872635787493e-09,-7.061087032092517e-08,2.7008390378140348e-08,8.250534309811814e-08,-2.2087111346998012e-08
124.0,4.2899870683621444e-08,6.866741783213926e-09,-7.105051865255452e-08,2.6720217827986842e-08,8.299744035491962e-08,-2.1846044272680278e-08
125.0,4.3226352247627275e-08,6.865830078726619e-09,-7.165638492984128e-08,2.6424939291606197e-08,8.368485543901916e-08,-2.1599023230530778e-08
126.0,4.3468925958745075e-08,6.864129478016273e-09,-7.224585099954717e-08,2.6122609014423664e-08,8.431494832267664e-08,-2.134607100655449e-08
127.0,4.3474544270116766e-08,6.86162851735853e-09,-7.269359504971651e-08,2.5813285195502473e-08,8.470179904079082e-08,-2.1087215225499018e-08
128.0,4.3322566617431946e-08,6.85831237249715e-09,-7.303029570665531e-08,2.5497030008112878e-08,8.491330207525407e-08,-2.082248839013688e-08
129.0,4.324439623060172e-08,6.854162933503544e-09,-7.338142495733058e-08,2.517390960804287e-08,8.51757672939764e-08,-2.055192790184679e-08
130.0,4.3319595882662654e-08,6.8491588949812496e-09,-7.381947460943783e-08,2.484399412989241e-08,8.559148450079973e-08,-2.027557606291979e-08
131.0,4.3430670310096176e-08,6.843275860973455e-09,-7.425877760619537e-08,2.45073576716057e-08,8.602667711326907e-08,-1.9993480061034143e-08
132.0,4.332783945515395e-08,6.836486463923095e-09,-7.453495623477302e-08,2.4164078267499836e-08,8.621346398777354e-08,-1.970569193635262e-08
133.0,4.2984279108315704e-08,6.828760497027015e-09,-7.457124300697116e-08,2.3814237850046495e-08,8.607275140290527e-08,-1.941226853170101e-08
134.0,4.252057761444661e-08,6.820065059319322e-09,-7.451807506123065e-08,2.3457922200658812e-08,8.579593831585142e-08,-1.9113271426287927e-08
135.0,4.222134336595573e-08,6.810364712811275e-09,-7.460843696668884e-08,2.3095220889733294e-08,8.572666272658883e-08,-1.8808766853430873e-08
136.0,4.2206430295177455e-08,6.799621650996186e-09,-7.497611395970716e-08,2.2726227206207594e-08,8.603952825742752e-08,-1.8498825602774936e-08
137.0,4.2339802025503914e-08,6.7877958779873595e-09,-7.556356265356334e-08,2.2351038076929106e-08,8.661703548643222e-08,-1.818352290754293e-08
138.0,4.242287429678804e-08,6.774845397491461e-09,-7.617897520781347e-08,2.1969753976190296e-08,8.719481938345728e-08,-1.786293831744425e-08
139.0,4.236409145708109e-08,6.76072641073569e-09,-7.670129595349628e-08,2.1582478825866905e-08,8.762308511990295e-08,-1.7537155557983907e-08
140.0,4.2274761025140606e-08,6.745393522377087e-09,-7.715182160153433e-08,2.118931988668122e-08,8.797476340501136e-08,-1.7206262377035295e-08
141.0,4.2289568624731544e-08,6.728799953335903e-09,-7.762551488058045e-08,2.0790387641191266e-08,8.839755751682903e-08,-1.6870350379654465e-08
142.0,4.245499213295645e-08,6.710897759415106e-09,-7.816111863984121e-08,2.038579566917184e-08,8.894710126834223e-08,-1.652951485221237e-08
143.0,4.265582642659638e-08,6.69163805449362e-09,-7.870065210982546e-08,1.9975660516105437e-08,8.951710546397093e-08,-1.6183854577006518e-08
144.0,4.27425549953675e-08,6.67097123701217e-09,-7.914627703914379e-08,1.9560101555542027e-08,8.995031504496754e-08,-1.5833471638585628e-08
145.0,4.275177387103035e-08,6.64884721841212e-09,-7.949435576123931e-08,1.9139240846117947e-08,9.02611032893693e-08,-1.547847122307977e-08
146.0,4.2834645219702594e-08,6.625215652144647e-09,-7.988272247155814e-08,1.8713202984046534e-08,9.064246345155106e-08,-1.511896141187181e-08
147.0,4.3070695704416906e-08,6.600026161842925e-09,-8.043180698899532e-08,1.8282114951908257e-08,9.123793292253761e-08,-1.475505297097445e-08
148.0,4.339918130424891e-08,6.573228567242781e-09,-8.112889419292779e-08,1.7846105964580173e-08,9.2007534533028e-08,-1.4386859137494256e-08
149.0,4.359631267103481e-08,6.544773106447754e-09,-8.186981668642512e-08,1.740530731315485e-08,9.2754004564652e-08,-1.4014495404571506e-08
150.0,4.363406536089798e-08,6.5146106531659675e-09,-8.251350634008725e-08,1.695985220770514e-08,9.334029348815407e-08,-1.3638079306178364e-08
151.0,4.364385686184136e-08,6.4826929276036694e-09,-8.305165480337884e-08,1.6509875619745973e-08,9.382091242018752e-08,-1.3257730203129408e-08
152.0,4.364320985161818e-08,6.448972699785606e-09,-8.360654131511769e-08,1.605551412522078e-08,9.431215996269443e-08,-1.2873569071600749e-08
153.0,4.370748540871716e-08,6.413403984181696e-09,-8.420127550409773e-08,1.559690574879538e-08,9.486937902858957e-08,-1.2485718295366286e-08
154.0,4.3771413715809615e-08,6.375942224646212e-09,-8.479180121229168e-08,1.5134189810178884e-08,9.54231953536736e-08,-1.2094301462847468e-08
155.0,4.370432982181427e-08,6.336544468814521e-09,-8.525757164840053e-08,1.4667506773112874e-08,9.580669062521717e-08,-1.169944316994224e-08
156.0,4.3522352000113784e-08,6.295169531250917e-09,-8.55244450398418e-08,1.4196998097580693e-08,9.596158514215326e-08,-1.1301268829453547e-08
157.0,4.319767149540965e-08,6.2517781447979454e-09,-8.569692220433689e-08,1.3722806095690345e-08,9.596875167428978e-08,-1.089990448778125e-08
158.0,4.27889315091079e-08,6.206333099738786e-09,-8.594924797225567e-08,1.3245073791583473e-08,9.601127999713066e-08,-1.049547664938023e-08
159.0,4.250877932987507e-08,6.15879937054209e-09,-8.634955270259148e-08,1.2763944785627823e-08,9.624573534476028e-08,-1.0088112109333661e-08
160.0,4.241573961505374e-08,6.109144230102997e-09,-8.685287678986131e-08,1.227956312307187e-08,9.665669751117544e-08,-9.6779377942571e-09
161.0,4.229751035533802e-08,6.057337351516661e-09,-8.742371198147691e-08,1.179207316728287e-08,9.711840607670699e-08,-9.265080611645002e-09
162.0,4.2156005269911034e-08,6.003350897518999e-09,-8.79540232867626e-08,1.1301619477652408e-08,9.753480913317637e-08,-8.849667307695903e-09
163.0,4.1927004756914243e-08,5.947159597806982e-09,-8.845401853682655e-08,1.080834669222899e-08,9.788762497476157e-08,-8.431824333598074e-09
164.0,4.166241543424043e-08,5.888740814513446e-09,-8.894733192002513e-08,1.0312399415118653e-08,9.822110117233648e-08,-8.011677720214816e-09
165.0,4.148913579360425e-08,5.8280745961621904e-09,-8.941376329271722e-08,9.813922108676887e-09,9.857063180819223e-08,-7.589352961072157e-09
166.0,4.1332884198608255e-08,5.7651437204673635e-09,-8.990283445128866e-08,9.313058990497843e-09,9.894911297506095e-08,-7.16497490352084e-09
167.0,4.123261018729174e-08,5.699933726364689e-09,-9.034581131828201e-08,8.809953935190976e-09,9.931008894173727e-08,-6.738667647921342e-09
168.0,4.10802878936245e-08,5.632432935670196e-09,-9.076876559405145e-08,8.304750380923028e-09,9.963211761721683e-08,-6.310554454687375e-09
169.0,4.092942937350408e-08,5.562632464756696e-09,-9.120378028151799e-08,7.797591240696221e-09,9.996673309896682e-08,-5.88075765902031e-09
170.0,4.089971467058362e-08,5.490526226622199e-09,-9.169743728568158e-08,7.28861881833346e-09,1.0040521233928376e-07,-5.44939859317473e-09
171.0,4.091946681494818e-08,5.416110923700198e-09,-9.232138825643332e-08,6.777974729149583e-09,1.0098337236404195e-07,-5.016597516113892e-09
172.0,4.106449044694038e-08,5.3393860317315976e-09,-9.300389535588094e-08,6.265799825304549e-09,1.0166620346523475e-07,-4.582473550442789e-09
173.0,4.1121082761108596e-08,5.260353774985629e-09,-9.369359785932341e-08,5.752234125857591e-09,1.0232025081708193e-07,-4.147144626541842e-09
174.0,4.107193324331959e-08,5.1790190930881606e-09,-9.433095552943693e-08,5.2374167515657475e-09,1.028845608992929e-07,-3.7107274338591644e-09
175.0,4.09940470458281e-08,5.09538959969624e-09,-9.496824236732149e-08,4.721485864489198e-09,1.0343828571440018e-07,-3.2733373793457755e-09
176.0,4.109043838518289e-08,5.009475533250727e-09,-9.563746361518355e-08,4.204578612475176e-09,1.0409105904654861e-07,-2.8350885530302384e-09
177.0,4.120551699848818e-08,4.92128970004388e-09,-9.635778321082089e-08,3.686831078589235e-09,1.0479845903645842e-07,-2.3960937007252725e-09
178.0,4.126191346931485e-08,4.830847409853956e-09,-9.699566782053748e-08,3.1683782355477e-09,1.0540732934241942e-07,-1.9564642038398983e-09
179.0,4.1208134710091215e-08,4.738166404424704e-09,-9.74699479183716e-08,2.649353905177808e-09,1.0582297063253845e-07,-1.5163100662361117e-09
180.0,4.095526590086607e-08,4.6432667791063736e-09,-9.785751808530363e-08,2.129890722892951e-09,1.0608217404835824e-07,-1.075739908018567e-09
181.0,4.07434245230931e-08,4.546170898027284e-09,-9.827118810021296e-08,1.610120107121452e-09,1.0638257870768324e-07,-6.34860966080793e-10
182.0,4.057409982993754e-08,4.446903303227178e-09,-9.877234855015793e-08,1.0901722335741878e-09,1.0678124561515295e-07,-1.9377910115898163e-10
183.0,4.0429847386613815e-08,4.3454906182478875e-09,-9.931529549450646e-08,5.701760141868764e-10,1.0722919601892957e-07,2.4740118892561597e-10
184.0,4.026662869804909e-08,4.2419614467360315e-09,-9.988052806012004e-08,5.025908053201344e-11,1.0769178832332101e-07,6.885767502146587e-10
185.0,4.0205203388765653e-08,4.13634626666301e-09,-1.0045918848178292e-07,-4.694522285355103e-10,1.0820585441624866e-07,1.1296457481774841e-09
186.0,4.005438905552161e-08,4.028677320809811e-09,-1.0101148380237124e-07,-9.888328752589115e-10,1.086631213547991e-07,1.5705076383566692e-09
187.0,3.966730613425007e-08,3.918988504199848e-09,-1.0152771218185919e-07,-1.5077591276661792e-09,1.090017041923233e-07,2.011063132590366e-09
188.0,3.9308609506294445e-08,3.807315249193532e-09,-1.0198465285118918e-07,-2.026108560862273e-09,1.0929792403561887e-07,2.4512141613363063e-09
189.0,3.9102511478761315e-08,3.693694408982042e-09,-1.0242727258025219e-07,-2.543760055244937e-09,1.0963736850260472e-07,2.8908638326482435e-09
190.0,3.900392445133072e-08,3.5781641402299854e-09,-1.0286690273891841e-07,-3.0605937919785546e-09,1.1001320739667222e-07,3.3299163883751185e-09
191.0,3.8740897517763884e-08,3.4607637856125047e-09,-1.0334152062210777e-07,-3.5764912460718007e-09,1.1036451886802847e-07,3.768277158162257e-09
192.0,3.8462384194248855e-08,3.3415337569710643e-09,-1.038530485636402e-07,-4.09133517740815e-09,1.1074660578937764e-07,4.205852511828841e-09
193.0,3.84151596366511e-08,3.2205154197764807e-09,-1.043464584321585e-07,-4.6050096200715296e-09,1.111931107454215e-07,4.642549810676901e-09
194.0,3.842236756534945e-08,3.0977509795411123e-09,-1.0485736299040149e-07,-5.117399870292914e-09,1.1167517585671239e-07,5.078277358254754e-09
195.0,3.839816184458833e-08,2.973283370766706e-09,-1.054290519851564e-07,-5.628392473318792e-09,1.1220384946842068e-07,5.512944351054957e-09
196.0,3.808658532999942e-08,2.8471561489538514e-09,-1.0608528448752264e-07,-6.137875209471167e-09,1.1271501926051354e-07,5.946460829576121e-09
197.0,3.794136030355055e-08,2.7194133861384515e-09,-1.0673154576812394e-07,-6.645737079633261e-09,1.1327475307294639e-07,6.378737630123455e-09
198.0,3.7933098634423956e-08,2.5900995703633204e-09,-1.0737089563284119e-07,-7.151868290358561e-09,1.138746205306846e-07,6.809686337668872e-09
199.0,3.800248707386267e-08,2.4592595094378685e-09,-1.0801002201660248e-07,-7.656160238767883e-09,1.1450045362279597e-07,7.2392192400412276e-09
200.0,3.8029225962743496e-08,2.3269382392843108e-09,-1.086563973830279e-07,-8.158505497372722e-09,1.1511921959248975e-07,7.667249283674079e-09
201.0,3.796595771099476e-08,2.193180937117149e-09,-1.0930103216608145e-07,-8.658797798946807e-09,1.157070852518713e-07,8.093690031105285e-09
202.0,3.796004169331901e-08,2.0580328396595395e-09,-1.0980961274303924e-07,-9.1569320215616e-09,1.161856954023806e-07,8.518455620402577e-09
203.0,3.787977184699365e-08,1.9215391665703444e-09,-1.1023089914810602e-07,-9.652804173906211e-09,1.1655783217862373e-07,8.941460726683485e-09
204.0,3.775149032270164e-08,1.7837450492402167e-09,-1.1066363824613346e-07,-1.0146311381025453e-08,1.1692568516564753e-07,9.362620525905478e-09
205.0,3.7338500652461803e-08,1.6446954651123008e-09,-1.1112784362513062e-07,-1.0637351870628285e-08,1.1723293590005061e-07,9.781850661118766e-09
206.0,3.705175280477313e-08,1.5044351776893693e-09,-1.1160107352831128e-07,-1.112582496013694e-08,1.1759095202683561e-07,1.0199067211393211e-08
207.0,3.7075827380439463e-08,1.3630086823988463e-09,-1.121617489475979e-07,-1.161163104466001e-08,1.1813075341725423e-07,1.061418666364639e-08
208.0,3.69767877428373e-08,1.2204601584933555e-09,-1.127168596341821e-07,-1.2094671586078623e-08,1.1862703434534117e-07,1.1027125887607407e-08
209.0,3.6836804856443806e-08,1.0768334271634137e-09,-1.1322144451847427e-07,-1.2574849103434492e-08,1.190632004058419e-07,1.1437802114150818e-08
210.0,3.638929912952449e-08,9.32171916032565e-10,-1.1368225030436441e-07,-1.3052067164805654e-08,1.1936429585685233e-07,1.1846132917230023e-08
211.0,3.596530681604371e-08,7.865186301976662e-10,-1.1408826289249774e-07,-1.3526230380851365e-08,1.1962288670735144e-07,1.2252036199633605e-08
212.0,3.5859311853236875e-08,6.399161299683218e-10,-1.1455578143027001e-07,-1.3997244400203604e-08,1.2003714968995012e-07,1.2655430182781446e-08
213.0,3.57559962749221e-08,4.924065154437756e-10,-1.1507759327747391e-07,-1.4465015906876377e-08,1.2050453827200017e-07,1.3056233400767266e-08
214.0,3.551206367857773e-08,3.4403141803705514e-10,-1.1555806304561211e-07,-1.4929452619854154e-08,1.2089157374095608e-07,1.3454364698836256e-08
215.0,3.520110675170329e-08,1.9483199901478163e-10,-1.1596145993442164e-07,-1.5390463295005296e-08,1.211865425972178e-07,1.3849743236459712e-08
216.0,3.4968856227335365e-08,4.4848955071173415e-11,-1.1626632095626532e-07,-1.5847957729447e-08,1.2141119509564738e-07,1.4242288495135394e-08
217.0,3.4902412571202746e-08,-1.0587746910043545e-10,-1.1659305725747471e-07,-1.630184676846479e-08,1.217050508563027e-07,1.4631920291003843e-08
218.0,3.487227223653022e-08,-2.573074613359741e-10,-1.1710439535780881e-07,-1.6752042315060297e-08,1.2218639360852202e-07,1.5018558792325377e-08
219.0,3.477559187836654e-08,-4.0940161579260416e-10,-1.1771802859578129e-07,-1.719845734216305e-08,1.227472038254554e-07,1.5402124541806975e-08
220.0,3.4541764587503465e-08,-5.621209002363189e-10,-1.1835619701319744e-07,-1.7641005907493193e-08,1.232936448980454e-07,1.5782538483702117e-08
221.0,3.4370871065947384e-08,-7.154266171224166e-10,-1.1894946224527692e-07,-1.8079603171006393e-08,1.2381571526374404e-07,1.6159721995534946e-08
222.0,3.435796253059564e-08,-8.692803588252266e-10,-1.1949865034305285e-07,-1.8514165414796914e-08,1.2433984487309375e-07,1.6533596924230406e-08
223.0,3.445840246474319e-08,-1.0236439574271013e-09,-1.2009800965176454e-07,-1.8944610065287046e-08,1.2494364098559618e-07,1.6904085626371452e-08
224.0,3.4553124167446825e-08,-1.1784794295255151e-09,-1.2066178876890543e-07,-1.9370855717495903e-08,1.2551169530622615e-07,1.7271111012257237e-08
225.0,3.432718190254924e-08,-1.3337489165579369e-09,-1.2114931823015151e-07,-1.9792822161158292e-08,1.2591867504465422e-07,1.763459659340369e-08
226.0,3.4011713029302726e-08,-1.4894146211713225e-09,-1.2151539877103268e-07,-2.0210430408454688e-08,1.2618553309183557e-07,1.799446653311138e-08
227.0,3.375826282403516e-08,-1.6454387401733033e-09,-1.2180408976575352e-07,-2.062360272311449e-08,1.2639563518001868e-07,1.8350645699724206e-08
228.0,3.352456046101793e-08,-1.8017833945992487e-09,-1.2217725125010515e-07,-2.1032262650663374e-08,1.2669323927161925e-07,1.8703059722211748e-08
229.0,3.3567255169897336e-08,-1.95841055742185e-09,-1.2268047892491363e-07,-2.1436335049595786e-08,1.2718986016537316e-07,1.9051635047720606e-08
230.0,3.3667810039883506e-08,-2.1152819794247657e-09,-1.232279948221171e-07,-2.1835746123260754e-08,1.2774451119622088e-07,1.9396299000748406e-08
231.0,3.358519237717239e-08,-2.272359113759302e-09,-1.2372822536660388e-07,-2.22304234522503e-08,1.2820545580973066e-07,1.9736979843596498e-08
232.0,3.3333887511366456e-08,-2.4296030396968597e-09,-1.2412190559737968e-07,-2.2620296027078484e-08,1.2852001986361995e-07,2.0073606837757865e-08
233.0,3.289726888122679e-08,-2.5869743860726123e-09,-1.2448053307231866e-07,-2.300529428093958e-08,1.2875415882142352e-07,2.0406110305902325e-08
234.0,3.249301175345387e-08,-2.744433254886092e-09,-1.248934272286839e-07,-2.33853501223397e-08,1.2905101308295357e-07,2.073442169413462e-08
235.0,3.235931989031826e-08,-2.9019391454884198e-09,-1.253556279300072e-07,-2.3760396967406337e-08,1.2946489500049945e-07,2.105847363422047e-08
236.0,3.227943790040655e-08,-3.059450879754448e-09,-1.2578919185088355e-07,-2.4130369771691954e-08,1.2986486398431484e-07,2.1378200005495486e-08
237.0,3.216462507449336e-08,-3.216926528618064e-09,-1.2610862770018327e-07,-2.4495205061299418e-08,1.3014587617979358e-07,2.169353599618836e-08
238.0,3.195724956883694e-08,-3.3743233403395808e-09,-1.263433105427869e-07,-2.4854840963168823e-08,1.3032228481313555e-07,2.2004418163904032e-08
239.0,3.161823916575379e-08,-3.5315976708693596e-09,-1.2659736681533418e-07,-2.5209217234377653e-08,1.30486038841399e-07,2.2310784495025636e-08
240.0,3.122466574190241e-08,-3.6887049166662792e-09,-1.2690004680751543e-07,-2.555827529031628e-08,1.306851239829658e-07,2.2612574462805622e-08
241.0,3.09493046746212e-08,-3.845599450324044e-09,-1.2727507702967045e-07,-2.590195823160507e-08,1.3098398639815126e-07,2.2909729083921944e-08
242.0,3.085342345499065e-08,-4.002234559357555e-09,-1.2771852427734265e-07,-2.624021086961404e-08,1.313923710969367e-07,2.3202190973270416e-08
243.0,3.08275300842098e-08,-4.158562388510972e-09,-1.281965337183999e-07,-2.6572979750430877e-08,1.3185100632344716e-07,2.3489904396747675e-08
244.0,3.076437210536298e-08,-4.314533885969481e-09,-1.286615148136938e-07,-2.6900213177102553e-08,1.3228844237193054e-07,2.3772815321754102e-08
245.0,3.073487081506343e-08,-4.4700987538829054e-09,-1.2909381601200476e-07,-2.7221861229954476e-08,1.3270209348974104e-07,2.4050871465119496e-08
246.0,3.071552712174963e-08,-4.625205403633043e-09,-1.2952002702640297e-07,-2.753787578477501e-08,1.3311228721379216e-07,2.4324022338132856e-08
247.0,3.06647330861054e-08,-4.779800916291113e-09,-1.2990538430721066e-07,-2.784821052864581e-08,1.3347559599884236e-07,2.4592219288347005e-08
248.0,3.048798813409803e-08,-4.93383100871334e-09,-1.3020720375858663e-07,-2.8152820973200427e-08,1.337289547222104e-07,2.4855415537830233e-08
249.0,3.022396732887955e-08,-5.087240005710296e-09,-1.3046487847001575e-07,-2.8451664465104456e-08,1.339200235786014e-07,2.511356621755037e-08
250.0,2.9926858574613746e-08,-5.23997081870109e-09,-1.3074186195130566e-07,-2.874470019356768e-08,1.3412326916176478e-07,2.5366628397598902e-08
251.0,2.9796949047034005e-08,-5.391964931230912e-09,-1.310853864379402e-07,-2.903188919471858e-08,1.344293000431664e-07,2.5614561112989335e-08
252.0,2.9884733382390394e-08,-5.543162391695998e-09,-1.315038865162821e-07,-2.931319435269082e-08,1.3485684802123975e-07,2.5857325384790384e-08
253.0,2.995475018030547e-08,-5.693501813587786e-09,-1.3193858870025332e-07,-2.9588580397288197e-08,1.3529626102216989e-07,2.609488423637803e-08
254.0,2.985428024238068e-08,-5.8429203835361164e-09,-1.3230142584946813e-07,-2.9858013898110486e-08,1.3562796662411819e-07,2.632720270461287e-08
255.0,2.9617460317599154e-08,-5.991353877393437e-09,-1.3255857912036761e-07,-3.012146325504122e-08,1.358269886807306e-07,2.655424784577552e-08
256.0,2.9340079671369423e-08,-6.1387366845515054e-09,-1.3279628536047583e-07,-3.037889868502352e-08,1.3599887382130497e-07,2.677598873612799e-08
257.0,2.906877696884358e-08,-6.28500184061877e-09,-1.3310248250797407e-07,-3.063029220508192e-08,1.3623973225256248e-07,2.6992396467013533e-08
258.0,2.8879383190405505e-08,-6.430081068516361e-09,-1.3341767013744232e-07,-3.087561761158434e-08,1.365074850634999e-07,2.7203444134457972e-08
259.0,2.8839808957625834e-08,-6.573904827981697e-09,-1.3365012058869086e-07,-3.1114850455775905e-08,1.3672632999566675e-07,2.7409106823286397e-08
260.0,2.8731058088204975e-08,-6.716402373405852e-09,-1.338077605661514e-07,-3.1347968015652534e-08,1.3685755546039946e-07,2.7609361585818153e-08
261.0,2.842799332047896e-08,-6.857501819874112e-09,-1.3394275497763397e-07,-3.1574949264278095e-08,1.3692630286116575e-07,2.7804187415249355e-08
262.0,2.805110294046287e-08,-6.997130217225158e-09,-1.3408428817252016e-07,-3.179577483468166e-08,1.3698708227751943e-07,2.799356521387563e-08
263.0,2.7766377974636214e-08,-7.135213631891532e-09,-1.342771021560496e-07,-3.2010426981499736e-08,1.371178759653771e-07,2.8177477756346e-08
264.0,2.7629906779180757e-08,-7.271677236235004e-09,-1.345578742699416e-07,-3.2218889539547765e-08,1.373653277820558e-07,2.835590964816794e-08
265.0,2.7524177714788323e-08,-7.406445405050975e-09,-1.3488303002295865e-07,-3.2421147879514696e-08,1.376626752139069e-07,2.852884727970062e-08
266.0,2.730396442274241e-08,-7.539441818889247e-09,-1.3517143749794402e-07,-3.261718886097516e-08,1.379015010377297e-07,2.86962787758795e-08
267.0,2.7060999718830914e-08,-7.670589573822582e-09,-1.3540447584003967e-07,-3.280700078290998e-08,1.3808211246681612e-07,2.8858193941914747e-08
268.0,2.6912000322676377e-08,-7.799811297285557e-09,-1.356212689616887e-07,-3.299057333192224e-08,1.38265629699309e-07,2.9014584205203944e-08
269.0,2.688567538045028e-08,-7.927029269602064e-09,-1.3584989866713415e-07,-3.316789752833576e-08,1.38484780783065e-07,2.916544255369998e-08
270.0,2.691502232199383e-08,-8.052165550819842e-09,-1.3604780161463603e-07,-3.333896567036604e-08,1.386846161287141e-07,2.931076347097802e-08
271.0,2.6880439096821362e-08,-8.17514211247406e-09,-1.3619805843204102e-07,-3.3503771276559225e-08,1.388253187523644e-07,2.9450542868249977e-08
272.0,2.6777943057387787e-08,-8.295880973904555e-09,-1.3632875248484333e-07,-3.3662309026701016e-08,1.3893375035770962e-07,2.958477801358047e-08
273.0,2.6679386005978856e-08,-8.414304342748222e-09,-1.3649595720366392e-07,-3.3814574701402723e-08,1.3907888398531414e-07,2.9713467458564102e-08
274.0,2.6632420518923894e-08,-8.530334759215774e-09,-1.3672763679931088e-07,-3.396056512057492e-08,1.3929728097641055e-07,2.9836610962729435e-08
275.0,2.6577750750211848e-08,-8.643895243741593e-09,-1.3701423458994944e-07,-3.410027808099899e-08,1.3956818160028483e-07,2.995420941593873e-08
276.0,2.6486016851956506e-08,-8.754909447568238e-09,-1.3729080051289033e-07,-3.4233712293203606e-08,1.398222907627835e-07,3.006626475905471e-08
277.0,2.632729559359781e-08,-8.863301805794928e-09,-1.374866199568836e-07,-3.436086731784962e-08,1.3998463187236384e-07,3.017277990314845e-08
278.0,2.6053588425556384e-08,-8.968997692382456e-09,-1.375945409311241e-07,-3.4481743501826805e-08,1.400394485989397e-07,3.027375864752944e-08
279.0,2.574746207906209e-08,-9.071923576567152e-09,-1.3769276761485538e-07,-3.459634191427187e-08,1.400793705616616e-07,3.0369205596892856e-08
280.0,2.558289050047513e-08,-9.172007180097748e-09,-1.3783584040111263e-07,-3.470466428272897e-08,1.4018988260727054e-07,3.0459126077897956e-08
281.0,2.550750086149911e-08,-9.2691776346766e-09,-1.379798871652127e-07,-3.480671292968791e-08,1.4031778883065472e-07,3.054352605551196e-08
282.0,2.5371121536998942e-08,-9.363365638965549e-09,-1.3805446540463007e-07,-3.490249070974912e-08,1.4036641060525616e-07,3.06224120494716e-08
283.0,2.513651992108734e-08,-9.454503614507302e-09,-1.3804931434796552e-07,-3.499200094767486e-08,1.4031912850957498e-07,3.0695791051227304e-08
284.0,2.4877545079515784e-08,-9.542525859913138e-09,-1.3802667466270013e-07,-3.5075247377594196e-08,1.4025068687042572e-07,3.076367044174306e-08
285.0,2.4692136807447085e-08,-9.627368702674954e-09,-1.3807148932162838e-07,-3.515223408363185e-08,1.4026203258048923e-07,3.082605791052738e-08
286.0,2.4600797121632212e-08,-9.708970647974861e-09,-1.382178878989171e-07,-3.5222965442227e-08,1.4039011273682103e-07,3.088296137626455e-08
287.0,2.4582932411920666e-08,-9.787272523891174e-09,-1.3842735748989532e-07,-3.5287446066394545e-08,1.4059322127188188e-07,3.093438890939806e-08
288.0,2.456332900968583e-08,-9.862217622436125e-09,-1.3861317820981767e-07,-3.5345680752158244e-08,1.4077276123407093e-07,3.098034865699002e-08
289.0,2.4479568760948922e-08,-9.933751835905168e-09,-1.3872346441012873e-07,-3.539767442735763e-08,1.4086677700817278e-07,3.10208487701461e-08
290.0,2.4326842373856294e-08,-1.000182378806517e-08,-1.38769579095116e-07,-3.5443432103003296e-08,1.4088573860443828e-07,3.105589733426118e-08
291.0,2.421876030278547e-08,-1.0066384959755465e-08,-1.3881179252231424e-07,-3.5482958827332636e-08,1.4090870127093567e-07,3.108550230231167e-08
292.0,2.421307429556485e-08,-1.0127389808520836e-08,-1.388870871955883e-07,-3.551625964270026e-08,1.4098189939321108e-07,3.110967143139596e-08
293.0,2.4253653613248716e-08,-1.0184795881940858e-08,-1.389810975679917e-07,-3.554333954542242e-08,1.4108148423799304e-07,3.112841222270289e-08
294.0,2.4268080794920266e-08,-1.023856392436667e-08,-1.390458190878019e-07,-3.556420344867958e-08,1.4114772244448902e-07,3.114173186506639e-08
295.0,2.4219699829020058e-08,-1.0288657976822428e-08,-1.3906570568711363e-07,-3.5578856148565236e-08,1.4115900381506927e-07,3.11496371822417e-08
296.0,2.415440295000515e-08,-1.0335045469871618e-08,-1.3908902024573067e-07,-3.558730229335294e-08,1.4117078569870075e-07,3.1152134584016554e-08
297.0,2.4138204768320293e-08,-1.037769730928526e-08,-1.391676054500468e-07,-3.558954635603692e-08,1.4124544359425284e-07,3.114923002124942e-08
298.0,2.4187050862156667e-08,-1.0416587954380355e-08,-1.3928979431324096e-07,-3.558559261018567e-08,1.4137418515851302e-07,3.114092894490671e-08
299.0,2.4223080125063134e-08,-1.0451695488923835e-08,-1.3938879087072031e-07,-3.557544510913111e-08,1.414778874282007e-07,3.11272362691516e-08
300.0,2.4191843056575735e-08,-1.048300168452057e-08,-1.3942402136285503e-07,-3.5559107668500926e-08,1.415072542432502e-07,3.110815633851917e-08
301.0,2.4125623110382577e-08,-1.0510492056422455e-08,-1.3942257605717434e-07,-3.5536583852089084e-08,1.414945242929308e-07,3.108369289919878e-08
302.0,2.4087451533372217e-08,-1.0534155911708426e-08,-1.3942964910765299e-07,-3.5507876961052664e-08,1.414949906238938e-07,3.105384907443693e-08
303.0,2.4111244362190476e-08,-1.055398638979271e-08,-1.3945681462401716e-07,-3.547299002642056e-08,1.4152581124929384e-07,3.101862734407146e-08
304.0,2.4147099514371106e-08,-1.0569980495223105e-08,-1.394795941418725e-07,-3.543192580490018e-08,1.415543697557176e-07,3.0978029528209124e-08
305.0,2.4122648684121728e-08,-1.0582139122733668e-08,-1.3945139205537305e-07,-3.53846867779704e-08,1.4152241139027742e-07,3.093205677506178e-08
306.0,2.401708720789486e-08,-1.0590467074517089e-08,-1.393575891663057e-07,-3.533127515425164e-08,1.4141201552978612e-07,3.088070955296026e-08
307.0,2.388666173192e-08,-1.0594973069680356e-08,-1.3925057405772545e-07,-3.5271692875148016e-08,1.4128444707079847e-07,3.0823987646570495e-08
308.0,2.3821506767163214e-08,-1.0595669745844014e-08,-1.391945448313281e-07,-3.520594162375947e-08,1.4121821941753342e-07,3.0761890157341656e-08
309.0,2.386766490003467e-08,-1.0592573652843326e-08,-1.3921353067547493e-07,-3.51340228370629e-08,1.4124472574546544e-07,3.069441550821853e-08
310.0,2.3957993366963137e-08,-1.058570523849223e-08,-1.3926097634786583e-07,-3.5055937721357864e-08,1.4130677612744653e-07,3.0621561452647985e-08
311.0,2.399315543466507e-08,-1.0575088826378764e-08,-1.3925604461229035e-07,-3.49716872709651e-08,1.4130788183527555e-07,3.054332508790201e-08
312.0,2.3916868902018606e-08,-1.0560752585671164e-08,-1.391634286314336e-07,-3.4881272290157185e-08,1.4120367023038906e-07,3.045970287273048e-08
313.0,2.3786499214750734e-08,-1.0542728492923194e-08,-1.390285318154938e-07,-3.478469341829421e-08,1.4104868026204678e-07,3.03706906493499e-08
314.0,2.3702172113893027e-08,-1.0521052285874323e-08,-1.3891720804584673e-07,-3.4681951158133944e-08,1.40924744648233e-07,3.0276283669770855e-08
315.0,2.3722800807091105e-08,-1.0495763409247308e-08,-1.3885671554594858e-07,-3.457304590728439e-08,1.4086858674076842e-07,3.017647662646537e-08
316.0,2.3784286290462475e-08,-1.0466904952557115e-08,-1.3881454322822728e-07,-3.445797799276445e-08,1.4083738738704316e-07,3.00712636873716e-08
317.0,2.379999811119582e-08,-1.0434523579963397e-08,-1.387341873604342e-07,-3.433674770863205e-08,1.4076084204299498e-07,2.9960638535225524e-08
318.0,2.3752343286664868e-08,-1.039866945222278e-08,-1.3859844562660872e-07,-3.4209355356631466e-08,1.4061899922030305e-07,2.984459441119741e-08
319.0,2.3708143004341764e-08,-1.0359396140824365e-08,-1.3845276105803328e-07,-3.407580128980159e-08,1.404679432799782e-07,2.9723124162797755e-08
320.0,2.374066457311308e-08,-1.0316760534420003e-08,-1.3834684340491288e-07,-3.393608595897797e-08,1.4036904300620044e-07,2.9596220296003816e-08
321.0,2.383751213086427e-08,-1.0270822737690719e-08,-1.382721527797004e-07,-3.379020996211107e-08,1.4031184988774794e-07,2.9463875031542893e-08
322.0,2.3938552834446014e-08,-1.0221645962823173e-08,-1.3818665670767283e-07,-3.363817409631154e-08,1.4024480883031565e-07,2.9326080365251836e-08
323.0,2.3968724532918984e-08,-1.0169296413804898e-08,-1.3805880168596407e-07,-3.347997941251947e-08,1.4012398966165397e-07,2.918282813241266e-08
324.0,2.3949471184003812e-08,-1.0113843163781622e-08,-1.3789824607549073e-07,-3.331562727268074e-08,1.3996250726780377e-07,2.903411007594429e-08
325.0,2.395117773557054e-08,-1.005535802575216e-08,-1.3774495720084157e-07,-3.314511940929993e-08,1.3981177400055606e-07,2.8879917918311707e-08
326.0,2.400338841579419e-08,-9.993915416905973e-09,-1.376171575098728e-07,-3.296845798722717e-08,1.3969482702139196e-07,2.872024343699583e-08
327.0,2.4085999555945037e-08,-9.929592216937426e-09,-1.3748880901484628e-07,-3.2785645667524096e-08,1.3958262061922273e-07,2.855507854335045e-08
328.0,2.4150693528346423e-08,-9.862467620700949e-09,-1.3732694977702797e-07,-3.259668567324109e-08,1.3943438289375572e-07,2.8384415364653257e-08
329.0,2.4191998404532455e-08,-9.79262298560274e-09,-1.3713321705965953e-07,-3.2401581856924535e-08,1.3925075227063082e-07,2.8208246329139036e-08
330.0,2.4269426301959385e-08,-9.720141674156157e-09,-1.3694891128762654e-07,-3.2200338769659365e-08,1.3908274283998155e-07,2.8026564253782893e-08
331.0,2.4425103939407222e-08,-9.645108892157962e-09,-1.3681302918344684e-07,-3.199296173143862e-08,1.389762233506204e-07,2.7839362434581846e-08
332.0,2.4637467704868854e-08,-9.56761152297063e-09,-1.367222547711544e-07,-3.177945690263801e-08,1.389243670657416e-07,2.764663473906334e-08
333.0,2.4838060413978624e-08,-9.487737958420638e-09,-1.3663952039971727e-07,-3.155983135635929e-08,1.3887868007794862e-07,2.744837570072935e-08
334.0,2.498586859633889e-08,-9.40557792684149e-09,-1.3652198184443964e-07,-3.133409315139326e-08,1.3878957149673394e-07,2.724458061512703e-08
335.0,2.506901874976819e-08,-9.32122231879989e-09,-1.3635112101201274e-07,-3.1102251405543996e-08,1.3863651720347266e-07,2.703524563722433e-08
336.0,2.510916324860446e-08,-9.234763011041157e-09,-1.3614829050961896e-07,-3.086431636905365e-08,1.3844431042024323e-07,2.6820367879764956e-08
337.0,2.5173932438615765e-08,-9.146292689176431e-09,-1.3595398393184688e-07,-3.062029949787189e-08,1.3826500866584022e-07,2.6599945512282342e-08
338.0,2.530819642743154e-08,-9.055904669612299e-09,-1.357909945390312e-07,-3.037021352652584e-08,1.3812928365957982e-07,2.637397786046522e-08
339.0,2.5488448518462548e-08,-8.963692721196824e-09,-1.3561601393957678e-07,-3.0114072540362456e-08,1.3799044983163799e-07,2.6142465505585515e-08
340.0,2.5592568758669998e-08,-8.869750887026937e-09,-1.353712353047154e-07,-2.9851892046954e-08,1.377691943926213e-07,2.5905410383720746e-08
341.0,2.5587496843559876e-08,-8.77417330683029e-09,-1.350621980471256e-07,-2.9583689046479823e-08,1.3746460393876006e-07,2.5662815884527754e-08
342.0,2.557804748559711e-08,-8.677054040298657e-09,-1.3474526152149058e-07,-2.9309482100921513e-08,1.3715145648395555e-07,2.5414686949352256e-08
343.0,2.5597687303147154e-08,-8.578486891710086e-09,-1.3444889544744765e-07,-2.9029291401934483e-08,1.3686397291584228e-07,2.5161030168488306e-08
344.0,2.5619821875100257e-08,-8.478565236136255e-09,-1.3417924950992477e-07,-2.8743138837282863e-08,1.3660324400232416e-07,2.4901853877429753e-08
345.0,2.5641097162187876e-08,-8.377381847494071e-09,-1.3392256305311268e-07,-2.8451048055744105e-08,1.3635512002999997e-07,2.4637168251978393e-08
346.0,2.561821940694209e-08,-8.275028728669286e-09,-1.3364587091169167e-07,-2.8153044530403424e-08,1.3607906516921247e-07,2.4366985402089966e-08
347.0,2.5567518852076532e-08,-8.171596943916113e-09,-1.3333127583600723e-07,-2.7849155620267288e-08,1.3576055073661397e-07,2.4091319464348716e-08
348.0,2.5549257709478468e-08,-8.067176453720671e-09,-1.330164798654665e-07,-2.7539410630130687e-08,1.3544795489524898e-07,2.3810186692966375e-08
349.0,2.5648877882700205e-08,-7.961855952309005e-09,-1.327303240962474e-07,-2.722384086863589e-08,1.3518581238923166e-07,2.3523605549202196e-08
350.0,2.5806068504330426e-08,-7.855722707983263e-09,-1.3244465601330857e-07,-2.690247970446055e-08,1.3493531812736734e-07,2.3231596789096806e-08
351.0,2.5889358767905435e-08,-7.748862406482149e-09,-1.3212154006264631e-07,-2.6575362620570646e-08,1.3463417191017584e-07,2.2934183549404146e-08
352.0,2.5902086336904162e-08,-7.641358997581192e-09,-1.3176934630931836e-07,-2.6242527266468032e-08,1.3429102242290626e-07,2.2631391431592987e-08
353.0,2.5926210484028545e-08,-7.533294545170695e-09,-1.314187575394976e-07,-2.5904013508354327e-08,1.3395170108396313e-07,2.2323248583774016e-08
354.0,2.5996500452318827e-08,-7.424749081072487e-09,-1.3110574417773968e-07,-2.5559863477122632e-08,1.3365827393830258e-07,2.2009785780389924e-08
355.0,2.6152836146708935e-08,-7.315800462881122e-09,-1.3085910103433074e-07,-2.521012161407491e-08,1.3344690015893882e-07,2.1691036499484596e-08
356.0,2.637388854531686e-08,-7.206524236142889e-09,-1.3063188753284494e-07,-2.485483471424597e-08,1.3326767063843596e-07,2.136703699734204e-08
357.0,2.656885153551336e-08,-7.096993501216109e-09,-1.3036108120062506e-07,-2.4494051967196466e-08,1.3304102887347237e-07,2.1037826380257982e-08
358.0,2.6688499077387462e-08,-6.987278785185882e-09,-1.3003889308763061e-07,-2.412782499511898e-08,1.3274934914514623e-07,2.0703446673180156e-08
359.0,2.679561775242867e-08,-6.877447919230977e-09,-1.2970468604711627e-07,-2.3756207888087576e-08,1.3244361333531818e-07,2.036394288493152e-08
360.0,2.6966009536444346e-08,-6.767565921857198e-09,-1.2939549388218952e-07,-2.337925723627253e-08,1.3217548754339948e-07,2.0019363069715747e-08
361.0,2.720456476756894e-08,-6.657694888419992e-09,-1.2912121042513158e-07,-2.2997032158938315e-08,1.3195595979660776e-07,1.9669758384596166e-08
362.0,2.7420759940444128e-08,-6.547893887360191e-09,-1.2883582791237136e-07,-2.2609594330043117e-08,1.3172155719386874e-07,1.931518314263608e-08
363.0,2.752833419550349e-08,-6.438218863570815e-09,-1.2850396485103444e-07,-2.2217008000261348e-08,1.3141947407448876e-07,1.8955694861390036e-08
364.0,2.759080933167901e-08,-6.328722549298079e-09,-1.2813808345987776e-07,-2.1819340015257873e-08,1.3107486865279577e-07,1.8591354306443134e-08
365.0,2.770479426428274e-08,-6.2194543829552026e-09,-1.277788523497414e-07,-2.141665983005484e-08,1.3074781349239935e-07,1.822222552970973e-08
366.0,2.7864168417046642e-08,-6.110460436194492e-09,-1.2744146810073076e-07,-2.1009039519348817e-08,1.3045205890764282e-07,1.7848375902223923e-08
367.0,2.8034881804916978e-08,-6.001783349544502e-09,-1.271135318219041e-07,-2.059655378365614e-08,1.301683700829579e-07,1.7469876141179985e-08
368.0,2.8134699348036918e-08,-5.893462276877068e-09,-1.2674925483138755e-07,-2.0179279951187025e-08,1.2983425937600773e-07,1.7086800331009562e-08
369.0,2.8154386377821083e-08,-5.7855328389235425e-09,-1.263265795546642e-07,-1.975729797537357e-08,1.2942594088625563e-07,1.669922593831455e-08
370.0,2.8149924891085476e-08,-5.678027086010151e-09,-1.258659231249959e-07,-1.9330690428003816e-08,1.2897538088907173e-07,1.630723382050974e-08
371.0,2.8202497504015156e-08,-5.570973470129743e-09,-1.2541787462044818e-07,-1.889954248794292e-08,1.2854969521463069e-07,1.591090822806755e-08
372.0,2.8300801729885805e-08,-5.4643968264146125e-09,-1.2499442158392382e-07,-1.846394192545155e-08,1.281582646794735e-07,1.5510336800295478e-08
373.0,2.8373007526782956e-08,-5.358318364025911e-09,-1.2457157614123582e-07,-1.8023979082137787e-08,1.2776190801027743e-07,1.5105610554612588e-08
374.0,2.838425636197961e-08,-5.252755666431048e-09,-1.241288209267999e-07,-1.7579746846601286e-08,1.2733275381417042e-07,1.469682386932161e-08
375.0,2.8354818409903615e-08,-5.14772270100118e-09,-1.236812850677338e-07,-1.713134062584533e-08,1.2688993657128463e-07,1.4284074459898618e-08
376.0,2.836293119812261e-08,-5.0432298378254785e-09,-1.2325554817407824e-07,-1.667885831254607e-08,1.2647682009697255e-07,1.3867463348842472e-08
377.0,2.8485249770060506e-08,-4.939283877608658e-09,-1.2286107465078744e-07,-1.6222400248277665e-08,1.2611999492074639e-07,1.3447094829142724e-08
378.0,2.866201431750426e-08,-4.835888088494586e-09,-1.2248097226372212e-07,-1.5762069182798436e-08,1.2578990274025767e-07,1.302307642143638e-08
379.0,2.8761615367134397e-08,-4.73304225164235e-09,-1.2205890518104945e-07,-1.5297970229507448e-08,1.2540178169596875e-07,1.2595518824932398e-08
380.0,2.8766979659478054e-08,-4.630742715369356e-09,-1.2157672933665875e-07,-1.4830210817184188e-08,1.2493374337995322e-07,1.2164535862189627e-08
381.0,2.8738647045445376e-08,-4.52898245766548e-09,-1.2107587769871753e-07,-1.435890063812756e-08,1.2443985693706615e-07,1.173024441784103e-08
382.0,2.8782365019131007e-08,-4.427751156871313e-09,-1.206109139610667e-07,-1.388415159281479e-08,1.2399764958505597e-07,1.12927643713652e-08
383.0,2.891767020285485e-08,-4.32703527030395e-09,-1.201893524253872e-07,-1.3406077731203982e-08,1.2361922215575943e-07,1.0852218524013305e-08
384.0,2.9133838119754785e-08,-4.22681812060856e-09,-1.1979280923821167e-07,-1.2924795190804421e-08,1.2328462056870942e-07,1.0408732520003174e-08
385.0,2.9300956105871023e-08,-4.127079989613972e-09,-1.193884340104645e-07,-1.2440422131635559e-08,1.2293146140914953e-07,9.962434762091624e-09
386.0,2.9401044154830913e-08,-4.027798219472677e-09,-1.1895496331362776e-07,-1.1953078668190584e-08,1.22534504097176e-07,9.513456321633154e-09
387.0,2.9362931641685464e-08,-3.928947320865561e-09,-1.1848180141160736e-07,-1.1462886798515447e-08,1.2206604368264688e-07,9.061930843231527e-09
388.0,2.9299708464991525e-08,-3.830499088046246e-09,-1.1799167320275528e-07,-1.096997033051184e-08,1.2157511201442215e-07,8.607994444092508e-09
389.0,2.9347804270107858e-08,-3.732422720490795e-09,-1.1753861120858411e-07,-1.0474454805571881e-08,1.2114709546794448e-07,8.151785608191249e-09
390.0,2.9518568533948297e-08,-3.634684950910244e-09,-1.1712273652667027e-07,-9.976467419652916e-09,1.207852693824426e-07,7.693445075373946e-09
391.0,2.9730870793054365e-08,-3.5372501793808263e-09,-1.167081249940638e-07,-9.476136941900934e-09,1.2043550605092882e-07,7.233115725518163e-09
392.0,2.988685682270287e-08,-3.440080613350283e-09,-1.1622952410250686e-07,-8.973593630931136e-09,1.2001052655428174e-07,6.770942457879232e-09
393.0,2.991857700473943e-08,-3.3431364132844766e-09,-1.156949525106532e-07,-8.468969148874016e-09,1.195008087270995e-07,6.307072065753319e-09
394.0,2.9868497675167305e-08,-3.2463758437214858e-09,-1.1514430768577721e-07,-7.962396473297284e-09,1.18955196380017e-07,5.841653106593153e-09
395.0,2.986131825144511e-08,-3.1497554294980732e-09,-1.1461392663073e-07,-7.454009807116337e-09,1.1844007136703544e-07,5.374835767720492e-09
396.0,3.0014698615410396e-08,-3.0532301169084724e-09,-1.141151391888251e-07,-6.943944486607039e-09,1.1799638606778957e-07,4.906771727786114e-09
397.0,3.022155864451648e-08,-2.956753439552372e-09,-1.1365182896183601e-07,-6.4323368876309474e-09,1.1760136407913972e-07,4.437614014130894e-09
398.0,3.0378416365772765e-08,-2.8602776886307227e-09,-1.1322692961349134e-07,-5.91932433017418e-09,1.1723133442297231e-07,3.967516856197413e-09
399.0,3.048607569167139e-08,-2.763754087452356e-09,-1.1283541637846506e-07,-5.40504498128736e-09,1.168812730953077e-07,3.4966355351326662e-09
400.0,3.063733108876754e-08,-2.667132969916803e-09,-1.1250043676150345e-07,-4.889637756498128e-09,1.1659757427910667e-07,3.025126229711869e-09
401.0,3.091997080595377e-08,-2.5703639627351154e-09,-1.1218187549386083e-07,-4.373242219753109e-09,1.1636501958905487e-07,2.5531458587056218e-09
402.0,3.1197438882246686e-08,-2.4733961711394995e-09,-1.1180931701326724e-07,-3.855998481937144e-09,1.160801600782184e-07,2.080851919812719e-09
403.0,3.1306845477141465e-08,-2.3761783678130816e-09,-1.1132440026415114e-07,-3.3380470980175342e-09,1.1564272855611176e-07,1.6084023252913808e-09
404.0,3.125840922213463e-08,-2.278659184741057e-09,-1.1075177120539736e-07,-2.8195289628728537e-09,1.1507842096688292e-07,1.1359552344467852e-09
405.0,3.120917707599702e-08,-2.180787307642532e-09,-1.1019935866954378e-07,-2.300585205888555e-09,1.1453345094311833e-07,6.636688831714609e-10
406.0,3.131663112165839e-08,-2.0825116725909806e-09,-1.0972793670557812e-07,-1.7813570844316858e-09,1.1410938383180141e-07,1.9170141078362288e-10
407.0,3.156323094555269e-08,-1.983781664377081e-09,-1.0928737078155781e-07,-1.2619858763488868e-09,1.1375397557917698e-07,-2.7978931554053055e-10
408.0,3.1790566623612904e-08,-1.884547316116554e-09,-1.0880617957315097e-07,-7.426127716613541e-10,1.133553035351904e-07,-7.506458783970525e-10
409.0,3.182338945140195e-08,-1.7847595095583576e-09,-1.0830846819062656e-07,-2.2337876365625615e-10,1.1288690091403682e-07,-1.2207114894599063e-09
410.0,3.162828687841568e-08,-1.6843701755008766e-09,-1.078073662286183e-07,2.955754604015639e-10,1.1235113147634425e-07,-1.6898301700331682e-09
411.0,3.149633642784977e-08,-1.5833324936722533e-09,-1.0729790686850316e-07,8.141096286897918e-10,1.1182513146309408e-07,-2.1578469323784757e-09
412.0,3.1605782491173073e-08,-1.4816010913784088e-09,-1.067956072985099e-07,1.332083994109662e-09,1.1137426644039853e-07,-2.6246079613038965e-09
413.0,3.1748123935360084e-08,-1.3791322401762594e-09,-1.063076980820088e-07,1.849359443134287e-09,1.1094714978272547e-07,-3.089960795461454e-09
414.0,3.1840393849291715e-08,-1.2758840497968705e-09,-1.0581709080151325e-07,2.365797603911179e-09,1.1050369851807546e-07,-3.553754507767371e-09
415.0,3.18087570450043e-08,-1.1718166585239754e-09,-1.0524461308003552e-07,2.8812609532887286e-09,1.0994646700605934e-07,-4.015839884332767e-09
416.0,3.161831971243423e-08,-1.0668924192225332e-09,-1.0460851549570771e-07,3.395612922422428e-09,1.0928247643448344e-07,-4.476069601271574e-09
417.0,3.1534796329779624e-08,-9.610760802068846e-10,-1.0402145394008966e-07,3.908718000606343e-09,1.0869639487752515e-07,-4.934298398736897e-09
418.0,3.1664238148154666e-08,-8.543349601404367e-10,-1.0354386386149383e-07,4.420441836971297e-09,1.0827721699817845e-07,-5.390383251530001e-09
419.0,3.186152636169837e-08,-7.466391161742008e-10,-1.0312942068033126e-07,4.9306513396959155e-09,1.0793903034564438e-07,-5.84418353563102e-09
420.0,3.1967514885211656e-08,-6.379615045624522e-10,-1.0267625708340611e-07,5.439214772391423e-09,1.075376016870096e-07,-6.295561190020587e-09
421.0,3.193109313071041e-08,-5.282781330372851e-10,-1.0217085626151867e-07,5.946001847344407e-09,1.0704428325573491e-07,-6.7443808731929504e-09
422.0,3.193540765167313e-08,-4.1756820427345377e-10,-1.0170350253982385e-07,6.450883815328428e-09,1.0659959048113881e-07,-7.190510113798591e-09
423.0,3.2109561343141024e-08,-3.0581424982664974e-10,-1.0130753768863854e-07,6.953733551723564e-09,1.0627436719258249e-07,-7.633819454893917e-09
424.0,3.232889414506168e-08,-1.9300225398276748e-10,-1.0092056542537753e-07,7.454425638710544e-09,1.0597225071885804e-07,-8.074182591315785e-09
425.0,3.2539802685693786e-08,-7.912176701433817e-11,-1.0049641325018954e-07,7.952836443333262e-09,1.0563317582547993e-07,-8.51147649974013e-09
426.0,3.262988346186546e-08,3.5833992598281485e-11,-1.0003256871449206e-07,8.448844191248882e-09,1.0521988451977363e-07,-8.94558156102497e-09
427.0,3.2674021960277244e-08,1.5186804736380435e-10,-9.952260979217975e-08,8.94232903600655e-09,1.047489454405492e-07,-9.376381674475752e-09
428.0,3.288751299068693e-08,2.6897958172351707e-10,-9.899919376291089e-08,9.433173123713848e-09,1.0431888072836564e-07,-9.803764363703648e-09
429.0,3.3103305929760296e-08,3.8716387502105064e-10,-9.853194559913958e-08,9.921260652965672e-09,1.0394408673431647e-07,-1.0227620873776585e-08
430.0,3.3251877418205567e-08,5.064122467328459e-10,-9.819026992527458e-08,1.0406477929926244e-08,1.036678178599012e-07,-1.0647846259391887e-08
431.0,3.3457744075260365e-08,6.267120141520205e-10,-9.790625674424569e-08,1.088871341847365e-08,1.0346523932353211e-07,-1.1064339463829952e-08
432.0,3.3561950024685316e-08,7.480464626818387e-10,-9.762546384142756e-08,1.1367857785336624e-08,1.0323340389483123e-07,-1.147700338847968e-08
433.0,3.369476325731924e-08,8.703948288655116e-10,-9.724093322921457e-08,1.1843803940171784e-08,1.0291324582508977e-07,-1.188574495275384e-08
434.0,3.3852743441809e-08,9.937322962567434e-10,-9.673693296755048e-08,1.2316447070540563e-08,1.0248923084161232e-07,-1.2290475144231166e-08
435.0,3.388711361518304e-08,1.118030004218732e-09,-9.619318545178723e-08,1.2785684671745543e-08,1.019875747163852e-07,-1.2691109058869176e-08
436.0,3.3973152013810903e-08,1.243255069726572e-09,-9.567269409344048e-08,1.3251416571476777e-08,1.015255605887037e-07,-1.3087565931129033e-08
437.0,3.404177917332163e-08,1.3693706222373053e-09,-9.524251839976294e-08,1.3713544949205692e-08,1.0114336379819675e-07,-1.347976915384691e-08
438.0,3.40007719479285e-08,1.4963358516809672e-09,-9.486042476178347e-08,1.417197435025285e-08,1.0076980043168203e-07,-1.3867646287681632e-08
439.0,3.400148537724412e-08,1.6241060696127216e-09,-9.438632109226575e-08,1.4626611694450643e-08,1.0032386863150382e-07,-1.4251129059970725e-08
440.0,3.4052400260664584e-08,1.7526327835478136e-09,-9.38329318932174e-08,1.5077366279322608e-08,9.982076472953753e-08,-1.463015335283646e-08
441.0,3.410203353038099e-08,1.88186378447497e-09,-9.33157512511551e-08,1.5524149777705718e-08,9.935178972960016e-08,-1.500465918040038e-08
442.0,3.412716173545327e-08,2.011743247508324e-09,-9.289854733737779e-08,1.5966876229750868e-08,9.896869841274466e-08,-1.537459065498846e-08
443.0,3.4134438386956845e-08,2.142211845592387e-09,-9.252777108392785e-08,1.640546202925143e-08,9.862326452593581e-08,-1.573989594224252e-08
444.0,3.4221940059531164e-08,2.27320687611997e-09,-9.21428978603589e-08,1.6839825904271812e-08,9.829269966555337e-08,-1.6100527205096982e-08
445.0,3.4231996487443794e-08,2.4046624002599293e-09,-9.166560981099803e-08,1.726988889207705e-08,9.784893257229995e-08,-1.64564405366337e-08
446.0,3.4182402963711667e-08,2.5365093947204575e-09,-9.112021805146586e-08,1.769557430839786e-08,9.732076248221779e-08,-1.6807595881887953e-08
447.0,3.4248158947702834e-08,2.668675915594389e-09,-9.064905113348454e-08,1.811680771110083e-08,9.690297654204546e-08,-1.7153956948744705e-08
448.0,3.445922952538538e-08,2.8010872738453835e-09,-9.030789549155371e-08,1.8533516858372677e-08,9.665895968608694e-08,-1.74954911081363e-08
449.0,3.4786889452353975e-08,2.9336662218978613e-09,-9.009454279146345e-08,1.8945631661572176e-08,9.657719357370628e-08,-1.7832169283834128e-08
450.0,3.514338089982694e-08,3.0663331506915725e-09,-8.985733340391433e-08,1.9353084132955395e-08,9.64852195288612e-08,-1.8163965832216708e-08
451.0,3.54863367024727e-08,3.199006296459888e-09,-8.947821164909109e-08,1.9755808328535e-08,9.625814486307536e-08,-1.849085841249022e-08
452.0,3.565534023586281e-08,3.3316019563984573e-09,-8.903450541067337e-08,2.015374028638658e-08,9.590853163852715e-08,-1.8812827847925054e-08
453.0,3.576755372436402e-08,3.4640347123155844e-09,-8.867949505969586e-08,2.0546817960760117e-08,9.56209743909143e-08,-1.9129857978746892e-08
454.0,3.600432602057779e-08,3.5962176613009733e-09,-8.848149108536818e-08,2.0934981152392188e-08,9.552636158090678e-08,-1.9441935507381744e-08
455.0,3.6337790776386214e-08,3.728062652413309e-09,-8.842212088217005e-08,2.1318171435447787e-08,9.559762810765501e-08,-1.9749049836804164e-08
456.0,3.680542023931643e-08,3.8594805283656546e-09,-8.838657602344702e-08,2.1696332081550517e-08,9.574354171504866e-08,-2.0051192902779928e-08
457.0,3.722755856361282e-08,3.990381371179594e-09,-8.826896515795601e-08,2.206940798138238e-08,9.579823237755316e-08,-2.0348359000823842e-08
458.0,3.739348861109271e-08,4.120674750788347e-09,-8.802776106653365e-08,2.2437345564340888e-08,9.564078475679012e-08,-2.0640544608702473e-08
459.0,3.736735687542847e-08,4.2502699756015824e-09,-8.763643570552926e-08,2.2800092716725758e-08,9.527047928411506e-08,-2.0927748205290445e-08
460.0,3.7301862515493056e-08,4.379076344102988e-09,-8.721526558591597e-08,2.3157598698887443e-08,9.485742721762279e-08,-2.1209970086536032e-08
461.0,3.732950912271882e-08,4.5070033966308624e-09,-8.685196975152798e-08,2.3509814061710874e-08,9.453442177886041e-08,-2.1487212179212773e-08
462.0,3.73598257052965e-08,4.633961166580711e-09,-8.636198535125206e-08,2.3856690562738905e-08,9.409648819451239e-08,-2.1759477853042057e-08
463.0,3.7245548423214814e-08,4.759860430355591e-09,-8.560636642618302e-08,2.4198181082169717e-08,9.335781086786449e-08,-2.20267717316793e-08
464.0,3.693720096453745e-08,4.8846129554677626e-09,-8.48364378365496e-08,2.4534239538899858e-08,9.252879551733811e-08,-2.2289099502973955e-08
465.0,3.664477130072008e-08,5.008131746260141e-09,-8.437212371467662e-08,2.4864820806735884e-08,9.198638227371905e-08,-2.2546467728849314e-08
466.0,3.6667543279467196e-08,5.130331286763941e-09,-8.428317551170683e-08,2.518988063087308e-08,9.191388580888514e-08,-2.2798883655112447e-08
467.0,3.695323380625837e-08,5.251127780233187e-09,-8.442388518825616e-08,2.550937554474487e-08,9.215711518390674e-08,-2.3046355021505072e-08
468.0,3.7232371075113235e-08,5.370439384893908e-09,-8.44721393770953e-08,2.582326278737779e-08,9.231355147982523e-08,-2.3288889872341705e-08
469.0,3.725579281188551e-08,5.488186445420375e-09,-8.413909345292292e-08,2.6131500221429095e-08,9.201837395391117e-08,-2.352649636813528e-08
470.0,3.69770670749503e-08,5.604291719614695e-09,-8.342705527450422e-08,2.6434046252117717e-08,9.125446313052615e-08,-2.3759182598661268e-08
471.0,3.6612332471319675e-08,5.718680599729828e-09,-8.266547603386076e-08,2.6730859747275023e-08,9.041041874084677e-08,-2.3986956397944636e-08
472.0,3.6548068821362634e-08,5.831281327839859e-09,-8.222519755698987e-08,2.7021899958744102e-08,8.998191178151902e-08,-2.4209825161675938e-08
473.0,3.695163375283528e-08,5.9420252046152635e-09,-8.215949956133506e-08,2.730712644536396e-08,9.008666163851722e-08,-2.442779566759253e-08
474.0,3.7579048567382145e-08,6.05084679079483e-09,-8.224767293618651e-08,2.7586498997803766e-08,9.042601724419567e-08,-2.464087389941866e-08
475.0,3.806514459192556e-08,6.157684100560907e-09,-8.225358746893896e-08,2.7859977565565744e-08,9.063447403893616e-08,-2.4849064875045373e-08
476.0,3.824981414934925e-08,6.262478785936222e-09,-8.207797327908217e-08,2.8127522186540827e-08,9.055297885802258e-08,-2.5052372479731037e-08
477.0,3.822379218698657e-08,6.365176311249901e-09,-8.179233266375485e-08,2.8389092919561758e-08,9.028313226584618e-08,-2.5250799305190892e-08
478.0,3.827672120926273e-08,6.465726116680688e-09,-8.158159995122483e-08,2.86446497804419e-08,9.011473152117421e-08,-2.5444346495503e-08
479.0,3.861460065590627e-08,6.564081769875608e-09,-8.156463509462197e-08,2.8894152682013498e-08,9.02434323479219e-08,-2.5633013600788276e-08
480.0,3.911717816329485e-08,6.660201104652141e-09,-8.16787014204512e-08,2.9137561378692613e-08,9.056248612527247e-08,-2.5816798439632742e-08
481.0,3.9572874921400825e-08,6.754046345813426e-09,-8.177837096043361e-08,2.937483541610254e-08,9.084995534664354e-08,-2.5995696971217674e-08
482.0,3.9862446149507846e-08,6.84558421914135e-09,-8.178877766371051e-08,2.960593408628107e-08,9.098581628334321e-08,-2.6169703178104595e-08
483.0,4.004898432330428e-08,6.934786045690665e-09,-8.177058105282575e-08,2.9830816388972013e-08,9.105135403191441e-08,-2.6338808960576304e-08
484.0,4.024452948669932e-08,7.021627819596821e-09,-8.174587328574345e-08,3.004944099945142e-08,9.111536617308101e-08,-2.65030040433532e-08
485.0,4.035326756079982e-08,7.106090268731918e-09,-8.1536557894335e-08,3.026176624326242e-08,9.097580159630221e-08,-2.6662275895383986e-08
486.0,4.0128119799254236e-08,7.1881588976910475e-09,-8.09337658592979e-08,3.0467750078132336e-08,9.033570974310743e-08,-2.6816609663256224e-08
487.0,3.9553576747231034e-08,7.267824012756929e-09,-8.003297206904403e-08,3.0667350083228873e-08,8.927352380019217e-08,-2.696598811859624e-08
488.0,3.89308253134768e-08,7.3450807286624235e-09,-7.920862706012333e-08,3.08605234557916e-08,8.825879990311531e-08,-2.7110391619644774e-08
489.0,3.86489993065009e-08,7.419928957132622e-09,-7.881179069427202e-08,3.10472270150694e-08,8.777837717702264e-08,-2.7249798087029467e-08
490.0,3.885587465668472e-08,7.492373377321257e-09,-7.891763900008675e-08,3.122741721342488e-08,8.79646107288835e-08,-2.7384182993634734e-08
491.0,3.935414380484836e-08,7.562423388346022e-09,-7.928368304238598e-08,3.140105015444596e-08,8.851356410956575e-08,-2.751351936841128e-08
492.0,3.971744261255239e-08,7.63009304417489e-09,-7.952864254645586e-08,3.156808161792574e-08,8.889477056027167e-08,-2.763777781396561e-08
493.0,3.966746237038521e-08,7.69540097113811e-09,-7.945098027400954e-08,3.1728467091613315e-08,8.880296074685223e-08,-2.775692653779651e-08
494.0,3.936673936832946e-08,7.7583702683625e-09,-7.917503905274792e-08,3.1882161809671756e-08,8.842186933953691e-08,-2.787093139706589e-08
495.0,3.9237358862020955e-08,7.819028391460415e-09,-7.900879557196094e-08,3.2029120797790416e-08,8.821541876678323e-08,-2.7979755956784397e-08
496.0,3.95083100679372e-08,7.877407019853575e-09,-7.908705769096858e-08,3.2169298924885695e-08,8.840627386469164e-08,-2.8083361561258682e-08
497.0,3.999881134642003e-08,7.933541908159877e-09,-7.924001379708279e-08,3.230265096129916e-08,8.8763081828474e-08,-2.8181707418602286e-08
498.0,4.0347640228866055e-08,7.987472722111286e-09,-7.919890896573856e-08,3.2429131643371734e-08,8.888419012063593e-08,-2.8274750698066245e-08
499.0,4.0320798533333146e-08,8.039242859508624e-09,-7.885761002524028e-08,3.2548695744239154e-08,8.85679933907194e-08,-2.8362446639897478e-08
500.0,4.0018382246875817e-08,8.08889925676772e-09,-7.837453592715593e-08,3.2661298150652935e-08,8.800022045116774e-08,-2.8444748677373105e-08
501.0,3.977035498148318e-08,8.136492181679128e-09,-7.802552573488164e-08,3.276689394558276e-08,8.757661675103612e-08,-2.852160857058412e-08
502.0,3.979305310264358e-08,8.182075013085049e-09,-7.798898565142265e-08,3.286543849631167e-08,8.755437715024658e-08,-2.859297655146342e-08
503.0,4.003625159176849e-08,8.225704008257495e-09,-7.821707829341884e-08,3.295688754770581e-08,8.786815565538062e-08,-2.865880147948915e-08
504.0,4.027651956395317e-08,8.267438058828785e-09,-7.851151683987978e-08,3.3041197320333016e-08,8.823976600538007e-08,-2.8719031007455495e-08
505.0,4.033818504223241e-08,8.307338436178643e-09,-7.871858568112011e-08,3.311832461311225e-08,8.845216167023411e-08,-2.8773611756684306e-08
506.0,4.028547309631314e-08,8.345468527230232e-09,-7.884347955761095e-08,3.31882269101845e-08,8.85393336960765e-08,-2.882248950103471e-08
507.0,4.0294624220615916e-08,8.381893561660393e-09,-7.895031060162205e-08,3.325086249168869e-08,8.86386387822672e-08,-2.8865609359036156e-08
508.0,4.0352049229808173e-08,8.416680331590048e-09,-7.895950897979231e-08,3.3306190548097095e-08,8.867294928767603e-08,-2.8902915993414508e-08
509.0,4.02394735032896e-08,8.449896904885573e-09,-7.86907595751174e-08,3.33541712977119e-08,8.83824126754349e-08,-2.893435381720269e-08
510.0,3.979962306943641e-08,8.481612333265935e-09,-7.810438664920816e-08,3.3394766106855814e-08,8.766016889282281e-08,-2.8959867205534887e-08
511.0,3.9206392993262895e-08,8.511896356468287e-09,-7.74379435262984e-08,3.3427937612214275e-08,8.679732915893412e-08,-2.8979400712127928e-08
512.0,3.882163004953476e-08,8.54081910376988e-09,-7.7040895492958e-08,3.345364984472084e-08,8.626945309934344e-08,-2.8992899289372314e-08
513.0,3.890514990723126e-08,8.568450794184306e-09,-7.710400324115185e-08,3.347186835434e-08,8.636340663218243e-08,-2.900030851091055e-08
514.0,3.9306164323349435e-08,8.594861436633583e-09,-7.750330408354267e-08,3.3482560335106564e-08,8.690072898244426e-08,-2.900157479559073e-08
515.0,3.965879738498934e-08,8.620120531341968e-09,-7.791678391377843e-08,3.348569474983036e-08,8.742908798271933e-08,-2.8996645631750267e-08
516.0,3.966846240377464e-08,8.644296773615352e-09,-7.809961192345449e-08,3.348124245395345e-08,8.759643995091283e-08,-2.8985469800890032e-08
517.0,3.940893447684779e-08,8.667457761082708e-09,-7.809279536571956e-08,3.3469176318130974e-08,8.747313190135947e-08,-2.8967997599911383e-08
518.0,3.924753463890873e-08,8.689669705399474e-09,-7.814112106679927e-08,3.3449471349176374e-08,8.744371776639258e-08,-2.894418106118348e-08
519.0,3.945682175432452e-08,8.710997149348729e-09,-7.84037007817151e-08,3.342210480906103e-08,8.77723252467499e-08,-2.8913974169779133e-08
520.0,3.994353006686602e-08,8.731502690215488e-09,-7.878922541476596e-08,3.338705633169148e-08,8.833587966201181e-08,-2.8877333077272514e-08
521.0,4.0362302333729616e-08,8.751246710245025e-09,-7.905461378576728e-08,3.3344308037209856e-08,8.876230850139163e-08,-2.8834216311539328e-08
522.0,4.0445983062742386e-08,8.77028711493235e-09,-7.904031891145524e-08,3.329384464357612e-08,8.87876655821978e-08,-2.8784584982038457e-08
523.0,4.025260236240058e-08,8.78867907983984e-09,-7.882768626385483e-08,3.323565357518899e-08,8.851031645327151e-08,-2.87284029800733e-08
524.0,4.006859496974435e-08,8.806474806614246e-09,-7.865122408218239e-08,3.3169725068285474e-08,8.826951541996302e-08,-2.8665637173525764e-08
525.0,4.01005160743928e-08,8.823723288870956e-09,-7.870082250477362e-08,3.3096052272834365e-08,8.83281996440577e-08,-2.859625759553361e-08
526.0,4.0295939141010706e-08,8.840470088620517e-09,-7.897140021431714e-08,3.301463135061942e-08,8.86580214253955e-08,-2.8520237626559055e-08
527.0,4.046875459740029e-08,8.856757123917702e-09,-7.93253309983033e-08,3.292546156920297e-08,8.90518289349241e-08,-2.8437554169287885e-08
528.0,4.048824575608734e-08,8.872622468413708e-09,-7.963876966915473e-08,3.282854539147016e-08,8.933997805474324e-08,-2.8348187815805013e-08
529.0,4.0424631503332975e-08,8.888100163492382e-09,-7.990089302689629e-08,3.272388856046954e-08,8.954498053311411e-08,-2.8252123006503734e-08
530.0,4.0412388185862014e-08,8.903220043677817e-09,-8.016460875670539e-08,3.261150017927414e-08,8.977486071278777e-08,-2.814934818018914e-08
531.0,4.044937648717273e-08,8.918007576014512e-09,-8.040044564838755e-08,3.249139278558254e-08,9.000213174508904e-08,-2.803985591482346e-08
532.0,4.034468192859464e-08,8.932483714139043e-09,-8.045654797256274e-08,3.236358242075814e-08,9.000527468754684e-08,-2.792364305833252e-08
533.0,3.992966846055879e-08,8.946664767779161e-09,-8.023403594986656e-08,3.222808869297087e-08,8.962075065616568e-08,-2.7800710848852323e-08
534.0,3.932431480446752e-08,8.96056228842883e-09,-7.985776526511779e-08,3.2084934834063706e-08,8.901496732561056e-08,-2.7671065023749898e-08
535.0,3.8843903316099215e-08,8.974182971949505e-09,-7.96132928228277e-08,3.193414774972704e-08,8.858400091960044e-08,-2.7534715916714754e-08
536.0,3.875370721551086e-08,8.987528578827488e-09,-7.970534720430633e-08,3.1775758062542407e-08,8.862726553326894e-08,-2.739167854220492e-08
537.0,3.900472131390664e-08,9.000595872761592e-09,-8.009804809347432e-08,3.160980014746591e-08,8.909021042269486e-08,-2.7241972666562428e-08
538.0,3.928344408099527e-08,9.013376578159286e-09,-8.056613328213946e-08,3.143631215936822e-08,8.963308993279291e-08,-2.7085622865195448e-08
539.0,3.932533534922733e-08,9.025857356991075e-09,-8.089714635672873e-08,3.125533605232449e-08,8.99490427352686e-08,-2.692265856534743e-08
540.0,3.9140390456493535e-08,9.038019805310891e-09,-8.107538397930658e-08,3.106691759043698e-08,9.002881790004116e-08,-2.6753114074114795e-08
541.0,3.8977443495014086e-08,9.049840469611295e-09,-8.127215036027313e-08,3.087110635006012e-08,9.013547318115028e-08,-2.6577028591511803e-08
542.0,3.9086007486144325e-08,9.061290883052718e-09,-8.16361875079219e-08,3.06679557133735e-08,9.051067943638205e-08,-2.6394446208504156e-08
543.0,3.9456299977258524e-08,9.072337621480966e-09,-8.213590697164763e-08,3.045752285331377e-08,9.112138509675193e-08,-2.6205415890044614e-08
544.0,3.9785480077103585e-08,9.082942379021491e-09,-8.259299055443647e-08,3.023986870993573e-08,9.167598657058913e-08,-2.6009991443249793e-08
545.0,3.983882190805588e-08,9.093062062914653e-09,-8.285796983947824e-08,3.001505795832447e-08,9.193788608044933e-08,-2.5808231470955926e-08
546.0,3.972402778940065e-08,9.102648907143228e-09,-8.29509004748874e-08,2.9783158968220916e-08,9.197200809707131e-08,-2.5600199310974582e-08
547.0,3.965421774276834e-08,9.111650604310667e-09,-8.302206445584548e-08,2.9544243755549036e-08,9.200608768609523e-08,-2.538596296143089e-08
548.0,3.977146637024198e-08,9.120010455156087e-09,-8.321599932747947e-08,2.9298387926047886e-08,9.223162191629481e-08,-2.516559499260897e-08
549.0,4.000065528808605e-08,9.127667535032421e-09,-8.356446056304034e-08,2.904567061122407e-08,9.264486760025194e-08,-2.493917244576411e-08
550.0,4.015232085707865e-08,9.13455687662051e-09,-8.400474090994314e-08,2.8786174396859046e-08,9.310749360581278e-08,-2.470677671939863e-08
551.0,4.016221052949298e-08,9.14060966810394e-09,-8.4470846956064e-08,2.8519985244333438e-08,9.353249242958354e-08,-2.4468493443541546e-08
552.0,4.011797077874135e-08,9.145753465991952e-09,-8.495129637936527e-08,2.8247192405062574e-08,9.394772129189033e-08,-2.422441234261449e-08
553.0,4.016451396471332e-08,9.149912421754737e-09,-8.54596119911899e-08,2.7967888328366235e-08,9.442739784462123e-08,-2.3974627087499345e-08
554.0,4.0296323222666075e-08,9.15300752142608e-09,-8.595444067963087e-08,2.768216856311263e-08,9.49313411777889e-08,-2.3719235137439736e-08
555.0,4.0344330487496194e-08,9.15495683732867e-09,-8.630897656639047e-08,2.7390131653477648e-08,9.527278960134449e-08,-2.3458337572406055e-08
556.0,4.014817725495057e-08,9.155675791085114e-09,-8.64147485478417e-08,2.709187902914356e-08,9.528580641145689e-08,-2.3192038916532413e-08
557.0,3.972633086379851e-08,9.1550774270923e-09,-8.632909095918073e-08,2.6787514890227775e-08,9.503101235774819e-08,-2.2920446953194157e-08
558.0,3.9286854935927096e-08,9.153072695656353e-09,-8.6256314306421e-08,2.6477146087189935e-08,9.478190084865711e-08,-2.2643672532244788e-08
559.0,3.9061338774626364e-08,9.149570745002046e-09,-8.638892199167025e-08,2.6160881995926033e-08,9.480946171004779e-08,-2.236182936988518e-08
560.0,3.9124757794661846e-08,9.14447922137231e-09,-8.675316026315882e-08,2.5838834388236708e-08,9.516752328465983e-08,-2.207503384161447e-08
561.0,3.9259019035675635e-08,9.137704576410454e-09,-8.722420172246892e-08,2.5511117297863328e-08,9.565214028847181e-08,-2.17834047687243e-08
562.0,3.922557484381528e-08,9.129152380970056e-09,-8.765615646874614e-08,2.517784688232019e-08,9.603253349100533e-08,-2.1487063198846185e-08
563.0,3.902559245205772e-08,9.118727644434432e-09,-8.801501042224325e-08,2.4839141280804846e-08,9.627896408801713e-08,-2.1186132181133685e-08
564.0,3.886515509421429e-08,9.106335138560879e-09,-8.839752567435522e-08,2.4495120468529784e-08,9.656408662564783e-08,-2.0880736536741183e-08
565.0,3.8889240855377594e-08,9.091879724800163e-09,-8.89041471101304e-08,2.414590610787823e-08,9.70377268266692e-08,-2.057100262533867e-08
566.0,3.9070620155845504e-08,9.075266683977754e-09,-8.95150295068814e-08,2.3791621396841365e-08,9.767012781285898e-08,-2.025705810847509e-08
567.0,3.928378070061633e-08,9.056402047156932e-09,-9.009852808966601e-08,2.343239091524351e-08,9.829018358950426e-08,-1.993903171067122e-08
568.0,3.9407077184749895e-08,9.035192926437594e-09,-9.05300292682043e-08,2.3068340469302123e-08,9.873501877017477e-08,-1.9617052979184284e-08
569.0,3.9360679715549907e-08,9.011547844386078e-09,-9.081198679150582e-08,2.2699596935097912e-08,9.897514866212997e-08,-1.9291252043432797e-08
570.0,3.927639283252127e-08,8.985377060748738e-09,-9.105154590016706e-08,2.2326288101543213e-08,9.916158048732764e-08,-1.8961759375096514e-08
571.0,3.932054828958975e-08,8.95659289507827e-09,-9.136636804074616e-08,2.1948542513437594e-08,9.946817946836586e-08,-1.8628705549913608e-08
572.0,3.9444843669134144e-08,8.925110043894024e-09,-9.179651366819641e-08,2.156648931519543e-08,9.991243973458861e-08,-1.8292221012193986e-08
573.0,3.9540572732699175e-08,8.89084589100093e-09,-9.233216424764379e-08,2.1180258095828994e-08,1.0044244843035112e-07,-1.7952435843062666e-08
574.0,3.960966069027627e-08,8.853720809604291e-09,-9.293026955597972e-08,2.0789978735776065e-08,1.0101960314585417e-07,-1.760947953344461e-08
575.0,3.966730544036068e-08,8.813658454881947e-09,-9.357345452654098e-08,2.0395781256170135e-08,1.016340814536615e-07,-1.726348076279907e-08
576.0,3.978159623940769e-08,8.770586045714663e-09,-9.424226025261939e-08,1.9997795671157616e-08,1.0229456983084538e-07,-1.6914567184599658e-08
577.0,3.995665157074946e-08,8.724434634331842e-09,-9.489185686176183e-08,1.95961518438618e-08,1.0296115045695328e-07,-1.6562865219528097e-08
578.0,3.999952591371425e-08,8.675139362703635e-09,-9.542164563364208e-08,1.919097934657111e-08,1.0346619026887123e-07,-1.6208499857298446e-08
579.0,3.977449206105099e-08,8.622639704602694e-09,-9.574498124539921e-08,1.8782407325685793e-08,1.0367792268557687e-07,-1.5851594467951284e-08
580.0,3.9384098593497896e-08,8.56687969236922e-09,-9.589468413784275e-08,1.837056437189276e-08,1.0366724491332348e-07,-1.54922706233537e-08
581.0,3.8993160728084675e-08,8.507808127537785e-09,-9.601705362738411e-08,1.7955578395958217e-08,1.0363272249077605e-07,-1.5130647929517752e-08
582.0,3.8796199169910395e-08,8.445378774613955e-09,-9.625207582353301e-08,1.753757651044291e-08,1.037767178627774e-07,-1.4766843870221064e-08
583.0,3.876840534711157e-08,8.379550537409952e-09,-9.665930682939416e-08,1.7116684917568225e-08,1.0414418298636229e-07,-1.4400973662295299e-08
584.0,3.874157891714525e-08,8.310287617452193e-09,-9.715645922156457e-08,1.669302880340386e-08,1.0459582929287827e-07,-1.4033150122855143e-08
585.0,3.8611672442678824e-08,8.237559654058656e-09,-9.762893402043282e-08,1.6266732238512067e-08,1.0498699922746029e-07,-1.3663483548674899e-08
586.0,3.832000777803657e-08,8.161341845756901e-09,-9.806572900949995e-08,1.583791808516554e-08,1.0528679975321438e-07,-1.3292081607875635e-08
587.0,3.802016607101777e-08,8.081615052781543e-09,-9.85126997719854e-08,1.540670791124773e-08,1.0559491012559793e-07,-1.2919049244053024e-08
588.0,3.7872866870403143e-08,7.998365880454896e-09,-9.903342839540086e-08,1.4973221910939464e-08,1.0602817542865796e-07,-1.2544488592947724e-08
589.0,3.785824687074779e-08,7.911586743313183e-09,-9.96227770451441e-08,1.4537578832291008e-08,1.06573657919361e-07,-1.21684989117347e-08
590.0,3.7849488321306524e-08,7.821275909888997e-09,-1.0019065013050499e-07,1.4099895911773421e-08,1.071015879422802e-07,-1.1791176520986063e-08
591.0,3.7802035418588176e-08,7.727437528098719e-09,-1.0065159101318999e-07,1.3660288815895037e-08,1.0751621577824743e-07,-1.1412614759341795e-08
592.0,3.769092238314897e-08,7.630081631216813e-09,-1.0100997002715495e-07,1.3218871589955947e-08,1.0781289197020597e-07,-1.1032903950899948e-08
593.0,3.756736083326828e-08,7.52922412445368e-09,-1.0133135438378238e-07,1.2775756613994005e-08,1.0807104136274746e-07,-1.065213138530893e-08
594.0,3.7494996302234185e-08,7.42488675219352e-09,-1.017047999221643e-07,1.2331054565952249e-08,1.083962226044433e-07,-1.0270381310510105e-08
595.0,3.741483634023268e-08,7.317097045993536e-09,-1.0218732891809079e-07,1.188487439207501e-08,1.088215060076843e-07,-9.88773493804416e-09
596.0,3.7399320085285126e-08,7.205888253494183e-09,-1.0275041605750657e-07,1.1437323284523994e-08,1.0934512857385241e-07,-9.504270460805126e-09
597.0,3.736936035614313e-08,7.09129924844126e-09,-1.0339010816234895e-07,1.0988506666198292e-08,1.0993627044451479e-07,-9.120063083103862e-09
598.0,3.7310011802293985e-08,6.9733744220758475e-09,-1.0408862276267694e-07,1.053852818274097e-08,1.1057340715252553e-07,-8.73518506288551e-09
599.0,3.744242879633042e-08,6.852163556209312e-09,-1.0477371493317067e-07,1.0087489701713257e-08,1.1126305233573985e-07,-8.349705765926036e-09
600.0,3.7439524924742784e-08,6.727721678370265e-09,-1.0544889271837943e-07,9.635491318908132e-09,1.1189810991309339e-07,-7.96369173180388e-09
601.0,3.735387965608794e-08,6.600108899490819e-09,-1.0602479463134307e-07,9.182631371751475e-09,1.1241249664507934e-07,-7.577206751396927e-09
602.0,3.715012761307257e-08,6.469390234693058e-09,-1.0642315194028806e-07,8.729006459697461e-09,1.1272097963810116e-07,-7.190311955588359e-09
603.0,3.677869561680147e-08,6.335635407843655e-09,-1.0669903558260807e-07,8.2747114714655e-09,1.1285989830551857e-07,-6.803065914777174e-09
604.0,3.6492429356105305e-08,6.198918640661689e-09,-1.0694354595289224e-07,7.819839618893316e-09,1.129983160108535e-07,-6.415524748686082e-09
605.0,3.6215514892523615e-08,6.059318427283962e-09,-1.0726953762058011e-07,7.36448247710359e-09,1.132180074911392e-07,-6.0277422458516355e-09
606.0,3.595573871972846e-08,5.916917295304782e-09,-1.0768852929526895e-07,6.908730030610678e-09,1.1353252612647786e-07,-5.639769992082297e-09
607.0,3.5646403578892816e-08,5.771801554406242e-09,-1.0815311008577355e-07,6.4526707249376335e-09,1.1387607874059747e-07,-5.251657507089366e-09
608.0,3.5257080394091034e-08,5.6240610337778475e-09,-1.0862482382328897e-07,5.99639152327538e-09,1.1420338904146395e-07,-4.863452388437683e-09
609.0,3.5052545810376756e-08,5.473788809590464e-09,-1.0906662995316396e-07,5.539977967693336e-09,1.1456094769653822e-07,-4.475200461925482e-09
610.0,3.4843996410405254e-08,5.321080923838755e-09,-1.095678374488096e-07,5.083514244399249e-09,1.1497484546220142e-07,-4.086945937481434e-09
611.0,3.4638815482601615e-08,5.16603609589826e-09,-1.1010031105221363e-07,4.627083252541466e-09,1.1542064820400168e-07,-3.6987315696577043e-09
612.0,3.4422595746042006e-08,5.008755428159249e-09,-1.1060809599824917e-07,4.1707666760465334e-09,1.1584069232464615e-07,-3.310598821797976e-09
613.0,3.4113156077708595e-08,4.849342107102631e-09,-1.1109069897666246e-07,3.714645057987285e-09,1.1621037310285834e-07,-2.922588032965973e-09
614.0,3.3928640869040905e-08,4.687901101176349e-09,-1.1152705017489217e-07,3.2587978769795235e-09,1.165737345714431e-07,-2.5347385867302845e-09
615.0,3.374535748057461e-08,4.524538856815266e-09,-1.119349468566011e-07,2.8033036251084748e-09,1.1691099811087872e-07,-2.147089080914526e-09
616.0,3.350608379637521e-08,4.359362993923199e-09,-1.123194035453079e-07,2.3482398868894017e-09,1.1721052027929678e-07,-1.7596774974378398e-09
617.0,3.324159675299754e-08,4.192482002102784e-09,-1.1270510799979427e-07,1.893683418772927e-09,1.1750508552370909e-07,-1.3725413713919167e-09
618.0,3.299356429731226e-08,4.024004938878195e-09,-1.1314620956132115e-07,1.4397102287171237e-09,1.178585593969962e-07,-9.857179585294811e-10
619.0,3.287140337704386e-08,3.854041131107976e-09,-1.1365536428664669e-07,9.863956553680457e-10,1.1831344383081195e-07,-5.992444003773857e-10
620.0,3.2668474148067617e-08,3.682699880730303e-09,-1.142603670185871e-07,5.33814446418832e-10,1.1883880121570224e-07,-2.1315788623632824e-10
621.0,3.2667754806814386e-08,3.510090175921268e-09,-1.1493639660159483e-07,8.204083575322938e-11,1.1948873364412748e-07,1.725041886132518e-10
622.0,3.2736767852092896e-08,3.336320408680456e-09,-1.1561820660935251e-07,-3.6885138098140427e-10,1.2016349557567285e-07,5.577040691176692e-10
623.0,3.271955342776245e-08,3.161498099791782e-09,-1.1624171089921753e-07,-8.187887726912006e-10,1.2075886936076153e-07,9.424034916292811e-10
624.0,3.275931867441351e-08,2.985729632047391e-09,-1.167915673894182e-07,-1.2676982013367569e-09,1.2129898257318068e-07,1.3265635405718003e-09
625.0,3.249399438409739e-08,2.8091199925748177e-09,-1.1724087963307928e-07,-1.7155067529002849e-09,1.2166052575988622e-07,1.7101445110754453e-09
626.0,3.2049211617923845e-08,2.6317725250764702e-09,-1.175622761154238e-07,-2.1621416711051405e-09,1.2185253682533496e-07,2.0931057780554393e-09
627.0,3.1653280690990826e-08,2.453788692774542e-09,-1.178687429638503e-07,-2.6075302941891357e-09,1.220449537931858e-07,2.4754056722126235e-09
628.0,3.1454170851263896e-08,2.2752678528460856e-09,-1.1822376184966732e-07,-3.0515999950531883e-09,1.2233651429490442e-07,2.857001363446855e-09
629.0,3.14438611259682e-08,2.0963070431212277e-09,-1.1864457060903333e-07,-3.4942781251233437e-09,1.2274058227624256e-07,3.2378487521819738e-09
630.0,3.1262512550922494e-08,1.917000781794724e-09,-1.1913143195194098e-07,-3.935491962271015e-09,1.23165103701968e-07,3.617902369096937e-09
631.0,3.084859220847669e-08,1.737440880867271e-09,-1.1961696680384826e-07,-4.375168663130628e-09,1.2353078316192213e-07,3.9971152837391045e-09
632.0,3.0432756287224194e-08,1.5577162739936288e-09,-1.2005811344389938e-07,-4.813235220137371e-09,1.238551704974233e-07,4.3754390224650984e-09
633.0,3.002439583066341e-08,1.3779128593729948e-09,-1.204853082338586e-07,-5.249618423584069e-09,1.2416993937827414e-07,4.752823496117339e-09
634.0,2.9804056000948265e-08,1.1981133582698676e-09,-1.2090034352124635e-07,-5.684244828969647e-09,1.245197768134164e-07,5.129216937802552e-09
635.0,2.9672530293956e-08,1.0183971896938098e-09,-1.2134342253569685e-07,-6.117040729882265e-09,1.24918714557597e-07,5.504565851091941e-09
636.0,2.939733742546302e-08,8.388403616902087e-10,-1.2179996191144515e-07,-6.547932136628951e-09,1.252973829309137e-07,5.878814968910143e-09
637.0,2.9207419288690417e-08,6.59515379603471e-10,-1.2221148247212876e-07,-6.976844760788716e-09,1.256531726202757e-07,6.251907223320974e-09
638.0,2.890280723089056e-08,4.804911715744791e-10,-1.2257322283895644e-07,-7.403704005827679e-09,1.2593477368445338e-07,6.6237837263538875e-09
639.0,2.8613696134716093e-08,3.018330314301701e-10,-1.2292225592611117e-07,-7.828434963872756e-09,1.262086550457386e-07,6.9943837619467714e-09
640.0,2.8500034443545985e-08,1.2360257901575824e-10,-1.2330954775666148e-07,-8.250962418694987e-09,1.2656024862189425e-07,7.363644789008533e-09
641.0,2.8377093536091635e-08,-5.414226209142249e-11,-1.238015361511302e-07,-8.671210854901789e-09,1.2701212458240233e-07,7.731502455526872e-09
642.0,2.8317051870008214e-08,-2.3134726966315434e-10,-1.2438815140403126e-07,-9.089104473279985e-09,1.2757063782987423e-07,8.097890623561478e-09
643.0,2.8344727398543768e-08,-4.079619109904668e-10,-1.2501298203224098e-07,-9.504567212166926e-09,1.2818607275320968e-07,8.462741404872352e-09
644.0,2.8289103420897632e-08,-5.839393145495814e-10,-1.2564346134336102e-07,-9.917522774661587e-09,1.2878879124636156e-07,8.825985206841786e-09
645.0,2.8242313876436498e-08,-7.592362256739036e-10,-1.262308405546031e-07,-1.0327894661426321e-08,1.293516656259856e-07,9.187550788264787e-09
646.0,2.8166179638633437e-08,-9.338129468305998e-10,-1.2676307353798322e-07,-1.0735606208780297e-08,1.2985457438316105e-07,9.547365324514098e-09
647.0,2.8100301363576108e-08,-1.1076332631712664e-09,-1.2725465691615367e-07,-1.114058063175199e-08,1.3032027717731334e-07,9.905354481536883e-09
648.0,2.8078286085087e-08,-1.2806643540791119e-09,-1.2769413677490848e-07,-1.1542741071741212e-08,1.3074472347351164e-07,1.0261442498112032e-08
649.0,2.793573661286075e-08,-1.4528766914709906e-09,-1.2807811891613063e-07,-1.194201064843925e-08,1.3108932040863446e-07,1.0615552275787757e-08
650.0,2.766464837766769e-08,-1.6242439256324538e-09,-1.2843343377005878e-07,-1.2338312515665174e-08,1.3137914476745565e-07,1.0967605475924494e-08
651.0,2.738734267149212e-08,-1.794742759369194e-09,-1.2877650552856057e-07,-1.2731569920792107e-08,1.3165657945865495e-07,1.1317522623283638e-08
652.0,2.71511328420182e-08,-1.9643528112518796e-09,-1.2913695572255857e-07,-1.3121706267455534e-08,1.3196036279085842e-07,1.1665223215622673e-08
653.0,2.6892515408993845e-08,-2.13305646871908e-09,-1.2952833763901772e-07,-1.3508645181251584e-08,1.3229058030166148e-07,1.2010625838777169e-08
654.0,2.6650344181478047e-08,-2.300838731790417e-09,-1.2993850920239858e-07,-1.3892310578144958e-08,1.3264334517318635e-07,1.2353648286725905e-08
655.0,2.6426741933649467e-08,-2.4676870481331324e-09,-1.3033800754305713e-07,-1.4272626735312496e-08,1.3299010827697572e-07,1.2694207686145566e-08
656.0,2.6104389594383548e-08,-2.6335911402211227e-09,-1.3069896135503578e-07,-1.4649518364150397e-08,1.3328037235609936e-07,1.3032220624966599e-08
657.0,2.582587221855448e-08,-2.7985428253263304e-09,-1.310444973263991e-07,-1.5022910685172365e-08,1.3356510006501596e-07,1.3367603284443425e-08
658.0,2.560447256994003e-08,-2.9625358290884943e-09,-1.3142442169614132e-07,-1.539272950452321e-08,1.338953607626119e-07,1.37002715742512e-08
659.0,2.535372911616207e-08,-3.1255655934214117e-09,-1.3182922850921153e-07,-1.5758901291828057e-08,1.3424513797314833e-07,1.4030141270117431e-08
660.0,2.5176915385838328e-08,-3.287629079533061e-09,-1.3218515345497783e-07,-1.6121353259090202e-08,1.3456147986055186e-07,1.4357128153489512e-08
661.0,2.505755067327975e-08,-3.448724566862529e-09,-1.3249610980245463e-07,-1.6480013440341427e-08,1.3484472536413168e-07,1.4681148152728244e-08
662.0,2.4840729362374248e-08,-3.608851448766897e-09,-1.3279467776100562e-07,-1.6834810771736818e-08,1.3509806910871837e-07,1.5002117485303866e-08
663.0,2.4592824499070076e-08,-3.768010025823421e-09,-1.3312060332185127e-07,-1.718567517177258e-08,1.3537319544731055e-07,1.531995280045526e-08
664.0,2.444066393714195e-08,-3.926201297644167e-09,-1.3351837936312339e-07,-1.7532537621288397e-08,1.3573689137976912e-07,1.5634571321754107e-08
665.0,2.439162269385342e-08,-4.0834267541306766e-09,-1.3400525704712618e-07,-1.7875330242894283e-08,1.3620704891416474e-07,1.5945890988992953e-08
666.0,2.437894591755807e-08,-4.239688167125321e-09,-1.345471079931826e-07,-1.82139863794364e-08,1.3673791454231104e-07,1.6253830598789544e-08
667.0,2.43949568878854e-08,-4.394987383442484e-09,-1.3507101685739098e-07,-1.854844067108974e-08,1.3725630592599885e-07,1.6558309943272984e-08
668.0,2.438881255284464e-08,-4.54932612028248e-09,-1.355486071649703e-07,-1.8878629130643322e-08,1.377252303759236e-07,1.685924994619614e-08
669.0,2.4360403305667688e-08,-4.70270576403882e-09,-1.359876970856433e-07,-1.9204489216532083e-08,1.3815239052535958e-07,1.715657279581001e-08
670.0,2.427873113663992e-08,-4.855127173500266e-09,-1.363907656051766e-07,-1.9525959903172163e-08,1.385348249645968e-07,1.7450202073844215e-08
671.0,2.413842128956567e-08,-5.006590488421209e-09,-1.3674205505062598e-07,-1.9842981748173993e-08,1.38856231411561e-07,1.7740062879964326e-08
672.0,2.395837969682013e-08,-5.157094944387761e-09,-1.3704946507167581e-07,-2.015549695603848e-08,1.3912785427127628e-07,1.80260819511197e-08
673.0,2.375321986325396e-08,-5.306638694845649e-09,-1.3733924687439614e-07,-2.0463449437982483e-08,1.393782055627723e-07,1.83081877752505e-08
674.0,2.353952724409858e-08,-5.4552186410837425e-09,-1.376260150634523e-07,-2.0766784867586725e-08,1.3962460157551483e-07,1.8586310698885632e-08
675.0,2.3367860729761603e-08,-5.602830270888597e-09,-1.379219720168412e-07,-2.1065450732008025e-08,1.3988755227002815e-07,1.8860383028229148e-08
676.0,2.3194647785773626e-08,-5.7494675065048756e-09,-1.3821492950150116e-07,-2.1359396378546227e-08,1.4014763081483407e-07,1.9130339123398224e-08
677.0,2.2957706902193564e-08,-5.895122562456296e-09,-1.385205524138955e-07,-2.1648573056401572e-08,1.4041011269583752e-07,1.9396115485538116e-08
678.0,2.2694579077109367e-08,-6.0397858137031065e-09,-1.3881107123123182e-07,-2.1932933953500373e-08,1.4065403448123798e-07,1.9657650836598352e-08
679.0,2.2467077781529454e-08,-6.183445674535456e-09,-1.3907515886840693e-07,-2.2212434228305965e-08,1.408782076771064e-07,1.9914886191609513e-08
680.0,2.2230662144462343e-08,-6.326088488528727e-09,-1.3932062643134957e-07,-2.248703103656828e-08,1.410830935605145e-07,2.016776492335163e-08
681.0,2.1931230720362294e-08,-6.4676984298187976e-09,-1.3956285561250725e-07,-2.2756683552999126e-08,1.412755093695553e-07,2.0416232819353446e-08
682.0,2.1613620226901276e-08,-6.608257415894314e-09,-1.3978930700486725e-07,-2.3021352987890948e-08,1.4145034086991004e-07,2.0660238131205398e-08
683.0,2.1361856311630234e-08,-6.7477450320506945e-09,-1.3999770857517357e-07,-2.3281002598723223e-08,1.4161810375576268e-07,2.0899731616207078e-08
684.0,2.114695715760284e-08,-6.886138467608561e-09,-1.4017514099462502e-07,-2.3535597696821683e-08,1.417612921424198e-07,2.113466657140067e-08
685.0,2.0962677343971947e-08,-7.023412463968862e-09,-1.4035254737240765e-07,-2.37851056491503e-08,1.419093774045655e-07,2.1364998860064264e-08
686.0,2.0777995851650743e-08,-7.159539274558369e-09,-1.405889099928559e-07,-2.4029495875322983e-08,1.4211603260923995e-07,2.1590686930751993e-08
687.0,2.0650022636292675e-08,-7.294488636710477e-09,-1.4092072696952895e-07,-2.4268739839920703e-08,1.4242568140788346e-07,2.181169182897087e-08
688.0,2.0642585751851072e-08,-7.428227755524585e-09,-1.4133305087024595e-07,-2.450281104019009e-08,1.428325859697781e-07,2.202797720157746e-08
689.0,2.0675980011430894e-08,-7.560721299749139e-09,-1.4174854839898998e-07,-2.473168498918383e-08,1.4324855015899427e-07,2.223950929396444e-08
690.0,2.0657880017704855e-08,-7.691931409734878e-09,-1.4211512664244474e-07,-2.4955339194386448e-08,1.4360869481832915e-07,2.244625694009251e-08
691.0,2.0567456793241234e-08,-7.821817717500687e-09,-1.4241243058432662e-07,-2.5173753131857376e-08,1.4388996026087954e-07,2.264819154541441e-08
692.0,2.045163249864146e-08,-7.950337378940025e-09,-1.4266765296921946e-07,-2.5386908215922113e-08,1.4412608534059726e-07,2.2845287062740524e-08
693.0,2.0374570669501324e-08,-8.077445118168517e-09,-1.429137371153355e-07,-2.5594787764452688e-08,1.4435878700736484e-07,2.3037519961111778e-08
694.0,2.036187499165898e-08,-8.203093283974324e-09,-1.4315757728214362e-07,-2.57973769597998e-08,1.4459840208822805e-07,2.322486918777341e-08
695.0,2.035651330833943e-08,-8.327231918284368e-09,-1.4339131851337505e-07,-2.5994662805466946e-08,1.448290642760519e-07,2.340731612337912e-08
696.0,2.0295982422480208e-08,-8.449808836503229e-09,-1.436024197852548e-07,-2.6186634078648654e-08,1.4502958963837055e-07,2.3584844530595737e-08
697.0,2.0156040669849773e-08,-8.570769719516617e-09,-1.4379777775117009e-07,-2.6373281278788842e-08,1.4520353598194345e-07,2.3757440496322135e-08
698.0,1.9980194193580658e-08,-8.690058217076857e-09,-1.4400424827934466e-07,-2.6554596572349862e-08,1.4538373940201267e-07,2.392509236778151e-08
699.0,1.9795635658459432e-08,-8.807616062204245e-09,-1.442233463350151e-07,-2.6730573734017556e-08,1.4557555021085164e-07,2.4087790682792755e-08
700.0,1.9598771550111138e-08,-8.923383196148852e-09,-1.444398335589958e-07,-2.6901208084601727e-08,1.457634294493096e-07,2.424552809457299e-08
701.0,1.934511603685074e-08,-9.037297903366722e-09,-1.446082704449625e-07,-2.7066496425924547e-08,1.4589648863342336e-07,2.439829929146907e-08
702.0,1.9034831461040014e-08,-9.149296955877192e-09,-1.4470767830190856e-07,-2.7226436973021943e-08,1.4595422901813725e-07,2.4546100912059805e-08
703.0,1.8692554448751508e-08,-9.259315766287561e-09,-1.4476040453154093e-07,-2.7381029284014797e-08,1.4596227701688856e-07,2.4688931456112947e-08
704.0,1.8356710235201135e-08,-9.367288548701623e-09,-1.4479492313479447e-07,-2.7530274188036547e-08,1.459538919531445e-07,2.4826791191919803e-08
705.0,1.80695155782562e-08,-9.473148486673595e-09,-1.4482480466260217e-07,-2.7674173711628602e-08,1.4594770103976876e-07,2.4959682060561606e-08
706.0,1.782542982664559e-08,-9.576827907332723e-09,-1.4484897186556323e-07,-2.7812731004030897e-08,1.459416684809907e-07,2.508760757768228e-08
707.0,1.7596322537949405e-08,-9.678258460788647e-09,-1.4488124484846043e-07,-2.7945950261798632e-08,1.4594589982489776e-07,2.5210572733347063e-08
708.0,1.738106794602068e-08,-9.777371303933564e-09,-1.4495237551925833e-07,-2.8073836653165513e-08,1.4599072810154852e-07,2.5328583890554642e-08
709.0,1.7216968933864152e-08,-9.874097287782092e-09,-1.4509721900021755e-07,-2.8196396242548116e-08,1.4611511551125276e-07,2.5441648682941093e-08
710.0,1.714803946062382e-08,-9.9683671475308e-09,-1.453274704847629e-07,-2.8313635915546118e-08,1.4633567212010456e-07,2.5549775912168426e-08
711.0,1.7159700965718727e-08,-1.0060111694573597e-08,-1.456130905262698e-07,-2.842556330474191e-08,1.466206925022677e-07,2.5652975445432115e-08
712.0,1.719098891017623e-08,-1.0149262009772293e-08,-1.4589450184412933e-07,-2.853218671654524e-08,1.4690383169970911e-07,2.5751258113455848e-08
713.0,1.7170700666868655e-08,-1.0235749637348974e-08,-1.4611719365703602e-07,-2.8633515059270334e-08,1.4712262655213497e-07,2.584463560927472e-08
714.0,1.7097446347591472e-08,-1.0319506778831946e-08,-1.4627599601718666e-07,-2.8729557772580886e-08,1.4727182243195328e-07,2.593312038804735e-08
715.0,1.7028025350862563e-08,-1.040046648654538e-08,-1.46407443595703e-07,-2.882032475839658e-08,1.4739434584670666e-07,2.6016725568087808e-08
716.0,1.702714516604864e-08,-1.0478562856182567e-08,-1.4655345766112493e-07,-2.8905826313324282e-08,1.4753928163352577e-07,2.609546483327061e-08
717.0,1.7075693081736176e-08,-1.055373121804464e-08,-1.4669998255403827e-07,-2.8986073062655853e-08,1.4769043359533068e-07,2.6169352336934685e-08
718.0,1.7131287805005613e-08,-1.0625908326562001e-08,-1.4682905372445654e-07,-2.9061075895959875e-08,1.4782507243183504e-07,2.623840260739204e-08
719.0,1.713169095474143e-08,-1.0695032547744247e-08,-1.4693551729505483e-07,-2.913084590428426e-08,1.479308658723193e-07,2.6302630455131775e-08
720.0,1.7103267302420733e-08,-1.076104404422401e-08,-1.4706327725738655e-07,-2.919539431898003e-08,1.4805448074982737e-07,2.6362050881799822e-08
721.0,1.7092754295289225e-08,-1.0823884957568617e-08,-1.472339193758776e-07,-2.925473245215342e-08,1.4822276904774635e-07,2.6416678991028863e-08
722.0,1.710377331431978e-08,-1.0883499587530842e-08,-1.47432048121926e-07,-2.9308871638753514e-08,1.4842084717118933e-07,2.646652990119211e-08
723.0,1.7095564519564732e-08,-1.0939834567897335e-08,-1.4761115630507193e-07,-2.935782318030689e-08,1.485978189340711e-07,2.651161866015857e-08
724.0,1.7028631810189765e-08,-1.0992839038572356e-08,-1.477140058950277e-07,-2.9401598290320614e-08,1.486923059168943e-07,2.6551960162138146e-08
725.0,1.6874440150749237e-08,-1.1042464813506324e-08,-1.477189899116993e-07,-2.9440208041392453e-08,1.486796782042991e-07,2.6587569066724227e-08
726.0,1.6675989034098393e-08,-1.1088666544044607e-08,-1.4766048931844078e-07,-2.9473663314093265e-08,1.4859915449297394e-07,2.661845972026954e-08
727.0,1.6508748229560055e-08,-1.113140187723502e-08,-1.4759189490703983e-07,-2.9501974747718817e-08,1.4851230996236539e-07,2.6644646079766202e-08
728.0,1.639253802143692e-08,-1.1170631608597159e-08,-1.4753421049076842e-07,-2.952515269304283e-08,1.4844210510471287e-07,2.6666141639437524e-08
729.0,1.6285636922352964e-08,-1.120631982882819e-08,-1.474884587827907e-07,-2.954320716723301e-08,1.483848625840576e-07,2.6682959360281062e-08
730.0,1.6155547094554024e-08,-1.1238434063900813e-08,-1.4745243774594297e-07,-2.955614781111366e-08,1.483348344090003e-07,2.6695111602824654e-08
731.0,1.6001292152401092e-08,-1.1266945408000913e-08,-1.4743639717429424e-07,-2.9563983848969113e-08,1.4830216641129264e-07,2.6702610063367622e-08
732.0,1.588028505916661e-08,-1.1291828648753371e-08,-1.4747039674481432e-07,-2.956672405108226e-08,1.4832296305573635e-07,2.670546571397791e-08
733.0,1.5830071115052746e-08,-1.1313062384194863e-08,-1.4755631116969425e-07,-2.9564376699192846e-08,1.4840301923315193e-07,2.6703688746504138e-08
734.0,1.5830250915671584e-08,-1.1330629130971596e-08,-1.476630695877723e-07,-2.9556949555043592e-08,1.485091881471864e-07,2.6697288520841767e-08
735.0,1.583864286947012e-08,-1.1344515423267877e-08,-1.4773035705156756e-07,-2.9544449832161852e-08,1.4857698678641405e-07,2.6686273517668294e-08
736.0,1.5803534869629488e-08,-1.1354711902005742e-08,-1.4773247773713916e-07,-2.9526884171004312e-08,1.485753569496971e-07,2.6670651295837462e-08
737.0,1.5739783643109462e-08,-1.1361213393893586e-08,-1.4768746066720628e-07,-2.95042586175755e-08,1.4852382579054277e-07,2.665042845460092e-08
738.0,1.570422750174494e-08,-1.136401897994007e-08,-1.4763901248077138e-07,-2.9476578605618854e-08,1.4847188544544024e-07,2.662561060080847e-08
739.0,1.573718602654317e-08,-1.1363132053087714e-08,-1.476196948950459e-07,-2.94438489424702e-08,1.4845616640928212e-07,2.6596202321224543e-08
740.0,1.5820457444082336e-08,-1.1358560364659175e-08,-1.4763240414536472e-07,-2.9406073798655384e-08,1.484776536300339e-07,2.656220716008507e-08
741.0,1.5890803062301728e-08,-1.1350316059348587e-08,-1.476547235763903e-07,-2.9363256701303538e-08,1.4850735677529613e-07,2.6523627602004057e-08
742.0,1.592533835359511e-08,-1.1338415698528713e-08,-1.47667866025325e-07,-2.93154005314353e-08,1.485241228156215e-07,2.6480465060321864e-08
743.0,1.592748194445548e-08,-1.1322880271679756e-08,-1.476803860173126e-07,-2.9262507525172074e-08,1.4853680047487697e-07,2.6432719870969667e-08
744.0,1.5951657800217234e-08,-1.1303735195774975e-08,-1.4771068761881834e-07,-2.9204579278900355e-08,1.4856952117914146e-07,2.6380391291908744e-08
745.0,1.601027974085234e-08,-1.1281010302481802e-08,-1.4774633966610495e-07,-2.914161675841617e-08,1.4861127124855775e-07,2.632347750819094e-08
746.0,1.6047635276184025e-08,-1.1254739813056092e-08,-1.4774728490998812e-07,-2.907362031206946e-08,1.486162400151162e-07,2.6261975642678962e-08
747.0,1.6011247910840964e-08,-1.1224962300822754e-08,-1.4766996096066132e-07,-2.9000589687928248e-08,1.4853544166220277e-07,2.619588177246259e-08
748.0,1.5894181526476814e-08,-1.1191720641148932e-08,-1.4751517572741957e-07,-2.8922524054987335e-08,1.4836897275471065e-07,2.612519095101003e-08
749.0,1.576278432779965e-08,-1.1155061948827146e-08,-1.4732816448759234e-07,-2.883942202845602e-08,1.4816900290225276e-07,2.6049897236101185e-08
750.0,1.5678977033362074e-08,-1.1115037502798027e-08,-1.471565257010754e-07,-2.8751281699170033e-08,1.4798943670824605e-07,2.596999372359863e-08
751.0,1.5650268192501926e-08,-1.1071702658159828e-08,-1.4701738886013782e-07,-2.8658100667180747e-08,1.4784804199498285e-07,2.588547258711714e-08
752.0,1.5626788224532007e-08,-1.102511674543897e-08,-1.4689840416998168e-07,-2.8559876079574973e-08,1.4772724074422314e-07,2.5796325123649558e-08
753.0,1.5532401226314718e-08,-1.0975342957134057e-08,-1.467809308298984e-07,-2.845660467256918e-08,1.4760046457632388e-07,2.570254180519249e-08
754.0,1.5437680050967018e-08,-1.0922448221594474e-08,-1.4668648393514894e-07,-2.8348282817902512e-08,1.4749659838319232e-07,2.5604112336390266e-08
755.0,1.540435906610682e-08,-1.0866503064352712e-08,-1.466310790808334e-07,-2.8234906573525735e-08,1.474380128414893e-07,2.550102571818161e-08
756.0,1.54849204014873e-08,-1.0807581457096364e-08,-1.4660595221843709e-07,-2.81164717385503e-08,1.474214637890801e-07,2.5393270317392832e-08
757.0,1.5597045627258055e-08,-1.0745760654541696e-08,-1.4656447152455732e-07,-2.7992973912385678e-08,1.473920355567815e-07,2.5280833942176882e-08
758.0,1.5697180888452067e-08,-1.0681121019554583e-08,-1.46468599412225e-07,-2.786440855795709e-08,1.4730733892655732e-07,2.5163703923151948e-08
759.0,1.575175875845325e-08,-1.0613745836952368e-08,-1.463065934133312e-07,-2.7730771068862126e-08,1.4715208860290878e-07,2.5041867200049863e-08
760.0,1.578738126339907e-08,-1.0543721116507324e-08,-1.46109267788741e-07,-2.759205684029514e-08,1.4695972081124118e-07,2.4915310413645014e-08
761.0,1.5858333313190087e-08,-1.0471135385755419e-08,-1.459333355442738e-07,-2.7448261343541796e-08,1.467924560682525e-07,2.4784020002698265e-08
762.0,1.600207424901079e-08,-1.0396079473292386e-08,-1.458164424969488e-07,-2.7299380203820298e-08,1.4669185827010588e-07,2.4647982305615656e-08
763.0,1.6180149137179356e-08,-1.0318646283313338e-08,-1.457492112104386e-07,-2.714540928121737e-08,1.4664456960476376e-07,2.4507183666484335e-08
764.0,1.6331568569727395e-08,-1.0238930562222255e-08,-1.456930881216234e-07,-2.698634475443519e-08,1.4660557990186742e-07,2.4361610545108038e-08
765.0,1.646320094139675e-08,-1.015702865820167e-08,-1.4563313819812573e-07,-2.6822183207030998e-08,1.4656073118905758e-07,2.4211249630622277e-08
766.0,1.6620205434136892e-08,-1.0073038274687914e-08,-1.4557841952408945e-07,-2.6652921715798204e-08,1.465240849137257e-07,2.405608795822976e-08
767.0,1.6803439778501073e-08,-9.987058218741303e-09,-1.455372172325109e-07,-2.64785579409096e-08,1.4650405178073668e-07,2.3896113028562703e-08
768.0,1.6998511376264958e-08,-9.899188145332762e-09,-1.454826894752015e-07,-2.629909021742281e-08,1.4647239441596805e-07,2.3731312929153883e-08
769.0,1.7156157994246968e-08,-9.80952829858842e-09,-1.4537909000592042e-07,-2.6114517647737415e-08,1.463878873680233e-07,2.3561676457484257e-08
770.0,1.725018045073412e-08,-9.718179251041179e-09,-1.4521135476355806e-07,-2.5924840194592314e-08,1.4623237082756612e-07,2.3387193245072587e-08
771.0,1.7318803502419655e-08,-9.625241641932643e-09,-1.4499172144855077e-07,-2.5730058774202138e-08,1.4602239637593118e-07,2.3207853882081848e-08
772.0,1.7390287543328498e-08,-9.530815915590828e-09,-1.4474725915092357e-07,-2.55301753491497e-08,1.457881721284147e-07,2.3023650041936776e-08
773.0,1.7467698176787394e-08,-9.435002060881202e-09,-1.4450232537627228e-07,-2.5325193020675957e-08,1.4555425970663106e-07,2.283457460547294e-08
774.0,1.7498798549064887e-08,-9.337899352694067e-09,-1.4426504761286263e-07,-2.5115116120034476e-08,1.4532244118993554e-07,2.2640621784166307e-08
775.0,1.7480749930909312e-08,-9.23960609639298e-09,-1.440262080883159e-07,-2.4899950298601046e-08,1.4508316661296672e-07,2.244178724201877e-08
776.0,1.7442657096466974e-08,-9.140219376108979e-09,-1.4378748660476282e-07,-2.467970261644812e-08,1.4484159482241203e-07,2.223806821569785e-08
777.0,1.739997140814964e-08,-9.039834807726043e-09,-1.4355989002776126e-07,-2.4454381629107762e-08,1.4461051493507425e-07,2.2029463632545908e-08
778.0,1.743803498821528e-08,-8.938546297367459e-09,-1.433704785447354e-07,-2.422399747225573e-08,1.4442707219353527e-07,2.1815974226086242e-08
779.0,1.7563435705802988e-08,-8.836445806163189e-09,-1.4320565731168466e-07,-2.3988561944054364e-08,1.4427866980210048e-07,2.1597602648660582e-08
780.0,1.7701010823767405e-08,-8.733623122056408e-09,-1.4301227222943136e-07,-2.3748088584893856e-08,1.4410355926349672e-07,2.1374353580835953e-08
781.0,1.7767778581756488e-08,-8.630165639391739e-09,-1.4275196040525184e-07,-2.3502592754272762e-08,1.438534537481562e-07,2.1146233837220568e-08
782.0,1.7815936004250688e-08,-8.52615814701447e-09,-1.424495593184416e-07,-2.3252091704560832e-08,1.4355934147844845e-07,2.0913252468331046e-08
783.0,1.789314579836443e-08,-8.421682625596122e-09,-1.4215939544634515e-07,-2.2996604651390968e-08,1.4328104682836408e-07,2.067542085815739e-08
784.0,1.805093149953585e-08,-8.316818054885195e-09,-1.419321939560847e-07,-2.2736152840431587e-08,1.4307544796081743e-07,2.043275281707725e-08
785.0,1.8266238827058245e-08,-8.211640231563575e-09,-1.4177666159825852e-07,-2.2470759610293203e-08,1.4294851260098596e-07,2.018526466977461e-08
786.0,1.844152650032349e-08,-8.106221598368607e-09,-1.4162995162769754e-07,-2.2200450451322555e-08,1.4282553377364314e-07,1.993297533781896e-08
787.0,1.8531881224026492e-08,-8.000631085116552e-09,-1.4144984531588856e-07,-2.19252530600359e-08,1.4265864629103358e-07,1.9675906416560824e-08
788.0,1.8589190936557642e-08,-7.894933962231818e-09,-1.412275930159912e-07,-2.1645197388942812e-08,1.4244574773845038e-07,1.941408224600238e-08
789.0,1.866800436456373e-08,-7.78919170734647e-09,-1.409751923045488e-07,-2.1360315691517614e-08,1.422058340303234e-07,1.9147529975311246e-08
790.0,1.8800213996694737e-08,-7.683461885487206e-09,-1.4072742788445725e-07,-2.1070642562088452e-08,1.4197766375489008e-07,1.88762796206634e-08
791.0,1.898748533402106e-08,-7.577798043315023e-09,-1.4049212968686442e-07,-2.0776214970434043e-08,1.4176940115293003e-07,1.8600364116126587e-08
792.0,1.917901512604736e-08,-7.472249617828246e-09,-1.40230522471807e-07,-2.0477072290903194e-08,1.415359814814633e-07,1.831981935732632e-08
793.0,1.9294001118996817e-08,-7.366861859881859e-09,-1.399167671618795e-07,-2.0173256325900767e-08,1.4124078806142173e-07,1.8034684237671685e-08
794.0,1.933503612772114e-08,-7.261675772813122e-09,-1.3956805865883437e-07,-1.9864811323615187e-08,1.40900981614239e-07,1.7745000676956445e-08
795.0,1.9372815435181323e-08,-7.156728066393199e-09,-1.3922052916059968e-07,-1.955178398989563e-08,1.4056194975043205e-07,1.745081364219214e-08
796.0,1.942131827581406e-08,-7.052051126248023e-09,-1.388936048153655e-07,-1.9234223494220147e-08,1.4024486109008555e-07,1.7152171160572203e-08
797.0,1.9505729753621637e-08,-6.947672998811778e-09,-1.3860218598185647e-07,-1.8912181469726858e-08,1.399679943850395e-07,1.6849124324506555e-08
798.0,1.9619253166514028e-08,-6.8436173917969065e-09,-1.383375139302201e-07,-1.8585712007307475e-08,1.397218052245447e-07,1.654172728870306e-08
799.0,1.9735066997261796e-08,-6.739903690087494e-09,-1.3807628781309367e-07,-1.8254871643785475e-08,1.3947951149050778e-07,1.6230037259305097e-08
800.0,1.9823665209361963e-08,-6.636546986888079e-09,-1.3780962494075455e-07,-1.7919719344222024e-08,1.392281236986418e-07,1.5914114475124645e-08
801.0,1.9881032764512696e-08,-6.533558129886024e-09,-1.3754231591514565e-07,-1.758031647841374e-08,1.3897173860567966e-07,1.5594022181040806e-08
802.0,1.992095940983596e-08,-6.4309437821112516e-09,-1.3724878825116527e-07,-1.723672679166952e-08,1.3868696586277144e-07,1.526982659366666e-08
803.0,1.9967934222764328e-08,-6.328706497102571e-09,-1.369082838521829e-07,-1.688901636998056e-08,1.3835677281750442e-07,1.49415968594241e-08
804.0,2.0010414714111135e-08,-6.226844807916069e-09,-1.3652230496444262e-07,-1.653725359972864e-08,1.3798100032191024e-07,1.4609405005207087e-08
805.0,2.0029282427058703e-08,-6.1253533294402244e-09,-1.3611593981804893e-07,-1.6181509122111533e-08,1.3758168928710534e-07,1.4273325881857161e-08
806.0,2.000827761805546e-08,-6.024222873415972e-09,-1.3571248172125627e-07,-1.5821855782499116e-08,1.371794768476083e-07,1.3933437100719063e-08
807.0,2.0023391056334106e-08,-5.92344057549923e-09,-1.3534128404102397e-07,-1.545836857496671e-08,1.368144705623934e-07,1.3589818963585509e-08
808.0,2.011426106229841e-08,-5.822990033649722e-09,-1.3499503879327301e-07,-1.5091124582280116e-08,1.364853252070697e-07,1.3242554386376008e-08
809.0,2.0196037064934558e-08,-5.722851457084137e-09,-1.346348810389586e-07,-1.4720202911629068e-08,1.361412175114603e-07,1.2891728816923531e-08
810.0,2.0198645978020124e-08,-5.6230018249942605e-09,-1.3424081250767994e-07,-1.4345684626421999e-08,1.357519099020985e-07,1.2537430147264878e-08
811.0,2.012166328002607e-08,-5.523415054200305e-09,-1.3381844384680042e-07,-1.3967652674466966e-08,1.3532278908866024e-07,1.2179748620847348e-08
812.0,2.0081016238737703e-08,-5.424062174885231e-09,-1.3341162321753308e-07,-1.358619181287167e-08,1.3491444853208815e-07,1.1818776735076764e-08
813.0,2.0132618433477134e-08,-5.324911513538355e-09,-1.3305860472462294e-07,-1.3201388530000086e-08,1.345730828072666e-07,1.1454609139639938e-08
814.0,2.02230426293859e-08,-5.225928882228378e-09,-1.3274177377425866e-07,-1.2813330964823418e-08,1.34273414933584e-07,1.108734253103692e-08
815.0,2.030423379428825e-08,-5.1270777733292165e-09,-1.3240739162034831e-07,-1.242210882399842e-08,1.3395513900435998e-07,1.0717075543754485e-08
816.0,2.040345462028803e-08,-5.0283195588356295e-09,-1.320272495462793e-07,-1.2027813296998253e-08,1.3359451928577632e-07,1.034390863850377e-08
817.0,2.0499638181403768e-08,-4.929613693426518e-09,-1.316112940193126e-07,-1.163053696961223e-08,1.331982277622582e-07,9.96794398793438e-09
818.0,2.0511916831722488e-08,-4.8309179204584065e-09,-1.311752575797187e-07,-1.1230373736122448e-08,1.3276929966380425e-07,9.589285360226892e-09
819.0,2.055438147463562e-08,-4.732188480098098e-09,-1.3075462342374e-07,-1.0827418710457572e-08,1.3236031937287284e-07,9.208038000955451e-09
820.0,2.064007798008305e-08,-4.633380318831531e-09,-1.3036737474270144e-07,-1.0421768136614933e-08,1.3199115582616837e-07,8.824308513600812e-09
821.0,2.0754354151941712e-08,-4.534447299616409e-09,-1.3001384194591403e-07,-1.0013519298629871e-08,1.316599495435166e-07,8.43820473907901e-09
822.0,2.08994075101554e-08,-4.4353424119801044e-09,-1.2967232004834628e-07,-9.602770430354979e-09,1.3134571108717745e-07,8.049835634631433e-09
823.0,2.1027306729148876e-08,-4.3360179814011896e-09,-1.293362440445145e-07,-9.189620625292493e-09,1.3103439110334326e-07,7.659311152399338e-09
824.0,2.1170355885002934e-08,-4.2364258773506665e-09,-1.2901731973047337e-07,-8.774169746703081e-09,1.3074269677015566e-07,7.266742117982055e-09
825.0,2.131126095039626e-08,-4.1365177194050535e-09,-1.2868031102480915e-07,-8.356518338195781e-09,1.3043309506692504e-07,6.872240109256567e-09
826.0,2.142537020022317e-08,-4.036245080875913e-09,-1.283023214442014e-07,-7.93676753498931e-09,1.3007894593741062e-07,6.475917335718876e-09
827.0,2.1521286058812095e-08,-3.935559689428334e-09,-1.2789471718829826e-07,-7.515018976025615e-09,1.2969280796674891e-07,6.077886518596142e-09
828.0,2.156962816690644e-08,-3.834413624183958e-09,-1.274802079696824e-07,-7.091374717112262e-09,1.2929211995807044e-07,5.678260771973197e-09
829.0,2.1670495481407315e-08,-3.732759508823341e-09,-1.2708920486131925e-07,-6.66593714527039e-09,1.2892352914302364e-07,5.277153485176539e-09
830.0,2.1851407516759735e-08,-3.6305507002189963e-09,-1.2671269645700423e-07,-6.238808894467463e-09,1.2858301386212874e-07,4.874678206661096e-09
831.0,2.1995963606080693e-08,-3.52774147214593e-09,-1.2629273628619875e-07,-5.810092762917159e-09,1.2819390646054658e-07,4.4709485296483726e-09
832.0,2.2048400716290217e-08,-3.4242871936307427e-09,-1.25815869025242e-07,-5.379891632132308e-09,1.2773317843349456e-07,4.066077979768204e-09
833.0,2.2023025403328234e-08,-3.3201445015125658e-09,-1.2531463358320116e-07,-4.948308387919975e-09,1.2723510143827296e-07,3.6601799049602254e-09
834.0,2.204973789665665e-08,-3.2152714667982365e-09,-1.248496400256538e-07,-4.515445843510439e-09,1.267817950489998e-07,3.2533673678948993e-09
835.0,2.2197476384766546e-08,-3.109627754401946e-09,-1.2444772091654843e-07,-4.081406665011508e-09,1.2641187918536532e-07,2.845753041174988e-09
836.0,2.2436170449280368e-08,-3.0031747758693047e-09,-1.2409219988726572e-07,-3.646293299374406e-09,1.261041467093381e-07,2.4374491055743518e-09
837.0,2.259006567917332e-08,-2.895875834699028e-09,-1.2374843284465586e-07,-3.2102079050468162e-09,1.2579342470454355e-07,2.028567151560782e-09
838.0,2.2628077328556984e-08,-2.7876962638903343e-09,-1.2340078005268484e-07,-2.77325228547431e-09,1.2545828948777462e-07,1.6192180843356157e-09
839.0,2.2616075234793698e-08,-2.6786035553563743e-09,-1.2302873654210233e-07,-2.3355278255967982e-09,1.2509019495616703e-07,1.2095120326089864e-09
840.0,2.2623899892382227e-08,-2.5685674808517035e-09,-1.226260246678379e-07,-1.8971354314755165e-09,1.2469556035472042e-07,7.995582613199414e-10
841.0,2.2686011402761608e-08,-2.4575602040666577e-09,-1.221759503809705e-07,-1.458175473179716e-09,1.242643068819828e-07,3.8946508850609253e-10
842.0,2.281780686619328e-08,-2.3455563835484054e-09,-1.2169799185751673e-07,-1.0187477310611197e-09,1.23818631604194e-07,-2.066019347220232e-11
843.0,2.2951647610236492e-08,-2.232533266120807e-09,-1.2122347100781972e-07,-5.789513455463289e-10,1.2337709694756227e-07,-4.30711392145957e-10
844.0,2.3010084837515876e-08,-2.1184707704932403e-09,-1.2076233537119951e-07,-1.3888477057990716e-10,1.2293496511788559e-07,-8.405834843810155e-10
845.0,2.3055273412619925e-08,-2.0033515607699464e-09,-1.2030305870588953e-07,3.0135426914862745e-10,1.224923326830025e-07,-1.2501726808431191e-09
846.0,2.3009420369035638e-08,-1.8871611095940095e-09,-1.1981457975068777e-07,7.416688170649342e-10,1.2200396283134786e-07,-1.6593764852827705e-09
847.0,2.2853179237891652e-08,-1.7698877506835602e-09,-1.1932361942967873e-07,1.1819627195373989e-09,1.2149236171495722e-07,-2.068093748449463e-09
848.0,2.2816732725416955e-08,-1.6515227205453422e-09,-1.1886987055440001e-07,1.6221406565674407e-09,1.2103986705991927e-07,-2.4762247164626575e-09
849.0,2.296219561714885e-08,-1.5320601891868951e-09,-1.1844448392223095e-07,2.062108168258554e-09,1.2064973352297068e-07,-2.883671073491878e-09
850.0,2.3082385863792965e-08,-1.411497279697853e-09,-1.1799733327932937e-07,2.5017716770067743e-09,1.2023380222798478e-07,-3.2903359786321476e-09
851.0,2.302218404803824e-08,-1.2898340766340837e-09,-1.1753156470978299e-07,2.9410385053873996e-09,1.1976514376675567e-07,-3.6961240969026143e-09
852.0,2.2908499180962494e-08,-1.1670736232124984e-09,-1.1708585297143248e-07,3.3798168897491153e-09,1.1930589382244308e-07,-4.10094162434446e-09
853.0,2.3077248084701907e-08,-1.0432219074057024e-09,-1.1672389973321762e-07,3.818015989566372e-09,1.1898331037625873e-07,-4.504696307247257e-09
854.0,2.3467496806928168e-08,-9.182878371132791e-10,-1.163718547601833e-07,4.255545892643365e-09,1.1871449779495502e-07,-4.907297455590146e-09
855.0,2.3682436511851535e-08,-7.922832046810675e-10,-1.1594501298992088e-07,4.6923176163070546e-09,1.1833893626516507e-07,-5.30865595084455e-09
856.0,2.372345384027419e-08,-6.65222641137995e-10,-1.154514674556184e-07,5.128243104770907e-09,1.1786366530770769e-07,-5.708684248346674e-09
857.0,2.371912341536664e-08,-5.371235606145171e-10,-1.1501157570412146e-07,5.563235222893242e-09,1.1743193501572839e-07,-6.107296374506934e-09
858.0,2.3875981636223287e-08,-4.080060954918385e-10,-1.1468434789677073e-07,5.997207746594371e-09,1.1714334019311902e-07,-6.504407919179006e-09
859.0,2.4150432681446787e-08,-2.778930229074844e-10,-1.144075529452282e-07,6.430075350236194e-09,1.1692874569418885e-07,-6.899936023564491e-09
860.0,2.4453014030312303e-08,-1.4680968331485936e-10,-1.141369515254842e-07,6.8617535913074945e-09,1.1672700458204767e-07,-7.293799364081774e-09
861.0,2.4820311500528547e-08,-1.4783891863333087e-11,-1.1379865055144434e-07,7.292158892794983e-09,1.1647394871950127e-07,-7.685918132677451e-09
862.0,2.510926669363478e-08,1.1815415657333108e-10,-1.1343466440813521e-07,7.721208523650082e-09,1.1618045602973993e-07,-8.076214014100233e-09
863.0,2.5245737195200846e-08,2.519719878456601e-10,-1.1307787208328368e-07,8.148820577780817e-09,1.1586178145278371e-07,-8.46461016068561e-09
864.0,2.5343198456484473e-08,3.866349535528601e-10,-1.127408239438854e-07,8.574913952005846e-09,1.1555419114662575e-07,-8.851031165212722e-09
865.0,2.5562410965740412e-08,5.221063397351552e-10,-1.1243855590689633e-07,8.999408323405326e-09,1.1530770012800384e-07,-9.235403032394031e-09
866.0,2.5896784466850065e-08,6.58347478336947e-10,-1.1210887061741115e-07,9.422224126492466e-09,1.1506103735337136e-07,-9.617653149545744e-09
867.0,2.6297203137293224e-08,7.953178605667545e-10,-1.1171881766566805e-07,9.843282530610707e-09,1.1477210947551173e-07,-9.99771025696407e-09
868.0,2.649829611289789e-08,9.329752513141914e-10,-1.1128907418875289e-07,1.0262505417934513e-08,1.1440025231911232e-07,-1.0375504418499179e-08
869.0,2.6586565143871255e-08,1.0712758038329088e-09,-1.1088260467445599e-07,1.0679815362416785e-08,1.1402542464530004e-07,-1.0750966992774767e-08
870.0,2.656480832530228e-08,1.2101741739652329e-09,-1.105533736743547e-07,1.1095135609984685e-08,1.1370020876032529e-07,-1.1124030605447114e-08
871.0,2.6620554788303608e-08,1.3496236332682013e-09,-1.1026854989173995e-07,1.150839006024107e-08,1.1343635674890224e-07,-1.1494629122836166e-08
872.0,2.6776619477253405e-08,1.4895761804957836e-09,-1.0988290525051903e-07,1.1919503249881682e-08,1.1309836522657685e-07,-1.1862697627195481e-08
873.0,2.6904601546640095e-08,1.629982650989663e-09,-1.0940493895897352e-07,1.2328400337988882e-08,1.1266453857802902e-07,-1.2228172393818948e-08
874.0,2.689104536268694e-08,1.7707928236259822e-09,-1.0889909085251559e-07,1.2735007093309203e-08,1.1217014000705594e-07,-1.2590990870110145e-08
875.0,2.6827175481081156e-08,1.9119555250566022e-09,-1.0846098953340433e-07,1.313924988356524e-08,1.1172951085034771e-07,-1.2951091656665832e-08
876.0,2.6797550484181087e-08,2.0534187310711448e-09,-1.0808467319767256e-07,1.3541055666795956e-08,1.1135710705742993e-07,-1.3308414490351958e-08
877.0,2.679449609410689e-08,2.1951296649880556e-09,-1.0764207776861601e-07,1.3940351984667397e-08,1.1092683141279159e-07,-1.3662900229282982e-08
878.0,2.6868928831857986e-08,2.3370348930551823e-09,-1.0706756046682808e-07,1.4337066957650516e-08,1.1038750763057085e-07,-1.4014490839556893e-08
879.0,2.683688155036279e-08,2.479080416899031e-09,-1.0644677171309236e-07,1.4731129281924702e-08,1.09777654463408e-07,-1.4363129383549832e-08
880.0,2.6737245278907196e-08,2.621211763106269e-09,-1.0591604415396971e-07,1.512246822783517e-08,1.0923867764821262e-07,-1.47087600095371e-08
881.0,2.6746628217777513e-08,2.763374070051672e-09,-1.0552556572659966e-07,1.5511013639713292e-08,1.0886242300692612e-07,-1.5051327942384212e-08
882.0,2.6806874026119587e-08,2.9055121721038456e-09,-1.052547087196376e-07,1.5896695936865392e-08,1.0861474210579336e-07,-1.539077947504735e-08
883.0,2.691372558150107e-08,3.047570681342436e-09,-1.0501745965549314e-07,1.6279446115548383e-08,1.084113253178351e-07,-1.572706196063751e-08
884.0,2.7045622241761436e-08,3.1894940669082384e-09,-1.047119545655173e-07,1.6659195751775973e-08,1.0814831996556867e-07,-1.6060123804833596e-08
885.0,2.7154384685257327e-08,3.331226732082829e-09,-1.0431767330509878e-07,1.7035877004828986e-08,1.0779395888186061e-07,-1.6389914458467957e-08
886.0,2.7257793688839627e-08,3.472713089161581e-09,-1.038914422164805e-07,1.7409422621370684e-08,1.0740772357053124e-07,-1.671638441014616e-08
887.0,2.7402410923693665e-08,3.6138976321468233e-09,-1.0353936232693206e-07,1.777976594009038e-08,1.0710411605301957e-07,-1.7039485178796916e-08
888.0,2.762577525072807e-08,3.754725007249098e-09,-1.0328741367054972e-07,1.8146840896817496e-08,1.0691806807530241e-07,-1.7359169306079708e-08
889.0,2.7926095685915087e-08,3.895140081145297e-09,-1.030549299611827e-07,1.8510582030066608e-08,1.0677165077661372e-07,-1.767539034860901e-08
890.0,2.8240548816116373e-08,4.0350880069049896e-09,-1.0272585855217176e-07,1.8870924486993258e-08,1.065369917573997e-07,-1.7988102869985493e-08
891.0,2.8416380803975017e-08,4.174514287464191e-09,-1.022970054186112e-07,1.9227804029757934e-08,1.0617046677683908e-07,-1.8297262432653427e-08
892.0,2.8489727826874756e-08,4.31336483650392e-09,-1.0190930884237948e-07,1.95811570423091e-08,1.0581668970621263e-07,-1.8602825589625724e-08
893.0,2.8677187402514903e-08,4.451586036582e-09,-1.0166779301420958e-07,1.9930920537605594e-08,1.0563484848145106e-07,-1.8904749876132995e-08
894.0,2.9027817871618566e-08,4.589124794370238e-09,-1.0155685803772685e-07,2.0277032165306534e-08,1.0562390650266095e-07,-1.9202993801262805e-08
895.0,2.9367821924308757e-08,4.725928592862279e-09,-1.014636574550587e-07,2.061943021996451e-08,1.0562832361036219e-07,-1.9497516839662836e-08
896.0,2.9570576209891897e-08,4.861945540438973e-09,-1.0123484277951844e-07,2.0958053649763777e-08,1.0546521876893273e-07,-1.9788279423384692e-08
897.0,2.9625787045794993e-08,4.997124416710356e-09,-1.0087096630889691e-07,2.129284206584216e-08,1.0513153238764006e-07,-2.0075242933937072e-08
898.0,2.9612325591621413e-08,5.131414715099876e-09,-1.0049558151967175e-07,2.1623735752219418e-08,1.0476760821895853e-07,-2.0358369694591996e-08
899.0,2.969586965217985e-08,5.264766682196358e-09,-1.0016915081428879e-07,2.195067567632487e-08,1.0447824390395825e-07,-2.063762296294574e-08
900.0,2.987036093471396e-08,5.397131353966665e-09,-9.983456908044253e-08,2.2273603500078578e-08,1.0420738767404035e-07,-2.0912966923683678e-08
901.0,2.992904132859131e-08,5.528460588989766e-09,-9.942812671803747e-08,2.259246159143991e-08,1.0383496471568064e-07,-2.118436668144334e-08
902.0,2.9770296533504492e-08,5.6587070989367384e-09,-9.89589816723091e-08,2.2907193036299223e-08,1.0333997585307052e-07,-2.1451788253618742e-08
903.0,2.9611296026299527e-08,5.787824476580272e-09,-9.853977551294024e-08,2.3217741650555595e-08,1.0289274129158869e-07,-2.1715198562903563e-08
904.0,2.9584799499104975e-08,5.915767221669593e-09,-9.827034924345113e-08,2.352405199219829e-08,1.026271012054423e-07,-2.1974565429334548e-08
905.0,2.9710249316305948e-08,6.042490765047729e-09,-9.814018961037951e-08,2.3826069373194316e-08,1.0253875233880262e-07,-2.2229857561572708e-08
906.0,2.9930333877992155e-08,6.167951491411919e-09,-9.799287715994698e-08,2.4123739870980082e-08,1.0246184099523365e-07,-2.2481044547151483e-08
907.0,3.006809343175654e-08,6.292106761124078e-09,-9.766302642641445e-08,2.441701033935764e-08,1.0218687280364032e-07,-2.2728096841424002e-08
908.0,2.996577705416392e-08,6.414914931471624e-09,-9.711398724077114e-08,2.4705828418599316e-08,1.0163205356707359e-07,-2.2970985754948855e-08
909.0,2.971332507817337e-08,6.536335377767024e-09,-9.649929979746452e-08,2.499014254456447e-08,1.0097027556960585e-07,-2.3209683439059296e-08
910.0,2.961067288587138e-08,6.656328514659619e-09,-9.606448067231432e-08,2.526990195663132e-08,1.0052450644293426e-07,-2.3444162869366433e-08
911.0,2.9795868550230864e-08,6.774855818011408e-09,-9.592008837905341e-08,2.554505670425457e-08,1.0044131190555037e-07,-2.367439782696221e-08
912.0,3.010333088360184e-08,6.891879847651705e-09,-9.59469360142795e-08,2.581555765198456e-08,1.0055856532795136e-07,-2.3900362877124708e-08
913.0,3.031460657498819e-08,7.007364271271011e-09,-9.593044532005268e-08,2.6081356482827704e-08,1.0060629061395681e-07,-2.412203334538759e-08
914.0,3.0338568379750797e-08,7.121273889647722e-09,-9.576859548096617e-08,2.6342405699881886e-08,1.0045920869551854e-07,-2.433938529090835e-08
915.0,3.0265409400875853e-08,7.23357466333317e-09,-9.551452662126536e-08,2.65986586262317e-08,1.0019490906172346e-07,-2.4552395477139966e-08
916.0,3.024741440649237e-08,7.3442337408576975e-09,-9.525843573318649e-08,2.685006940312548e-08,9.994536335724485e-08,-2.4761041339865924e-08
917.0,3.040093518591469e-08,7.453219488462162e-09,-9.49969107197357e-08,2.709659298647883e-08,9.97428188215654e-08,-2.496530095269834e-08
918.0,3.0640459752762084e-08,7.560501521299385e-09,-9.46601261195279e-08,2.7338185141761233e-08,9.949561422909836e-08,-2.5165152990168935e-08
919.0,3.0783821741708906e-08,7.666050735985173e-09,-9.424173651184642e-08,2.7574802437330777e-08,9.914206262628187e-08,-2.5360576688570803e-08
920.0,3.0801103390043494e-08,7.769839344309916e-09,-9.383967717463415e-08,2.780640223629237e-08,9.876534302215379e-08,-2.555155180473974e-08
921.0,3.087484698460763e-08,7.871840907855372e-09,-9.35742439332754e-08,2.8032942686971846e-08,9.853626390323038e-08,-2.573805857300066e-08
922.0,3.109785901012074e-08,7.972030373200011e-09,-9.349945646539015e-08,2.825438271212663e-08,9.853540071637572e-08,-2.5920077660549847e-08
923.0,3.1435292452419716e-08,8.070384107340815e-09,-9.355323237619784e-08,2.8470681997054577e-08,9.86933883277093e-08,-2.6097590121599906e-08
924.0,3.175016397016783e-08,8.166879932908667e-09,-9.361671529303783e-08,2.8681800976813867e-08,9.88542477306375e-08,-2.6270577350677938e-08
925.0,3.194827974395409e-08,8.261497162711722e-09,-9.359799502117738e-08,2.8887700822819303e-08,9.890033999224823e-08,-2.6439021035530173e-08
926.0,3.2059226579006506e-08,8.354216633112387e-09,-9.351658235984273e-08,2.908834342912322e-08,9.885921901931718e-08,-2.6602903110135067e-08
927.0,3.221011504739302e-08,8.445020735733745e-09,-9.347180809915479e-08,2.9283691398714585e-08,9.886592143247092e-08,-2.6762205708353015e-08
928.0,3.2499730490131995e-08,8.533893447001221e-09,-9.350477317773831e-08,2.947370803017415e-08,9.899179303837012e-08,-2.691691111874053e-08
929.0,3.2847143838221626e-08,8.620820355051749e-09,-9.352714002222595e-08,2.965835730500842e-08,9.912749759307898e-08,-2.7067001741032723e-08
930.0,3.303208601090901e-08,8.705788683583794e-09,-9.338333436040291e-08,2.9837603875952804e-08,9.90533484668686e-08,-2.7212460044752483e-08
931.0,3.291394401472303e-08,8.788787312277968e-09,-9.299612771171417e-08,3.001141305648487e-08,9.864891018139924e-08,-2.7353268530338445e-08
932.0,3.258472894285269e-08,8.869806793491873e-09,-9.245310629915626e-08,3.01797508117249e-08,9.802724837840889e-08,-2.7489409693097736e-08
933.0,3.229307660168601e-08,8.948839365021184e-09,-9.197349627385054e-08,3.034258375082783e-08,9.747803246495263e-08,-2.762086599018989e-08
934.0,3.222497549359993e-08,9.02587895881086e-09,-9.171047653591669e-08,3.049987912090109e-08,9.720730709163813e-08,-2.7747619810750714e-08
935.0,3.232830705912626e-08,9.100921205581012e-09,-9.162011211164e-08,3.065160480242942e-08,9.71563913525952e-08,-2.786965344918628e-08
936.0,3.241458845781864e-08,9.173963435390535e-09,-9.155538582480971e-08,3.0797729306159806e-08,9.712411759403283e-08,-2.798694908161937e-08
937.0,3.2367642788244666e-08,9.245004674197472e-09,-9.143270067804576e-08,3.093822177139417e-08,9.699279897471006e-08,-2.8099488745452454e-08
938.0,3.223606545588176e-08,9.314045636495334e-09,-9.128770362895611e-08,3.107305196564819e-08,9.681223450537654e-08,-2.820725432201218e-08
939.0,3.216872582201269e-08,9.381088714116977e-09,-9.120146954311181e-08,3.1202190285649875e-08,9.670850514734977e-08,-2.831022752224948e-08
940.0,3.221832278743619e-08,9.44613796130446e-09,-9.118145967434987e-08,3.132560775966799e-08,9.6706147227467e-08,-2.8408389875480205e-08
941.0,3.232059681002042e-08,9.509199076142639e-09,-9.11512354449806e-08,3.144327605117485e-08,9.671178160546e-08,-2.8501722721163623e-08
942.0,3.237317353077529e-08,9.57027937844412e-09,-9.104825804059913e-08,3.155516746386142e-08,9.66323323566249e-08,-2.8590207203729886e-08
943.0,3.2370475661069875e-08,9.62938778415546e-09,-9.089718331148355e-08,3.166125494803242e-08,9.6489095904591e-08,-2.8673824270481078e-08
944.0,3.238722168230623e-08,9.686534776333165e-09,-9.07745030184759e-08,3.1761512108415426e-08,9.637916022953373e-08,-2.875255467260154e-08
945.0,3.248730220950513e-08,9.741732372716517e-09,-9.072764575041026e-08,3.185591321342069e-08,9.636872162825266e-08,-2.882637896932112e-08
946.0,3.265041584321615e-08,9.794994089903204e-09,-9.073128538414355e-08,3.1944433205890714e-08,9.642725653151105e-08,-2.8895277535282412e-08
947.0,3.2767197899463696e-08,9.846334904113308e-09,-9.070935338972852e-08,3.2027047715381956e-08,9.644623398850403e-08,-2.8959230571171246e-08
948.0,3.275386664669533e-08,9.895771208509352e-09,-9.060252957604487e-08,3.210373307202501e-08,9.63412380338118e-08,-2.9018218117677767e-08
949.0,3.266123915768304e-08,9.943320767027116e-09,-9.045637207674706e-08,3.217446632201258e-08,9.617230262711959e-08,-2.9072220072860604e-08
950.0,3.2639333596984343e-08,9.989002664665511e-09,-9.03902390367306e-08,3.223922524476444e-08,9.610266078924416e-08,-2.9121216212987526e-08
951.0,3.27767482877217e-08,1.003283725418133e-08,-9.046473457147153e-08,3.2297988371818213e-08,9.621945452663646e-08,-2.91651862169243e-08
952.0,3.3010390421139846e-08,1.0074846099132443e-08,-9.06111927191644e-08,3.2350735007495e-08,9.643689191251257e-08,-2.9204109694143215e-08
953.0,3.317071151087703e-08,1.0115051913209093e-08,-9.069017209428765e-08,3.239744525139071e-08,9.656605726977434e-08,-2.923796621642411e-08
954.0,3.3131948601328176e-08,1.0153478495790913e-08,-9.060719318235155e-08,3.243810002274353e-08,9.647481264301593e-08,-2.9266735353319672e-08
955.0,3.295661313296172e-08,1.0190150663672607e-08,-9.039851961087364e-08,3.247268108672054e-08,9.621866085657818e-08,-2.929039671144663e-08
956.0,3.2827468798846127e-08,1.0225094178916747e-08,-9.02146040891727e-08,3.2501171082650596e-08,9.600165362484853e-08,-2.930892997764281e-08
957.0,3.287326069689733e-08,1.0258335672814153e-08,-9.01753076792966e-08,3.252355355421003e-08,9.598040104053527e-08,-2.9322314966002093e-08
958.0,3.306817680792662e-08,1.0289902565953271e-08,-9.026700927700082e-08,3.253981298155064e-08,9.613343477279092e-08,-2.933053166877485e-08
959.0,3.327401215669212e-08,1.0319822984414735e-08,-9.038882041109697e-08,3.254993481535101e-08,9.631873514697562e-08,-2.9333560311107418e-08
960.0,3.337362247668452e-08,1.0348125672117166e-08,-9.047060529898676e-08,3.2553905512773e-08,9.642991807723013e-08,-2.933138140959062e-08
961.0,3.339907675425913e-08,1.0374839899352752e-08,-9.053568910191712e-08,3.255171257530937e-08,9.649978927021492e-08,-2.9323975834585974e-08
962.0,3.3439717966876614e-08,1.0399995367573177e-08,-9.064541259262704e-08,3.2543344588510266e-08,9.661679751364066e-08,-2.93113248762915e-08
963.0,3.353981026243957e-08,1.0423622110521011e-08,-9.080658846388756e-08,3.252879126357074e-08,9.680266205477143e-08,-2.9293410314491327e-08
964.0,3.3642798213939784e-08,1.0445750391846694e-08,-9.095324807889549e-08,3.2508043480748544e-08,9.697593107449382e-08,-2.927021449190475e-08
965.0,3.364731587796044e-08,1.0466410599404367e-08,-9.101328951252596e-08,3.2481093334559636e-08,9.703381232169597e-08,-2.9241720391011447e-08
966.0,3.3565130008739175e-08,1.0485633136479136e-08,-9.099557230288213e-08,3.2447934180668805e-08,9.698872167026748e-08,-2.9207911714180072e-08
967.0,3.344484386658131e-08,1.0503448310263813e-08,-9.096591574789259e-08,3.2408560684353634e-08,9.691932422955029e-08,-2.9168772966867947e-08
968.0,3.337294388061629e-08,1.0519886217972553e-08,-9.097183372927531e-08,3.236296887037475e-08,9.690009244229687e-08,-2.912428954359274e-08
969.0,3.33442498889891e-08,1.053497663104765e-08,-9.100184593380245e-08,3.231115617403851e-08,9.691839332148912e-08,-2.9074447816309126e-08
970.0,3.326057990138409e-08,1.0548748877979501e-08,-9.100285973048794e-08,3.225312149319458e-08,9.689059115571139e-08,-2.9019235224760244e-08
971.0,3.307174589739503e-08,1.0561231726315345e-08,-9.094425443278986e-08,3.2188865240873325e-08,9.677085197019754e-08,-2.8958640368319283e-08
972.0,3.282474461685503e-08,1.057245326447923e-08,-9.087057856876912e-08,3.211838939823773e-08,9.661742031634149e-08,-2.8892653098792028e-08
973.0,3.264037948258469e-08,1.0582440784062478e-08,-9.087735376028805e-08,3.204169756750272e-08,9.656131626712467e-08,-2.8821264613617883e-08
974.0,3.261064690507354e-08,1.059122066326793e-08,-9.102076469272302e-08,3.1958795024463006e-08,9.668626529562219e-08,-2.8744467548887894e-08
975.0,3.269449144749359e-08,1.059881825219867e-08,-9.12536244589146e-08,3.186968877027093e-08,9.693375958817882e-08,-2.866225607159591e-08
976.0,3.275342178032936e-08,1.0605257760672001e-08,-9.145806730351258e-08,3.177438758211666e-08,9.714609983532015e-08,-2.857462597055273e-08
977.0,3.2678907635474985e-08,1.0610562149216036e-08,-9.15366501416659e-08,3.16729020624803e-08,9.719500667938476e-08,-2.8481574745417554e-08
978.0,3.249515692638205e-08,1.0614753023876327e-08,-9.150559016762871e-08,3.1565244686642974e-08,9.710411039495817e-08,-2.83831016933276e-08
979.0,3.233557152593214e-08,1.0617850535428443e-08,-9.148319411386718e-08,3.145142984815801e-08,9.702970674584242e-08,-2.8279207992630967e-08
980.0,3.229478884314574e-08,1.0619873283559269e-08,-9.1571118021605e-08,3.1331473901995565e-08,9.709903728745245e-08,-2.8169896783250817e-08
981.0,3.2367633545637986e-08,1.0620838226540819e-08,-9.17645866620187e-08,3.120539520509039e-08,9.730571959857165e-08,-2.805517324323759e-08
982.0,3.2444564118661035e-08,1.0620760596872092e-08,-9.199649374583285e-08,3.1073214154046506e-08,9.755001077589366e-08,-2.7935044661105277e-08
983.0,3.2474375022406576e-08,1.0619653823307747e-08,-9.222096088515319e-08,3.093495321978637e-08,9.777162502319811e-08,-2.7809520503598934e-08
984.0,3.2485092615885947e-08,1.0617529459632246e-08,-9.244664379501333e-08,3.0790636978970185e-08,9.798807678092658e-08,-2.7678612478596728e-08
985.0,3.2551185941143146e-08,1.0614397120480212e-08,-9.271292143037124e-08,3.0640292142048764e-08,9.826121058855862e-08,-2.7542334592905527e-08
986.0,3.266015197178618e-08,1.0610264424451252e-08,-9.301640181355597e-08,3.048394757784652e-08,9.858365246409299e-08,-2.7400703204757562e-08
987.0,3.276546881036957e-08,1.0605136944721709e-08,-9.330674729732258e-08,3.032163433459673e-08,9.889249232155955e-08,-2.72537370708558e-08
988.0,3.28127170712289e-08,1.0599018167317183e-08,-9.352671197920825e-08,3.015338565736845e-08,9.911569126651085e-08,-2.7101457387844997e-08
989.0,3.279724467009082e-08,1.0591909457180081e-08,-9.36727124131731e-08,2.997923700183233e-08,9.924835670574518e-08,-2.694388782810261e-08
990.0,3.2761026474981136e-08,1.0583810032147036e-08,-9.379970494771683e-08,2.9799226044310028e-08,9.935627561444294e-08,-2.6781054569748537e-08
991.0,3.275338514296955e-08,1.057471694494143e-08,-9.395625033548072e-08,2.9613392688042535e-08,9.950156388432907e-08,-2.6612986320766755e-08
992.0,3.2758773110819206e-08,1.0564625073283777e-08,-9.414310979394269e-08,2.9421779065599677e-08,9.967979904374045e-08,-2.643971433712095e-08
993.0,3.268780851550801e-08,1.0553527118224334e-08,-9.432838534231824e-08,2.9224429537341236e-08,9.983154364646175e-08,-2.6261272434734522e-08
994.0,3.249966007423666e-08,1.0541413610805986e-08,-9.447584550098531e-08,2.902139068583217e-08,9.990952551217015e-08,-2.6077696995196823e-08
995.0,3.224642181054449e-08,1.0528272927169584e-08,-9.460320314971793e-08,2.8812711306111148e-08,9.994797529600267e-08,-2.588902696505305e-08
996.0,3.20466949921272e-08,1.0514091312215888e-08,-9.477914014385802e-08,2.85984423917128e-08,1.0005036764713816e-07,-2.5695303848535895e-08
997.0,3.1961014723691505e-08,1.0498852911933352e-08,-9.50465389414068e-08,2.8378637116350976e-08,1.002763732237479e-07,-2.5496571693604932e-08
998.0,3.1965261521049726e-08,1.048253981448383e-08,-9.537001319226412e-08,2.815335081118306e-08,1.0058437930614144e-07,-2.5292877071177453e-08
999.0,3.1952602036477984e-08,1.0465132100106518e-08,-9.566168026470256e-08,2.7922640937593973e-08,1.0085695736025216e-07,-2.5084269047462146e-08
1000.0,3.184207281181628e-08,1.0446607899856259e-08,-9.58549282101262e-08,2.7686567055460415e-08,1.0100537046673042e-07,-2.4870799149341752e-08
1001.0,3.16637278341414e-08,1.0426943463140794e-08,-9.596032728154125e-08,2.744519078687731e-08,1.0104937442822242e-07,-2.4652521322787777e-08
1002.0,3.152524521987665e-08,1.0406113233966683e-08,-9.606803961711985e-08,2.7198575775348328e-08,1.01108403815162e-07,-2.442949188432612e-08
1003.0,3.148205798830794e-08,1.0384089935745956e-08,-9.626664408679542e-08,2.6946787640462623e-08,1.0128369433878746e-07,-2.4201769465610077e-08
1004.0,3.1507189329760266e-08,1.0360844664452712e-08,-9.656695811044447e-08,2.6689893928105116e-08,1.0157696775433738e-07,-2.396941495120065e-08
1005.0,3.1532917915688685e-08,1.0336346989849532e-08,-9.692394717028541e-08,2.6427964056282433e-08,1.0192436630828684e-07,-2.3732491409708554e-08
1006.0,3.1544001355410245e-08,1.0310565064429176e-08,-9.729078332201824e-08,2.6161069256690116e-08,1.0227668620424709e-07,-2.349106401851675e-08
1007.0,3.1559056035135313e-08,1.0283465739642227e-08,-9.766109775044551e-08,2.5889282512196e-08,1.0263363986359875e-07,-2.3245199982372128e-08
1008.0,3.1606392170147046e-08,1.0255014688910537e-08,-9.804763063253619e-08,2.5612678490463373e-08,1.0301602738733125e-07,-2.2994968446202906e-08
1009.0,3.168905046702086e-08,1.0225176536862522e-08,-9.845636837410576e-08,2.5331333473981e-08,1.0343042295629951e-07,-2.274044040257912e-08
1010.0,3.1773981279403785e-08,1.0193914994171081e-08,-9.885487938995907e-08,2.504532528680235e-08,1.0383579857422611e-07,-2.2481688594283552e-08
1011.0,3.179609051051635e-08,1.0161192997329669e-08,-9.920714372571582e-08,2.4754733218321637e-08,1.0417796666266712e-07,-2.2218787412498114e-08
1012.0,3.175098600705084e-08,1.0126972852668638e-08,-9.950951899637128e-08,2.445963794442947e-08,1.0445223541556741e-07,-2.1951812791134804e-08
1013.0,3.171562545922768e-08,1.0091216383893391e-08,-9.979310747545989e-08,2.4160121446395484e-08,1.0471172426179745e-07,-2.168084209785044e-08
1014.0,3.1718518950230035e-08,1.005388508241744e-08,-1.0009175235858869e-07,2.3856266927821852e-08,1.0499725393842045e-07,-2.1405954022283073e-08
1015.0,3.171856821637675e-08,1.0014940259764927e-08,-1.0041643194735883e-07,2.354815873000251e-08,1.053068249200188e-07,-2.1127228462038203e-08
1016.0,3.1668901501191726e-08,9.974343201325796e-09,-1.0074099920237556e-07,2.3235882246011722e-08,1.0560145947185208e-07,-2.084474640693905e-08
1017.0,3.15535416683943e-08,9.932055320761845e-09,-1.0103550354689794e-07,2.2919523833834486e-08,1.0584799936132152e-07,-2.0558589822039216e-08
1018.0,3.138213031106396e-08,9.888038314382454e-09,-1.0132331580356424e-07,2.2599170728840545e-08,1.0607192101724853e-07,-2.0268841529878937e-08
1019.0,3.1238202774508395e-08,9.842254314834e-09,-1.0164557154648812e-07,2.2274910955894036e-08,1.0633742298736386e-07,-1.9975585092448656e-08
1020.0,3.116691632554236e-08,9.79466604347358e-09,-1.0201876724305614e-07,2.1946833241382272e-08,1.0667335910636837e-07,-1.967890469330668e-08
1021.0,3.113276131339049e-08,9.745236960822145e-09,-1.0242308464553096e-07,2.1615026925440207e-08,1.0705016158466152e-07,-1.9378885020283052e-08
1022.0,3.1072389217179364e-08,9.693931414512757e-09,-1.0280061209233526e-07,2.127958187464186e-08,1.073939440481756e-07,-1.907561114919003e-08
1023.0,3.09426477218544e-08,9.640714784166691e-09,-1.0310659078263673e-07,2.0940588395424768e-08,1.0764950771302622e-07,-1.8769168428948577e-08
1024.0,3.07424629919506e-08,9.585553622646217e-09,-1.0335408179296124e-07,2.0598137148506363e-08,1.0782933392207138e-07,-1.8459642368528166e-08
1025.0,3.0551505270093315e-08,9.528415793149128e-09,-1.0360520696570119e-07,2.0252319064541976e-08,1.0801589412986552e-07,-1.8147118526082884e-08
1026.0,3.045389246336683e-08,9.469270601625506e-09,-1.0391554434649453e-07,1.9903225261264863e-08,1.0828610216920074e-07,-1.7831682400652644e-08
1027.0,3.042750099102598e-08,9.408088924008806e-09,-1.0429828517163897e-07,1.9550946962342696e-08,1.086460542601682e-07,-1.7513419326788706e-08
1028.0,3.042103088879422e-08,9.344843327758974e-09,-1.0471993380084532e-07,1.919557541818536e-08,1.0904908828408608e-07,-1.7192414372460715e-08
1029.0,3.040429538692102e-08,9.279508187216181e-09,-1.0514530889710327e-07,1.8837201828945885e-08,1.0945299064457952e-07,-1.686875224060818e-08
1030.0,3.03530586776013e-08,9.212059792263614e-09,-1.0557687861109666e-07,1.847591726996693e-08,1.098534727186544e-07,-1.6542517174709005e-08
1031.0,3.0294645930739605e-08,9.14247644980108e-09,-1.0602844837878656e-07,1.811181261993581e-08,1.1027147154945328e-07,-1.62137928687463e-08
1032.0,3.029395220788267e-08,9.07073857754095e-09,-1.0648852121625252e-07,1.7744978492018176e-08,1.1071372404177245e-07,-1.5882662381958217e-08
1033.0,3.030026460293378e-08,8.996828789654857e-09,-1.0694370064859293e-07,1.7375505168241748e-08,1.1115332268278649e-07,-1.554920805875157e-08
1034.0,3.027842720992879e-08,8.920731973823702e-09,-1.0736798724403362e-07,1.7003482537396e-08,1.1155567147905087e-07,-1.5213511454147792e-08
1035.0,3.023912970023801e-08,8.842435359275257e-09,-1.0776032449005823e-07,1.662900003670072e-08,1.119227077014779e-07,-1.4875653265107979e-08
1036.0,3.017998229104535e-08,8.761928575434069e-09,-1.0814973317938015e-07,1.6252146597475937e-08,1.1228177108444152e-07,-1.45357132680528e-08
1037.0,3.013779359406499e-08,8.679203700857937e-09,-1.0855198322168302e-07,1.587301059501875e-08,1.1265797647782875e-07,-1.4193770262853475e-08
1038.0,3.0098106174047956e-08,8.594255302193527e-09,-1.0897422591388262e-07,1.5491679802861563e-08,1.1305431397692964e-07,-1.3849902023523859e-08
1039.0,2.999449819074407e-08,8.507080462949628e-09,-1.0940474000006861e-07,1.5108241351552048e-08,1.134419104925387e-07,-1.3504185255793297e-08
1040.0,2.9819260005670145e-08,8.41767880195912e-09,-1.0980519326089788e-07,1.4722781692059866e-08,1.13782110783501e-07,-1.3156695561685943e-08
1041.0,2.9614317359483167e-08,8.326052481478728e-09,-1.1017917923850096e-07,1.4335386563877825e-08,1.1408969861621122e-07,-1.2807507411175799e-08
1042.0,2.9429305575812137e-08,8.232206204957029e-09,-1.1055564915971039e-07,1.3946140967846355e-08,1.1440557498566012e-07,-1.245669412092757e-08
1043.0,2.9341581969655195e-08,8.136147204582264e-09,-1.1095083208428891e-07,1.355512914368994e-08,1.1476504508201993e-07,-1.2104327840073564e-08
1044.0,2.926272568704036e-08,8.037885218798907e-09,-1.113782337885949e-07,1.3162434552213981e-08,1.1515823060685622e-07,-1.1750479542917869e-08
1045.0,2.9097513565279343e-08,7.93743246005385e-09,-1.1179688199844384e-07,1.27681398620714e-08,1.1552146173008543e-07,-1.1395219028402918e-08
1046.0,2.8906575716414196e-08,7.834803573100671e-09,-1.121544378375472e-07,1.2372326940970876e-08,1.1581972218195407e-07,-1.1038614926120182e-08
1047.0,2.861252132446701e-08,7.730015584255241e-09,-1.12477137305389e-07,1.1975076851162267e-08,1.160593933852767e-07,-1.0680734708595523e-08
1048.0,2.832237844252461e-08,7.62308784205817e-09,-1.1281135427199107e-07,1.1576469848999789e-08,1.1631233285134582e-07,-1.0321644709530293e-08
1049.0,2.812538452134916e-08,7.514041949856472e-09,-1.1319168058410156e-07,1.1176585388350901e-08,1.1663358782069178e-07,-9.961410147634114e-09
1050.0,2.8029409376850722e-08,7.4029016908640816e-09,-1.1359979360664463e-07,1.0775502127591132e-08,1.1700667031194138e-07,-9.600095155647005e-09
1051.0,2.7997362289644556e-08,7.289692946295725e-09,-1.1401351873371879e-07,1.037329793990389e-08,1.1740074424475195e-07,-9.237762814119944e-09
1052.0,2.7835549865073972e-08,7.1744436071918765e-09,-1.1440886028141195e-07,9.970049926589511e-09,1.1774635937973904e-07,-8.8744751895036e-09
1053.0,2.7505018179718732e-08,7.057183480568313e-09,-1.1479020809238016e-07,9.565834433078155e-09,1.1803947601950204e-07,-8.510293376082439e-09
1054.0,2.7298708293876928e-08,6.9379441905364345e-09,-1.1517050806791884e-07,9.160727067334908e-09,1.1836158753217509e-07,-8.145277541283192e-09
1055.0,2.7166914662313246e-08,6.816759075051112e-09,-1.1557540732093363e-07,8.754802720342106e-09,1.1872538073078195e-07,-7.779486973881729e-09
1056.0,2.7046583972456517e-08,6.6936630789483464e-09,-1.1599681756097047e-07,8.348135588343568e-09,1.1910826750839847e-07,-7.412980134631654e-09
1057.0,2.696189793649495e-08,6.568692643932999e-09,-1.1642591337193697e-07,7.940799196538567e-09,1.1950705939327492e-07,-7.0458147088426976e-09
1058.0,2.6744674253009748e-08,6.441885596167626e-09,-1.1684961028282648e-07,7.532866423920124e-09,1.19871218497803e-07,-6.678047660446497e-09
1059.0,2.6526377427948944e-08,6.313281032100258e-09,-1.1727584640561228e-07,7.124409528961082e-09,1.202384000625539e-07,-6.3097352871004905e-09
1060.0,2.6466171282324424e-08,6.182919203154321e-09,-1.1770954353590435e-07,6.715500175862008e-09,1.2064822776061111e-07,-5.940933275895459e-09
1061.0,2.6334190827981274e-08,6.050841399887798e-09,-1.1815478457091744e-07,6.306209461086088e-09,1.210538835542439e-07,-5.571696759248081e-09
1062.0,2.6164745398071787e-08,5.917089836210614e-09,-1.185634096387278e-07,5.896607939917613e-09,1.2141612745803867e-07,-5.202080370576516e-09
1063.0,2.594208106665441e-08,5.781707534229225e-09,-1.1894683716456855e-07,5.4867656527919185e-09,1.2174293261427234e-07,-4.8321382993740204e-09
1064.0,2.5612464121804734e-08,5.644738210266658e-09,-1.1932870738057266e-07,5.076752151155981e-09,1.2204646133136788e-07,-4.461924345312694e-09
1065.0,2.547210595227334e-08,5.506226162584383e-09,-1.1970584281456587e-07,4.6666365226308075e-09,1.2238593459049692e-07,-4.091491971027612e-09
1066.0,2.5319579655125324e-08,5.3662161613068874e-09,-1.2011318273330573e-07,4.2564874152604864e-09,1.227528320660535e-07,-3.720894353252022e-09
1067.0,2.5140700049552933e-08,5.224753341017793e-09,-1.2053469507916637e-07,3.846373060649779e-09,1.231286624503377e-07,-3.3501844319997594e-09
1068.0,2.4978683371701393e-08,5.081883096457463e-09,-1.2095752675508886e-07,3.4363612958131107e-09,1.235097482051184e-07,-2.9794149575212213e-09
1069.0,2.4722142832889205e-08,4.9376509817079485e-09,-1.213993119468515e-07,3.026519583582295e-09,1.2389098953280958e-07,-2.6086385347944965e-09
1070.0,2.4517464891626872e-08,4.792102613204331e-09,-1.218290052173998e-07,2.6169150314472915e-09,1.24271527700328e-07,-2.2379076653510935e-09
1071.0,2.4476424859143364e-08,4.645283576862248e-09,-1.2225441845675755e-07,2.207614408732516e-09,1.2468054461737515e-07,-1.8672747862753243e-09
1072.0,2.443249552674942e-08,4.497239339559498e-09,-1.2272760472123445e-07,1.7986841620392378e-09,1.2513597323821875e-07,-1.496792306256412e-09
1073.0,2.4324920300244912e-08,4.3480151651556645e-09,-1.2321747317953213e-07,1.3901904289122395e-09,1.2559557095838208e-07,-1.1265126386121483e-09
1074.0,2.4236351342521445e-08,4.1976560351809586e-09,-1.236698514948953e-07,9.821990497147483e-10,1.2602235077623173e-07,-7.564882312408254e-10
1075.0,2.4132825460210228e-08,4.046206574278453e-09,-1.240928236799499e-07,5.747755777191207e-10,1.264176496916317e-07,-3.867715934923108e-10
1076.0,2.399626133908761e-08,3.893710980445199e-09,-1.244984187895315e-07,1.6798528744043917e-10,1.2678989249678918e-07,-1.741531997806727e-11
1077.0,2.3787699032773446e-08,3.740212960088167e-09,-1.249201906916575e-07,-2.381068187442646e-10,1.271648877155714e-07,3.5152788863711803e-10
1078.0,2.351039235515273e-08,3.5857556678891304e-09,-1.2537396133424639e-07,-6.434360056359765e-10,1.275592753559471e-07,7.200052078007541e-10
1079.0,2.3340865490384388e-08,3.4303816514563987e-09,-1.258365766969305e-07,-1.0479378018471395e-09,1.279829677599433e-07,1.0879636741192817e-09
1080.0,2.327319628681046e-08,3.274132800727356e-09,-1.2629818723144948e-07,-1.4515479979534875e-09,1.2842458395242974e-07,1.455350173195786e-09
1081.0,2.319157363372959e-08,3.1170503020714557e-09,-1.267426481162126e-07,-1.8542026460815053e-09,1.288469942960207e-07,1.8221114301569294e-09
1082.0,2.311123689646699e-08,2.9591745970280935e-09,-1.2717935326742036e-07,-2.25583806084398e-09,1.2926220317016077e-07,2.1881940027581975e-09
1083.0,2.2963554446864265e-08,2.8005453456007305e-09,-1.276087606902343e-07,-2.656390821535268e-09,1.296584769219953e-07,2.5535442769515564e-09
1084.0,2.2654985026848706e-08,2.641201394021385e-09,-1.2801447825394607e-07,-3.0557977755011315e-09,1.3000367298348448e-07,2.9181084648000833e-09
1085.0,2.2377242864246583e-08,2.4811807469002082e-09,-1.2838266867654102e-07,-3.453996042604559e-09,1.303182666195188e-07,3.2818326046293035e-09
1086.0,2.2197450433303345e-08,2.320520543680962e-09,-1.2874492279907335e-07,-3.850923020718157e-09,1.3064448688053512e-07,3.6446625633136966e-09
1087.0,2.2091127233059282e-08,2.159257039330614e-09,-1.2911679890190153e-07,-4.246516392183732e-09,1.3099299851939145e-07,4.006544040606784e-09
1088.0,2.2012627498568804e-08,1.99742558919556e-09,-1.2951032701130627e-07,-4.640714131188731e-09,1.3136773032965987e-07,4.367422575431974e-09
1089.0,2.1759443413760238e-08,1.8350606379580178e-09,-1.2993289860013801e-07,-5.033454512016137e-09,1.3174229205653886e-07,4.727243554057078e-09
1090.0,2.1435279745629643e-08,1.6721957126266452e-09,-1.3034794558303142e-07,-5.424676118127883e-09,1.320986681821218e-07,5.08595222007832e-09
1091.0,2.1038266545536644e-08,1.5088634194980673e-09,-1.3074008041111251e-07,-5.814317852042959e-09,1.3242196677721266e-07,5.443493686140375e-09
1092.0,2.0775326625699364e-08,1.3450954450294498e-09,-1.3110745775146704e-07,-6.202318945971402e-09,1.3274328485636178e-07,5.7998129473188e-09
1093.0,2.0766646346981332e-08,1.180922560561304e-09,-1.3146631286375943e-07,-6.5886189731648246e-09,1.3309637492618825e-07,6.154854896090251e-09
1094.0,2.0765530045485647e-08,1.0163746308198539e-09,-1.3186570331502612e-07,-6.973157859943676e-09,1.3349071484128197e-07,6.5085643388135e-09
1095.0,2.0647942605700464e-08,8.514806261098574e-10,-1.3228725513278472e-07,-7.355875898360045e-09,1.3388896670157245e-07,6.860886013639544e-09
1096.0,2.041167651567477e-08,6.862686380881351e-10,-1.327000322959293e-07,-7.736713759451669e-09,1.342606983056517e-07,7.211764609762913e-09
1097.0,2.0091018793078064e-08,5.207658989929502e-10,-1.3311046197575505e-07,-8.115612507038473e-09,1.346181418811846e-07,7.561144787919317e-09
1098.0,1.9875299628324683e-08,3.549988041979856e-10,-1.3352229497401447e-07,-8.492513612008402e-09,1.3499344721297924e-07,7.90897120202957e-09
1099.0,1.9774554382845366e-08,1.889929379588041e-10,-1.3392102387113636e-07,-8.86735896703581e-09,1.3537309051555845e-07,8.255188521886387e-09
1100.0,1.9706778597861074e-08,2.277310221901629e-11,-1.3432679042690854e-07,-9.240090901674438e-09,1.35764663108998e-07,8.5997414567797e-09
1101.0,1.9536396972386072e-08,-1.436366516597138e-10,-1.3472948113060768e-07,-9.610652197767808e-09,1.3613854668089206e-07,8.942574779956955e-09
1102.0,1.9330652911708768e-08,-3.1021298838306393e-10,-1.3511362802892668e-07,-9.978986105123019e-09,1.3648943776399738e-07,9.283633353818197e-09
1103.0,1.9139836410220212e-08,-4.76933251564075e-10,-1.3550246438093216e-07,-1.0345036357398977e-08,1.3684754726013828e-07,9.622862155751401e-09
1104.0,1.89472803835411e-08,-6.437754240517547e-10,-1.3587663136652162e-07,-1.070874718816724e-08,1.3719132037212166e-07,9.96020630452228e-09
1105.0,1.8699578857583887e-08,-8.107180858730134e-10,-1.362311145731987e-07,-1.107006334711235e-08,1.3750851183583868e-07,1.0295611087143516e-08
1106.0,1.8386162842221054e-08,-9.777403699019652e-10,-1.3657402229971805e-07,-1.142893011634835e-08,1.3780607588631406e-07,1.0629021986160895e-08
1107.0,1.809651375972443e-08,-1.1448219153607125e-09,-1.3688674644143917e-07,-1.1785293326838527e-08,1.3807775042192262e-07,1.0960384707306422e-08
1108.0,1.7858144102378404e-08,-1.3119428192489726e-09,-1.3718990687569543e-07,-1.2139099374915075e-08,1.3834733051036186e-07,1.1289645207480427e-08
1109.0,1.7658471518355867e-08,-1.4790835857991003e-09,-1.3751509974485598e-07,-1.2490295238903313e-08,1.3864423635406656e-07,1.1616749723033921e-08
1110.0,1.758626974601718e-08,-1.646225074059832e-09,-1.3785715550704292e-07,-1.2838828495859567e-08,1.389743580955591e-07,1.1941644798327512e-08
1111.0,1.750186132132292e-08,-1.813348443726011e-09,-1.3822717672209994e-07,-1.3184647338432054e-08,1.3933078458931275e-07,1.226427731454303e-08
1112.0,1.720162554064153e-08,-1.980435099349198e-09,-1.3860597221013182e-07,-1.3527700591849857e-08,1.396692931662371e-07,1.258459451871912e-08
1113.0,1.6844477451760653e-08,-2.147466633081086e-09,-1.3895664131499674e-07,-1.3867937731037296e-08,1.3997387108374023e-07,1.2902544052973803e-08
1114.0,1.6548388132031633e-08,-2.314424766115607e-09,-1.392861530558065e-07,-1.4205308897841713e-08,1.4026575342133203e-07,1.3218073983867607e-08
1115.0,1.6338890129752315e-08,-2.4812912890088048e-09,-1.3960373991886432e-07,-1.4539764918353056e-08,1.4055662037060379e-07,1.3531132831851435e-08
1116.0,1.631848306482553e-08,-2.648048001072922e-09,-1.39904883133396e-07,-1.4871257320284466e-08,1.4085336067735902e-07,1.3841669600733841e-08
1117.0,1.6351359516386665e-08,-2.8146766490658987e-09,-1.402406920349153e-07,-1.519973835037366e-08,1.4119071733108407e-07,1.4149633807091853e-08
1118.0,1.6303912192539016e-08,-2.981158865427418e-09,-1.4062213770163479e-07,-1.5525160991754326e-08,1.4156413092503185e-07,1.4454975509537167e-08
1119.0,1.6158993809689548e-08,-3.147476106340313e-09,-1.4103401774559488e-07,-1.584747898123425e-08,1.4195670904330782e-07,1.4757645337735715e-08
1120.0,1.5927784591251992e-08,-3.3136095899138807e-09,-1.414461851048654e-07,-1.616664682640332e-08,1.4234014754349937e-07,1.5057594521064836e-08
1121.0,1.5635577776951237e-08,-3.4795402347895103e-09,-1.4183517494520403e-07,-1.6482619822482177e-08,1.4269438722022576e-07,1.535477491678125e-08
1122.0,1.549210490447983e-08,-3.6452485994611253e-09,-1.4219614236435363e-07,-1.6795354068813436e-08,1.4303757624370923e-07,1.564913903756698e-08
1123.0,1.5473967079904227e-08,-3.810714822588659e-09,-1.425551074060727e-07,-1.7104806484895026e-08,1.4339247645796093e-07,1.5940640078321472e-08
1124.0,1.541096267265729e-08,-3.975918564567008e-09,-1.42913321159871e-07,-1.74109348258596e-08,1.4374183502182817e-07,1.6229231942075877e-08
1125.0,1.5269089909120126e-08,-4.140838950596019e-09,-1.432493986278094e-07,-1.7713697697314893e-08,1.4406087363986737e-07,1.6514869264920163e-08
1126.0,1.506232835679633e-08,-4.305454515475628e-09,-1.4356486139829872e-07,-1.8013054569476322e-08,1.4435284259009475e-07,1.6797507439853808e-08
1127.0,1.476899877395077e-08,-4.469743150320452e-09,-1.438429160990906e-07,-1.830896579054375e-08,1.4459912806332887e-07,1.7077102639496426e-08
1128.0,1.4486505578448217e-08,-4.6336820513500215e-09,-1.4407150505935107e-07,-1.860139259929861e-08,1.4479798829383312e-07,1.7353611837624214e-08
1129.0,1.4275765652937977e-08,-4.797247670868137e-09,-1.4427832597738166e-07,-1.8890297136923585e-08,1.4498287082208439e-07,1.7626992829530077e-08
1130.0,1.4093706091067304e-08,-4.960415670503222e-09,-1.4450274491220605e-07,-1.9175642458072232e-08,1.4518841495981515e-07,1.7897204251236272e-08
1131.0,1.3900338879935248e-08,-5.123160876744897e-09,-1.4476536075794244e-07,-1.9457392541238227e-08,1.4543118336984767e-07,1.8164205597615558e-08
1132.0,1.365468121905522e-08,-5.285457238781283e-09,-1.4505165075659465e-07,-1.973551229849011e-08,1.456929363641461e-07,1.8427957239497518e-08
1133.0,1.3341645455078321e-08,-5.447277788615404e-09,-1.4532932630928475e-07,-2.000996758464683e-08,1.45940441923956e-07,1.868842043984994e-08
1134.0,1.2951988342946308e-08,-5.608594603416574e-09,-1.4557421377375812e-07,-2.0280725205972853e-08,1.461492583555717e-07,1.8945557369131986e-08
1135.0,1.2519805497879233e-08,-5.769378770044939e-09,-1.457837864801692e-07,-2.0547752928470745e-08,1.463203947855537e-07,1.9199331119917854e-08
1136.0,1.2175044195039675e-08,-5.929600351678162e-09,-1.459757084029678e-07,-2.0811019485845217e-08,1.4648255576996005e-07,1.9449705720887577e-08
1137.0,1.196810803238968e-08,-6.089228356473861e-09,-1.461724573846579e-07,-2.1070494587206012e-08,1.4666159315834728e-07,1.9696646150275795e-08
1138.0,1.1884350281654577e-08,-6.248230708223493e-09,-1.4639599275889648e-07,-2.132614892456589e-08,1.468775833048731e-07,1.9940118348856918e-08
1139.0,1.1857530513026404e-08,-6.406574218992997e-09,-1.466611002538809e-07,-2.1577954180173187e-08,1.4713965936329422e-07,2.018008923252589e-08
1140.0,1.1819070111496188e-08,-6.5642245637973616e-09,-1.469718059754488e-07,-2.1825883033694986e-08,1.474462687557248e-07,2.0416526704506543e-08
1141.0,1.1735397514867074e-08,-6.721146257411582e-09,-1.4731514915919397e-07,-2.2069909169238006e-08,1.477818416674644e-07,2.064939966718653e-08
1142.0,1.1624354340211696e-08,-6.8773026334707044e-09,-1.4766625356862906e-07,-2.2310007282162413e-08,1.4812308414565724e-07,2.08786780335423e-08
1143.0,1.1483859418959241e-08,-7.032655826051267e-09,-1.4799537024004494e-07,-2.2546153085612655e-08,1.48440252760639e-07,2.110433273808338e-08
1144.0,1.1327728588472752e-08,-7.187166753953842e-09,-1.4830132379420324e-07,-2.2778323316662908e-08,1.4873331864141006e-07,2.1326335747216907e-08
1145.0,1.1215922690599456e-08,-7.340795107923237e-09,-1.485906692133554e-07,-2.3006495741955744e-08,1.4901336818914706e-07,2.1544660068913005e-08
1146.0,1.1164218938208847e-08,-7.493499341051362e-09,-1.4886970681540768e-07,-2.3230649162702514e-08,1.492877402595595e-07,2.175927976154063e-08
1147.0,1.1132448463069267e-08,-7.64523666260976e-09,-1.4913940390298697e-07,-2.345076341891228e-08,1.4955431523470388e-07,2.1970169941741665e-08
1148.0,1.1100254354579064e-08,-7.795963035554056e-09,-1.4940179839106893e-07,-2.366681939272214e-08,1.4981359420700766e-07,2.2177306791216916e-08
1149.0,1.1016285661469283e-08,-7.945633177929252e-09,-1.4963528848638274e-07,-2.387879901071409e-08,1.500402549657194e-07,2.238066756231051e-08
1150.0,1.0850369464021625e-08,-8.094200568380272e-09,-1.498297475775734e-07,-2.408668524512116e-08,1.5022211480559424e-07,2.258023058229799e-08
1151.0,1.0611926476444822e-08,-8.241617455935037e-09,-1.4999624171202486e-07,-2.4290462113847352e-08,1.5037115917380453e-07,2.2775975256307283e-08
1152.0,1.0318765009120767e-08,-8.387834874179186e-09,-1.501570623639592e-07,-2.449011467925077e-08,1.5051119655722424e-07,2.296788206882918e-08
1153.0,1.001758032082023e-08,-8.532802659886203e-09,-1.5032998016556443e-07,-2.468562904566477e-08,1.5066338258536172e-07,2.315593258380243e-08
1154.0,9.761522978823933e-09,-8.676469476110563e-09,-1.5051298686216685e-07,-2.4876992355656038e-08,1.5082919659348756e-07,2.3340109443285777e-08
1155.0,9.554314367443695e-09,-8.818782839700171e-09,-1.5069479025048294e-07,-2.5064192785039738e-08,1.5099736663819336e-07,2.3520396364752758e-08
1156.0,9.360277136716277e-09,-8.959689153142403e-09,-1.5085791798749582e-07,-2.5247219536689225e-08,1.511480274684329e-07,2.3696778137064525e-08
1157.0,9.146020329975357e-09,-9.099133740626225e-09,-1.5099079377425828e-07,-2.5426062833191994e-08,1.5126754275936698e-07,2.3869240615190802e-08
1158.0,8.89828091765743e-09,-9.237060888180428e-09,-1.5109788174469396e-07,-2.5600713908414765e-08,1.5135966857463407e-07,2.4037770713760806e-08
1159.0,8.659337635830155e-09,-9.373413887732649e-09,-1.5119678024519412e-07,-2.5771164998048806e-08,1.5144454590643013e-07,2.4202356399533624e-08
1160.0,8.449596494708445e-09,-9.508135084924992e-09,-1.513142451406435e-07,-2.5937409329210734e-08,1.515499800838197e-07,2.4362986682881248e-08
1161.0,8.264070344710106e-09,-9.64116593051968e-09,-1.514626027758481e-07,-2.6099441109172683e-08,1.516878864586644e-07,2.45196516083746e-08
1162.0,8.103264392822496e-09,-9.772447035233073e-09,-1.516372119987619e-07,-2.625725551328787e-08,1.5185357077322036e-07,2.4672342244553643e-08
1163.0,7.962102921421632e-09,-9.901918227848301e-09,-1.5183369682369996e-07,-2.6410848672163282e-08,1.5204231836591595e-07,2.4821050672946045e-08
1164.0,7.835560811297881e-09,-1.0029518616474346e-08,-1.5204303425997434e-07,-2.656021765811193e-08,1.5224480378721397e-07,2.496576997637744e-08
1165.0,7.704193949464866e-09,-1.0155186652840482e-08,-1.5225253764336588e-07,-2.6705360470895585e-08,1.524473345888852e-07,2.5106494226591834e-08
1166.0,7.586015732252704e-09,-1.0278860199537646e-08,-1.5245309226835646e-07,-2.6846276022747652e-08,1.5264171440623297e-07,2.5243218471177135e-08
1167.0,7.501018944866544e-09,-1.0400476600140513e-08,-1.5264520292906925e-07,-2.6982964122647594e-08,1.5282939266537696e-07,2.5375938719769475e-08
1168.0,7.43902203725888e-09,-1.051997275216489e-08,-1.5282846464043098e-07,-2.711542545980429e-08,1.5300940707427855e-07,2.55046519294937e-08
1169.0,7.397054468949449e-09,-1.0637285182833017e-08,-1.530038675340295e-07,-2.7243661586297327e-08,1.5318257046801197e-07,2.5629355989586374e-08
1170.0,7.3719778614922404e-09,-1.0752350127633196e-08,-1.5316673484394583e-07,-2.7367674898822046e-08,1.5334404038092235e-07,2.5750049705142304e-08
1171.0,7.3457049054592716e-09,-1.0865103611668018e-08,-1.5330698451693214e-07,-2.748746861948616e-08,1.5348286836723166e-07,2.5866732779925773e-08
1172.0,7.29473387250934e-09,-1.0975481533785031e-08,-1.534262145559684e-07,-2.7603046775612533e-08,1.5359953273120587e-07,2.5979405798192892e-08
1173.0,7.198267759633836e-09,-1.1083419753473784e-08,-1.5353271463555695e-07,-2.7714414178513288e-08,1.537013647372812e-07,2.6088070205481035e-08
1174.0,7.054581585563824e-09,-1.1188854180492906e-08,-1.5364263077077833e-07,-2.7821576401213854e-08,1.5380450289738952e-07,2.6192728288334562e-08
1175.0,6.879543712479119e-09,-1.1291720867161308e-08,-1.5375551710994362e-07,-2.792453975512066e-08,1.539093472256902e-07,2.6293383152950763e-08
1176.0,6.712035122147242e-09,-1.1391956103211029e-08,-1.5386496110894599e-07,-2.8023311265641674e-08,1.5401129073070714e-07,2.6390038702746217e-08
1177.0,6.567287491598961e-09,-1.1489496513059517e-08,-1.5396185807509122e-07,-2.8117898646784374e-08,1.5410185919362507e-07,2.6482699614859416e-08
1178.0,6.40412650687594e-09,-1.1584279155319653e-08,-1.540338098876548e-07,-2.820831027477064e-08,1.5416688173801224e-07,2.6571371315621194e-08
1179.0,6.216825249039104e-09,-1.1676241624329257e-08,-1.540741231091658e-07,-2.8294555160722847e-08,1.5419949522626676e-07,2.665605995503971e-08
1180.0,6.011382502890683e-09,-1.1765322153449554e-08,-1.5408863191651578e-07,-2.8376642922489473e-08,1.5420584685899413e-07,2.6736772380361177e-08
1181.0,5.8049786089142685e-09,-1.1851459719855004e-08,-1.541015519634925e-07,-2.8454583755691007e-08,1.542108494698312e-07,2.681351610878018e-08
1182.0,5.623438409374515e-09,-1.1934594150515983e-08,-1.5412965681874113e-07,-2.8528388404076002e-08,1.5423220860315444e-07,2.6886299299382567e-08
1183.0,5.491503002330589e-09,-1.201466622906287e-08,-1.5417876925508112e-07,-2.8598068129281353e-08,1.5427653578634746e-07,2.6955130724407942e-08
1184.0,5.392718827046394e-09,-1.2091617803215975e-08,-1.5424615920286988e-07,-2.866363468008864e-08,1.543403999126109e-07,2.702001973991599e-08
1185.0,5.312948719859989e-09,-1.2165391892470356e-08,-1.5434250998092036e-07,-2.8725100261260238e-08,1.5443392700864134e-07,2.708097625593209e-08
1186.0,5.246750200971206e-09,-1.2235932795736396e-08,-1.5446267807861513e-07,-2.8782477502025538e-08,1.545517625486338e-07,2.7138010706133603e-08
1187.0,5.194369850913816e-09,-1.2303186198653104e-08,-1.545895425142385e-07,-2.8835779424271848e-08,1.5467678601816642e-07,2.7191134017121217e-08
1188.0,5.1579154836112195e-09,-1.2367099280308965e-08,-1.54704201397321e-07,-2.8885019410478247e-08,1.5479016125748732e-07,2.724035757730287e-08
1189.0,5.120758678200943e-09,-1.2427620819122476e-08,-1.5479280654831507e-07,-2.8930211171417055e-08,1.5487748425302002e-07,2.7285693205403284e-08
1190.0,5.075229375650636e-09,-1.2484701297649765e-08,-1.5484934013168528e-07,-2.897136871363826e-08,1.5493248882153098e-07,2.7327153118602373e-08
1191.0,5.026642768690692e-09,-1.2538293006098695e-08,-1.5488433351834585e-07,-2.9008506306748495e-08,1.5496587981535232e-07,2.7364749900301595e-08
1192.0,4.983793516766255e-09,-1.258835014433719e-08,-1.549222114274884e-07,-2.9041638450497094e-08,1.550023541479328e-07,2.7398496467518274e-08
1193.0,4.94899540792737e-09,-1.263482892218803e-08,-1.5496544804663448e-07,-2.9070779841686497e-08,1.5504445376678862e-07,2.7428406037912748e-08
1194.0,4.920326729385138e-09,-1.2677687657803456e-08,-1.550119442181308e-07,-2.9095945340930778e-08,1.5509001407379136e-07,2.745449209646004e-08
1195.0,4.8692391785287725e-09,-1.271688687391099e-08,-1.5505775961474622e-07,-2.9117149939293367e-08,1.551341945121131e-07,2.747676836178578e-08
1196.0,4.786836704795405e-09,-1.2752389391717057e-08,-1.5510135726107266e-07,-2.913440872484285e-08,1.5517520687875776e-07,2.749524875219437e-08
1197.0,4.6900847650022115e-09,-1.2784160422247666e-08,-1.5512991891758476e-07,-2.9147736849174272e-08,1.5520080102396162e-07,2.7509947351427183e-08
1198.0,4.600477943039749e-09,-1.2812167654896471e-08,-1.5514556119325396e-07,-2.9157149493953062e-08,1.5521375440106492e-07,2.7520878374199158e-08
1199.0,4.530631925181439e-09,-1.2836381342941595e-08,-1.551513353799383e-07,-2.9162661837550022e-08,1.552174716190789e-07,2.7528056131574764e-08
1200.0,4.4526307363401685e-09,-1.285677438578573e-08,-1.5513710746942189e-07,-2.9164289021848386e-08,1.5520099237586453e-07,2.753149499625804e-08
1201.0,4.352737309476495e-09,-1.2873322407670402e-08,-1.5508556700655207e-07,-2.916204611931721e-08,1.5514663842903287e-07,2.753120936788578e-08
1202.0,4.242360768236253e-09,-1.288600383261593e-08,-1.550091901676709e-07,-2.9155948100458352e-08,1.5506723271318487e-07,2.752721363842729e-08
1203.0,4.13965403622818e-09,-1.2894799955343584e-08,-1.549326269015272e-07,-2.914600980174586e-08,1.5498792086529676e-07,2.751952215780648e-08
1204.0,4.076398940622283e-09,-1.289969500794679e-08,-1.5488172441097126e-07,-2.9132245894184573e-08,1.5493535937557688e-07,2.7508149199871402e-08
1205.0,4.03379984970087e-09,-1.2900676222094683e-08,-1.5486142420154114e-07,-2.9114670852617912e-08,1.5491395110498318e-07,2.7493108928840115e-08
1206.0,4.0247259136538815e-09,-1.2897733886574517e-08,-1.5486803669334526e-07,-2.9093298925911468e-08,1.549203253544588e-07,2.7474415366349457e-08
1207.0,4.0537596057710346e-09,-1.2890861400008705e-08,-1.5489214157810016e-07,-2.9068144108130293e-08,1.5494517898144366e-07,2.7452082359225064e-08
1208.0,4.089429517240006e-09,-1.2880055318615779e-08,-1.5491262129324612e-07,-2.9039220110814813e-08,1.549665888819947e-07,2.74261235480788e-08
1209.0,4.134692505042281e-09,-1.2865315398919931e-08,-1.549151051501163e-07,-2.9006540336446134e-08,1.5497027290994505e-07,2.7396552336826006e-08
1210.0,4.201523212676861e-09,-1.2846644635348526e-08,-1.549006829158761e-07,-2.8970117853178348e-08,1.5495765345768326e-07,2.7363381863202827e-08
1211.0,4.303512962655631e-09,-1.2824049292688536e-08,-1.5487696335136913e-07,-2.8929965370905372e-08,1.5493674193283232e-07,2.7326624970354178e-08
1212.0,4.399025310686255e-09,-1.2797538933399767e-08,-1.5484023766984545e-07,-2.8886095218722636e-08,1.5490271342148363e-07,2.7286294179557e-08
1213.0,4.4619932471068324e-09,-1.2767126439803327e-08,-1.547960398751158e-07,-2.8838519323840164e-08,1.5486033496268716e-07,2.724240166414049e-08
1214.0,4.492163002689509e-09,-1.273282803117678e-08,-1.5474973844020745e-07,-2.878724919200123e-08,1.548149252357645e-07,2.7194959224664186e-08
1215.0,4.523217078666875e-09,-1.2694663275792228e-08,-1.547123434850195e-07,-2.8732295889460193e-08,1.5477845043599383e-07,2.7143978265415538e-08
1216.0,4.578444429137463e-09,-1.2652655097930709e-08,-1.5468942290985943e-07,-2.8673670026572615e-08,1.5475716369065454e-07,2.7089469772290025e-08
1217.0,4.6391162300540856e-09,-1.2606829779897634e-08,-1.5467894890972e-07,-2.8611381743051007e-08,1.5474850123736811e-07,2.7031444292118914e-08
1218.0,4.685170945650796e-09,-1.2557216959051068e-08,-1.5466564692867557e-07,-2.8545440694940373e-08,1.5473659284944754e-07,2.6969911913512524e-08
1219.0,4.702003841838831e-09,-1.2503849619838712e-08,-1.5461770935115693e-07,-2.8475856043370277e-08,1.5468918800332332e-07,2.690488224929154e-08
1220.0,4.680477366791891e-09,-1.244676408082076e-08,-1.5453088410971594e-07,-2.8402636445145492e-08,1.5460174970585393e-07,2.6836364420586305e-08
1221.0,4.64614605122371e-09,-1.2385999976635024e-08,-1.5441831908297177e-07,-2.8325790045245943e-08,1.5448820000744323e-07,2.6764367042694648e-08
1222.0,4.626230981630286e-09,-1.2321600234839551e-08,-1.5428759593885677e-07,-2.8245324471317914e-08,1.5435693788646926e-07,2.6688898212802386e-08
1223.0,4.635851369449995e-09,-1.2253611047548962e-08,-1.5413837095926142e-07,-2.8161246830250825e-08,1.5420806891954297e-07,2.6609965499684545e-08
1224.0,4.635681644105105e-09,-1.218208183776602e-08,-1.5397300941188963e-07,-2.8073563706944772e-08,1.5404277708370277e-07,2.6527575935518275e-08
1225.0,4.611548448663072e-09,-1.2107065220301346e-08,-1.5381077663606524e-07,-2.798228116538091e-08,1.538798927361334e-07,2.6441736009946567e-08
1226.0,4.5454801866906536e-09,-1.2028616957171799e-08,-1.5366202220715164e-07,-2.7887404752108188e-08,1.5372923748890045e-07,2.6352451666534628e-08
1227.0,4.52495940717057e-09,-1.1946795907372102e-08,-1.5355016485738004e-07,-2.7788939502254054e-08,1.5361682324981576e-07,2.6259728301755832e-08
1228.0,4.604455899892557e-09,-1.1861663970925481e-08,-1.5349295697311693e-07,-2.7686889948153666e-08,1.5356200329015372e-07,2.6163570766631568e-08
1229.0,4.756747828960073e-09,-1.1773286027138404e-08,-1.5346809528749006e-07,-2.7581260130672253e-08,1.5354179535578723e-07,2.6063983371129887e-08
1230.0,4.908783990398291e-09,-1.1681729867011537e-08,-1.534280031807722e-07,-2.7472053613271014e-08,1.5350650904865057e-07,2.5960969891403302e-08
1231.0,5.00229477284897e-09,-1.1587066119790972e-08,-1.5334445700385113e-07,-2.7359273498841408e-08,1.5342602597603974e-07,2.585453357992048e-08
1232.0,5.048616774638859e-09,-1.1489368173676055e-08,-1.5322288264563166e-07,-2.7242922449309735e-08,1.5330603477219732e-07,2.5744677178523016e-08
1233.0,5.0975206833392406e-09,-1.1388712090729125e-08,-1.5309075443795117e-07,-2.7123002707995243e-08,1.5317559796357297e-07,2.563140293441928e-08
1234.0,5.1808763390504e-09,-1.1285176516057283e-08,-1.5296087859176244e-07,-2.6999516124690765e-08,1.5304859313043168e-07,2.5514712619112827e-08
1235.0,5.301391325929217e-09,-1.1178842581358664e-08,-1.528360703134668e-07,-2.687246418342361e-08,1.5292798677434292e-07,2.5394607550250828e-08
1236.0,5.440745187712537e-09,-1.1069793802947788e-08,-1.5271664897259507e-07,-2.6741848032844166e-08,1.52813535335115e-07,2.5271088616367165e-08
1237.0,5.589214868706449e-09,-1.095811597439681e-08,-1.5260115496240623e-07,-2.6607668519178908e-08,1.5270347677348046e-07,2.5144156304483337e-08
1238.0,5.720939166842243e-09,-1.0843897053951009e-08,-1.524826676729818e-07,-2.6469926221673787e-08,1.5258995080155087e-07,2.5013810730518517e-08
1239.0,5.80755077361772e-09,-1.072722704689546e-08,-1.5236069893925785e-07,-2.6328621490442848e-08,1.5247134231470293e-07,2.488005167244823e-08
1240.0,5.891605980856696e-09,-1.0608197883064304e-08,-1.5224436171815126e-07,-2.6183754486627038e-08,1.5235831679301575e-07,2.474287860614024e-08
1241.0,6.016501352679171e-09,-1.0486903289694243e-08,-1.521356918221528e-07,-2.6035325224759454e-08,1.5225461245798712e-07,2.4602290743786643e-08
1242.0,6.170376487535378e-09,-1.0363438659830782e-08,-1.5201876049295016e-07,-2.5883333617226514e-08,1.5214393542895778e-07,2.4458287074843443e-08
1243.0,6.285518661108824e-09,-1.0237900916500856e-08,-1.5186823846408126e-07,-2.5727779520710155e-08,1.5199825524992777e-07,2.4310866409383777e-08
1244.0,6.30768873244314e-09,-1.0110388372868912e-08,-1.5166753137424438e-07,-2.5568662784494665e-08,1.517986396852844e-07,2.4160027423768077e-08
1245.0,6.270281183162751e-09,-9.981000588595299e-09,-1.5141957792827454e-07,-2.5405983300522665e-08,1.515493484185687e-07,2.4005768708534708e-08
1246.0,6.259106649642021e-09,-9.849838222616662e-09,-1.5117043836165855e-07,-2.523974105508751e-08,1.5129995984965628e-07,2.3848088818415937e-08
1247.0,6.3135898453747785e-09,-9.717002882570833e-09,-1.5095329185255135e-07,-2.5069936182051215e-08,1.5108526644864206e-07,2.36869863243848e-08
1248.0,6.44162406748805e-09,-9.582596971097674e-09,-1.507806237643905e-07,-2.4896569017475073e-08,1.509181600186191e-07,2.3522459867634656e-08
1249.0,6.581724665277733e-09,-9.446723529265087e-09,-1.5062651094813195e-07,-2.471964015554255e-08,1.5077023877402742e-07,2.3354508215383596e-08
1250.0,6.722055106989089e-09,-9.30948607739571e-09,-1.5047434720472097e-07,-2.453915050564066e-08,1.5062441764716741e-07,2.3183130318379864e-08
1251.0,6.844042638176617e-09,-9.170988453601161e-09,-1.5031502454201928e-07,-2.4355101350448475e-08,1.5047075304756416e-07,2.3008325369963978e-08
1252.0,6.952293907236395e-09,-9.031334650363643e-09,-1.5014279322600466e-07,-2.4167494404862763e-08,1.5030366844584795e-07,2.2830092866521325e-08
1253.0,7.071013718995545e-09,-8.89062864953634e-09,-1.4996252635512963e-07,-2.3976331875572695e-08,1.5012913956266843e-07,2.264843266913822e-08
1254.0,7.2219703550757686e-09,-8.748974256163932e-09,-1.4978493905956625e-07,-2.3781616521079953e-08,1.4995894379758603e-07,2.246334506625517e-08
1255.0,7.405820262595952e-09,-8.60647493155267e-09,-1.496126204002246e-07,-2.3583351711946945e-08,1.4979580220014038e-07,2.22748308370947e-08
1256.0,7.569273763330386e-09,-8.463233626046003e-09,-1.4943268865016957e-07,-2.338154149104476e-08,1.496242705663849e-07,2.208289131562662e-08
1257.0,7.74798311620195e-09,-8.319352611985867e-09,-1.4926227878686582e-07,-2.317619063356325e-08,1.494632366537571e-07,2.1887528454821325e-08
1258.0,7.975729660048003e-09,-8.174933317360101e-09,-1.4911224046829097e-07,-2.296730470653894e-08,1.4932539141446641e-07,2.168874489093208e-08
1259.0,8.197858447633877e-09,-8.030076160651052e-09,-1.489529929121769e-07,-2.2754890127652394e-08,1.4917841325279762e-07,2.148654400754023e-08
1260.0,8.348331692609179e-09,-7.884880387408401e-09,-1.4875325633073588e-07,-2.253895422304625e-08,1.4898733473368612e-07,2.128092999909457e-08
1261.0,8.44738037852899e-09,-7.739443909068899e-09,-1.4852121555872233e-07,-2.231950528391885e-08,1.487612506881413e-07,2.1071907933677514e-08
1262.0,8.56019502504246e-09,-7.593863144536884e-09,-1.4828595399155042e-07,-2.2096552621656692e-08,1.485328283244178e-07,2.0859483814737606e-08
1263.0,8.717630423094036e-09,-7.4482328650231465e-09,-1.480610453095943e-07,-2.1870106621281326e-08,1.4831746430668033e-07,2.064366464153873e-08
1264.0,8.891176517256127e-09,-7.302646042618467e-09,-1.4785133572656206e-07,-2.164017879300085e-08,1.4811843401815175e-07,2.042445846809007e-08
1265.0,9.037327775018866e-09,-7.1571937030543004e-09,-1.4764034561576267e-07,-2.1406781821671842e-08,1.47916682449462e-07,2.0201874460335743e-08
1266.0,9.14570619237054e-09,-7.011964783077059e-09,-1.4740594132117701e-07,-2.116992961399357e-08,1.4768938851027668e-07,1.9975922951398158e-08
1267.0,9.223690117243777e-09,-6.867045992833728e-09,-1.4714388647113497e-07,-2.0929637343272847e-08,1.474326957808518e-07,1.9746615494685364e-08
1268.0,9.31395499614851e-09,-6.722521683634957e-09,-1.4687912693392424e-07,-2.068592149161573e-08,1.4717414068559093e-07,1.9513964914690148e-08
1269.0,9.43298392175329e-09,-6.578473721428256e-09,-1.4662835103040894e-07,-2.043879988942103e-08,1.4693146195272435e-07,1.9277985355327093e-08
1270.0,9.512375220843694e-09,-6.4349813662806135e-09,-1.4636916760915608e-07,-2.018829175206926e-08,1.4667794145316925e-07,1.903869232567269e-08
1271.0,9.53475134957138e-09,-6.292121158138187e-09,-1.460836747610439e-07,-1.9934417713719033e-08,1.463945064371905e-07,1.8796102742991676e-08
1272.0,9.6016661288445e-09,-6.14996680910156e-09,-1.4580055434157413e-07,-1.9677199858139705e-08,1.4611637019430817e-07,1.8550234972949347e-08
1273.0,9.74775007933637e-09,-6.0085891024293045e-09,-1.4552853656868425e-07,-1.9416661746524417e-08,1.4585463169687848e-07,1.830110886692482e-08
1274.0,9.878251300277086e-09,-5.868055798461097e-09,-1.452384773524551e-07,-1.9152828442241514e-08,1.4557401949665e-07,1.8048745796353212e-08
1275.0,9.94448753899313e-09,-5.728431547634849e-09,-1.4492185206396724e-07,-1.8885726532493774e-08,1.4526264501950802e-07,1.77931686840356e-08
1276.0,9.995704958187801e-09,-5.589777810758999e-09,-1.4460649826880667e-07,-1.861538414686397e-08,1.4495155555970252e-07,1.7534402032363824e-08
1277.0,1.0054611532250846e-08,-5.4521527866900945e-09,-1.4431264722808423e-07,-1.8341830972731778e-08,1.4466248775353602e-07,1.7272471948412718e-08
1278.0,1.0171370079525843e-08,-5.31561134755656e-09,-1.4406233211222697e-07,-1.8065098267550194e-08,1.444209552070206e-07,1.700740616585449e-08
1279.0,1.0357731505816758e-08,-5.180204981663517e-09,-1.4383644636808968e-07,-1.7785218867969256e-08,1.4420889676350392e-07,1.673923406364859e-08
1280.0,1.052485365526934e-08,-5.04598174421126e-09,-1.4358714026455055e-07,-1.7502227195791844e-08,1.4397235635293516e-07,1.6467986681456073e-08
1281.0,1.0631420188644825e-08,-4.9129862159601e-09,-1.4329862658632453e-07,-1.7216159260742057e-08,1.436924614471977e-07,1.6193696731721963e-08
1282.0,1.0760599133963211e-08,-4.781259469974082e-09,-1.4301106279063225e-07,-1.692705266002391e-08,1.434153219646632e-07,1.5916398608365075e-08
1283.0,1.0907841518914552e-08,-4.650839046573264e-09,-1.4273005709622422e-07,-1.6634946574647605e-08,1.431462545975031e-07,1.5636128392013425e-08
1284.0,1.1088712364992759e-08,-4.521758936617707e-09,-1.4245465109960498e-07,-1.633988176250266e-08,1.4288557366586638e-07,1.535292385172495e-08
1285.0,1.126132020967674e-08,-4.394049573236636e-09,-1.421664702627723e-07,-1.6041900548161055e-08,1.4261178983464372e-07,1.5066824443136664e-08
1286.0,1.1394704124700894e-08,-4.2677378321029215e-09,-1.4186398372695308e-07,-1.5741046809398188e-08,1.4232086692038763e-07,1.4777871302990589e-08
1287.0,1.1568917296367331e-08,-4.142847040335259e-09,-1.4159710159944439e-07,-1.54373659604256e-08,1.4206892351522045e-07,1.4486107239991226e-08
1288.0,1.178262512557815e-08,-4.019396994087184e-09,-1.4136714049373111e-07,-1.5130904931836338e-08,1.418573179861519e-07,1.419157672195777e-08
1289.0,1.1932263677127963e-08,-3.897403984852602e-09,-1.4112297660323625e-07,-1.4821712147272837e-08,1.416265280299495e-07,1.3894325859244859e-08
1290.0,1.2071165705895837e-08,-3.776880834481685e-09,-1.408584638096233e-07,-1.4509837496838167e-08,1.4137474975506113e-07,1.3594402384419176e-08
1291.0,1.2240441521482737e-08,-3.65783693885802e-09,-1.4057349039323097e-07,-1.419533230728655e-08,1.4110540248330905e-07,1.329185562819747e-08
1292.0,1.2361885626255287e-08,-3.5402783201379486e-09,-1.402454543504572e-07,-1.3878249309049427e-08,1.4078921720857318e-07,1.2986736491675638e-08
1293.0,1.2394638121415724e-08,-3.4242076873964796e-09,-1.398835702583201e-07,-1.355864260017866e-08,1.4043162137629555e-07,1.2679097414908579e-08
1294.0,1.2359654522065e-08,-3.3096245054626054e-09,-1.395116855894274e-07,-1.3236567607318324e-08,1.400581003580587e-07,1.2368992341935315e-08
1295.0,1.2377188607359813e-08,-3.196525071662428e-09,-1.391620873154864e-07,-1.2912081043847935e-08,1.3971142166560764e-07,1.2056476682380911e-08
1296.0,1.247968386963727e-08,-3.0849026001249386e-09,-1.3883745573345374e-07,-1.2585240865370724e-08,1.393972080926473e-07,1.1741607269802954e-08
1297.0,1.254656281646227e-08,-2.9747473132465537e-09,-1.384834318295114e-07,-1.2256106222748616e-08,1.3905062793740402e-07,1.1424442316983787e-08
1298.0,1.251320608242068e-08,-2.866046539859065e-09,-1.380782329966912e-07,-1.192473741290993e-08,1.386440721918888e-07,1.110504136839892e-08
1299.0,1.2517774150566652e-08,-2.7587848196015386e-09,-1.3767258134553262e-07,-1.159119582767711e-08,1.3824049451599518e-07,1.0783465250117575e-08
1300.0,1.252540332563612e-08,-2.652944012958936e-09,-1.372800513023409e-07,-1.1255543900879338e-08,1.378502746244751e-07,1.0459776017412854e-08
1301.0,1.2512376745821285e-08,-2.5485034163996455e-09,-1.3691722168876486e-07,-1.0917845054028113e-08,1.374877636984461e-07,1.0134036900375699e-08
1302.0,1.2563893508898971e-08,-2.445439882022112e-09,-1.3657893934912457e-07,-1.0578163640841343e-08,1.3715559811336468e-07,9.806312247836995e-09
1303.0,1.2573051960673709e-08,-2.3437279411086913e-09,-1.362072206620435e-07,-1.0236564890902637e-08,1.3678628804117907e-07,9.476667469905367e-09
1304.0,1.2542809652016373e-08,-2.243339930982651e-09,-1.3580871878471346e-07,-9.893114852738107e-09,1.3638669352950858e-07,9.145168979425081e-09
1305.0,1.2608319055473771e-08,-2.1442461245714066e-09,-1.3542843630559576e-07,-9.547880336584404e-09,1.360140840853749e-07,8.811884132650385e-09
1306.0,1.2692557227467205e-08,-2.046414862094832e-09,-1.350461708952977e-07,-9.200928857109634e-09,1.3564132586514508e-07,8.476881169420323e-09
1307.0,1.2748812477925142e-08,-1.9498126843216244e-09,-1.3466963741728954e-07,-8.852328576333086e-09,1.3527173933124957e-07,8.140229153101442e-09
1308.0,1.2854484116031628e-08,-1.8544044668678409e-09,-1.34326300502835e-07,-8.502148246969777e-09,1.349399598661095e-07,7.801997910544475e-09
1309.0,1.2937431015380696e-08,-1.760153555047939e-09,-1.3399907013503243e-07,-8.150457156401881e-09,1.346221672620489e-07,7.46225797227524e-09
1310.0,1.3007476373783078e-08,-1.6670218988276275e-09,-1.3370121520681066e-07,-7.797325071451803e-09,1.343324584357497e-07,7.121080513110659e-09
1311.0,1.3096620510300028e-08,-1.5749701874680074e-09,-1.3342936995910937e-07,-7.442822184102522e-09,1.3407057185108032e-07,6.778537293359446e-09
1312.0,1.3214810662409704e-08,-1.4839579834907192e-09,-1.331437055086815e-07,-7.087019058282003e-09,1.337978981054106e-07,6.434700600736227e-09
1313.0,1.3418571170875637e-08,-1.3939438556338e-09,-1.328469922644293e-07,-6.729986577802665e-09,1.335229620925674e-07,6.089643193089838e-09
1314.0,1.3638779633451392e-08,-1.3048855105065949e-09,-1.3251513549666916e-07,-6.371795895525947e-09,1.3321515471443343e-07,5.7434382420236384e-09
1315.0,1.373741426169417e-08,-1.2167399226874318e-09,-1.321296133616201e-07,-6.012518383807517e-09,1.3284182804255825e-07,5.396159277469721e-09
1316.0,1.383602740712142e-08,-1.1294634630369052e-09,-1.3174721220921004e-07,-5.652225586270538e-09,1.3247174634354767e-07,5.047880133269561e-09
1317.0,1.3923872804744164e-08,-1.043012025019878e-09,-1.3139154481089932e-07,-5.290989170951204e-09,1.3212725790569203e-07,4.698674893810338e-09
1318.0,1.3974034374086841e-08,-9.573411488407373e-10,-1.3104163329447083e-07,-4.928880884860064e-09,1.3178460947003912e-07,4.34861784176628e-09
1319.0,1.4028356143391818e-08,-8.724061432011113e-10,-1.306796963591872e-07,-4.565972510002508e-09,1.3143050565456712e-07,3.99778340699558e-09
1320.0,1.4054882063740948e-08,-7.881622044900544e-10,-1.3029775819059508e-07,-4.202335820901519e-09,1.3105359781143154e-07,3.646246116645166e-09
1321.0,1.409911590255497e-08,-7.045645332160435e-10,-1.2991908529547125e-07,-3.838042543665278e-09,1.306818801259211e-07,3.2940805465168926e-09
1322.0,1.4235439910192937e-08,-6.215684474898942e-10,-1.2955956645369082e-07,-3.473164316641931e-09,1.3033928421279994e-07,2.9413612737506333e-09
1323.0,1.4286159588650094e-08,-5.391294933687518e-10,-1.2918790813151726e-07,-3.107772652703183e-09,1.2997542061170537e-07,2.588162830880863e-09
1324.0,1.4278358662078716e-08,-4.572035518737522e-10,-1.2881343072410067e-07,-2.7419389031976927e-09,1.2960235901014936e-07,2.234559661324216e-09
1325.0,1.4323949665273616e-08,-3.757469424968754e-10,-1.2845085085866348e-07,-2.37573422361358e-09,1.292470371820101e-07,1.8806260763556613e-09
1326.0,1.4353341543094089e-08,-2.9471652301558267e-10,-1.2805257478334942e-07,-2.0092295409876004e-09,1.2885449282853121e-07,1.5264362136305782e-09
1327.0,1.4347312893292496e-08,-2.1406978543815182e-10,-1.276242561180918e-07,-1.6424955230961548e-09,1.284281750121613e-07,1.1720639973092867e-09
1328.0,1.4360110739408682e-08,-1.337649479096175e-10,-1.2719491993690157e-07,-1.2756025494604839e-09,1.2800297042726346e-07,8.175830998386193e-10
1329.0,1.4428387595799563e-08,-5.376104241903274e-11,-1.2678656714781855e-07,-9.08620684193758e-10,1.2760490577459367e-07,4.630669054413698e-10
1330.0,1.452182799011048e-08,2.598200183603135e-11,-1.2642663704473533e-07,-5.416196507103309e-10,1.272579193709201e-07,1.0858847535702631e-10
1331.0,1.4599144865234948e-08,1.0550327955253564e-10,-1.2609191569687428e-07,-1.7466880830582497e-10,1.2693425950035618e-07,-2.457794851346547e-10
1332.0,1.4633077277670381e-08,1.8484083499521978e-10,-1.257485330689867e-07,1.9216286939891975e-10,1.265970794276721e-07,-5.999646578920524e-10
1333.0,1.4664297581790109e-08,2.6403159231956397e-10,-1.2540939594435363e-07,5.588068141750913e-10,1.2626384365563626e-07,-9.538951412957408e-10
1334.0,1.472759461607076e-08,3.4311129060127534e-10,-1.2508732118513e-07,9.251948811075812e-10,1.2595133966912456e-07,-1.3074994778609825e-09
1335.0,1.480199371406421e-08,4.221144236066416e-10,-1.2474610344356818e-07,1.2912593647807917e-09,1.2562121374300046e-07,-1.66070668011878e-09
1336.0,1.4888073301966287e-08,5.010741843153465e-10,-1.2436131227935854e-07,1.6569330138015628e-09,1.252493142435872e-07,-2.0134462548198974e-09
1337.0,1.491804810238584e-08,5.80022414183851e-10,-1.2394741096682926e-07,2.0221490437421076e-09,1.2484193544064097e-07,-2.36564822552751e-09
1338.0,1.4977069501265206e-08,6.589895571140795e-10,-1.23561277761558e-07,2.386841148592683e-09,1.2446566583967893e-07,-2.717243153672117e-09
1339.0,1.507518371246519e-08,7.380046180693828e-10,-1.2319663301660344e-07,2.75094351081886e-09,1.2411555724643162e-07,-3.0681621581490105e-09
1340.0,1.5119498320004254e-08,8.170951262578341e-10,-1.2283364971693578e-07,3.114390810123575e-09,1.2376067522533758e-07,-3.418336933545057e-09
1341.0,1.513010869369502e-08,8.962871027816842e-10,-1.2248978696269286e-07,3.477118231020613e-09,1.2342069558728353e-07,-3.767699767089524e-09
1342.0,1.5224040000871852e-08,9.756050326312054e-10,-1.2212794232857593e-07,3.839061469333859e-09,1.230731721024534e-07,-4.116183554432558e-09
1343.0,1.5358090355022114e-08,1.0550718408811642e-09,-1.2174858301725044e-07,4.200156737744499e-09,1.22713440201395e-07,-4.463721814364236e-09
1344.0,1.5379185952513197e-08,1.1347088729285331e-09,-1.2137814126012003e-07,4.560340770515536e-09,1.2234856981723828e-07,-4.810248702595568e-09
1345.0,1.5338635056538763e-08,1.2145358785911188e-09,-1.2102584685466655e-07,4.91955082752923e-09,1.2199397252441155e-07,-5.155699024730684e-09
1346.0,1.5420380722330762e-08,1.2945709998692764e-09,-1.206842817069731e-07,5.2777246977785925e-09,1.2166545932494428e-07,-5.50000824856614e-09
1347.0,1.5526673863286433e-08,1.374830762156268e-09,-1.203503772126413e-07,5.634800702459186e-09,1.213478096072686e-07,-5.843112515859904e-09
1348.0,1.559347370672093e-08,1.4553300686659184e-09,-1.200019299416044e-07,5.990717697812091e-09,1.2101082435861649e-07,-6.184948653718605e-09
1349.0,1.5728937957648625e-08,1.5360821978282392e-09,-1.196276774341476e-07,6.3454150778721525e-09,1.2065728613541756e-07,-6.525454185756686e-09
1350.0,1.596162968464654e-08,1.617098803385971e-09,-1.1926047911378634e-07,6.698832777277136e-09,1.2032387751664115e-07,-6.864567343184327e-09
1351.0,1.607604310782662e-08,1.6983899169103013e-09,-1.1893241553748157e-07,7.050911274292915e-09,1.200139934656992e-07,-7.2022270759823e-09
1352.0,1.6120814766429348e-08,1.7799639524451088e-09,-1.1865562018348319e-07,7.401591594208197e-09,1.1974571754288565e-07,-7.538373064321016e-09
1353.0,1.6215807308039842e-08,1.861827712988352e-09,-1.1837780282408783e-07,7.750815313249498e-09,1.1948329007903194e-07,-7.872945730378289e-09
1354.0,1.6388300105862896e-08,1.9439863985273668e-09,-1.1808478309754955e-07,8.098524563162454e-09,1.1921657762054383e-07,-8.205886250704652e-09
1355.0,1.6551591958124945e-08,2.026443615360605e-09,-1.1779368800854395e-07,8.444662036597237e-09,1.1895086435584425e-07,-8.537136569274731e-09
1356.0,1.6696158622320212e-08,2.1092013864601193e-09,-1.1749963592377899e-07,8.789170993421742e-09,1.1867993155947761e-07,-8.866639411346475e-09
1357.0,1.6781995015868745e-08,2.1922601626573888e-09,-1.1716571501202422e-07,9.13199526806515e-09,1.1836148077390516e-07,-9.194338298225633e-09
1358.0,1.683012632036629e-08,2.2756188344711606e-09,-1.1681077270037088e-07,9.473079277966973e-09,1.1801698933127042e-07,-9.52017756300096e-09
1359.0,1.686866760164385e-08,2.359274744440467e-09,-1.1644070443961319e-07,9.812368033173075e-09,1.176562348413721e-07,-9.844102367276722e-09
1360.0,1.6890512544165404e-08,2.4432236998770116e-09,-1.1605631737923727e-07,1.0149807147082616e-08,1.1727897602569209e-07,-1.0166058718885392e-08
1361.0,1.69256301474352e-08,2.527459986005657e-09,-1.1566259886658381e-07,1.0485342848310426e-08,1.168944555248881e-07,-1.0485993490517357e-08
1362.0,1.6915857936616874e-08,2.6119763795164545e-09,-1.152677825654036e-07,1.0818921993590292e-08,1.165023945988964e-07,-1.08038544391589e-08
1363.0,1.683204339797406e-08,2.6967641626041524e-09,-1.1488217876651219e-07,1.1150492081608427e-08,1.1610871062539687e-07,-1.1119590226187191e-08
1364.0,1.6751935616454716e-08,2.7818131376193525e-09,-1.144973095223989e-07,1.1480001267624081e-08,1.1571629632323124e-07,-1.1433150437933324e-08
1365.0,1.6751118103730533e-08,2.8671116424971903e-09,-1.1411503829036884e-07,1.180739837870767e-08,1.153379465819358e-07,-1.174448560649289e-08
1366.0,1.679220873462839e-08,2.952646567161874e-09,-1.1373303622150277e-07,1.2132632929405673e-08,1.1496600281104406e-07,-1.2053547230539255e-08
1367.0,1.6830736943029834e-08,3.0384033711265324e-09,-1.1335508042983888e-07,1.2455655137626494e-08,1.1459776596993814e-07,-1.236028779587801e-08
1368.0,1.689745074417992e-08,3.1243661025177277e-09,-1.1299854596469316e-07,1.2776415940532618e-08,1.142549571431667e-07,-1.2664660795471815e-08
1369.0,1.6969558952473207e-08,3.210517418755066e-09,-1.1265058542583861e-07,1.3094867010220858e-08,1.1392155339454263e-07,-1.296662074866283e-08
1370.0,1.700804355686536e-08,3.2968386091115346e-09,-1.1234166970297554e-07,1.3410960768975148e-08,1.1362184779911248e-07,-1.3266123219324397e-08
1371.0,1.7020459985861436e-08,3.3833096193719813e-09,-1.1204601237449485e-07,1.3724650403883606e-08,1.1333139435812022e-07,-1.3563124832683485e-08
1372.0,1.7046247441365736e-08,3.4699090787965483e-09,-1.1172803946260523e-07,1.4035889880622661e-08,1.1302092440778274e-07,-1.3857583290569352e-08
1373.0,1.707743149670371e-08,3.5566143295829163e-09,-1.1140819711208394e-07,1.434463395622438e-08,1.1270947187476994e-07,-1.4149457384860687e-08
1374.0,1.7129880763855354e-08,3.6434014590049103e-09,-1.1110900582575467e-07,1.4650838190657271e-08,1.124217238373949e-07,-1.4438707008921147e-08
1375.0,1.7222353765333764e-08,3.730245334384542e-09,-1.10818729737866e-07,1.4954458957064836e-08,1.1214900949153538e-07,-1.4725293166831985e-08
1376.0,1.7362147164412534e-08,3.817119641029857e-09,-1.1053447990586052e-07,1.5255453450520217e-08,1.1188974663577446e-07,-1.500917798024956e-08
1377.0,1.7448857775326232e-08,3.903996923243242e-09,-1.1023115895764102e-07,1.5553779695168884e-08,1.1160363364518328e-07,-1.5290324692734802e-08
1378.0,1.746141789493727e-08,3.990848628476256e-09,-1.0990543964153887e-07,1.5849396549644407e-08,1.1128390170056755e-07,-1.556869767142078e-08
1379.0,1.7516954331497914e-08,4.077645154679524e-09,-1.0956366350983737e-07,1.6142263710654698e-08,1.1095512629323916e-07,-1.584426240590247e-08
1380.0,1.7655234885172177e-08,4.164355900870691e-09,-1.0922921454825651e-07,1.643234171464785e-08,1.1064686452710557e-07,-1.6116985504250085e-08
1381.0,1.778015876197081e-08,4.250949320918868e-09,-1.0892728799158369e-07,1.671959193747929e-08,1.1036887294342684e-07,-1.6386834686065274e-08
1382.0,1.7849707850681185e-08,4.337392980519869e-09,-1.0864673209709519e-07,1.7003976592016437e-08,1.1010324457404806e-07,-1.665377877251915e-08
1383.0,1.788722689410882e-08,4.423653617313457e-09,-1.0837337742833353e-07,1.728545872363467e-08,1.0983961863182775e-07,-1.6917787673333854e-08
1384.0,1.7934711910028156e-08,4.509697204073199e-09,-1.0812177653196642e-07,1.7564002203578286e-08,1.0959914439321226e-07,-1.7178832370693806e-08
1385.0,1.7995302581397254e-08,4.595489014881584e-09,-1.0789726249613163e-07,1.7839571720181553e-08,1.0938761433158315e-07,-1.7436884900098468e-08
1386.0,1.8083784414368864e-08,4.680993694186373e-09,-1.0767783203274872e-07,1.811213276796597e-08,1.0918579930567077e-07,-1.7691918328193335e-08
1387.0,1.8178887201125704e-08,4.766175328617388e-09,-1.0743258524112398e-07,1.838165163464877e-08,1.0895977382255629e-07,-1.7943906727638887e-08
1388.0,1.8240576965533606e-08,4.850997521425491e-09,-1.0715269924133075e-07,1.864809538611331e-08,1.0869415624926043e-07,-1.8192825149096966e-08
1389.0,1.826680018357507e-08,4.935423469388189e-09,-1.0684355525661382e-07,1.8911431849403175e-08,1.083938249570507e-07,-1.8438649590429293e-08
1390.0,1.830800969160329e-08,5.01941604200991e-09,-1.065134740650675e-07,1.9171629593808853e-08,1.0807545223721087e-07,-1.8681356963214065e-08
1391.0,1.830925605572631e-08,5.102937862829548e-09,-1.0615929530929935e-07,1.9428657910120915e-08,1.0772662084128128e-07,-1.8920925056695274e-08
1392.0,1.8285925024175143e-08,5.185951392632006e-09,-1.0581112731833375e-07,1.9682486788128847e-08,1.0737955912726775e-07,-1.915733249928876e-08
1393.0,1.831427828835608e-08,5.2684190143427485e-09,-1.0553378466948704e-07,1.9933086892453406e-08,1.0711112218574226e-07,-1.9390558717781655e-08
1394.0,1.8387910832862175e-08,5.350303119362961e-09,-1.0533754715019716e-07,2.0180429536814817e-08,1.0693041711513754e-07,-1.9620583894381054e-08
1395.0,1.850488332011402e-08,5.431566195076877e-09,-1.0518077292465122e-07,2.0424486656859586e-08,1.0679618766471993e-07,-1.9847388921793488e-08
1396.0,1.865346999085915e-08,5.512170913232566e-09,-1.0502226477013266e-07,2.066523078169429e-08,1.0666596476921647e-07,-2.007095535654813e-08
1397.0,1.8806253443415244e-08,5.59208021886522e-09,-1.0483620180995468e-07,2.0902635004300546e-08,1.0650964453285679e-07,-2.0291265370808897e-08
1398.0,1.8895576214816856e-08,5.671257419401428e-09,-1.0461550525517338e-07,2.113667295102809e-08,1.0630826280343951e-07,-2.050830170294897e-08
1399.0,1.8962863557181464e-08,5.749666273557378e-09,-1.0437329060752898e-07,2.136731875037834e-08,1.0608192111067738e-07,-2.0722047607182042e-08
1400.0,1.9060188233277486e-08,5.827271079625618e-09,-1.0414249086709848e-07,2.1594547001299488e-08,1.0587232489886892e-07,-2.093248680255686e-08
1401.0,1.9205176393644052e-08,5.9040367627338355e-09,-1.039266837171704e-07,2.1818332741216463e-08,1.0568630180283419e-07,-2.113960342162683e-08
1402.0,1.9358403435809635e-08,5.9799289606540815e-09,-1.0371234398023899e-07,2.2038651414017745e-08,1.0550354533123036e-07,-2.1343381959106537e-08
1403.0,1.9496138620178627e-08,6.054914107741352e-09,-1.0348349420777336e-07,2.2255478838217614e-08,1.0530400274703467e-07,-2.154380722082408e-08
1404.0,1.9591371719362982e-08,6.128959516587353e-09,-1.032487622829037e-07,2.24687911755073e-08,1.0509104985105922e-07,-2.174086427327256e-08
1405.0,1.9650585075803306e-08,6.202033456990081e-09,-1.0305079539002504e-07,2.2678564899902256e-08,1.0490763520515649e-07,-2.193453839405552e-08
1406.0,1.9720758637209457e-08,6.274105231863307e-09,-1.0290862155482028e-07,2.288477676768549e-08,1.0478116582449488e-07,-2.2124815023510086e-08
1407.0,1.9855354638220746e-08,6.3451452497411e-09,-1.0280714464461216e-07,2.3087403788338537e-08,1.0470694388524441e-07,-2.231167971777792e-08
1408.0,2.0027916297626902e-08,6.4151250935696e-09,-1.0271790273561066e-07,2.3286423196641505e-08,1.046522095974429e-07,-2.249511810357745e-08
1409.0,2.0148785195850394e-08,6.484017585520047e-09,-1.0258582845354414e-07,2.3481812426109534e-08,1.0454580691911324e-07,-2.2675115834909563e-08
1410.0,2.0137218392779488e-08,6.551796847604471e-09,-1.0236330064486432e-07,2.3673549083912245e-08,1.0432522649632436e-07,-2.2851658551899615e-08
1411.0,2.0030648473223778e-08,6.618438357929565e-09,-1.0208341182788017e-07,2.386161092739323e-08,1.0403004301007688e-07,-2.3024731841939562e-08
1412.0,1.989638925836701e-08,6.683919002484701e-09,-1.0178637580016137e-07,2.4045975842269212e-08,1.0371274079905582e-07,-2.3194321203245826e-08
1413.0,1.9776223270095983e-08,6.7482171224226115e-09,-1.0147618541983539e-07,2.4226621822546615e-08,1.0338527561596718e-07,-2.3360412010895316e-08
1414.0,1.9642391407836968e-08,6.811312556849158e-09,-1.0113446035145413e-07,2.440352695215224e-08,1.0302428165630913e-07,-2.3522989485350797e-08
1415.0,1.950317274346247e-08,6.873186681185032e-09,-1.0076725965452171e-07,2.4576669388240022e-08,1.0263729519693675e-07,-2.3682038663443415e-08
1416.0,1.9369146980752205e-08,6.933822441192686e-09,-1.0041126643003939e-07,2.4746027346111553e-08,1.0226234048195033e-07,-2.3837544371750374e-08
1417.0,1.930552115392281e-08,6.993204382774208e-09,-1.001402307604371e-07,2.4911579085677134e-08,1.0198416035727388e-07,-2.3989491202292344e-08
1418.0,1.9344951557309642e-08,7.051318677639823e-09,-9.999522197073896e-08,2.5073302899389254e-08,1.0184925904360822e-07,-2.4137863490480937e-08
1419.0,1.9474193702073705e-08,7.108153144923199e-09,-9.995535286272395e-08,2.5231177101601347e-08,1.0183475235035211e-07,-2.428264529527122e-08
1420.0,1.9645458704253826e-08,7.163697268782021e-09,-9.995373526430762e-08,2.5385180019339085e-08,1.0186605539132177e-07,-2.442382038151478e-08
1421.0,1.9805237866377112e-08,7.2179422119761735e-09,-9.992866602942518e-08,2.5535289984513058e-08,1.0187239931092314e-07,-2.4561372204557802e-08
1422.0,1.9931803652006863e-08,7.2708808253687545e-09,-9.986169673820156e-08,2.5681485327642183e-08,1.0183140611940253e-07,-2.469528389717703e-08
1423.0,2.006848964786201e-08,7.322507653253717e-09,-9.978727321877101e-08,2.582374437318971e-08,1.0178528465934553e-07,-2.482553825898553e-08
1424.0,2.024004888689923e-08,7.37281893438272e-09,-9.973624744141762e-08,2.596204543663421e-08,1.017692420755886e-07,-2.4952117748465806e-08
1425.0,2.042106955757461e-08,7.421812598544347e-09,-9.966834410915504e-08,2.609636682340588e-08,1.0173887604714454e-07,-2.5075004477798642e-08
1426.0,2.0544783846387915e-08,7.469488258541766e-09,-9.953015819852418e-08,2.622668682981539e-08,1.0162844352993925e-07,-2.5194180210653473e-08
1427.0,2.0593006772040567e-08,7.515847197420583e-09,-9.932975899087926e-08,2.6352983746089366e-08,1.0144196838143208e-07,-2.5309626363091456e-08
1428.0,2.05999817204372e-08,7.560892350817311e-09,-9.912890458485535e-08,2.6475235861606046e-08,1.0124672326093178e-07,-2.5421324007707673e-08
1429.0,2.0618189294774325e-08,7.604628284329444e-09,-9.897978428194398e-08,2.6593421472399066e-08,1.0110443821264876e-07,-2.552925388110688e-08
1430.0,2.0697123681578944e-08,7.647061165847405e-09,-9.889734647536286e-08,2.6707518890970957e-08,1.0103987365668339e-07,-2.563339639477256e-08
1431.0,2.0817428225683443e-08,7.688198732832979e-09,-9.885836501494216e-08,2.68175064584336e-08,1.0102644035775497e-07,-2.5733731649355698e-08
1432.0,2.0908403536301634e-08,7.728050254575561e-09,-9.881290234312057e-08,2.692336255897175e-08,1.0100074756113398e-07,-2.5830239452378417e-08
1433.0,2.0906244763141402e-08,7.766626489507026e-09,-9.871217731410864e-08,2.7025065636605425e-08,1.0090175925219739e-07,-2.5922899339317005e-08
1434.0,2.0826223218195494e-08,7.80393963770943e-09,-9.857300518195666e-08,2.712259421420428e-08,1.007490393211576e-07,-2.601169059799501e-08
1435.0,2.074855143252563e-08,7.840003288807964e-09,-9.844329115077377e-08,2.7215926914680697e-08,1.0060608311202744e-07,-2.6096592296178375e-08
1436.0,2.0701068081940832e-08,7.87483236550211e-09,-9.83301028760486e-08,2.7305042484257754e-08,1.0048553802088861e-07,-2.6177583312221636e-08
1437.0,2.0657377503008334e-08,7.908443063046551e-09,-9.819846549796729e-08,2.7389919817676502e-08,1.0034772479462236e-07,-2.625464236857027e-08
1438.0,2.0564939612333077e-08,7.940852785045896e-09,-9.802111071433028e-08,2.7470537985176288e-08,1.001551540707212e-07,-2.6327748067882665e-08
1439.0,2.042155747283836e-08,7.972080075971324e-09,-9.781460471106063e-08,2.7546876261053614e-08,9.9923655379482e-08,-2.6396878931497874e-08
1440.0,2.02759136702646e-08,8.002144550841837e-09,-9.76279883810327e-08,2.761891415358151e-08,9.971126711907276e-08,-2.6462013439944227e-08
1441.0,2.0183556409536507e-08,8.031066822537008e-09,-9.75015874773999e-08,2.7686631436053693e-08,9.956874765683259e-08,-2.652313007516115e-08
1442.0,2.0154772073510685e-08,8.058868427219715e-09,-9.742940320842108e-08,2.7750008178708877e-08,9.949222807277089e-08,-2.6580207364094535e-08
1443.0,2.0138006956438304e-08,8.085571748345068e-09,-9.736978517568828e-08,2.7809024781291248e-08,9.943045001073486e-08,-2.6633223923326524e-08
1444.0,2.00890558355038e-08,8.11119993971577e-09,-9.728465541133935e-08,2.7863662006012533e-08,9.933717502961833e-08,-2.6682158504412416e-08
1445.0,2.0003452283479106e-08,8.135776848016815e-09,-9.717966026681624e-08,2.7913901010696606e-08,9.921705736833384e-08,-2.672699003961767e-08
1446.0,1.994017065354292e-08,8.159326935226757e-09,-9.70962009474996e-08,2.795972338190695e-08,9.912256374877335e-08,-2.676769768777345e-08
1447.0,1.9954098207097815e-08,8.181875201260102e-09,-9.706473495449397e-08,2.8001111167878697e-08,9.909454478953253e-08,-2.6804260879998682e-08
1448.0,2.0026833608133288e-08,8.203447107146094e-09,-9.706256206415409e-08,2.803804691110102e-08,9.910708864064983e-08,-2.6836659365069408e-08
1449.0,2.0088943925022917e-08,8.224068498993488e-09,-9.703410133732326e-08,2.807051368042202e-08,9.909178820853237e-08,-2.6864873254253263e-08
1450.0,2.0104177628210707e-08,8.243765532931255e-09,-9.695589355679379e-08,2.8098495102576024e-08,9.90182975692017e-08,-2.688888306546577e-08
1451.0,2.009505803424183e-08,8.262564601154767e-09,-9.686388632856868e-08,2.812197539306098e-08,9.892635559886668e-08,-2.6908669766644422e-08
1452.0,2.0131167260961647e-08,8.280492259149293e-09,-9.681564947655596e-08,2.8140939386320707e-08,9.888646964502355e-08,-2.692421481827462e-08
1453.0,2.0236237463500117e-08,8.297575154108264e-09,-9.683879409125296e-08,2.8155372565213918e-08,9.89305683180242e-08,-2.693550021503905e-08
1454.0,2.039233618078562e-08,8.313839954512864e-09,-9.691886860424548e-08,2.8165261089781083e-08,9.904097367472302e-08,-2.6942508526600916e-08
1455.0,2.054380326965699e-08,8.329313280792522e-09,-9.701620743221562e-08,2.8170591825350717e-08,9.916749647597774e-08,-2.6945222937570964e-08
1456.0,2.063645321292995e-08,8.344021636945336e-09,-9.709223551881974e-08,2.8171352370057175e-08,9.926109710884425e-08,-2.6943627286746325e-08
1457.0,2.067827861718108e-08,8.357991342967147e-09,-9.714425790174896e-08,2.816753108186783e-08,9.932068289058068e-08,-2.693770610574084e-08
1458.0,2.071423094163194e-08,8.37124846792046e-09,-9.719550033912561e-08,2.815911710523604e-08,9.937829063571293e-08,-2.6927444657148277e-08
1459.0,2.078482699841011e-08,8.383818763469971e-09,-9.724989203166445e-08,2.8146100397505384e-08,9.944621930231551e-08,-2.6912828972390007e-08
1460.0,2.0853897553241296e-08,8.395727597718018e-09,-9.728414858758971e-08,2.812847175519098e-08,9.949417374687483e-08,-2.689384588939778e-08
1461.0,2.0863467037335326e-08,8.406999889188472e-09,-9.727902416239997e-08,2.810622284025644e-08,9.949116945139793e-08,-2.6870483090272242e-08
1462.0,2.0821586843577933e-08,8.417660040830094e-09,-9.724737834795882e-08,2.8079346206491535e-08,9.945145084027537e-08,-2.684272913904064e-08
1463.0,2.0779145487592743e-08,8.427731873939238e-09,-9.722550246490935e-08,2.804783532607821e-08,9.942118092614189e-08,-2.681057351961407e-08
1464.0,2.077573080239148e-08,8.437238561935667e-09,-9.724743621139509e-08,2.801168461641277e-08,9.94419169166745e-08,-2.6774006674019123e-08
1465.0,2.081058508851541e-08,8.44620256396161e-09,-9.731210636604315e-08,2.797088946723312e-08,9.951244393101014e-08,-2.6733020040952976e-08
1466.0,2.0831167207857604e-08,8.45464555831079e-09,-9.73871603603127e-08,2.7925446268082656e-08,9.959014273655291e-08,-2.668760609468705e-08
1467.0,2.0785627719011046e-08,8.46258837573045e-09,-9.743877861859152e-08,2.7875352436127325e-08,9.963110908926091e-08,-2.663775838432276e-08
1468.0,2.0687035612310112e-08,8.470050932675868e-09,-9.747181343652822e-08,2.7820606444327228e-08,9.964290168913363e-08,-2.65834715733812e-08
1469.0,2.060675530213274e-08,8.477052164634343e-09,-9.751598325363764e-08,2.7761207849948226e-08,9.966948055450932e-08,-2.6524741479685833e-08
1470.0,2.0565414787787617e-08,8.483609959672563e-09,-9.758483371369309e-08,2.769715732338082e-08,9.972831120761489e-08,-2.6461565115472666e-08
1471.0,2.0544336398753416e-08,8.489741092395317e-09,-9.765145269832742e-08,2.762845667721432e-08,9.978915758818101e-08,-2.6393940727637217e-08
1472.0,2.0492560481866207e-08,8.495461158532376e-09,-9.766853182463509e-08,2.755510889549452e-08,9.979522605757602e-08,-2.6321867838003152e-08
1473.0,2.038274612981006e-08,8.500784510393432e-09,-9.763197516415856e-08,2.7477118163073453e-08,9.973694859101696e-08,-2.624534728347411e-08
1474.0,2.0256588989520097e-08,8.505724193449115e-09,-9.758358994471639e-08,2.7394489894940688e-08,9.966386719362689e-08,-2.6164381255908864e-08
1475.0,2.0176350479239602e-08,8.510291884309044e-09,-9.757418830899645e-08,2.7307230765409175e-08,9.963838287939347e-08,-2.6078973341541948e-08
1476.0,2.0172766651560536e-08,8.514497830374566e-09,-9.763825762482137e-08,2.7215348737017368e-08,9.97004005327426e-08,-2.5989128559760386e-08
1477.0,2.022435066639794e-08,8.518350791442679e-09,-9.777207206004834e-08,2.7118853089006363e-08,9.984188717563745e-08,-2.589485340104534e-08
1478.0,2.027129564208252e-08,8.521857983528648e-09,-9.79371482801028e-08,2.7017754445236243e-08,1.0001305134954916e-07,-2.579615586389552e-08
1479.0,2.027835163675995e-08,8.5250250251607e-09,-9.809551757000712e-08,2.6912064801418003e-08,1.0016956679766395e-07,-2.569304549056499e-08
1480.0,2.026477066707777e-08,8.527855886384846e-09,-9.823981479348265e-08,2.6801797551551862e-08,1.0030813596536937e-07,-2.5585533401465872e-08
1481.0,2.0264658256996526e-08,8.530352840704659e-09,-9.838261830902306e-08,2.6686967513475272e-08,1.0044797638385643e-07,-2.5473632328102684e-08
1482.0,2.0306090336985605e-08,8.532516420170752e-09,-9.852674283036822e-08,2.6567590953432076e-08,1.0059749677569187e-07,-2.5357356644415487e-08
1483.0,2.034767235259416e-08,8.53434537382739e-09,-9.865380749471409e-08,2.6443685609576827e-08,1.0073034053041134e-07,-2.5236722396414116e-08
1484.0,2.0349321033785728e-08,8.53583662971857e-09,-9.875260776476269e-08,2.6315270714326162e-08,1.0082743875987897e-07,-2.511174732998543e-08
1485.0,2.031139867408882e-08,8.536985260653234e-09,-9.883516788669611e-08,2.6182367015463083e-08,1.0090066068807073e-07,-2.4982450916750948e-08
1486.0,2.0271948758532332e-08,8.537784453929808e-09,-9.893007739750215e-08,2.604499679589163e-08,1.0098570255409587e-07,-2.484885437784468e-08
1487.0,2.026513720720935e-08,8.538225485223438e-09,-9.90606878505107e-08,2.5903183891930603e-08,1.0111229234590292e-07,-2.471098070547243e-08
1488.0,2.0282639068280872e-08,8.538297696844e-09,-9.92226610388447e-08,2.5756953710027057e-08,1.0127448795823963e-07,-2.4568854682105772e-08
1489.0,2.028300125078708e-08,8.537988480577275e-09,-9.939039585446507e-08,2.560633324176516e-08,1.0143890243810161e-07,-2.4422502897158564e-08
1490.0,2.0233399816715902e-08,8.537283265325695e-09,-9.954287710431386e-08,2.545135107704209e-08,1.0157841724671443e-07,-2.4271953760989953e-08
1491.0,2.0152978230658647e-08,8.536165509768837e-09,-9.968292925474631e-08,2.5292037415280022e-08,1.0169969968673536e-07,-2.4117237516074887e-08
1492.0,2.0079667734096418e-08,8.534616700267846e-09,-9.982532802460531e-08,2.5128424074539615e-08,1.0182479644728863e-07,-2.3958386245179264e-08
1493.0,2.0040206910598712e-08,8.532616354241134e-09,-9.997416376347767e-08,2.4960544498396037e-08,1.0196295068909226e-07,-2.3795433876372453e-08
1494.0,1.9992257987988538e-08,8.530142029238998e-09,-1.0010812134808589e-07,2.4788433760433694e-08,1.0208489770431952e-07,-2.362841618470523e-08
1495.0,1.989212927711037e-08,8.527169337940767e-09,-1.0020561231824376e-07,2.4612128566211432e-08,1.0216095901689372e-07,-2.3457370790378184e-08
1496.0,1.974368649126923e-08,8.523671969288942e-09,-1.0027136507217982e-07,2.4431667252547145e-08,1.0219667220464612e-07,-2.3282337153224595e-08
1497.0,1.9596017392098375e-08,8.519621715960483e-09,-1.0034021452609565e-07,2.4247089783970653e-08,1.0223581832593857e-07,-2.3103356563334997e-08
1498.0,1.9500140252537435e-08,8.514988508354473e-09,-1.0045187632395924e-07,2.4058437746198307e-08,1.023270977154763e-07,-2.2920472127659003e-08
1499.0,1.9476958573738656e-08,8.509740455246104e-09,-1.006268680325828e-07,2.3865754336494305e-08,1.0249448026762206e-07,-2.2733728752437244e-08
1500.0,1.9499430958802577e-08,8.503843891217333e-09,-1.0085234992268655e-07,2.366908435080376e-08,1.0272012603499434e-07,-2.2543173121343397e-08
1501.0,1.9509893839364523e-08,8.497263430925603e-09,-1.0110113043276803e-07,2.3468474167570627e-08,1.0296637573696982e-07,-2.2348853669253275e-08
1502.0,1.949322475658377e-08,8.48996203021662e-09,-1.0135056298724021e-07,2.3263971728187144e-08,1.0320815098257132e-07,-2.2150820551601242e-08
1503.0,1.9483891833260714e-08,8.481901054029543e-09,-1.0159501396753146e-07,2.3055626514056717e-08,1.0344645428449017e-07,-2.194912560932971e-08
1504.0,1.9515715238282993e-08,8.473040350986226e-09,-1.0183813688169341e-07,2.284348952028552e-08,1.0369122077011282e-07,-2.1743822329480724e-08
1505.0,1.958473019869622e-08,8.463338334502064e-09,-1.0207513395296686e-07,2.262761322604711e-08,1.039369743088178e-07,-2.1534965801516953e-08
1506.0,1.9651883537141757e-08,8.452752070205014e-09,-1.0229742968687061e-07,2.2408051561688383e-08,1.0416794443156503e-07,-2.1322612669492407e-08
1507.0,1.966783264029104e-08,8.441237369402871e-09,-1.0250922858126565e-07,2.218485987266415e-08,1.0437895182982376e-07,-2.110682108021982e-08
1508.0,1.9648624755008726e-08,8.428748888298691e-09,-1.0272388012780298e-07,2.1958094880402357e-08,1.0458615588726061e-07,-2.088765062760348e-08
1509.0,1.9639702891760535e-08,8.415240232621758e-09,-1.0295873519375331e-07,2.1727814640213675e-08,1.048151662803339e-07,-2.0665162293322774e-08
1510.0,1.9673637025041657e-08,8.400664067316665e-09,-1.0322369877954762e-07,2.1494078496368453e-08,1.0508179663254655e-07,-2.0439418384065186e-08
1511.0,1.9721670962979942e-08,8.384972230914686e-09,-1.0350025327066081e-07,2.1256947034472262e-08,1.0536245409377565e-07,-2.0210482465517825e-08
1512.0,1.973242338970671e-08,8.368115854198258e-09,-1.0376181353716207e-07,2.101648203127764e-08,1.0562141109335472e-07,-1.9978419293334736e-08
1513.0,1.9683264018688362e-08,8.35004548276138e-09,-1.0399800877414211e-07,2.0772746402073668e-08,1.0584430410473647e-07,-1.9743294741301422e-08
1514.0,1.9598706879619954e-08,8.330711203066545e-09,-1.0421840566932072e-07,2.0525804145795568e-08,1.0604520447247185e-07,-1.950517572691824e-08
1515.0,1.9516969707034093e-08,8.310062771602405e-09,-1.0443646658586658e-07,2.0275720287993527e-08,1.0624447119491024e-07,-1.926413013461946e-08
1516.0,1.9433752412867378e-08,8.288049746753759e-09,-1.0465715320415181e-07,2.0022560821794163e-08,1.0644618569794755e-07,-1.902022673683654e-08
1517.0,1.933774129714294e-08,8.26462162300376e-09,-1.0486498366879538e-07,1.976639264698101e-08,1.066330766616623e-07,-1.877353511310462e-08
1518.0,1.9217778784996753e-08,8.239727967094637e-09,-1.0504925308449375e-07,1.9507283507313967e-08,1.067926429818042e-07,-1.8524125567402454e-08
1519.0,1.9073773754874068e-08,8.213318555776219e-09,-1.0522170115767615e-07,1.924530192620276e-08,1.0693650097028343e-07,-1.827206904390923e-08
1520.0,1.894837639571101e-08,8.185343514769969e-09,-1.0540638283734749e-07,1.898051714084752e-08,1.0709596869577772e-07,-1.8017437041359013e-08
1521.0,1.888072315159306e-08,8.155753458568816e-09,-1.056260996896985e-07,1.8712999034962052e-08,1.0730030122224832e-07,-1.7760301526175568e-08
1522.0,1.886266348671839e-08,8.12449963067911e-09,-1.0589106290079253e-07,1.8442818070202954e-08,1.0755797169932491e-07,-1.7500734844579308e-08
1523.0,1.886052305999364e-08,8.091534043890447e-09,-1.0618463086933816e-07,1.81700452164417e-08,1.0784662796283504e-07,-1.723880963387376e-08
1524.0,1.8840282028920186e-08,8.056809620133675e-09,-1.0648334243176794e-07,1.789475188103546e-08,1.0813722043020342e-07,-1.6974598733140638e-08
1525.0,1.879136579674423e-08,8.02028032946053e-09,-1.0677475175899231e-07,1.7617009837274096e-08,1.084156955505128e-07,-1.670817509359704e-08
1526.0,1.8736154128173865e-08,7.981901327653027e-09,-1.0706401801230392e-07,1.7336891152202464e-08,1.0869106414261306e-07,-1.6439611688892795e-08
1527.0,1.8708886273532954e-08,7.941629091948874e-09,-1.0736214494169727e-07,1.705446811403681e-08,1.0898005593721267e-07,-1.6168981425647676e-08
1528.0,1.8717371708110164e-08,7.899421554351054e-09,-1.0766907943687842e-07,1.6769813159410824e-08,1.0928389941086656e-07,-1.5896357054546288e-08
1529.0,1.8748899655030016e-08,7.855238231974914e-09,-1.079743685086787e-07,1.6482998800700164e-08,1.0959007935539754e-07,-1.5621811082322783e-08
1530.0,1.8763580716951722e-08,7.809040353875129e-09,-1.0827494286227979e-07,1.6194097553684136e-08,1.0988874015635776e-07,-1.5345415684977667e-08
1531.0,1.876685268298317e-08,7.760790983789161e-09,-1.0857472805547719e-07,1.5903181865809823e-08,1.1018469191292236e-07,-1.5067242622574887e-08
1532.0,1.8776826676836222e-08,7.710455138235511e-09,-1.0888593235738875e-07,1.5610324045326582e-08,1.1049305627680767e-07,-1.4787363155968488e-08
1533.0,1.878079677886113e-08,7.657999899415486e-09,-1.0921449192929922e-07,1.5315596191558364e-08,1.1081752377229805e-07,-1.4505847965804308e-08
1534.0,1.8767253445739485e-08,7.603394522387012e-09,-1.0954480389110954e-07,1.5019070126576907e-08,1.1114078396987431e-07,-1.4222767074133238e-08
1535.0,1.8708158383562434e-08,7.546610536007984e-09,-1.0986381534031087e-07,1.4720817328531165e-08,1.1144529201018041e-07,-1.3938189768958704e-08
1536.0,1.8620544550707052e-08,7.487621837184385e-09,-1.1016907822472555e-07,1.4420908866876627e-08,1.1173160016866564e-07,-1.3652184532021751e-08
1537.0,1.8524279776777064e-08,7.426404778003538e-09,-1.1046482348286979e-07,1.4119415339731897e-08,1.1200725944486765e-07,-1.336481897010236e-08
1538.0,1.8437668114490435e-08,7.3629382453838934e-09,-1.1075301711849228e-07,1.3816406813569542e-08,1.1227723903957178e-07,-1.3076159750085738e-08
1539.0,1.8346842517447115e-08,7.297203732926884e-09,-1.1103383519214804e-07,1.3511952765424264e-08,1.1253941170913014e-07,-1.2786272538008504e-08
1540.0,1.8255543965395304e-08,7.229185404711881e-09,-1.1130339000811618e-07,1.3206122027775107e-08,1.1279055595559096e-07,-1.2495221942263503e-08
1541.0,1.8147115393718494e-08,7.158870150830591e-09,-1.1155610104077174e-07,1.2898982736230893e-08,1.1302248217293676e-07,-1.220307146110464e-08
1542.0,1.800509683014262e-08,7.086247634512162e-09,-1.117961251628774e-07,1.2590602280120692e-08,1.1323673040712789e-07,-1.1909883434556254e-08
1543.0,1.7848162559008784e-08,7.0113103307441746e-09,-1.1203548306790156e-07,1.2281047256065057e-08,1.1344825416457876e-07,-1.1615719000796045e-08
1544.0,1.768549209857362e-08,6.9340535563471015e-09,-1.1229086517572373e-07,1.197038342458037e-08,1.1367504137972097e-07,-1.132063805704821e-08
1545.0,1.7502964855253822e-08,6.85447549150913e-09,-1.1257204613965288e-07,1.165867566974929e-08,1.1392462135461495e-07,-1.1024699224995765e-08
1546.0,1.7321248685364665e-08,6.7725771928327634e-09,-1.1287444962385096e-07,1.1345987961975626e-08,1.141957399989488e-07,-1.0727959820698703e-08
1547.0,1.718392386718115e-08,6.688362597982903e-09,-1.1318255142833689e-07,1.1032383323832217e-08,1.1447959288581176e-07,-1.0430475828988363e-08
1548.0,1.7110539346498754e-08,6.601838522056824e-09,-1.1348703371494295e-07,1.0717923799004383e-08,1.1476967098560786e-07,-1.0132301882296991e-08
1549.0,1.7053940565281422e-08,6.513014645819766e-09,-1.1379453429896658e-07,1.0402670424327848e-08,1.150653419806452e-07,-9.833491243873902e-09
1550.0,1.6983627920685862e-08,6.4219034959670745e-09,-1.1411092023724811e-07,1.0086683204917335e-08,1.1536787132793905e-07,-9.534095795333808e-09
1551.0,1.6903978466986658e-08,6.328520417587829e-09,-1.1443148301495953e-07,9.770021092379393e-09,1.1567328469882457e-07,-9.234166028477941e-09
1552.0,1.6841899208586142e-08,6.232883539018919e-09,-1.1474259771146467e-07,9.452741966100088e-09,1.1597203670940331e-07,-8.933751041323133e-09
1553.0,1.672822386167283e-08,6.135013729294896e-09,-1.1505308232170885e-07,9.134902617594453e-09,1.1626282821818913e-07,-8.63289853826811e-09
1554.0,1.6563824284387962e-08,6.0349345484183775e-09,-1.1536882984705676e-07,8.816558737900116e-09,1.1655182184420463e-07,-8.331654834318543e-09
1555.0,1.6439108713184325e-08,5.9326721906982546e-09,-1.1568459101080064e-07,8.497764907991833e-09,1.1684677527694168e-07,-8.030064863283913e-09
1556.0,1.635897162177713e-08,5.82825542142697e-09,-1.160062629776415e-07,8.178574592187565e-09,1.1715403963397858e-07,-7.728172189849568e-09
1557.0,1.6255790102892576e-08,5.721715507192291e-09,-1.1633409367425851e-07,7.859040134509235e-09,1.1746434379368258e-07,-7.426019025417023e-09
1558.0,1.6133663766071393e-08,5.613086140142216e-09,-1.1666283926403676e-07,7.539212757953523e-09,1.1777314282833384e-07,-7.123646247594635e-09
1559.0,1.6022560694883836e-08,5.502403356544327e-09,-1.1698294500109285e-07,7.219142566618821e-09,1.1807511114688799e-07,-6.821093423209042e-09
1560.0,1.590195675138517e-08,5.389705450003811e-09,-1.1730471011564547e-07,6.8988785506239634e-09,1.183776467236891e-07,-6.518398834694705e-09
1561.0,1.5744380105209288e-08,5.275032879728133e-09,-1.1763365670436343e-07,6.578468593742329e-09,1.186826132781771e-07,-6.215599509704298e-09
1562.0,1.562141582756027e-08,5.1584281742505555e-09,-1.1793644559901506e-07,6.2579594836612084e-09,1.1896652400144752e-07,-5.9127312537665745e-09
1563.0,1.5483440862773534e-08,5.0399358310488225e-09,-1.1821111998641665e-07,5.937396924761233e-09,1.1922082800162897e-07,-5.60982868580096e-09
1564.0,1.5286150345517058e-08,4.9196022125187e-09,-1.1846925545774822e-07,5.616825553294634e-09,1.1945137454671234e-07,-5.306925276280037e-09
1565.0,1.5043019607752228e-08,4.797475438783993e-09,-1.1872386556505132e-07,5.296288954824799e-09,1.196730909337082e-07,-5.004053387813004e-09
1566.0,1.4823020672016796e-08,4.673605277844181e-09,-1.1899030457826476e-07,4.975829683774827e-09,1.1991002679288857e-07,-4.701244317907094e-09
1567.0,1.4605224307739917e-08,4.548043033576228e-09,-1.1927499918296114e-07,4.655489284920921e-09,1.2016587704991287e-07,-4.398528343651478e-09
1568.0,1.4398874814691709e-08,4.420841432115962e-09,-1.1956967678125596e-07,4.335308316659245e-09,1.2043353022104428e-07,-4.09593476806099e-09
1569.0,1.4230564449047023e-08,4.2920545071447755e-09,-1.1986204042843673e-07,4.015326375872202e-09,1.2070384293885047e-07,-3.793491967815727e-09
1570.0,1.4118801572315931e-08,4.16173748459862e-09,-1.201531335710826e-07,3.6955821242219093e-09,1.209798167662228e-07,-3.491227442136904e-09
1571.0,1.3995547137879427e-08,4.029946667299376e-09,-1.2045272055130618e-07,3.3761133157037523e-09,1.2126307446168295e-07,-3.1891678625478892e-09
1572.0,1.384204689758306e-08,3.8967393199857785e-09,-1.20765585850946e-07,3.0569568253005465e-09,1.2155627909835467e-07,-2.887339123281427e-09
1573.0,1.3627718065123418e-08,3.762173555194893e-09,-1.2109197598808574e-07,2.738148678587562e-09,1.2185639641956275e-07,-2.5857663921083156e-09
1574.0,1.3417392669134998e-08,3.6263082204177725e-09,-1.2141716286204196e-07,2.419724082149718e-09,1.2215626821209535e-07,-2.2844741613789006e-09
1575.0,1.328952270451822e-08,3.489202786924684e-09,-1.2172105732718985e-07,2.1017174546841216e-09,1.2244438415281832e-07,-1.9834862990854524e-09
1576.0,1.3176308322204733e-08,3.35091724062494e-09,-1.2201201781900095e-07,1.784162458672725e-09,1.2272142271529452e-07,-1.6828260997704988e-09
1577.0,1.306143992962916e-08,3.2115119752929568e-09,-1.2230317388700618e-07,1.4670920325208593e-09,1.2299864859367594e-07,-1.3825163351226608e-09
1578.0,1.29747614874276e-08,3.0710476884562352e-09,-1.2260403598612912e-07,1.150538423067824e-09,1.2328866158631004e-07,-1.0825793041178643e-09
1579.0,1.2803764909419257e-08,2.9295852802048046e-09,-1.2292867220681236e-07,8.345332183860402e-10,1.2359366831025607e-07,-7.83036882580069e-10
1580.0,1.2631469287205377e-08,2.787185755147791e-09,-1.2326431341261324e-07,5.191073807961806e-10,1.2390982599227777e-07,-4.839105720523043e-10
1581.0,1.2462244652899912e-08,2.643910127712012e-09,-1.235868493446035e-07,2.042912800372548e-10,1.2421359375170842e-07,-1.8522154788539547e-10
1582.0,1.2237365260014954e-08,2.499819330949606e-09,-1.239053814515445e-07,-1.0988527345840506e-10,1.245082192514204e-07,1.1300929353194101e-10
1583.0,1.2041486585623318e-08,2.354974128994729e-09,-1.24212826680542e-07,-4.2339299522543187e-10,1.2479512695278655e-07,4.107612884634389e-10
1584.0,1.1966220292425334e-08,2.209435033281572e-09,-1.245111977792035e-07,-7.36203093393364e-10,1.2508488637920563e-07,7.080139604851371e-10
1585.0,1.1961264062554378e-08,2.063262222606128e-09,-1.248111560978038e-07,-1.0482872353088987e-09,1.2538299934378863e-07,1.004746976152967e-09
1586.0,1.183033554452706e-08,1.9165154670827397e-09,-1.2510937507162478e-07,-1.3596175141748804e-09,1.256674682243125e-07,1.300940101706866e-09
1587.0,1.1556597512285549e-08,1.7692540560165982e-09,-1.2539954860266156e-07,-1.6701664157251298e-09,1.2593094034355594e-07,1.5965731608318968e-09
1588.0,1.1308707109636273e-08,1.6215367296880688e-09,-1.2569157841271772e-07,-1.979906784951416e-09,1.2619928581561745e-07,1.8916259934895273e-09
1589.0,1.1159170393293394e-08,1.4734216150248042e-09,-1.260003517876418e-07,-2.288811792895924e-09,1.2649354028754214e-07,2.1860784158253455e-09
1590.0,1.1070879379904142e-08,1.3249661651200769e-09,-1.2631908766214117e-07,-2.596854903519662e-09,1.2680329758346228e-07,2.479910181152934e-09
1591.0,1.1007944250573942e-08,1.1762271025367074e-09,-1.2664016169408598e-07,-2.9040098406542567e-09,1.2711768323301045e-07,2.7731009420070143e-09
1592.0,1.0913826647973579e-08,1.0272603663149487e-09,-1.2696660906322266e-07,-3.210250555042e-09,1.2743481246941603e-07,3.0656302132524065e-09
1593.0,1.0744993700351202e-08,8.781210625826279e-10,-1.2727313813618024e-07,-3.5155511914675384e-09,1.2772590410974512e-07,3.357477336230471e-09
1594.0,1.0576666376049815e-08,7.288634186507868e-10,-1.275508002378245e-07,-3.819886055985262e-09,1.279885639928024e-07,3.64862144392207e-09
1595.0,1.041572655902101e-08,5.795407404695228e-10,-1.2781026411182173e-07,-4.123229583249411e-09,1.282339696495664e-07,3.93904142710659e-09
1596.0,1.0248296183901218e-08,4.3020537331601256e-10,-1.280646708540223e-07,-4.425556303958713e-09,1.2847407324289998e-07,4.2287159014995525e-09
1597.0,1.0081315449106398e-08,2.809086655874775e-10,-1.2834527985533528e-07,-4.726840812433296e-09,1.2874060657899948e-07,4.517623175855654e-09
1598.0,9.91259360705321e-09,1.3170093557425897e-10,-1.286639107235532e-07,-5.027057734346446e-09,1.2904519144352904e-07,4.805741221027675e-09
1599.0,9.802639588940565e-09,-1.7368558908683773e-11,-1.2899257501378103e-07,-5.326181694637311e-09,1.293645088561642e-07,5.093047639974082e-09
1600.0,9.68390195810187e-09,-1.6625164814960817e-10,-1.2931387585735088e-07,-5.624187285632383e-09,1.2967596711181485e-07,5.379519638708895e-09
1601.0,9.54585149814946e-09,-3.14901275539901e-10,-1.2963253398848296e-07,-5.921049035405464e-09,1.299835264527775e-07,5.66513399818848e-09
1602.0,9.43965552946402e-09,-4.6327152005154984e-10,-1.2995301368681766e-07,-6.216741376409183e-09,1.3029540614619212e-07,5.949867047132819e-09
1603.0,9.313621152085005e-09,-6.113176162868678e-10,-1.3024026471186723e-07,-6.511238614417778e-09,1.3057285357677458e-07,6.233694635785201e-09
1604.0,9.072261442089058e-09,-7.589959721800515e-10,-1.3049300734424563e-07,-6.804514897830818e-09,1.3080799246765834e-07,6.516592110624515e-09
1605.0,8.823955371939363e-09,-9.062641844108142e-10,-1.307437865645522e-07,-7.096544187400756e-09,1.310412145610806e-07,6.7985342900581665e-09
1606.0,8.63542748419377e-09,-1.0530810515679665e-09,-1.3100823844855447e-07,-7.387300226462482e-09,1.3129253272455397e-07,7.079495441139825e-09
1607.0,8.466455286848529e-09,-1.199406585078222e-09,-1.312824134229451e-07,-7.676756511758531e-09,1.3155513269833787e-07,7.3594492573728445e-09
1608.0,8.311265453642136e-09,-1.3452020178956027e-09,-1.3156369964989478e-07,-7.96488626496824e-09,1.3182596177919063e-07,7.638368837675647e-09
1609.0,8.176540194915205e-09,-1.4904298109310732e-09,-1.318344905569535e-07,-8.25166240506171e-09,1.32087806817929e-07,7.916226666598815e-09
1610.0,7.99588514843741e-09,-1.635053657189693e-09,-1.3208309618609193e-07,-8.537057521610476e-09,1.3232489742074775e-07,8.19299459589521e-09
1611.0,7.740394825095365e-09,-1.7790384835719466e-09,-1.323022652925665e-07,-8.821043849196687e-09,1.3252849925051218e-07,8.468643827555046e-09
1612.0,7.475908364584782e-09,-1.922350450285858e-09,-1.3250022901437064e-07,-9.103593243071446e-09,1.327109637322265e-07,8.743144898427305e-09
1613.0,7.258334738802219e-09,-2.0649569478078313e-09,-1.3270935120615612e-07,-9.384677156219925e-09,1.3290769473863956e-07,9.016467666556545e-09
1614.0,7.0624862624768525e-09,-2.206826591325118e-09,-1.3294667612628874e-07,-9.664266617994476e-09,1.3313413313360323e-07,9.288581299368423e-09
1615.0,6.884285280728264e-09,-2.347929212594071e-09,-1.3320124163732072e-07,-9.942332214475764e-09,1.3337902442869476e-07,9.559454263836258e-09
1616.0,6.69769961714195e-09,-2.4882358491569776e-09,-1.33449526085877e-07,-1.021884407071487e-08,1.3361749583309303e-07,9.829054318753955e-09
1617.0,6.480267211728119e-09,-2.6277187308755624e-09,-1.3370179643631963e-07,-1.0493771834996996e-08,1.3385874731759015e-07,1.0097348509228113e-08
1618.0,6.3032599417756074e-09,-2.766351263759674e-09,-1.339772766027758e-07,-1.076708466525116e-08,1.341254701083664e-07,1.0364303163485366e-08
1619.0,6.231682753154999e-09,-2.9041080110941422e-09,-1.342752371409628e-07,-1.1038751217711185e-08,1.3441976483835165e-07,1.0629883892071465e-08
1620.0,6.160586180081751e-09,-3.040964671894619e-09,-1.3458492442025571e-07,-1.130873963791281e-08,1.3472585016724948e-07,1.089405558949763e-08
1621.0,6.075833808294462e-09,-3.176898056753181e-09,-1.348879751748855e-07,-1.1577017554091245e-08,1.350247444109654e-07,1.115678243836851e-08
1622.0,5.977895595199456e-09,-3.3118860611636426e-09,-1.3515683075851492e-07,-1.1843552073024301e-08,1.35288965316588e-07,1.1418027916006506e-08
1623.0,5.839152827924465e-09,-3.445907636441559e-09,-1.3537867117260904e-07,-1.2108309778349976e-08,1.355045398287794e-07,1.1677754803570912e-08
1624.0,5.6873546427915755e-09,-3.578942758372799e-09,-1.355952667196625e-07,-1.2371256731374922e-08,1.3571448839239417e-07,1.1935925197657886e-08
1625.0,5.5356338124479265e-09,-3.710972393737008e-09,-1.3584391425625064e-07,-1.2632358474380397e-08,1.359566558950502e-07,1.2192500524358247e-08
1626.0,5.392488955369146e-09,-3.8419784648598815e-09,-1.3612754805672478e-07,-1.289158003642386e-08,1.3623431387528507e-07,1.2447441555742308e-08
1627.0,5.322877444369212e-09,-3.971943812352815e-09,-1.364439010075047e-07,-1.3148885941625352e-08,1.36547688176818e-07,1.2700708428733122e-08
1628.0,5.3105249364637785e-09,-4.100852156201387e-09,-1.3677365705289102e-07,-1.340424021991832e-08,1.3687671437729154e-07,1.2952260666321175e-08
1629.0,5.257305424333225e-09,-4.228688055365021e-09,-1.370807112058281e-07,-1.3657606420235937e-08,1.3718148798223604e-07,1.3202057201066212e-08
1630.0,5.122911317378964e-09,-4.355436866046966e-09,-1.3732874500418935e-07,-1.390894762609893e-08,1.3742426432326785e-07,1.3450056400828327e-08
1631.0,4.96092758539568e-09,-4.481084698783839e-09,-1.3754512131342045e-07,-1.415822647357151e-08,1.376345567059054e-07,1.369621609667287e-08
1632.0,4.809653453285989e-09,-4.6056183744859895e-09,-1.3776161146908383e-07,-1.4405405171558692e-08,1.3784554530669286e-07,1.3940493612902363e-08
1633.0,4.626148908393191e-09,-4.729025379535234e-09,-1.379660103766056e-07,-1.465044552442981e-08,1.3804354846554862e-07,1.4182845799182586e-08
1634.0,4.409446946462836e-09,-4.851293820018212e-09,-1.381618846656163e-07,-1.4893308956966735e-08,1.382322306726211e-07,1.4423229064746111e-08
1635.0,4.213772913930214e-09,-4.972412375145117e-09,-1.3835524942384936e-07,-1.5133956541648924e-08,1.3841940227188433e-07,1.4661599414672524e-08
1636.0,4.042409712523565e-09,-5.09237024987746e-09,-1.385176184552639e-07,-1.537234902829885e-08,1.3857659145325364e-07,1.4897912488258518e-08
1637.0,3.829392136722731e-09,-5.21115712676671e-09,-1.3863683535550453e-07,-1.5608446876120098e-08,1.3868971252953863e-07,1.5132123599501828e-08
1638.0,3.577177387636965e-09,-5.328763116989521e-09,-1.387560027710233e-07,-1.5842210288164915e-08,1.3880210554258478e-07,1.5364187779729494e-08
1639.0,3.326685066307178e-09,-5.445178710555351e-09,-1.3890124185220176e-07,-1.6073599248267306e-08,1.389410731987278e-07,1.5594059822401867e-08
1640.0,3.0832472130981614e-09,-5.560394725659655e-09,-1.3904624782817843e-07,-1.6302573560469575e-08,1.3908042798493358e-07,1.5821694330117323e-08
1641.0,2.8522240680395328e-09,-5.674402257161836e-09,-1.3918593746997665e-07,-1.6529092890953854e-08,1.3921515855513204e-07,1.604704576382728e-08
1642.0,2.667833509661932e-09,-5.787192624183481e-09,-1.3936236833295146e-07,-1.6753116812464234e-08,1.3938790135088664e-07,1.6270068494246317e-08
1643.0,2.545081173588315e-09,-5.898757316850054e-09,-1.3960546280805675e-07,-1.6974604851170982e-08,1.3962865996646917e-07,1.6490716855408717e-08
1644.0,2.4562554767904032e-09,-6.009087942237225e-09,-1.3988843945711427e-07,-1.7193516535886786e-08,1.3991000208960753e-07,1.67089452002815e-08
1645.0,2.360450390703761e-09,-6.11817616962945e-09,-1.4016549475942552e-07,-1.7409811449498472e-08,1.4018536887707474e-07,1.692470795829794e-08
1646.0,2.2828533785546057e-09,-6.226013675249514e-09,-1.4043004985600516e-07,-1.7623449282429527e-08,1.4044860384535003e-07,1.713795969462745e-08
1647.0,2.2246987030349885e-09,-6.332592086669892e-09,-1.4068186144494677e-07,-1.783438988790294e-08,1.4069945068810498e-07,1.7348655170951896e-08
1648.0,2.1842868347388134e-09,-6.437902927166782e-09,-1.409210979401443e-07,-1.8042593338733473e-08,1.4093802522255004e-07,1.755674940747842e-08
1649.0,2.1634814217907916e-09,-6.541937560323286e-09,-1.411727862596357e-07,-1.8248019985345085e-08,1.4118936302771262e-07,1.7762197745885226e-08
1650.0,2.1808303496406722e-09,-6.644687135227957e-09,-1.414515025666141e-07,-1.845063051468299e-08,1.4146831305761283e-07,1.7964955912871215e-08
1651.0,2.2350420403327576e-09,-6.7461425326466784e-09,-1.417376019642591e-07,-1.865038600967058e-08,1.417552229143632e-07,1.8164980083961096e-08
1652.0,2.2551374656565315e-09,-6.846294312567823e-09,-1.4198693943506813e-07,-1.8847248008849224e-08,1.4200484715363315e-07,1.8362226947206076e-08
1653.0,2.164730061871012e-09,-6.945132663530243e-09,-1.4218777281277406e-07,-1.9041178565834442e-08,1.4220425026593902e-07,1.8556653766416336e-08
1654.0,2.0040747394922676e-09,-7.042647354139277e-09,-1.4236853097121527e-07,-1.923214030822642e-08,1.4238263562128407e-07,1.8748218443566568e-08
1655.0,1.8750870300898725e-09,-7.138827687157707e-09,-1.4255462219350812e-07,-1.942009649562515e-08,1.4256695360462834e-07,1.8936879580029293e-08
1656.0,1.8103177290562655e-09,-7.233662456529552e-09,-1.4275572279495718e-07,-1.960501107641997e-08,1.4276720085856833e-07,1.912259653631104e-08
1657.0,1.7653753181523513e-09,-7.3271399076592706e-09,-1.429577719640196e-07,-1.9786848743047118e-08,1.4296867179536421e-07,1.930532948999139e-08
1658.0,1.6940831515377397e-09,-7.419247701231074e-09,-1.4313748697772355e-07,-1.9965574985435935e-08,1.4314751166549246e-07,1.948503949159286e-08
1659.0,1.554289863481273e-09,-7.509972880813167e-09,-1.4327275549980145e-07,-2.0141156142393837e-08,1.4328118608346878e-07,1.9661688518140024e-08
1660.0,1.3498651918464333e-09,-7.599301844448889e-09,-1.4336319427085686e-07,-2.0313559450712383e-08,1.4336954909456752e-07,1.9835239524199216e-08
1661.0,1.1163461821617204e-09,-7.687220320390677e-09,-1.4343318761531054e-07,-2.0482753091810708e-08,1.4343753183280622e-07,2.0005656490225076e-08
1662.0,8.921857697075097e-10,-7.773713347085716e-09,-1.4349621830708759e-07,-2.0648706235766814e-08,1.4349899185667824e-07,2.0172904468075006e-08
1663.0,6.884477987689763e-10,-7.858765257478055e-09,-1.4356598428827416e-07,-2.081138908261877e-08,1.4356763494963834e-07,2.0336949623584824e-08
1664.0,4.94887075763728e-10,-7.94235966765559e-09,-1.4366125329970392e-07,-2.0970772900843938e-08,1.4366210569548064e-07,2.0497759276125467e-08
1665.0,3.1829647251235826e-10,-8.024479469844236e-09,-1.43784758512705e-07,-2.1126830062942985e-08,1.437851108188929e-07,2.065530193507947e-08
1666.0,1.681987604751356e-10,-8.105106829736951e-09,-1.4392000795282467e-07,-2.127953407806638e-08,1.4392010623941375e-07,2.080954733318706e-08
1667.0,7.2048034205352e-11,-8.184223188141463e-09,-1.440574890938795e-07,-2.1428859621624653e-08,1.4405750711071064e-07,2.0960466456715414e-08
1668.0,4.696409927618106e-12,-8.261809266936001e-09,-1.4419752589894808e-07,-2.1574782561822653e-08,1.4419752597542742e-07,2.110803157240336e-08
1669.0,-7.105394050910263e-11,-8.33784507933501e-09,-1.4433747864972535e-07,-2.1717279983053443e-08,1.443374961388148e-07,2.1252216251129218e-08
1670.0,-1.4452677943310732e-10,-8.412309944483843e-09,-1.444735846407863e-07,-2.1856330206081938e-08,1.4447365693076512e-07,2.1392995388243722e-08
1671.0,-1.9039114729224593e-10,-8.485182506419937e-09,-1.4462395691444696e-07,-2.19919128049426e-08,1.446240822352238e-07,2.1530345220503927e-08
1672.0,-1.7493387294287288e-10,-8.55644075745576e-09,-1.4480896313659453e-07,-2.2124008620470473e-08,1.4480906879942116e-07,2.1664243339538774e-08
1673.0,-1.2792245041026717e-10,-8.626062066054146e-09,-1.450027790964037e-07,-2.2252599770380984e-08,1.450028355234261e-07,2.179466870177284e-08
1674.0,-1.1014203438186598e-10,-8.694023209277829e-09,-1.4516776275161347e-07,-2.2377669655812712e-08,1.4516780453522217e-07,2.1921601634733203e-08
1675.0,-1.4267687031832565e-10,-8.760300409899711e-09,-1.4529398602650123e-07,-2.2499202964249827e-08,1.452940560799321e-07,2.204502383966667e-08
1676.0,-2.037674196042616e-10,-8.824869378256061e-09,-1.4539628059168086e-07,-2.2617185668748836e-08,1.4539642337779868e-07,2.216491839040197e-08
1677.0,-2.6617183457311455e-10,-8.887705358910435e-09,-1.454991413671336e-07,-2.2731605023407714e-08,1.4549938483037873e-07,2.2281269728404685e-08
1678.0,-3.0287036767440156e-10,-8.948783182172512e-09,-1.4562525610384291e-07,-2.2842449555033735e-08,1.4562557105731622e-07,2.2394063653990365e-08
1679.0,-3.061428888173623e-10,-9.008077320485801e-09,-1.45779807340235e-07,-2.2949709050987407e-08,1.45780128795472e-07,2.250328731368194e-08
1680.0,-3.0548749641035045e-10,-9.065561949662977e-09,-1.4593528200115835e-07,-2.3053374543202882e-08,1.459356017405214e-07,2.2608929183719826e-08
1681.0,-3.5067951320577606e-10,-9.1212110149086e-09,-1.4604746062518714e-07,-2.3153438288410136e-08,1.460478816388193e-07,2.271097904975753e-08
1682.0,-4.572218437193243e-10,-9.174998301525178e-09,-1.4610272094581211e-07,-2.324989374461184e-08,1.4610343637157963e-07,2.2809427982802644e-08
1683.0,-6.127447993442559e-10,-9.226897510149742e-09,-1.461205896939599e-07,-2.3342735543899722e-08,1.461218744360327e-07,2.290426831149401e-08
1684.0,-7.760967424275123e-10,-9.276882336315307e-09,-1.461274280467606e-07,-2.343195946172995e-08,1.4612948899423006e-07,2.2995493590840262e-08
1685.0,-9.245878507257999e-10,-9.32492655407791e-09,-1.4614018231315362e-07,-2.3517562382813267e-08,1.4614310708759237e-07,2.3083098567579963e-08
1686.0,-1.0514607517997376e-09,-9.37100410339949e-09,-1.4616558073610175e-07,-2.359954226380917e-08,1.4616936259570422e-07,2.3167079142356695e-08
1687.0,-1.1690622914173332e-09,-9.415089180933243e-09,-1.462023316786687e-07,-2.3677898093042327e-08,1.4620700562873403e-07,2.3247432328930483e-08
1688.0,-1.2825802087057525e-09,-9.457156333823222e-09,-1.4624170811133874e-07,-2.3752629847482072e-08,1.4624733229469098e-07,2.332415621066874e-08
1689.0,-1.373903102397378e-09,-9.497180556104035e-09,-1.4627996223343098e-07,-2.382373844724212e-08,1.4628641413592985e-07,2.3397249894575736e-08
1690.0,-1.438178492962905e-09,-9.535137387268707e-09,-1.4631580559643087e-07,-2.389122570786858e-08,1.4632287355266835e-07,2.3466713463129735e-08
1691.0,-1.4863686947919064e-09,-9.571003012562208e-09,-1.4635240759217072e-07,-2.3955094290691026e-08,1.463599552470611e-07,2.353254792420309e-08
1692.0,-1.5268893649444948e-09,-9.604754364553306e-09,-1.463900564033227e-07,-2.401534765151433e-08,1.4639801912901958e-07,2.359475515934304e-08
1693.0,-1.5430753896872318e-09,-9.636369225537009e-09,-1.464377172681608e-07,-2.4071989987929108e-08,1.464458470574296e-07,2.365333787069051e-08
1694.0,-1.5226878924412546e-09,-9.665826330321961e-09,-1.4649841717853662e-07,-2.4125026185516006e-08,1.4650633028724167e-07,2.370829952681114e-08
1695.0,-1.4908022316628688e-09,-9.693105468960236e-09,-1.4656450758598893e-07,-2.4174461763214435e-08,1.465720893458824e-07,2.37596443077078e-08
1696.0,-1.4808749226880025e-09,-9.718187588979152e-09,-1.466192489293916e-07,-2.4220302818120564e-08,1.4662672726060398e-07,2.3807377049277485e-08
1697.0,-1.501820084959249e-09,-9.741054896674122e-09,-1.4666007083080634e-07,-2.4262555969973305e-08,1.466677600553875e-07,2.3851503187469032e-08
1698.0,-1.5573484168918128e-09,-9.76169095701693e-09,-1.466887085271873e-07,-2.430122830558166e-08,1.466969752362526e-07,2.389202870239218e-08
1699.0,-1.6216985532224726e-09,-9.78008079172473e-09,-1.4671557634071686e-07,-2.433632732344281e-08,1.4672453866748478e-07,2.3928960062623987e-08
1700.0,-1.6479597131358048e-09,-9.796210975022845e-09,-1.4676869368804302e-07,-2.436786087879721e-08,1.4677794527145662e-07,2.396230416995508e-08
1701.0,-1.6271872183004632e-09,-9.810069726621217e-09,-1.4684678047161004e-07,-2.4395837129365112e-08,1.468557955040271e-07,2.3992068304815562e-08
1702.0,-1.5975712142068943e-09,-9.821647001411908e-09,-1.4692090066770191e-07,-2.442026448200715e-08,1.469295861519837e-07,2.4018260072618445e-08
1703.0,-1.6268999203372658e-09,-9.830934575383778e-09,-1.469508531110053e-07,-2.4441151540552007e-08,1.469598585784671e-07,2.404088735125802e-08
1704.0,-1.7430294985132377e-09,-9.837926127239176e-09,-1.4691744866512924e-07,-2.4458507055036607e-08,1.4692778795756633e-07,2.4059958240002784e-08
1705.0,-1.8922126643339254e-09,-9.842617315185388e-09,-1.4683569610554614e-07,-2.44723398726106e-08,1.4684788769188124e-07,2.4075481010028195e-08
1706.0,-2.034828749941653e-09,-9.845005848361637e-09,-1.467402070687296e-07,-2.4482658890365573e-08,1.467543147529749e-07,2.4087464056842963e-08
1707.0,-2.1351461709784303e-09,-9.845091552354037e-09,-1.4666463166515542e-07,-2.4489473010358426e-08,1.466801725886875e-07,2.409591585487087e-08
1708.0,-2.198571574796304e-09,-9.842876428250532e-09,-1.4662843172280615e-07,-2.4492791097103158e-08,1.4664491367401437e-07,2.410084491445501e-08
1709.0,-2.244253588523648e-09,-9.838364704698534e-09,-1.4661769173057726e-07,-2.449262193780402e-08,1.466348669402069e-07,2.4102259741549608e-08
1710.0,-2.3169911267384435e-09,-9.831562882450157e-09,-1.4660027415625e-07,-2.4488974205593687e-08,1.466185828282658e-07,2.4100168800355524e-08
1711.0,-2.4318828617531096e-09,-9.822479770912441e-09,-1.4655427775511765e-07,-2.4481856426024354e-08,1.4657445337635567e-07,2.40945804791399e-08
1712.0,-2.584024300089638e-09,-9.81112651626072e-09,-1.464808301772369e-07,-2.447127694703923e-08,1.4650362040235036e-07,2.408550305946037e-08
1713.0,-2.7092811327733557e-09,-9.797516620722113e-09,-1.4640079987193744e-07,-2.44572439126286e-08,1.4642586659261906e-07,2.4072944688991375e-08
1714.0,-2.7585916329009308e-09,-9.781665952694014e-09,-1.4633685274656472e-07,-2.443976524034868e-08,1.4636285150121556e-07,2.4056913358124846e-08
1715.0,-2.720424024937884e-09,-9.7635927474313e-09,-1.462923050303544e-07,-2.4418848602852125e-08,1.4631759708924185e-07,2.403741688048911e-08
1716.0,-2.6486322579621913e-09,-9.74331759811638e-09,-1.4625701216450238e-07,-2.4394501413545623e-08,1.462809928190444e-07,2.4014462877497176e-08
1717.0,-2.544902677481531e-09,-9.720863437215866e-09,-1.4623220813414495e-07,-2.4366730816451983e-08,1.462543511333107e-07,2.398805876699917e-08
1718.0,-2.4067562665042175e-09,-9.696255508121903e-09,-1.4622826867774497e-07,-2.4335543680312978e-08,1.462480736154057e-07,2.3958211756073543e-08
1719.0,-2.2784486519711322e-09,-9.669521327169263e-09,-1.4623947210135047e-07,-2.4300946596926183e-08,1.4625722043284335e-07,2.3924928837950042e-08
1720.0,-2.1603628053146195e-09,-9.640690636206313e-09,-1.4626129820130562e-07,-2.426294588366616e-08,1.4627725222665974e-07,2.388821679301589e-08
1721.0,-2.0783968990301105e-09,-9.60979534597512e-09,-1.4627971945541107e-07,-2.422154759009953e-08,1.4629448403006748e-07,2.3848082193816675e-08
1722.0,-1.9896108094386022e-09,-9.57686947062149e-09,-1.4630165351414703e-07,-2.417675750856677e-08,1.4631518161881413e-07,2.380453141392765e-08
1723.0,-1.892804385450475e-09,-9.541949053709222e-09,-1.4632012969306718e-07,-2.412858118857238e-08,1.4633237188618785e-07,2.3757570640540786e-08
1724.0,-1.7987460132484756e-09,-9.505072086155054e-09,-1.4631890064842334e-07,-2.4077023954801262e-08,1.4632995651671383e-07,2.370720589058936e-08
1725.0,-1.7251228778825123e-09,-9.466278416533012e-09,-1.4627832888719494e-07,-2.402209092856283e-08,1.4628850108936847e-07,2.365344303021615e-08
1726.0,-1.7000840735192924e-09,-9.425609654219706e-09,-1.4618493293649948e-07,-2.3963787052456324e-08,1.461948183196172e-07,2.3596287797383298e-08
1727.0,-1.7185535494679272e-09,-9.383109065866556e-09,-1.4605651903545902e-07,-2.3902117118049763e-08,1.4606662924521052e-07,2.3535745827421204e-08
1728.0,-1.7520850326135928e-09,-9.338821465692009e-09,-1.459171614856536e-07,-2.3837085796369287e-08,1.4592768009528492e-07,2.3471822681317935e-08
1729.0,-1.7466887936024023e-09,-9.292793100089131e-09,-1.458066205932418e-07,-2.3768697671002516e-08,1.4581708243742658e-07,2.34045238765577e-08
1730.0,-1.7097014637368346e-09,-9.24507152704448e-09,-1.457326049628116e-07,-2.369695727362544e-08,1.4574263353028175e-07,2.3333854920322674e-08
1731.0,-1.643522595795588e-09,-9.195705490865562e-09,-1.456761800112949e-07,-2.3621869121765535e-08,1.456854508494451e-07,2.3259821344875695e-08
1732.0,-1.6285404969007544e-09,-9.144744792717353e-09,-1.4559806680095044e-07,-2.3543437758613433e-08,1.4560717427491022e-07,2.3182428744940906e-08
1733.0,-1.6814476755389052e-09,-9.092240157472519e-09,-1.4547376963464087e-07,-2.3461667794693198e-08,1.4548348675364547e-07,2.3101682816897244e-08
1734.0,-1.7797320839285646e-09,-9.038243097384059e-09,-1.453146935420646e-07,-2.3376563951198522e-08,1.4532559170880647e-07,2.3017589399596957e-08
1735.0,-1.8514358379739804e-09,-8.982805773093295e-09,-1.4514828008613256e-07,-2.3288131104800123e-08,1.4516008758134765e-07,2.2930154516619232e-08
1736.0,-1.8666646284248856e-09,-8.925980852493034e-09,-1.4499300755865807e-07,-2.3196374333727145e-08,1.4500502293969022e-07,2.2839384419766745e-08
1737.0,-1.8442381233274574e-09,-8.867821367978607e-09,-1.448521904229283e-07,-2.3101298964920705e-08,1.44863930239987e-07,2.274528563360831e-08
1738.0,-1.802066079692466e-09,-8.80838057264044e-09,-1.4472678279420226e-07,-2.300291062204885e-08,1.4473800157566007e-07,2.2647865000862166e-08
1739.0,-1.7145698472109672e-09,-8.747711795980272e-09,-1.4462571373483057e-07,-2.290121527415844e-08,1.446358766802695e-07,2.254712972840112e-08
1740.0,-1.5775118988869963e-09,-8.68586829976657e-09,-1.4454566589841567e-07,-2.2796219284721478e-08,1.4455427379986914e-07,2.244308743364296e-08
1741.0,-1.4166278428096035e-09,-8.622903134679295e-09,-1.4448560800572885e-07,-2.2687929460812477e-08,1.444925525943471e-07,2.2335746191069203e-08
1742.0,-1.2268010773919258e-09,-8.55886899842635e-09,-1.4444196944074505e-07,-2.2576353102132122e-08,1.4444717919296526e-07,2.2225114578594097e-08
1743.0,-1.0537882511041374e-09,-8.493818096039773e-09,-1.443968020500841e-07,-2.246149804957275e-08,1.444006472006595e-07,2.2111201723486515e-08
1744.0,-8.965900522017733e-10,-8.427802003075442e-09,-1.4434938882049164e-07,-2.2343372733005845e-08,1.4435217326584032e-07,2.199401734753202e-08
1745.0,-7.334353957499928e-10,-8.360871532443069e-09,-1.443026527749025e-07,-2.2221986217962668e-08,1.443045166491812e-07,2.1873571811113582e-08
1746.0,-5.569865124677165e-10,-8.293076605581949e-09,-1.4425343202589813e-07,-2.2097348250878097e-08,1.442545073307087e-07,2.1749876155888026e-08
1747.0,-3.860291530877191e-10,-8.224466128672114e-09,-1.441772313967582e-07,-2.196946930257551e-08,1.44177748185153e-07,2.1622942145743056e-08
1748.0,-2.7337671015814635e-10,-8.155087874530625e-09,-1.4405432500336213e-07,-2.1838360609687535e-08,1.4405458440119128e-07,2.1492782305736323e-08
1749.0,-2.6196700364522485e-10,-8.084988370789029e-09,-1.4387665638049274e-07,-2.17040342137335e-08,1.438768948717666e-07,2.1359409958743644e-08
1750.0,-3.196537201599625e-10,-8.014212794881767e-09,-1.4366359096448789e-07,-2.1566502997608264e-08,1.436639465812926e-07,2.1222839259576905e-08
1751.0,-3.72850916807721e-10,-7.942804876299275e-09,-1.434470037857405e-07,-2.1425780719276317e-08,1.4344748834647615e-07,2.1083085226370927e-08
1752.0,-3.822134275743849e-10,-7.870806806478693e-09,-1.4325225867334312e-07,-2.128188204250626e-08,1.432527685670285e-07,2.094016376907947e-08
1753.0,-3.879020160635349e-10,-7.798259156625548e-09,-1.430636238676508e-07,-2.1134822564520546e-08,1.4306414974450705e-07,2.079409171495971e-08
1754.0,-4.202100889472149e-10,-7.725200803685946e-09,-1.4285509842074107e-07,-2.098461884047086e-08,1.428557164460648e-07,2.0644886830959836e-08
1755.0,-4.849348145263832e-10,-7.651668864623077e-09,-1.426309009164295e-07,-2.0831288404680468e-08,1.4263172528580963e-07,2.0492567842954822e-08
1756.0,-5.581515527541825e-10,-7.577698639094364e-09,-1.4240820061725556e-07,-2.0674849788620264e-08,1.4240929441648234e-07,2.0337154451800626e-08
1757.0,-6.111197103919608e-10,-7.503323560576848e-09,-1.4218540496033216e-07,-2.051532253560647e-08,1.4218671826522363e-07,2.017866734619789e-08
1758.0,-5.912568212806946e-10,-7.428575155949318e-09,-1.4197591250222907e-07,-2.0352727212223443e-08,1.4197714363752116e-07,2.001712821237161e-08
1759.0,-5.072492981206267e-10,-7.353483013511701e-09,-1.4178993274285845e-07,-2.0187085416485503e-08,1.4179084007464928e-07,1.9852559740583346e-08
1760.0,-4.0636019549289415e-10,-7.27807475940493e-09,-1.4161850446503532e-07,-2.001841978275651e-08,1.416190874688921e-07,1.9684985628497347e-08
1761.0,-3.152692829022641e-10,-7.202376042385756e-09,-1.4145269438756158e-07,-1.9846753983445926e-08,1.414530457226766e-07,1.951443058142167e-08
1762.0,-2.0782900400639903e-10,-7.126410526906726e-09,-1.4129366655152298e-07,-1.9672112727496983e-08,1.4129381939939152e-07,1.934092030944218e-08
1763.0,-8.55090998008734e-11,-7.050199894447904e-09,-1.4114270786153016e-07,-1.9494521755677505e-08,1.4114273376370247e-07,1.9164481521462238e-08
1764.0,4.391487173904807e-12,-6.973763853040872e-09,-1.4098808661516804e-07,-1.9314007832679275e-08,1.4098808668356092e-07,1.8985141916155937e-08
1765.0,7.831910120437158e-11,-6.89712015491579e-09,-1.4082528844092113e-07,-1.9130598736028405e-08,1.4082531021925798e-07,1.8802930169839255e-08
1766.0,1.999378440586952e-10,-6.820284622188083e-09,-1.4067534310005514e-07,-1.8944323241808313e-08,1.4067548518295474e-07,1.8617875921262354e-08
1767.0,3.7749858794455804e-10,-6.743271180482791e-09,-1.4055914596827757e-07,-1.8755211107199116e-08,1.4055965288985122e-07,1.8430009753328574e-08
1768.0,6.020543508178378e-10,-6.666091900371775e-09,-1.404694260735695e-07,-1.8563293049843356e-08,1.404707162752413e-07,1.8239363171751278e-08
1769.0,8.207960144890336e-10,-6.588757046471015e-09,-1.4036361718761103e-07,-1.836860072405855e-08,1.4036601702722643e-07,1.804596858067034e-08
1770.0,9.314937154947245e-10,-6.5112751340098224e-09,-1.4019434055323465e-07,-1.8171166693933702e-08,1.40197435082452e-07,1.7849859255266576e-08
1771.0,9.248853072296725e-10,-6.433652992637953e-09,-1.399586985126322e-07,-1.7971024403371225e-08,1.39961754426634e-07,1.76510693114366e-08
1772.0,9.002649181688582e-10,-6.355895837179169e-09,-1.3969556625706425e-07,-1.7768208143168252e-08,1.3969846709540056e-07,1.7449633672622993e-08
1773.0,8.964990416693297e-10,-6.2780073449730976e-09,-1.3943024457577224e-07,-1.7562753015270324e-08,1.3943312667006853e-07,1.7245588033934025e-08
1774.0,9.192476502217772e-10,-6.199989739376748e-09,-1.3916811564956832e-07,-1.735469489437293e-08,1.391711515713442e-07,1.7038968823729318e-08
1775.0,9.433387959667527e-10,-6.121843878928848e-09,-1.3889638041802987e-07,-1.7144070387087867e-08,1.3889958380540255e-07,1.6829813162889745e-08
1776.0,9.32998400759999e-10,-6.04356935161807e-09,-1.3861194030073687e-07,-1.6930916788929396e-08,1.386150802761044e-07,1.661815882202775e-08
1777.0,9.158327152203327e-10,-5.9651645736414865e-09,-1.383259155690597e-07,-1.671527203940771e-08,1.3832894732333107e-07,1.640404417692698e-08
1778.0,8.642007109926908e-10,-5.8866268919921714e-09,-1.380442978086982e-07,-1.649717467554401e-08,1.3804700286628984e-07,1.618750816252672e-08
1779.0,8.29598861828984e-10,-5.8079526901750204e-09,-1.377742169621221e-07,-1.627666378414153e-08,1.377767146284068e-07,1.5968590225786956e-08
1780.0,8.120934480437825e-10,-5.729137496318967e-09,-1.3751584611657042e-07,-1.6053778953160377e-08,1.3751824398575133e-07,1.5747330277783053e-08
1781.0,8.150594088540686e-10,-5.6501760929331355e-09,-1.3726218719284367e-07,-1.5828560222550797e-08,1.3726460707262895e-07,1.552376864538591e-08
1782.0,8.201677392793982e-10,-5.571062627545184e-09,-1.370075122172909e-07,-1.5601048034900147e-08,1.370099670793759e-07,1.5297946022883692e-08
1783.0,8.349270164131894e-10,-5.491790723461956e-09,-1.3675324201864458e-07,-1.5371283186244135e-08,1.3675579075758626e-07,1.506990342389663e-08
1784.0,8.926721306590224e-10,-5.412353589904631e-09,-1.3649848299920886e-07,-1.5139306777384292e-08,1.3650140191447912e-07,1.4839682133927106e-08
1785.0,1.0062070343597185e-09,-5.332744130791467e-09,-1.3624522526844984e-07,-1.4905160166041326e-08,1.3624894077036576e-07,1.4607323663874791e-08
1786.0,1.0864317501191323e-09,-5.252955051469137e-09,-1.3598492780431126e-07,-1.4668884920158989e-08,1.359892676790761e-07,1.4372869704831136e-08
1787.0,1.1442493896840489e-09,-5.172978962726613e-09,-1.3573711696648894e-07,-1.4430522772655572e-08,1.357419398308426e-07,1.4136362084449449e-08
1788.0,1.1768617191876274e-09,-5.092808481460792e-09,-1.3550657631741791e-07,-1.4190115577900257e-08,1.355116866870688e-07,1.389784272516654e-08
1789.0,1.2319839037822078e-09,-5.012436327399208e-09,-1.3530115668125564e-07,-1.3947705270169889e-08,1.353067654761759e-07,1.3657353604529623e-08
1790.0,1.3289176148401083e-09,-4.9318554153217905e-09,-1.3510896158808183e-07,-1.3703333824318808e-08,1.3511549697735196e-07,1.3414936717858882e-08
1791.0,1.4213662746787037e-09,-4.85105894226151e-09,-1.3490595868193012e-07,-1.3457043218871548e-08,1.3491344621637027e-07,1.3170634043452607e-08
1792.0,1.5094015759498092e-09,-4.770040469203291e-09,-1.3467303363462468e-07,-1.3208875401726997e-08,1.346814919781862e-07,1.2924487510520055e-08
1793.0,1.5958154242490252e-09,-4.68879399684101e-09,-1.3440626596764038e-07,-1.2958872258644574e-08,1.344157392504031e-07,1.2676538970008696e-08
1794.0,1.6039356787178605e-09,-4.607314034992546e-09,-1.3409023767729789e-07,-1.2707075584669127e-08,1.3409983016400766e-07,1.2426830168477836e-08
1795.0,1.5274235765083688e-09,-4.525595665312006e-09,-1.3374776778804498e-07,-1.245352705864033e-08,1.3375648922974495e-07,1.2175402725159419e-08
1796.0,1.4737872311432199e-09,-4.443634596977243e-09,-1.3342783308084583e-07,-1.2198268220922992e-08,1.3343597224681482e-07,1.1922298112336606e-08
1797.0,1.5011105969353622e-09,-4.361427215072302e-09,-1.3314200818584365e-07,-1.1941340454483505e-08,1.3315047005843986e-07,1.166755763915902e-08
1798.0,1.6416876746916387e-09,-4.278970621431977e-09,-1.32874520695353e-07,-1.1682784969422192e-08,1.3288466197586923e-07,1.1411222438997437e-08
1799.0,1.8301401505382842e-09,-4.196262667771644e-09,-1.3260124218095193e-07,-1.1422642791050502e-08,1.3261387122357176e-07,1.1153333460419042e-08
1800.0,1.9340345158713745e-09,-4.113301980988723e-09,-1.3231481955575108e-07,-1.1160954751576414e-08,1.3232895361023433e-07,1.0893931461837893e-08
1801.0,1.867764443108655e-09,-4.030087980587965e-09,-1.3201451236344308e-07,-1.0897761485432197e-08,1.3202772443154735e-07,1.0633057009865057e-08
1802.0,1.8321179573455026e-09,-3.9466208882463785e-09,-1.317408403200826e-07,-1.0633103428247793e-08,1.3175357932311034e-07,1.0370750481351212e-08
1803.0,1.9419666152931114e-09,-3.862901729593842e-09,-1.31493086596296e-07,-1.0367020819440714e-08,1.3150742586240487e-07,1.0107052069081146e-08
1804.0,2.0315598092679465e-09,-3.7789323283447625e-09,-1.3122953266067605e-07,-1.0099553708359834e-08,1.3124525697181624e-07,9.842001791045185e-09
1805.0,2.0691316438004037e-09,-3.6947152929782023e-09,-1.3094353623968602e-07,-9.830741963886012e-09,1.3095988312728957e-07,9.575639503177257e-09
1806.0,2.2224805329429387e-09,-3.6102539962292182e-09,-1.3067634684407747e-07,-9.560625287358248e-09,1.3069524491821784e-07,9.308004915414059e-09
1807.0,2.445374264192779e-09,-3.5255525477206427e-09,-1.304478825271682e-07,-9.289243228660588e-09,1.3047080099054293e-07,9.039137610895236e-09
1808.0,2.6563290733694345e-09,-3.4406157601291715e-09,-1.302501652193644e-07,-9.016635205272929e-09,1.302772490645153e-07,8.76907706809156e-09
1809.0,2.805506243985789e-09,-3.3554491093390926e-09,-1.3005665344678619e-07,-8.742840524058803e-09,1.3008690929936988e-07,8.497862685616891e-09
1810.0,2.8985996103347844e-09,-3.2700586890875275e-09,-1.2984520092115814e-07,-8.467898405536465e-09,1.2987755033860531e-07,8.225533809452347e-09
1811.0,2.9741961116158677e-09,-3.1844511606438e-09,-1.2960301472991764e-07,-8.191848010358183e-09,1.2963713692300368e-07,7.95212976228913e-09
1812.0,3.1656748888941877e-09,-3.09863369809184e-09,-1.293515963195213e-07,-7.914728467708874e-09,1.2939032795348566e-07,7.677689874682173e-09
1813.0,3.3927782805420748e-09,-3.012613929800634e-09,-1.290835507372634e-07,-7.636578905329092e-09,1.2912813022498456e-07,7.40225351770083e-09
1814.0,3.471055887160901e-09,-2.9263998766752497e-09,-1.2879589706554784e-07,-7.3574384808688776e-09,1.2884266114098617e-07,7.125860136764188e-09
1815.0,3.4434783635628463e-09,-2.8399998877800597e-09,-1.2849053696376012e-07,-7.077346414286166e-09,1.2853667038038495e-07,6.8485492863561745e-09
1816.0,3.4511656588076534e-09,-2.753422573915582e-09,-1.2816750049118864e-07,-6.7963420210148195e-09,1.2821395683217709e-07,6.57036066532746e-09
1817.0,3.4962988615383495e-09,-2.6666767397121173e-09,-1.2783771831392787e-07,-6.514464745641009e-09,1.278855204057143e-07,6.291334152505604e-09
1818.0,3.4398674186864042e-09,-2.579771314781403e-09,-1.2747842591254166e-07,-6.2317541958409344e-09,1.2752482801790997e-07,6.011509842350045e-09
1819.0,3.3584672542996685e-09,-2.4927152844465736e-09,-1.2711929665842892e-07,-5.948250176346114e-09,1.2716365394731257e-07,5.730928080402492e-09
1820.0,3.3615453753910174e-09,-2.405517620554277e-09,-1.2678909979899067e-07,-5.663992722712814e-09,1.2683365411100173e-07,5.449629498294584e-09
1821.0,3.523841357599977e-09,-2.3181872128630483e-09,-1.2649673338319123e-07,-5.379022134678565e-09,1.2654580599344927e-07,5.1676550480813666e-09
1822.0,3.661666608811842e-09,-2.230732801500007e-09,-1.2620278907679583e-07,-5.093379008890037e-09,1.26255897973585e-07,4.885046035671109e-09
1823.0,3.757890665312402e-09,-2.143162910982734e-09,-1.2589714861593881e-07,-4.807104270783544e-09,1.25953220569687e-07,4.601844153119046e-09
1824.0,3.820323668524139e-09,-2.05548578631058e-09,-1.2560580854928394e-07,-4.520239205393082e-09,1.256638930411264e-07,4.318091509546482e-09
1825.0,3.849856183846256e-09,-1.967709331635008e-09,-1.2533373483156196e-07,-4.23282548685308e-09,1.2539284859777526e-07,4.0338306604391696e-09
1826.0,3.934793740834053e-09,-1.879841052019455e-09,-1.2508188452706182e-07,-3.944905206354839e-09,1.2514375908779523e-07,3.749104635071065e-09
1827.0,4.072815362743398e-09,-1.7918879987962221e-09,-1.2484420256614337e-07,-3.6565208983081232e-09,1.2491061900156944e-07,3.4639569617925192e-09
1828.0,4.243170731443868e-09,-1.7038567190226863e-09,-1.24608359540479e-07,-3.3677155644532444e-09,1.2468058295189938e-07,3.1784316909163764e-09
1829.0,4.4178053437704534e-09,-1.6157532095318794e-09,-1.2433954987844942e-07,-3.078532695666231e-09,1.2441800781249816e-07,2.8925734149332946e-09
1830.0,4.564268407669658e-09,-1.5275828760612813e-09,-1.2403441574868057e-07,-2.7890162912010313e-09,1.2411836623245486e-07,2.6064272857898254e-09
1831.0,4.656189489526952e-09,-1.4393504979257223e-09,-1.2373099057827464e-07,-2.4992108751196256e-09,1.2381856940719137e-07,2.320039028970513e-09
1832.0,4.765946470808302e-09,-1.3510601986731685e-09,-1.2347635886672537e-07,-2.2091615096723936e-09,1.2356830275093592e-07,2.0334549541382897e-09
1833.0,4.899911670852575e-09,-1.2627154231257383e-09,-1.2325434566029525e-07,-1.9189138054061426e-09,1.2335170391417258e-07,1.7467219621039078e-09
1834.0,5.055965562883458e-09,-1.1743189211635469e-09,-1.2303556032322582e-07,-1.6285139277946845e-09,1.231394002414467e-07,1.4598875479147166e-09
1835.0,5.201869407445159e-09,-1.0858727385574316e-09,-1.228071983584711e-07,-1.3380086002071074e-09,1.229173194224027e-07,1.172999799875592e-09
1836.0,5.3466510663291444e-09,-9.97378215098658e-10,-1.225545084720947e-07,-1.047445103053624e-09,1.2267108145142362e-07,8.861073943419654e-10
1837.0,5.461326002542677e-09,-9.088359902086688e-10,-1.2227222830410445e-07,-7.56871268979708e-10,1.2239413342214196e-07,5.992595861585694e-10
1838.0,5.538067143762149e-09,-8.202460161392631e-10,-1.219733400496803e-07,-4.663354740170642e-10,1.2209900028486622e-07,3.1250619465847356e-10
1839.0,5.552637571959451e-09,-7.316075787933975e-10,-1.2165547378512054e-07,-1.7588662464382602e-10,1.2178212547778794e-07,2.589758518436158e-11
1840.0,5.5318166991558115e-09,-6.429193261105804e-10,-1.2129121933560083e-07,1.1442585924517055e-10,1.2141730059554893e-07,-2.605153538539255e-10
1841.0,5.478107023559886e-09,-5.541793038715295e-10,-1.2089157276282125e-07,4.0455206540707234e-10,1.2101562717942704e-07,-5.46681238317356e-10
1842.0,5.40653830038984e-09,-4.653849986882965e-10,-1.2049503851987997e-07,6.9444161425814e-10,1.206162715569543e-07,-8.325482199495828e-10
1843.0,5.347193965388186e-09,-3.765333878630684e-10,-1.2012304618017056e-07,9.840436876729556e-10,1.202420005942469e-07,-1.1180640220914392e-09
1844.0,5.362810140407959e-09,-2.8762099572525735e-10,-1.1978455848049574e-07,1.2733070613901516e-09,1.1990454613136804e-07,-1.403175979284356e-09
1845.0,5.425347976428796e-09,-1.9864395599523764e-10,-1.1948872109465714e-07,1.5621801408084448e-09,1.1961182579286257e-07,-1.6878310805154338e-09
1846.0,5.49926579274107e-09,-1.0959807967493357e-10,-1.1922612222492468e-07,1.8506109999350394e-09,1.1935288075723976e-07,-1.9719760158329797e-09
1847.0,5.585434059707239e-09,-2.0478927928742544e-11,-1.1896538443939564e-07,2.138547423234317e-09,1.19096430544532e-07,-2.2555572260453333e-09
1848.0,5.6132673231790164e-09,6.871811061018984e-11,-1.1869914671655546e-07,2.4259369501151206e-09,1.1883179793842989e-07,-2.538520955204827e-09
1849.0,5.61062529769174e-09,1.579977386967595e-10,-1.1842640942547056e-07,2.7127269217872506e-09,1.1855924074335277e-07,-2.820813305569853e-09
1850.0,5.609334718936765e-09,2.47364666102376e-10,-1.181282094815661e-07,2.9988645302095516e-09,1.1826131451708895e-07,-3.1023802947287633e-09
1851.0,5.62876745213714e-09,3.3682352264032954e-10,-1.1779844208067991e-07,3.2842968688421877e-09,1.179328452114403e-07,-3.383167914558646e-09
1852.0,5.658976176547981e-09,4.2637876922458397e-10,-1.1743443669581799e-07,3.5689709849045397e-09,1.1757070610245912e-07,-3.6631221916803013e-09
1853.0,5.697539717797184e-09,5.160346076027458e-10,-1.1707026083968008e-07,3.852833932829113e-09,1.1720882190307438e-07,-3.942189249059331e-09
1854.0,5.791510465646965e-09,6.05794889400502e-10,-1.1674537744518765e-07,4.135832828592641e-09,1.1688894194188357e-07,-4.220315368394433e-09
1855.0,5.924832707782102e-09,6.956630251042874e-10,-1.1646705350837339e-07,4.417914904601186e-09,1.166176581634939e-07,-4.497447052929815e-09
1856.0,6.013939179982941e-09,7.856418935930072e-10,-1.1622078861794893e-07,4.699027564807224e-09,1.1637628268439623e-07,-4.7735310903307364e-09
1857.0,6.076176312097559e-09,8.757337528105494e-10,-1.1598824663575091e-07,4.979118439743834e-09,1.1614729129950246e-07,-5.048514615269278e-09
1858.0,6.118390627474213e-09,9.659401521510312e-10,-1.1575146273770653e-07,5.258135441171784e-09,1.1591305288788243e-07,-5.322345171379061e-09
1859.0,6.1702911946515115e-09,1.056261847109297e-09,-1.1548885232512407e-07,5.536026816046953e-09,1.1565356676212415e-07,-5.5949707722503036e-09
1860.0,6.2247059728903764e-09,1.1466987167297248e-09,-1.151906991250784e-07,5.8127411995252305e-09,1.15358762690024e-07,-5.866339961147303e-09
1861.0,6.274177954956883e-09,1.2372496843654567e-09,-1.1487746107499697e-07,6.088227666728921e-09,1.1504866957965186e-07,-6.136401869138684e-09
1862.0,6.333610719222449e-09,1.3279126422364929e-09,-1.1455719170147538e-07,6.362435783003126e-09,1.1473214368811919e-07,-6.405106271336289e-09
1863.0,6.403807789601146e-09,1.4186843802481045e-09,-1.1421754777390936e-07,6.635315652394086e-09,1.1439692729130194e-07,-6.67240364094379e-09
1864.0,6.455174533792629e-09,1.5095605195008215e-09,-1.138627012640947e-07,6.906817964086416e-09,1.1404553484208927e-07,-6.938245200822855e-09
1865.0,6.5051983799691016e-09,1.600535450890128e-09,-1.1350788130595757e-07,7.176894036544766e-09,1.1369413672010578e-07,-7.20258297229515e-09
1866.0,6.527140050671676e-09,1.691602279158305e-09,-1.1317896736126598e-07,7.445495859119072e-09,1.1336702435101484e-07,-7.465369820914388e-09
1867.0,6.5520911474159504e-09,1.7827527727225277e-09,-1.1289368158362567e-07,7.712576130893113e-09,1.1308365593625414e-07,-7.726559498965325e-09
1868.0,6.604109786811918e-09,1.873977319562046e-09,-1.1266405826326764e-07,7.978088296583832e-09,1.1285745119585694e-07,-7.98610668447701e-09
1869.0,6.719269168842246e-09,1.965264889402308e-09,-1.1248702267915855e-07,8.241986579333239e-09,1.1268752747924185e-07,-8.24396701657465e-09
1870.0,6.907319466398221e-09,2.056603002384864e-09,-1.1234272677060342e-07,8.50422601027369e-09,1.1255487248655803e-07,-8.500097127036538e-09
1871.0,7.104659888179654e-09,2.1479777043599664e-09,-1.1219315119992412e-07,8.764762454786853e-09,1.1241787833034275e-07,-8.7544546679652e-09
1872.0,7.247108801955449e-09,2.239373548886959e-09,-1.1198725778996388e-07,9.023552635412624e-09,1.1222150637602048e-07,-9.006998335521258e-09
1873.0,7.339916979764993e-09,2.330773585979662e-09,-1.1171114585803443e-07,9.280554151392782e-09,1.1195201869633654e-07,-9.257687889700092e-09
1874.0,7.3820218826625705e-09,2.42215935759376e-09,-1.1138996161563774e-07,9.53572549485337e-09,1.1163430384881414e-07,-9.506484170153409e-09
1875.0,7.410106861449606e-09,2.5135108998211414e-09,-1.1103058143724365e-07,9.789026063640885e-09,1.1127757949376189e-07,-9.753349108071122e-09
1876.0,7.442277655256291e-09,2.6048067517304875e-09,-1.1067571188683178e-07,1.0040416170833576e-08,1.1092565392349475e-07,-9.998245734147192e-09
1877.0,7.488915348963232e-09,2.696023970770526e-09,-1.1037645103809113e-07,1.0289857050955767e-08,1.1063021647302361e-07,-1.024113818266139e-08
1878.0,7.555179204477014e-09,2.7871381546289534e-09,-1.1014612976908977e-07,1.0537310862934121e-08,1.1040493936378447e-07,-1.0481991691721889e-08
1879.0,7.670566654072175e-09,2.878123469414079e-09,-1.0998869827069657e-07,1.0782740689852613e-08,1.102558449247789e-07,-1.072077259973349e-08
1880.0,7.802473167561885e-09,2.968952683997715e-09,-1.0986664346693265e-07,1.102611053558712e-08,1.1014335174771383e-07,-1.095744833818266e-08
1881.0,7.914528643571117e-09,3.0595972103279455e-09,-1.0971526514733099e-07,1.1267385318427278e-08,1.100003598630434e-07,-1.1191987420859647e-08
1882.0,8.024207576173836e-09,3.1500271494913464e-09,-1.0949755879091638e-07,1.150653086181792e-08,1.0979118037618374e-07,-1.1424359429664956e-08
1883.0,8.128010958730059e-09,3.240211343278333e-09,-1.0922548128108889e-07,1.1743513882370223e-08,1.0952748661057978e-07,-1.165453499716758e-08
1884.0,8.176602284137857e-09,3.330117430983909e-09,-1.0894024774291133e-07,1.1978301975302339e-08,1.0924666769837818e-07,-1.188248578609373e-08
1885.0,8.201165413446176e-09,3.419711911159481e-09,-1.0866698403610986e-07,1.2210863597471425e-08,1.089760181583217e-07,-1.2108184465928762e-08
1886.0,8.20581766425299e-09,3.5089602080185217e-09,-1.0839948377111552e-07,1.2441168048157672e-08,1.0870962940504997e-07,-1.233160468681498e-08
1887.0,8.217949376554401e-09,3.597826742187903e-09,-1.0812434349943834e-07,1.2669185447759616e-08,1.084361948296792e-07,-1.255272105092794e-08
1888.0,8.27899382382924e-09,3.6862750054850585e-09,-1.0784075499259416e-07,1.28948867145609e-08,1.0815807956924773e-07,-1.2771509081516134e-08
1889.0,8.373933740868367e-09,3.7742676393867e-09,-1.0756786168394927e-07,1.311824353973324e-08,1.078933159818239e-07,-1.298794518979505e-08
1890.0,8.46516839958511e-09,3.861766516836693e-09,-1.0734911797330438e-07,1.333922836074839e-08,1.0768236719946193e-07,-1.3202006639896524e-08
1891.0,8.586222122186626e-09,3.9487328270197856e-09,-1.0722176579242015e-07,1.3557814333384164e-08,1.0756500485741693e-07,-1.3413671512088583e-08
1892.0,8.752248148446995e-09,4.035127162706393e-09,-1.0715465890293041e-07,1.3773975302524825e-08,1.0751150065111805e-07,-1.3622918664498382e-08
1893.0,8.938746326458968e-09,4.120909609754193e-09,-1.0706152766409849e-07,1.3987685771972426e-08,1.0743403507110449e-07,-1.3829727693589049e-08
1894.0,9.067850970101432e-09,4.206039838337435e-09,-1.0688240849668351e-07,1.4198920873498632e-08,1.0726637482113345e-07,-1.4034078893655889e-08
1895.0,9.171301357246975e-09,4.290477195467164e-09,-1.0664803986107363e-07,1.4407656335371966e-08,1.0704166093066097e-07,-1.423595321561378e-08
1896.0,9.279637197545654e-09,4.374180798366845e-09,-1.0641129540023275e-07,1.4613868450590411e-08,1.0681514618851424e-07,-1.4435332225343097e-08
1897.0,9.376738274724516e-09,4.457109628278511e-09,-1.0618413540455784e-07,1.4817534045035204e-08,1.0659734439603155e-07,-1.4632198061847012e-08
1898.0,9.488447416661216e-09,4.539222624293596e-09,-1.0597320764665907e-07,1.501863044574202e-08,1.0639713987368583e-07,-1.482653339545239e-08
1899.0,9.612089707511373e-09,4.620478776828253e-09,-1.0575491146344596e-07,1.5217135449464408e-08,1.0619083560828844e-07,-1.5018321386263385e-08
1900.0,9.680629520225636e-09,4.7008372203943105e-09,-1.0551429904109844e-07,1.5413027291683484e-08,1.0595745320666315e-07,-1.5207545643054123e-08
1901.0,9.677187523537967e-09,4.780257325353451e-09,-1.0527462375106711e-07,1.5606284616198677e-08,1.05718467470421e-07,-1.539419018276477e-08
1902.0,9.673225359607684e-09,4.858698788383365e-09,-1.0509171445571841e-07,1.5796886445416635e-08,1.0553596418330583e-07,-1.5578239390744758e-08
1903.0,9.72027058843139e-09,4.93612172142886e-09,-1.0499260125543253e-07,1.5984812151440055e-08,1.0544159510693385e-07,-1.575967798186804e-08
1904.0,9.797721189919173e-09,5.012486738955602e-09,-1.0494052134213394e-07,1.617004142804465e-08,1.0539690868367184e-07,-1.5938490962628358e-08
1905.0,9.863028449519362e-09,5.087755043366742e-09,-1.0484673102634234e-07,1.6352554263619762e-08,1.0530962129409737e-07,-1.611466359430632e-08
1906.0,9.834146080800465e-09,5.1618885084823395e-09,-1.0464836573340075e-07,1.6532330915132095e-08,1.051094233635126e-07,-1.62881813572811e-08
1907.0,9.718394172741895e-09,5.2348497610189e-09,-1.043427060205826e-07,1.6709351883150148e-08,1.0479431036556569e-07,-1.6459029916534695e-08
1908.0,9.577511034253305e-09,5.306602260041583e-09,-1.0397455290842017e-07,1.688359788793737e-08,1.0441473253385802e-07,-1.6627195088364353e-08
1909.0,9.432894521044233e-09,5.377110374392408e-09,-1.0359890009054018e-07,1.7055049846588227e-08,1.0402745598646e-07,-1.6792662808282757e-08
1910.0,9.340680312552863e-09,5.44633945811938e-09,-1.0324223053900794e-07,1.722368885115033e-08,1.0366391115219884e-07,-1.6955419100052822e-08
1911.0,9.309072679375419e-09,5.514255923938882e-09,-1.0290864663198285e-07,1.738949614765451e-08,1.0332883617740116e-07,-1.711545004578252e-08
1912.0,9.301263176331176e-09,5.5808273147538656e-09,-1.0263348853081777e-07,1.7552453115969553e-08,1.0305409484673997e-07,-1.727274175700104e-08
1913.0,9.348587570734423e-09,5.646022373223627e-09,-1.0245273227710294e-07,1.771254125041155e-08,1.0287836721396497e-07,-1.742728034665354e-08
1914.0,9.46808612067862e-09,5.709811109340001e-09,-1.0238973155440867e-07,1.7869742141068885e-08,1.0282656165880709e-07,-1.7579051901986722e-08
1915.0,9.666639044780823e-09,5.772164865914341e-09,-1.0243619395777781e-07,1.8024037455849794e-08,1.0289129089955844e-07,-1.772804245834776e-08
1916.0,9.920080284997468e-09,5.8330563818248375e-09,-1.0254034583240257e-07,1.8175408923313274e-08,1.0301907840924182e-07,-1.7874237973978233e-08
1917.0,1.0152975155053312e-08,5.892459852820719e-09,-1.026195690402576e-07,1.8323838316398368e-08,1.031206034432854e-07,-1.8017624305943614e-08
1918.0,1.0330189287310887e-08,5.950350989635103e-09,-1.0263340199934134e-07,1.846930743721189e-08,1.0315196564617698e-07,-1.815818718738791e-08
1919.0,1.0476217088273287e-08,6.006707073127542e-09,-1.0259786219560252e-07,1.8611798103062565e-08,1.0313133593427593e-07,-1.829591220633378e-08
1920.0,1.0624610996545769e-08,6.061507006164097e-09,-1.0251865739316357e-07,1.8751292133936503e-08,1.0306773245067911e-07,-1.843078478625673e-08
1921.0,1.076283098755404e-08,6.114731361947453e-09,-1.0238033136197866e-07,1.8887771341595202e-08,1.0294450340185825e-07,-1.8562790168647517e-08
1922.0,1.0824138946263773e-08,6.166362428530429e-09,-1.0215720645800896e-07,1.9021217520446082e-08,1.0272904562601705e-07,-1.8691913397743834e-08
1923.0,1.0769561298307195e-08,6.216384249280799e-09,-1.018526080628912e-07,1.9151612440292587e-08,1.0242039454996708e-07,-1.881813930756596e-08
1924.0,1.0634984726198837e-08,6.264782659110821e-09,-1.0151919369039142e-07,1.9278937841022335e-08,1.0207472550868648e-07,-1.8941452511337967e-08
1925.0,1.0504749459183671e-08,6.311545316337194e-09,-1.0124313057358059e-07,1.9403175429244502e-08,1.0178664573282345e-07,-1.906183739332352e-08
1926.0,1.0445679932136187e-08,6.356661730090214e-09,-1.010949266522232e-07,1.9524306876848426e-08,1.0163314628635198e-07,-1.9179278103060658e-08
1927.0,1.0454217158617496e-08,6.400123283238086e-09,-1.0106032346732241e-07,1.964231382142957e-08,1.015996045057232e-07,-1.9293758551949207e-08
1928.0,1.0469958344749841e-08,6.441923250828839e-09,-1.0104764990373494e-07,1.9757177868517564e-08,1.0158861933705261e-07,-1.940526241212905e-08
1929.0,1.0425063062813322e-08,6.482056814077398e-09,-1.0096194752104437e-07,1.9868880595540235e-08,1.0149875263817655e-07,-1.951377311758382e-08
1930.0,1.0298933927899157e-08,6.520521069941329e-09,-1.0079035377835721e-07,1.997740355746085e-08,1.0131516892754825e-07,-1.9619273867406098e-08
1931.0,1.0176596759725598e-08,6.557315036338271e-09,-1.0058162735332443e-07,2.0082728294027673e-08,1.0109513777948511e-07,-1.9721747631160567e-08
1932.0,1.0145669970818005e-08,6.592439653061546e-09,-1.0038299393805294e-07,2.0184836338573107e-08,1.0089440069262482e-07,-1.9821177156279193e-08
1933.0,1.020470777324256e-08,6.62589777844603e-09,-1.0022626465225337e-07,2.0283709228297182e-08,1.0074443005387847e-07,-1.9917544977420124e-08
1934.0,1.0305884506900398e-08,6.65769418182233e-09,-1.0011089254802208e-07,2.037932851597102e-08,1.0063996255082367e-07,-2.0010833427723858e-08
1935.0,1.0400290934020617e-08,6.687835531774735e-09,-1.0001402325071629e-07,2.047167578300352e-08,1.0055332365619294e-07,-2.010102465190989e-08
1936.0,1.0464990263248097e-08,6.716330380191689e-09,-9.9940281137606e-08,2.0560732653829502e-08,1.0048669471663203e-07,-2.018810062117414e-08
1937.0,1.0552906576366539e-08,6.7431891420720945e-09,-9.993237154448664e-08,2.0646480811598025e-08,1.0048802276746638e-07,-2.027204314987033e-08
1938.0,1.0706036668306496e-08,6.768424071030869e-09,-1.0000533819803925e-07,2.072890201516304e-08,1.0057677112160309e-07,-2.035283391398323e-08
1939.0,1.0883283135809663e-08,6.792049230434873e-09,-1.0011640156140644e-07,2.0807978117401658e-08,1.0070620494000846e-07,-2.0430454471425776e-08
1940.0,1.1031951935303042e-08,6.814080460097167e-09,-1.0020757057471741e-07,2.0883691084903864e-08,1.0081300096708661e-07,-2.0504886284210365e-08
1941.0,1.1113641285032116e-08,6.834535338465241e-09,-1.0024199788294386e-07,2.0956023019087116e-08,1.0085619050002082e-07,-2.057611074255307e-08
1942.0,1.1141017774995987e-08,6.853433140259839e-09,-1.0020805392418897e-07,2.1024956178785508e-08,1.0082547469928391e-07,-2.0644109190963265e-08
1943.0,1.1148030248930851e-08,6.870794789555942e-09,-1.0011646842111865e-07,2.1090473004343973e-08,1.0073522634881964e-07,-2.070886295634783e-08
1944.0,1.1146870482203752e-08,6.886642808344825e-09,-9.998480529974096e-08,2.1152556143214542e-08,1.0060424450476299e-07,-2.07703533781207e-08
1945.0,1.1098576113699465e-08,6.9010012606723674e-09,-9.981126310523725e-08,2.121118847700841e-08,1.0042642398499746e-07,-2.0828561840258947e-08
1946.0,1.0982421638772166e-08,6.913895692509831e-09,-9.960960079338776e-08,2.1266353149909807e-08,1.002132034976921e-07,-2.088346980519247e-08
1947.0,1.0813415690646977e-08,6.9253530675754705e-09,-9.94125814446356e-08,2.1318033598311923e-08,9.999895653648111e-08,-2.0935058849361795e-08
1948.0,1.0649248455285587e-08,6.935401699385045e-09,-9.92721543094377e-08,2.136621358149582e-08,9.984171029133671e-08,-2.0983310700232866e-08
1949.0,1.0534813493778827e-08,6.944071179862436e-09,-9.921271451954206e-08,2.14108772131452e-08,9.977046164915172e-08,-2.102820727452387e-08
1950.0,1.0459860116940334e-08,6.951392304883867e-09,-9.921084240596678e-08,2.145200899347404e-08,9.976071333229097e-08,-2.1069730717378636e-08
1951.0,1.0377395193161831e-08,6.957396997158019e-09,-9.920957411146958e-08,2.148959384174021e-08,9.97508392264157e-08,-2.1107863442214166e-08
1952.0,1.0250774062914303e-08,6.962118226859068e-09,-9.916245261379353e-08,2.1523617128922668e-08,9.969087409222453e-08,-2.1142588170972565e-08
1953.0,1.0087559454419193e-08,6.965589930431959e-09,-9.90697338783264e-08,2.1554064710348233e-08,9.958198143473977e-08,-2.1173887974515775e-08
1954.0,9.949092993899455e-09,6.967846927980445e-09,-9.896380668422688e-08,2.158092295806332e-08,9.946265371904315e-08,-2.1201746312911747e-08
1955.0,9.872853201642329e-09,6.968924839628698e-09,-9.88609296856402e-08,2.1604178792755797e-08,9.93526881802917e-08,-2.122614707537251e-08
1956.0,9.85121384466936e-09,6.9688600012157084e-09,-9.876416236231922e-08,2.162381971504411e-08,9.925425019284544e-08,-2.1247074619619793e-08
1957.0,9.841837456114888e-09,6.967689379637882e-09,-9.867567318799786e-08,2.1639833835967842e-08,9.916526732489126e-08,-2.126451381047558e-08
1958.0,9.82163925189461e-09,6.965450488101014e-09,-9.860972550318481e-08,2.1652209906537983e-08,9.909764155320657e-08,-2.1278450057504546e-08
1959.0,9.814583201706029e-09,6.962181301481511e-09,-9.859542819679046e-08,2.1660937346237192e-08,9.908271546910527e-08,-2.1288869351573774e-08
1960.0,9.878846324307133e-09,6.957920171932117e-09,-9.86598006555428e-08,2.166600627040003e-08,9.915315360638169e-08,-2.129575830024138e-08
1961.0,1.0042093406825714e-08,6.952705744802255e-09,-9.879692586950428e-08,2.1667407516448964e-08,9.930597263637136e-08,-2.1299104161938327e-08
1962.0,1.0248689036318481e-08,6.946576874880132e-09,-9.897213284343342e-08,2.1665132669010952e-08,9.950135027496555e-08,-2.1298894878963112e-08
1963.0,1.0425176721895468e-08,6.939572542906525e-09,-9.915055665388195e-08,2.1659174083987014e-08,9.969712731296427e-08,-2.1295119109362622e-08
1964.0,1.0541784806195054e-08,6.931731772263985e-09,-9.931150724701299e-08,2.1649524911687514e-08,9.986943826102978e-08,-2.1287766257817718e-08
1965.0,1.0627637936355683e-08,6.923093545715255e-09,-9.943901188927406e-08,2.1636179119174283e-08,1.00005318726663e-07,-2.1276826505683818e-08
1966.0,1.0703495395558704e-08,6.913696722054144e-09,-9.952445639144214e-08,2.1619131511963464e-08,1.0009836279227955e-07,-2.126229084035097e-08
1967.0,1.0760032670420472e-08,6.903579952540748e-09,-9.956569554936401e-08,2.159837775523936e-08,1.0014542442516862e-07,-2.1244151084084114e-08
1968.0,1.075773012337855e-08,6.892781597018389e-09,-9.95562184115395e-08,2.1573914394711554e-08,1.001357547622906e-07,-2.122239992248394e-08
1969.0,1.067398419651866e-08,6.88133963964883e-09,-9.950077059506235e-08,2.154573887721775e-08,1.0007166076186981e-07,-2.119703093267584e-08
1970.0,1.0543342227053998e-08,6.8692916042520984e-09,-9.94348249641619e-08,2.15138495711381e-08,9.999223210315036e-08,-2.1168038611293203e-08
1971.0,1.0426800672869163e-08,6.856674469293629e-09,-9.940499053409657e-08,2.147824578664788e-08,9.995033924582534e-08,-2.113541840227746e-08
1972.0,1.0352180612738238e-08,6.843524582619747e-09,-9.942377391172763e-08,2.1438927795798913e-08,9.996126480937046e-08,-2.109916672447558e-08
1973.0,1.0297296293426683e-08,6.8298775760978226e-09,-9.947404816870731e-08,2.1395896852389245e-08,1.0000560269317375e-07,-2.105928099897986e-08
1974.0,1.0206109596344604e-08,6.815768280366585e-09,-9.952046400169001e-08,2.1349155211556922e-08,1.0004242814028594e-07,-2.1015759676127017e-08
1975.0,1.0050752480283975e-08,6.80123063994422e-09,-9.95439776926843e-08,2.1298706149015294e-08,1.0005009305493705e-07,-2.0968602262051628e-08
1976.0,9.869903810910685e-09,6.78629762897741e-09,-9.955458663349348e-08,2.1244553979832966e-08,1.0004264451223982e-07,-2.0917809344671707e-08
1977.0,9.709885062658685e-09,6.771001167943241e-09,-9.956054431228822e-08,2.118670407664925e-08,1.0003291384184083e-07,-2.086338261896997e-08
1978.0,9.596917538434724e-09,6.755372041636087e-09,-9.956415463266421e-08,2.1125162887205474e-08,1.0002560529162813e-07,-2.0805324911422437e-08
1979.0,9.508474146935342e-09,6.7394398187806606e-09,-9.955345946568994e-08,2.105993795106537e-08,1.0000651164894068e-07,-2.0743640203418772e-08
1980.0,9.40849215202988e-09,6.723232773609013e-09,-9.953171989374177e-08,2.0991037915394688e-08,9.997541192503824e-08,-2.0678333653516735e-08
1981.0,9.314951476824262e-09,6.706777809723853e-09,-9.952586577099964e-08,2.0918472549673098e-08,9.996082371850799e-08,-2.0609411618378208e-08
1982.0,9.271463319304729e-09,6.690100386545038e-09,-9.957717576544733e-08,2.0842252759221088e-08,1.0000786951787346e-07,-2.053688167224705e-08
1983.0,9.3174215565206e-09,6.673224448602503e-09,-9.970294021638404e-08,2.0762390597442026e-08,1.0013735882403612e-07,-2.0460752624850303e-08
1984.0,9.4289255847535e-09,6.656172357899141e-09,-9.988699641375054e-08,2.0678899276704462e-08,1.0033103552861114e-07,-2.0381034537633573e-08
1985.0,9.558269953302556e-09,6.638964829524315e-09,-1.000894583776113e-07,2.0591793177819797e-08,1.005448168869176e-07,-2.0297738738276034e-08
1986.0,9.649135684908217e-09,6.621620870657094e-09,-1.00283659879713e-07,2.0501087858102246e-08,1.0074680272016441e-07,-2.021087783346676e-08
1987.0,9.702207148798436e-09,6.604157723063635e-09,-1.0046907721744658e-07,2.0406800058026033e-08,1.009364567462294e-07,-2.0120465719955827e-08
1988.0,9.76371325456249e-09,6.586590809169662e-09,-1.0065257468813704e-07,2.0308947706515574e-08,1.0112502602159529e-07,-2.0026517593917165e-08
1989.0,9.84401718473471e-09,6.568933681778956e-09,-1.0083243155017962e-07,2.0207549924915267e-08,1.0131181533589758e-07,-1.992904995867243e-08
1990.0,9.900210651281327e-09,6.551197977511635e-09,-1.0099227259335875e-07,2.0102627029686104e-08,1.014763681578673e-07,-1.9828080630825888e-08
1991.0,9.899736752583266e-09,6.533393374050711e-09,-1.0111039996582583e-07,1.9994200533867166e-08,1.0159388647462857e-07,-1.9723628744850392e-08
1992.0,9.832641451046342e-09,6.5155275513108135e-09,-1.011879493841017e-07,1.9882293147322326e-08,1.0166455595960846e-07,-1.9615714756144664e-08
1993.0,9.723398475269818e-09,6.497606156677774e-09,-1.0124627741747716e-07,1.9766928775767795e-08,1.0171210925354771e-07,-1.9504360442554707e-08
1994.0,9.608890405576886e-09,6.4796327745092635e-09,-1.0131338944521784e-07,1.9648132518547582e-08,1.0176803847822147e-07,-1.938958890431988e-08
1995.0,9.483895890838312e-09,6.461608900130893e-09,-1.0140048228857168e-07,1.9525930665093966e-08,1.0184302671083179e-07,-1.927142456237062e-08
1996.0,9.338121303992253e-09,6.44353391860435e-09,-1.0149857359448289e-07,1.9400350689982855e-08,1.0192723360909357e-07,-1.9149893154873686e-08
1997.0,9.158974023648625e-09,6.425405088580414e-09,-1.0158884369143584e-07,1.9271421246470546e-08,1.0200088219093427e-07,-1.9025021731894306e-08
1998.0,8.95700869030236e-09,6.4072175315772946e-09,-1.0166756000268284e-07,1.9139172158379966e-08,1.0206135782742296e-07,-1.8896838648023875e-08
1999.0,8.784694222052636e-09,6.388964227041399e-09,-1.0174930767728463e-07,1.9003634410191082e-08,1.02127824148866e-07,-1.876537355280675e-08
2000.0,8.665649836592237e-09,6.370636013551478e-09,-1.0184296161605544e-07,1.8864840135181183e-08,1.0221096965502173e-07,-1.863065737879046e-08
2001.0,8.587724698028154e-09,6.352221596516358e-09,-1.0193221880450132e-07,1.8722822601456898e-08,1.0229333431801828e-07,-1.8492722327020683e-08
2002.0,8.509252580335414e-09,6.33370756269104e-09,-1.0200368195587006e-07,1.85776161957215e-08,1.0235799193043128e-07,-1.835160184980604e-08
2003.0,8.405382306841958e-09,6.3150784017973485e-09,-1.0206185633090947e-07,1.842925640462869e-08,1.0240738727960682e-07,-1.8207330630588426e-08
2004.0,8.285425068255137e-09,6.296316535486355e-09,-1.0213265986408482e-07,1.827777979358783e-08,1.0246818276652764e-07,-1.8059944560772557e-08
2005.0,8.202313023231156e-09,6.277402353823002e-09,-1.0225057529150705e-07,1.8123223982906648e-08,1.0257903336635231e-07,-1.7909480713393763e-08
2006.0,8.182847927029613e-09,6.2583142594097235e-09,-1.0243328912515337e-07,1.7965627621186058e-08,1.0275961133244012e-07,-1.775597731353663e-08
2007.0,8.252504318795317e-09,6.239028719195991e-09,-1.0266281556814416e-07,1.7805030355918105e-08,1.0299396840548732e-07,-1.7599473705458927e-08
2008.0,8.345353186278714e-09,6.219520323945652e-09,-1.0290717609648392e-07,1.764147280128055e-08,1.0324500865396101e-07,-1.744001031642336e-08
2009.0,8.385080546569057e-09,6.199761855256937e-09,-1.0314565056235292e-07,1.7474996503166963e-08,1.0348591597750617e-07,-1.7277628617290882e-08
2010.0,8.406858570397802e-09,6.179724359955792e-09,-1.0338533607684441e-07,1.7305643901535287e-08,1.0372657801520659e-07,-1.711237107997868e-08
2011.0,8.454960981341131e-09,6.15937723161625e-09,-1.0363753243786133e-07,1.7133458290197173e-08,1.0398184694938228e-07,-1.69442811319303e-08
2012.0,8.53408477219375e-09,6.138688298904356e-09,-1.0390112841970889e-07,1.6958483774202947e-08,1.0425101961030323e-07,-1.6773403107781694e-08
2013.0,8.604024520630915e-09,6.117623920395033e-09,-1.0414962265531402e-07,1.6780765225001806e-08,1.0450441683104077e-07,-1.659978219843493e-08
2014.0,8.624303687865265e-09,6.096149085474268e-09,-1.0435625438787177e-07,1.6600348233573327e-08,1.047120167123465e-07,-1.6423464397770047e-08
2015.0,8.604636669851118e-09,6.07422752091237e-09,-1.0452911368766249e-07,1.6417279061734898e-08,1.0488267435829626e-07,-1.6244496447235357e-08
2016.0,8.573717402704517e-09,6.051821802678235e-09,-1.0470156954975329e-07,1.6231604591830303e-08,1.0505202185718876e-07,-1.6062925778557747e-08
2017.0,8.562888786922684e-09,6.028893472558594e-09,-1.0489199383720282e-07,1.6043372274999602e-08,1.0524093041930502e-07,-1.5878800454808834e-08
2018.0,8.56428963857958e-09,6.005403159147946e-09,-1.0509997604157828e-07,1.585263007822161e-08,1.054483381611764e-07,-1.569216911005332e-08
2019.0,8.533337952920661e-09,5.981310702782202e-09,-1.0531063278709785e-07,1.5659426430310186e-08,1.0565579602954929e-07,-1.5503080887794028e-08
2020.0,8.453396815877312e-09,5.9565752840004355e-09,-1.0550589307420366e-07,1.5463810167034772e-08,1.0584400498427854e-07,-1.5311585378415763e-08
2021.0,8.339104268229036e-09,5.931155555134136e-09,-1.0567596497174092e-07,1.526583047552475e-08,1.0600448213497866e-07,-1.5117732555816893e-08
2022.0,8.21696150010709e-09,5.905009774641091e-09,-1.0583339970712813e-07,1.5065536838105116e-08,1.0615190506940038e-07,-1.4921572713403314e-08
2023.0,8.092110648227901e-09,5.87809594381938e-09,-1.0598592134133944e-07,1.4862978975698847e-08,1.0629439203135674e-07,-1.4723156399604881e-08
2024.0,7.933030121698437e-09,5.850371945553166e-09,-1.0612488410624565e-07,1.4658206790919778e-08,1.0642097534544515e-07,-1.4522534353060525e-08
2025.0,7.730425743979197e-09,5.8217956847533145e-09,-1.0624566832220794e-07,1.4451270310970595e-08,1.0652652965067338e-07,-1.431975743760732e-08
2026.0,7.516590821987634e-09,5.792325230159951e-09,-1.0636394067592425e-07,1.4242219630455619e-08,1.0662920338114095e-07,-1.4114876577202404e-08
2027.0,7.343665009429401e-09,5.761918957169005e-09,-1.0650889305935385e-07,1.4031104854218553e-08,1.0676176149024327e-07,-1.3907942690906672e-08
2028.0,7.258285583677804e-09,5.730535691328339e-09,-1.0669904883242598e-07,1.3817976040323032e-08,1.0694563914138177e-07,-1.3699006628066906e-08
2029.0,7.268635138224511e-09,5.698134852119792e-09,-1.069375076788448e-07,1.3602883143308985e-08,1.071842507336578e-07,-1.3488119103849359e-08
2030.0,7.334533563829737e-09,5.664676596602226e-09,-1.0720770217756415e-07,1.3385875957880273e-08,1.0745830255867733e-07,-1.3275330635302326e-08
2031.0,7.387229661315331e-09,5.630121962441121e-09,-1.074829010516698e-07,1.3167004063206847e-08,1.0773646170425339e-07,-1.3060691478155425e-08
2032.0,7.394885065403756e-09,5.5944330097987e-09,-1.0775425459547128e-07,1.2946316768054307e-08,1.0800770207978769e-07,-1.2844251564595758e-08
2033.0,7.3875516815036235e-09,5.557572961511347e-09,-1.0803566787356833e-07,1.2723863056982249e-08,1.0828795617581325e-07,-1.2626060442291948e-08
2034.0,7.406381202779144e-09,5.5195063409425755e-09,-1.0833449189465161e-07,1.2499691537877211e-08,1.0858736858674315e-07,-1.2406167214963395e-08
2035.0,7.463808598950905e-09,5.480199106871358e-09,-1.0863835198104965e-07,1.2273850391105029e-08,1.0889444411888152e-07,-1.2184620484812206e-08
2036.0,7.50375181435281e-09,5.439618784757017e-09,-1.0892832371517391e-07,1.2046387320580069e-08,1.0918647351521673e-07,-1.1961468297148448e-08
2037.0,7.51140744048584e-09,5.39773459371285e-09,-1.091893590959847e-07,1.181734950705444e-08,1.094474183410869e-07,-1.1736758087545027e-08
2038.0,7.500847609698269e-09,5.354517568521767e-09,-1.0942926259929764e-07,1.158678356392849e-08,1.0968603478971221e-07,-1.1510536631855984e-08
2039.0,7.49753278905807e-09,5.3099406760392314e-09,-1.0967280979906624e-07,1.1354735495875112e-08,1.0992878698114139e-07,-1.128284999942177e-08
2040.0,7.514014521703416e-09,5.2639789253514975e-09,-1.0993548530888186e-07,1.1121250660555308e-08,1.1019197495431213e-07,-1.1053743509768214e-08
2041.0,7.533438817208804e-09,5.216609471089511e-09,-1.1021355040760628e-07,1.0886373733683252e-08,1.1047071735922873e-07,-1.08232616930838e-08
2042.0,7.526801959478746e-09,5.167811709340049e-09,-1.1048949062966718e-07,1.0650148677676475e-08,1.107455655425558e-07,-1.0591448254734529e-08
2043.0,7.460026069106007e-09,5.117567365645514e-09,-1.1074600582069993e-07,1.0412618714101705e-08,1.1099698101385571e-07,-1.035834604404658e-08
2044.0,7.328435358555652e-09,5.065860574642206e-09,-1.1097426783415743e-07,1.0173826300098294e-08,1.1121597945498585e-07,-1.0123997027554765e-08
2045.0,7.153113101843189e-09,5.012677950952927e-09,-1.1118291798339897e-07,9.933813108929704e-09,1.1141278328069442e-07,-9.888442266878457e-09
2046.0,6.971093591268129e-09,4.958008651020678e-09,-1.1138267368843158e-07,9.692620014778788e-09,1.1160060996178223e-07,-9.651721901347623e-09
2047.0,6.7907959255819605e-09,4.901844425641726e-09,-1.115721634803446e-07,9.450287081867024e-09,1.1177863200535084e-07,-9.413875135461207e-09
2048.0,6.611782704668556e-09,4.844179663023815e-09,-1.117485901383497e-07,9.206853557942586e-09,1.119440175643282e-07,-9.174940231220806e-09
2049.0,6.4342980665710314e-09,4.785011422255104e-09,-1.1191991169251514e-07,8.962357872150124e-09,1.1210471366035358e-07,-8.93495450534681e-09
2050.0,6.3050022980348785e-09,4.7243394571195134e-09,-1.1210544233197783e-07,8.716837637267159e-09,1.1228260441594074e-07,-8.693954331353489e-09
2051.0,6.2230924302575374e-09,4.662166230233838e-09,-1.1231418775917157e-07,8.470329656270119e-09,1.1248645985805568e-07,-8.451975146435429e-09
2052.0,6.1325607092488355e-09,4.598496917512084e-09,-1.1254918747677367e-07,8.222869933177662e-09,1.1271613860727563e-07,-8.20905146310078e-09
2053.0,6.024197252152419e-09,4.533339402984512e-09,-1.1280303473595876e-07,7.974493688110221e-09,1.1296378002782468e-07,-7.965216885477323e-09
2054.0,5.9160060184026975e-09,4.466704264015594e-09,-1.1306606073971381e-07,7.725235376501953e-09,1.1322072786555663e-07,-7.720504130213916e-09
2055.0,5.822952953149496e-09,4.398604746978443e-09,-1.133394909591523e-07,7.475128712402434e-09,1.1348897299726682e-07,-7.474945051900819e-09
2056.0,5.736376512688324e-09,4.3290567334547195e-09,-1.1363245698559066e-07,7.224206695809067e-09,1.1377715630159436e-07,-7.228570672936062e-09
2057.0,5.677836339978981e-09,4.258078697038704e-09,-1.1394659149566166e-07,6.9725016439752265e-09,1.1408796404083465e-07,-6.981411217768915e-09
2058.0,5.668891189802849e-09,4.1856916508326685e-09,-1.1426032985040191e-07,6.720045226642016e-09,1.1440087108429057e-07,-6.733496151454789e-09
2059.0,5.675701908458564e-09,4.1119190857287444e-09,-1.1455863197298854e-07,6.466868505141929e-09,1.1469914451152769e-07,-6.484854222456592e-09
2060.0,5.6651144331176795e-09,4.036786899582303e-09,-1.1483839942524887e-07,6.213001975319337e-09,1.1497804792260702e-07,-6.235513509624411e-09
2061.0,5.644945594296402e-09,3.9603233173955976e-09,-1.1511522712490119e-07,5.958475614204526e-09,1.15253550603789e-07,-5.985501473277493e-09
2062.0,5.664930996518436e-09,3.882558802650979e-09,-1.1540475629290281e-07,5.703318930365098e-09,1.1554371128806451e-07,-5.734845010299328e-09
2063.0,5.711492806481644e-09,3.8035259599616476e-09,-1.1571660253617555e-07,5.447561017841332e-09,1.1585746955890984e-07,-5.483570513139251e-09
2064.0,5.721665002900167e-09,3.7232594292459103e-09,-1.1604307266141478e-07,5.191230613551853e-09,1.1618404435682124e-07,-5.231703932592597e-09
2065.0,5.629710281285227e-09,3.6417957716788015e-09,-1.1636198285480681e-07,4.934356158032036e-09,1.1649808879013236e-07,-4.979270844206644e-09
2066.0,5.447160139615548e-09,3.5591733477335504e-09,-1.1665402932861668e-07,4.6769658593404335e-09,1.1678113765582341e-07,-4.726296518130547e-09
2067.0,5.2706297937188396e-09,3.475432187693789e-09,-1.1691331217381085e-07,4.419087759936466e-09,1.1703205587305294e-07,-4.472805992193454e-09
2068.0,5.127375690694436e-09,3.39061385509225e-09,-1.1715114103805213e-07,4.160749806295852e-09,1.1726329275605008e-07,-4.218824147955996e-09
2069.0,5.001760450262793e-09,3.3047613036077053e-09,-1.1737358890026584e-07,3.901979920989486e-09,1.1748011312103176e-07,-3.964375789437243e-09
2070.0,4.877336035047364e-09,3.2179187280242145e-09,-1.1759071311470692e-07,3.642806076908374e-09,1.1769181882197284e-07,-3.7094857241741926e-09
2071.0,4.740775633171879e-09,3.1301314099231637e-09,-1.1780241454886764e-07,3.3832563732747145e-09,1.1789776854184874e-07,-3.4541788462266376e-09
2072.0,4.586430235598016e-09,3.0414455588390348e-09,-1.1801933306673784e-07,3.1233591130390825e-09,1.181084176501557e-07,-3.1984802206987646e-09
2073.0,4.386711799364562e-09,2.9519081496650814e-09,-1.1824420963896243e-07,2.8631428812279613e-09,1.1832555241178288e-07,-2.9424151693121973e-09
2074.0,4.168361045220337e-09,2.861566757145275e-09,-1.184738204519642e-07,2.6026366237756823e-09,1.18547127195422e-07,-2.686009356533996e-09
2075.0,3.965639122638365e-09,2.770469388332918e-09,-1.1870060141402905e-07,2.3418697263502522e-09,1.1876682646978152e-07,-2.4292888757382343e-09
2076.0,3.769296624822616e-09,2.6786643139323293e-09,-1.1891968084570825e-07,2.0808720926639795e-09,1.1897940195467033e-07,-2.17228033486083e-09
2077.0,3.5369618900382704e-09,2.5861998994658196e-09,-1.1913572973282216e-07,1.819674221746768e-09,1.1918822172674458e-07,-1.9150109409945578e-09
2078.0,3.306725449014891e-09,2.4931244372223847e-09,-1.193517764064289e-07,1.5583072836524115e-09,1.1939757520387658e-07,-1.657508583364213e-09
2079.0,3.1508839704041947e-09,2.3994859799463208e-09,-1.1956619509062572e-07,1.2968031930662777e-09,1.1960770492842223e-07,-1.3998019141209879e-09
2080.0,3.0528868599777326e-09,2.305332177213049e-09,-1.197898120870733e-07,1.0351946802868151e-09,1.1982870773748732e-07,-1.1419204264005155e-09
2081.0,2.935255871694409e-09,2.2107101154162306e-09,-1.2002396192201115e-07,7.735153590635133e-10,1.2005984825281388e-07,-8.838945291010355e-10
2082.0,2.7670161439896646e-09,2.1156661622564605e-09,-1.202574073516649e-07,5.117997907904e-10,1.2028923643155014e-07,-6.257556178565877e-10
2083.0,2.6170941525016644e-09,2.0202458165804336e-09,-1.2048065413730602e-07,2.500835445766564e-10,1.205090751900296e-07,-3.675361417048117e-10
2084.0,2.5020581440049483e-09,1.924493564372876e-09,-1.207154057547566e-07,-1.1596747255932583e-11,1.2074133294564666e-07,-1.092696649792684e-10
2085.0,2.379642316530095e-09,1.8284527416526755e-09,-1.2097964176630005e-07,-2.7320333866594776e-10,1.210030430173428e-07,1.4900907600843015e-10
2086.0,2.2575380176359516e-09,1.7321654049696569e-09,-1.2126892148800472e-07,-5.346973247551093e-10,1.2128993279231762e-07,4.0726412189129e-10
2087.0,2.127482856550955e-09,1.6356722101393097e-09,-1.215651430734599e-07,-7.960386023383619e-10,1.2158375793573617e-07,6.654582451248251e-10
2088.0,2.0396865862970515e-09,1.5390122997906385e-09,-1.218651616667621e-07,-1.0571858365141366e-09,1.2188222983452665e-07,9.235529111236886e-10
2089.0,1.992399301098402e-09,1.442223200237763e-09,-1.221652288982411e-07,-1.3180964334820046e-09,1.2218147489179636e-07,1.1815082459126208e-09
2090.0,1.9366944714604983e-09,1.3453407281200658e-09,-1.224575013406004e-07,-1.5787265198099186e-09,1.2247281502463694e-07,1.4392830105001998e-09
2091.0,1.8545315005891183e-09,1.2483989071898477e-09,-1.2273906810009172e-07,-1.8390309283105351e-09,1.2275307786432743e-07,1.696834582139137e-09
2092.0,1.7817471109626837e-09,1.1514298955626185e-09,-1.2301378713233668e-07,-2.0989631906461607e-09,1.2302668997988714e-07,1.954118942594862e-09
2093.0,1.7039853972278252e-09,1.0544639236850849e-09,-1.2328181265078286e-07,-2.358475536744648e-09,1.2329358822216463e-07,2.211090673505419e-09
2094.0,1.5791878360538192e-09,9.575292432203076e-10,-1.235405764944686e-07,-2.6175189010740414e-09,1.235506692608631e-07,2.467702958879365e-09
2095.0,1.4426336236716963e-09,8.606520869982301e-10,-1.2378557425959946e-07,-2.8760429357908983e-09,1.2379398041322914e-07,2.723907594744204e-09
2096.0,1.2847718167119382e-09,7.638566401319463e-10,-1.2402097929534173e-07,-3.1339960307455875e-09,1.240276337918151e-07,2.9796550059250824e-09
2097.0,1.132622939881145e-09,6.671650223542888e-10,-1.2426882934832295e-07,-3.3913253402966485e-09,1.2427399077170796e-07,3.2348942699009827e-09
2098.0,1.005196120784646e-09,5.705972815836993e-10,-1.245393858213817e-07,-3.6479768168544964e-09,1.2454344238059347e-07,3.489573147653046e-09
2099.0,9.233038777978209e-10,4.74171398681251e-10,-1.2482700039589956e-07,-3.903895251042139e-09,1.2483041503531366e-07,3.743638121385966e-09
2100.0,8.300002629635372e-10,3.7790330331137307e-10,-1.2511153895181093e-07,-4.159024318326795e-09,1.2511429206660214e-07,3.997034438968879e-09
2101.0,6.871904434380127e-10,2.818069007677201e-10,-1.253726559687085e-07,-4.413306631942535e-09,1.2537453926277733e-07,4.2497061649076176e-09
2102.0,5.508271616605498e-10,1.8589410957422447e-10,-1.2562165105367562e-07,-4.666683801891082e-09,1.2562285868429148e-07,4.501596237626627e-09
2103.0,4.110730644768523e-10,9.017490962076422e-11,-1.2587912760764208e-07,-4.919096499776959e-09,1.2587979880952058e-07,4.752646532807349e-09
2104.0,2.362920414888947e-10,-5.342599456877248e-12,-1.2613668199518147e-07,-5.170484529204306e-09,1.261369033181107e-07,5.002797932500602e-09
2105.0,4.3935383109428017e-11,-1.0065212999298368e-10,-1.2638079813914738e-07,-5.4207869014351196e-09,1.2638080577605845e-07,5.2519903997026574e-09
2106.0,-5.81646675268388e-11,-1.957491284953985e-10,-1.2662438244812058e-07,-5.669941915982372e-09,1.2662439580703419e-07,5.500163058058171e-09
2107.0,-7.558331738266588e-11,-2.906306887820434e-10,-1.2687501379018973e-07,-5.917887245785577e-09,1.2687503630383204e-07,5.747254276327239e-09
2108.0,-9.082323781939294e-11,-3.8529545655263375e-10,-1.2713463353256071e-07,-6.164560026591231e-09,1.2713466597399404e-07,5.993201757228698e-09
2109.0,-1.3285955668962401e-10,-4.797435259553164e-10,-1.2741548292838356e-07,-6.409896950135846e-09,1.2741555219648427e-07,6.2379426302471835e-09
2110.0,-2.073517746392639e-10,-5.739763287626306e-10,-1.2770970777079005e-07,-6.653834360705262e-09,1.2770987610071131e-07,6.4814135479677245e-09
2111.0,-3.2821631523738404e-10,-6.679965168191299e-10,-1.279976831226881e-07,-6.896308354621456e-09,1.279981039341039e-07,6.723550785479462e-09
2112.0,-4.667621011922307e-10,-7.618078384622342e-10,-1.2826833051607367e-07,-7.137254882188055e-09,1.282691797753452e-07,6.964290342370556e-09
2113.0,-5.970688665701829e-10,-8.554150096490838e-10,-1.2853544345894918e-07,-7.376609851609744e-09,1.2853683019438496e-07,7.203568046820817e-09
2114.0,-6.510369743306654e-10,-9.488235805478064e-10,-1.2880911226184621e-07,-7.614309234389416e-09,1.2881075751204496e-07,7.441319661287823e-09
2115.0,-6.465129820387716e-10,-1.0420397983739232e-09,-1.2907918028187693e-07,-7.850289171700418e-09,1.2908079935171315e-07,7.677480989276422e-09
2116.0,-6.493950654995473e-10,-1.1350704672723758e-09,-1.2934152893162576e-07,-8.084486081229395e-09,1.2934315915548715e-07,7.911987982680484e-09
2117.0,-6.776228467231249e-10,-1.2279228060613422e-09,-1.295929838024401e-07,-8.31683676398767e-09,1.295947553859411e-07,8.144776849188839e-09
2118.0,-7.088106768193825e-10,-1.3206043046622322e-09,-1.2982450751583552e-07,-8.547278510595879e-09,1.298264424695709e-07,8.37578415925492e-09
2119.0,-7.379009347996401e-10,-1.4131225800383188e-09,-1.300460351870425e-07,-8.77574920655707e-09,1.3004812865112314e-07,8.604946952140908e-09
2120.0,-8.10218392377493e-10,-1.50548523245071e-09,-1.3029032171207877e-07,-9.002187436047489e-09,1.302928408842187e-07,8.832202840561898e-09
2121.0,-9.336263706583026e-10,-1.5976997028152868e-09,-1.3054878513635293e-07,-9.226532583770618e-09,1.3055212353224145e-07,9.057490113472686e-09
2122.0,-1.0655719084873283e-09,-1.689773131908886e-09,-1.307946508773139e-07,-9.448724934438354e-09,1.30798991363124e-07,9.28074783655863e-09
2123.0,-1.1831589041833013e-09,-1.7817122221295364e-09,-1.3102418451246822e-07,-9.668705769463047e-09,1.310295264135144e-07,9.501915950012553e-09
2124.0,-1.3427022549361567e-09,-1.8735231024665836e-09,-1.3124495445993034e-07,-9.886417460466154e-09,1.3125182254176358e-07,9.720935363202158e-09
2125.0,-1.5232500538697735e-09,-1.965211197284895e-09,-1.314665454416053e-07,-1.0101803559233921e-08,1.3147536978870334e-07,9.937748045857621e-09
2126.0,-1.702301105632742e-09,-2.0567810994752895e-09,-1.3168643278604897e-07,-1.0314808883777407e-08,1.3169743508880053e-07,1.01522971154363e-08
2127.0,-1.8712582039448478e-09,-2.148236448472745e-09,-1.3191016865615746e-07,-1.0525379600183014e-08,1.3192344068497357e-07,1.0364526920350936e-08
2128.0,-2.028913120843967e-09,-2.2395798135966214e-09,-1.3211900663431808e-07,-1.073346329996987e-08,1.32134584430008e-07,1.0574383118778162e-08
2129.0,-2.1780068859555968e-09,-2.3308125831243386e-09,-1.3229770640110772e-07,-1.093900907270148e-08,1.3231563336578548e-07,1.078181275279574e-08
2130.0,-2.3413906369285087e-09,-2.421934859472478e-09,-1.324498712304556e-07,-1.1141967573631066e-08,1.3247056465146876e-07,1.0986764317629448e-08
2131.0,-2.4796549535910373e-09,-2.5129453608268056e-09,-1.3261095221581143e-07,-1.134229108619214e-08,1.3263413337551194e-07,1.118918782582313e-08
2132.0,-2.570022056280763e-09,-2.603841329534857e-09,-1.327936831746479e-07,-1.153993357917718e-08,1.3281855030250305e-07,1.1389034866177324e-08
2133.0,-2.6183468448959246e-09,-2.6946184475506577e-09,-1.329871934310778e-07,-1.1734850758476305e-08,1.3301296687494447e-07,1.1586258657331326e-08
2134.0,-2.6714850054343486e-09,-2.7852707591998987e-09,-1.3317403391166494e-07,-1.1927000113273542e-08,1.3320082635043802e-07,1.1780814095890004e-08
2135.0,-2.764877826688661e-09,-2.8757906015132345e-09,-1.3335299483066554e-07,-1.211634095662092e-08,1.3338165458451932e-07,1.1972657799019752e-08
2136.0,-2.8833555820728662e-09,-2.9661685423529728e-09,-1.3353807534408069e-07,-1.2302834460330877e-08,1.335692004393754e-07,1.2161748141458563e-08
2137.0,-2.9992193451011673e-09,-3.056393326532287e-09,-1.3373735233482287e-07,-1.2486443684146173e-08,1.3377097863964584e-07,1.2348045286904353e-08
2138.0,-3.082260280340421e-09,-3.1464518300961305e-09,-1.339593299481967e-07,-1.2667133599164172e-08,1.3399478500525903e-07,1.2531511213763479e-08
2139.0,-3.14706755100147e-09,-3.2363290229002746e-09,-1.3419203171230465e-07,-1.2844871105509508e-08,1.342289291071293e-07,1.271210973525858e-08
2140.0,-3.2317243325863387e-09,-3.3260079395906053e-09,-1.3440735300088158e-07,-1.3019625044266593e-08,1.3444619958505865e-07,1.2889806513912319e-08
2141.0,-3.3961251033609585e-09,-3.4154696590490654e-09,-1.3456810919743045e-07,-1.3191366203702478e-08,1.34610956755716e-07,1.306456907044234e-08
2142.0,-3.6055619601071953e-09,-3.5046932923350934e-09,-1.346879072196272e-07,-1.3360067319832188e-08,1.3473615857761079e-07,1.323636678712439e-08
2143.0,-3.811631482664168e-09,-3.593655979112515e-09,-1.3481902015610725e-07,-1.3525703071403252e-08,1.3487289101377076e-07,1.340517090570446e-08
2144.0,-3.9352952563298516e-09,-3.6823328925137207e-09,-1.3497386279828771e-07,-1.3688250069402103e-08,1.3503121930666808e-07,1.3570954519966456e-08
2145.0,-3.999594017090047e-09,-3.770697252358923e-09,-1.351387767870027e-07,-1.3847686841210241e-08,1.3519795022036718e-07,1.3733692563086791e-08
2146.0,-4.0413810908912495e-09,-3.858720346620387e-09,-1.3530243576573286e-07,-1.4003993809560754e-08,1.353627788029711e-07,1.389336178992944e-08
2147.0,-4.0917923771477405e-09,-3.946371560999262e-09,-1.3545513516399765e-07,-1.415715326646554e-08,1.3551692295486404e-07,1.4049940754454676e-08
2148.0,-4.17922124684722e-09,-4.0336184164626485e-09,-1.3560452330127482e-07,-1.4307149342301229e-08,1.3566890811824234e-07,1.4203409782431992e-08
2149.0,-4.281552334894911e-09,-4.120426614567403e-09,-1.357572558709219e-07,-1.4453967970258256e-08,1.3582475551974834e-07,1.4353750939663761e-08
2150.0,-4.358442634577742e-09,-4.206760090372413e-09,-1.3592077731730545e-07,-1.4597596846373161e-08,1.359906383863957e-07,1.450094799594129e-08
2151.0,-4.424708294203938e-09,-4.2925810727127985e-09,-1.36086049967038e-07,-1.4738025385379411e-08,1.3615796355380744e-07,1.4644986384969282e-08
2152.0,-4.502403144757139e-09,-4.377850151578235e-09,-1.3622861636669592e-07,-1.4875244672626704e-08,1.3630299905454145e-07,1.4785853160508562e-08
2153.0,-4.643141704452347e-09,-4.462526352304475e-09,-1.3633297879858675e-07,-1.5009247412333566e-08,1.3641202246497018e-07,1.4923536949000576e-08
2154.0,-4.801663539000245e-09,-4.546567216252196e-09,-1.364199097644847e-07,-1.514002787245299e-08,1.365043873027234e-07,1.505802789895099e-08
2155.0,-4.943942671919999e-09,-4.629928887611179e-09,-1.365168368835934e-07,-1.5267581826445785e-08,1.3660632972832875e-07,1.51893176273632e-08
2156.0,-5.076157633121525e-09,-4.712566205932208e-09,-1.366205256113362e-07,-1.53919064922698e-08,1.3671479581462305e-07,1.5317399163524722e-08
2157.0,-5.208687009483626e-09,-4.794432803956065e-09,-1.3672080170779033e-07,-1.551300046890385e-08,1.3681998406659638e-07,1.5442266890458737e-08
2158.0,-5.361686927773945e-09,-4.875481210280353e-09,-1.3681133695375713e-07,-1.563086367073203e-08,1.3691635989094193e-07,1.5563916484358462e-08
2159.0,-5.542923925405674e-09,-4.9556629563813145e-09,-1.3690646931061035e-07,-1.5745497260116724e-08,1.370186313781448e-07,1.568234485232363e-08
2160.0,-5.703540084667225e-09,-5.034928687489513e-09,-1.3702651499927776e-07,-1.5856903578487497e-08,1.3714516463348134e-07,1.5797550068716096e-08
2161.0,-5.839448924405133e-09,-5.113228276805739e-09,-1.3715610693021407e-07,-1.5965086076268516e-08,1.372803585076651e-07,1.5909531310446076e-08
2162.0,-5.942837666417233e-09,-5.190510942537632e-09,-1.3727634663382449e-07,-1.6070049241959554e-08,1.3740492227230917e-07,1.6018288791492386e-08
2163.0,-6.066379731883842e-09,-5.266725367238823e-09,-1.3737080855821815e-07,-1.617179853067608e-08,1.3750469085449425e-07,1.612382369694994e-08
2164.0,-6.188427714715061e-09,-5.341819818940306e-09,-1.3744279607832977e-07,-1.6270340292443477e-08,1.3758204400069652e-07,1.6226138116887093e-08
2165.0,-6.314258504946935e-09,-5.415742273577086e-09,-1.374949828228389e-07,-1.6365681700529477e-08,1.3763989306127806e-07,1.6325234980284495e-08
2166.0,-6.434243998709732e-09,-5.488440538230783e-09,-1.3755122949335452e-07,-1.6457830680087666e-08,1.3770163481588886e-07,1.6421117989315963e-08
2167.0,-6.514529304890715e-09,-5.559862374730248e-09,-1.3764314213751683e-07,-1.654679583737171e-08,1.377972193825149e-07,1.651379155421893e-08
2168.0,-6.5596434117853875e-09,-5.629955623177405e-09,-1.3776740633714146e-07,-1.663258638976399e-08,1.379234830279196e-07,1.660326072898657e-08
2169.0,-6.59321555684933e-09,-5.698668324993797e-09,-1.378949178107436e-07,-1.6715212096843116e-08,1.38052449632054e-07,1.668953114809492e-08
2170.0,-6.6485384142556114e-09,-5.765948845113543e-09,-1.3800089581142427e-07,-1.6794683192693005e-08,1.3816095797221954e-07,1.6772608964457325e-08
2171.0,-6.715513117816485e-09,-5.831745992978373e-09,-1.3809166747244528e-07,-1.687101031963416e-08,1.382548615483592e-07,1.6852500788777007e-08
2172.0,-6.7615296972523e-09,-5.896009142018369e-09,-1.3819300613907015e-07,-1.6944204463536975e-08,1.3835832186608764e-07,1.6929213630448284e-08
2173.0,-6.769351357238662e-09,-5.958688347326802e-09,-1.3831420278553885e-07,-1.7014276890858562e-08,1.3847975595731282e-07,1.700275484013911e-08
2174.0,-6.784514505753236e-09,-6.0197344612590655e-09,-1.3843379379277487e-07,-1.708123908752888e-08,1.3859994553007332e-07,1.7073132054172008e-08
2175.0,-6.812817476831157e-09,-6.079099246703694e-09,-1.3852778208214844e-07,-1.7145102699798906e-08,1.3869520860711743e-07,1.7140353140807548e-08
2176.0,-6.868345059363179e-09,-6.136735487787285e-09,-1.3858122404827866e-07,-1.7205879477153505e-08,1.3875132367863626e-07,1.7204426148524382e-08
2177.0,-6.9675996083873315e-09,-6.192597097783787e-09,-1.3860437079668553e-07,-1.7263581217385332e-08,1.3877938985399774e-07,1.7265359256382988e-08
2178.0,-7.101343763027401e-09,-6.2466392240023375e-09,-1.3861732537159832e-07,-1.7318219713922782e-08,1.3879910654041058e-07,1.7323160726556487e-08
2179.0,-7.2224831948464185e-09,-6.298818349427936e-09,-1.3864172536057207e-07,-1.7369806705503423e-08,1.3882972403075694e-07,1.7377838859109473e-08
2180.0,-7.320208966765662e-09,-6.349092390888384e-09,-1.386818910126264e-07,-1.7418353828282438e-08,1.3887495222017217e-07,1.7429401949103103e-08
2181.0,-7.426618181538558e-09,-6.3974207935218485e-09,-1.3873078236539826e-07,-1.7463872570461307e-08,1.389294232095198e-07,1.7477858246099736e-08
2182.0,-7.552743819250196e-09,-6.443764621324244e-09,-1.3877381307286774e-07,-1.7506374229514805e-08,1.3897918957161342e-07,1.7523215916132773e-08
2183.0,-7.674997748452483e-09,-6.488086643565084e-09,-1.3880083330961024e-07,-1.7545869872084494e-08,1.3901286601563524e-07,1.7565483006197258e-08
2184.0,-7.753458902692856e-09,-6.530351416874856e-09,-1.388267868752957e-07,-1.7582370296595456e-08,1.390431331604496e-07,1.7604667411305482e-08
2185.0,-7.78818623481392e-09,-6.570525362826269e-09,-1.3885828366658193e-07,-1.7615885998640403e-08,1.3907652133863962e-07,1.7640776844139728e-08
2186.0,-7.833435095028207e-09,-6.608576840855998e-09,-1.3887638228293753e-07,-1.7646427139162185e-08,1.3909713247002837e-07,1.7673818807321652e-08
2187.0,-7.906616389385945e-09,-6.644476216401671e-09,-1.388636494299711e-07,-1.7674003515451495e-08,1.3908856069331804e-07,1.77038005683049e-08
2188.0,-7.984436806163231e-09,-6.678195924159242e-09,-1.388416010772442e-07,-1.7698624534961513e-08,1.3907099417493294e-07,1.7730729136883348e-08
2189.0,-8.027721265513321e-09,-6.7097105263968865e-09,-1.3885919493070165e-07,-1.7720299191924618e-08,1.390910504867922e-07,1.7754611245292153e-08
2190.0,-8.01650926196551e-09,-6.7389967662927406e-09,-1.3893086321312142e-07,-1.7739036046737576e-08,1.3916195303993917e-07,1.7775453330861373e-08
2191.0,-7.961000247913574e-09,-6.766033616295222e-09,-1.3903886703775514e-07,-1.7754843208060646e-08,1.3926659352511583e-07,1.7793261521162266e-08
2192.0,-7.900561010965035e-09,-6.790802321535555e-09,-1.3914441028550772e-07,-1.7767728317553406e-08,1.393685250621161e-07,1.7808041621565177e-08
2193.0,-7.861421624788534e-09,-6.813286438350409e-09,-1.392223460267017e-07,-1.7777698537148642e-08,1.3944412351598527e-07,1.781979910510781e-08
2194.0,-7.850572580903048e-09,-6.833471867995224e-09,-1.3927848786440822e-07,-1.778476053874836e-08,1.3949956513066315e-07,1.7828539104556406e-08
2195.0,-7.862394041380227e-09,-6.851346885643222e-09,-1.39310133311088e-07,-1.778892049621597e-08,1.39531826058484e-07,1.7834266406532895e-08
2196.0,-7.890019887435429e-09,-6.866902164770724e-09,-1.3931573018474697e-07,-1.7790184079536088e-08,1.395389733756607e-07,1.7836985447578772e-08
2197.0,-7.917595634676644e-09,-6.8801307970269604e-09,-1.3930104135473353e-07,-1.778855645101827e-08,1.3952587015728457e-07,1.7836700312030837e-08
2198.0,-7.958513792427624e-09,-6.891028307678331e-09,-1.3925776349427155e-07,-1.7784042263430736e-08,1.3948499071660266e-07,1.7833414731593303e-08
2199.0,-8.029962916822342e-09,-6.899592666705133e-09,-1.3918927369710454e-07,-1.7776645659963117e-08,1.3942070942572706e-07,1.7827132086502803e-08
2200.0,-8.144313723423835e-09,-6.905824295615086e-09,-1.391162927494305e-07,-1.776637027593101e-08,1.393544859499356e-07,1.7817855408196034e-08
2201.0,-8.248654731479732e-09,-6.909726070024345e-09,-1.3908173105911525e-07,-1.7753219242147473e-08,1.3932612181238388e-07,1.780558738340109e-08
2202.0,-8.297047798810908e-09,-6.911303318045251e-09,-1.390964202221956e-07,-1.7737195189895487e-08,1.3934365834441615e-07,1.7790330359582048e-08
2203.0,-8.275740065455395e-09,-6.910563814512948e-09,-1.3913506315132995e-07,-1.7718300257440272e-08,1.3938096595932874e-07,1.7772086351670794e-08
2204.0,-8.23184992393422e-09,-6.907517771081468e-09,-1.391680352451352e-07,-1.7696536098021472e-08,1.3941128141998185e-07,1.7750857050021414e-08
2205.0,-8.202996615302993e-09,-6.902177822223188e-09,-1.391787188935456e-07,-1.767190388926517e-08,1.394202458264913e-07,1.7726643829522707e-08
2206.0,-8.189027816962735e-09,-6.894559007170919e-09,-1.3916776211639337e-07,-1.7644404343957245e-08,1.3940848678998005e-07,1.7699447759806532e-08
2207.0,-8.19659801143402e-09,-6.884678747845889e-09,-1.391240210257827e-07,-1.7614037722124767e-08,1.393652662801728e-07,1.7669269616495336e-08
2208.0,-8.216303581942697e-09,-6.87255682281564e-09,-1.3903975741233476e-07,-1.758080384438134e-08,1.3928230966577036e-07,1.7636109893441867e-08
2209.0,-8.256700101405556e-09,-6.858215337323045e-09,-1.3892661422654218e-07,-1.7544702106504785e-08,1.3917175445116377e-07,1.7599968815926518e-08
2210.0,-8.308921994881757e-09,-6.841678689422561e-09,-1.388126469221984e-07,-1.7505731495228726e-08,1.390610985511906e-07,1.7560846354791087e-08
2211.0,-8.348737340346801e-09,-6.822973532254287e-09,-1.3872679285181766e-07,-1.7463890605241266e-08,1.3897778408842627e-07,1.7518742241499314e-08
2212.0,-8.353390895665669e-09,-6.80212873248227e-09,-1.3868655246440653e-07,-1.7419177657391044e-08,1.3893789610440477e-07,1.747365598412186e-08
2213.0,-8.313884358734924e-09,-6.779175324922251e-09,-1.3868910056155648e-07,-1.7371590518102512e-08,1.3893806997257428e-07,1.7425586884245183e-08
2214.0,-8.257119765708865e-09,-6.754146463386036e-09,-1.38702984549266e-07,-1.7321126719998268e-08,1.3894854425181712e-07,1.7374534054800456e-08
2215.0,-8.209905921763294e-09,-6.727077367774085e-09,-1.3869515278278066e-07,-1.7267783483719135e-08,1.3893792844534237e-07,1.732049643880209e-08
2216.0,-8.22341905681867e-09,-6.698005267452579e-09,-1.3865203462096187e-07,-1.7211557740925414e-08,1.388956850500276e-07,1.7263472828979008e-08
2217.0,-8.269954943074254e-09,-6.666969340954327e-09,-1.3858562860832868e-07,-1.715244615845831e-08,1.3883215986048076e-07,1.7203461888278002e-08
2218.0,-8.304572918227393e-09,-6.634010652043491e-09,-1.3850948451382683e-07,-1.7090445163640038e-08,1.387582186093501e-07,1.7140462171218577e-08
2219.0,-8.298713272125724e-09,-6.599172082183589e-09,-1.3842844687542155e-07,-1.7025550970694145e-08,1.3867697554502103e-07,1.707447214608198e-08
2220.0,-8.283288110977338e-09,-6.562498259448826e-09,-1.3833499096227442e-07,-1.6957759608272562e-08,1.385827643917598e-07,1.70054902179228e-08
2221.0,-8.28425478216488e-09,-6.524035483922345e-09,-1.3822541124544618e-07,-1.6887066948080926e-08,1.3847343857674852e-07,1.6933514752397035e-08
2222.0,-8.29655399936513e-09,-6.483831649631797e-09,-1.38114064265199e-07,-1.6813468734597843e-08,1.3836302814016431e-07,1.6858544100405634e-08
2223.0,-8.3105785586568e-09,-6.441936163082175e-09,-1.3801537361926575e-07,-1.6736960615885637e-08,1.3826535745169549e-07,1.6780576623555348e-08
2224.0,-8.275611362851265e-09,-6.398399858457437e-09,-1.3793461715178035e-07,-1.6657538175489458e-08,1.3818264852085145e-07,1.6699610720439154e-08
2225.0,-8.223483199953918e-09,-6.353274909576184e-09,-1.378624095299541e-07,-1.6575196965417677e-08,1.3810745684916765e-07,1.6615644853735923e-08
2226.0,-8.158061087781832e-09,-6.3066147387026305e-09,-1.377904581753575e-07,-1.6489932540189712e-08,1.3803175114765055e-07,1.6528677578123576e-08
2227.0,-8.118157313052876e-09,-6.258473922331408e-09,-1.3770830624773578e-07,-1.6401740491928883e-08,1.3794738884001995e-07,1.643870756899272e-08
2228.0,-8.121237266012216e-09,-6.208908094082001e-09,-1.3760998770345756e-07,-1.6310616486468422e-08,1.378494222348306e-07,1.634573365193994e-08
2229.0,-8.14108427893423e-09,-6.157973844854503e-09,-1.374956109558012e-07,-1.6216556300429646e-08,1.3773641597393824e-07,1.6249754833011992e-08
2230.0,-8.12225797730548e-09,-6.105728620412729e-09,-1.373774922777682e-07,-1.611955585922282e-08,1.3761739155781931e-07,1.615077032966489e-08
2231.0,-8.070185630870697e-09,-6.05223061657494e-09,-1.3725766038336085e-07,-1.601961127591281e-08,1.3749470255261015e-07,1.604877960239458e-08
2232.0,-8.011255658857408e-09,-5.997538672207857e-09,-1.3713840539206212e-07,-1.591671889088281e-08,1.3737220406876038e-07,1.5943782386988512e-08
2233.0,-8.006323048981301e-09,-5.9417121602369395e-09,-1.370205415726633e-07,-1.581087531221928e-08,1.3725425320051325e-07,1.5835778727338277e-08
2234.0,-7.995940493055187e-09,-5.884810876904336e-09,-1.3693036088682775e-07,-1.5702077456729627e-08,1.3716362053024617e-07,1.5724769008743484e-08
2235.0,-7.968537857339086e-09,-5.826894929524455e-09,-1.3684981417516617e-07,-1.5590322591490803e-08,1.3708161523472563e-07,1.5610753991624893e-08
2236.0,-7.952038166836317e-09,-5.768024623005656e-09,-1.367564385519604e-07,-1.5475608375813097e-08,1.3698743882715285e-07,1.5493734845552235e-08
2237.0,-7.91055315696454e-09,-5.7082603454258194e-09,-1.366553719593655e-07,-1.5357932903489264e-08,1.3688413909800399e-07,1.537371318347944e-08
2238.0,-7.888199093919468e-09,-5.647662452970037e-09,-1.3653374348124303e-07,-1.5237294745186752e-08,1.3676142290114997e-07,1.5250691096068862e-08
2239.0,-7.846441829606476e-09,-5.586291154560507e-09,-1.3640400355757754e-07,-1.5113692990830515e-08,1.366294947510274e-07,1.5124671185977226e-08
2240.0,-7.71410557653951e-09,-5.524206396531427e-09,-1.362918069375274e-07,-1.4987127291815835e-08,1.3650994126122186e-07,1.4995656601969402e-08
2241.0,-7.531478163347316e-09,-5.4614677477246506e-09,-1.3619033177939e-07,-1.4857597902884538e-08,1.3639842240108683e-07,1.4863651072721529e-08
2242.0,-7.366125681640412e-09,-5.3981342854033835e-09,-1.3608154332198086e-07,-1.4725105723493246e-08,1.3628076254721307e-07,1.472865894017136e-08
2243.0,-7.2300119224877335e-09,-5.334264482398463e-09,-1.3595558596979362e-07,-1.4589652338498857e-08,1.3614769343910774e-07,1.4590685192271485e-08
2244.0,-7.177230393340395e-09,-5.2699160959109045e-09,-1.3581287947386778e-07,-1.445124005798503e-08,1.3600239287270802e-07,1.4449735494999995e-08
2245.0,-7.159158904590512e-09,-5.205146058392972e-09,-1.3567763541139088e-07,-1.4309871956054097e-08,1.3586638402138877e-07,1.4305816223483798e-08
2246.0,-7.0951675923414115e-09,-5.140010370917898e-09,-1.3557779836304018e-07,-1.416555190841193e-08,1.3576332646238672e-07,1.4158934492092172e-08
2247.0,-6.945834657434702e-09,-5.074563999428223e-09,-1.3550649237067947e-07,-1.401828462857826e-08,1.356843914888276e-07,1.4009098183361846e-08
2248.0,-6.805295799106048e-09,-5.008860774227673e-09,-1.3541425436525145e-07,-1.3868075702561899e-08,1.355851479189751e-07,1.3856315975620411e-08
2249.0,-6.7603929121418105e-09,-4.942953293052935e-09,-1.3526372464461867e-07,-1.3714931621850119e-08,1.3543255929451291e-07,1.3700597369183086e-08
2250.0,-6.77218689459913e-09,-4.876892828028809e-09,-1.3506515805436492e-07,-1.355885981457591e-08,1.352348307041716e-07,1.354195271101018e-08
2251.0,-6.785562667310785e-09,-4.8107292367718085e-09,-1.3486317827424155e-07,-1.3399868674745938e-08,1.3503377620040794e-07,1.3380393217729577e-08
2252.0,-6.7685906601777646e-09,-4.744510877864202e-09,-1.3466134915138261e-07,-1.3237967589435222e-08,1.348313493768998e-07,1.3215930996949203e-08
2253.0,-6.778180045019511e-09,-4.678284530875992e-09,-1.3445036459863724e-07,-1.3073166963878819e-08,1.3462111374308706e-07,1.304857906680623e-08
2254.0,-6.8166075284370464e-09,-4.61209532106989e-09,-1.3424030925052177e-07,-1.2905478244413862e-08,1.3441326856330988e-07,1.2878351373720023e-08
2255.0,-6.877316771625175e-09,-4.545986648886329e-09,-1.340418503137375e-07,-1.2734913939244688e-08,1.3421816241294502e-07,1.2705262808333239e-08
2256.0,-6.9062183472023975e-09,-4.4800001242732076e-09,-1.3385491721626397e-07,-1.256148763701975e-08,1.3403296129994335e-07,1.2529329219639223e-08
2257.0,-6.869442320533992e-09,-4.4141755058994045e-09,-1.3368720956988267e-07,-1.2385214023220583e-08,1.338635844446759e-07,1.2350567427303805e-08
2258.0,-6.7589892849273525e-09,-4.348550645273493e-09,-1.335335247654168e-07,-1.2206108894371385e-08,1.3370447327008152e-07,1.2168995232196553e-08
2259.0,-6.665516388837389e-09,-4.283161435779088e-09,-1.333608078898929e-07,-1.2024189170083825e-08,1.3352727882262403e-07,1.1984631425151687e-08
2260.0,-6.713790967616262e-09,-4.2180417666338024e-09,-1.331356139951112e-07,-1.1839472902956492e-08,1.3330478874748684e-07,1.1797495793982994e-08
2261.0,-6.768990645777961e-09,-4.153223481776531e-09,-1.328742287205753e-07,-1.1651979286353711e-08,1.330465328088274e-07,1.1607609128781756e-08
2262.0,-6.759201337525056e-09,-4.088736343685805e-09,-1.3261109166329277e-07,-1.1461728660093725e-08,1.3278323853126732e-07,1.1414993225531553e-08
2263.0,-6.699482829608527e-09,-4.0246080021312925e-09,-1.323767017114008e-07,-1.1268742514080969e-08,1.325461211283582e-07,1.1219670888077917e-08
2264.0,-6.573443012136693e-09,-3.960863967863717e-09,-1.321918043084569e-07,-1.1073043489918432e-08,1.3235514073642614e-07,1.1021665928491682e-08
2265.0,-6.453434842068617e-09,-3.8975275912565755e-09,-1.320357859435628e-07,-1.0874655380532909e-08,1.321934022218778e-07,1.0821003165861777e-08
2266.0,-6.384028583550361e-09,-3.834620045924074e-09,-1.318763843995152e-07,-1.0673603127837967e-08,1.320308167938239e-07,1.0617708423545085e-08
2267.0,-6.30158739078901e-09,-3.772160317349904e-09,-1.317140331628941e-07,-1.0469912818448815e-08,1.31864690253607e-07,1.0411808524890441e-08
2268.0,-6.142226699479281e-09,-3.7101651965677186e-09,-1.3157393365451076e-07,-1.0263611677452897e-08,1.3171722349848329e-07,1.020333128744329e-08
2269.0,-5.949091275159191e-09,-3.6486492789349685e-09,-1.3143726833309e-07,-1.0054728060232368e-08,1.315718328285537e-07,9.992305515629246e-09
2270.0,-5.7833539346408e-09,-3.5876249680364317e-09,-1.3128835528106175e-07,-9.843291442331427e-09,1.3141567416080785e-07,9.778760991910959e-09
2271.0,-5.691074195235402e-09,-3.527102484740859e-09,-1.3112305305429395e-07,-9.629332407364043e-09,1.3124649849719748e-07,9.562728466413968e-09
2272.0,-5.6840196160923284e-09,-3.467089881411501e-09,-1.3092677385653784e-07,-9.412882632966544e-09,1.310500980216235e-07,9.344239645024555e-09
2273.0,-5.751094017680813e-09,-3.4075930612380088e-09,-1.3068243569572258e-07,-9.193974874815144e-09,1.3080892202662198e-07,9.123327175976124e-09
2274.0,-5.835820299227024e-09,-3.3486158026153196e-09,-1.3040483871212816e-07,-8.972642948750135e-09,1.3053535443741296e-07,8.900024634959695e-09
2275.0,-5.857128559938474e-09,-3.290159788449664e-09,-1.301201540855612e-07,-8.748921711074364e-09,1.302519115184796e-07,8.67436650881738e-09
2276.0,-5.8044904716059165e-09,-3.232224640228786e-09,-1.2983922948947568e-07,-8.522847037120802e-09,1.299689102210821e-07,8.446388177902326e-09
2277.0,-5.7764695249318265e-09,-3.174807956657414e-09,-1.295427596061105e-07,-8.294455798210017e-09,1.296714855569219e-07,8.216125897212318e-09
2278.0,-5.834221328271383e-09,-3.1179053566311676e-09,-1.2921871378815397e-07,-8.063785837140166e-09,1.2935035419963917e-07,7.98361677642423e-09
2279.0,-5.901755140147458e-09,-3.0615105263011512e-09,-1.2890714618310484e-07,-7.830875942368667e-09,1.290421754730081e-07,7.748898758971452e-09
2280.0,-5.937455027638094e-09,-3.0056152699659127e-09,-1.2863298893758812e-07,-7.595765821054364e-09,1.287699468634778e-07,7.51201060031489e-09
2281.0,-5.92742299687643e-09,-2.950209564517545e-09,-1.2840378658604545e-07,-7.358496071131794e-09,1.2854052572250747e-07,7.272991845559749e-09
2282.0,-5.850698259202147e-09,-2.8952816171661397e-09,-1.2821011349459233e-07,-7.119108152584384e-09,1.2834353849110003e-07,7.031882806565054e-09
2283.0,-5.724011820085195e-09,-2.840817926172187e-09,-1.28019197371404e-07,-6.877644358072836e-09,1.2814709987719177e-07,6.788724538681777e-09
2284.0,-5.591925728021252e-09,-2.7868033443283354e-09,-1.2780762391126355e-07,-6.634147783061104e-09,1.2792989628382685e-07,6.54355881724182e-09
2285.0,-5.481021941866615e-09,-2.7332211449460838e-09,-1.27577730841405e-07,-6.388662295568488e-09,1.2769541498491323e-07,6.296428113906148e-09
2286.0,-5.413902104400847e-09,-2.680053090115229e-09,-1.2734502250616453e-07,-6.141232505665042e-09,1.2746005293067936e-07,6.047375572969211e-09
2287.0,-5.31992563890249e-09,-2.6272795010106876e-09,-1.2713868038916054e-07,-5.891903734819864e-09,1.2724993383063336e-07,5.796444987708912e-09
2288.0,-5.216809151331603e-09,-2.5748793300212724e-09,-1.2694121532055846e-07,-5.640721985207708e-09,1.2704836576981934e-07,5.543680776866854e-09
2289.0,-5.104863171068175e-09,-2.5228302344684595e-09,-1.267295117839129e-07,-5.387733909078564e-09,1.2683228605124267e-07,5.289127961341949e-09
2290.0,-5.027641525323645e-09,-2.471108651670789e-09,-1.264891355719222e-07,-5.132986778297393e-09,1.2658901451958332e-07,5.032832141182089e-09
2291.0,-5.06861447258089e-09,-2.4196898750916676e-09,-1.2619509276098895e-07,-4.876528454167716e-09,1.262968419622053e-07,4.774839472963927e-09
2292.0,-5.1745173701434055e-09,-2.368548131285255e-09,-1.2587025196089674e-07,-4.618407357663249e-09,1.2597656908613421e-07,4.51519664765986e-09
2293.0,-5.269057606893668e-09,-2.3176566573286045e-09,-1.2553873370360624e-07,-4.3586724402052015e-09,1.2564926035584024e-07,4.2539508691033215e-09
2294.0,-5.274662012721976e-09,-2.2669877784023766e-09,-1.2521821947039657e-07,-4.097373155136758e-09,1.253292645262265e-07,3.991149833175876e-09
2295.0,-5.230958610713543e-09,-2.216512985162301e-09,-1.2490616128554843e-07,-3.834559430057708e-09,1.2501564724096915e-07,3.7268417078499135e-09
2296.0,-5.220606419387153e-09,-2.1662030105328327e-09,-1.245976694770612e-07,-3.5702816401888913e-09,1.2470699246835012e-07,3.4610751142267516e-09
2297.0,-5.280272385999041e-09,-2.1160279055531368e-09,-1.242800300275959e-07,-3.3045905829369306e-09,1.2439215063713017e-07,3.1938991087102876e-09
2298.0,-5.3804446453753485e-09,-2.065957113911585e-09,-1.23945274137921e-07,-3.0375374538246642e-09,1.240620012965547e-07,2.9253631664514268e-09
2299.0,-5.443459544229867e-09,-2.0159595448166543e-09,-1.2360403344943705e-07,-2.769173823942057e-09,1.237238389995203e-07,2.6555171661881767e-09
2300.0,-5.5464665915661016e-09,-1.96600364387017e-09,-1.2326546044300057e-07,-2.4995516190565425e-09,1.2339018206436158e-07,2.3844113765909256e-09
2301.0,-5.642699918428917e-09,-1.916057461635794e-09,-1.2295603733086802e-07,-2.2287231005000645e-09,1.2308544665588717e-07,2.1120964442019448e-09
2302.0,-5.593899371492128e-09,-1.8660887196337958e-09,-1.2269197530861975e-07,-1.9567408479225622e-09,1.2281943052835468e-07,1.8386233830319587e-09
2303.0,-5.387734397510613e-09,-1.816064873543549e-09,-1.2246575104360446e-07,-1.6836577439680406e-09,1.225842072234928e-07,1.5640435658453335e-09
2304.0,-5.195876812136291e-09,-1.7659531734562525e-09,-1.2224777178743151e-07,-1.409526960891155e-09,1.2235814171046744e-07,1.2884087171296326e-09
2305.0,-5.064112407193733e-09,-1.71572072108742e-09,-1.2204377454472226e-07,-1.134401949091708e-09,1.2214879508040875e-07,1.0117709077078666e-09
2306.0,-4.9776393562517285e-09,-1.6653345239242711e-09,-1.2182118184350665e-07,-8.583364275052938e-10,1.219228331335424e-07,7.341825509152377e-10
2307.0,-4.939124498282155e-09,-1.6147615463405093e-09,-1.215669464399438e-07,-5.813843757528262e-10,1.2166724052735683e-07,4.556964002295055e-10
2308.0,-4.909728956725701e-09,-1.563968757757173e-09,-1.213246246835331e-07,-3.0360002792243e-10,1.214239267732216e-07,1.7636554821671617e-10
2309.0,-4.836873179758783e-09,-1.512923177964452e-09,-1.2109512958005664e-07,-2.5037867834505234e-11,1.2119169010360315e-07,-1.0375657336690746e-10
2310.0,-4.756716548426354e-09,-1.4615919197489356e-09,-1.208545515538062e-07,2.5424737437582855e-10,1.2094812517601782e-07,-3.8461619249105694e-10
2311.0,-4.644054529823194e-09,-1.4099422289962676e-09,-1.2060433221550149e-07,5.342007245352485e-10,1.206937123118807e-07,-6.661591949691167e-10
2312.0,-4.47617234944353e-09,-1.3579415224615877e-09,-1.2036658708983183e-07,8.147669657496052e-10,1.2044978790581573e-07,-9.483311219653727e-10
2313.0,-4.293584848769072e-09,-1.3055574234182921e-09,-1.2010745585946947e-07,1.095890638943996e-09,1.2018417459835544e-07,-1.2310771670784004e-09
2314.0,-4.167349298977996e-09,-1.2527577954071862e-09,-1.1981109338671247e-07,1.3775160428020675e-09,1.1988354723939074e-07,-1.5143421731810752e-09
2315.0,-4.164170230858133e-09,-1.1995107743103985e-09,-1.194906458050482e-07,1.6595872332708838e-09,1.195631830816621e-07,-1.7980706291869471e-09
2316.0,-4.219914723213591e-09,-1.1457847989655763e-09,-1.1915281101365638e-07,1.942048022783473e-09,1.1922751382431536e-07,-2.0822066668983004e-09
2317.0,-4.361331684687997e-09,-1.0915486405168896e-09,-1.1879858924368492e-07,2.2248419793345548e-09,1.1887861885281824e-07,-2.366694058074662e-09
2318.0,-4.490635391318776e-09,-1.0367714306746161e-09,-1.1845480288319443e-07,2.507912425528327e-09,1.1853989257762221e-07,-2.6514762118441875e-09
2319.0,-4.578943946231817e-09,-9.814226890314318e-10,-1.1812298159052936e-07,2.7912024377025457e-09,1.1821169784543014e-07,-2.936496172566007e-09
2320.0,-4.499841999017207e-09,-9.254723495678306e-10,-1.1779325245764305e-07,3.0746548452225673e-09,1.1787917077484957e-07,-3.2216966182407783e-09
2321.0,-4.400739078702642e-09,-8.688907864755628e-10,-1.1745676301022634e-07,3.358212230033272e-09,1.1753917509187861e-07,-3.5070198595603592e-09
2322.0,-4.379920953700989e-09,-8.116488394364677e-10,-1.1710919464377745e-07,3.64181692655577e-09,1.1719107123699664e-07,-3.792407839685369e-09
2323.0,-4.45040002072794e-09,-7.537178385106885e-10,-1.1674234850697629e-07,3.92541102201954e-09,1.168271457978359e-07,-4.0778021348416845e-09
2324.0,-4.4911076246823e-09,-6.950696288081171e-10,-1.1640480828203903e-07,4.2089363573288014e-09,1.1649141358432706e-07,-4.363143955833404e-09
2325.0,-4.409786896752976e-09,-6.356765951378396e-10,-1.1613408587574092e-07,4.492334528574929e-09,1.1621777885792148e-07,-4.648374150581119e-09
2326.0,-4.280715726334705e-09,-5.755116868534644e-10,-1.1591256276338724e-07,4.775546889324608e-09,1.1599158044231433e-07,-4.933433207810419e-09
2327.0,-4.100596140421686e-09,-5.145484431387823e-10,-1.1572017364486209e-07,5.058514553835615e-09,1.1579280408170395e-07,-5.218261262035732e-09
2328.0,-3.9100460369478895e-09,-4.5276101900681664e-10,-1.1554880131187106e-07,5.341178401375991e-09,1.156149382416533e-07,-5.5027981000063146e-09
2329.0,-3.8074591812709e-09,-3.9012421231129983e-10,-1.1535461398939906e-07,5.623479081843807e-09,1.1541743245307575e-07,-5.786983168800736e-09
2330.0,-3.640465151555361e-09,-3.2661349208782455e-10,-1.1513291535425463e-07,5.905357022900035e-09,1.151904561345672e-07,-6.070755585769601e-09
2331.0,-3.4189434339193525e-09,-2.62205028548898e-10,-1.1490096704300234e-07,6.186752438832902e-09,1.1495182208917548e-07,-6.354054150530788e-09
2332.0,-3.2420001128130593e-09,-1.9687572505157402e-10,-1.1468256293917234e-07,6.4676053413673714e-09,1.1472837838577126e-07,-6.636817359215866e-09
2333.0,-3.079960647633939e-09,-1.3060325233799596e-10,-1.1445129324480496e-07,6.747855552618691e-09,1.1449272764241104e-07,-6.918983421150901e-09
2334.0,-2.9421693970022034e-09,-6.336608531724733e-11,-1.1419344546695354e-07,7.027442720365107e-09,1.1423134135767972e-07,-7.200490278131016e-09
2335.0,-2.868167869873872e-09,4.856457389073746e-12,-1.1390033869546068e-07,7.306306335783245e-09,1.1393644518708856e-07,-7.48127562641673e-09
2336.0,-2.851077707255456e-09,7.408417097463381e-11,-1.1356217235330979e-07,7.584385753751305e-09,1.1359795611583708e-07,-7.761276941542353e-09
2337.0,-2.8966379572725742e-09,1.4433591895709106e-10,-1.1323278219232957e-07,7.861620215781786e-09,1.1326982596645526e-07,-8.040431505984205e-09
2338.0,-2.9630842501848775e-09,2.1562958465291038e-10,-1.1292044543170787e-07,8.137948875599216e-09,1.1295931508631331e-07,-8.318676439691338e-09
2339.0,-3.007779914021569e-09,2.8798201968292676e-10,-1.1259372241848031e-07,8.41331082733225e-09,1.1263388951847924e-07,-8.595948733436468e-09
2340.0,-3.0065003542301127e-09,3.61408989649434e-10,-1.1226817554083057e-07,8.687645136245853e-09,1.1230842481152843e-07,-8.872185284902216e-09
2341.0,-2.9791965561187794e-09,4.359251171939022e-10,-1.1196354239920159e-07,8.960890871899103e-09,1.1200317155642425e-07,-9.1473229373784e-09
2342.0,-2.9199080930908394e-09,5.115438227029774e-10,-1.1164673372962564e-07,9.232987143578255e-09,1.1168490952570998e-07,-9.421298520910732e-09
2343.0,-2.9485022479125433e-09,5.882772629794377e-10,-1.1127888119993878e-07,9.503873137822636e-09,1.1131793685932216e-07,-9.694048895709644e-09
2344.0,-3.065316112049743e-09,6.661362682360651e-10,-1.1086501272225546e-07,9.773488157833377e-09,1.1090738121862159e-07,-9.96551099760038e-09
2345.0,-3.1908864162044637e-09,7.451302778050488e-10,-1.104440645882665e-07,1.0041771664532135e-08,1.1049014960121242e-07,-1.0235621885272688e-08
2346.0,-3.236437257081448e-09,8.252672749824563e-10,-1.100712695295547e-07,1.0308663319020893e-08,1.101188399047452e-07,-1.0504318789072062e-08
2347.0,-3.1440191006204543e-09,9.065537214431623e-10,-1.0978263844871328e-07,1.0574103026187186e-08,1.0982764934599104e-07,-1.0771539161067298e-08
2348.0,-3.004426873953747e-09,9.889944916633062e-10,-1.0957503843167515e-07,1.0838030979203512e-08,1.0961621973113296e-07,-1.1037220726132621e-08
2349.0,-2.8987437172833808e-09,1.0725928077752448e-09,-1.0941091400928915e-07,1.1100387704685162e-08,1.0944930707631983e-07,-1.1301301533796987e-08
2350.0,-2.8105028859748415e-09,1.157350175258225e-09,-1.0921956084680717e-07,1.1361114108293657e-08,1.0925571563099794e-07,-1.1563720010634595e-08
2351.0,-2.7205449559808415e-09,1.2432663198427403e-09,-1.0899158248492413e-07,1.162015152059787e-08,1.0902553103482475e-07,-1.182441501299418e-08
2352.0,-2.6170995093277583e-09,1.3303391259819272e-09,-1.0874128641633063e-07,1.187744174302677e-08,1.0877277500054955e-07,-1.2083325879885136e-08
2353.0,-2.4713555923927544e-09,1.4185645772211836e-09,-1.0850217707289445e-07,1.2132927093763204e-08,1.0853031847378774e-07,-1.2340392485852784e-08
2354.0,-2.280466815385296e-09,1.507936698777286e-09,-1.0829722782088047e-07,1.2386550453437209e-08,1.0832123560310674e-07,-1.2595555293683124e-08
2355.0,-2.0816586232541567e-09,1.5984475026211596e-09,-1.0811015977926774e-07,1.2638255310481132e-08,1.0813019906632268e-07,-1.2848755406780278e-08
2356.0,-1.9501681103317736e-09,1.6900869353455836e-09,-1.0788293058200393e-07,1.2887985806008517e-08,1.0790055545093377e-07,-1.309993462105875e-08
2357.0,-1.897607904144394e-09,1.7828428290927371e-09,-1.0755742026885562e-07,1.3135686778074172e-08,1.0757415847055977e-07,-1.3349035476187656e-08
2358.0,-1.9601019696224853e-09,1.876700855818048e-09,-1.0716510071007157e-07,1.3381303805164148e-08,1.0718302482170905e-07,-1.3596001306015046e-08
2359.0,-2.0661948541000896e-09,1.9716444851751055e-09,-1.0680556602679636e-07,1.3624783248752255e-08,1.068255498253085e-07,-1.3840776287988363e-08
2360.0,-2.0434904601795978e-09,2.067654946316957e-09,-1.0655266869177837e-07,1.3866072294747932e-08,1.0657226214452207e-07,-1.4083305491375315e-08
2361.0,-1.8622078323815572e-09,2.1647111939155858e-09,-1.0637592103013294e-07,1.4105118993653115e-08,1.0639221960754491e-07,-1.4323534924082467e-08
2362.0,-1.625129891769106e-09,2.2627898786987585e-09,-1.0621170955932291e-07,1.4341872299245802e-08,1.0622414176955767e-07,-1.4561411577868792e-08
2363.0,-1.4577610785160289e-09,2.3618653227916122e-09,-1.0598764320704501e-07,1.4576282105613898e-08,1.0599766780427724e-07,-1.4796883471757302e-08
2364.0,-1.4055188124473261e-09,2.461909500134201e-09,-1.0567169959549427e-07,1.4808299282370707e-08,1.0568104644889039e-07,-1.5029899693455667e-08
2365.0,-1.4757463029368978e-09,2.56289202223239e-09,-1.0530434048361403e-07,1.5037875707889087e-08,1.0531468060930322e-07,-1.5260410438602303e-08
2366.0,-1.568636331938933e-09,2.664780129491053e-09,-1.0496787101674232e-07,1.5264964300394256e-08,1.0497959118671272e-07,-1.5488367047657846e-08
2367.0,-1.5563307587118658e-09,2.767538688372814e-09,-1.0470680640584096e-07,1.548951904675869e-08,1.0471837218530839e-07,-1.5713722040265552e-08
2368.0,-1.414387912346271e-09,2.8711301946161137e-09,-1.0452210552971963e-07,1.5711495028850488e-08,1.045316748049721e-07,-1.5936429146912742e-08
2369.0,-1.1988643966454049e-09,2.9755147827275747e-09,-1.0439708784601431e-07,1.5930848447301933e-08,1.0440397131608535e-07,-1.615644333774111e-08
2370.0,-9.8954597294032e-10,3.0806502419344946e-09,-1.0427971741666653e-07,1.6147536642586442e-08,1.0428441238139278e-07,-1.6373720848375526e-08
2371.0,-8.771959547626551e-10,3.186492038748308e-09,-1.0412282423419295e-07,1.6361518113315578e-08,1.0412651919298795e-07,-1.658821920266489e-08
2372.0,-8.676609153379644e-10,3.292993346255662e-09,-1.0389055180720641e-07,1.657275253168818e-08,1.0389417495831922e-07,-1.6799897232249415e-08
2373.0,-8.876787083167414e-10,3.400105080224872e-09,-1.0358323911108247e-07,1.6781200756037082e-08,1.035870426174668e-07,-1.700871509288293e-08
2374.0,-8.610301638345419e-10,3.5077759420919e-09,-1.0323797714970051e-07,1.6986824840425265e-08,1.0324156768911018e-07,-1.7214634277445842e-08
2375.0,-7.669462842585517e-10,3.6159524688673326e-09,-1.0291279636809314e-07,1.718958804124519e-08,1.0291565411978657e-07,-1.7417617625587414e-08
2376.0,-6.23624291096192e-10,3.7245790899793877e-09,-1.0265813581503136e-07,1.738945482077772e-08,1.0266002998379589e-07,-1.7617629329939602e-08
2377.0,-4.130909780908354e-10,3.833598191035379e-09,-1.0249210732199421e-07,1.7586390847675688e-08,1.0249293979323337e-07,-1.781463493885436e-08
2378.0,-1.7362231097273195e-10,3.942950184446881e-09,-1.0240827535284991e-07,1.7780362994353653e-08,1.0240842253180152e-07,-1.8008601355634126e-08
2379.0,3.050373842405918e-11,4.052573586826359e-09,-1.023495238249017e-07,1.7971339331289152e-08,1.0234952837049215e-07,-1.8199496834249856e-08
2380.0,1.4356446587093785e-10,4.162405103030298e-09,-1.0223321333241442e-07,1.8159289118266694e-08,1.02233314135006e-07,-1.8387290971568483e-08
2381.0,1.4112133683852335e-10,4.27237971669998e-09,-1.0201888272706738e-07,1.834418279261816e-08,1.0201898033263634e-07,-1.8571954696135375e-08
2382.0,1.3411016741571302e-10,4.3824307871367335e-09,-1.0175413716131954e-07,1.8525991954527632e-08,1.0175422553870494e-07,-1.8753460253573256e-08
2383.0,2.400795395818278e-10,4.492490152341106e-09,-1.0151067077884823e-07,1.8704689349473748e-08,1.0151095468055179e-07,-1.8931781188665664e-08
2384.0,4.1600389799612003e-10,4.602488238039792e-09,-1.0131831596621454e-07,1.8880248847881642e-08,1.0131916999992071e-07,-1.910689232419372e-08
2385.0,5.741932207481426e-10,4.712354172515872e-09,-1.0113414452422864e-07,1.9052645422053556e-08,1.0113577451378083e-07,-1.9278769736593548e-08
2386.0,6.848364930700512e-10,4.822015907046561e-09,-1.0091597227659954e-07,1.9221855120446323e-08,1.0091829597032268e-07,-1.9447390728502645e-08
2387.0,7.07510133812761e-10,4.93140034174071e-09,-1.0067917865369536e-07,1.9387855039365563e-08,1.0068166459178232e-07,-1.961273379826681e-08
2388.0,6.674050201382897e-10,5.04043345655888e-09,-1.0047097791579529e-07,1.955062329215069e-08,1.0047319459844566e-07,-1.9774778606485254e-08
2389.0,6.626709181389856e-10,5.149040447291735e-09,-1.0033051132951609e-07,1.9710138975930964e-08,1.0033269973636663e-07,-1.993350593967941e-08
2390.0,6.961800858018563e-10,5.257145866264775e-09,-1.0026189859943524e-07,1.9866382136041594e-08,1.0026431557376383e-07,-2.0088897671181545e-08
2391.0,7.525647882644648e-10,5.364673767524518e-09,-1.0021932973433567e-07,2.0019333728199528e-08,1.0022215526598914e-07,-2.0240936719351706e-08
2392.0,7.95411736476126e-10,5.471547856240262e-09,-1.0012351995755675e-07,2.016897557854931e-08,1.0012667940425164e-07,-2.0389607003244123e-08
2393.0,7.998098572326029e-10,5.577691642025881e-09,-9.990666214806931e-08,2.031529034169618e-08,9.990986356399548e-08,-2.0534893395853017e-08
2394.0,7.732866569298835e-10,5.6830285958492204e-09,-9.955726135157938e-08,2.0458261456843657e-08,9.956026446369288e-08,-2.067678167506971e-08
2395.0,7.399974244481911e-10,5.7874823101532994e-09,-9.911062448172969e-08,2.059787310214601e-08,9.911338699361771e-08,-2.0815258472478268e-08
2396.0,6.917841022247018e-10,5.89097666176353e-09,-9.864189386143973e-08,2.0734110147377576e-08,9.864431960237565e-08,-2.0950311220110493e-08
2397.0,6.728540224987256e-10,5.99343597709668e-09,-9.822640439222097e-08,2.0866958105019123e-08,9.822870890101183e-08,-2.1081928095281512e-08
2398.0,7.147792080441917e-10,6.0947851991187105e-09,-9.794986622832513e-08,2.0996403079876214e-08,9.795247420797007e-08,-2.121009796364429e-08
2399.0,8.763954562063248e-10,6.194950055419062e-09,-9.787774119668358e-08,2.1122431717383004e-08,9.788166473227061e-08,-2.1334810320642146e-08
2400.0,1.1735222515962818e-09,6.293857226679366e-09,-9.800384866143208e-08,2.1245031150808214e-08,9.801087443201328e-08,-2.1456055231604137e-08
2401.0,1.6205055908269372e-09,6.3914345147191185e-09,-9.826258972472912e-08,2.136418894766297e-08,9.827595116700903e-08,-2.1573823270813673e-08
2402.0,2.124890596810758e-09,6.4876110092068155e-09,-9.854536372685962e-08,2.147989305570069e-08,9.856827010812087e-08,-2.1688105459973598e-08
2403.0,2.563679241118777e-09,6.582317252042954e-09,-9.872401844635004e-08,2.1592131748981933e-08,9.875729982865371e-08,-2.1798893206576037e-08
2404.0,2.8917810090955953e-09,6.67548539836291e-09,-9.876042823472875e-08,2.1700893574536574e-08,9.880275594593287e-08,-2.1906178242746846e-08
2405.0,3.169619205989349e-09,6.7670493730822925e-09,-9.870307113302168e-08,2.1806167300182885e-08,9.875395048807574e-08,-2.2009952565162886e-08
2406.0,3.442958529387141e-09,6.856945021919494e-09,-9.860172311623727e-08,2.190794186405498e-08,9.866181513091171e-08,-2.211020837663306e-08
2407.0,3.727783776108495e-09,6.94511025587829e-09,-9.848118886698898e-08,2.2006206326352422e-08,9.855171704509756e-08,-2.2206938029895973e-08
2408.0,3.9873168378168344e-09,7.031485188252998e-09,-9.835984669109843e-08,2.210094982376706e-08,9.844063254907257e-08,-2.230013397412724e-08
2409.0,4.160353700433106e-09,7.116012263325172e-09,-9.824348858045173e-08,2.2192161526971092e-08,9.833153914879018e-08,-2.2389788704576365e-08
2410.0,4.2081994555687174e-09,7.198636376050804e-09,-9.811812528431885e-08,2.2279830601473782e-08,9.820832679547665e-08,-2.2475894715673448e-08
2411.0,4.147010401744922e-09,7.27930498218774e-09,-9.798609350991638e-08,2.2363946172075154e-08,9.807381004430417e-08,-2.2558444457863225e-08
2412.0,4.048856194760475e-09,7.357968198479454e-09,-9.787167867814084e-08,2.2444497291066112e-08,9.795539149920794e-08,-2.2637430298340172e-08
2413.0,3.93847163215888e-09,7.434578892686204e-09,-9.778217532549482e-08,2.2521472910246125e-08,9.786146008609891e-08,-2.2712844485775393e-08
2414.0,3.792152453163666e-09,7.509092763428629e-09,-9.767697611851034e-08,2.2594861856753127e-08,9.77505605297692e-08,-2.278467911904396e-08
2415.0,3.5871763337524953e-09,7.581468409973572e-09,-9.751338540114896e-08,2.2664652812625784e-08,9.75793429289337e-08,-2.2852926119882045e-08
2416.0,3.320571373421899e-09,7.651667392240943e-09,-9.7276853142092e-08,2.2730834297945533e-08,9.733351093777581e-08,-2.291757720932588e-08
2417.0,2.9916342181302014e-09,7.719654281438752e-09,-9.695551139721204e-08,2.2793394657336485e-08,9.700165496314998e-08,-2.2978623887711416e-08
2418.0,2.6402116326540437e-09,7.785396701836661e-09,-9.65518878390248e-08,2.2852322049537235e-08,9.658797939052678e-08,-2.3036057417946445e-08
2419.0,2.2972029001255834e-09,7.84886536426132e-09,-9.611675534995645e-08,2.2907604439705843e-08,9.614420315426057e-08,-2.3089868811712078e-08
2420.0,2.0050716642572297e-09,7.910034091934266e-09,-9.573539414345356e-08,2.2959229594084015e-08,9.575638884263132e-08,-2.3140048818214408e-08
2421.0,1.8165580983886542e-09,7.96887983927107e-09,-9.547640097279375e-08,2.300718507663687e-08,9.549368055553474e-08,-2.318658791509761e-08
2422.0,1.8039262306146497e-09,8.025382704217392e-09,-9.537833929595951e-08,2.305145824730523e-08,9.539539693664823e-08,-2.322947630115176e-08
2423.0,1.9768984504953124e-09,8.079525934615596e-09,-9.544436186878502e-08,2.3092036261559887e-08,9.546483300159885e-08,-2.3268703890503478e-08
2424.0,2.251999170477248e-09,8.131295928981459e-09,-9.562309256916368e-08,2.312890607102672e-08,9.564960707057127e-08,-2.3304260308060144e-08
2425.0,2.5513534063215104e-09,8.180682231935495e-09,-9.582343722669417e-08,2.3162054425048227e-08,9.585739682539969e-08,-2.3336134886078662e-08
2426.0,2.792811176766108e-09,8.227677524391664e-09,-9.595339686349624e-08,2.319146787314782e-08,9.599403191820146e-08,-2.3364316661834565e-08
2427.0,2.979251317869469e-09,8.272277608471562e-09,-9.600328486347731e-08,2.32171327684561e-08,9.604950100335243e-08,-2.3388794376463524e-08
2428.0,3.1775005127077094e-09,8.314481386994599e-09,-9.603013829614926e-08,2.3239035272233986e-08,9.60826933983733e-08,-2.340955647512651e-08
2429.0,3.462173298052207e-09,8.354290837298604e-09,-9.608253572282455e-08,2.3257161359683832e-08,9.614489229737377e-08,-2.3426591108708815e-08
2430.0,3.8218274378554185e-09,8.391710979071421e-09,-9.616022522349055e-08,2.327149682727792e-08,9.623614331423082e-08,-2.343988613730346e-08
2431.0,4.1523734728432515e-09,8.426749835821852e-09,-9.624726779455806e-08,2.3282027301857576e-08,9.633679859417866e-08,-2.3449429135755e-08
2432.0,4.407666093220186e-09,8.459418389589817e-09,-9.633715968362933e-08,2.328873825176855e-08,9.643793784760445e-08,-2.3455207401552804e-08
2433.0,4.59277318953788e-09,8.489730528493906e-09,-9.642051534280993e-08,2.329161500029935e-08,9.652983655090059e-08,-2.3457207965363757e-08
2434.0,4.724064889272128e-09,8.517702986742371e-09,-9.649518564747162e-08,2.3290642741678908e-08,9.661075324319786e-08,-2.345541760448247e-08
2435.0,4.817200527362786e-09,8.543355276790253e-09,-9.657391503506418e-08,2.3285806559866843e-08,9.669398371212462e-08,-2.3449822859451725e-08
2436.0,4.881887449847966e-09,8.566709613406889e-09,-9.665561252758526e-08,2.327709145033488e-08,9.677882133067998e-08,-2.344041005406722e-08
2437.0,4.912498213771599e-09,8.58779082951896e-09,-9.672246193206946e-08,2.3264482344990882e-08,9.684713357090614e-08,-2.342716531892945e-08
2438.0,4.913161960606871e-09,8.60662628380894e-09,-9.676648738202176e-08,2.324796414033958e-08,9.689113602753418e-08,-2.3410074618642755e-08
2439.0,4.871783670923335e-09,8.623245760172831e-09,-9.675912256493224e-08,2.3227521728906253e-08,9.688169112722927e-08,-2.3389123782688445e-08
2440.0,4.751776944145192e-09,8.63768135927024e-09,-9.665541961245694e-08,2.320314003387339e-08,9.67721526297056e-08,-2.3364298539916693e-08
2441.0,4.52990611687909e-09,8.649967382530479e-09,-9.643715347118498e-08,2.317480404679786e-08,9.654348563757486e-08,-2.3335584556513674e-08
2442.0,4.1843534193120036e-09,8.660140209105769e-09,-9.613885190024041e-08,2.3142498868191638e-08,9.622986884660119e-08,-2.3302967477210186e-08
2443.0,3.758593575264868e-09,8.66823816638091e-09,-9.58257468236523e-08,2.3106209750669535e-08,9.589943055083659e-08,-2.326643296941312e-08
2444.0,3.3392830445233557e-09,8.674301394750186e-09,-9.556493884774198e-08,2.3065922144300693e-08,9.562326258930985e-08,-2.322596676987e-08
2445.0,3.0171592724226315e-09,8.678371707447646e-09,-9.540724878534523e-08,2.3021621743755793e-08,9.545494419287e-08,-2.3181554733428844e-08
2446.0,2.836894441582416e-09,8.680492446257912e-09,-9.536970220144769e-08,2.2973294536824826e-08,9.541188640869385e-08,-2.313318288343657e-08
2447.0,2.7785731215868026e-09,8.680708333936699e-09,-9.542689351216271e-08,2.2920926853892677e-08,9.546733721003035e-08,-2.3080837463331367e-08
2448.0,2.7718138617682797e-09,8.679065324134204e-09,-9.552669801363156e-08,2.2864505417997717e-08,9.556690319075873e-08,-2.302450498902378e-08
2449.0,2.7694623538909724e-09,8.675610449547337e-09,-9.562586738773304e-08,2.280401739515536e-08,9.566596278398041e-08,-2.296417230172034e-08
2450.0,2.7846327466107823e-09,8.670391668938073e-09,-9.57283922513319e-08,2.273945044469466e-08,9.576888462626239e-08,-2.2899826620912973e-08
2451.0,2.872456245084365e-09,8.663457713554878e-09,-9.584982703023104e-08,2.267079276942456e-08,9.589285868408102e-08,-2.2831455597329468e-08
2452.0,3.055849406852218e-09,8.654857933389337e-09,-9.598883861719476e-08,2.2598033165511812e-08,9.603746849368334e-08,-2.2759047365709602e-08
2453.0,3.3061701154579737e-09,8.644642143596184e-09,-9.614203563823587e-08,2.2521161072012543e-08,9.619886578071575e-08,-2.2682590597335185e-08
2454.0,3.567324657893778e-09,8.632860471307003e-09,-9.631103727036905e-08,2.244016662005255e-08,9.637708080923199e-08,-2.2602074552299135e-08
2455.0,3.803067305518937e-09,8.619563202982173e-09,-9.65047335585445e-08,2.2355040681696196e-08,9.657964029823248e-08,-2.2517489131546804e-08
2456.0,4.044738405317716e-09,8.604800632378846e-09,-9.673032524970537e-08,2.226577491857947e-08,9.68148528464576e-08,-2.2428824928761236e-08
2457.0,4.28942725783088e-09,8.588622909170136e-09,-9.698231668089918e-08,2.2172361830407402e-08,9.707712879455407e-08,-2.2336073282190495e-08
2458.0,4.51368928344742e-09,8.571079888235364e-09,-9.724169314911935e-08,2.2074794803428066e-08,9.734639324317564e-08,-2.2239226326528423e-08
2459.0,4.683531729110513e-09,8.552220979653905e-09,-9.748422930694334e-08,2.1973068158992878e-08,9.759667224360826e-08,-2.2138277044957606e-08
2460.0,4.7494910782042155e-09,8.532094999475733e-09,-9.76880493164245e-08,2.1867177202294073e-08,9.78034388186332e-08,-2.2033219321443415e-08
2461.0,4.72825584241221e-09,8.510750021408659e-09,-9.784661939710171e-08,2.1757118271333524e-08,9.796079486586757e-08,-2.1924047993329113e-08
2462.0,4.648660623107759e-09,8.488233229652082e-09,-9.794580872052316e-08,2.1642888786123173e-08,9.80560630022751e-08,-2.1810758904225245e-08
2463.0,4.503709488679064e-09,8.46459077321425e-09,-9.795584679506142e-08,2.1524487298048144e-08,9.805932551520004e-08,-2.1693348957113342e-08
2464.0,4.268894765457887e-09,8.439867622166811e-09,-9.785417376048655e-08,2.140191353924328e-08,9.794724490697045e-08,-2.1571816167499545e-08
2465.0,3.9131918816437405e-09,8.414107426408687e-09,-9.766411958669896e-08,2.1275168471747887e-08,9.774248475124621e-08,-2.1446159716363735e-08
2466.0,3.4694425388170913e-09,8.387352377622687e-09,-9.745286460791092e-08,2.114425433611996e-08,9.751460327467866e-08,-2.131638000256225e-08
2467.0,3.0272631623695645e-09,8.359643075204355e-09,-9.729370534922177e-08,2.100917469911838e-08,9.734079012847298e-08,-2.118247869426649e-08
2468.0,2.6429211041900658e-09,8.331018397014076e-09,-9.72318922806692e-08,2.086993450000887e-08,9.726780509728094e-08,-2.1044458778964883e-08
2469.0,2.369348939268434e-09,8.30151537584232e-09,-9.726458484807243e-08,2.072654009502289e-08,9.729343903914536e-08,-2.090232461152834e-08
2470.0,2.1711892284059786e-09,8.271169082478383e-09,-9.735993024284628e-08,2.0578999299500532e-08,9.738413669359831e-08,-2.0756081959841768e-08
2471.0,2.023763656655575e-09,8.24001251623436e-09,-9.747707375648562e-08,2.0427321427276117e-08,9.749807960911506e-08,-2.0605738047533827e-08
2472.0,1.901930474224045e-09,8.20807650370251e-09,-9.75926297656915e-08,2.0271517326912355e-08,9.761116085833686e-08,-2.0451301593387233e-08
2473.0,1.8322094119671561e-09,8.175389606422388e-09,-9.772517150716253e-08,2.0111599414449095e-08,9.774234567184088e-08,-2.0292782847075873e-08
2474.0,1.8713503802114673e-09,8.141978038011562e-09,-9.789779474578264e-08,1.9947581702400103e-08,9.791567886877415e-08,-2.0130193620946702e-08
2475.0,2.0012499435395625e-09,8.107865591177099e-09,-9.810552913103177e-08,1.977947982480252e-08,9.812593870845894e-08,-1.996354731764004e-08
2476.0,2.17200871177603e-09,8.073073574880618e-09,-9.832277279853141e-08,1.9607311058196307e-08,9.834676035658551e-08,-1.9792858953419235e-08
2477.0,2.34298105916686e-09,8.037620761784686e-09,-9.854040535980935e-08,1.9431094338482982e-08,9.856825578612598e-08,-1.9618145177157398e-08
2478.0,2.5138335579821813e-09,8.00152334597051e-09,-9.87793508863688e-08,1.9250850273682132e-08,9.881133295674948e-08,-1.9439424285002296e-08
2479.0,2.7146447034720467e-09,7.96479491079363e-09,-9.906168738083032e-08,1.906660115266815e-08,9.909887588970647e-08,-1.9256716230808544e-08
2480.0,2.9427908998513885e-09,7.927446406640539e-09,-9.939398121563969e-08,1.887837095002656e-08,9.943753577083045e-08,-1.9070042632486766e-08
2481.0,3.1606562922448234e-09,7.889486138268326e-09,-9.976340422865326e-08,1.8686185327217872e-08,9.981345886946999e-08,-1.887942677447069e-08
2482.0,3.33858937717757e-09,7.850919761353374e-09,-1.0014044232037334e-07,1.849007163027427e-08,1.0019607959970002e-07,-1.868489360654287e-08
2483.0,3.4647311408786408e-09,7.81175028784553e-09,-1.0048820544075743e-07,1.8290058884278103e-08,1.0054791790277134e-07,-1.8486469739284846e-08
2484.0,3.5437369427793186e-09,7.771978099721754e-09,-1.0080084474756168e-07,1.8086177784877614e-08,1.0086311701182773e-07,-1.8284183436424596e-08
2485.0,3.5686375243759727e-09,7.73160097075695e-09,-1.0106609519069942e-07,1.7878460687082565e-08,1.011290797489817e-07,-1.8078064604341357e-08
2486.0,3.517589913792918e-09,7.690614095976698e-09,-1.012560562722864e-07,1.766694159155054e-08,1.0131713759585813e-07,-1.7868144778954803e-08
2487.0,3.348152616267086e-09,7.649010128522315e-09,-1.01332808359611e-07,1.745165612852557e-08,1.013881066791735e-07,-1.765445711017523e-08
2488.0,3.0660314009889333e-09,7.606779223737293e-09,-1.0130506257824412e-07,1.723264153952907e-08,1.0135144918812856e-07,-1.7437036344027624e-08
2489.0,2.714078184418156e-09,7.563909090368787e-09,-1.0123486802668391e-07,1.7009936656835157e-08,1.0127124332588813e-07,-1.7215918802492167e-08
2490.0,2.3595288778377466e-09,7.520385048859703e-09,-1.0119896527716055e-07,1.6783581880696358e-08,1.0122646862206196e-07,-1.6991142361035977e-08
2491.0,2.0439279158068757e-09,7.476190096776571e-09,-1.0124030483046886e-07,1.6553619154231026e-08,1.012609350316857e-07,-1.6762746423753836e-08
2492.0,1.770801949518841e-09,7.431304981467133e-09,-1.0135946377359817e-07,1.632009193584709e-08,1.0137493100375349e-07,-1.6530771895998252e-08
2493.0,1.5152279153607395e-09,7.385708280063661e-09,-1.0151978892605773e-07,1.6083045169062817e-08,1.015310960210063e-07,-1.6295261154364292e-08
2494.0,1.2731478926664153e-09,7.339376486941389e-09,-1.0168793468379178e-07,1.5842525249592362e-08,1.0169590437088262e-07,-1.605625801390209e-08
2495.0,1.0541597039726014e-09,7.292284108707263e-09,-1.0185882495794552e-07,1.5598579989588573e-08,1.018642796788691e-07,-1.5813807692455092e-08
2496.0,9.108838683324905e-10,7.2444037667352194e-09,-1.0205237956778523e-07,1.535125857897261e-08,1.0205644460233218e-07,-1.5567956772060264e-08
2497.0,8.814327046025028e-10,7.19570630718309e-09,-1.0228468695291926e-07,1.5100611543825426e-08,1.0228848473151527e-07,-1.5318753157393416e-08
2498.0,9.472883311101299e-10,7.146160918326918e-09,-1.0254507566004323e-07,1.4846690701867615e-08,1.0254945098490897e-07,-1.5066246031295508e-08
2499.0,1.0530345762038706e-09,7.095735254935593e-09,-1.0281195925859743e-07,1.4589549115109588e-08,1.0281735188386335e-07,-1.4810485807472833e-08
2500.0,1.1542080069482097e-09,7.044395569289798e-09,-1.0308421208998775e-07,1.432924103981128e-08,1.0309067357591995e-07,-1.4551524080522897e-08
2501.0,1.254366860381495e-09,6.992106848332403e-09,-1.0338380218924414e-07,1.4065821873947908e-08,1.0339141159363859e-07,-1.4289413573496234e-08
2502.0,1.3772649132270942e-09,6.9388329563304445e-09,-1.0373606254901468e-07,1.379934810243293e-08,1.0374520486178767e-07,-1.402420808326023e-08
2503.0,1.5415795862061543e-09,6.8845367823367935e-09,-1.0414555097135181e-07,1.3529877240399847e-08,1.0415695970383854e-07,-1.3755962423982339e-08
2504.0,1.7127202989186685e-09,6.82918039166568e-09,-1.0458279364397582e-07,1.3257467774888798e-08,1.0459681705100188e-07,-1.3484732369094964e-08
2505.0,1.8584432881496582e-09,6.772725180542311e-09,-1.0501463375278686e-07,1.2982179105319065e-08,1.050310768948278e-07,-1.3210574592139572e-08
2506.0,1.9675358009507704e-09,6.71513203305493e-09,-1.0541840683025994e-07,1.2704071483151061e-08,1.0543676633773543e-07,-1.293354660690996e-08
2507.0,2.062947757064393e-09,6.656361479529306e-09,-1.0579206146180131e-07,1.2423205951147753e-08,1.0581217331567254e-07,-1.2653706707320356e-08
2508.0,2.1433176344842764e-09,6.596373855461494e-09,-1.0613481541202341e-07,1.2139644282633843e-08,1.0615645459898599e-07,-1.2371113907411386e-08
2509.0,2.179512514910442e-09,6.535129460183446e-09,-1.0642841770033828e-07,1.185344892112117e-08,1.064507321205464e-07,-1.2085827881875854e-08
2510.0,2.1198906519082072e-09,6.472588714495941e-09,-1.0663992186174531e-07,1.1564682920623445e-08,1.0666099039037277e-07,-1.1797908907438972e-08
2511.0,1.9100722392639824e-09,6.408712316581231e-09,-1.0676738461390389e-07,1.1273409886925242e-08,1.0678446887657628e-07,-1.1507417805367501e-08
2512.0,1.599196830515126e-09,6.343461395600019e-09,-1.0685069707153105e-07,1.0979693920004382e-08,1.0686266370989834e-07,-1.1214415885314221e-08
2513.0,1.3001008880575426e-09,6.27679766247743e-09,-1.0695381625139277e-07,1.0683599557739344e-08,1.069617177921887e-07,-1.0918964890634043e-08
2514.0,1.0527619331845983e-09,6.208683557481901e-09,-1.0712549494348855e-07,1.0385191720970815e-08,1.071306677594019e-07,-1.0621126945243334e-08
2515.0,8.491293779222531e-10,6.139082394290096e-09,-1.0736301740352228e-07,1.0084535659934948e-08,1.0736637521444727e-07,-1.0320964502040198e-08
2516.0,6.521499729128521e-10,6.0679585003034654e-09,-1.076229415308827e-07,9.781696902048626e-09,1.0762491739066268e-07,-1.0018540292864213e-08
2517.0,4.2185377413517244e-10,5.995277353035333e-09,-1.078668063619892e-07,9.47674120100348e-09,1.0786763126787213e-07,-9.713917279949185e-09
2518.0,1.6238271838275864e-10,5.921005712422581e-09,-1.0808150086027979e-07,9.169734487113115e-09,1.0808162284291391e-07,-9.407158608808495e-09
2519.0,-6.506226113422997e-11,5.845111748934987e-09,-1.0828649067012863e-07,8.860742818852574e-09,1.0828651021595293e-07,-9.09832756248641e-09
2520.0,-2.2295870705235643e-10,5.767565167358902e-09,-1.0850038891299651e-07,8.549832335529656e-09,1.0850061799297065e-07,-8.787487517107769e-09
2521.0,-2.9818442159879055e-10,5.688337326120369e-09,-1.0872631332758953e-07,8.237069211033092e-09,1.0872672221564695e-07,-8.47470189866332e-09
2522.0,-3.302883799793932e-10,5.607401351986533e-09,-1.0896348644207077e-07,7.922519608614633e-09,1.089639870233523e-07,-8.160034140978724e-09
2523.0,-3.8155925641270017e-10,5.5247322499462205e-09,-1.0922345354200114e-07,7.606249636681004e-09,1.0922412000610413e-07,-7.843547644833456e-09
2524.0,-4.3577566555264013e-10,5.440307008025694e-09,-1.0953481578701574e-07,7.2883253055978314e-09,1.0953568263322304e-07,-7.525305738220983e-09
2525.0,-4.2112052733855876e-10,5.354104696749242e-09,-1.0991751793129612e-07,6.9688124855398845e-09,1.0991832463550083e-07,-7.205371637772871e-09
2526.0,-3.209927323943873e-10,5.266106562910533e-09,-1.1036134667241626e-07,6.64777686545829e-09,1.1036181348493461e-07,-6.883808411405028e-09
2527.0,-1.7848458822022906e-10,5.176296117282564e-09,-1.1083142282403147e-07,6.3252839132727704e-09,1.1083156654106932e-07,-6.560678942280761e-09
2528.0,-6.119962869810536e-11,5.084659215864782e-09,-1.1128660470233198e-07,6.0013988374308574e-09,1.1128662153002782e-07,-6.23604589421836e-09
2529.0,-7.839784377239312e-12,4.991184134250164e-09,-1.1169802921484617e-07,5.676186550001033e-09,1.1169802948997286e-07,-5.909971678695203e-09
2530.0,-9.231476694182561e-12,4.895861634697215e-09,-1.1207281038622119e-07,5.349711631478967e-09,1.1207281076642118e-07,-5.582518423612071e-09
2531.0,-7.181960581803537e-11,4.7986850255147385e-09,-1.1242760995094914e-07,5.022038297483384e-09,1.1242763289039993e-07,-5.253747943977903e-09
2532.0,-1.566271001784969e-10,4.699650212410061e-09,-1.1274792155804847e-07,4.693230367500548e-09,1.1274803034957357e-07,-4.9237217146576146e-09
2533.0,-2.393780451637184e-10,4.5987557415106555e-09,-1.1300386235091331e-07,4.3633512358073105e-09,1.1300411588996512e-07,-4.592500845296014e-09
2534.0,-3.647268598250264e-10,4.496002833839947e-09,-1.1320417806978678e-07,4.032463844664606e-09,1.1320476561584442e-07,-4.260146057492742e-09
2535.0,-5.580436668317645e-10,4.391395411106104e-09,-1.1337809059999704e-07,3.7006306598308315e-09,1.1337946392903447e-07,-3.926717664260621e-09
2536.0,-8.027386255715641e-10,4.284940112744176e-09,-1.1358066061631367e-07,3.367913648401613e-09,1.1358349728432917e-07,-3.5922755517570906e-09
2537.0,-1.0333969790998765e-09,4.176646304233757e-09,-1.1384405606065795e-07,3.0343742589441032e-09,1.1384874619273874e-07,-3.2568791632402708e-09
2538.0,-1.2724071518643854e-09,4.066526076792581e-09,-1.1415734945535716e-07,2.700073403863881e-09,1.1416444041220825e-07,-2.9205874851715304e-09
2539.0,-1.55624077513572e-09,3.954594238617103e-09,-1.1446508488624496e-07,2.365071443922338e-09,1.144756635419313e-07,-2.5834590353666065e-09
2540.0,-1.834483759344252e-09,3.8408682979006955e-09,-1.1473071202458551e-07,2.029428174810674e-09,1.1474537730266814e-07,-2.245551853086359e-09
2541.0,-2.0881494033897496e-09,3.725368437906139e-09,-1.1495867560662454e-07,1.6932028156812864e-09,1.1497763897889019e-07,-1.9069234909532346e-09
2542.0,-2.3030835571979935e-09,3.6081174844003516e-09,-1.1516681478959678e-07,1.3564539995354097e-09,1.1518984079619489e-07,-1.5676310085782693e-09
2543.0,-2.4715285096288397e-09,3.4891408657746276e-09,-1.1539892542933305e-07,1.019239765367709e-09,1.1542538907631491e-07,-1.227730967785593e-09
2544.0,-2.6412147191567925e-09,3.3684665661736125e-09,-1.1567762326497588e-07,6.816175519754831e-10,1.157077721651678e-07,-8.872794293287405e-10
2545.0,-2.8135864194034355e-09,3.2461250719427383e-09,-1.1597797311066471e-07,3.4364419335410625e-10,1.1601209641842318e-07,-5.463319510071746e-10
2546.0,-2.988799707726031e-09,3.1221493116796742e-09,-1.1628898862955928e-07,5.375915622311484e-12,1.1632739058441339e-07,-2.0494358711342047e-10
2547.0,-3.1050154392087137e-09,2.996574590143292e-09,-1.1664440610278937e-07,-3.3313166455030237e-10,1.1668572575919546e-07,1.3683111083011836e-10
2548.0,-3.0676031992360464e-09,2.8694385162357595e-09,-1.1704379801122378e-07,-6.718235400079876e-10,1.170839905464454e-07,4.789380920525072e-10
2549.0,-2.9624323549803933e-09,2.740780925231599e-09,-1.1747456209881824e-07,-1.0106453116253446e-09,1.1751190895295224e-07,8.213238032069778e-10
2550.0,-2.842560853366649e-09,2.6106437953856e-09,-1.1792151006009832e-07,-1.3495431852018866e-09,1.1795576580675895e-07,1.163935183675008e-09
2551.0,-2.78580733481526e-09,2.4790711590155926e-09,-1.1836986716501352e-07,-1.688463966632505e-09,1.1840264429128961e-07,1.5067196594134037e-09
2552.0,-2.827478140510209e-09,2.346109008133763e-09,-1.1881068594579713e-07,-2.0273550552317226e-09,1.1884432560095539e-07,1.8496251352355487e-09
2553.0,-2.885365779636828e-09,2.2118051946970267e-09,-1.1922344527945383e-07,-2.366164435080956e-09,1.1925835501123275e-07,2.1925999854084133e-09
2554.0,-2.9401419354702085e-09,2.0762093255645673e-09,-1.1960334912741732e-07,-2.7048406642722344e-09,1.1963948159823992e-07,2.5355930424495265e-09
2555.0,-3.008572779794605e-09,1.9393726522863385e-09,-1.1994999249767546e-07,-3.0433328619394544e-09,1.1998771691453973e-07,2.8785535840236778e-09
2556.0,-3.1369761233079885e-09,1.801347955896116e-09,-1.20256610225411e-07,-3.3815906929979553e-09,1.2029751835389053e-07,3.2214313178662944e-09
2557.0,-3.3612461147747297e-09,1.6621894269427464e-09,-1.205234691284418e-07,-3.7195643505530187e-09,1.205703304557077e-07,3.564176364697381e-09
2558.0,-3.611415944071439e-09,1.5219525410606956e-09,-1.2076464575919155e-07,-4.057204535984403e-09,1.208186326295084e-07,3.9067392391332144e-09
2559.0,-3.824206590286039e-09,1.3806939304522945e-09,-1.2101900781144592e-07,-4.394462436763859e-09,1.2107941529307117e-07,4.249070828649474e-09
2560.0,-3.987958324680463e-09,1.238471251724778e-09,-1.2130259766443552e-07,-4.731289702111887e-09,1.213681342517026e-07,4.591122370695358e-09
2561.0,-4.184980029187102e-09,1.095343050590867e-09,-1.215916114218063e-07,-5.067638416645845e-09,1.2166361011410205e-07,4.932845428100604e-09
2562.0,-4.424451527373918e-09,9.513686239997874e-10,-1.2185864128183566e-07,-5.403461072212279e-09,1.2193893646564736e-07,5.274191862954935e-09
2563.0,-4.725054181253796e-09,8.066078803160033e-10,-1.2209259869430666e-07,-5.738710538131598e-09,1.221839956497773e-07,5.6151138091715545e-09
2564.0,-5.046664780516963e-09,6.61121198205611e-10,-1.223128787732064e-07,-6.073340030113587e-09,1.224169479246889e-07,5.955563643973758e-09
2565.0,-5.337782410519409e-09,5.14969284924047e-10,-1.2254331957159414e-07,-6.407303078127385e-09,1.226595169266857e-07,6.295493958566306e-09
2566.0,-5.5710882296278186e-09,3.682130347206581e-10,-1.2279019668756663e-07,-6.740553493528708e-09,1.2291651405174813e-07,6.634857528269994e-09
2567.0,-5.781290696171837e-09,2.2091338808290866e-10,-1.230424354591031e-07,-7.073045335758607e-09,1.2317818088371494e-07,6.9736072824077335e-09
2568.0,-5.982989964570251e-09,7.313119253448787e-11,-1.232894637701043e-07,-7.404732878930985e-09,1.2343454964326644e-07,7.3116962742325e-09
2569.0,-6.190884138668196e-09,-7.507293432146289e-11,-1.235400321000779e-07,-7.735570578620868e-09,1.2369505478274665e-07,7.649077651181586e-09
2570.0,-6.367353949654486e-09,-2.236387388576636e-10,-1.2382637918154082e-07,-8.065513039152008e-09,1.2398998095624868e-07,7.985704625728538e-09
2571.0,-6.538238894737702e-09,-3.7250646196430967e-10,-1.2417445680382166e-07,-8.3945149816621e-09,1.243464687490917e-07,8.321530447084379e-09
2572.0,-6.659483270388122e-09,-5.216169655161807e-10,-1.245623649677452e-07,-8.722531213197557e-09,1.2474025606750346e-07,8.656508373974472e-09
2573.0,-6.6722534441954195e-09,-6.709118542614075e-10,-1.2494386343597785e-07,-9.049516597059177e-09,1.2512189247422636e-07,8.99059164868812e-09
2574.0,-6.646777905849888e-09,-8.203335926884603e-10,-1.2530115751224757e-07,-9.375426024588594e-09,1.254773275553746e-07,9.32373347256817e-09
2575.0,-6.70346575470937e-09,-9.698256164881432e-10,-1.2566510757677785e-07,-9.70021438855634e-09,1.2584377503638274e-07,9.655886983080609e-09
2576.0,-6.761161325252729e-09,-1.1193324382827679e-09,-1.2604161654661272e-07,-1.002383655828868e-08,1.2622282837961385e-07,9.987005232581928e-09
2577.0,-6.700231452994032e-09,-1.2687997473405675e-09,-1.2641956633613338e-07,-1.0346247356653279e-08,1.2659699780855673e-07,1.031704116888608e-08
2578.0,-6.700883570243121e-09,-1.4181745030271089e-09,-1.2676629638358472e-07,-1.0667401539013523e-08,1.269432776456981e-07,1.06459476177231e-08
2579.0,-6.8740957093194055e-09,-1.567405021765821e-09,-1.270449630323689e-07,-1.098725377425793e-08,1.2723079746553843e-07,1.0973677267178042e-08
2580.0,-7.186481743026718e-09,-1.7164410572864593e-09,-1.272520047147785e-07,-1.1305758628014527e-08,1.2745476932532914e-07,1.1300182654201435e-08
2581.0,-7.544205954390648e-09,-1.865233873934693e-09,-1.2744181193680149e-07,-1.162287054816864e-08,1.276649148091101e-07,1.1625416153289695e-08
2582.0,-7.801436996413003e-09,-2.0137363128029218e-09,-1.276710301194306e-07,-1.193854385281369e-08,1.2790916445261285e-07,1.1949329967443259e-08
2583.0,-7.97466684354653e-09,-2.161902850430547e-09,-1.2793903975127918e-07,-1.2252732720773562e-08,1.2818733636262575e-07,1.2271876121517677e-08
2584.0,-8.124081352089974e-09,-2.309689649819018e-09,-1.282199764141012e-07,-1.2565391184838885e-08,1.284770915356043e-07,1.2593006458085476e-08
2585.0,-8.332534134902758e-09,-2.4570546035165323e-09,-1.2847646234034893e-07,-1.2876473127855793e-08,1.2874638830118854e-07,1.2912672635922774e-08
2586.0,-8.613683183389398e-09,-2.60395736854759e-09,-1.2869256581574118e-07,-1.3185932281796109e-08,1.289805102882706e-07,1.3230826131225392e-08
2587.0,-8.902848069869407e-09,-2.750359392990525e-09,-1.2890231436066268e-07,-1.34937222299233e-08,1.2920939343287036e-07,1.3547418241645544e-08
2588.0,-9.133783035464305e-09,-2.896223934040109e-09,-1.2914548248171842e-07,-1.3799796412149992e-08,1.2946807188637196e-07,1.386240009322334e-08
2589.0,-9.335586026448794e-09,-3.0415160674338766e-09,-1.294116536258716e-07,-1.4104108133659992e-08,1.2974794511143437e-07,1.4175722650266507e-08
2590.0,-9.567122649656312e-09,-3.1862026881721813e-09,-1.2966379840662068e-07,-1.4406610576839523e-08,1.300162699550573e-07,1.448733672820635e-08
2591.0,-9.810696949275055e-09,-3.3302525025238477e-09,-1.298790996626109e-07,-1.4707256816528557e-08,1.3024910864877706e-07,1.479719300942806e-08
2592.0,-1.0007133816047897e-08,-3.4736360113808943e-09,-1.3010860313092398e-07,-1.5005999838564903e-08,1.3049287848726678e-07,1.5105242062039637e-08
2593.0,-1.0137524236730755e-08,-3.6163254851058408e-09,-1.303942965789895e-07,-1.53027925615514e-08,1.3078777457384835e-07,1.541143436150685e-08
2594.0,-1.018643344674608e-08,-3.7582949301023525e-09,-1.3074132461030064e-07,-1.5597587861730824e-08,1.3113755140012715e-07,1.5715720315041805e-08
2595.0,-1.012358599727925e-08,-3.899520047432769e-09,-1.311243982837773e-07,-1.5890338600804328e-08,1.3151461827008804e-07,1.601805028859058e-08
2596.0,-1.006007510628848e-08,-4.039978183900459e-09,-1.315216277483766e-07,-1.6180997656479333e-08,1.3190581365780174e-07,1.6318374636222297e-08
2597.0,-9.990593685671456e-09,-4.179648276104794e-09,-1.3191682480401257e-07,-1.6469517955485503e-08,1.3229459788126166e-07,1.661664373168122e-08
2598.0,-9.934863542948591e-09,-4.3185107880548925e-09,-1.3229548199295005e-07,-1.675585250875698e-08,1.3266799187959385e-07,1.691280800182922e-08
2599.0,-9.90037490877782e-09,-4.456547642988836e-09,-1.326776586998979e-07,-1.7039954448449518e-08,1.3304652773154566e-07,1.720681796168071e-08
2600.0,-9.907875853087944e-09,-4.593742150084202e-09,-1.3305267940882937e-07,-1.7321777066444225e-08,1.3342106843294625e-07,1.7498624250718476e-08
2601.0,-9.953609297896904e-09,-4.7300789267623e-09,-1.3336780156289474e-07,-1.7601273853986453e-08,1.3373871852150687e-07,1.778817767017705e-08
2602.0,-1.002393912319377e-08,-4.865543817283594e-09,-1.3359891064615437e-07,-1.7878398542118617e-08,1.339744314463944e-07,1.8075429220990303e-08
2603.0,-1.019599779605862e-08,-5.000123808307738e-09,-1.3376952495355865e-07,-1.815310514258815e-08,1.3415753492576546e-07,1.8360330142120743e-08
2604.0,-1.0399369781977086e-08,-5.133806942052093e-09,-1.33933287189969e-07,-1.8425347988943738e-08,1.3433641468110206e-07,1.864283194901725e-08
2605.0,-1.0557955815171383e-08,-5.2665822276317575e-09,-1.341408115244913e-07,-1.869508177756998e-08,1.3455566783842372e-07,1.8922886471981333e-08
2606.0,-1.0722914861593935e-08,-5.3984395511071516e-09,-1.3440070361844803e-07,-1.896226160844797e-08,1.348277791712928e-07,1.9200445894255252e-08
2607.0,-1.0905710751130115e-08,-5.5293695847065e-09,-1.3466291527014507e-07,-1.9226843025462555e-08,1.351037944546399e-07,1.9475462789674545e-08
2608.0,-1.1153260676133314e-08,-5.659363695633206e-09,-1.3486773692977794e-07,-1.9488782056106195e-08,1.3532812600590304e-07,1.9747890159752522e-08
2609.0,-1.1477866324050012e-08,-5.788413854813814e-09,-1.3502086175856687e-07,-1.9748035250454623e-08,1.3550783935027075e-07,2.0017681470085834e-08
2610.0,-1.178867867213107e-08,-5.916512545892401e-09,-1.3517950213717822e-07,-2.000455971931342e-08,1.3569255964455137e-07,2.0284790685990694e-08
2611.0,-1.2061119880613091e-08,-6.043652674734683e-09,-1.3536477988865259e-07,-2.0258313171456603e-08,1.359010457909647e-07,2.054917230729835e-08
2612.0,-1.2233998786248534e-08,-6.169827479673856e-09,-1.3555289985964225e-07,-2.0509253949896952e-08,1.3610385514988226e-07,2.081078140225535e-08
2613.0,-1.237655100627677e-08,-6.295030442713064e-09,-1.3570877972421402e-07,-2.0757341067141057e-08,1.3627197771018889e-07,2.1069573640486586e-08
2614.0,-1.2573243002300671e-08,-6.419255201896747e-09,-1.358486247313162e-07,-2.100253423938912e-08,1.3642923176865315e-07,2.1325505324986845e-08
2615.0,-1.2740074745165586e-08,-6.5424954650722076e-09,-1.359952075466464e-07,-2.1244793919640363e-08,1.3659065114482703e-07,2.1578533423109058e-08
2616.0,-1.2835356610896298e-08,-6.664744925279839e-09,-1.3618381219243636e-07,-2.1484081329659438e-08,1.3678734255256829e-07,2.1828615596514462e-08
2617.0,-1.2905101404170338e-08,-6.785997178032694e-09,-1.3643138424557222e-07,-2.1720358490747176e-08,1.3704037452303935e-07,2.2075710230040754e-08
2618.0,-1.2916894137626755e-08,-6.906245640771405e-09,-1.3673114637041683e-07,-2.1953588253240415e-08,1.3733991605476904e-07,2.2319776459428992e-08
2619.0,-1.292624740578674e-08,-7.025483474806473e-09,-1.3706118635187226e-07,-2.2183734324642142e-08,1.3766937450347577e-07,2.2560774197830004e-08
2620.0,-1.2944109256673997e-08,-7.143703510083099e-09,-1.3738620781994504e-07,-2.241076129625844e-08,1.3799463780739394e-07,2.2798664160989276e-08
2621.0,-1.2921355346806607e-08,-7.26089817312039e-09,-1.3769687100262384e-07,-2.263463466819699e-08,1.3830180659670242e-07,2.303340789099034e-08
2622.0,-1.2899005974453814e-08,-7.377059418483307e-09,-1.3797902606582646e-07,-2.285532087256784e-08,1.3858064796068394e-07,2.3264967778424072e-08
2623.0,-1.2953295241979745e-08,-7.492178664140497e-09,-1.382172967502593e-07,-2.3072787294723287e-08,1.3882294111052083e-07,2.3493307082847835e-08
2624.0,-1.3068474469246638e-08,-7.606246731042695e-09,-1.3840129394968037e-07,-2.328700229238128e-08,1.3901691692703872e-07,2.37183899514052e-08
2625.0,-1.3211426785897373e-08,-7.719253787224949e-09,-1.385457468958129e-07,-2.349793521249426e-08,1.3917422814816605e-07,2.394018143549216e-08
2626.0,-1.335735250185266e-08,-7.831189296693281e-09,-1.386911637896171e-07,-2.370555640575072e-08,1.3933290271568e-07,2.4158647505377875e-08
2627.0,-1.3474888843623134e-08,-7.942041973306319e-09,-1.3888315687424213e-07,-2.3909837238626047e-08,1.3953531414198825e-07,2.4373755062713276e-08
2628.0,-1.3589929653834432e-08,-8.051799739809063e-09,-1.3911595450610825e-07,-2.411075010292945e-08,1.3977816348107364e-07,2.458547195088638e-08
2629.0,-1.3706992207929147e-08,-8.16044969212241e-09,-1.393550105761865e-07,-2.4308268422822368e-08,1.4002749947091564e-07,2.4793766963207452e-08
2630.0,-1.3838091866835711e-08,-8.26797806893956e-09,-1.3954353966436073e-07,-2.450236665931131e-08,1.402280009433708e-07,2.499860984893024e-08
2631.0,-1.4003473686186041e-08,-8.37437022662906e-09,-1.3966016550875926e-07,-2.4693020312246323e-08,1.4036046133157917e-07,2.5199971317139113e-08
2632.0,-1.421876313911774e-08,-8.479610619394042e-09,-1.3972769618078584e-07,-2.488020591988645e-08,1.4044928730754146e-07,2.539782303855779e-08
2633.0,-1.4460141584127228e-08,-8.58368278458904e-09,-1.3978477956741453e-07,-2.5063901056125962e-08,1.405307094315818e-07,2.559213764536352e-08
2634.0,-1.4653989327539918e-08,-8.68656933305158e-09,-1.3986114227176882e-07,-2.5244084325506706e-08,1.4062673472983582e-07,2.578288872911804e-08
2635.0,-1.4817518850795963e-08,-8.788251944268432e-09,-1.3995485773077299e-07,-2.5420735356169e-08,1.4073706358786444e-07,2.597005083695055e-08
2636.0,-1.498249571629806e-08,-8.888711366168361e-09,-1.4005234330594085e-07,-2.5593834790912575e-08,1.408514609202688e-07,2.615359946614447e-08
2637.0,-1.5172760714499134e-08,-8.987927419315853e-09,-1.4014331893227872e-07,-2.5763364276548837e-08,1.4096227335373758e-07,2.633351105728825e-08
2638.0,-1.536288185555179e-08,-9.085879005272667e-09,-1.4025100150694136e-07,-2.592930645172645e-08,1.410899059557689e-07,2.650976298615092e-08
2639.0,-1.5490453919575486e-08,-9.182544118895588e-09,-1.404110974538575e-07,-2.6091644933404767e-08,1.4126298330005338e-07,2.6682333554436252e-08
2640.0,-1.5529451002915806e-08,-9.277899864348434e-09,-1.406185162165785e-07,-2.6250364302135607e-08,1.414734284288188e-07,2.6851201979556696e-08
2641.0,-1.5536487069089944e-08,-9.37192247462365e-09,-1.4082703945345054e-07,-2.6405450086294785e-08,1.4168146481340357e-07,2.7016348383551607e-08
2642.0,-1.558656070876907e-08,-9.464587334391776e-09,-1.4101453873691105e-07,-2.6556888745383072e-08,1.4187332733784718e-07,2.7177753781255364e-08
2643.0,-1.5655822721560853e-08,-9.555869006021872e-09,-1.4117331421578672e-07,-2.6704667652495687e-08,1.420387603147753e-07,2.7335400067803364e-08
2644.0,-1.5712085271735177e-08,-9.64574125863868e-09,-1.4131474099232655e-07,-2.684877507604233e-08,1.4218553247540558e-07,2.7489270005549564e-08
2645.0,-1.5757306404129423e-08,-9.73417710010037e-09,-1.4143602699787095e-07,-2.698920016078772e-08,1.4231107630137612e-07,2.7639347210459363e-08
2646.0,-1.5816152748593382e-08,-9.821148811793936e-09,-1.4154395631266192e-07,-2.7125932908275225e-08,1.4242486530240283e-07,2.778561613803568e-08
2647.0,-1.5889552784642547e-08,-9.906627986154048e-09,-1.4165022163212249e-07,-2.7258964156691938e-08,1.4253863748515825e-07,2.79280620688331e-08
2648.0,-1.5966949984402845e-08,-9.990585566816017e-09,-1.4176851069816476e-07,-2.7388285560231064e-08,1.4266483139645902e-07,2.806667109361267e-08
2649.0,-1.6056826313004535e-08,-1.0072991891314922e-08,-1.4190094632660077e-07,-2.751388956800522e-08,1.4280651329554554e-07,2.820143009818802e-08
2650.0,-1.614535077854029e-08,-1.01538167362413e-08,-1.420474447129394e-07,-2.7635769402561814e-08,1.4296205406064117e-07,2.833232674801067e-08
2651.0,-1.621192635692381e-08,-1.023302936476025e-08,-1.4219835664519564e-07,-2.7753919038049056e-08,1.4311952762916938e-07,2.8459349472539252e-08
2652.0,-1.6256405582781852e-08,-1.0310598576396198e-08,-1.4233363062818305e-07,-2.786833317807965e-08,1.4325897225050844e-07,2.85824874494352e-08
2653.0,-1.6326331592209087e-08,-1.0386492758980277e-08,-1.4242151817264737e-07,-2.797900723333959e-08,1.4335423935782467e-07,2.8701730588627092e-08
2654.0,-1.646625069628982e-08,-1.0460679942651445e-08,-1.424623625075061e-07,-2.8085937298993406e-08,1.4341081599103027e-07,2.8817069516288662e-08
2655.0,-1.6611555686552038e-08,-1.0533127855795427e-08,-1.4248645843067953e-07,-2.8189120131943818e-08,1.4345150615607068e-07,2.8928495558781228e-08
2656.0,-1.6693191662309204e-08,-1.0603803982798131e-08,-1.425289393106044e-07,-2.828855312801244e-08,1.4350317483902765e-07,2.9036000726618587e-08
2657.0,-1.6723194523615703e-08,-1.0672675623483677e-08,-1.4259819080056357e-07,-2.8384234299115626e-08,1.4357544795217818e-07,2.9139577698518934e-08
2658.0,-1.6753967935212444e-08,-1.073970995410343e-08,-1.4267428316908082e-07,-2.84761622505143e-08,1.436546084168036e-07,2.9239219805612214e-08
2659.0,-1.6820960763164194e-08,-1.0804874089741542e-08,-1.4272475056323342e-07,-2.8564336158216743e-08,1.4371255736480758e-07,2.9334921015871166e-08
2660.0,-1.6929920465535986e-08,-1.0868135148002734e-08,-1.427532006319232e-07,-2.8648755746610083e-08,1.4375360342484462e-07,2.942667591883054e-08
2661.0,-1.703239105310672e-08,-1.0929460313847527e-08,-1.428021963179038e-07,-2.8729421266389874e-08,1.438143581781843e-07,2.951447971065253e-08
2662.0,-1.7103192917478083e-08,-1.0988816905438595e-08,-1.4288539269477485e-07,-2.880633347284884e-08,1.4390536700732358e-07,2.9598328179587515e-08
2663.0,-1.7159308168812615e-08,-1.1046172440860324e-08,-1.4298984868030273e-07,-2.887949360457531e-08,1.440157584518033e-07,2.9678217691868164e-08
2664.0,-1.7227203719105688e-08,-1.1101494705573879e-08,-1.430812553715466e-07,-2.8948903362599418e-08,1.441146147574121e-07,2.9754145178062346e-08
2665.0,-1.7311797412267182e-08,-1.1154751820472229e-08,-1.431442863859822e-07,-2.901456489001219e-08,1.4418732626203826e-07,2.9826108119897255e-08
2666.0,-1.739508090348174e-08,-1.1205912310403594e-08,-1.431798308214327e-07,-2.9076480752070485e-08,1.4423263428812762e-07,2.989410453755536e-08
2667.0,-1.747417088804326e-08,-1.1254945173036969e-08,-1.4319000769813517e-07,-2.9134653916791422e-08,1.4425229617866244e-07,2.9958132977433496e-08
2668.0,-1.75188776541102e-08,-1.1301819947950123e-08,-1.4319817199029417e-07,-2.918908773603221e-08,1.4426582247927453e-07,3.001819250034965e-08
2669.0,-1.753572170803963e-08,-1.1346506785829095e-08,-1.432307087378959e-07,-2.9239785927045225e-08,1.4430016445375862e-07,3.007428267017634e-08
2670.0,-1.7537168911507806e-08,-1.1388976517678725e-08,-1.4328218534559456e-07,-2.928675255449092e-08,1.4435143549975548e-07,3.012640354287343e-08
2671.0,-1.7565193299873272e-08,-1.142920072395543e-08,-1.4333496409918434e-07,-2.9329992012882573e-08,1.4440722955924462e-07,3.0174555655885746e-08
2672.0,-1.760587914345635e-08,-1.1467151803544487e-08,-1.4338453323617384e-07,-2.9369509009426477e-08,1.4446138360049522e-07,3.021874001786175e-08
2673.0,-1.7608573571470387e-08,-1.15028030425132e-08,-1.434454347387648e-07,-2.9405308547210637e-08,1.4452215958328022e-07,3.025895809863969e-08
2674.0,-1.7594102397211486e-08,-1.1536128682577794e-08,-1.43505025178986e-07,-2.943739590868505e-08,1.445795445102279e-07,3.029521181943859e-08
2675.0,-1.7620434805687424e-08,-1.1567103989225688e-08,-1.4353750825771283e-07,-2.9465776639369164e-08,1.446149923056889e-07,3.0327503543184186e-08
2676.0,-1.7670444940609542e-08,-1.159570531943589e-08,-1.4355312303454548e-07,-2.9490456531717473e-08,1.4463659204146946e-07,3.0355836064895057e-08
2677.0,-1.7704320010025754e-08,-1.1621910188938613e-08,-1.4356841038232204e-07,-2.9511441609072527e-08,1.4465590691957322e-07,3.038021260205265e-08
2678.0,-1.7685562569980107e-08,-1.1645697338950921e-08,-1.4359808128347473e-07,-2.9528738109636376e-08,1.446830607628692e-07,3.040063678487956e-08
2679.0,-1.763014820244102e-08,-1.1667046802319065e-08,-1.4363783891122028e-07,-2.9542352470395155e-08,1.447157589646881e-07,3.0417112646453676e-08
2680.0,-1.7585033595945987e-08,-1.1685939968990874e-08,-1.4366704937165964e-07,-2.9552291310937327e-08,1.4473926378743757e-07,3.042964461259019e-08
2681.0,-1.7591280793149977e-08,-1.1702359650731975e-08,-1.4366626529052628e-07,-2.9558561417113476e-08,1.4473924465213754e-07,3.043823749143e-08
2682.0,-1.7671128199614472e-08,-1.1716290144986342e-08,-1.4363187988974957e-07,-2.9561169724495328e-08,1.447148426821197e-07,3.0442896462680925e-08
2683.0,-1.775236868617469e-08,-1.1727717297763342e-08,-1.4358698971483896e-07,-2.9560123301603945e-08,1.4468023434228723e-07,3.0443627066468225e-08
2684.0,-1.7796647766576967e-08,-1.1736628565411635e-08,-1.4356331336576322e-07,-2.9555429332891095e-08,1.446621775595955e-07,3.044043519176213e-08
2685.0,-1.7793350265415953e-08,-1.174301307511758e-08,-1.4357488888061543e-07,-2.9547095101472132e-08,1.4467325955666045e-07,3.0433327064361825e-08
2686.0,-1.7789036077520137e-08,-1.1746861683945514e-08,-1.4359859402957031e-07,-2.9535127971622206e-08,1.4469625431170173e-07,3.042230923442633e-08
2687.0,-1.7795554668742497e-08,-1.1748167036220552e-08,-1.4359515778869514e-07,-2.9519535371059984e-08,1.4469364570128316e-07,3.040738856355282e-08
2688.0,-1.786336165099378e-08,-1.1746923619040698e-08,-1.4354215456535702e-07,-2.9500324773055197e-08,1.4464940313302035e-07,3.038857221141388e-08
2689.0,-1.7928691975477307e-08,-1.174312781569275e-08,-1.4345839106227887e-07,-2.9477503678409908e-08,1.4457436827504824e-07,3.036586762197706e-08
2690.0,-1.7963058068781734e-08,-1.1736777956735397e-08,-1.4338122531626363e-07,-2.945107959737843e-08,1.4450206651939473e-07,3.0339282509343816e-08
2691.0,-1.7930617240979885e-08,-1.1727874368504267e-08,-1.4333739872460227e-07,-2.9421060031606533e-08,1.444545496264418e-07,3.030882484326014e-08
2692.0,-1.7875701752156914e-08,-1.1716419418789009e-08,-1.4331227035299654e-07,-2.9387452456184598e-08,1.4442280826400806e-07,3.027450283436408e-08
2693.0,-1.7847068906062802e-08,-1.1702417559431776e-08,-1.4327247841589008e-07,-2.9350264301920503e-08,1.4437978023244614e-07,3.0236324919247394e-08
2694.0,-1.7857257228470758e-08,-1.1685875365598378e-08,-1.4320078250626422e-07,-2.9309502937946587e-08,1.4430989483098574e-07,3.019429974541685e-08
2695.0,-1.788524689461113e-08,-1.1666801571475346e-08,-1.4310758134419843e-07,-2.9265175654781446e-08,1.4422087884445708e-07,3.014843615624819e-08
2696.0,-1.7924629891474808e-08,-1.1645207102147306e-08,-1.4301029017602107e-07,-2.9217289647973143e-08,1.4412923177820696e-07,3.009874317603157e-08
2697.0,-1.7979638722298574e-08,-1.1621105101409976e-08,-1.429130460327277e-07,-2.9165852002454652e-08,1.440395991904203e-07,3.0045229995212374e-08
2698.0,-1.803774504760547e-08,-1.1594510955276973e-08,-1.4282057548761773e-07,-2.9110869677744634e-08,1.4395512157966709e-07,2.9987905955933726e-08
2699.0,-1.8089100828344584e-08,-1.1565442310945782e-08,-1.4272747228885607e-07,-2.9052349494125054e-08,1.438692007162902e-07,2.992678053798718e-08
2700.0,-1.8133778090234642e-08,-1.1533919091001415e-08,-1.4262794655744981e-07,-2.8990298119921683e-08,1.4377609344748742e-07,2.986186334527421e-08
2701.0,-1.817094172351652e-08,-1.1499963502656954e-08,-1.4252434981515405e-07,-2.8924722060003738e-08,1.4367801993816534e-07,2.979316409287451e-08
2702.0,-1.814797087607012e-08,-1.1463600041858682e-08,-1.4243911074934834e-07,-2.8855627645605327e-08,1.4359056068552631e-07,2.9720692594807453e-08
2703.0,-1.8057286471639955e-08,-1.1424855492119814e-08,-1.4237881638609617e-07,-2.8783021025554346e-08,1.4351931211591198e-07,2.9644458752560932e-08
2704.0,-1.792594195304531e-08,-1.1383758917989738e-08,-1.4233463232690702e-07,-2.870690815897412e-08,1.434590079240051e-07,2.9564472544447352e-08
2705.0,-1.778603783697541e-08,-1.134034165311248e-08,-1.422922932745041e-07,-2.86272948095009e-08,1.4339958112650052e-07,2.9480744015830532e-08
2706.0,-1.7628447340767295e-08,-1.1294637282875027e-08,-1.4225851186280836e-07,-2.8544186541037207e-08,1.433465951917484e-07,2.939328327025054e-08
2707.0,-1.7458145845639095e-08,-1.1246681621688592e-08,-1.4224194963205483e-07,-2.8457588715039297e-08,1.4330931264748858e-07,2.9302100461457404e-08
2708.0,-1.7312374617217685e-08,-1.1196512684980381e-08,-1.4223028801246818e-07,-2.8367506489318494e-08,1.4328005144819194e-07,2.9207205786350723e-08
2709.0,-1.7219048187300245e-08,-1.1144170655997194e-08,-1.4219937864018428e-07,-2.8273944818321986e-08,1.432381195985589e-07,2.9108609478811324e-08
2710.0,-1.7187124889961325e-08,-1.1089697847534458e-08,-1.4212343068392697e-07,-2.817690845485085e-08,1.4315888659581047e-07,2.9006321804405103e-08
2711.0,-1.7179971362191182e-08,-1.1033138658705413e-08,-1.420097110772789e-07,-2.8076401953171752e-08,1.4304513083729182e-07,2.8900353055938e-08
2712.0,-1.715889752507138e-08,-1.0974539526857685e-08,-1.41885251145335e-07,-2.7972429673484375e-08,1.4291904091775416e-07,2.879071354984607e-08
2713.0,-1.711409955418297e-08,-1.0913948874732016e-08,-1.4177119787850412e-07,-2.786499578771755e-08,1.4280043750442943e-07,2.8677413623413783e-08
2714.0,-1.70300715474081e-08,-1.0851417052944297e-08,-1.416760789102467e-07,-2.775410428664092e-08,1.4269595184269344e-07,2.8560463632825956e-08
2715.0,-1.6953832948640724e-08,-1.078699627785974e-08,-1.4158311651898958e-07,-2.763975898829395e-08,1.4259456979450583e-07,2.8439873952072237e-08
2716.0,-1.6893989984723135e-08,-1.0720740564917147e-08,-1.4147700487868176e-07,-2.752196354774899e-08,1.4248210346231722e-07,2.8315654972736232e-08
2717.0,-1.6841052996596773e-08,-1.065270565745099e-08,-1.4133934573071216e-07,-2.7400721468240113e-08,1.4233914330787565e-07,2.8187817104715237e-08
2718.0,-1.681123457109024e-08,-1.0582948951048234e-08,-1.4116401712144233e-07,-2.7276036113705038e-08,1.4216151848396627e-07,2.8056370777930532e-08
2719.0,-1.6809619363122863e-08,-1.0511529413465373e-08,-1.4096258112855642e-07,-2.7147910722804184e-08,1.4196130663514592e-07,2.792132644510318e-08
2720.0,-1.6803459068626125e-08,-1.0438507500119824e-08,-1.407573371782489e-07,-2.701634842449672e-08,1.4175677834298522e-07,2.7782694585684624e-08
2721.0,-1.6823299892054777e-08,-1.0363945065160192e-08,-1.4055253572467508e-07,-2.688135225526754e-08,1.4155577952840384e-07,2.764048571104387e-08
2722.0,-1.6839911520794004e-08,-1.02879052681141e-08,-1.403534649925542e-07,-2.674292517810822e-08,1.4136009958769944e-07,2.749471037102122e-08
2723.0,-1.6844336148125194e-08,-1.021045247611185e-08,-1.401655044010186e-07,-2.6601070103357872e-08,1.4117400711272242e-07,2.7345379161960865e-08
2724.0,-1.6871252089822875e-08,-1.0131652161690843e-08,-1.399789034267629e-07,-2.6455789911505467e-08,1.4099195917369674e-07,2.719250273633095e-08
2725.0,-1.68963013580381e-08,-1.005157079620053e-08,-1.3979454587323414e-07,-2.630708747804364e-08,1.4081193150967502e-07,2.7036091814029503e-08
2726.0,-1.6868354962840115e-08,-9.970275738851033e-09,-1.3962068217548973e-07,-2.615496570044617e-08,1.4063597082646205e-07,2.6876157195459307e-08
2727.0,-1.6773786665202906e-08,-9.88783512148112e-09,-1.3948569616006878e-07,-2.5999427527317784e-08,1.40490637952672e-07,2.6712709776434775e-08
2728.0,-1.6597946600471758e-08,-9.80431772916212e-09,-1.3938634364427105e-07,-2.584047598973699e-08,1.403710961197886e-07,2.6545760564960684e-08
2729.0,-1.6418872705870058e-08,-9.719792876802e-09,-1.3928465152773795e-07,-2.5678114234781853e-08,1.4024904110950264e-07,2.6375320699896722e-08
2730.0,-1.6291092669318274e-08,-9.634330281964157e-09,-1.3915920453813624e-07,-2.5512345561196684e-08,1.4010954253029004e-07,2.6201401471495877e-08
2731.0,-1.6227858307127363e-08,-9.54799993416392e-09,-1.390129584742661e-07,-2.5343173457127373e-08,1.3995694341119425e-07,2.6024014343779584e-08
2732.0,-1.6171647632123864e-08,-9.46087196094831e-09,-1.3885916690450917e-07,-2.5170601639826668e-08,1.3979767673517294e-07,2.584317097869057e-08
2733.0,-1.6053906898294557e-08,-9.373016491100505e-09,-1.3871647959115552e-07,-2.4994634097208534e-08,1.3964236333170021e-07,2.56588832619461e-08
2734.0,-1.5898101918265795e-08,-9.284503515341023e-09,-1.3857262254682312e-07,-2.4815275131112818e-08,1.3948161658121073e-07,2.5471163330499173e-08
2735.0,-1.5746137671523996e-08,-9.195402744925144e-09,-1.3841721071064517e-07,-2.463252940212713e-08,1.393099604209467e-07,2.528002360150359e-08
2736.0,-1.562467968896364e-08,-9.105783468560699e-09,-1.382545037620364e-07,-2.444640197580131e-08,1.3913460542176288e-07,2.5085476802669413e-08
2737.0,-1.5506380318663915e-08,-9.01571440809082e-09,-1.3808851025490232e-07,-2.4256898370081553e-08,1.3895641221262626e-07,2.488753600388881e-08
2738.0,-1.536236579613437e-08,-8.92526357340076e-09,-1.3792281720881316e-07,-2.406402460378612e-08,1.387757391969862e-07,2.4686214650007858e-08
2739.0,-1.519542613959146e-08,-8.834498117015677e-09,-1.3775720992398321e-07,-2.386778724594204e-08,1.3859274822877334e-07,2.4481526594617753e-08
2740.0,-1.5096060596020422e-08,-8.743484188857424e-09,-1.3756934173075885e-07,-2.366819346580294e-08,1.3839514019557561e-07,2.4273486134738703e-08
2741.0,-1.5095174027424108e-08,-8.652286791623078e-09,-1.3734017029892742e-07,-2.3465251083370928e-08,1.3816724161919352e-07,2.4062108046271407e-08
2742.0,-1.5160144334336323e-08,-8.560969637236453e-09,-1.3707752646516247e-07,-2.3258968620251022e-08,1.3791329971415095e-07,2.3847407620094304e-08
2743.0,-1.522718473534468e-08,-8.469595004807993e-09,-1.3680962511475325e-07,-2.304935535067327e-08,1.3765442484353213e-07,2.3629400698688922e-08
2744.0,-1.520277259636771e-08,-8.378223600522557e-09,-1.3656389040786476e-07,-2.283642135252442e-08,1.3740749782289236e-07,2.3408103713179715e-08
2745.0,-1.506138225249032e-08,-8.286914419863805e-09,-1.3634673082588145e-07,-2.2620177558235056e-08,1.3717607751448866e-07,2.3183533720676904e-08
2746.0,-1.4872658382625303e-08,-8.195724612581661e-09,-1.3614508364082067e-07,-2.240063580536842e-08,1.3695502826450853e-07,2.295570844180994e-08
2747.0,-1.4695448524726373e-08,-8.104709350815128e-09,-1.3595101857472036e-07,-2.2177808886753075e-08,1.3674295469546812e-07,2.2724646298335082e-08
2748.0,-1.459915738299955e-08,-8.013921700791722e-09,-1.3574907247251855e-07,-2.1951710599994386e-08,1.3653185003303326e-07,2.2490366450693627e-08
2749.0,-1.458517112640223e-08,-7.923412498531237e-09,-1.3553767012203233e-07,-2.1722355796191457e-08,1.3632016446181134e-07,2.225288883538891e-08
2750.0,-1.457647563762876e-08,-7.833230229981661e-09,-1.3533430157086634e-07,-2.1489760427678313e-08,1.3611703355454298e-07,2.2012234202041668e-08
2751.0,-1.4518393987028588e-08,-7.743420916009494e-09,-1.351395711134129e-07,-2.125394159460194e-08,1.359172080521071e-07,2.1768424149975825e-08
2752.0,-1.440367211613669e-08,-7.654028002658323e-09,-1.3493837979633438e-07,-2.1014917590145463e-08,1.3570494505539936e-07,2.152148116418072e-08
2753.0,-1.4225661398858946e-08,-7.565092257082432e-09,-1.3471371898207685e-07,-2.077270794420279e-08,1.354627458905841e-07,2.1271428650492567e-08
2754.0,-1.4054611752190027e-08,-7.476651669556684e-09,-1.3447247573794563e-07,-2.052733346531182e-08,1.3520495125030433e-07,2.1018290969837124e-08
2755.0,-1.393795082127447e-08,-7.388741361958426e-09,-1.3422798581311235e-07,-2.0278816280656654e-08,1.3494968932361925e-07,2.0762093471377767e-08
2756.0,-1.3852478109033228e-08,-7.301393503107712e-09,-1.3398817981513655e-07,-2.0027179873955045e-08,1.3470235142689459e-07,2.0502862524417183e-08
2757.0,-1.3759575145932956e-08,-7.214637231336153e-09,-1.337655581509778e-07,-1.9772449121054694e-08,1.3447137411225928e-07,2.0240625548905903e-08
2758.0,-1.3692297018419453e-08,-7.128498584631515e-09,-1.335418067932581e-07,-1.951465032307016e-08,1.3424192027548062e-07,1.9975411044415966e-08
2759.0,-1.3671871551546033e-08,-7.043000438676441e-09,-1.333012002308065e-07,-1.9253811236900958e-08,1.3400048527783599e-07,1.9707248617443187e-08
2760.0,-1.3666002607326533e-08,-6.958162453067565e-09,-1.330386677073081e-07,-1.8989961102981254e-08,1.337387256279908e-07,1.9436169006907432e-08
2761.0,-1.3645210211743475e-08,-6.87400102596814e-09,-1.3276747159313151e-07,-1.8723130670122923e-08,1.3346682462303377e-07,1.9162204107727426e-08
2762.0,-1.3574240703695395e-08,-6.790529257415336e-09,-1.3249850497679128e-07,-1.84533522173264e-08,1.3319201864889143e-07,1.8885386992355694e-08
2763.0,-1.3444566404618996e-08,-6.707756921474685e-09,-1.322244611093315e-07,-1.8180659572447494e-08,1.3290622438945937e-07,1.8605751930169322e-08
2764.0,-1.3288787570342464e-08,-6.625690447409116e-09,-1.3194690981835344e-07,-1.7905088127621847e-08,1.3261439923968432e-07,1.8323334404622674e-08
2765.0,-1.3148079847091765e-08,-6.544332910007545e-09,-1.316732959541489e-07,-1.7626674851361383e-08,1.3232811066094152e-07,1.8038171128078182e-08
2766.0,-1.3031147161335355e-08,-6.463684029194741e-09,-1.314147519901332e-07,-1.734545829724883e-08,1.3205925880819033e-07,1.7750300054240168e-08
2767.0,-1.2997967008265832e-08,-6.383740179017021e-09,-1.31153481776336e-07,-1.7061478609166786e-08,1.3179598980395294e-07,1.7459760388124034e-08
2768.0,-1.3028010892313091e-08,-6.30449440606535e-09,-1.308778707041769e-07,-1.6774777523007416e-08,1.315246977106181e-07,1.7166592593499085e-08
2769.0,-1.302748697806777e-08,-6.225936457359366e-09,-1.3059936168277608e-07,-1.648539836481803e-08,1.3124750926746109e-07,1.6870838397748326e-08
2770.0,-1.2928335041406669e-08,-6.1480528176757216e-09,-1.303470338540058e-07,-1.6193386045347152e-08,1.30986606496543e-07,1.657254079409362e-08
2771.0,-1.275213287743604e-08,-6.070826756265656e-09,-1.3012374520601777e-07,-1.589878705096522e-08,1.3074710688716755e-07,1.6271744041140188e-08
2772.0,-1.2587497821847649e-08,-5.994238382871929e-09,-1.2989857473347244e-07,-1.5601649430944318e-08,1.3050702976929075e-07,1.596849365970101e-08
2773.0,-1.2499337287419365e-08,-5.918264712922637e-09,-1.2963401365209681e-07,-1.530202278109312e-08,1.3023521385622514e-07,1.5662836426870115e-08
2774.0,-1.2466530419086297e-08,-5.842879741745157e-09,-1.2932789400163514e-07,-1.4999958223757208e-08,1.299273587339794e-07,1.5354820367324294e-08
2775.0,-1.2439969415689589e-08,-5.768054527604223e-09,-1.2900561199846727e-07,-1.4695508384212821e-08,1.2960401523935275e-07,1.504449474184675e-08
2776.0,-1.2445191016619006e-08,-5.693757283323784e-09,-1.2868482922312463e-07,-1.4388727363502958e-08,1.2928521977250488e-07,1.4731910033082616e-08
2777.0,-1.2475327021421734e-08,-5.6199534762055046e-09,-1.2836288347875535e-07,-1.4079670707786976e-08,1.2896768447666238e-07,1.4417117928554118e-08
2778.0,-1.2503342639025306e-08,-5.546605935911388e-09,-1.2803773728406465e-07,-1.3768395374296549e-08,1.2864678676893576e-07,1.4100171300980282e-08
2779.0,-1.2522868825248779e-08,-5.473674969937418e-09,-1.2770869480330238e-07,-1.3454959694009769e-08,1.2832121014071454e-07,1.3781124185961527e-08
2780.0,-1.2508323959936618e-08,-5.401118486271796e-09,-1.2739059968014388e-07,-1.3139423331171154e-08,1.2800321501881662e-07,1.3460031757101993e-08
2781.0,-1.247444861296465e-08,-5.328892122806783e-09,-1.2708206026390556e-07,-1.2821847239797411e-08,1.2769284204338324e-07,1.3136950298652714e-08
2782.0,-1.2436533775028735e-08,-5.256949383057564e-09,-1.2676264457903152e-07,-1.2502293617317525e-08,1.2737125041785254e-07,1.281193717576625e-08
2783.0,-1.238116004165235e-08,-5.185241777734132e-09,-1.2642791471020876e-07,-1.2180825855501343e-08,1.2703271524276268e-07,1.2485050802458512e-08
2784.0,-1.2361633217050638e-08,-5.113718971711015e-09,-1.260730568136692e-07,-1.1857508488833426e-08,1.266776445555235e-07,1.2156350607376501e-08
2785.0,-1.2391084464047353e-08,-5.0423289359433794e-09,-1.2571667925079244e-07,-1.1532407140488962e-08,1.2632585806572534e-07,1.1825896997471673e-08
2786.0,-1.2381511427239644e-08,-4.97101810388545e-09,-1.253875335643917e-07,-1.1205588466065512e-08,1.2599736266519358e-07,1.1493751319676776e-08
2787.0,-1.2283981387639642e-08,-4.899731531978862e-09,-1.2509826739087737e-07,-1.0877120095217525e-08,1.2569993119700317e-07,1.1159975820678924e-08
2788.0,-1.2120883408073269e-08,-4.828413063794865e-09,-1.2484266760995344e-07,-1.054707057132963e-08,1.2542969134364248e-07,1.0824633604873038e-08
2789.0,-1.1946945960294997e-08,-4.7570054974354375e-09,-1.2460896027521873e-07,-1.0215509289349991e-08,1.251803598758577e-07,1.0487788590567924e-08
2790.0,-1.1790933590605235e-08,-4.685450755821487e-09,-1.2438066326198038e-07,-9.882506431889267e-09,1.2493828679963649e-07,1.0149505464504255e-08
2791.0,-1.1636508201462448e-08,-4.613690059517206e-09,-1.2414152974343784e-07,-9.54813290367578e-09,1.2468571582247728e-07,9.809849634731975e-09
2792.0,-1.1503552610481194e-08,-4.541664101753962e-09,-1.2389145296470838e-07,-9.212460264447466e-09,1.2442436996171072e-07,9.468887181886482e-09
2793.0,-1.138348365570252e-08,-4.469313225322288e-09,-1.2361807659802548e-07,-8.875560660357038e-09,1.2414109940682393e-07,9.126684808900412e-09
2794.0,-1.1276168110363471e-08,-4.3965776009962975e-09,-1.2331536169973845e-07,-8.537506753970127e-09,1.238298445383442e-07,8.78330978919128e-09
2795.0,-1.1143561184923101e-08,-4.323397407141776e-09,-1.230048711359233e-07,-8.198371652946237e-09,1.2350861216549726e-07,8.43882991337521e-09
2796.0,-1.103822769299434e-08,-4.249713010138576e-09,-1.2269704778578028e-07,-7.85822883750805e-09,1.2319256473484281e-07,8.09331343457138e-09
2797.0,-1.0978475378786712e-08,-4.1754651452209545e-09,-1.2239111548198456e-07,-7.517152086824374e-09,1.2288251328226937e-07,7.746829012379944e-09
2798.0,-1.0923627280501336e-08,-4.100595097306959e-09,-1.220756876453566e-07,-7.175215404453895e-09,1.225634494743436e-07,7.399445655635859e-09
2799.0,-1.0879893430626453e-08,-4.025044881351022e-09,-1.217459820422595e-07,-6.832492943019911e-09,1.2223115897550823e-07,7.051232664061538e-09
2800.0,-1.080620179449987e-08,-3.94875742171433e-09,-1.21411062686122e-07,-6.489058928309691e-09,1.2189101746969258e-07,6.7022595689619495e-09
2801.0,-1.0783517606638426e-08,-3.871676730007072e-09,-1.2107332872032806e-07,-6.144987583015682e-09,1.2155260252003367e-07,6.352596073126488e-09
2802.0,-1.0868427158250427e-08,-3.7937480808174416e-09,-1.2073740947998735e-07,-5.800353050358525e-09,1.2122559447918717e-07,6.0023119901220274e-09
2803.0,-1.0924276289125956e-08,-3.7149181847053693e-09,-1.2041696001441338e-07,-5.45522931785318e-09,1.2091147204278835e-07,5.6514771831804986e-09
2804.0,-1.0884268680788622e-08,-3.6351353578066644e-09,-1.2010119217198412e-07,-5.109690141498875e-09,1.2059338151759182e-07,5.300161503901599e-09
2805.0,-1.0800695976476149e-08,-3.5543496873684464e-09,-1.1976609242195235e-07,-4.763808970690593e-09,1.2025211818342286e-07,4.94843473100713e-09
2806.0,-1.0730277333337312e-08,-3.4725131925216233e-09,-1.193940240423741e-07,-4.41765887416489e-09,1.198752344259703e-07,4.596366509397858e-09
2807.0,-1.0758466950644419e-08,-3.389579979590369e-09,-1.189749553147379e-07,-4.071312467305886e-09,1.1946038926469303e-07,4.244026289777409e-09
2808.0,-1.0827442525895847e-08,-3.3055063912397427e-09,-1.1855552771791733e-07,-3.7248418411478377e-09,1.1904892550596768e-07,3.8914832691192815e-09
2809.0,-1.0858216215048344e-08,-3.2202511487689037e-09,-1.1817464213095819e-07,-3.3783184934171738e-09,1.1867243530893253e-07,3.538806332260961e-09
2810.0,-1.086556686291651e-08,-3.133775486869827e-09,-1.1783086007258192e-07,-3.031813261956642e-09,1.1833077422503788e-07,3.1860639949110874e-09
2811.0,-1.0873632411145806e-08,-3.046043280192813e-09,-1.1752072053353158e-07,-2.6853962608656976e-09,1.1802269119340208e-07,2.8333243483499315e-09
2812.0,-1.0847870712815677e-08,-2.9570211610926952e-09,-1.1724182038749809e-07,-2.3391368196741774e-09,1.177426037879931e-07,2.4806550060902745e-09
2813.0,-1.0721287690973469e-08,-2.8666786279738118e-09,-1.1697704183771807e-07,-1.9931034258423945e-09,1.1746733302010334e-07,2.1281230527469093e-09
2814.0,-1.0583125903407264e-08,-2.774988143706131e-09,-1.1668679327989095e-07,-1.6473636708531049e-09,1.1716573850674683e-07,1.7757949953410935e-09
2815.0,-1.0522682947211592e-08,-2.681925223646659e-09,-1.1635145370086919e-07,-1.3019842001323065e-09,1.1682631396527515e-07,1.4237367172444117e-09
2816.0,-1.0506820469213807e-08,-2.587468512865824e-09,-1.1598794682349256e-07,-9.57030667008763e-10,1.1646285710346294e-07,1.0720134349461381e-09
2817.0,-1.0522447857486128e-08,-2.491599852244979e-09,-1.1560420216244482e-07,-6.125676908966803e-10,1.1608209795885379e-07,7.206896578096866e-10
2818.0,-1.0498236585609888e-08,-2.394304333177724e-09,-1.152373856443123e-07,-2.686588198611783e-10,1.1571459727079982e-07,3.6982915096554507e-10
2819.0,-1.0340023726129743e-08,-2.2955703406764063e-09,-1.149299475242116e-07,7.463350230073635e-11,1.15394145989192e-07,1.94949014682578e-11
2820.0,-1.0122963745029523e-08,-2.1953895847580434e-09,-1.1467242707133285e-07,4.1724796436201784e-10,1.1511837353530206e-07,-3.302509121788788e-10
2821.0,-9.936871964155713e-09,-2.0937571200613383e-09,-1.1441685384208644e-07,7.591244112842857e-10,1.1484754184375648e-07,-6.793469470557329e-10
2822.0,-9.850218418705481e-09,-1.990671353724852e-09,-1.1414992385355704e-07,1.100203863126274e-09,1.1457413285148213e-07,-1.0277327193695724e-09
2823.0,-9.86067064112639e-09,-1.886134041631026e-09,-1.1386846631572523e-07,1.4404285292544146e-09,1.1429462124959435e-07,-1.3753486244994017e-09
2824.0,-9.833553332727618e-09,-1.7801502731885253e-09,-1.1359159159465837e-07,1.7797418179047136e-09,1.1401643939430515e-07,-1.7221359535585607e-09
2825.0,-9.787649996040315e-09,-1.672728444887462e-09,-1.1331151833493536e-07,2.118088341178248e-09,1.1373345277363815e-07,-2.068036906520823e-09
2826.0,-9.729268973801553e-09,-1.5638802229225353e-09,-1.1302891029726925e-07,2.455413915581526e-09,1.1344687407660343e-07,-2.4129946019785645e-09
2827.0,-9.57282739189047e-09,-1.4536204952421257e-09,-1.1272033016707095e-07,2.7916655582483568e-09,1.1312608831409496e-07,-2.756953083621039e-09
2828.0,-9.325089422862476e-09,-1.3419673134480783e-09,-1.1238377491118445e-07,3.1267914790022916e-09,1.127699878337856e-07,-3.0998573235372097e-09
2829.0,-9.061362493678615e-09,-1.2289418250399469e-09,-1.1203647532279093e-07,3.4607410684387886e-09,1.1240231355713363e-07,-3.441653222461531e-09
2830.0,-8.901091114177362e-09,-1.1145681965642797e-09,-1.1171235259413437e-07,3.793464882225315e-09,1.1206640506922262e-07,-3.782287607094168e-09
2831.0,-8.820665031716857e-09,-9.98873528289011e-10,-1.1143574293881464e-07,4.12491462183707e-09,1.1178429646389214e-07,-4.121708224641552e-09
2832.0,-8.742581103504676e-09,-8.818877610711167e-10,-1.1119422418243152e-07,4.455043111967535e-09,1.1153738483523897e-07,-4.459863734740359e-09
2833.0,-8.648867871885457e-09,-7.636435761218492e-10,-1.1097306495261305e-07,4.783804274876358e-09,1.1130958656127606e-07,-4.796703698948398e-09
2834.0,-8.484436236910753e-09,-6.441762884012617e-10,-1.1076060356038364e-07,5.111153101961245e-09,1.1108508882527247e-07,-5.132178568007635e-09
2835.0,-8.267463325051239e-09,-5.235237343961533e-10,-1.1055076576740874e-07,5.437045622862411e-09,1.1085947303497135e-07,-5.466239667104648e-09
2836.0,-8.014809649292687e-09,-4.017261550546894e-10,-1.103316414272082e-07,5.761438872425389e-09,1.1062236787258009e-07,-5.798839179369733e-09
2837.0,-7.778025390425825e-09,-2.78826074665388e-10,-1.1008766273232218e-07,6.084290855858137e-09,1.1036209115833038e-07,-6.129930127864921e-09
2838.0,-7.603896290397927e-09,-1.5486817647445372e-10,-1.0980444816940937e-07,6.40556051242102e-09,1.1006741605299744e-07,-6.459466356313548e-09
2839.0,-7.507643229320848e-09,-2.989917582990681e-11,-1.0951208095216769e-07,6.7252076779828615e-09,1.0976912398909311e-07,-6.787402508819453e-09
2840.0,-7.453131944945568e-09,9.603230837778289e-11,-1.092249676329371e-07,7.043193046764796e-09,1.0947896021704319e-07,-7.113694008814073e-09
2841.0,-7.350354408464099e-09,2.228758832397052e-10,-1.08929333417912e-07,7.359478132577663e-09,1.0917704607105225e-07,-7.438297037456517e-09
2842.0,-7.168551280356539e-09,3.505795116170826e-10,-1.0863786684481291e-07,7.674025229840838e-09,1.0887412107590307e-07,-7.761168511697245e-09
2843.0,-6.967557197867791e-09,4.79089641537332e-10,-1.0837914294486994e-07,7.986797374652062e-09,1.086028796983308e-07,-8.082266062201275e-09
2844.0,-6.782024636331485e-09,6.083513345855504e-10,-1.0815518419055037e-07,8.297758306160113e-09,1.0836761382193337e-07,-8.401548011313142e-09
2845.0,-6.645046152220502e-09,7.383083927277238e-10,-1.0794752581047562e-07,8.606872428474903e-09,1.0815186067270614e-07,-8.718973351232672e-09
2846.0,-6.545540442992603e-09,8.689034830559025e-10,-1.0774860718237855e-07,8.914104773332197e-09,1.0794723919319739e-07,-9.034501722557918e-09
2847.0,-6.455082635081766e-09,1.0000782600068117e-09,-1.0753933458659826e-07,9.219420963710683e-09,1.0773289458263925e-07,-9.348093393337161e-09
2848.0,-6.365372035022077e-09,1.1317734846729144e-09,-1.0729648268828496e-07,9.522787178575773e-09,1.0748512994094428e-07,-9.659709238754145e-09
2849.0,-6.311357880761648e-09,1.2639291408964285e-09,-1.0701634470602905e-07,9.8241701188961e-09,1.0720229135862109e-07,-9.969310721548142e-09
2850.0,-6.334702901122924e-09,1.3964845479093402e-09,-1.0669132205487486e-07,1.012353697504493e-08,1.068792152977487e-07,-1.0276859873242608e-08
2851.0,-6.33898397661703e-09,1.529378469353242e-09,-1.063265861848961e-07,1.0420855395661345e-08,1.065153775170043e-07,-1.058231927622457e-08
2852.0,-6.3372736225364434e-09,1.6625492185794145e-09,-1.0595546477004669e-07,1.0716093458007615e-08,1.0614481405892377e-07,-1.0885652046684379e-08
2853.0,-6.362691984396207e-09,1.795934760188615e-09,-1.0560578033239065e-07,1.1009219639824025e-08,1.0579728110353994e-07,-1.118682181839504e-08
2854.0,-6.362049248531676e-09,1.9294728078188722e-09,-1.0526019784615204e-07,1.1300202792653763e-08,1.0545228741592954e-07,-1.1485792727286627e-08
2855.0,-6.3380841130999954e-09,2.063100918226243e-09,-1.0491409050891742e-07,1.1589012116591562e-08,1.0510536474194858e-07,-1.1782529396755939e-08
2856.0,-6.30643989807389e-09,2.1967565817272568e-09,-1.0460028501690921e-07,1.1875617136402196e-08,1.0479022287316055e-07,-1.2076996923647225e-08
2857.0,-6.253297490932397e-09,2.3303773090827715e-09,-1.0435924667484553e-07,1.2159987678958637e-08,1.0454643033624515e-07,-1.2369160864845663e-08
2858.0,-6.132550661730463e-09,2.4639007149020504e-09,-1.0419873310713035e-07,1.2442093851964055e-08,1.043790408020196e-07,-1.2658987224441457e-08
2859.0,-5.8964834404040545e-09,2.5972645976349124e-09,-1.0411379573749269e-07,1.2721906023945007e-08,1.042806356896203e-07,-1.2946442441446397e-08
2860.0,-5.58935578376385e-09,2.730407016201286e-09,-1.0407882914884037e-07,1.2999394805531171e-08,1.0422880396066626e-07,-1.323149337807357e-08
2861.0,-5.295398064486534e-09,2.8632663632859383e-09,-1.040307749354541e-07,1.3274531032064713e-08,1.0416546152315781e-07,-1.35141073086189e-08
2862.0,-5.054131918535987e-09,2.9957814353074805e-09,-1.0391160078920825e-07,1.3547285747602923e-08,1.040344415471422e-07,-1.3794251909004609e-08
2863.0,-4.8854765510863984e-09,3.127891499061581e-09,-1.0370187136787834e-07,1.3817630190386186e-08,1.0381688690348599e-07,-1.4071895247054172e-08
2864.0,-4.7887075138586255e-09,3.2595363550431343e-09,-1.0342401064386553e-07,1.4085535779836601e-08,1.0353481393867329e-07,-1.4347005773563668e-08
2865.0,-4.689021143589045e-09,3.390656397471273e-09,-1.0311744563784586e-07,1.4350974105132165e-08,1.032240016379869e-07,-1.4619552314216782e-08
2866.0,-4.550791327107007e-09,3.5211926710718495e-09,-1.0282359822616494e-07,1.4613916915371993e-08,1.0292425396318723e-07,-1.488950406236465e-08
2867.0,-4.4100730567375734e-09,3.6510869247093998e-09,-1.0257453525105986e-07,1.4874336111316106e-08,1.0266929446692757e-07,-1.5156830572663342e-08
2868.0,-4.283064375387724e-09,3.7802816620008515e-09,-1.0239078124946177e-07,1.5132203738654345e-08,1.0248032360077152e-07,-1.5421501755536657e-08
2869.0,-4.1741826661834125e-09,3.908720189084696e-09,-1.0227592880246439e-07,1.5387491982736124e-08,1.023610737211047e-07,-1.5683487872412594e-08
2870.0,-4.099922595868222e-09,4.036346659761639e-09,-1.0218760786856462e-07,1.56401731646755e-08,1.022698223680458e-07,-1.5942759531668392e-08
2871.0,-4.092528649302096e-09,4.1631061182661916e-09,-1.0205463208193266e-07,1.589021973873178e-08,1.021366570831648e-07,-1.6199287685208345e-08
2872.0,-4.135919218217765e-09,4.288944539971955e-09,-1.0182997571897556e-07,1.6137604290850112e-08,1.0191393321183701e-07,-1.6453043625586267e-08
2873.0,-4.245363727228835e-09,4.413808870374242e-09,-1.0151188319790228e-07,1.6382299538225583e-08,1.0160061783060685e-07,-1.670399898356709e-08
2874.0,-4.37442132517063e-09,4.537647062728167e-09,-1.0114066889901907e-07,1.662427832972858e-08,1.0123522345148012e-07,-1.6952125725999058e-08
2875.0,-4.475516013346947e-09,4.660408114743497e-09,-1.0076658111049519e-07,1.6863513647001006e-08,1.0086592146153096e-07,-1.719739615384231e-08
2876.0,-4.5217176392053915e-09,4.78204210474433e-09,-1.0043550940225243e-07,1.7099978606009147e-08,1.0053724423962812e-07,-1.743978290017763e-08
2877.0,-4.4913427144077644e-09,4.9025002276883585e-09,-1.0016997320505538e-07,1.733364645882634e-08,1.0027061230131079e-07,-1.7679258928006966e-08
2878.0,-4.425642824434917e-09,5.02173483140581e-09,-9.995319773248301e-08,1.7564490595421193e-08,1.0005112718684542e-07,-1.791579752765994e-08
2879.0,-4.34629940371245e-09,5.13969945336409e-09,-9.975642339954405e-08,1.7792484545246378e-08,9.985106072534137e-08,-1.8149372313638465e-08
2880.0,-4.228092459479527e-09,5.256348858194863e-09,-9.959721557900592e-08,1.801760197845684e-08,9.9686920490789e-08,-1.8379957220763738e-08
2881.0,-4.063423264533128e-09,5.37163907614111e-09,-9.949114164811701e-08,1.823981670663078e-08,9.957408636323224e-08,-1.8607526499531835e-08
2882.0,-3.8649066169682555e-09,5.485527442497113e-09,-9.942547954736036e-08,1.845910268291729e-08,9.95005702816846e-08,-1.883205471063239e-08
2883.0,-3.6456340168911083e-09,5.5979726380288654e-09,-9.938194086428487e-08,1.867543400158814e-08,9.944878489623353e-08,-1.9053516718635317e-08
2884.0,-3.4433480788909065e-09,5.708934730279896e-09,-9.934284259799364e-08,1.88887848970224e-08,9.940250007641731e-08,-1.9271887684899607e-08
2885.0,-3.2288172413519334e-09,5.818375215591904e-09,-9.930209215330832e-08,1.9099129742199212e-08,9.935457094065773e-08,-1.9487143059802267e-08
2886.0,-3.0377616255794493e-09,5.926257061604145e-09,-9.924293640356519e-08,1.93064430468117e-08,9.928941747082579e-08,-1.9699258574421113e-08
2887.0,-2.880593624743355e-09,6.032544749942335e-09,-9.914929441010023e-08,1.9510699455142012e-08,9.9191130660214e-08,-1.9908210231830813e-08
2888.0,-2.7395332391488836e-09,6.137204318767561e-09,-9.902656985041891e-08,1.9711873743853393e-08,9.906445668708983e-08,-2.0113974298186083e-08
2889.0,-2.609010590903793e-09,6.240203404828099e-09,-9.889058849923971e-08,1.9909940819860466e-08,9.892499901435131e-08,-2.031652729377048e-08
2890.0,-2.5263297842581522e-09,6.341511284640754e-09,-9.875382425000856e-08,2.0104875718435515e-08,9.878613336992399e-08,-2.05158459841855e-08
2891.0,-2.444337982021594e-09,6.441098914421634e-09,-9.863499394330288e-08,2.0296653601699385e-08,9.866527665985512e-08,-2.0711907371844983e-08
2892.0,-2.331582871217819e-09,6.5389389683869895e-09,-9.854079445134611e-08,2.0485249757632638e-08,9.856837449094816e-08,-2.0904688687926782e-08
2893.0,-2.1913372227899686e-09,6.635005875051058e-09,-9.843433630349341e-08,2.0670639599728054e-08,9.84587249680455e-08,-2.1094167384919105e-08
2894.0,-2.1057776911082016e-09,6.729275851158302e-09,-9.827620411906324e-08,2.085279866738944e-08,9.829876192371982e-08,-2.1280321129882522e-08
2895.0,-2.0987454274479234e-09,6.821726932901813e-09,-9.806150468721908e-08,2.103170262716423e-08,9.808396114498397e-08,-2.146312779853147e-08
2896.0,-2.1296713281770963e-09,6.912339004097958e-09,-9.781985966378359e-08,2.120732727487932e-08,9.784303983732504e-08,-2.164256547022042e-08
2897.0,-2.156900574812326e-09,7.001093821008997e-09,-9.760319878704404e-08,2.1379648538731937e-08,9.762702819175058e-08,-2.1818612423902797e-08
2898.0,-2.120734532429225e-09,7.087975033527537e-09,-9.745373876282604e-08,2.154864248337466e-08,9.747681115942488e-08,-2.199124713511743e-08
2899.0,-1.9982726584544253e-09,7.172968202455806e-09,-9.737795876249566e-08,2.1714285315028275e-08,9.739845967143338e-08,-2.2160448274051897e-08
2900.0,-1.8265303991515935e-09,7.2560608126269105e-09,-9.735590730461374e-08,2.187655338766022e-08,9.73730399053227e-08,-2.2326194704735657e-08
2901.0,-1.6672465352751686e-09,7.337242281624979e-09,-9.735937420499163e-08,2.203542321027793e-08,9.737364867661568e-08,-2.2488465485426822e-08
2902.0,-1.5417879195567252e-09,7.416503963870832e-09,-9.738057770922182e-08,2.219087145540186e-08,9.739278220161225e-08,-2.2647239870271155e-08
2903.0,-1.415425582296237e-09,7.49383914985385e-09,-9.742425551018119e-08,2.234287496879682e-08,9.743453695323896e-08,-2.2802497312325163e-08
2904.0,-1.2624598311195001e-09,7.569243060313134e-09,-9.748288771344038e-08,2.249141078054818e-08,9.749106216354612e-08,-2.2954217468042545e-08
2905.0,-1.088297396645288e-09,7.642712835203069e-09,-9.752722386971446e-08,2.2636456117568257e-08,9.753329578639773e-08,-2.310238020332145e-08
2906.0,-9.385607013800978e-10,7.714247517320227e-09,-9.751420247672282e-08,2.2777988417605008e-08,9.751871913054165e-08,-2.3246965601196714e-08
2907.0,-8.738815227005148e-10,7.78384803052031e-09,-9.742255479769368e-08,2.291598534479967e-08,9.742647408289672e-08,-2.3387953971235313e-08
2908.0,-8.856415045777055e-10,7.8515171525159e-09,-9.726227849157776e-08,2.3050424806802185e-08,9.726631060263291e-08,-2.3525325860655585e-08
2909.0,-9.530705114002558e-10,7.917259482317457e-09,-9.706044055285412e-08,2.3181284973405997e-08,9.706511970689486e-08,-2.3659062067143276e-08
2910.0,-1.0407104344967166e-09,7.981081402458336e-09,-9.684487765199146e-08,2.3308544296612304e-08,9.685046931036352e-08,-2.3789143653286014e-08
2911.0,-1.1467066463044517e-09,8.042991036224545e-09,-9.663986364968902e-08,2.3432181531983942e-08,9.664666669038909e-08,-2.3915551962497924e-08
2912.0,-1.2812079175361646e-09,8.102998200185468e-09,-9.646939854932035e-08,2.3552175761107484e-08,9.647790602099306e-08,-2.403826863626427e-08
2913.0,-1.420656203787729e-09,8.16111435238773e-09,-9.635539488864198e-08,2.3668506414952782e-08,9.636586734002602e-08,-2.4157275632506383e-08
2914.0,-1.52124068897308e-09,8.21735253662705e-09,-9.631872319171286e-08,2.378115329790433e-08,9.63307355443505e-08,-2.4272555244852054e-08
2915.0,-1.5492706006980939e-09,8.271727323249812e-09,-9.634564235652676e-08,2.3890096612238053e-08,9.635809794971023e-08,-2.438409012259489e-08
2916.0,-1.5385980545179478e-09,8.324254746956366e-09,-9.638072880763238e-08,2.3995316982827558e-08,9.639300892421475e-08,-2.4491863291135836e-08
2917.0,-1.5715757584189305e-09,8.374952242082448e-09,-9.636256390749276e-08,2.4096795481880357e-08,9.6375378459387e-08,-2.4595858172715638e-08
2918.0,-1.6741752151272493e-09,8.423838575826483e-09,-9.62648174437919e-08,2.4194513653523452e-08,9.627937442743137e-08,-2.469605860726434e-08
2919.0,-1.8136930013401553e-09,8.470933779871995e-09,-9.611690487618119e-08,2.428845353807406e-08,9.613401523539924e-08,-2.4792448873209328e-08
2920.0,-1.9129950956653374e-09,8.516259080827482e-09,-9.598187074300046e-08,2.4378597695846367e-08,9.600093260777256e-08,-2.4885013708096785e-08
2921.0,-1.8967120929413994e-09,8.559836829870092e-09,-9.59119085749971e-08,2.4464929230361434e-08,9.59306610175397e-08,-2.4973738328896274e-08
2922.0,-1.786292724847982e-09,8.601690431932037e-09,-9.59231307232078e-08,2.4547431810849122e-08,9.593976156651868e-08,-2.5058608451878105e-08
2923.0,-1.6381548062494034e-09,8.641844274710062e-09,-9.599265543211444e-08,2.462608969396103e-08,9.600663231297037e-08,-2.5139610311981452e-08
2924.0,-1.5093279126521253e-09,8.68032365771201e-09,-9.608886005277317e-08,2.470088774465174e-08,9.610071330114745e-08,-2.5216730681627457e-08
2925.0,-1.405570743129303e-09,8.717154721487005e-09,-9.620404478258293e-08,2.4771811456228106e-08,9.621431214555953e-08,-2.528995688897216e-08
2926.0,-1.2793639481145647e-09,8.752364377123587e-09,-9.635120683595955e-08,2.4838846969608325e-08,9.635970024267196e-08,-2.5359276835634072e-08
2927.0,-1.0984864406982098e-09,8.785980236048055e-09,-9.653340105747477e-08,2.4901981091868185e-08,9.653965088078405e-08,-2.542467901396572e-08
2928.0,-8.888353941749472e-10,8.818030540114708e-09,-9.671562151147839e-08,2.4961201314178747e-08,9.6719705710416e-08,-2.548615252396359e-08
2929.0,-7.167276772079845e-10,8.848544091952435e-09,-9.685472673881534e-08,2.5016495829253546e-08,9.68573786049048e-08,-2.554368708992399e-08
2930.0,-6.269942343095636e-10,8.877550185519398e-09,-9.691997884114789e-08,2.506785354842289e-08,9.692200689388563e-08,-2.559727307695084e-08
2931.0,-6.178337286222302e-10,8.905078536821488e-09,-9.690466237777251e-08,2.5115264118436916e-08,9.690663191477816e-08,-2.5646901507405094e-08
2932.0,-6.687396192361916e-10,8.931159214771131e-09,-9.682756058407294e-08,2.5158717938069087e-08,9.682986988187401e-08,-2.5692564077355003e-08
2933.0,-7.61397112025719e-10,8.955822572198141e-09,-9.672439701957636e-08,2.519820617455193e-08,9.672739376393242e-08,-2.5734253173046666e-08
2934.0,-8.817580832154448e-10,8.979099177068382e-09,-9.662108932384506e-08,2.523372077983309e-08,9.662511267493436e-08,-2.5771961887370355e-08
2935.0,-1.0191069099718675e-09,9.001019744012588e-09,-9.654503944217518e-08,2.52652545065992e-08,9.655041801973265e-08,-2.580568403625787e-08
2936.0,-1.1586213100045484e-09,9.021615066310816e-09,-9.652661876052848e-08,2.529280092398306e-08,9.653357204972996e-08,-2.5835414174914096e-08
2937.0,-1.2528054149640866e-09,9.040915948513102e-09,-9.658643671667244e-08,2.53163544328497e-08,9.659456133256951e-08,-2.5861147613766452e-08
2938.0,-1.293716245243104e-09,9.058953139901137e-09,-9.670317081475477e-08,2.5335910280549667e-08,9.671182423752974e-08,-2.5882880434008382e-08
2939.0,-1.3157145373199342e-09,9.075757269007736e-09,-9.682467280031082e-08,2.535146457503086e-08,9.68336117659099e-08,-2.5900609502616456e-08
2940.0,-1.374923647157189e-09,9.091358779411965e-09,-9.68999205978871e-08,2.536301429820975e-08,9.690967457850809e-08,-2.591433248672999e-08
2941.0,-1.4969087913652146e-09,9.105787867019747e-09,-9.691115375465298e-08,2.5370557318513707e-08,9.692271383936614e-08,-2.592404786729292e-08
2942.0,-1.646507541419595e-09,9.119074419025608e-09,-9.687631089688731e-08,2.537409240251585e-08,9.689030188865302e-08,-2.592975495186732e-08
2943.0,-1.7516670336448215e-09,9.131247954731302e-09,-9.684685021646433e-08,2.5373619225591562e-08,9.686269010432776e-08,-2.5931453886535653e-08
2944.0,-1.7724124945495134e-09,9.142337568370438e-09,-9.68662279797472e-08,2.5369138381534918e-08,9.688244200615091e-08,-2.592914566681777e-08
2945.0,-1.730953380629785e-09,9.152371874052794e-09,-9.6943774230418e-08,2.5360651391086923e-08,9.695922628426947e-08,-2.5922832147542157e-08
2946.0,-1.6692481286106897e-09,9.161378952897846e-09,-9.706116168434198e-08,2.534816070934912e-08,9.707551440414233e-08,-2.5912516051632332e-08
2947.0,-1.6216265830149013e-09,9.169386302376783e-09,-9.720556878173303e-08,2.5331669732085466e-08,9.721909418913022e-08,-2.5898200977798204e-08
2948.0,-1.5582476697861836e-09,9.176420787830761e-09,-9.738280885851491e-08,2.5311182800950437e-08,9.739527502386573e-08,-2.5879891407157037e-08
2949.0,-1.4660435643243375e-09,9.182508596085119e-09,-9.760157352114995e-08,2.5286705207718434e-08,9.761258339751559e-08,-2.5857592708845598e-08
2950.0,-1.3532088227741212e-09,9.187675191038089e-09,-9.785407089138443e-08,2.5258243197624547e-08,9.786342710192671e-08,-2.5831311144719898e-08
2951.0,-1.2307218855145408e-09,9.191945271070244e-09,-9.810985389727134e-08,2.522580397195666e-08,9.811757288122965e-08,-2.580105387326905e-08
2952.0,-1.1386119547207585e-09,9.195342728099189e-09,-9.833783210649871e-08,2.5189395690059834e-08,9.834442363748624e-08,-2.5766828952891088e-08
2953.0,-1.077067102173146e-09,9.197890608094729e-09,-9.852405775251372e-08,2.514902747092379e-08,9.852994483690347e-08,-2.5728645344689064e-08
2954.0,-1.0276504924799923e-09,9.199611072874054e-09,-9.866747168255086e-08,2.5104709394521138e-08,9.867282317721365e-08,-2.5686512914943202e-08
2955.0,-9.927175470547667e-10,9.200525363014672e-09,-9.876614004422635e-08,2.5056452503048177e-08,9.877112891611577e-08,-2.56404424374004e-08
2956.0,-1.0057696619991674e-09,9.200653761753532e-09,-9.883519944825503e-08,2.5004268802194027e-08,9.884031678717622e-08,-2.5590445595497182e-08
2957.0,-1.0862904742392487e-09,9.200015559782139e-09,-9.889502080098755e-08,2.494817126253098e-08,9.890098667972015e-08,-2.5536534984600987e-08
2958.0,-1.2321664799586074e-09,9.198629020896911e-09,-9.896643961282425e-08,2.4888173821084086e-08,9.897410976549939e-08,-2.54787241143212e-08
2959.0,-1.391698339903158e-09,9.196511348518228e-09,-9.907273003026407e-08,2.4824291383105086e-08,9.908250430786899e-08,-2.5417027410910003e-08
2960.0,-1.511735708836781e-09,9.193678653146265e-09,-9.922890840952103e-08,2.475653982404765e-08,9.924042326087936e-08,-2.535146021974675e-08
2961.0,-1.5730225177978951e-09,9.190145920871911e-09,-9.94206096685546e-08,2.4684935991719133e-08,9.94330529889764e-08,-2.5282038807879266e-08
2962.0,-1.6268923708206984e-09,9.185926983103162e-09,-9.960678024750758e-08,2.4609497708567848e-08,9.962006549918294e-08,-2.5208780366580924e-08
2963.0,-1.7363950000071071e-09,9.18103448769992e-09,-9.974985188537788e-08,2.4530243774052258e-08,9.976496388387495e-08,-2.5131703013871075e-08
2964.0,-1.9092480096905007e-09,9.175479871734294e-09,-9.984245596950103e-08,2.4447193967026992e-08,9.986070920028687e-08,-2.5050825796936346e-08
2965.0,-2.105059515589147e-09,9.169273336110765e-09,-9.990872305506993e-08,2.43603690480688e-08,9.993089721431922e-08,-2.4966168694379615e-08
2966.0,-2.2670687271908463e-09,9.16242382229069e-09,-9.998077133560601e-08,2.426979076165439e-08,1.0000647097801493e-07,-2.487775261821353e-08
2967.0,-2.3745102828431897e-09,9.154938991366731e-09,-1.0008476433731595e-07,2.4175481838094166e-08,1.001129279940378e-07,-2.4785599415508398e-08
2968.0,-2.4322960590072995e-09,9.146825205721906e-09,-1.0022191858360951e-07,2.407746599512421e-08,1.0025142906062893e-07,-2.4689731869603297e-08
2969.0,-2.4637484274947496e-09,9.138087513484235e-09,-1.0039012221865762e-07,2.3975767939066112e-08,1.0042035000631594e-07,-2.4590173700796874e-08
2970.0,-2.4798407494142083e-09,9.128729635952977e-09,-1.0059875813969721e-07,2.387041336548011e-08,1.0062931853784835e-07,-2.448694956645057e-08
2971.0,-2.4713684432242644e-09,9.118753958129643e-09,-1.0085637792631164e-07,2.3761428959260767e-08,1.0088665238968516e-07,-2.4380085060460316e-08
2972.0,-2.4181009417034716e-09,9.108161522440563e-09,-1.0115926931536512e-07,2.3648842394152665e-08,1.0118816620822238e-07,-2.4269606712081235e-08
2973.0,-2.334555326832799e-09,9.096952025691108e-09,-1.0148836228004998e-07,2.3532682331693577e-08,1.0151520983015657e-07,-2.4155541984119493e-08
2974.0,-2.255086728464306e-09,9.085123819248253e-09,-1.0181317457863548e-07,2.3412978419620147e-08,1.0183814577029867e-07,-2.4037919270532785e-08
2975.0,-2.2003724120533974e-09,9.072673912410818e-09,-1.0210631819565497e-07,2.3289761289792668e-08,1.0213002425449662e-07,-2.3916767893502647e-08
2976.0,-2.1815385886636562e-09,9.059597978898474e-09,-1.0236141918459896e-07,2.3163062555707903e-08,1.0238466314882817e-07,-2.3792118100053957e-08
2977.0,-2.1830865448713155e-09,9.045890366373264e-09,-1.0258833933046718e-07,2.3032914809670447e-08,1.026115648133556e-07,-2.3664001058299226e-08
2978.0,-2.190796044576615e-09,9.031544108901257e-09,-1.0280088508576868e-07,2.2899351619684617e-08,1.028242265311359e-07,-2.3532448853377025e-08
2979.0,-2.2070507088578495e-09,9.016550942265705e-09,-1.0300018793429899e-07,2.2762407526112045e-08,1.030238311621752e-07,-2.339749448313794e-08
2980.0,-2.248694591644451e-09,9.000901322054578e-09,-1.0319100348515908e-07,2.2622118038118597e-08,1.0321550187661059e-07,-2.325917185361078e-08
2981.0,-2.316935643342788e-09,8.984584444462878e-09,-1.0338903758816409e-07,2.2478519629910485e-08,1.0341499545125069e-07,-2.311751577425877e-08
2982.0,-2.404526022736775e-09,8.967588269771555e-09,-1.0360915322568665e-07,2.2331649736736256e-08,1.0363705118121526e-07,-2.2972561953013626e-08
2983.0,-2.4719693791919184e-09,8.949899548488985e-09,-1.0386066036024988e-07,2.2181546750610082e-08,1.0389007365036779e-07,-2.28243469910547e-08
2984.0,-2.5331013675522485e-09,8.931503850165431e-09,-1.0412870483922365e-07,2.2028250015693447e-08,1.0415951120292593e-07,-2.2672908377283544e-08
2985.0,-2.6572070654928837e-09,8.912385594914506e-09,-1.043746443683824e-07,2.1871799823256446e-08,1.044084629539924e-07,-2.251828448242875e-08
2986.0,-2.8295455700710903e-09,8.892528087696794e-09,-1.045720993304855e-07,2.171223740612538e-08,1.0461037370413145e-07,-2.236051455270268e-08
2987.0,-3.0144462481729306e-09,8.871913555438811e-09,-1.0473591552373485e-07,2.1549604932509405e-08,1.0477928653497334e-07,-2.2199638702918147e-08
2988.0,-3.1972133551771975e-09,8.850523187073387e-09,-1.0489504618377277e-07,2.138394549908543e-08,1.0494376059173001e-07,-2.2035697908960207e-08
2989.0,-3.346420668348671e-09,8.828337176592903e-09,-1.0506680558561299e-07,2.121530312320935e-08,1.0512008450935791e-07,-2.1868733999497385e-08
2990.0,-3.4845984708820055e-09,8.805334769201673e-09,-1.0524994924210329e-07,2.1043722734115373e-08,1.053076172077243e-07,-2.169878964681012e-08
2991.0,-3.6172663198108523e-09,8.78149431063655e-09,-1.0544500541817547e-07,2.0869250162966608e-08,1.0550703191383735e-07,-2.152590835661537e-08
2992.0,-3.721788238708612e-09,8.756793299695661e-09,-1.0566135831904799e-07,2.0691932131630315e-08,1.057268856512857e-07,-2.135013445677543e-08
2993.0,-3.778764523509892e-09,8.731208443975347e-09,-1.0591772241219655e-07,2.051181624007055e-08,1.0598510736094604e-07,-2.1171513084797236e-08
2994.0,-3.784590613120642e-09,8.704715718766685e-09,-1.0623462532929895e-07,2.0328950952278515e-08,1.0630201665521425e-07,-2.0990090174054213e-08
2995.0,-3.734090925355815e-09,8.677290429007932e-09,-1.0661174691325992e-07,2.0143385580694955e-08,1.0667712039109328e-07,-2.080591243869488e-08
2996.0,-3.6422898030963324e-09,8.648907274131029e-09,-1.0702067614054567e-07,1.9955170269116943e-08,1.0708263816599449e-07,-2.061902735723833e-08
2997.0,-3.5710248091902486e-09,8.619540415583429e-09,-1.0742111944406219e-07,1.9764355974119473e-08,1.0748045925098816e-07,-2.0429483154892576e-08
2998.0,-3.5453656399564437e-09,8.589163546755713e-09,-1.0779450513795363e-07,1.9570994445056037e-08,1.0785279298867182e-07,-2.023732878466342e-08
2999.0,-3.538193044105853e-09,8.55774996500492e-09,-1.0813821744656837e-07,1.937513820272756e-08,1.0819608533832758e-07,-2.0042613907345176e-08
3000.0,-3.5214708926645244e-09,8.525272645435834e-09,-1.0845838039133526e-07,1.9176840516823968e-08,1.0851553360860122e-07,-1.9845388870497902e-08
3001.0,-3.4756521272161223e-09,8.491704316087579e-09,-1.0875734983428753e-07,1.8976155382246405e-08,1.0881287286294312e-07,-1.964570468651866e-08
3002.0,-3.4435505003038713e-09,8.457017534169782e-09,-1.0903585878976885e-07,1.877313749441311e-08,1.09090222027781e-07,-1.9443613009908755e-08
3003.0,-3.488262179107693e-09,8.421184763000101e-09,-1.093010338765188e-07,1.8567842223640197e-08,1.0935668237243713e-07,-1.9239166113826737e-08
3004.0,-3.58977139680583e-09,8.384178449312777e-09,-1.0957602357419827e-07,1.8360325588673338e-08,1.09634809257893e-07,-1.903241686600173e-08
3005.0,-3.6966855132547494e-09,8.345971100635275e-09,-1.0988192830282961e-07,1.815064422942956e-08,1.0994409329896761e-07,-1.882341870406508e-08
3006.0,-3.788683033967288e-09,8.306535362465153e-09,-1.1022474523045278e-07,1.7938855378992322e-08,1.1028983897100446e-07,-1.8612225610342852e-08
3007.0,-3.8661128187733595e-09,8.265844095018365e-09,-1.1057512750919929e-07,1.7725016834888162e-08,1.1064269362232268e-07,-1.8398892086137408e-08
3008.0,-3.960225952726049e-09,8.223870449360074e-09,-1.1089580040368752e-07,1.7509186929659365e-08,1.1096649015252823e-07,-1.818347312551298e-08
3009.0,-4.094684369349011e-09,8.180587942767717e-09,-1.1116846887135323e-07,1.7291424500732403e-08,1.1124385336406512e-07,-1.796602418858609e-08
3010.0,-4.273458004133701e-09,8.135970533212995e-09,-1.113964836797765e-07,1.7071788859565598e-08,1.1147842400900637e-07,-1.7746601174305866e-08
3011.0,-4.468140912816665e-09,8.089992692883981e-09,-1.1160122675643591e-07,1.68503397600414e-08,1.1169063567174382e-07,-1.7525260392691605e-08
3012.0,-4.648977952603772e-09,8.042629480699541e-09,-1.1181012651503841e-07,1.662713736605127e-08,1.1190673521871992e-07,-1.730205853647786e-08
3013.0,-4.843007855859227e-09,7.993856613792892e-09,-1.120387000709544e-07,1.640224221820756e-08,1.1214332364738078e-07,-1.7077052652103576e-08
3014.0,-5.059691138287192e-09,7.943650537957152e-09,-1.1227528382007357e-07,1.6175715199610346e-08,1.123892336093317e-07,-1.685030010997532e-08
3015.0,-5.22340473652072e-09,7.89198849705132e-09,-1.1250805551088483e-07,1.594761750060042e-08,1.1262924359100459e-07,-1.662185857393683e-08
3016.0,-5.3658569254544375e-09,7.838848601359335e-09,-1.1277320383432099e-07,1.5718010582442723e-08,1.1290078796714289e-07,-1.6391785969889157e-08
3017.0,-5.481828546649581e-09,7.784209894877698e-09,-1.1309591827282639e-07,1.5486956139907636e-08,1.1322869412913269e-07,-1.616014045352699e-08
3018.0,-5.531472502262602e-09,7.72805242147955e-09,-1.1347811314579848e-07,1.5254516062749443e-08,1.1361284853032217e-07,-1.592698037718635e-08
3019.0,-5.520591039864797e-09,7.670357289867145e-09,-1.1389278716314455e-07,1.5020752396119993e-08,1.1402650522233319e-07,-1.569236425583504e-08
3020.0,-5.558594806664985e-09,7.611106737183786e-09,-1.1429995821002348e-07,1.478572729999833e-08,1.1443504018891153e-07,-1.5456350732276992e-08
3021.0,-5.65085589432357e-09,7.550284191114528e-09,-1.1467948172680376e-07,1.4549503007759487e-08,1.1481862088296796e-07,-1.5218998541681217e-08
3022.0,-5.71001970706142e-09,7.487874330266287e-09,-1.1503410303134731e-07,1.431214178404415e-08,1.1517573175492161e-07,-1.4980366475581686e-08
3023.0,-5.735995733946453e-09,7.423863142584491e-09,-1.1538855364950917e-07,1.4073705882122656e-08,1.1553103462007733e-07,-1.4740513345523675e-08
3024.0,-5.738134578603393e-09,7.358237981535831e-09,-1.1575069745056732e-07,1.383425750097153e-08,1.1589283907444384e-07,-1.4499497946554739e-08
3025.0,-5.7394220764894754e-09,7.290987619764348e-09,-1.1613144333330605e-07,1.3593858742299616e-08,1.1627318304944167e-07,-1.4257379020775068e-08
3026.0,-5.762055721447723e-09,7.222102299911907e-09,-1.1653152254958998e-07,1.3352571567774586e-08,1.1667389182616078e-07,-1.4014215221174202e-08
3027.0,-5.7419682064629995e-09,7.151573782285712e-09,-1.1694239752252367e-07,1.3110457756710154e-08,1.1708328034864748e-07,-1.3770065075989279e-08
3028.0,-5.6822775373888135e-09,7.079395389056578e-09,-1.1736645628285247e-07,1.2867578864479061e-08,1.1750392903391202e-07,-1.3524986953823926e-08
3029.0,-5.692014443114957e-09,7.00556204468362e-09,-1.1781490979329012e-07,1.2623996181915578e-08,1.1795232934546787e-07,-1.327903902976535e-08
3030.0,-5.7382707474573635e-09,6.930070312284927e-09,-1.1824408454111368e-07,1.2379770695962623e-08,1.183832390169198e-07,-1.303227925272903e-08
3031.0,-5.833354604911634e-09,6.852918425710576e-09,-1.1862534730205931e-07,1.213496305180114e-08,1.1876868715482559e-07,-1.2784765314244022e-08
3032.0,-6.020197007572392e-09,6.774106317123819e-09,-1.189580436586346e-07,1.1889633516672242e-08,1.1911028050970076e-07,-1.2536554618866559e-08
3033.0,-6.23330698168445e-09,6.693635639956007e-09,-1.192521114842804e-07,1.1643841945565799e-08,1.1941490781886134e-07,-1.2287704256375296e-08
3034.0,-6.3732980004616024e-09,6.6115097871665955e-09,-1.1952176395824132e-07,1.1397647748904467e-08,1.1969156606499993e-07,-1.203827097585958e-08
3035.0,-6.497547666572956e-09,6.5277339048063596e-09,-1.198068833099808e-07,1.1151109862303107e-08,1.199829463470986e-07,-1.1788311161766022e-08
3036.0,-6.680691111426995e-09,6.442314900945499e-09,-1.2011398295777576e-07,1.090428671843356e-08,1.2029962816113416e-07,-1.1537880811921639e-08
3037.0,-6.862302198706871e-09,6.35526145008681e-09,-1.2041529734094225e-07,1.065723622097773e-08,1.206106754196075e-07,-1.1287035517507365e-08
3038.0,-7.097527371380252e-09,6.266583993237527e-09,-1.2071384806328078e-07,1.0410015720609389e-08,1.2092232221154344e-07,-1.103583044491589e-08
3039.0,-7.389627187937009e-09,6.1762947338615944e-09,-1.2100296834308133e-07,1.0162681992907696e-08,1.2122839988143635e-07,-1.0784320319392507e-08
3040.0,-7.60518972797719e-09,6.084407629975947e-09,-1.2127254193222692e-07,9.915291218072728e-09,1.215107745737071e-07,-1.0532559410327149e-08
3041.0,-7.7476528526077e-09,5.990938382687226e-09,-1.2154214479309644e-07,9.66789896228558e-09,1.2178882988858435e-07,-1.0280601518039583e-08
3042.0,-7.876449992227919e-09,5.895904421487129e-09,-1.2183474686761064e-07,9.42056016053281e-09,1.220890822669039e-07,-1.0028499961878059e-08
3043.0,-8.00413368917674e-09,5.7993248866350035e-09,-1.221254154332163e-07,9.173329100698401e-09,1.2238743093492029e-07,-9.776307569435433e-09
3044.0,-8.185174288355412e-09,5.701220608957496e-09,-1.2241245546038004e-07,8.926259408716259e-09,1.2268580329431064e-07,-9.524076666676678e-09
3045.0,-8.46825784495131e-09,5.6016140873904436e-09,-1.2269452903321265e-07,8.679404034572731e-09,1.2298641732163127e-07,-9.271859068767644e-09
3046.0,-8.775718957076961e-09,5.5005294645797015e-09,-1.2295890002012033e-07,8.432815238951539e-09,1.2327166883502287e-07,-9.019706071397432e-09
3047.0,-8.951530738876556e-09,5.397992500844375e-09,-1.2321563907027877e-07,8.186544580322498e-09,1.2354037240540543e-07,-8.767668442394708e-09
3048.0,-9.077897211717811e-09,5.29403054678502e-09,-1.234920039318299e-07,7.940642902290505e-09,1.2382521250894587e-07,-8.515796413452264e-09
3049.0,-9.220671559617699e-09,5.18867251478798e-09,-1.2378872102369876e-07,7.695160321043515e-09,1.2413165686759143e-07,-8.264139671794124e-09
3050.0,-9.381095567029263e-09,5.081948849635343e-09,-1.2411213916665997e-07,7.45014621276713e-09,1.2446617228211892e-07,-8.012747351645946e-09
3051.0,-9.57120657729682e-09,4.973891498380986e-09,-1.2447740843288257e-07,7.205649200929816e-09,1.2484483651922476e-07,-7.761668025402504e-09
3052.0,-9.711258047717664e-09,4.864533879600348e-09,-1.2487396786400873e-07,6.961717143384512e-09,1.252510135007731e-07,-7.510949694424382e-09
3053.0,-9.745954737683249e-09,4.753910852066697e-09,-1.252764736808798e-07,6.71839711927763e-09,1.2565499787778097e-07,-7.260639779437722e-09
3054.0,-9.767844449948271e-09,4.642058682850465e-09,-1.256752586789589e-07,6.47573541580223e-09,1.2605427969419213e-07,-7.010785110552874e-09
3055.0,-9.858558719377797e-09,4.529015014782051e-09,-1.260505313217808e-07,6.2337775148752535e-09,1.2643546822994987e-07,-6.761431916957319e-09
3056.0,-9.957828256412782e-09,4.414818833165651e-09,-1.2638913104989768e-07,5.992568079856606e-09,1.267807981956748e-07,-6.512625816372849e-09
3057.0,-1.0057192939560977e-08,4.299510431585545e-09,-1.267233735793849e-07,5.752150942459708e-09,1.27121833455799e-07,-6.2644118043958475e-09
3058.0,-1.0169170727714061e-08,4.1831313766088525e-09,-1.2709308940678232e-07,5.512569090028752e-09,1.274992761087284e-07,-6.016834243863343e-09
3059.0,-1.026272278270568e-08,4.065724471159596e-09,-1.2747387275260924e-07,5.273864653378707e-09,1.2788632340271214e-07,-5.769936854406598e-09
3060.0,-1.030517471356518e-08,3.94733371631696e-09,-1.2786303813308586e-07,5.036078895411149e-09,1.2827764086737825e-07,-5.523762702370439e-09
3061.0,-1.0358145285938036e-08,3.828004271275084e-09,-1.2826362088061427e-07,4.79925220073225e-09,1.2868118594095466e-07,-5.2783541912895695e-09
3062.0,-1.0422748386584857e-08,3.7077824111933362e-09,-1.286738365267881e-07,4.5634240665080265e-09,1.290952744698761e-07,-5.033753053122022e-09
3063.0,-1.047622866234832e-08,3.5867154826657416e-09,-1.2907817401736077e-07,4.328633094794373e-09,1.2950261145877283e-07,-4.790000340443676e-09
3064.0,-1.0526683413836224e-08,3.464851856547855e-09,-1.2947494550108463e-07,4.0949169865746465e-09,1.2990216540229024e-07,-4.547136419804783e-09
3065.0,-1.057650275693156e-08,3.342240877899784e-09,-1.2983966542895464e-07,3.862312537724138e-09,1.3026972453056873e-07,-4.305200966438886e-09
3066.0,-1.0668408018110753e-08,3.218932812835655e-09,-1.301622551685977e-07,3.630855637098597e-09,1.3059872740657172e-07,-4.064232960496257e-09
3067.0,-1.0864995764192642e-08,3.0949787921124636e-09,-1.3043513021060438e-07,3.400581266913218e-09,1.3088686460456313e-07,-3.824270684948018e-09
3068.0,-1.1091645851779575e-08,2.9704307513445758e-09,-1.3067304592204176e-07,3.171523505540835e-09,1.3114293552549956e-07,-3.585351725275273e-09
3069.0,-1.1297135421584059e-08,2.845341367791548e-09,-1.3092240895226648e-07,2.9437155328162518e-09,1.314089130713671e-07,-3.347512971022217e-09
3070.0,-1.1513820896702498e-08,2.7197639937329883e-09,-1.3119735624983475e-07,2.71718963789113e-09,1.317016110705841e-07,-3.1107906192566802e-09
3071.0,-1.17674292809955e-08,2.593752586509826e-09,-1.3147294722348768e-07,2.4919772296438067e-09,1.3199851606557253e-07,-2.875220179948523e-09
3072.0,-1.206769070782876e-08,2.467361635373403e-09,-1.3173191484514013e-07,2.2681088496134353e-09,1.3228350822300968e-07,-2.6408364832479294e-09
3073.0,-1.2349259420618708e-08,2.340646085339404e-09,-1.319863143015021e-07,2.0456141873979596e-09,1.3256278275267398e-07,-2.407673688622153e-09
3074.0,-1.2586363257183208e-08,2.2136612582912816e-09,-1.3226174569447302e-07,1.8245220984307553e-09,1.3285927108858915e-07,-2.175765295789952e-09
3075.0,-1.2733009702170506e-08,2.0864627716151094e-09,-1.3255338570869468e-07,1.604860624030919e-09,1.33163544556735e-07,-1.9451441573776014e-09
3076.0,-1.280652173196728e-08,1.959106454674072e-09,-1.3285907628918237e-07,1.3866570136064305e-09,1.3347487086072092e-07,-1.7158424932085458e-09
3077.0,-1.2920090525225802e-08,1.8316482634469117e-09,-1.3317787408637094e-07,1.1699377488783389e-09,1.3380311986401999e-07,-1.4878919061299676e-09
3078.0,-1.3114880043074706e-08,1.7041441936646059e-09,-1.3347900144553004e-07,9.547285699855915e-10,1.341217503070999e-07,-1.2613233992733427e-09
3079.0,-1.3312863950121212e-08,1.5766501927880199e-09,-1.337452864361155e-07,7.410545033235594e-10,1.3440622749870266e-07,-1.0361673946412102e-09
3080.0,-1.3504702273126057e-08,1.4492220711787808e-09,-1.3399039111919309e-07,5.289398909630088e-10,1.346692314367321e-07,-8.124537529082454e-10
3081.0,-1.370093877239853e-08,1.3219154128263442e-09,-1.342515859349691e-07,3.184084214903569e-10,1.3494889421295532e-07,-5.902117943207437e-10
3082.0,-1.3922322822379485e-08,1.1947854860038e-09,-1.3455003450985048e-07,1.094831621050228e-10,1.3526841042672344e-07,-3.694703205756455e-10
3083.0,-1.4135293879835586e-08,1.06788715423126e-09,-1.3486697162876093e-07,-9.78134081931019e-11,1.3560570256955393e-07,-1.5025763755890904e-10
3084.0,-1.4251035990175964e-08,9.412747879274535e-10,-1.3518708225079834e-07,-3.0345936449321794e-10,1.3593615867118435e-07,6.739842117593732e-11
3085.0,-1.4278714183246777e-08,8.150021771269349e-10,-1.3552338712710665e-07,-5.074333011056476e-10,1.362735122359825e-07,2.8347047030613777e-10
3086.0,-1.4278384474764039e-08,6.891224456328699e-10,-1.3587397837064308e-07,-7.097142960999834e-10,1.3662214411095722e-07,4.979315481301312e-10
3087.0,-1.435670357596841e-08,5.636879669666712e-10,-1.3620303223813024e-07,-9.102818754133468e-10,1.3695758806444194e-07,7.107550915655919e-10
3088.0,-1.4543497461882993e-08,4.387502824704005e-10,-1.3649437087190353e-07,-1.1091159766964204e-09,1.3726699019844698e-07,9.219149108743009e-10
3089.0,-1.4793685609859608e-08,3.143600219200647e-10,-1.3675186143202733e-07,-1.3061969130735732e-09,1.3754971733539756e-07,1.131385164240546e-09
3090.0,-1.51441640894312e-08,1.905668270182135e-10,-1.369911927437406e-07,-1.5015053370065008e-09,1.37825732703731e-07,1.339140332341185e-09
3091.0,-1.5430374644687106e-08,6.741927814872415e-11,-1.3720437139902453e-07,-1.6950222044675414e-09,1.3806931589848943e-07,1.5451551930598684e-09
3092.0,-1.5627961175157523e-08,-5.503517521141285e-11,-1.3739423753225677e-07,-1.886728739646709e-09,1.3828018541194696e-07,1.7494047965139925e-09
3093.0,-1.5769702488288573e-08,-1.7675028002553656e-10,-1.375775520034983e-07,-2.0766064004329542e-09,1.3847839662504913e-07,1.951864440578501e-09
3094.0,-1.587480866205304e-08,-2.976810407874468e-10,-1.3775470183649552e-07,-2.2646368449227885e-09,1.386663889632905e-07,2.152509647103764e-09
3095.0,-1.606561084166458e-08,-4.177837758000517e-10,-1.3795595775814573e-07,-2.45080189921592e-09,1.38888264920702e-07,2.351316139033034e-09
3096.0,-1.6416388665119186e-08,-5.370161683018172e-10,-1.3814006214959984e-07,-2.635083526756461e-09,1.3911209360619787e-07,2.5482598186267384e-09
3097.0,-1.66992215611117e-08,-6.553373121316218e-10,-1.383319340360345e-07,-2.8174637994689967e-09,1.3933624070893007e-07,2.743316746994768e-09
3098.0,-1.682951883408279e-08,-7.727077516577328e-10,-1.385676157913962e-07,-2.9979248709211e-09,1.3958587625651365e-07,2.936463125124004e-09
3099.0,-1.6869840163691308e-08,-8.890895157384993e-10,-1.388745611528852e-07,-3.1764489517182773e-09,1.3989544396639565e-07,3.1276752765676763e-09
3100.0,-1.6951257592046076e-08,-1.0044461455335773e-09,-1.391736339159677e-07,-3.3530182873053927e-09,1.4020215943888916e-07,3.316929631936914e-09
3101.0,-1.7124917733868372e-08,-1.11874271604276e-09,-1.3943844871452948e-07,-3.5276151383120827e-09,1.4048609819945256e-07,3.5042027153053754e-09
3102.0,-1.7238999672208877e-08,-1.2319458513101664e-09,-1.3972324781202916e-07,-3.700221763541981e-09,1.4078270166764143e-07,3.6894711326074337e-09
3103.0,-1.7272656027689237e-08,-1.3440237332895649e-09,-1.400011852177585e-07,-3.870820405669489e-09,1.4106266872786717e-07,3.872711562081366e-09
3104.0,-1.7279811859172156e-08,-1.4549461044206383e-09,-1.4027426881516036e-07,-4.039393279675278e-09,1.4133457605807667e-07,4.053900746782992e-09
3105.0,-1.7327046852866346e-08,-1.5646842640155272e-09,-1.4055141325797216e-07,-4.205922564022998e-09,1.4161541696247164e-07,4.233015489172653e-09
3106.0,-1.7384949480003797e-08,-1.6732110585985158e-09,-1.4085277273701013e-07,-4.370390394555053e-09,1.4192159827216613e-07,4.410032647759231e-09
3107.0,-1.7471856517126128e-08,-1.7805008663767646e-09,-1.4113415763503112e-07,-4.532778861064874e-09,1.422115192996153e-07,4.5849291357690184e-09
3108.0,-1.7588318496075672e-08,-1.8865295760446596e-09,-1.413958961339612e-07,-4.693070006487538e-09,1.4248560766282798e-07,4.757681921794667e-09
3109.0,-1.7748882474855066e-08,-1.9912745601388877e-09,-1.4163477342690745e-07,-4.8512458286401085e-09,1.427425370126145e-07,4.928268032371095e-09
3110.0,-1.7896902515524005e-08,-2.094714643167768e-09,-1.418757171675611e-07,-5.007288284438318e-09,1.430000637813143e-07,5.096664556421356e-09
3111.0,-1.798223017712708e-08,-2.196830064739171e-09,-1.421192774402058e-07,-5.161179296516334e-09,1.432523983124519e-07,5.262848651515932e-09
3112.0,-1.804853910769566e-08,-2.29760243790928e-09,-1.4234314254721325e-07,-5.312900762180896e-09,1.4348282125097168e-07,5.426797551893299e-09
3113.0,-1.8140700996926995e-08,-2.3970147029707973e-09,-1.425254088915917e-07,-5.462434564638637e-09,1.4367524912933097e-07,5.5884885781969984e-09
3114.0,-1.8294539827490297e-08,-2.495051076893808e-09,-1.4266562124373716e-07,-5.609762586445442e-09,1.4383382659291623e-07,5.7478991488938855e-09
3115.0,-1.848397229720078e-08,-2.591696998624091e-09,-1.42791102070855e-07,-5.7548667251380335e-09,1.4398248526294098e-07,5.9050067933487824e-09
3116.0,-1.867453458537227e-08,-2.6869390704319624e-09,-1.4292426581824502e-07,-5.8977289110188735e-09,1.4413911336505657e-07,6.0597891665404085e-09
3117.0,-1.8887426234126536e-08,-2.7807649954912248e-09,-1.4307346717437608e-07,-6.038331127073478e-09,1.4431476667010497e-07,6.212224065410055e-09
3118.0,-1.9134649170693407e-08,-2.873163511855677e-09,-1.4323590794701468e-07,-6.176655431002067e-09,1.445083392897835e-07,6.362289446836128e-09
3119.0,-1.9388935512676397e-08,-2.9641243229930684e-09,-1.4341193561168142e-07,-6.312683979343934e-09,1.4471666834267496e-07,6.509963447223559e-09
3120.0,-1.9614579904736473e-08,-3.0536380250361825e-09,-1.4358658130889101e-07,-6.4463990536630164e-09,1.449201092906504e-07,6.655224403687675e-09
3121.0,-1.9808946732924326e-08,-3.141696030920048e-09,-1.4375398753666002e-07,-6.577783088748095e-09,1.4511238163353958e-07,6.79805087679901e-09
3122.0,-1.9971621856296196e-08,-3.2282904915947804e-09,-1.439127938901441e-07,-6.706818702762284e-09,1.4529197474340414e-07,6.938421674839905e-09
3123.0,-2.009647259715308e-08,-3.3134142145352447e-09,-1.4407305841054874e-07,-6.833488729254959e-09,1.454679152618113e-07,7.076315879507298e-09
3124.0,-2.018141584403388e-08,-3.3970605798105545e-09,-1.4424025847684097e-07,-6.957776250925808e-09,1.456452598299571e-07,7.211712872978807e-09
3125.0,-2.0273714262941667e-08,-3.479223454025586e-09,-1.443882183156664e-07,-7.0796646350052414e-09,1.458045989617198e-07,7.344592366241118e-09
3126.0,-2.0384186977251417e-08,-3.559897102500103e-09,-1.4452296714581592e-07,-7.199137570088264e-09,1.459534278849049e-07,7.47493442856062e-09
3127.0,-2.0482839507840467e-08,-3.6390761001057234e-09,-1.446755688860879e-07,-7.3161791042300445e-09,1.461183320012144e-07,7.602719517955468e-09
3128.0,-2.0542156919933774e-08,-3.7167552412346343e-09,-1.4488258508194019e-07,-7.430773684080902e-09,1.463316222521599e-07,7.727928512505834e-09
3129.0,-2.0534887901213494e-08,-3.792929449425602e-09,-1.451429291234041e-07,-7.542906194806209e-09,1.4658837435361958e-07,7.850542742314854e-09
3130.0,-2.0504516584640697e-08,-3.867593687221536e-09,-1.4544005503755453e-07,-7.652562000503996e-09,1.4687833335688655e-07,7.970544021907497e-09
3131.0,-2.045024394270456e-08,-3.940742866876985e-09,-1.4573420982141871e-07,-7.759726984802014e-09,1.4716206165173625e-07,8.087914682830513e-09
3132.0,-2.037440754998343e-08,-4.0123717625704975e-09,-1.4599957514488393e-07,-7.86438759129072e-09,1.47414356239477e-07,8.20263760619701e-09
3133.0,-2.0305970627187975e-08,-4.08247492480186e-09,-1.4622374265929605e-07,-7.966530863432754e-09,1.4762694659310766e-07,8.314696254907643e-09
3134.0,-2.0283861673631165e-08,-4.151046597664864e-09,-1.4639974831726077e-07,-8.06614448358646e-09,1.4779824542853107e-07,8.424074705279089e-09
3135.0,-2.0319469357099607e-08,-4.218080639679893e-09,-1.4654575822628524e-07,-8.163216810790594e-09,1.4794776135200884e-07,8.53075767781983e-09
3136.0,-2.0375844178577296e-08,-4.283570448846874e-09,-1.466774695833839e-07,-8.257736916978885e-09,1.4808597202089794e-07,8.634730566911622e-09
3137.0,-2.0448429643993293e-08,-4.347508892539439e-09,-1.4679768675987526e-07,-8.349694621323034e-09,1.4821504347722536e-07,8.73597946917967e-09
3138.0,-2.0549874912845212e-08,-4.409888242808305e-09,-1.4690406299061598e-07,-8.439080522437995e-09,1.4833442311912786e-07,8.834491210362491e-09
3139.0,-2.0694771313278792e-08,-4.4707001176001365e-09,-1.4699974254864245e-07,-8.52588602822128e-09,1.4844931077332784e-07,8.930253370521871e-09
3140.0,-2.083400421626358e-08,-4.529935428330737e-09,-1.4710372529813664e-07,-8.610103383136403e-09,1.4857173933246167e-07,9.02325430746237e-09
3141.0,-2.0958740437615475e-08,-4.58758433418199e-09,-1.4720636697801437e-07,-8.69172569278821e-09,1.4869089844236324e-07,9.113483178257771e-09
3142.0,-2.109378777204185e-08,-4.6436362034230975e-09,-1.4729831131904403e-07,-8.77074694567379e-09,1.4880100940522532e-07,9.20092995880828e-09
3143.0,-2.1247834908200147e-08,-4.698079581990983e-09,-1.4736480729790613e-07,-8.847162032026754e-09,1.4888874006530895e-07,9.285585461377071e-09
3144.0,-2.1399295446755673e-08,-4.750902169503397e-09,-1.4741065251094865e-07,-8.920966759704284e-09,1.4895579988480203e-07,9.36744135007805e-09
3145.0,-2.15468268505159e-08,-4.8020908028223375e-09,-1.4744585094192408e-07,-8.992157867095683e-09,1.490118945162238e-07,9.44649015430799e-09
3146.0,-2.166399712399958e-08,-4.851631447235591e-09,-1.4747967493067282e-07,-9.06073303305687e-09,1.4906234698623791e-07,9.522725280135129e-09
3147.0,-2.1757661561316866e-08,-4.899509195281156e-09,-1.4751893754119672e-07,-9.126690883896546e-09,1.4911483081806552e-07,9.596141019671519e-09
3148.0,-2.1828834489978632e-08,-4.945708273203395e-09,-1.4758927612684714e-07,-9.190030997454912e-09,1.4919481372634107e-07,9.666732558466792e-09
3149.0,-2.1874032085644757e-08,-4.990212055000141e-09,-1.4769909111034263e-07,-9.250753904324843e-09,1.4931006260297765e-07,9.734495980965979e-09
3150.0,-2.1904583202836392e-08,-5.033003083995175e-09,-1.4783604699100672e-07,-9.308861086268069e-09,1.4945001691273616e-07,9.799428274073506e-09
3151.0,-2.1945066819295533e-08,-5.074063101848512e-09,-1.4798050899933468e-07,-9.36435497187723e-09,1.4959885360993083e-07,9.861527328861052e-09
3152.0,-2.2013980971458125e-08,-5.113373084895633e-09,-1.4811269029996188e-07,-9.417238929531017e-09,1.497397221384631e-07,9.920791940450602e-09
3153.0,-2.2078239680922707e-08,-5.15091328768484e-09,-1.482268602095993e-07,-9.467517257686935e-09,1.4986210580064715e-07,9.977221806098614e-09
3154.0,-2.2112217779035603e-08,-5.186663293558555e-09,-1.483131170411378e-07,-9.51519517255719e-09,1.499524286617784e-07,1.0030817521505017e-08
3155.0,-2.2114820752427988e-08,-5.220602072100026e-09,-1.483677586448795e-07,-9.560278793218663e-09,1.5000685685066945e-07,1.0081580575373165e-08
3156.0,-2.2147413736295363e-08,-5.252708043241997e-09,-1.4839333932828436e-07,-9.602775124217932e-09,1.5003696575246377e-07,1.0129513342253262e-08
3157.0,-2.2210245725906574e-08,-5.282959147808414e-09,-1.484204485216467e-07,-9.64269203574559e-09,1.5007306405405313e-07,1.0174619073711607e-08
3158.0,-2.2273617589219086e-08,-5.311332924233438e-09,-1.4846166773371805e-07,-9.680038241468219e-09,1.5012321881303926e-07,1.0216901887878411e-08
3159.0,-2.232111140365589e-08,-5.337806591173776e-09,-1.4851914397623345e-07,-9.714823274119973e-09,1.501871104380385e-07,1.0256366757436423e-08
3160.0,-2.2354514378486456e-08,-5.362357135701328e-09,-1.4858700863110141e-07,-9.747057458966855e-09,1.5025918756281415e-07,1.0293019496119752e-08
3161.0,-2.2383086412114395e-08,-5.384961406734469e-09,-1.486613002837922e-07,-9.776751885265575e-09,1.503369041832378e-07,1.0326866743796951e-08
3162.0,-2.2423068513077737e-08,-5.4055962133387895e-09,-1.4874112548232676e-07,-9.803918375846245e-09,1.5042179500089557e-07,1.0357915950216058e-08
3163.0,-2.248219521661099e-08,-5.424238427501579e-09,-1.4881211383641069e-07,-9.82856945495534e-09,1.505008117128232e-07,1.0386175357492633e-08
3164.0,-2.2553519191115257e-08,-5.440865090958652e-09,-1.4886467053151775e-07,-9.850718314503922e-09,1.5056344629544493e-07,1.0411653981426829e-08
3165.0,-2.2622155648743814e-08,-5.4554535256273744e-09,-1.4888869169504826e-07,-9.870378778876805e-09,1.5059749148262438e-07,1.0434361591742617e-08
3166.0,-2.268875853861374e-08,-5.467981447176882e-09,-1.4887386126649638e-07,-9.887565268471769e-09,1.505928495394769e-07,1.0454308691352577e-08
3167.0,-2.2749420180989688e-08,-5.47842708124667e-09,-1.4882262018220405e-07,-9.902292762153298e-09,1.5055134803935763e-07,1.0471506494763948e-08
3168.0,-2.2821752293511466e-08,-5.486769281809138e-09,-1.4875983464501807e-07,-9.914576758821254e-09,1.505002351538346e-07,1.0485966905755491e-08
3169.0,-2.2877141403476742e-08,-5.492987651160915e-09,-1.4872068320598286e-07,-9.92443323830904e-09,1.5046994787016104e-07,1.0497702494467255e-08
3170.0,-2.2904190710715255e-08,-5.497062661022167e-09,-1.4872134609586474e-07,-9.931878621835692e-09,1.5047471793187982e-07,1.050672647405449e-08
3171.0,-2.290097006474312e-08,-5.49897577422263e-09,-1.48754702066628e-07,-9.936929732240062e-09,1.505071952327779e-07,1.0513052677060826e-08
3172.0,-2.2871719268513502e-08,-5.498709566457436e-09,-1.48805309459904e-07,-9.939603754222655e-09,1.505527670478211e-07,1.0516695531664151e-08
3173.0,-2.2836220137101293e-08,-5.496247847603746e-09,-1.488614629480134e-07,-9.93991819481341e-09,1.5060288211443006e-07,1.05176700379428e-08
3174.0,-2.2807276928160647e-08,-5.49157578209893e-09,-1.4891926430546376e-07,-9.93789084427443e-09,1.5065563103368683e-07,1.0515991744302196e-08
3175.0,-2.2800063309569296e-08,-5.484680007890429e-09,-1.4896226015886915e-07,-9.933539737638507e-09,1.5069703991306194e-07,1.0511676724195617e-08
3176.0,-2.2820549505642163e-08,-5.475548753474995e-09,-1.4896512267117967e-07,-9.926883117079337e-09,1.5070297028320003e-07,1.0504741553269137e-08
3177.0,-2.2844088148898933e-08,-5.464171952550154e-09,-1.4891899605823378e-07,-9.917939395308866e-09,1.5066094301559018e-07,1.0495203287061364e-08
3178.0,-2.2874398930561313e-08,-5.450541355804306e-09,-1.4882716811021046e-07,-9.906727120201226e-09,1.505747790771725e-07,1.0483079439393094e-08
3179.0,-2.2906636448771778e-08,-5.434650639375334e-09,-1.48729091830474e-07,-9.893264940849426e-09,1.5048274568904493e-07,1.0468387961589499e-08
3180.0,-2.2892441192690072e-08,-5.416495509512738e-09,-1.4866437427277224e-07,-9.877571575268084e-09,1.5041662156050334e-07,1.0451147222685135e-08
3181.0,-2.2819754891267863e-08,-5.396073802986371e-09,-1.486445869412767e-07,-9.859665779959334e-09,1.50386018100887e-07,1.0431375990767376e-08
3182.0,-2.2730638482570953e-08,-5.3733855827961115e-09,-1.4864934351835335e-07,-9.839566321557983e-09,1.5037722318975953e-07,1.0409093415614529e-08
3183.0,-2.264590467926375e-08,-5.34843322874998e-09,-1.4865018320778245e-07,-9.81729195076547e-09,1.5036526848461246e-07,1.0384319012780471e-08
3184.0,-2.2616417294507585e-08,-5.321221522490974e-09,-1.4863487219143878e-07,-9.792861378772199e-09,1.503456935286297e-07,1.0357072649269817e-08
3185.0,-2.2652571762815654e-08,-5.2917577265626364e-09,-1.485954895345809e-07,-9.766293256356897e-09,1.5031220348824395e-07,1.0327374530938311e-08
3186.0,-2.2722627140980833e-08,-5.260051657108981e-09,-1.4853527320612958e-07,-9.737606155842165e-09,1.5026325289506944e-07,1.0295245191744596e-08
3187.0,-2.277289873342525e-08,-5.226115749807226e-09,-1.484672472844284e-07,-9.706818556077721e-09,1.5020362323505532e-07,1.0260705484972415e-08
3188.0,-2.2805783261858892e-08,-5.189965118635246e-09,-1.4838539215758506e-07,-9.673948830616919e-09,1.5012770682304847e-07,1.0223776576536836e-08
3189.0,-2.2862740284290695e-08,-5.15161760708357e-09,-1.4826844496607094e-07,-9.63901523924623e-09,1.5002078744615273e-07,1.0184479940483547e-08
3190.0,-2.297023848907287e-08,-5.1110938314371e-09,-1.481143594231349e-07,-9.602035923020501e-09,1.4988494028277315e-07,1.0142837356785603e-08
3191.0,-2.307115179456254e-08,-5.0684172157758365e-09,-1.4796074354617161e-07,-9.563028902947223e-09,1.4974865500519098e-07,1.0098870911536169e-08
3192.0,-2.3131106752227737e-08,-5.023614018377812e-09,-1.4784315208876686e-07,-9.522012082449143e-09,1.496417245260332e-07,1.0052602999627056e-08
3193.0,-2.3119519299008573e-08,-4.976713349252431e-09,-1.4777468973492525e-07,-9.479003253714466e-09,1.4957229388784092e-07,1.0004056329989671e-08
3194.0,-2.303602578135333e-08,-4.92774717858962e-09,-1.4773183977523363e-07,-9.43402010801674e-09,1.4951707249399475e-07,9.953253933456703e-09
3195.0,-2.2907475721867243e-08,-4.876750335978754e-09,-1.4769876523212933e-07,-9.387080250052753e-09,1.4946463693811855e-07,9.900219173279682e-09
3196.0,-2.274948973646218e-08,-4.8237605003281e-09,-1.4766552833278546e-07,-9.338201216308958e-09,1.4940765556379654e-07,9.844975758311694e-09
3197.0,-2.260058101777318e-08,-4.768818180495515e-09,-1.4761344107813712e-07,-9.287400497428219e-09,1.493335670546632e-07,9.787547758838119e-09
3198.0,-2.2491010776004572e-08,-4.711966686718629e-09,-1.475259077121649e-07,-9.234695564512177e-09,1.4923048955231818e-07,9.727959625013727e-09
3199.0,-2.2356330481310138e-08,-4.653252093003777e-09,-1.4742096747510924e-07,-9.18010389926162e-09,1.4910649604858527e-07,9.66623620784234e-09
3200.0,-2.2192218035455014e-08,-4.592723190694912e-09,-1.4731765648340334e-07,-9.123643027828392e-09,1.4897981894570554e-07,9.602402782615891e-09
3201.0,-2.206348898026178e-08,-4.530431433496211e-09,-1.4721356786720485e-07,-9.065330558226744e-09,1.4885775797778986e-07,9.53648507471188e-09
3202.0,-2.197693454997207e-08,-4.46643087426517e-09,-1.4710769161499493e-07,-9.005184221128111e-09,1.4874023861923245e-07,9.468509287630648e-09
3203.0,-2.188876824238406e-08,-4.400778093926879e-09,-1.4701560507174305e-07,-8.943221913840082e-09,1.4863615411392856e-07,9.39850213313579e-09
3204.0,-2.1759465756998608e-08,-4.3335321228853685e-09,-1.4695333374475927e-07,-8.87946174724755e-09,1.485555675453754e-07,9.326490863341788e-09
3205.0,-2.1602985122992635e-08,-4.26475435532548e-09,-1.4691391152232836e-07,-8.813922095471984e-09,1.484937250021521e-07,9.252503304573274e-09
3206.0,-2.149105660098627e-08,-4.194508456810101e-09,-1.4686609307174026e-07,-8.746621647984396e-09,1.484301681195028e-07,9.176567892801685e-09
3207.0,-2.141474320094261e-08,-4.122860265582848e-09,-1.4679631974920393e-07,-8.677579463890747e-09,1.4835009510705692e-07,9.09871371044853e-09
3208.0,-2.1337760197637223e-08,-4.049877687985295e-09,-1.467015730421961e-07,-8.606815028097017e-09,1.4824524121639343e-07,9.01897052433265e-09
3209.0,-2.1242257813858245e-08,-3.975630588390449e-09,-1.465758367076575e-07,-8.534348309056363e-09,1.4810708768853804e-07,8.937368824532522e-09
3210.0,-2.1173706787891433e-08,-3.900190674041685e-09,-1.4640788728245702e-07,-8.460199817802915e-09,1.4793104920080922e-07,8.8539398639344e-09
3211.0,-2.1154834856096372e-08,-3.823631375170533e-09,-1.462034461274797e-07,-8.38439066798446e-09,1.477260122569467e-07,8.768715698241928e-09
3212.0,-2.1150516754664395e-08,-3.746027720748948e-09,-1.4598333946541642e-07,-8.306942636617505e-09,1.475075583163939e-07,8.681729226230949e-09
3213.0,-2.1124259896865283e-08,-3.667456210213617e-09,-1.4576955443407202e-07,-8.227878225300201e-09,1.4729221756799712e-07,8.593014230041746e-09
3214.0,-2.107653518379493e-08,-3.5879946814832737e-09,-1.4558348934018417e-07,-8.147220721628099e-09,1.471012328426151e-07,8.502605415307565e-09
3215.0,-2.1008522393950457e-08,-3.5077221755771266e-09,-1.4542494201214007e-07,-8.064994260562789e-09,1.469345833097553e-07,8.410538450920739e-09
3216.0,-2.093329809493838e-08,-3.426718798134407e-09,-1.4528337627037202e-07,-7.981223885503017e-09,1.4678372658319466e-07,8.316850008235525e-09
3217.0,-2.0864214106408596e-08,-3.345065578131675e-09,-1.4515279190760455e-07,-7.895935608802306e-09,1.4664463314029057e-07,8.221577799500194e-09
3218.0,-2.0837872594103857e-08,-3.2628443240945966e-09,-1.4500965622721296e-07,-7.80915647146879e-09,1.464992059138294e-07,8.124760615301951e-09
3219.0,-2.0802040617828865e-08,-3.1801374781034987e-09,-1.4484935729683346e-07,-7.720914601773572e-09,1.4633544069421981e-07,8.026438360798783e-09
3220.0,-2.073551685910502e-08,-3.0970279678967922e-09,-1.4467021570985228e-07,-7.631239272485935e-09,1.4614866736631375e-07,7.926652090504414e-09
3221.0,-2.0632510006057814e-08,-3.013599057383884e-09,-1.4447612309287372e-07,-7.540160956447705e-09,1.4594194261108517e-07,7.825444041386966e-09
3222.0,-2.0523163418717516e-08,-2.9299341958901094e-09,-1.4427704621289283e-07,-7.447711380195061e-09,1.4572942839601272e-07,7.722857664038879e-09
3223.0,-2.0430899888568277e-08,-2.846116866470262e-09,-1.4407814537611974e-07,-7.353923575333308e-09,1.4551953011633522e-07,7.618937651674201e-09
3224.0,-2.0369232273109716e-08,-2.7622304336429455e-09,-1.4386556410062035e-07,-7.2588319273675e-09,1.4530039971516112e-07,7.513729966708209e-09
3225.0,-2.0322911048475945e-08,-2.678357990913912e-09,-1.4364665334651305e-07,-7.162472221688275e-09,1.4507715785449325e-07,7.407281864672635e-09
3226.0,-2.0264167066574856e-08,-2.5945822084720225e-09,-1.4344393957713142e-07,-7.0648816864077105e-09,1.448682169018097e-07,7.299641915216449e-09
3227.0,-2.0164279523893214e-08,-2.5109851814573502e-09,-1.4327418721912788e-07,-6.966099031733579e-09,1.4468618072234614e-07,7.19086001993765e-09
3228.0,-2.002801113842878e-08,-2.427648279218155e-09,-1.4312837110647125e-07,-6.8661644855626125e-09,1.4452284195155028e-07,7.080987426785409e-09
3229.0,-1.98517976501833e-08,-2.3446519959925945e-09,-1.4299342332782516e-07,-6.765119824964754e-09,1.443648606308143e-07,6.9700767407653864e-09
3230.0,-1.9627064723470866e-08,-2.2620758034708796e-09,-1.4286371605512493e-07,-6.6630084032223665e-09,1.442056276111951e-07,6.8581819306753406e-09
3231.0,-1.9425480196622047e-08,-2.1799980057114754e-09,-1.427193917491465e-07,-6.5598751720836705e-09,1.4403532227240546e-07,6.7453583315952655e-09
3232.0,-1.926693271592228e-08,-2.0984955968974995e-09,-1.4254921251385944e-07,-6.455766698890143e-09,1.4384537769633522e-07,6.6316626428579235e-09
3233.0,-1.913375813344942e-08,-2.0176441224234223e-09,-1.4235509842100424e-07,-6.350731178244769e-09,1.4363521415990977e-07,6.517152921232718e-09
3234.0,-1.9025273051420655e-08,-1.9375175437957515e-09,-1.4214698981773743e-07,-6.244818437902635e-09,1.4341453109404592e-07,6.401888569068838e-09
3235.0,-1.8939330936884602e-08,-1.858188107814975e-09,-1.419342695666015e-07,-6.138079938586223e-09,1.4319230123767663e-07,6.285930317161585e-09
3236.0,-1.884817907304992e-08,-1.7797262204817224e-09,-1.417164809981719e-07,-6.030568767453947e-09,1.4296438311997496e-07,6.169340202127862e-09
3237.0,-1.873329319446171e-08,-1.7022003260404454e-09,-1.4149221572862247e-07,-5.9223396249801e-09,1.4272695395651343e-07,6.05218153810167e-09
3238.0,-1.861917905965349e-08,-1.625676791541252e-09,-1.412698319123995e-07,-5.813448805036375e-09,1.4249154093283238e-07,5.93451888258739e-09
3239.0,-1.8441751209463675e-08,-1.550219797266192e-09,-1.410710307944707e-07,-5.703954167998844e-09,1.422713390570506e-07,5.816417996336814e-09
3240.0,-1.8239114302209813e-08,-1.4758912333302635e-09,-1.4088422557387292e-07,-5.593915106738994e-09,1.420599532101816e-07,5.697945797145312e-09
3241.0,-1.8111199956427626e-08,-1.402750602728653e-09,-1.4068092033664437e-07,-5.483392505394052e-09,1.4184194341106224e-07,5.579170307492954e-09
3242.0,-1.8074690799618764e-08,-1.3308549310582188e-09,-1.4044966886728183e-07,-5.372448690850179e-09,1.4160792326854787e-07,5.460160595988574e-09
3243.0,-1.8078788910358412e-08,-1.2602586830916881e-09,-1.4020079298210364e-07,-5.261147376913612e-09,1.4136161063483953e-07,5.34098671260886e-09
3244.0,-1.805377505825767e-08,-1.1910136863280767e-09,-1.399505907481724e-07,-5.149553601189688e-09,1.411102641363009e-07,5.2217196177615186e-09
3245.0,-1.801257912270593e-08,-1.1231690615859289e-09,-1.396864717818913e-07,-5.037733654736979e-09,1.4084304528632166e-07,5.10243110524084e-09
3246.0,-1.7950681524547818e-08,-1.056771160651499e-09,-1.394000705597087e-07,-4.925755004612841e-09,1.4055108195687256e-07,4.983193719185025e-09
3247.0,-1.7948008967927365e-08,-9.918635109452644e-10,-1.3907438416865814e-07,-4.813686209475388e-09,1.4022772677970755e-07,4.8640806651865635e-09
3248.0,-1.799638651989177e-08,-9.284867671280241e-10,-1.38721119077867e-07,-4.701596828454655e-09,1.3988359019552327e-07,4.745165715748487e-09
3249.0,-1.7996274526144163e-08,-8.666786695325648e-10,-1.383814146327378e-07,-4.589557323550134e-09,1.3954670118844815e-07,4.626523110318712e-09
3250.0,-1.79559331014989e-08,-8.064740092789879e-10,-1.3807412179919765e-07,-4.477638955851696e-09,1.3923677188216182e-07,4.508227450170101e-09
3251.0,-1.7907572757991375e-08,-7.479045999126901e-10,-1.3779690581292026e-07,-4.365913675913269e-09,1.3895563469574586e-07,4.390353588423703e-09
3252.0,-1.7835096455254273e-08,-6.909992553946324e-10,-1.3754033178353664e-07,-4.254454008633403e-09,1.3869186541644597e-07,4.272976515535587e-09
3253.0,-1.7734786056378127e-08,-6.357837742730206e-10,-1.372951419706392e-07,-4.143332933013931e-09,1.3843582861818494e-07,4.156171240584504e-09
3254.0,-1.7660525181151243e-08,-5.822809298717869e-10,-1.3703846461418645e-07,-4.032623757179705e-09,1.381717588130357e-07,4.040012668710045e-09
3255.0,-1.7623330572646978e-08,-5.305104663418023e-10,-1.3676095222611706e-07,-3.9223999890509225e-09,1.3789176855152402e-07,3.924575475060719e-09
3256.0,-1.757073725405789e-08,-4.804891004338013e-10,-1.3647224844301475e-07,-3.812735203067281e-09,1.375987114864928e-07,3.809933975620669e-09
3257.0,-1.7457653433972098e-08,-4.32230528866629e-10,-1.3618839410020622e-07,-3.703702903370734e-09,1.3730276162923222e-07,3.6961619952930652e-09
3258.0,-1.7270630814358867e-08,-3.857454411809236e-10,-1.3592380155788564e-07,-3.595376383860847e-09,1.3701662132264596e-07,3.5833327336275863e-09
3259.0,-1.707204771994597e-08,-3.410415379861506e-10,-1.3567742535025573e-07,-3.4878285855434624e-09,1.3674727991088645e-07,3.4715186285882934e-09
3260.0,-1.6921562706606608e-08,-2.9812355452662554e-10,-1.3543484849928844e-07,-3.3811319515988426e-09,1.3648786566013416e-07,3.3607912187659954e-09
3261.0,-1.6833433896801253e-08,-2.569932895059415e-10,-1.3518140796336953e-07,-3.275358280600522e-09,1.3622546588548312e-07,3.251221004446088e-09
3262.0,-1.6761922100316795e-08,-2.1764963911627856e-10,-1.3491939146112464e-07,-3.170578578321576e-09,1.359566262627066e-07,3.1428773079493395e-09
3263.0,-1.666327784088928e-08,-1.8008863621793522e-10,-1.3464909430493943e-07,-3.0668629085722414e-09,1.3567624488296815e-07,3.0358281336701028e-09
3264.0,-1.6573028421840164e-08,-1.4430349460691495e-10,-1.3437362650706164e-07,-2.9642802435221043e-09,1.3539178989780148e-07,2.9301400282451507e-09
3265.0,-1.6495168952967987e-08,-1.1028465829686715e-10,-1.3409933589253464e-07,-2.8628983139715127e-09,1.3511003843388466e-07,2.82587794129628e-09
3266.0,-1.6418271270302043e-08,-7.801985572786707e-11,-1.3382039878301333e-07,-2.762783460049918e-09,1.34823806362044e-07,2.7231050872013034e-09
3267.0,-1.633381463417294e-08,-4.749415879934638e-11,-1.3353230706239505e-07,-2.664000482833025e-09,1.3452758278475564e-07,2.6218828083604465e-09
3268.0,-1.6280210207719747e-08,-1.8690046608014653e-11,-1.3321831520904381e-07,-2.566612497385412e-09,1.3420940634524727e-07,2.5222704404380497e-09
3269.0,-1.6223421633876356e-08,8.412526245796859e-12,-1.3287217368734838e-07,-2.470680787750331e-09,1.338589330224599e-07,2.4243251800726063e-09
3270.0,-1.618871861563953e-08,3.383605693776792e-11,-1.3250413956680807e-07,-2.3762646644231675e-09,1.334894063690318e-07,2.328101955560753e-09
3271.0,-1.6151893850180343e-08,5.7605417457407116e-11,-1.321327152137286e-07,-2.2834213248578837e-09,1.331162578526748e-07,2.2336533010317703e-09
3272.0,-1.6159618643207807e-08,7.974777359285961e-11,-1.3177754609045023e-07,-2.192205717565139e-09,1.3276465993747975e-07,2.141029234636622e-09
3273.0,-1.620608780505961e-08,1.002925000660582e-10,-1.314535461455213e-07,-2.1026704103644455e-09,1.3244875264108e-07,2.050277141277789e-09
3274.0,-1.6263161178864394e-08,1.1927109203245624e-10,-1.3113488956870145e-07,-2.0148654633494736e-09,1.3213950837552425e-07,1.961441660401786e-09
3275.0,-1.6320464424346426e-08,1.3671707316483456e-10,-1.3080529849898714e-07,-1.9288383071150983e-09,1.3181951173644774e-07,1.8745645793655846e-09
3276.0,-1.62734080655369e-08,1.5266590053823897e-10,-1.304814174485358e-07,-1.8446336267781906e-09,1.3149229676846682e-07,1.789684732872101e-09
3277.0,-1.605171440210995e-08,1.6715486652051962e-10,-1.3018193240760256e-07,-1.7622932523025386e-09,1.3116780496991062e-07,1.7068379089504845e-09
3278.0,-1.585921355351516e-08,1.8022299785100752e-10,-1.2987851668797012e-07,-1.6818560556129372e-09,1.3084320292473482e-07,1.6260567619345404e-09
3279.0,-1.5806593200995422e-08,1.919109520616e-10,-1.295294990745488e-07,-1.6033578549550218e-09,1.3049038094482404e-07,1.5473707328683052e-09
3280.0,-1.576666358582557e-08,2.0226091136635922e-10,-1.2917106095855502e-07,-1.52683132692678e-09,1.301297455226411e-07,1.4708059777409802e-09
3281.0,-1.5727054408776198e-08,2.1131647412270735e-10,-1.288450132315433e-07,-1.4523059265747518e-09,1.2980130074468888e-07,1.3963853039238348e-09
3282.0,-1.5620355675594055e-08,2.1912254395060174e-10,-1.285718465304786e-07,-1.3798078159126988e-09,1.2951723912934913e-07,1.3241281151490394e-09
3283.0,-1.5419694021634456e-08,2.257252165835376e-10,-1.2833817051097207e-07,-1.3093598011822246e-09,1.2926118123328508e-07,1.2540503653341765e-09
3284.0,-1.520998507698046e-08,2.3117166451455397e-10,-1.2812324209909853e-07,-1.240981279134085e-09,1.2902290033953732e-07,1.186164521517259e-09
3285.0,-1.5039519185577888e-08,2.3551001949263045e-10,-1.2790668424064733e-07,-1.17468819256756e-09,1.287878372004516e-07,1.1204795361271983e-09
3286.0,-1.4846560231207562e-08,2.3878925292322943e-10,-1.2765888949411996e-07,-1.1104929953269545e-09,1.2851930756727103e-07,1.0570008287771073e-09
3287.0,-1.4684112398244409e-08,2.4105905423543316e-10,-1.273828818329492e-07,-1.0484046269218942e-09,1.282264471198956e-07,9.957302777348623e-10
3288.0,-1.4590887942311781e-08,2.42369707299504e-10,-1.2707730285069219e-07,-9.88428496913562e-10,1.2791221564319664e-07,9.366662211987476e-10
3289.0,-1.45000742524104e-08,2.4277196501296796e-10,-1.2674445171861892e-07,-9.305664791925175e-10,1.2757118873310987e-07,8.798034684857517e-10
3290.0,-1.442565938925e-08,2.4231692221921244e-10,-1.2638680622553689e-07,-8.74816916263511e-10,1.2720740716132087e-07,8.251333212247762e-10
3291.0,-1.4374456319687923e-08,2.4105588717747326e-10,-1.2602536850550572e-07,-8.211746336464079e-10,1.268424948565548e-07,7.726436046346549e-10
3292.0,-1.4386908359087514e-08,2.390402518638742e-10,-1.2565914056170135e-07,-7.696309644975042e-10,1.2648004877781396e-07,7.223187089550701e-10
3293.0,-1.4428591377235733e-08,2.363213614469779e-10,-1.2528356105323546e-07,-7.201737845493624e-10,1.261116763797509e-07,6.741396410851966e-10
3294.0,-1.4501329886895675e-08,2.3295038334507346e-10,-1.2489537367169068e-07,-6.727875574582413e-10,1.2573441427500992e-07,6.280840864687234e-10
3295.0,-1.4546539223170285e-08,2.2897817633273004e-10,-1.2449753586038503e-07,-6.274533906350443e-10,1.2534447829353747e-07,5.841264812438936e-10
3296.0,-1.4538358045212973e-08,2.2445516021736463e-10,-1.24101244863839e-07,-5.841491016171714e-10,1.249499212941142e-07,5.422380946529728e-10
3297.0,-1.4510090046160329e-08,2.1943118664961317e-10,-1.237010050121612e-07,-5.428492950145816e-10,1.2454911221749598e-07,5.023871216767221e-10
3298.0,-1.4554626420748562e-08,2.1395541166292627e-10,-1.2329858022075424e-07,-5.035254500326076e-10,1.2415464967008412e-07,4.6453878582528874e-10
3299.0,-1.465334784067629e-08,2.0807617055868308e-10,-1.2289652570607323e-07,-4.66146018536191e-10,1.237670256310758e-07,4.286554519772284e-10
3300.0,-1.4760696026572262e-08,2.0184085576403388e-10,-1.2250261189825085e-07,-4.30676533575173e-10,1.233886869574449e-07,3.946967491123787e-10
3301.0,-1.4840481010747197e-08,1.9529579829058033e-10,-1.221040227157577e-07,-3.970797282378391e-10,1.2300257005445303e-07,3.6261970273239593e-10
3302.0,-1.4809467679954835e-08,1.8848615341028596e-10,-1.2169923085253442e-07,-3.653156646404081e-10,1.2259699475542657e-07,3.323788767051098e-10
3303.0,-1.4689996996608556e-08,1.8145579113872777e-10,-1.2130725690617794e-07,-3.3534187279391844e-10,1.221934801446535e-07,3.03926524206358e-10
3304.0,-1.457870957288776e-08,1.7424719207465184e-10,-1.2094876190513193e-07,-3.0711349901732367e-10,1.2182422492753608e-07,2.7721274736591656e-10
3305.0,-1.4475147108727882e-08,1.6690134909214276e-10,-1.206335370936007e-07,-2.8058346348715687e-10,1.2149888952386538e-07,2.5218566515251583e-10
3306.0,-1.4384302443604113e-08,1.5945767532319272e-10,-1.2035854102254717e-07,-2.55702626430998e-10,1.2121504260554977e-07,2.2879158895746565e-10
3307.0,-1.4331737074879669e-08,1.5195391880887914e-10,-1.2010279944185687e-07,-2.3241996238594461e-10,1.2095487225140777e-07,2.0697520525835005e-10
3308.0,-1.4200890519067144e-08,1.4442608413979813e-10,-1.1982975742230728e-07,-2.1068274185773864e-10,1.2066828935318317e-07,1.866797646660403e-10
3309.0,-1.402481822343482e-08,1.3690836135126778e-10,-1.195243244135613e-07,-1.9043671963453882e-10,1.203443378506801e-07,1.678472765839924e-10
3310.0,-1.382773062719167e-08,1.2943306228619468e-10,-1.192044485655297e-07,-1.716263289348337e-10,1.2000377782432596e-07,1.504187086411995e-10
3311.0,-1.3597042936019932e-08,1.2203056458915684e-10,-1.1889439893025822e-07,-1.541948805033209e-10,1.1966936815071498e-07,1.343341900008667e-10
3312.0,-1.3394600789640165e-08,1.1472926345202513e-10,-1.185980770673778e-07,-1.3808476571177303e-10,1.1935208089678835e-07,1.19533217595902e-10
3313.0,-1.32741332092845e-08,1.0755553119745636e-10,-1.1830045700336744e-07,-1.2323766267331958e-10,1.1904285253497338e-07,1.0595486429808746e-10
3314.0,-1.3247996200060896e-08,1.0053368476455072e-10,-1.1799929447789403e-07,-1.0959474433756749e-10,1.1874065395052186e-07,9.353798799027177e-11
3315.0,-1.3169368345833377e-08,9.368596115091127e-11,-1.1770228966825891e-07,-9.709688750086829e-11,1.1843673946786514e-07,8.22214404792684e-11
3316.0,-1.298392296456008e-08,8.70325008650314e-11,-1.1740408035337824e-07,-8.568488164131893e-11,1.1811985582099279e-07,7.194427516322463e-11
3317.0,-1.2870016025123832e-08,8.059133944825843e-11,-1.1706544457076862e-07,-7.529963647247144e-11,1.1777077576817877e-07,6.264595235152686e-11
3318.0,-1.292282794662647e-08,7.43784071338369e-11,-1.1669393938304462e-07,-6.588238710341254e-11,1.1740730373733911e-07,5.4266541128652425e-11
3319.0,-1.3016315969505143e-08,6.840753672081985e-11,-1.1631811128870462e-07,-5.737489569574018e-11,1.170441262737668e-07,4.674691665557842e-11
3320.0,-1.3067947862710483e-08,6.269047975209773e-11,-1.1593351270655639e-07,-4.97196485190059e-11,1.1666769317091938e-07,4.002895181257973e-11
3321.0,-1.3071670773578958e-08,5.7236931094684844e-11,-1.1552633042213878e-07,-4.2860047323531685e-11,1.1626350071117774e-07,3.405570210423215e-11
3322.0,-1.3026227041468275e-08,5.2054562021236e-11,-1.1510093109179387e-07,-3.674059397134289e-11,1.1583568935839143e-07,2.8771582769643173e-11
3323.0,-1.3044195834588379e-08,4.714906188051313e-11,-1.1467253126923316e-07,-3.1307067290892615e-11,1.1541204647983827e-07,2.412253706759389e-11
3324.0,-1.3136582516226625e-08,4.2524188420764366e-11,-1.1426645351447773e-07,-2.6506691147546752e-11,1.1501909493202392e-07,2.0056194735894808e-11
3325.0,-1.3201374715610115e-08,3.818182679488436e-11,-1.1389870900949117e-07,-2.2288292748667748e-11,1.1466120620510973e-07,1.6522019655625545e-11
3326.0,-1.3244967789205475e-08,3.412205723054939e-11,-1.1357406074288812e-07,-1.8602450228944857e-11,1.1434376434841705e-07,1.3471445783383747e-11
3327.0,-1.3177574809120074e-08,3.0343231290662413e-11,-1.1326942250117211e-07,-1.540162858888334e-11,1.1403337472687105e-07,1.0858000449252711e-11
3328.0,-1.3014003513722727e-08,2.684205657812335e-11,-1.1295575658848422e-07,-1.2640303089204939e-11,1.1370297812252801e-07,8.637414156594604e-12
3329.0,-1.2880956051786185e-08,2.3613689654493218e-11,-1.1263472783282213e-07,-1.0275069239273115e-11,1.1336887113657772e-07,6.767716065442926e-12
3330.0,-1.2784876796123612e-08,2.0651836848681752e-11,-1.1232795522897465e-07,-8.264738561566883e-12,1.1305318483180646e-07,5.209314396308266e-12
3331.0,-1.2664870874257161e-08,1.794886253470051e-11,-1.1205813509052032e-07,-6.570419368796355e-12,1.1277155933224878e-07,3.9250610572995006e-12
3332.0,-1.2492949369447004e-08,1.5495904361552528e-11,-1.1183699051564577e-07,-5.155581856585528e-12,1.1253260074993473e-07,2.880299875311844e-12
