time_seconds,dir_raw,dir_bp,ortho_raw,ortho_bp,mag_raw,mag_bp
0.0,-6.6400802634092315e-09,3.1763178268060324e-09,-1.5391884868390382e-07,1.2534591224390226e-08,1.5406200909401057e-07,-1.3326271374439611e-08
1.0,-6.581137607097887e-09,3.4112127170656772e-09,-1.5318921216603276e-07,1.3168632249177743e-08,1.5333051260676513e-07,-1.3971698458694978e-08
2.0,-6.668216284699824e-09,3.650386821187215e-09,-1.524780266180803e-07,1.3807458008892588e-08,1.5262376521945573e-07,-1.4621803586644478e-08
3.0,-6.819931314128169e-09,3.893791488075394e-09,-1.5167352001785317e-07,1.4450587118632027e-08,1.5182677016170612e-07,-1.5276088060759588e-08
4.0,-6.835174343189365e-09,4.141374023044387e-09,-1.5082770867674844e-07,1.5097535844371518e-08,1.50982506645571e-07,-1.5934050748956126e-08
5.0,-6.7851307350430545e-09,4.393077602132591e-09,-1.5002209680439749e-07,1.5747819222919625e-08,1.5017545581312425e-07,-1.6595189251639292e-08
6.0,-6.822126863426092e-09,4.648841184448485e-09,-1.4922615158494135e-07,1.640095216698352e-08,1.493820127451514e-07,-1.7259001054955646e-08
7.0,-6.61093368936605e-09,4.908599423619126e-09,-1.4851398695212015e-07,1.7056450551412452e-08,1.4866105328787263e-07,-1.7924984666191236e-08
8.0,-6.101025656901626e-09,5.1722825793886525e-09,-1.4804990356928616e-07,1.7713832276879177e-08,1.4817555959381798e-07,-1.8592640727438133e-08
9.0,-5.5176309077253904e-09,5.4398164303661324e-09,-1.476249304986632e-07,1.8372618307480285e-08,1.477280080268093e-07,-1.9261473103862384e-08
10.0,-5.480781772870813e-09,5.711122188859487e-09,-1.470597354620573e-07,1.9032333678979415e-08,1.471618318824963e-07,-1.9930989943139563e-08
11.0,-5.1640457188195654e-09,5.9861164186670714e-09,-1.4667537500540062e-07,1.9692508474672934e-08,1.4676625293697786e-07,-2.0600704702870595e-08
12.0,-4.448614587815314e-09,6.264710956640683e-09,-1.464976920155514e-07,2.0352678766115615e-08,1.4656522076411675e-07,-2.1270137143040676e-08
13.0,-3.756261496290492e-09,6.546812838786533e-09,-1.4622270348013666e-07,2.1012387516196467e-08,1.4627094213639457e-07,-2.1938814280829875e-08
14.0,-3.394284631141886e-09,6.8323242316349215e-09,-1.4569994618088278e-07,2.167118544229458e-08,1.457394781288493e-07,-2.2606271305318797e-08
15.0,-3.107333806928736e-09,7.121142369589771e-09,-1.4506013036250098e-07,2.2328631837465838e-08,1.4509340765235842e-07,-2.3272052449849555e-08
16.0,-2.980475227731816e-09,7.41315949897293e-09,-1.4435959669670262e-07,2.2984295347809116e-08,1.4439036114304083e-07,-2.3935711819998088e-08
17.0,-2.884126382163288e-09,7.708262829505747e-09,-1.4364792857296527e-07,2.3637754704338916e-08,1.436768790317079e-07,-2.4596814175291403e-08
18.0,-2.607596000236967e-09,8.006334494013053e-09,-1.4302625877052333e-07,2.4288599407859557e-08,1.4305002710518147e-07,-2.525493566297215e-08
19.0,-2.2141732614056053e-09,8.307251517180077e-09,-1.4256407641910496e-07,2.4936430365504438e-08,1.4258126962705838e-07,-2.5909664502282796e-08
20.0,-1.9208201140763492e-09,8.610885794231959e-09,-1.421275237327435e-07,2.5580860477778497e-08,1.4214050285654758e-07,-2.656060161791854e-08
21.0,-1.698138601957666e-09,8.917104080436803e-09,-1.4162766663258775e-07,2.6221515175122896e-08,1.4163784674479793e-07,-2.720736122148172e-08
22.0,-1.5720438006905368e-09,9.225767992359467e-09,-1.4100807288822126e-07,2.6858032903202827e-08,1.4101683566638846e-07,-2.784957133995586e-08
23.0,-1.6611363118368416e-09,9.536734021817444e-09,-1.4033610084424053e-07,2.7490065556296764e-08,1.4034593180427906e-07,-2.8486874290399127e-08
24.0,-1.802322346922125e-09,9.849853563509859e-09,-1.3968698648128552e-07,2.8117278858335926e-08,1.396986133004371e-07,-2.911892710023229e-08
25.0,-1.6230255472926558e-09,1.0164972957298528e-08,-1.391499239618288e-07,2.8739352691308478e-08,1.391593890131381e-07,-2.9745401872667633e-08
26.0,-1.2935161275429152e-09,1.0481933546106231e-08,-1.3859179922789955e-07,2.9355981370909142e-08,1.3859783547082773e-07,-3.036598609699731e-08
27.0,-1.0595234967158973e-09,1.0800571750355135e-08,-1.37933666426171e-07,2.996687386948429e-08,1.3793773567739289e-07,-3.098038290363563e-08
28.0,-1.029232060689722e-09,1.1120719159798437e-08,-1.3719701169589982e-07,3.057175398649573e-08,1.372008722163224e-07,-3.158831126398977e-08
29.0,-9.194620897989836e-10,1.1442202643507486e-08,-1.3656224937680372e-07,3.117036046690283e-08,1.365653446720174e-07,-3.2189506135417375e-08
30.0,-6.770578264703175e-10,1.176484447867125e-08,-1.3604956308060911e-07,3.176244706804299e-08,1.3605124777717044e-07,-3.2783718551717935e-08
31.0,-2.999455128716022e-10,1.2088462498745765e-08,-1.356043536106244e-07,3.234778257577742e-08,1.356046853374394e-07,-3.337071565980088e-08
32.0,9.820955160222411e-11,1.2412870261356906e-08,-1.3523974306747788e-07,3.2926150770863365e-08,1.3523977872679863e-07,-3.395028070337685e-08
33.0,3.8647404720926204e-10,1.2737877236212512e-08,-1.3486076901395028e-07,3.3497350346711825e-08,1.348613227772263e-07,-3.452221295472678e-08
34.0,7.164791537839221e-10,1.306328901312565e-08,-1.3449425364728262e-07,3.406119477988448e-08,1.3449616205125483e-07,-3.508632759580926e-08
35.0,1.2073535504697475e-09,1.3388907530096735e-08,-1.3416396602364267e-07,3.461751215486818e-08,1.3416939845504627e-07,-3.564245555016273e-08
36.0,1.943867372622421e-09,1.3714531321252447e-08,-1.3403247736340496e-07,3.516614494483453e-08,1.3404657253557067e-07,-3.619044326724067e-08
37.0,2.6041489242789595e-09,1.403995578429727e-08,-1.3383640522918183e-07,3.570694975024236e-08,1.3386173820883096e-07,-3.6730152460981066e-08
38.0,2.951105831927592e-09,1.4364973467004834e-08,-1.3343774063478975e-07,3.623979699726824e-08,1.3347036993785797e-07,-3.726145980455243e-08
39.0,3.1079038786963054e-09,1.4689374372169583e-08,-1.3285656877762286e-07,3.676457059815166e-08,1.3289291528852262e-07,-3.7784256583333345e-08
40.0,3.2650327719263572e-09,1.501294628035961e-08,-1.3220051630485896e-07,3.728116757561404e-08,1.322408293617105e-07,-3.8298448308269026e-08
41.0,3.52148263327301e-09,1.533547508975527e-08,-1.317052431629162e-07,3.7789497653560476e-08,1.3175231275594114e-07,-3.880395429181147e-08
42.0,3.836071738039237e-09,1.5656745172314037e-08,-1.313749190025304e-07,3.8289482816308436e-08,1.3143091260925188e-07,-3.9300707188699073e-08
43.0,4.192183378215475e-09,1.5976539745458914e-08,-1.3115877117372832e-07,3.878105683862057e-08,1.3122575074000915e-07,-3.978865250387779e-08
44.0,4.526713337504873e-09,1.6294641258440793e-08,-1.3083106832970093e-07,3.9264164788851114e-08,1.3090935632692882e-07,-4.026774806991291e-08
45.0,4.725192320753635e-09,1.6610831792475765e-08,-1.3036176137529165e-07,3.973876250754486e-08,1.3044736973713417e-07,-4.073796349628346e-08
46.0,4.7998876262500545e-09,1.6924893473710445e-08,-1.2980300688816837e-07,4.020481606384642e-08,1.2989172228604298e-07,-4.119927959298449e-08
47.0,4.772195361102405e-09,1.723660889802298e-08,-1.2926035995730611e-07,4.06623011920828e-08,1.293484228928087e-07,-4.1651687770881255e-08
48.0,5.006130066043113e-09,1.754576156662148e-08,-1.2885195989700837e-07,4.1111202710877266e-08,1.2894917179857494e-07,-4.209518942126865e-08
49.0,5.445349476884687e-09,1.785213633134884e-08,-1.285167762106465e-07,4.155151392714444e-08,1.2863208619354195e-07,-4.252979527709462e-08
50.0,5.891331505969433e-09,1.8155519848537883e-08,-1.2824282298942724e-07,4.1983236027310535e-08,1.2837807225227678e-07,-4.2955524758314926e-08
51.0,6.0714817895490825e-09,1.8455701040185202e-08,-1.2785812057020118e-07,4.240637745809975e-08,1.2800219485174827e-07,-4.337240530385782e-08
52.0,6.035379085389536e-09,1.87524715611332e-08,-1.273878091206937e-07,4.28209532992234e-08,1.2753070106164495e-07,-4.3780471692687424e-08
53.0,6.106318478638073e-09,1.9045626270874966e-08,-1.269173962661907e-07,4.322698463029952e-08,1.2706420660576224e-07,-4.417976535645942e-08
54.0,6.287482201550176e-09,1.933496370852578e-08,-1.2640159341090196e-07,4.3624497894316335e-08,1.2655787312233792e-07,-4.4570333686261844e-08
55.0,6.608581487599352e-09,1.9620286569430953e-08,-1.260799747347663e-07,4.4013524259936604e-08,1.2625305294683986e-07,-4.495222933593061e-08
56.0,7.084993564054898e-09,1.990140218179564e-08,-1.2595639073756382e-07,4.439409898492642e-08,1.261554973096161e-07,-4.532550952442961e-08
57.0,7.527511475258208e-09,2.017812298162933e-08,-1.2591126211797254e-07,4.4766260782983845e-08,1.2613607476511598e-07,-4.569023533979021e-08
58.0,7.933237483603861e-09,2.0450266984202548e-08,-1.2583508082406047e-07,4.5130051196235604e-08,1.2608490719736875e-07,-4.604647104711126e-08
59.0,8.389495070870723e-09,2.0717658250128056e-08,-1.2567585146172622e-07,4.548551397565634e-08,1.25955560687784e-07,-4.639428340311893e-08
60.0,8.852501315326222e-09,2.0980127344111073e-08,-1.2538103221979013e-07,4.583269447163414e-08,1.2569315820695215e-07,-4.673374097976601e-08
61.0,9.162444802868208e-09,2.123751178436871e-08,-1.2502670772643332e-07,4.6171639036852695e-08,1.2536198801740736e-07,-4.706491349930568e-08
62.0,9.290168134779009e-09,2.1489656480699084e-08,-1.2467960379750065e-07,4.6502394443585366e-08,1.2502524075991295e-07,-4.738787118320675e-08
63.0,9.465213612891432e-09,2.1736414159185016e-08,-1.2438680530718615e-07,4.6825007317406125e-08,1.2474641318797706e-07,-4.770268411719176e-08
64.0,9.790139060550374e-09,2.1977645771541466e-08,-1.242249372881976e-07,4.7139523589224124e-08,1.2461011944092478e-07,-4.800942163458413e-08
65.0,1.0195857158556976e-08,2.2213220887154138e-08,-1.241086251303758e-07,4.744598796744915e-08,1.245267293995544e-07,-4.830815172005222e-08
66.0,1.0572003522613116e-08,2.24430180659032e-08,-1.238992353540247e-07,4.7744443431994896e-08,1.243494583011689e-07,-4.8598940435738e-08
67.0,1.0788963444863242e-08,2.2666925209921823e-08,-1.23614922357268e-07,4.803493075172363e-08,1.2408485307082406e-07,-4.888185137165311e-08
68.0,1.081657494128585e-08,2.2884839892507712e-08,-1.2336142520691373e-07,4.8317488026825975e-08,1.2383472664217184e-07,-4.9156945122112386e-08
69.0,1.0808233280590329e-08,2.3096669662490427e-08,-1.2311761809699617e-07,4.859215025751185e-08,1.2359112343742757e-07,-4.9424278789852045e-08
70.0,1.0895260860177558e-08,2.3302332322454996e-08,-1.2286289546858953e-07,4.88589489402661e-08,1.2334503553907987e-07,-4.968390551935065e-08
71.0,1.1087965684497547e-08,2.3501756179325778e-08,-1.2265177391779236e-07,4.9117911692798245e-08,1.2315194122790693e-07,-4.9935874060738844e-08
72.0,1.1347204897926844e-08,2.3694880265915068e-08,-1.2243003641790318e-07,4.936906190869273e-08,1.229547594698336e-07,-5.018022836555241e-08
73.0,1.1516418735313394e-08,2.3881654532135923e-08,-1.2216007674523133e-07,4.961241844264511e-08,1.2270172065170027e-07,-5.041700721545413e-08
74.0,1.1537663491267836e-08,2.4062040004670212e-08,-1.218694747825988e-07,4.984799532705172e-08,1.2241440504542028e-07,-5.064624388492272e-08
75.0,1.1668107285922602e-08,2.4236008913975584e-08,-1.2174425084374163e-07,5.00758015206053e-08,1.223021150313423e-07,-5.0867965838782954e-08
76.0,1.1972383334724057e-08,2.4403544787611625e-08,-1.217796921290648e-07,5.029584068943864e-08,1.2236679033856934e-07,-5.1082194465329986e-08
77.0,1.2258155490663114e-08,2.4564642508964926e-08,-1.2170789061641263e-07,5.050811102125314e-08,1.223236404556778e-07,-5.128894484568439e-08
78.0,1.241094399473397e-08,2.471930834055494e-08,-1.2149072748518508e-07,5.071260507276556e-08,1.2212300518624625e-07,-5.148822555989899e-08
79.0,1.2515510267041563e-08,2.486755991121018e-08,-1.2128904744793112e-07,5.0909309650701297e-08,1.2193305961908324e-07,-5.1680038530220155e-08
80.0,1.2657892456413578e-08,2.5009426166521406e-08,-1.2119391858828044e-07,5.109820572645132e-08,1.2185314170845527e-07,-5.1864378901780977e-08
81.0,1.2895151113578862e-08,2.514494728210593e-08,-1.2122427655095191e-07,5.12792683843958e-08,1.2190820377457664e-07,-5.20412349608735e-08
82.0,1.3182896413388434e-08,2.5274174539353468e-08,-1.2129525336565528e-07,5.145246680378195e-08,1.220095375242634e-07,-5.2210588090814754e-08
83.0,1.340841679353666e-08,2.5397170163467337e-08,-1.2127265889422256e-07,5.161776427392918e-08,1.220116528704683e-07,-5.2372412765288345e-08
84.0,1.345216699144558e-08,2.551400712376644e-08,-1.2106525563992943e-07,5.1775118242415837e-08,1.2181033174541148e-07,-5.252667657890546e-08
85.0,1.3310719026993212e-08,2.5624768896376456e-08,-1.2072340859967112e-07,5.192448039577684e-08,1.2145499835304724e-07,-5.267334031458322e-08
86.0,1.3133244491925211e-08,2.572954918961242e-08,-1.2042540967552307e-07,5.2065796772109706e-08,1.211394296106856e-07,-5.281235804718393e-08
87.0,1.3121885328315486e-08,2.582845163253447e-08,-1.2034825530929383e-07,5.2199007904854614e-08,1.2106149854747557e-07,-5.294367728270422e-08
88.0,1.3337962345705279e-08,2.5921589427333896e-08,-1.2047272677020993e-07,5.2324048996892095e-08,1.212088244930422e-07,-5.306723913215776e-08
89.0,1.3585819719219572e-08,2.600908496637029e-08,-1.2057685109395644e-07,5.244085012399526e-08,1.2133981834986106e-07,-5.3182978519166776e-08
90.0,1.3639659984798769e-08,2.6091069414831266e-08,-1.2049420645629527e-07,5.254933646658035e-08,1.2126373783630963e-07,-5.329082442016385e-08
91.0,1.352076298144489e-08,2.6167682260130708e-08,-1.2030307533147933e-07,5.264942856861198e-08,1.2106048474135564e-07,-5.339070013599784e-08
92.0,1.3393675224460111e-08,2.623907082930668e-08,-1.2014288630277092e-07,5.2741042622431007e-08,1.2088715260596908e-07,-5.348252359362906e-08
93.0,1.334770324823431e-08,2.630538977582828e-08,-1.200673996407109e-07,5.2824090778183045e-08,1.208070430003363e-07,-5.356620767648864e-08
94.0,1.3397467441000899e-08,2.6366800537366125e-08,-1.20074019949179e-07,5.289848147644031e-08,1.2081913093789622e-07,-5.364166058197096e-08
95.0,1.3475474930357834e-08,2.642347076621717e-08,-1.2010264588413477e-07,5.2964119802534096e-08,1.2085625334656281e-07,-5.370878620443396e-08
96.0,1.3492482547894369e-08,2.6475573734198058e-08,-1.200803343322232e-07,5.3020907861052456e-08,1.2083597882519814e-07,-5.37674845420013e-08
97.0,1.3400896309301302e-08,2.6523287713934456e-08,-1.1999206177976118e-07,5.30687451689044e-08,1.2073805908681268e-07,-5.381765212539048e-08
98.0,1.3350255789745802e-08,2.6566795338580238e-08,-1.1997537868041475e-07,5.310752906530619e-08,1.207158681332349e-07,-5.38591824669299e-08
99.0,1.3454846486959937e-08,2.6606282942101865e-08,-1.2011190434618735e-07,5.313715513700537e-08,1.2086315592294996e-07,-5.389196652787255e-08
100.0,1.3648271846022908e-08,2.6641939882358782e-08,-1.20305596467557e-07,5.315751765702546e-08,1.2107729707008497e-07,-5.391589320206712e-08
101.0,1.3783810787204587e-08,2.667395784929955e-08,-1.2043622922910946e-07,5.316851003518834e-08,1.2122243501408498e-07,-5.3930849814008684e-08
102.0,1.3800908887917629e-08,2.670253016067825e-08,-1.2049488505583295e-07,5.3170025278649756e-08,1.2128265502845407e-07,-5.393672262925605e-08
103.0,1.3748244181988056e-08,2.6727851047781994e-08,-1.205614014627987e-07,5.316195646066069e-08,1.2134276138592564e-07,-5.3933397375168635e-08
104.0,1.3783520769194979e-08,2.675011493375097e-08,-1.2074760829053344e-07,5.314419719574242e-08,1.2153176684587008e-07,-5.3920759769877275e-08
105.0,1.3950212734981093e-08,2.6769515707167315e-08,-1.210478004359805e-07,5.3116642119435117e-08,1.2184899846014407e-07,-5.389869605736321e-08
106.0,1.4100188711063666e-08,2.6786245993684378e-08,-1.2131901450107563e-07,5.307918737075136e-08,1.2213565655122916e-07,-5.38670935464781e-08
107.0,1.398532153973342e-08,2.6800496428562442e-08,-1.2139527775373304e-07,5.30317310754359e-08,1.2219821062305177e-07,-5.382584115169561e-08
108.0,1.3637161372370699e-08,2.681245493307159e-08,-1.2127972146350197e-07,5.297417382809758e-08,1.220440207816864e-07,-5.377482993333812e-08
109.0,1.3167909845845926e-08,2.6822305997818055e-08,-1.211047767728235e-07,5.290641917123868e-08,1.2181855690699893e-07,-5.371395363496958e-08
110.0,1.2818343608778093e-08,2.6830229976140534e-08,-1.210465813174244e-07,5.282837406916469e-08,1.2172339455301326e-07,-5.364310921559256e-08
111.0,1.2650983594042486e-08,2.6836402390795722e-08,-1.211538702278192e-07,5.2739949374724624e-08,1.2181259235840927e-07,-5.356219737424635e-08
112.0,1.2521579606517008e-08,2.6840993257193914e-08,-1.2130974976626296e-07,5.264106028681918e-08,1.2195427562900645e-07,-5.3471123064585097e-08
113.0,1.2199751042718532e-08,2.6844166426449347e-08,-1.213556071882893e-07,5.25316267966255e-08,1.2196727971690886e-07,-5.3369795997025944e-08
114.0,1.1656403425819306e-08,2.6846078951476953e-08,-1.2129192395599064e-07,5.241157412052171e-08,1.2185073884786775e-07,-5.325813112609508e-08
115.0,1.1135221134050965e-08,2.6846880479301405e-08,-1.2122513955159508e-07,5.228083311774668e-08,1.2173548212829288e-07,-5.313604912065926e-08
116.0,1.0782748388615815e-08,2.68467126726451e-08,-1.212410845261025e-07,5.213934069089963e-08,1.2171962964073512e-07,-5.3003476814810445e-08
117.0,1.0570242847673939e-08,2.684570866372347e-08,-1.2137692416772095e-07,5.19870401674728e-08,1.218363154165271e-07,-5.286034763727453e-08
118.0,1.0450270454542832e-08,2.6843992542991893e-08,-1.2158600403572306e-07,5.1823881660722856e-08,1.220342760454945e-07,-5.270660201734748e-08
119.0,1.029077190128902e-08,2.6841678885358845e-08,-1.217696416512537e-07,5.164982240832371e-08,1.2220370540290135e-07,-5.254218776552295e-08
120.0,1.0051785237497057e-08,2.6838872316111603e-08,-1.2190624872759903e-07,5.146482708740173e-08,1.2231995693792572e-07,-5.2367060427161674e-08
121.0,9.943024653624732e-09,2.6835667118503297e-08,-1.2213041404932068e-07,5.1268868104728575e-08,1.2253449218534795e-07,-5.218118360775773e-08
122.0,1.0155248586496413e-08,2.683214688463104e-08,-1.2253225004088542e-07,5.1061925861032665e-08,1.2295235408049575e-07,-5.198452926857471e-08
123.0,1.0516832210649696e-08,2.6828384210898797e-08,-1.2304129211326842e-07,5.084398898858481e-08,1.2348993207808322e-07,-5.177707799165411e-08
124.0,1.0742116945960944e-08,2.6824440439012274e-08,-1.2353297133144148e-07,5.06150545614145e-08,1.2399914549082766e-07,-5.1558819213433586e-08
125.0,1.08115299213285e-08,2.6820365443107864e-08,-1.239663693745896e-07,5.037512827771385e-08,1.2443693147597688e-07,-5.132975142644876e-08
126.0,1.0896584357045214e-08,2.6816197463286517e-08,-1.2439076578843467e-07,5.01242246141788e-08,1.248671220301141e-07,-5.1089882348818595e-08
127.0,1.1121360027344096e-08,2.681196298551609e-08,-1.2489272472812618e-07,4.986236695221561e-08,1.2538691055637867e-07,-5.083922906142464e-08
128.0,1.1515730730105034e-08,2.6807676667583155e-08,-1.254943042677814e-07,4.958958767610202e-08,1.2602155552881732e-07,-5.0577818112886066e-08
129.0,1.1898543927912897e-08,2.6803341310516136e-08,-1.2612373600021098e-07,4.9305928243337447e-08,1.2668374848517622e-07,-5.0305685592605065e-08
130.0,1.2164822427163102e-08,2.6798947874667824e-08,-1.2663529611739444e-07,4.9011439227543846e-08,1.272182421173339e-07,-5.0022877172310153e-08
131.0,1.2175844887885034e-08,2.6794475539442413e-08,-1.2696463546138514e-07,4.870618033438577e-08,1.275471279824687e-07,-4.972944811665492e-08
132.0,1.1951530959342094e-08,2.6789891805486337e-08,-1.271989926408812e-07,4.8390220391062925e-08,1.277592377134705e-07,-4.942546326353414e-08
133.0,1.1862708371168651e-08,2.6785152638032134e-08,-1.2753272940133065e-07,4.806363730999334e-08,1.2808325776014764e-07,-4.91109969748601e-08
134.0,1.2021670880990598e-08,2.6780202649981734e-08,-1.2805301387655565e-07,4.7726518027356557e-08,1.2861607572010667e-07,-4.8786133058607246e-08
135.0,1.223969101071809e-08,2.677497532322745e-08,-1.2866033966343893e-07,4.7378958417214016e-08,1.2924122035306434e-07,-4.8450964662993304e-08
136.0,1.2282512923400546e-08,2.6769393266627796e-08,-1.2918991854418693e-07,4.7021063181971395e-08,1.2977247465147282e-07,-4.810559414372383e-08
137.0,1.2051419751024639e-08,2.67633685089825e-08,-1.2962235890548457e-07,4.665294571999349e-08,1.3018138363928094e-07,-4.7750132905283876e-08
138.0,1.1846138348037272e-08,2.6756802825291093e-08,-1.3003510721323885e-07,4.6274727971220694e-08,1.305735811782742e-07,-4.738470121730775e-08
139.0,1.1776366076743372e-08,2.674958809453452e-08,-1.3052017083098333e-07,4.588654024166335e-08,1.3105036356959315e-07,-4.700942800709317e-08
140.0,1.1836203073212204e-08,2.674160668718219e-08,-1.3104243124298365e-07,4.548852100766778e-08,1.3157588870785718e-07,-4.6624450629349926e-08
141.0,1.1834071389493772e-08,2.67327318805911e-08,-1.314957157674823e-07,4.5080816700858724e-08,1.3202715065793905e-07,-4.622991461429069e-08
142.0,1.1708137959143272e-08,2.6722828300425684e-08,-1.3184841361410515e-07,4.4663581474670114e-08,1.3236723411413598e-07,-4.582597339518514e-08
143.0,1.1569890906448776e-08,2.6711752386189642e-08,-1.32128162882994e-07,4.423697695338051e-08,1.3263375815538863e-07,-4.5412788016509066e-08
144.0,1.1375644287658915e-08,2.669935287892792e-08,-1.3248360968692863e-07,4.3801171964573315e-08,1.329710950494046e-07,-4.4990526823828926e-08
145.0,1.130957594241977e-08,2.6685471329127422e-08,-1.32949186205239e-07,4.3356342255948764e-08,1.3342935441885592e-07,-4.455936513657428e-08
146.0,1.1405843519662895e-08,2.6669942622816147e-08,-1.3354723902084253e-07,4.2902670197430586e-08,1.3403342238592985e-07,-4.41194849048703e-08
147.0,1.1534486726860749e-08,2.6652595523829276e-08,-1.3413410528823055e-07,4.244034446953729e-08,1.3462912978076567e-07,-4.3671074351633855e-08
148.0,1.1470143918002051e-08,2.6633253230179118e-08,-1.347119989586476e-07,4.1969559739024004e-08,1.3519943367090838e-07,-4.3214327601176235e-08
149.0,1.1349076289857152e-08,2.661173394243913e-08,-1.352776346150164e-07,4.149051632284064e-08,1.3575286354131498e-07,-4.274944429559806e-08
150.0,1.1270125721551949e-08,2.658785144203578e-08,-1.3588620306065335e-07,4.100341984148907e-08,1.3635276277369926e-07,-4.227662920030063e-08
151.0,1.128701143660038e-08,2.656141567733737e-08,-1.365531731474523e-07,4.050848086289382e-08,1.37018851709566e-07,-4.179609179996986e-08
152.0,1.1325110127469173e-08,2.6532233355432803e-08,-1.3721672733474355e-07,4.0005914537926114e-08,1.3768329012576893e-07,-4.1308045886413434e-08
153.0,1.1326896920405005e-08,2.650010853750326e-08,-1.3778226710947639e-07,3.949594022873924e-08,1.3824706768562067e-07,-4.0812709139647886e-08
154.0,1.118914111364333e-08,2.6464843235706113e-08,-1.3825297444716722e-07,3.897878113108343e-08,1.3870501729335568e-07,-4.03103027036402e-08
155.0,1.0942907885391762e-08,2.6426238009515112e-08,-1.386750908757839e-07,3.845466389177029e-08,1.3910617550056894e-07,-3.9801050758106395e-08
156.0,1.074623728891666e-08,2.638409255949474e-08,-1.3916000286134933e-07,3.792381822245347e-08,1.39574310000947e-07,-3.928518008776124e-08
157.0,1.0721604937202756e-08,2.6338206316526134e-08,-1.3979681716402848e-07,3.738647651088811e-08,1.4020735680278072e-07,-3.876291965040372e-08
158.0,1.0786526560835341e-08,2.6288379024541786e-08,-1.4054873333224638e-07,3.6842873430833075e-08,1.4096203601163864e-07,-3.823450014521796e-08
159.0,1.0768299640862011e-08,2.6234411314863154e-08,-1.4127380509182386e-07,3.6293245551768334e-08,1.4168360625802134e-07,-3.770015358267131e-08
160.0,1.066620841649879e-08,2.6176105270272152e-08,-1.4198423557362783e-07,3.5737830949611745e-08,1.4238430796057418e-07,-3.716011285739688e-08
161.0,1.0649001902507393e-08,2.6113264976988827e-08,-1.4274920368331778e-07,3.517686881962887e-08,1.4314585706104438e-07,-3.661461132544954e-08
162.0,1.0666665689607058e-08,2.6045697062778634e-08,-1.4358409729242627e-07,3.461059909272972e-08,1.4397975813361674e-07,-3.6063882387316476e-08
163.0,1.074981501036909e-08,2.597321121947435e-08,-1.444231525968287e-07,3.4039262056333874e-08,1.4482266925023867e-07,-3.5508159078041484e-08
164.0,1.0911280240444299e-08,2.589562070827017e-08,-1.4523201593424906e-07,3.3463097980958314e-08,1.456413213645478e-07,-3.4947673665784633e-08
165.0,1.0960886254185453e-08,2.5812742846231063e-08,-1.459854137297878e-07,3.288234675363787e-08,1.463963184282122e-07,-3.4382657260082854e-08
166.0,1.0857805238240203e-08,2.572439947256261e-08,-1.4667181621325076e-07,3.229724751922495e-08,1.4707315732615917e-07,-3.381333943100065e-08
167.0,1.0815640605343901e-08,2.5630417393309604e-08,-1.4729400270308002e-07,3.170803833053272e-08,1.476905593259058e-07,-3.3239947840263015e-08
168.0,1.081638920097383e-08,2.553062880329529e-08,-1.479029941992005e-07,3.1114955808187434e-08,1.4829797695328038e-07,-3.266270788534765e-08
169.0,1.0747190498650028e-08,2.5424871684275252e-08,-1.4855364130830773e-07,3.051823481094546e-08,1.4894188950584596e-07,-3.208184235738612e-08
170.0,1.0614072537551422e-08,2.5312990178455694e-08,-1.491662188143894e-07,2.991810811711552e-08,1.4954336953277035e-07,-3.1497571113589184e-08
171.0,1.0386705995291123e-08,2.519483493671298e-08,-1.4969385092947207e-07,2.9314806117610557e-08,1.5005376592251067e-07,-3.091011076477642e-08
172.0,9.899139979951954e-09,2.5070263441047726e-08,-1.5027543436366142e-07,2.87085565210405e-08,1.5060112597696538e-07,-3.031967437845629e-08
173.0,9.562716674071936e-09,2.4939140301008035e-08,-1.5088945432700784e-07,2.809958407114892e-08,1.5119217234133107e-07,-2.9726471197774658e-08
174.0,9.508381942913147e-09,2.4801337524015775e-08,-1.5154436965383877e-07,2.748811027679606e-08,1.5184236991351146e-07,-2.9130706376528373e-08
175.0,9.115382698654528e-09,2.4656734759718635e-08,-1.5226432916945476e-07,2.687435315459895e-08,1.525369336887529e-07,-2.853258073032976e-08
176.0,8.514926180813731e-09,2.4505219518664525e-08,-1.5281321337143328e-07,2.6258526984257382e-08,1.5305026020483565e-07,-2.7932290503907465e-08
177.0,8.220161273886362e-09,2.4346687365752634e-08,-1.5315107736169065e-07,2.56408420765194e-08,1.5337152130827697e-07,-2.7330027154436893e-08
178.0,7.526721357287158e-09,2.4181042089056707e-08,-1.5361710239622517e-07,2.5021504553672034e-08,1.5380138387869782e-07,-2.6725977150709816e-08
179.0,6.639828409316095e-09,2.4008195844735938e-08,-1.5410077845029457e-07,2.4400716142384753e-08,1.5424375916156845e-07,-2.6120321787880198e-08
180.0,6.5845365548877766e-09,2.382806927883984e-08,-1.5451249879561146e-07,2.377867397869125e-08,1.5465273487949214e-07,-2.551323701746877e-08
181.0,6.409822700392809e-09,2.364059162686843e-08,-1.5517863219058348e-07,2.3155570424876055e-08,1.5531095813106963e-07,-2.4904893292279468e-08
182.0,5.657392582181231e-09,2.344570079196569e-08,-1.5590952566826854e-07,2.253159289803843e-08,1.5601213505664683e-07,-2.4295455425878593e-08
183.0,5.615622800103637e-09,2.3243343402606898e-08,-1.5644264637557082e-07,2.190692371013583e-08,1.5654340236632442e-07,-2.3685082466310894e-08
184.0,5.54886525616638e-09,2.3033474850599106e-08,-1.571867217636802e-07,2.1281739919357115e-08,1.57284631812659e-07,-2.307392758376977e-08
185.0,4.801231578976939e-09,2.2816059310156274e-08,-1.5805581239300426e-07,2.0656213192736287e-08,1.5812871863101758e-07,-2.2462137971994964e-08
186.0,5.048208601143855e-09,2.2591069738741098e-08,-1.587757480665808e-07,2.0030509679984618e-08,1.5885598063712615e-07,-2.184985476323508e-08
187.0,5.3283918111102224e-09,2.235848786028855e-08,-1.597206726010325e-07,1.9404789898588755e-08,1.5980952729865302e-07,-2.1237212956678743e-08
188.0,4.653949198241136e-09,2.2118304131347527e-08,-1.607351619858921e-07,1.877920863028888e-08,1.6080252343097974e-07,-2.062434136032263e-08
189.0,4.921783536282476e-09,2.187051769060377e-08,-1.6153245287545137e-07,1.8153914829109433e-08,1.6160741717241179e-07,-2.0011362546299937e-08
190.0,5.180085665967837e-09,2.1615136292188656e-08,-1.62468924438941e-07,1.7529051541157644e-08,1.6255148321640468e-07,-1.9398392819733752e-08
191.0,4.469895037439997e-09,2.1352176223139886e-08,-1.634129020398889e-07,1.6904755836429163e-08,1.6347402397550522e-07,-1.8785542201200676e-08
192.0,4.736202180444238e-09,2.1081662205363824e-08,-1.640543209058265e-07,1.6281158752861547e-08,1.6412267308012609e-07,-1.8172914422888547e-08
193.0,4.830875366401699e-09,2.0803627282456526e-08,-1.6478480419773733e-07,1.565838525285607e-08,1.6485560060638624e-07,-1.7560606938508606e-08
194.0,3.881790888726755e-09,2.051811269177103e-08,-1.6550629575173836e-07,1.50365541924484e-08,1.6555181132795162e-07,-1.6948710946979297e-08
195.0,3.903261408533254e-09,2.022516772216993e-08,-1.6609537569628463e-07,1.4415778303253985e-08,1.6614123292341756e-07,-1.633731142984062e-08
196.0,3.8310699335131204e-09,1.992484955797125e-08,-1.6697227884013288e-07,1.3796164187250807e-08,1.670162237565637e-07,-1.5726487202291573e-08
197.0,3.1099763597719488e-09,1.9617223109675802e-08,-1.678800798411706e-07,1.3177812324394812e-08,1.6790888350660948e-07,-1.5116310977673036e-08
198.0,3.2415413686592842e-09,1.9302360832149856e-08,-1.6861247554428305e-07,1.2560817092993511e-08,1.6864363166042227e-07,-1.45068494451464e-08
199.0,2.7436805882796733e-09,1.898034253102615e-08,-1.69294777554313e-07,1.1945266802688537e-08,1.693170088630638e-07,-1.3898163360241593e-08
200.0,1.7332224266919383e-09,1.8651255158179927e-08,-1.6971515250444047e-07,1.133124373981484e-08,1.6972400257354843e-07,-1.3290307647864307e-08
201.0,1.3323062930670204e-09,1.8315192597232565e-08,-1.7005066040715056e-07,1.0718824224811721e-08,1.7005587947779573e-07,-1.2683331517259573e-08
202.0,4.077684023773287e-10,1.79722554401272e-08,-1.7045677936158854e-07,1.0108078681266242e-08,1.70457267094704e-07,-1.2077278588334023e-08
203.0,-3.450197905152663e-10,1.7622550755896355e-08,-1.707897758565502e-07,9.499071716082323e-09,1.7079012435087253e-07,-1.1472187028653985e-08
204.0,-6.864668833372889e-10,1.7266191852789064e-08,-1.7125751481869567e-07,8.891862210201764e-09,1.712588906266115e-07,-1.086808970037173e-08
205.0,-1.6907517330633226e-09,1.69032980349365e-08,-1.7172424589609325e-07,8.286503419264948e-09,1.717325690426972e-07,-1.0265014316296764e-08
206.0,-2.258758347029044e-09,1.6533994354710034e-08,-1.7211142871315088e-07,7.683043083591793e-09,1.7212624983700857e-07,-9.662983604326247e-09
207.0,-2.7319807804904173e-09,1.615841136186525e-08,-1.727268803645987e-07,7.081523546887137e-09,1.7274848456490542e-07,-9.062015479476645e-09
208.0,-3.6484034127148846e-09,1.5776684850473084e-08,-1.7336785557500733e-07,6.4819818831266245e-09,1.7340624035523782e-07,-8.462123222815563e-09
209.0,-3.776981727376949e-09,1.5388955604515498e-08,-1.7410910397447354e-07,5.8844500311549565e-09,1.7415006654538774e-07,-7.863315666673636e-09
210.0,-4.02651323394565e-09,1.4995369142872294e-08,-1.750856375749843e-07,5.288954936623616e-09,1.7513193110869844e-07,-7.265597385616296e-09
211.0,-4.648389312356116e-09,1.4596075464252887e-08,-1.7592437624724955e-07,4.695518701000678e-09,1.7598577692865707e-07,-6.6689688927658655e-09
212.0,-4.4349131311793855e-09,1.4191228792441961e-08,-1.7677294762361018e-07,4.104158737491654e-09,1.7682857084199017e-07,-6.0734268411755e-09
213.0,-4.692926297567013e-09,1.3780987322042114e-08,-1.7769124867339503e-07,3.5148879338070216e-09,1.7775320928845337e-07,-5.478964230057918e-09
214.0,-5.06189071214358e-09,1.3365512964720638e-08,-1.7845106176431202e-07,2.9277148217911004e-09,1.785228393858668e-07,-4.885570615756236e-09
215.0,-4.61963026165968e-09,1.294497109581032e-08,-1.7935866666179967e-07,2.3426437539849836e-09,1.7941814927830743e-07,-4.293232327407862e-09
216.0,-4.843816320265759e-09,1.2519530300983423e-08,-1.8032496830466815e-07,1.759675087232045e-09,1.803900128904703e-07,-3.7019326872945015e-09
217.0,-4.991328017567298e-09,1.2089362122620995e-08,-1.8114453243650575e-07,1.1788053734482246e-09,1.8121328590094942e-07,-3.1116522358924553e-09
218.0,-4.581863860542157e-09,1.1654640805442283e-08,-1.8218329259772625e-07,6.000275576701448e-10,1.8224089985013047e-07,-2.5223689616366e-09
219.0,-5.028250815719559e-09,1.1215543040947589e-08,-1.8316237231433274e-07,2.3331183459910847e-11,1.8323137814817645e-07,-1.934058535387233e-09
220.0,-5.113434065062705e-09,1.0772247710265146e-08,-1.83941813076266e-07,-5.512973943157322e-10,1.840128740216883e-07,-1.3466945495391444e-09
221.0,-5.0566348885894286e-09,1.03249356250788e-08,-1.8478590207635093e-07,-1.1238747894053124e-09,1.8485507610711492e-07,-7.602487616341702e-10
222.0,-5.9241114791497296e-09,9.87378926644595e-09,-1.853250024726194e-07,-1.6944203569857877e-09,1.8541966356968124e-07,-1.746913422326946e-10
223.0,-6.5709358787469085e-09,9.418992521488595e-09,-1.8559128464948338e-07,-2.262955959710525e-09,1.857075715639192e-07,4.100088733318852e-10
224.0,-7.346501990079801e-09,8.96073041814482e-09,-1.8596201904405585e-07,-2.829505727499794e-09,1.861070756807275e-07,9.938841298400806e-10
225.0,-8.36046182284278e-09,8.499188858388598e-09,-1.862602140439984e-07,-3.394095811753285e-09,1.8644775315784126e-07,1.5769674943922674e-09
226.0,-9.141574469628821e-09,8.034554350543257e-09,-1.865141372597856e-07,-3.9567541348264574e-09,1.867380298213139e-07,2.159292596754984e-09
227.0,-1.0027745689367151e-08,7.567013741510832e-09,-1.8696479637397845e-07,-4.51751013575182e-09,1.872335193462267e-07,2.7408933687895824e-09
228.0,-1.1220560786062705e-08,7.09675394990352e-09,-1.8731080858591653e-07,-5.076394513294103e-09,1.8764658269593824e-07,3.3218037839959033e-09
229.0,-1.2290977902118527e-08,6.623961701187422e-09,-1.8761563234589995e-07,-5.633438967501727e-09,1.880178013868428e-07,3.902057598261143e-09
230.0,-1.3166707890643892e-08,6.148823266027179e-09,-1.8811608893179455e-07,-6.188675940956449e-09,1.8857631110951445e-07,4.481688092930016e-09
231.0,-1.3981323987444227e-08,5.671524203047479e-09,-1.8862509848852071e-07,-6.742138360930466e-09,1.8914255258996062e-07,5.060727821308842e-09
232.0,-1.4705419021376898e-08,5.192249107199644e-09,-1.8915948266085003e-07,-7.293859383638007e-09,1.8973022750504122e-07,5.6392083596865045e-09
233.0,-1.5168024669609537e-08,4.711181364840556e-09,-1.8975862748141226e-07,-7.84387214171998e-09,1.9036387702504714e-07,6.217160063902955e-09
234.0,-1.554329992492498e-08,4.228502916505421e-09,-1.9037722224710119e-07,-8.392209496030276e-09,1.9101068274596143e-07,6.79461183242602e-09
235.0,-1.6062250113302312e-08,3.744394028197757e-09,-1.9092259822064972e-07,-8.93890379270765e-09,1.91597062581935e-07,7.371590876814506e-09
236.0,-1.6413945952420406e-08,3.259033071843351e-09,-1.9147875441466455e-07,-9.483986626421378e-09,1.9218098504774192e-07,7.948122500355066e-09
237.0,-1.620859130246899e-08,2.7725963153723623e-09,-1.9237504128230554e-07,-1.0027488610576442e-08,1.9305666251227703e-07,8.52422988556314e-09
238.0,-1.631900189980051e-08,2.2852577227165862e-09,-1.9333779939859075e-07,-1.056943915515698e-08,1.940252934524141e-07,9.099933891137596e-09
239.0,-1.6664473717620254e-08,1.7971887638472112e-09,-1.9415471022576902e-07,-1.1109866252779047e-08,1.9486856131027806e-07,9.675252858856313e-09
240.0,-1.640941710290278e-08,1.3085582348458106e-09,-1.9524483352295618e-07,-1.1648796273423392e-08,1.9593318755908585e-07,1.0250202430803505e-08
241.0,-1.6301126226636597e-08,8.195320879081413e-10,-1.9636107692969085e-07,-1.218625376823635e-08,1.9703654292857633e-07,1.0824795377237965e-08
242.0,-1.68363361585655e-08,3.3027327113308713e-10,-1.970386763021359e-07,-1.2722261282731452e-08,1.977566741582749e-07,1.1399041435353686e-08
243.0,-1.7263599383365857e-08,-1.5905842204909353e-10,-1.9766116460262495e-07,-1.325683917970315e-08,1.9841362820062372e-07,1.1972947159157051e-08
244.0,-1.7355371806360154e-08,-6.483064939043261e-10,-1.984305999618019e-07,-1.3790005472178921e-08,1.9918813200524186e-07,1.2546515780689506e-08
245.0,-1.8034102350350523e-08,-1.1373178738803752e-09,-1.9882303753729347e-07,-1.4321775666782167e-08,1.9963924740175445e-07,1.3119747082857778e-08
246.0,-1.93434540052273e-08,-1.6259430404299124e-09,-1.9890772967254278e-07,-1.4852162617945801e-08,1.9984607610943402e-07,1.3692637284185462e-08
247.0,-1.9648834226337897e-08,-2.114036132909789e-09,-1.9941968571954294e-07,-1.538117639349299e-08,2.0038534811441525e-07,1.4265178935859112e-08
248.0,-2.049979877516428e-08,-2.601455053150739e-09,-1.9980710726924533e-07,-1.5908824152173764e-08,2.0085597293863566e-07,1.4837360831497458e-08
249.0,-2.216368200080865e-08,-3.08806155615917e-09,-1.998476601254573e-07,-1.6435110033802497e-08,2.0107291229166911e-07,1.5409167930112784e-08
250.0,-2.2553344358744454e-08,-3.5737213293049543e-09,-2.0036002944950893e-07,-1.6960035062672324e-08,2.0162538218878145e-07,1.5980581292751684e-08
251.0,-2.330404041961387e-08,-4.0583040592764145e-09,-2.00972985246739e-07,-1.748359706492492e-08,2.0231959642818828e-07,1.655157803329563e-08
252.0,-2.4791671188184594e-08,-4.5416834860529774e-09,-2.0123336203284325e-07,-1.8005790600526602e-08,2.0275476062313413e-07,1.7122131283870206e-08
253.0,-2.5436680733958994e-08,-5.023737443161371e-09,-2.0152184177987809e-07,-1.85266069104465e-08,2.0312084442793057e-07,1.769221017525788e-08
254.0,-2.5767285721789435e-08,-5.5043478835419506e-09,-2.021807585378399e-07,-1.904603387955414e-08,2.0381612334750323e-07,1.8261779832637623e-08
255.0,-2.6918195922265298e-08,-5.983400890456005e-09,-2.0259734646171923e-07,-1.9564056015654648e-08,2.0437777292318105e-07,1.8830801386888285e-08
256.0,-2.712865962428701e-08,-6.460786673009901e-09,-2.030303849348547e-07,-2.008065444496166e-08,2.048348148626246e-07,1.9399232001592768e-08
257.0,-2.7555765086395567e-08,-6.93639954604937e-09,-2.0352454986605206e-07,-2.0595806924171962e-08,2.0538150497957633e-07,1.9967024915766912e-08
258.0,-2.823178985034147e-08,-7.410137894376561e-09,-2.0417406762854307e-07,-2.1109487869155112e-08,2.0611667533253762e-07,2.0534129502212808e-08
259.0,-2.7980471717370392e-08,-7.881904121453872e-09,-2.049951279003981e-07,-2.1621668400108887e-08,2.068958899070427e-07,2.110049134126311e-08
260.0,-2.8288208692162087e-08,-8.35160458297224e-09,-2.0572713593791647e-07,-2.2132316402860957e-08,2.0766289320008348e-07,2.1666052309542374e-08
261.0,-2.8780124949889796e-08,-8.819149505866965e-09,-2.066500471020749e-07,-2.2641396605824796e-08,2.0864452439357483e-07,2.223075068322896e-08
262.0,-2.834933540696305e-08,-9.284452893549915e-09,-2.077250028029165e-07,-2.3148870671953658e-08,2.0965057025319096e-07,2.279452125516468e-08
263.0,-2.8794400475096182e-08,-9.747432418284134e-09,-2.0847734216386526e-07,-2.3654697304890332e-08,2.1045645557794035e-07,2.33572954650377e-08
264.0,-2.9333765250161292e-08,-1.0208009301749691e-08,-2.092317657950704e-07,-2.4158832368391696e-08,2.1127801968372093e-07,2.391900154176568e-08
265.0,-2.9072483531678017e-08,-1.0666108184934789e-08,-2.1004043007644135e-07,-2.466122901802178e-08,2.12042900294719e-07,2.447956465713566e-08
266.0,-2.945478724813988e-08,-1.112165698853473e-08,-2.1064071602586165e-07,-2.516183784405682e-08,2.1269014020335047e-07,2.50389070897177e-08
267.0,-3.049961824763692e-08,-1.1574586765054997e-08,-2.1099712054981068e-07,-2.566060702452688e-08,2.131900832439514e-07,2.55969483980554e-08
268.0,-3.0672864081982e-08,-1.2024831543798842e-08,-2.115145937529872e-07,-2.6157482487324563e-08,2.1372704078212228e-07,2.615360560214367e-08
269.0,-3.09181170110584e-08,-1.2472328169879806e-08,-2.121029471051361e-07,-2.6652408080333297e-08,2.1434455936690735e-07,2.670879337222462e-08
270.0,-3.206543597311651e-08,-1.291701613834545e-08,-2.1241755869191858e-07,-2.7145325748557172e-08,2.1482414069368626e-07,2.726242422395752e-08
271.0,-3.249165808627552e-08,-1.3358837424439933e-08,-2.1284112885003315e-07,-2.7636175717262857e-08,2.153068832512139e-07,2.7814408719043216e-08
272.0,-3.2775903519022265e-08,-1.3797736310974484e-08,-2.134535341154209e-07,-2.8124896680168815e-08,2.1595525248961047e-07,2.8364655670403528e-08
273.0,-3.393042471988572e-08,-1.423365921372081e-08,-2.1392506106138187e-07,-2.8611425991734207e-08,2.1659918160461224e-07,2.8913072351029973e-08
274.0,-3.466776249405612e-08,-1.4666554505697895e-08,-2.1433147275734532e-07,-2.9095699862610305e-08,2.1711709737069752e-07,2.9459564705624304e-08
275.0,-3.483340549337299e-08,-1.5096372341191453e-08,-2.1480876965032647e-07,-2.957765355732027e-08,2.1761473676420162e-07,3.000403756415653e-08
276.0,-3.573616422225534e-08,-1.5523064480330954e-08,-2.15266249589674e-07,-3.0057221593231175e-08,2.1821235447546004e-07,3.054639485646705e-08
277.0,-3.653695990202266e-08,-1.594658411505479e-08,-2.1576492837543926e-07,-3.053433793987539e-08,2.1883659144608436e-07,3.1086539827038286e-08
278.0,-3.628083009021843e-08,-1.6366885697318974e-08,-2.1641615310583062e-07,-3.100893621766539e-08,2.1943620931186726e-07,3.162437524905758e-08
279.0,-3.683349794614266e-08,-1.6783924770444945e-08,-2.1693501518413316e-07,-3.148094989502766e-08,2.200397859112951e-07,3.2159803636886315e-08
280.0,-3.7566006000355756e-08,-1.719765780455216e-08,-2.1750689908547893e-07,-3.195031248296034e-08,2.207271074349489e-07,3.2692727456042376e-08
281.0,-3.7323396845367895e-08,-1.7608042037072648e-08,-2.182859403787596e-07,-3.241695772599838e-08,2.2145380493257777e-07,3.322304932979619e-08
282.0,-3.729297037846635e-08,-1.801503531938958e-08,-2.190499801754675e-07,-3.2880819788554964e-08,2.2220184394941883e-07,3.375067224147752e-08
283.0,-3.7843077338450826e-08,-1.841859597067369e-08,-2.1961021417007953e-07,-3.3341833435600317e-08,2.2284690859482923e-07,3.427549973159352e-08
284.0,-3.8012145514576545e-08,-1.881868264000399e-08,-2.2029808024320863e-07,-3.379993420664634e-08,2.2355350000718962e-07,3.479743608887165e-08
285.0,-3.736079354221822e-08,-1.921525417784473e-08,-2.212111793950533e-07,-3.4255058582029045e-08,2.243439653377258e-07,3.531638653436743e-08
286.0,-3.800465434022904e-08,-1.960826951790406e-08,-2.217589943481757e-07,-3.4707144140525334e-08,2.2499201169338103e-07,3.583225739781684e-08
287.0,-3.899079015212692e-08,-1.999768757031932e-08,-2.2204032857492395e-07,-3.5156129707405156e-08,2.254377724125826e-07,3.634495628546775e-08
288.0,-3.886718724643856e-08,-2.03834671269987e-08,-2.225207858808087e-07,-3.5601955492105336e-08,2.258897040448334e-07,3.685439223869348e-08
289.0,-3.9076951341421307e-08,-2.0765566779803935e-08,-2.2306973058300317e-07,-3.604456321481341e-08,2.2646658214516647e-07,3.736047588277099e-08
290.0,-4.022074701071077e-08,-2.114394485209778e-08,-2.232928594941841e-07,-3.648389622136062e-08,2.268863362813835e-07,3.7863119565291976e-08
291.0,-4.141665940760042e-08,-2.151855934401423e-08,-2.233379743643571e-07,-3.691989958593384e-08,2.271457471969471e-07,3.836223748375893e-08
292.0,-4.148361831823877e-08,-2.188936789164596e-08,-2.236730422995603e-07,-3.7352520201220395e-08,2.274874072126064e-07,3.8857745801995713e-08
293.0,-4.2284392237634805e-08,-2.2256327740193468e-08,-2.2404274885659548e-07,-3.778170685569109e-08,2.2799807705795605e-07,3.934956275506957e-08
294.0,-4.365688655028066e-08,-2.261939573099931e-08,-2.241625383578305e-07,-3.820741029779864e-08,2.283741827490356e-07,3.983760874247386e-08
295.0,-4.4478851435325595e-08,-2.297852830230629e-08,-2.2434418604430628e-07,-3.862958328691591e-08,2.2871091368119728e-07,4.032180640935545e-08
296.0,-4.4598340853685414e-08,-2.33336815035331e-08,-2.2484571003331122e-07,-3.904818063086039e-08,2.2922610088575292e-07,4.080208071558725e-08
297.0,-4.5116778896181486e-08,-2.3684811022858378e-08,-2.2545267775939126e-07,-3.946315920984884e-08,2.2992266884073618e-07,4.127835899248706e-08
298.0,-4.586362989389414e-08,-2.4031872227946646e-08,-2.2604770751402659e-07,-3.987447798670219e-08,2.306535033754983e-07,4.1750570986971085e-08
299.0,-4.564805100581992e-08,-2.4374820219728205e-08,-2.268984659603568e-07,-4.0282098003080395e-08,2.3144471999981578e-07,4.2218648892908724e-08
300.0,-4.5055329633836294e-08,-2.4713609899243863e-08,-2.280525676946754e-07,-4.0685982361483267e-08,2.324606555108803e-07,4.268252736942397e-08
301.0,-4.499066597052348e-08,-2.5048196047669333e-08,-2.290609099619978e-07,-4.108609619271994e-08,2.3343748734316364e-07,4.314214354587797e-08
302.0,-4.511675835705553e-08,-2.537853341972423e-08,-2.29804936670297e-07,-4.148240660854194e-08,2.3419186749904053e-07,4.35974370132796e-08
303.0,-4.428449407178903e-08,-2.570457685072457e-08,-2.305931281615381e-07,-4.187488263916728e-08,2.3480695724470742e-07,4.404834980191467e-08
304.0,-4.3446477054898125e-08,-2.6026281377537935e-08,-2.314524279421748e-07,-4.226349515550438e-08,2.3549484658652172e-07,4.449482634506615e-08
305.0,-4.325994557019541e-08,-2.634360237363656e-08,-2.32151657536539e-07,-4.264821677601527e-08,2.361478667862548e-07,4.4936813428814616e-08
306.0,-4.412025042532797e-08,-2.665649569830796e-08,-2.324147744918459e-07,-4.302902175833328e-08,2.3656547486835274e-07,4.537426012805559e-08
307.0,-4.419024429713758e-08,-2.696491785986713e-08,-2.3269201928147187e-07,-4.340588587596188e-08,2.3685090991661733e-07,4.580711772903718e-08
308.0,-4.395792366218565e-08,-2.726882619242592e-08,-2.332058329883313e-07,-4.377878628062222e-08,2.3731257782189299e-07,4.623533963890312e-08
309.0,-4.407247328197528e-08,-2.7568179045438086e-08,-2.3384474757970342e-07,-4.414770135107236e-08,2.3796165420463364e-07,4.665888128291219e-08
310.0,-4.5200853004967456e-08,-2.786293598487553e-08,-2.3430822785469596e-07,-4.4512610529479916e-08,2.386282941161521e-07,4.707769999018935e-08
311.0,-4.656192842400486e-08,-2.8153058004513037e-08,-2.3445968960061903e-07,-4.4873494146686757e-08,2.390384053372612e-07,4.749175486904256e-08
312.0,-4.75358162277395e-08,-2.8438507745414678e-08,-2.3429545583514289e-07,-4.523033323795965e-08,2.390690579088704e-07,4.790100667305493e-08
313.0,-4.853489465883598e-08,-2.8719249721348538e-08,-2.3391309241296843e-07,-4.558310935107355e-08,2.3889531347797973e-07,4.830541765933813e-08
314.0,-4.961634370026502e-08,-2.899525054754198e-08,-2.3344335729064136e-07,-4.593180434881331e-08,2.386578777776021e-07,4.8704951440504976e-08
315.0,-5.1416326446451777e-08,-2.926647916995294e-08,-2.326890643326862e-07,-4.627640020818314e-08,2.3830199177780508e-07,4.9099572832071347e-08
316.0,-5.298791511121337e-08,-2.9532907092086048e-08,-2.3196808814074377e-07,-4.661687881875685e-08,2.3794308786662625e-07,4.9489247697108437e-08
317.0,-5.401691016704291e-08,-2.979450859633306e-08,-2.3161406297045328e-07,-4.6953221782663325e-08,2.3782956239642598e-07,4.987394279001604e-08
318.0,-5.4565760632119265e-08,-3.005126095687844e-08,-2.3177059248549736e-07,-4.728541021866349e-08,2.381071812744005e-07,5.0253625601262636e-08
319.0,-5.4696690149347305e-08,-3.0303144641390675e-08,-2.3234187945461726e-07,-4.761342457263146e-08,2.3869326941034096e-07,5.0628264204835403e-08
320.0,-5.503075189983164e-08,-3.055014349901011e-08,-2.3308133829946787e-07,-4.793724443651234e-08,2.394896530502556e-07,5.099782710996982e-08
321.0,-5.512257780782015e-08,-3.079224493251701e-08,-2.340148772261852e-07,-4.825684837751848e-08,2.404193447860752e-07,5.1362283118504576e-08
322.0,-5.472706759990231e-08,-3.102944005298333e-08,-2.351234646875977e-07,-4.857221377898065e-08,2.41408565661586e-07,5.172160118896002e-08
323.0,-5.425118804192053e-08,-3.1261723815649086e-08,-2.3618375388084756e-07,-4.8883316693926544e-08,2.423343908759312e-07,5.207575030819667e-08
324.0,-5.354881724151106e-08,-3.148909513619465e-08,-2.3712062119374266e-07,-4.919013171214571e-08,2.430918855562052e-07,5.242469937129595e-08
325.0,-5.2738564682019984e-08,-3.1711556986982514e-08,-2.379082612198602e-07,-4.949263184123727e-08,2.43683600107551e-07,5.276841707013508e-08
326.0,-5.1999045208583894e-08,-3.19291164731909e-08,-2.385055468262509e-07,-4.979078840193632e-08,2.441081657165391e-07,5.310687179100562e-08
327.0,-5.1159862402005984e-08,-3.2141784889035016e-08,-2.390464190413222e-07,-5.008457093787754e-08,2.444596530666596e-07,5.344003152154771e-08
328.0,-5.070805603191175e-08,-3.23495777544531e-08,-2.394891505351493e-07,-5.037394713987421e-08,2.447986114555859e-07,5.3767863767229984e-08
329.0,-5.083935578076293e-08,-3.255251483271438e-08,-2.3983858239012834e-07,-5.065888278475469e-08,2.451676685436099e-07,5.409033547758373e-08
330.0,-5.111722875539293e-08,-3.275062012938621e-08,-2.403371724898906e-07,-5.093934168879505e-08,2.4571310009046446e-07,5.4407412982389075e-08
331.0,-5.1452240801275195e-08,-3.2943921872991025e-08,-2.4106772959428535e-07,-5.12152856758049e-08,2.4649743068684487e-07,5.471906193800255e-08
332.0,-5.182014620186415e-08,-3.3132452477515665e-08,-2.418444312174417e-07,-5.148667455995764e-08,2.4733389671306773e-07,5.502524728400928e-08
333.0,-5.223479104810025e-08,-3.3316248486736516e-08,-2.4229685544399637e-07,-5.175346614350656e-08,2.478633485489284e-07,5.5325933210386014e-08
334.0,-5.29472195809344e-08,-3.349535050011795e-08,-2.4221551107872497e-07,-5.201561622959976e-08,2.4793499524770524e-07,5.562108313538334e-08
335.0,-5.4130671639507355e-08,-3.36698030798459e-08,-2.416424308634979e-07,-5.227307865050446e-08,2.4763116525543495e-07,5.591065969438483e-08
336.0,-5.5748717725512265e-08,-3.3839654638386113e-08,-2.4067416642611916e-07,-5.2525805311667464e-08,2.470465015193418e-07,5.619462474007356e-08
337.0,-5.75444581152329e-08,-3.400495730582631e-08,-2.395985891946728e-07,-5.277374625214885e-08,2.4641194898757114e-07,5.6472939354312124e-08
338.0,-5.881626585768629e-08,-3.416576677620008e-08,-2.389259466488436e-07,-5.3016849722033733e-08,2.4605885700679035e-07,5.674556387219133e-08
339.0,-5.9225239934512786e-08,-3.432214213203017e-08,-2.389063030738825e-07,-5.325506227741321e-08,2.461378692800651e-07,5.701245791869458e-08
340.0,-5.920588008745398e-08,-3.44741456464915e-08,-2.393554829754896e-07,-5.348832889340632e-08,2.4656922652139676e-07,5.72735804583419e-08
341.0,-5.9206269553691016e-08,-3.46218425628787e-08,-2.399982354968355e-07,-5.371659309546872e-08,2.471933158401716e-07,5.7528889858017475e-08
342.0,-5.923813287123103e-08,-3.4765300851439084e-08,-2.407442145878347e-07,-5.393979710892659e-08,2.479252573732314e-07,5.777834396296799e-08
343.0,-5.9095333820868845e-08,-3.4904590944057927e-08,-2.415895468156626e-07,-5.415788202632533e-08,2.4871221845739134e-07,5.8021900185712354e-08
344.0,-5.8789351137233936e-08,-3.503978544771884e-08,-2.4241655812926033e-07,-5.437078799183214e-08,2.4944333116436293e-07,5.825951560735894e-08
345.0,-5.8260417434841116e-08,-3.5170958838086384e-08,-2.4320789374782104e-07,-5.457845440160996e-08,2.500886959079385e-07,5.8491147090606626e-08
346.0,-5.7360402594408555e-08,-3.529818713495522e-08,-2.4403514185117325e-07,-5.47808201188056e-08,2.5068579186725936e-07,5.871675140352559e-08
347.0,-5.6327184916327155e-08,-3.542154756166685e-08,-2.447763949621484e-07,-5.4977823701577026e-08,2.5117371536700214e-07,5.8936285353079934e-08
348.0,-5.5542279497888813e-08,-3.554111819089209e-08,-2.4528297509415764e-07,-5.516940364242845e-08,2.514929078182181e-07,5.9149705927265747e-08
349.0,-5.506482686490344e-08,-3.5656977579393666e-08,-2.455904994543012e-07,-5.535549861702653e-08,2.516879587502647e-07,5.9356970444690614e-08
350.0,-5.480881068442578e-08,-3.576920439450094e-08,-2.458367544880269e-07,-5.55360477406329e-08,2.5187241926389563e-07,5.955803671040654e-08
351.0,-5.456949381255072e-08,-3.587787703504256e-08,-2.462442810144405e-07,-5.5710990830297805e-08,2.522183093815292e-07,5.975286317681697e-08
352.0,-5.4401604027143335e-08,-3.5983073249401816e-08,-2.4687047949292773e-07,-5.5880268671005274e-08,2.5279352872610117e-07,5.994140910850081e-08
353.0,-5.450617562852145e-08,-3.608486975320125e-08,-2.4751874154807507e-07,-5.604382328403004e-08,2.534491084994974e-07,6.012363474982586e-08
354.0,-5.501039002098196e-08,-3.61833418489074e-08,-2.4782957118787974e-07,-5.6201598195859164e-08,2.538614570300677e-07,6.029950149426254e-08
355.0,-5.586002077562213e-08,-3.627856304938927e-08,-2.476321659672376e-07,-5.6353538706150485e-08,2.5385435104145535e-07,6.04689720543645e-08
356.0,-5.6918599472544074e-08,-3.637060470718565e-08,-2.470581223316948e-07,-5.649959215334932e-08,2.5352996425665066e-07,6.063201063146258e-08
357.0,-5.809549222246524e-08,-3.645953565096166e-08,-2.4627337221611034e-07,-5.663970817675689e-08,2.5303292291570545e-07,6.078858308422266e-08
358.0,-5.92845239844042e-08,-3.654542183039472e-08,-2.4546627734947646e-07,-5.6773838974016346e-08,2.52523955497033e-07,6.093865709532825e-08
359.0,-6.023951371059155e-08,-3.6628325970554217e-08,-2.4491583327720945e-07,-5.690193955312163e-08,2.5221531357544174e-07,6.108220233564342e-08
360.0,-6.07465352187031e-08,-3.670830723674918e-08,-2.447953291045968e-07,-5.702396797813276e-08,2.52219933178377e-07,6.121919062526362e-08
361.0,-6.087875292770661e-08,-3.678542091082511e-08,-2.4504524546997697e-07,-5.713988560777876e-08,2.524943462445724e-07,6.13495960908604e-08
362.0,-6.076640321484028e-08,-3.6859718079989354e-08,-2.4551353877341753e-07,-5.724965732605032e-08,2.5292183274821284e-07,6.147339531866829e-08
363.0,-6.050605846907864e-08,-3.693124533941457e-08,-2.4608556805499893e-07,-5.735325176374433e-08,2.5341485733163927e-07,6.159056750236439e-08
364.0,-6.009719358268661e-08,-3.700004451008245e-08,-2.4669010369182676e-07,-5.745064150975394e-08,2.5390486394710743e-07,6.170109458497432e-08
365.0,-5.9576082817036635e-08,-3.706615237355224e-08,-2.4725245361886805e-07,-5.754180331072914e-08,2.5432869571555015e-07,6.180496139382518e-08
366.0,-5.8905343103266006e-08,-3.712960042554445e-08,-2.478280569130631e-07,-5.762671825759046e-08,2.5473237964463395e-07,6.190215576747329e-08
367.0,-5.8070433378576425e-08,-3.719041465039686e-08,-2.4850141197227393e-07,-5.770537195727572e-08,2.5519625190231436e-07,6.19926686734726e-08
368.0,-5.709401235121092e-08,-3.7248615318561837e-08,-2.4923382370076186e-07,-5.777775468804594e-08,2.556897047650974e-07,6.20764943158216e-08
369.0,-5.622907747748762e-08,-3.7304216809354384e-08,-2.498501749104154e-07,-5.784386153667481e-08,2.560992367359467e-07,6.215363023093295e-08
370.0,-5.569407099392798e-08,-3.735722746111683e-08,-2.502414858766844e-07,-5.79036925159003e-08,2.563642541339325e-07,6.222407737101186e-08
371.0,-5.547193995814048e-08,-3.740764945082717e-08,-2.5047249977219743e-07,-5.795725266062945e-08,2.565416326151625e-07,6.228784017380547e-08
372.0,-5.540536127113249e-08,-3.745547870494226e-08,-2.5069217455056525e-07,-5.800455210155681e-08,2.567417387930443e-07,6.234492661779604e-08
373.0,-5.538406441796262e-08,-3.7500704842944846e-08,-2.509979751992575e-07,-5.804560611507554e-08,2.5703575266017004e-07,6.239534826204962e-08
374.0,-5.544797224144027e-08,-3.7543311154673865e-08,-2.513084867254711e-07,-5.8080435148617275e-08,2.5735274066140006e-07,6.243912027009338e-08
375.0,-5.5751823824223834e-08,-3.7583274612085e-08,-2.5140159140568663e-07,-5.810906482084003e-08,2.575092736602686e-07,6.247626141737328e-08
376.0,-5.635931293879182e-08,-3.762056591563245e-08,-2.5113515727398505e-07,-5.8131525896390065e-08,2.5738150550100114e-07,6.250679408203829e-08
377.0,-5.7210304299504244e-08,-3.76551495750001e-08,-2.505315732891089e-07,-5.814785423528606e-08,2.5698071548806543e-07,6.253074421900777e-08
378.0,-5.824372437124303e-08,-3.7686984023459617e-08,-2.4971997208619867e-07,-5.815809071730543e-08,2.564222999026512e-07,6.254814131749947e-08
379.0,-5.9284757242261676e-08,-3.771602176471535e-08,-2.4888305647993714e-07,-5.816228114207383e-08,2.558465521441895e-07,6.255901834241393e-08
380.0,-6.011390632498781e-08,-3.7742209550736116e-08,-2.4823535297452404e-07,-5.816047610584426e-08,2.5541039955341665e-07,6.256341166016767e-08
381.0,-6.065891039463978e-08,-3.776548858879423e-08,-2.479007240978326e-07,-5.8152730856177764e-08,2.552141697055527e-07,6.256136094972329e-08
382.0,-6.096971244540228e-08,-3.7785794775744496e-08,-2.4782803728987113e-07,-5.813910512588708e-08,2.5521763634714743e-07,6.255290909966741e-08
383.0,-6.119276740879087e-08,-3.780305895748134e-08,-2.478756140483762e-07,-5.811966294767638e-08,2.553172043223996e-07,6.25381020922358e-08
384.0,-6.133306723610232e-08,-3.7817207211498367e-08,-2.479748100470136e-07,-5.809447245091671e-08,2.5544716000464894e-07,6.251698887518867e-08
385.0,-6.127159699054197e-08,-3.782816115052282e-08,-2.4812167302712407e-07,-5.806360564195882e-08,2.555749855200044e-07,6.248962122241423e-08
386.0,-6.098851815239392e-08,-3.7835838245288926e-08,-2.4830229944719506e-07,-5.802713816932294e-08,2.556826768813042e-07,6.245605358410023e-08
387.0,-6.057417470395343e-08,-3.7840152164631443e-08,-2.4850329291906115e-07,-5.7985149075035615e-08,2.557794308240633e-07,6.241634292727425e-08
388.0,-6.00771458969529e-08,-3.784101313120842e-08,-2.4874018767287454e-07,-5.793772053331836e-08,2.558924469824395e-07,6.23705485674805e-08
389.0,-5.9515593564540836e-08,-3.7838328291283946e-08,-2.490173035378518e-07,-5.7884937577776865e-08,2.560307078039707e-07,6.231873199233623e-08
390.0,-5.895981200487732e-08,-3.7832002097100116e-08,-2.492914008625502e-07,-5.782688781819959e-08,2.561688153848223e-07,6.226095667769584e-08
391.0,-5.853139495304305e-08,-3.782193670042983e-08,-2.4948180730663405e-07,-5.776366114805403e-08,2.562559196821287e-07,6.219728789714611e-08
392.0,-5.827142685044251e-08,-3.780803235591733e-08,-2.495734396749938e-07,-5.7695349443771086e-08,2.562858969557128e-07,6.21277925255626e-08
393.0,-5.8202491326486694e-08,-3.779018783277971e-08,-2.495818545687756e-07,-5.7622046256934355e-08,2.5627842696294043e-07,6.205253883747598e-08
394.0,-5.827692822757413e-08,-3.776830083336211e-08,-2.495509681191277e-07,-5.754384650054112e-08,2.562652650142733e-07,6.197159630102737e-08
395.0,-5.843924771875564e-08,-3.774226841692192e-08,-2.4951811894782794e-07,-5.746084613056889e-08,2.5627024282424303e-07,6.188503536833125e-08
396.0,-5.8662330382208694e-08,-3.771198742687879e-08,-2.494365946049959e-07,-5.7373141824160744e-08,2.5624184618053406e-07,6.179292726311002e-08
397.0,-5.9060891899331835e-08,-3.7677354919621806e-08,-2.49164255512746e-07,-5.728083065582672e-08,2.560683798854625e-07,6.169534376651346e-08
398.0,-5.96635651994859e-08,-3.763826859283017e-08,-2.486547733722422e-07,-5.718400977314198e-08,2.5571260691079434e-07,6.159235700208743e-08
399.0,-6.036018598831738e-08,-3.7594627211151024e-08,-2.48004457355927e-07,-5.7082776073499686e-08,2.552441241653803e-07,6.148403922090567e-08
400.0,-6.094444296445012e-08,-3.754633102700207e-08,-2.4739520648048297e-07,-5.697722588353709e-08,2.547913132698364e-07,6.137046258792092e-08
401.0,-6.129865839921145e-08,-3.749328219424079e-08,-2.469622286012385e-07,-5.6867454642885164e-08,2.544560234642395e-07,6.125169897061764e-08
402.0,-6.139172489816325e-08,-3.743538517247864e-08,-2.467630870854609e-07,-5.675355659388062e-08,2.5428520411915144e-07,6.112781973104643e-08
403.0,-6.136627705988218e-08,-3.7372547119920567e-08,-2.4671092773917436e-07,-5.663562447881769e-08,2.542284441719973e-07,6.099889552228572e-08
404.0,-6.127984236714568e-08,-3.730467827277182e-08,-2.467317694043736e-07,-5.6513749246207426e-08,2.5422782128231995e-07,6.086499609030797e-08
405.0,-6.110681818882746e-08,-3.7231692309459755e-08,-2.467997025183688e-07,-5.6388019767366294e-08,2.542521118738599e-07,6.072619008213579e-08
406.0,-6.081603201590902e-08,-3.715350669815097e-08,-2.468861753403273e-07,-5.625852256449012e-08,2.5426634327872597e-07,6.05825448610671e-08
407.0,-6.04666503811746e-08,-3.707004302628864e-08,-2.4694196475161245e-07,-5.612534155119731e-08,2.5423719193639985e-07,6.043412632964016e-08
408.0,-5.99835781045499e-08,-3.698122731111878e-08,-2.470291992628937e-07,-5.5988557786359316e-08,2.542075036868327e-07,6.028099876090553e-08
409.0,-5.9319625350662264e-08,-3.688699029040761e-08,-2.4723120186156966e-07,-5.5848249241881966e-08,2.542480779193014e-07,6.012322463847769e-08
410.0,-5.859902676985662e-08,-3.678726769276455e-08,-2.4750706943688083e-07,-5.570449058496282e-08,2.543493569081851e-07,5.996086450575522e-08
411.0,-5.804196712144716e-08,-3.668200048716667e-08,-2.476962935385463e-07,-5.555735297523123e-08,2.544058249727408e-07,5.979397682462495e-08
412.0,-5.77431642501125e-08,-3.657113511141848e-08,-2.4769643066843705e-07,-5.5406903877082606e-08,2.543379538792811e-07,5.962261784390684e-08
413.0,-5.764013408238178e-08,-3.6454623679369234e-08,-2.475566852414013e-07,-5.5253206887451366e-08,2.5417847561260016e-07,5.9446841477751274e-08
414.0,-5.7626185129278085e-08,-3.6332424166748236e-08,-2.473849901596381e-07,-5.5096321579230106e-08,2.5400809154205714e-07,5.926669919417348e-08
415.0,-5.763540625314256e-08,-3.6204500575476505e-08,-2.472401199812846e-07,-5.493630336052861e-08,2.5386909418502437e-07,5.908223991389661e-08
416.0,-5.754559326276443e-08,-3.607082307628769e-08,-2.4714338739753594e-07,-5.4773203349968125e-08,2.5375450584825494e-07,5.8893509919670546e-08
417.0,-5.747300410585687e-08,-3.59313681294568e-08,-2.4697814701366005e-07,-5.460706826821375e-08,2.53577111158032e-07,5.8700552776233004e-08
418.0,-5.764859037360459e-08,-3.578611858340429e-08,-2.466234701840875e-07,-5.4437940345955726e-08,2.5327158549214544e-07,5.850340926108019e-08
419.0,-5.798682917168563e-08,-3.563506375091999e-08,-2.4615864861049497e-07,-5.426585724855663e-08,2.52896327856162e-07,5.830211730621458e-08
420.0,-5.837840263978045e-08,-3.547819946274065e-08,-2.4563867667345973e-07,-5.40908520175829e-08,2.5248048909304024e-07,5.809671195103646e-08
421.0,-5.8740477482110975e-08,-3.531552809822372e-08,-2.450914235833934e-07,-5.3912953029430096e-08,2.5203223922538317e-07,5.7887225306538236e-08
422.0,-5.8919844614369055e-08,-3.5147058592899375e-08,-2.446664682347055e-07,-5.3732183971221804e-08,2.5166094009167484e-07,5.767368653094077e-08
423.0,-5.8738074210085145e-08,-3.497280642276474e-08,-2.445003017860492e-07,-5.354856383410408e-08,2.514568729133857e-07,5.745612181687251e-08
424.0,-5.8450078915806e-08,-3.479279356531179e-08,-2.4447150156689523e-07,-5.3362106923965925e-08,2.513617449088791e-07,5.7234554390131576e-08
425.0,-5.8209016939869684e-08,-3.460704843744952e-08,-2.4447253326939644e-07,-5.317282288949426e-08,2.5130680288496407e-07,5.700900451999063e-08
426.0,-5.7976464962194996e-08,-3.441560581067723e-08,-2.4444511035823235e-07,-5.298071676733014e-08,2.5122635703198224e-07,5.67794895409101e-08
427.0,-5.760214455419188e-08,-3.421850670407292e-08,-2.4442440861235926e-07,-5.278578904394386e-08,2.5112008797136e-07,5.654602388542691e-08
428.0,-5.697330029974523e-08,-3.40157982558654e-08,-2.4448473740293353e-07,-5.258803573370373e-08,2.510353436670349e-07,5.630861912789262e-08
429.0,-5.624127366599119e-08,-3.3807533574554195e-08,-2.4456704142417074e-07,-5.238744847248409e-08,2.509504305924677e-07,5.6067284038652025e-08
430.0,-5.562060187425111e-08,-3.359377157071777e-08,-2.4458660570492174e-07,-5.2184014626046e-08,2.508311365104197e-07,5.5822024648183654e-08
431.0,-5.508342057480853e-08,-3.337457677080026e-08,-2.4458207096775264e-07,-5.197771741233301e-08,2.507081423909005e-07,5.557284432066701e-08
432.0,-5.466022559574846e-08,-3.315001911427681e-08,-2.4457017542764414e-07,-5.1768536036756376e-08,2.50603892569303e-07,5.531974383639885e-08
433.0,-5.4180863517938604e-08,-3.2920173735662883e-08,-2.44594431524775e-07,-5.155644583950055e-08,2.505234557970118e-07,5.506272148245157e-08
434.0,-5.3742858913130576e-08,-3.2685120732853677e-08,-2.4454195145240387e-07,-5.1341418453859825e-08,2.503778362880918e-07,5.480177315095081e-08
435.0,-5.3553235818126765e-08,-3.2444944923262245e-08,-2.443225415559025e-07,-5.112342197462033e-08,2.5012287656055695e-07,5.4536892444346826e-08
436.0,-5.341915831902355e-08,-3.21997355891755e-08,-2.44053281594353e-07,-5.090242113552495e-08,2.4983116445408785e-07,5.426807078706531e-08
437.0,-5.327524524312288e-08,-3.194958621367295e-08,-2.437960414450324e-07,-5.0678377494900364e-08,2.4954911656822764e-07,5.399529754294547e-08
438.0,-5.332227584475824e-08,-3.1694594208362776e-08,-2.434645917648304e-07,-5.045124962857883e-08,2.4923537578859067e-07,5.3718560137904314e-08
439.0,-5.3421562840050285e-08,-3.1434860634094e-08,-2.4305831862816984e-07,-5.022099332930485e-08,2.488598192369077e-07,5.343784418729978e-08
440.0,-5.3469929234273295e-08,-3.117048991571253e-08,-2.426018422957421e-07,-4.998756181187311e-08,2.484244094641392e-07,5.3153133627498504e-08
441.0,-5.3504797398185033e-08,-3.090158955185283e-08,-2.4211856225475614e-07,-4.975090592329185e-08,2.4795999986475854e-07,5.286441085118233e-08
442.0,-5.346432177533167e-08,-3.062826982070321e-08,-2.416752768741315e-07,-4.9510974357301034e-08,2.4751842993014546e-07,5.257165684594881e-08
443.0,-5.358633442531513e-08,-3.035064348265721e-08,-2.412214410892066e-07,-4.9267713872592146e-08,2.471017581448892e-07,5.227485133577008e-08
444.0,-5.3533722538245954e-08,-3.006882548076742e-08,-2.4093222077137266e-07,-4.9021069514071924e-08,2.4680801132586306e-07,5.19739729248692e-08
445.0,-5.3141811007240136e-08,-2.978293263995158e-08,-2.408355482784452e-07,-4.8770984836485027e-08,2.4662889812775094e-07,5.166899924355125e-08
446.0,-5.2676043194033184e-08,-2.949308336596114e-08,-2.407806753770836e-07,-4.8517402129662585e-08,2.464753520367182e-07,5.13599070954907e-08
447.0,-5.2153770635499086e-08,-2.9199397345205786e-08,-2.4072187311888205e-07,-4.826026264460204e-08,2.463067924141829e-07,5.104667260593199e-08
448.0,-5.1702711140189095e-08,-2.8901995246621224e-08,-2.4062443756620033e-07,-4.7999506819518234e-08,2.461164161393873e-07,5.072927137021454e-08
449.0,-5.103822783847356e-08,-2.860099842685915e-08,-2.4059353527505767e-07,-4.773507450494779e-08,2.459474535689328e-07,5.040767860199429e-08
450.0,-5.028090566128185e-08,-2.8296528640154464e-08,-2.4054493557440493e-07,-4.746690518694548e-08,2.4574384123434986e-07,5.008186928050568e-08
451.0,-4.9535693269486814e-08,-2.7988707754276883e-08,-2.4047252131578767e-07,-4.719493820738692e-08,2.455215233246581e-07,4.975181829619309e-08
452.0,-4.898123953656075e-08,-2.7677657473995417e-08,-2.4036125591958557e-07,-4.691911298038801e-08,2.4530123353497117e-07,4.941750059404012e-08
453.0,-4.8404710101257464e-08,-2.736349907346814e-08,-2.4032019249956016e-07,-4.663936920386921e-08,2.4514650901657245e-07,4.907889131393643e-08
454.0,-4.7680908665803656e-08,-2.7046353138911844e-08,-2.4031879915578647e-07,-4.63556470653315e-08,2.4500325360875504e-07,4.873596592744716e-08
455.0,-4.726135485744187e-08,-2.6726339322806946e-08,-2.4012296047370985e-07,-4.606788744097166e-08,2.4472979346540515e-07,4.8388700370386816e-08
456.0,-4.722702195980588e-08,-2.6403576110756043e-08,-2.396971316050156e-07,-4.577603208734613e-08,2.4430535504336404e-07,4.803707117065049e-08
457.0,-4.725642499536775e-08,-2.6078180601945246e-08,-2.39254662665056e-07,-4.5480023824894906e-08,2.438769429657354e-07,4.7681055570819655e-08
458.0,-4.698813499404153e-08,-2.5750268303965865e-08,-2.3893904150737444e-07,-4.517980671275439e-08,2.43515400717657e-07,4.7320631645135467e-08
459.0,-4.678656237433465e-08,-2.5419952942554894e-08,-2.385352405841201e-07,-4.48753262144127e-08,2.430803229784994e-07,4.695577841051288e-08
460.0,-4.6863195934943036e-08,-2.5087346286622323e-08,-2.3796048242291645e-07,-4.456652935388166e-08,2.425311326988434e-07,4.658647593134916e-08
461.0,-4.7024676291806955e-08,-2.4752557988760304e-08,-2.373441984997171e-07,-4.4253364862172056e-08,2.419578243037872e-07,4.621270541795404e-08
462.0,-4.701084155289692e-08,-2.44156954412779e-08,-2.3680496757938485e-07,-4.3935783313956796e-08,2.4142620382590017e-07,4.583444931849483e-08
463.0,-4.690203547763616e-08,-2.4076863647680322e-08,-2.3630764969806428e-07,-4.361373725438749e-08,2.409172186411102e-07,4.545169140440303e-08
464.0,-4.68809758236155e-08,-2.373616510941946e-08,-2.3581262914573742e-07,-4.32871813160874e-08,2.404275815267448e-07,4.506441684922618e-08
465.0,-4.673444575775676e-08,-2.3393699727687846e-08,-2.3545349754627853e-07,-4.2956072326374766e-08,2.400467827883975e-07,4.4672612300928004e-08
466.0,-4.6290100669255096e-08,-2.3049564720009542e-08,-2.3525646046171356e-07,-4.262036940477641e-08,2.397673364095776e-07,4.4276265947640795e-08
467.0,-4.587713822723494e-08,-2.270385455139368e-08,-2.350246751034457e-07,-4.22800340508769e-08,2.3946045543972605e-07,4.387536757686165e-08
468.0,-4.55648007102738e-08,-2.2356660879852738e-08,-2.347213504602652e-07,-4.193503022251983e-08,2.391030393484316e-07,4.3469908628062346e-08
469.0,-4.502186801147445e-08,-2.2008072516138e-08,-2.3450481739101248e-07,-4.1585324404344256e-08,2.387875163798031e-07,4.3059882238659234e-08
470.0,-4.42304135539473e-08,-2.1658175397599718e-08,-2.343768639792576e-07,-4.1230885666607624e-08,2.385138231883105e-07,4.2645283283268785e-08
471.0,-4.3491395623762585e-08,-2.130705257613088e-08,-2.3420664556003667e-07,-4.087168571422169e-08,2.3821052520362589e-07,4.222610840615977e-08
472.0,-4.28941721863918e-08,-2.0954784220192827e-08,-2.3397767749330778e-07,-4.0507698925912326e-08,2.3787699252495643e-07,4.180235604680541e-08
473.0,-4.226442115728979e-08,-2.0601447630938895e-08,-2.3376421933243852e-07,-4.013890238341154e-08,2.3755418652565395e-07,4.13740264584402e-08
474.0,-4.170419912186141e-08,-2.0247117272440303e-08,-2.3355019230369978e-07,-3.9765275890602255e-08,2.3724445736305623e-07,4.094112171953614e-08
475.0,-4.1223363667075574e-08,-1.9891864815973043e-08,-2.333360233745807e-07,-3.938680198256477e-08,2.3694949992834093e-07,4.050364573813413e-08
476.0,-4.067939898821926e-08,-1.9535759198248326e-08,-2.331434485573769e-07,-3.9003465924518206e-08,2.3666575820610168e-07,4.0061604248995894e-08
477.0,-4.026530150968988e-08,-1.9178866693366665e-08,-2.3284253493696672e-07,-3.8615255700708764e-08,2.3629841425946727e-07,3.9615004803583e-08
478.0,-4.0077941354521585e-08,-1.882125099815127e-08,-2.3237469040301995e-07,-3.822216199337068e-08,2.3580550910255648e-07,3.916385675292035e-08
479.0,-4.000062003850502e-08,-1.8462973330376743e-08,-2.3180223641255937e-07,-3.782417815197261e-08,2.3522824322204363e-07,3.8708171223464315e-08
480.0,-3.987550228901071e-08,-1.8104092539259632e-08,-2.3120973623169672e-07,-3.7421300153059665e-08,2.346230973521824e-07,3.82479610861662e-08
481.0,-3.983704502386054e-08,-1.774466522742978e-08,-2.3056692105907772e-07,-3.7013526551100524e-08,2.3398310888373132e-07,3.7783240918995376e-08
482.0,-3.98361076070497e-08,-1.738474588346662e-08,-2.2991437735944698e-07,-3.660085842084128e-08,2.333399588280212e-07,3.731402696325547e-08
483.0,-3.976819507034435e-08,-1.702438702397324e-08,-2.2931524606625842e-07,-3.618329929174408e-08,2.3273803173865162e-07,3.6840337074084475e-08
484.0,-3.960028954752559e-08,-1.6663639344079292e-08,-2.2880516762496805e-07,-3.576085507514282e-08,2.3220677781696552e-07,3.6362190665570775e-08
485.0,-3.937119585906146e-08,-1.6302551875216066e-08,-2.2837984687412716e-07,-3.533353398477792e-08,2.3174866886699122e-07,3.587960865094041e-08
486.0,-3.9145185287692286e-08,-1.5941172148992396e-08,-2.2795591618843258e-07,-3.4901346451378485e-08,2.3129255339615985e-07,3.539261337827601e-08
487.0,-3.889714939031563e-08,-1.5579546366016263e-08,-2.2749150264608775e-07,-3.446430503194693e-08,2.3079292018358684e-07,3.4901228562219875e-08
488.0,-3.856459440676474e-08,-1.5217719568548612e-08,-2.270634887509282e-07,-3.402242431437407e-08,2.3031512296308543e-07,3.440547921209618e-08
489.0,-3.811460741465211e-08,-1.485573581593751e-08,-2.2672484716393382e-07,-3.357572081797805e-08,2.2990624093286856e-07,3.390539155686578e-08
490.0,-3.756859048853478e-08,-1.4493638361857939e-08,-2.2639644889702049e-07,-3.312421289052089e-08,2.2949237692018537e-07,3.340099296730293e-08
491.0,-3.69239074871075e-08,-1.41314698324695e-08,-2.2603348812100243e-07,-3.266792060221531e-08,2.2902950180329132e-07,3.289231187575976e-08
492.0,-3.628675759870248e-08,-1.376927240469374e-08,-2.2568256796695607e-07,-3.220686563719414e-08,2.2858116777457137e-07,3.237937769386195e-08
493.0,-3.568576031898196e-08,-1.340708798389575e-08,-2.2539224623849274e-07,-3.174107118288014e-08,2.2819977684909592e-07,3.186222072846046e-08
494.0,-3.5096763162378863e-08,-1.3044958380321815e-08,-2.2508352800001963e-07,-3.127056181766638e-08,2.2780337434158374e-07,3.134087209615085e-08
495.0,-3.450560712159323e-08,-1.2682925483690708e-08,-2.2472416182431343e-07,-3.079536339729936e-08,2.2735783652751e-07,3.0815363636663634e-08
496.0,-3.4012700600438706e-08,-1.2321031435357417e-08,-2.2437168070363334e-07,-3.031550294035099e-08,2.2693504556129773e-07,3.0285727825428935e-08
497.0,-3.36363416841845e-08,-1.195931879746546e-08,-2.2402695702347653e-07,-2.983100851317056e-08,2.2653803423507896e-07,2.975199768562613e-08
498.0,-3.317604657659956e-08,-1.1597830718479185e-08,-2.2363596035440692e-07,-2.9341909114726735e-08,2.2608337583752274e-07,2.921420670004616e-08
499.0,-3.272283513600094e-08,-1.1236611094445452e-08,-2.2316224963445097e-07,-2.884823456178004e-08,2.2554860585081635e-07,2.867238872312017e-08
500.0,-3.252402408504551e-08,-1.0875704725278945e-08,-2.2257220493038243e-07,-2.8350015374867282e-08,2.2493598767261936e-07,2.8126577893503125e-08
501.0,-3.245823190778374e-08,-1.05151574653026e-08,-2.21910207355569e-07,-2.7847282665629587e-08,2.2427143586995445e-07,2.7576808547642893e-08
502.0,-3.213039020955044e-08,-1.015501636720907e-08,-2.2121691256940523e-07,-2.7340068026069603e-08,2.2353810498829468e-07,2.702311513481134e-08
503.0,-3.1970734948316704e-08,-9.795329818547052e-09,-2.2048992403059242e-07,-2.6828403420374802e-08,2.227957236846164e-07,2.646553213411742e-08
504.0,-3.196505329872146e-08,-9.43614766978624e-09,-2.198120013750804e-07,-2.6312321079985775e-08,2.2212402072020136e-07,2.5904093974058307e-08
505.0,-3.178324181618564e-08,-9.077521352982088e-09,-2.1922416793343502e-07,-2.5791853402613156e-08,2.2151616254001208e-07,2.5338834955186316e-08
506.0,-3.1523384069753746e-08,-8.719503990050025e-09,-2.1862745670439554e-07,-2.526703285591254e-08,2.208884075008047e-07,2.4769789176474343e-08
507.0,-3.138261553403687e-08,-8.362150489671054e-09,-2.1805849190204007e-07,-2.4737891886510957e-08,2.203051847967933e-07,2.4196990465951056e-08
508.0,-3.1256400384593874e-08,-8.005517631887956e-09,-2.1756765531191768e-07,-2.420446283504627e-08,2.1980138125800634e-07,2.3620472316150456e-08
509.0,-3.073520066232405e-08,-7.64966413951227e-09,-2.1705514117315028e-07,-2.3666777857833452e-08,2.1922040705520441e-07,2.3040267824884692e-08
510.0,-3.038616319672727e-08,-7.294650735544589e-09,-2.164677579928609e-07,-2.3124868855716168e-08,2.1859004818214834e-07,2.2456409641805514e-08
511.0,-3.026838168995738e-08,-6.940540185910707e-09,-2.159261939631285e-07,-2.257876741060019e-08,2.1803737333203118e-07,2.1868929921173817e-08
512.0,-2.9704644577410733e-08,-6.5873973269285875e-09,-2.1542630898596649e-07,-2.2028504730100332e-08,2.1746461899073927e-07,2.127786028120856e-08
513.0,-2.9075492541386083e-08,-6.235289077041136e-09,-2.1481825746363925e-07,-2.1474111600665622e-08,2.1677700063945575e-07,2.068323177033709e-08
514.0,-2.8824282294337422e-08,-5.88428443247296e-09,-2.1427751950228724e-07,-2.0915618349478446e-08,2.1620752672799517e-07,2.0085074840617508e-08
515.0,-2.8374455895985307e-08,-5.534454446592183e-09,-2.1389224238999027e-07,-2.035305481535285e-08,2.1576607959086517e-07,1.94834193285509e-08
516.0,-2.7568356875118383e-08,-5.185872192875209e-09,-2.1344091125433118e-07,-1.9786450328785534e-08,2.1521393286186926e-07,1.8878294443445372e-08
517.0,-2.7286773396362207e-08,-4.838612711479641e-09,-2.1288173828251655e-07,-1.921583370124283e-08,2.146233968992437e-07,1.8269728763438336e-08
518.0,-2.7098385479984444e-08,-4.49275293952559e-09,-2.1248659362246847e-07,-1.864123322369997e-08,2.1420755113884733e-07,1.765775023922918e-08
519.0,-2.6247627682440822e-08,-4.148371625267199e-09,-2.121530168104624e-07,-1.8062676674390338e-08,2.1377053234890998e-07,1.7042386205526032e-08
520.0,-2.5848256895999455e-08,-3.805549226404088e-09,-2.1158886717373426e-07,-1.7480191335672837e-08,2.1316186595267397e-07,1.642366340016906e-08
521.0,-2.5938485692655888e-08,-3.464367792838398e-09,-2.1091180878521354e-07,-1.6893804019887496e-08,2.1250081441038902e-07,1.5801607990861135e-08
522.0,-2.538499430104757e-08,-3.1249108342282486e-09,-2.1034964740526685e-07,-1.6303541104043506e-08,2.1187584123534306e-07,1.5176245609414965e-08
523.0,-2.4844128726497772e-08,-2.7872631727245415e-09,-2.0975123276104068e-07,-1.570942857316869e-08,2.1121744808835055e-07,1.4547601393414148e-08
524.0,-2.4762936284838943e-08,-2.4515107813092293e-09,-2.0907650982726622e-07,-1.5111492072140003e-08,2.1053785876891106e-07,1.3915700035177987e-08
525.0,-2.4475030335757708e-08,-2.1177406081830194e-09,-2.084046556438679e-07,-1.4509756965806426e-08,2.0983690715404528e-07,1.3280565837913548e-08
526.0,-2.4280063126713713e-08,-1.7860403876804582e-09,-2.076398528463863e-07,-1.3904248407205309e-08,2.0905460998386561e-07,1.2642222778929486e-08
527.0,-2.4136306731037394e-08,-1.4564984382199133e-09,-2.0696897539557169e-07,-1.329499141365902e-08,2.083715865441051e-07,1.2000694579773384e-08
528.0,-2.3937424764586268e-08,-1.1292034478302218e-09,-2.0638418478727272e-07,-1.268201095051795e-08,2.0776773578846973e-07,1.1356004783135211e-08
529.0,-2.359327189171978e-08,-8.042442478393193e-10,-2.0576803545432898e-07,-1.2065332022287315e-08,2.071162159109967e-07,1.0708176836332931e-08
530.0,-2.336368554178847e-08,-4.817095753659731e-10,-2.051680300721448e-07,-1.144497977083711e-08,2.064940250122993e-07,1.005723418116251e-08
531.0,-2.3137140925388877e-08,-1.6168782532347417e-10,-2.0455415113487807e-07,-1.0820979580351464e-08,2.0585851460824213e-07,9.40320034985604e-09
532.0,-2.2857000209208778e-08,1.5573320727831509e-10,-2.0382525861215028e-07,-1.019335718862751e-08,2.0510284860740895e-07,8.746099066851287e-09
533.0,-2.2577677283308617e-08,4.704665938612909e-10,-2.0315903796058743e-07,-9.562138804287252e-09,2.0440975078645499e-07,8.085954356036154e-09
534.0,-2.214129632416295e-08,7.824265466762819e-10,-2.02572442778437e-07,-8.927351229419619e-09,2.0377887912180085e-07,7.422790653091518e-09
535.0,-2.1577184372567615e-08,1.0915287000127595e-09,-2.0194918303600984e-07,-8.289021987121611e-09,2.030986149986247e-07,6.7566329225151045e-09
536.0,-2.1374967434928394e-08,1.397690397068979e-09,-2.0135763536058282e-07,-7.647179453357222e-09,2.0248897883798437e-07,6.087506778865406e-09
537.0,-2.0999836813917483e-08,1.700830981239268e-09,-2.0079936569050716e-07,-7.001852992501824e-09,2.018944734457117e-07,5.41543861172018e-09
538.0,-2.0273177692153865e-08,2.0008720904930476e-09,-2.0028159828169856e-07,-6.3530730958896395e-09,2.0130504301683384e-07,4.740455713798868e-09
539.0,-1.9846810583867835e-08,2.2977379534503392e-09,-1.9986913067648882e-07,-5.700871522636608e-09,2.0085209804163682e-07,4.062586411656578e-09
540.0,-1.9395339972971826e-08,2.591355685702417e-09,-1.994810368936839e-07,-5.045281441973282e-09,2.0042171362615988e-07,3.38186019832153e-09
541.0,-1.883504466282382e-08,2.8816555848882457e-09,-1.9887991344752498e-07,-4.386337576296288e-09,1.9976981473772656e-07,2.6983078672214654e-09
542.0,-1.8624076170148385e-08,3.1685714230215225e-09,-1.981825145450089e-07,-3.724076344137514e-09,1.9905568387909489e-07,2.0119616467326534e-09
543.0,-1.8346223817911067e-08,3.4520407345705296e-09,-1.975680023712234e-07,-3.058536002259575e-09,1.9841799184885583e-07,1.3228553346894666e-09
544.0,-1.7768827631492456e-08,3.732005098822136e-09,-1.9689756227889155e-07,-2.389756786112887e-09,1.9769770172353462e-07,6.310244322119536e-10
545.0,-1.7593847906338667e-08,4.0084104151060885e-09,-1.9613358068909514e-07,-1.717781047928756e-09,1.9692111354061852e-07,-6.349372376095717e-11
546.0,-1.740904861935455e-08,4.281207169513283e-09,-1.9542905813421663e-07,-1.0426533917675877e-09,1.9620293508777607e-07,-7.606598298103453e-10
547.0,-1.6944911723770772e-08,4.5503506918085846e-09,-1.9469936284738365e-07,-3.644208048886417e-10,1.9543533950261796e-07,-1.4604324877895917e-09
548.0,-1.69323365051266e-08,4.815801401314199e-09,-1.938923728760089e-07,3.168672151459809e-10,1.9463030668169877e-07,-2.1627680794966425e-09
549.0,-1.69832351792909e-08,5.0775250406199894e-09,-1.9315058030766608e-07,1.0011585381773592e-09,1.938957888927536e-07,-2.8676206447416578e-09
550.0,-1.6653190409998686e-08,5.3354928960588825e-09,-1.9248566886578833e-07,1.6883982844715215e-09,1.9320471389058183e-07,-3.5749417632588956e-09
551.0,-1.637204216642374e-08,5.5896820039629564e-09,-1.9180501409019057e-07,2.37852871353082e-09,1.9250248620430168e-07,-4.284680440891044e-09
552.0,-1.631756785247518e-08,5.840075341784912e-09,-1.9107111234872853e-07,3.071489119142508e-09,1.917666107402448e-07,-4.996783000458402e-09
553.0,-1.5982603657205274e-08,6.086662003228344e-09,-1.904333445171269e-07,3.767215731090143e-09,1.9110285796827335e-07,-5.7111929777129015e-09
554.0,-1.569011798263631e-08,6.329437356581611e-09,-1.896991472932763e-07,4.465641623933783e-09,1.9034691036658617e-07,-6.427851022765498e-09
555.0,-1.5514650314463196e-08,6.568403185497455e-09,-1.8882502963307735e-07,5.166696633245191e-09,1.8946133164926453e-07,-7.146694807364058e-09
556.0,-1.538450108973244e-08,6.8035678115058445e-09,-1.8803257131189133e-07,5.870307279665256e-09,1.886608882305537e-07,-7.867658938387394e-09
557.0,-1.4987314833625476e-08,7.0349461975925066e-09,-1.8741061014182492e-07,6.576396701133305e-09,1.8800892638290688e-07,-8.590674877911053e-09
558.0,-1.4512427953805584e-08,7.262560032220656e-09,-1.8680989159400307e-07,7.284884593625106e-09,1.8737274658412194e-07,-9.31567087019463e-09
559.0,-1.4229096068074654e-08,7.48643779321947e-09,-1.8614933140065348e-07,7.995687160729214e-09,1.8669236930261721e-07,-1.0042571875940519e-08
560.0,-1.401509650000854e-08,7.706614791012496e-09,-1.855070101766665e-07,8.708717072386841e-09,1.860356787140316e-07,-1.0771299514176379e-08
561.0,-1.362533946780431e-08,7.92313319071795e-09,-1.8499180508280144e-07,9.423883433114407e-09,1.854929050487002e-07,-1.1501772012115165e-08
562.0,-1.3087236211406506e-08,8.136042012723281e-09,-1.84435741373834e-07,1.0141091760015073e-08,1.848994820105479e-07,-1.2233904163341921e-08
563.0,-1.2807923471802596e-08,8.345397111419209e-09,-1.8377291480589641e-07,1.0860243970863477e-08,1.8421869373088828e-07,-1.2967607294663206e-08
564.0,-1.272392100015729e-08,8.551261131873655e-09,-1.831213394254405e-07,1.1581238382514136e-08,1.8356285876665148e-07,-1.3702789241930728e-08
565.0,-1.2341755228906237e-08,8.75370344433555e-09,-1.8239973420541844e-07,1.2303969719836937e-08,1.8281679890080543e-07,-1.4439354335114078e-08
566.0,-1.2186978648465185e-08,8.952800056581809e-09,-1.815653255556049e-07,1.3028329135323736e-08,1.8197387145601683e-07,-1.5177203392848633e-08
567.0,-1.2260963327959118e-08,9.148633504253993e-09,-1.808654515947361e-07,1.3754204239441528e-08,1.8128056377421543e-07,-1.5916233726627564e-08
568.0,-1.1957171364151975e-08,9.341292719468483e-09,-1.8011721076779952e-07,1.4481479141734251e-08,1.8051366585885848e-07,-1.6656339154744458e-08
569.0,-1.1831584934007822e-08,9.530872878120395e-09,-1.7924252834408683e-07,1.5210034502602037e-08,1.7963259829226824e-07,-1.7397410026030416e-08
570.0,-1.1926833298758766e-08,9.717475226432698e-09,-1.7854239264467053e-07,1.593974759561586e-08,1.7894031218207953e-07,-1.8139333253368358e-08
571.0,-1.1601917287995533e-08,9.90120688742502e-09,-1.77841381097249e-07,1.6670492380158847e-08,1.7821941901861998e-07,-1.8881992356909655e-08
572.0,-1.1585719328355282e-08,1.0082180648089922e-08,-1.7693176252581155e-07,1.7402139584123966e-08,1.7731068067898674e-07,-1.9625267516864088e-08
573.0,-1.2036572627494024e-08,1.0260514728166932e-08,-1.7610378005503136e-07,1.813455679634158e-08,1.765146465035913e-07,-2.03690356356845e-08
574.0,-1.168122107375602e-08,1.0436332531494257e-08,-1.754014680964422e-07,1.8867608568359258e-08,1.7579000522259844e-07,-2.1113170409421802e-08
575.0,-1.1181756853773095e-08,1.0609762380991432e-08,-1.745866753978531e-07,1.9601156525151912e-08,1.7494438805749738e-07,-2.1857542407985267e-08
576.0,-1.1686065781724153e-08,1.0780937238379618e-08,-1.7369763857799647e-07,2.0335059484304017e-08,1.7409030352385246e-07,-2.26020191640088e-08
577.0,-1.1526952975460247e-08,1.094999440978067e-08,-1.7295910991269037e-07,2.1069173583177668e-08,1.7334279433160346e-07,-2.3346465269996125e-08
578.0,-1.1079526962554098e-08,1.1117075238355977e-08,-1.7216968961272783e-07,2.1803352413560683e-08,1.7252581818109717e-07,-2.409074248339732e-08
579.0,-1.1294938873085414e-08,1.1282324785153189e-08,-1.713353981226684e-07,2.2537447163278034e-08,1.7170729248928254e-07,-2.483470983925576e-08
580.0,-1.1169015989853648e-08,1.1445891499322434e-08,-1.7072433560264e-07,2.3271306764247612e-08,1.7108929155603065e-07,-2.557822377005881e-08
581.0,-1.0478573259087298e-08,1.1607926878843789e-08,-1.70188536274124e-07,2.4004778046466862e-08,1.7051081601081757e-07,-2.6321138232426362e-08
582.0,-1.033330435107338e-08,1.1768585122878497e-08,-1.6952459341856851e-07,2.4737705897427928e-08,1.6983923266590343e-07,-2.706330484027648e-08
583.0,-1.0560741225962289e-08,1.1928022776821984e-08,-1.6882157587508329e-07,2.5469933426470383e-08,1.691515703036429e-07,-2.780457300411258e-08
584.0,-1.0169420999739387e-08,1.208639837110305e-08,-1.6808132783513452e-07,2.6201302133587513e-08,1.6838868694271568e-07,-2.8544790076076775e-08
585.0,-1.012644507136784e-08,1.2243872054743572e-08,-1.672311878316013e-07,2.693165208220125e-08,1.6753750348310595e-07,-2.9283801500406232e-08
586.0,-1.0146710721636865e-08,1.2400605224663569e-08,-1.6649902765883406e-07,2.7660822075413208e-08,1.668079193258095e-07,-3.002145096891491e-08
587.0,-9.565188752169718e-09,1.2556760151682088e-08,-1.657514054412279e-07,2.8388649835229557e-08,1.6602717019092672e-07,-3.075758058110566e-08
588.0,-9.414888479941652e-09,1.2712499604123289e-08,-1.648674238449721e-07,2.911497218424972e-08,1.6513602747543437e-07,-3.149203100850145e-08
589.0,-9.39827524137904e-09,1.2867986469891993e-08,-1.6406218160749941e-07,2.983962522930595e-08,1.6433115045944526e-07,-3.222464166277351e-08
590.0,-9.158393737829229e-09,1.3023383377838409e-08,-1.6327786112393938e-07,3.05624445465451e-08,1.6353451045288743e-07,-3.295525086723826e-08
591.0,-8.948011748222129e-09,1.3178852319190747e-08,-1.6255463987022156e-07,3.1283265367455166e-08,1.628007305191956e-07,-3.368369603129828e-08
592.0,-8.885479990672351e-09,1.3334554269796635e-08,-1.6188585448551063e-07,3.2001922765360144e-08,1.6212952117726297e-07,-3.4409813827413605e-08
593.0,-8.543850071873749e-09,1.3490648813876628e-08,-1.6124768955141922e-07,3.271825184193559e-08,1.6147388259319687e-07,-3.513344037020998e-08
594.0,-8.034222148678438e-09,1.3647293769955294e-08,-1.608155923912835e-07,3.343208791333222e-08,1.6101615907011867e-07,-3.585441139735539e-08
595.0,-7.583003225342111e-09,1.3804644819598597e-08,-1.6032618515779418e-07,3.414326669552983e-08,1.6050541294662574e-07,-3.657256245186236e-08
596.0,-7.17199896693721e-09,1.396285513955667e-08,-1.5964781825347774e-07,3.4851624488573824e-08,1.5980883405580934e-07,-3.7287729065493764e-08
597.0,-7.054177714183041e-09,1.4122075037895794e-08,-1.5908692213226217e-07,3.5556998359364486e-08,1.592432422953631e-07,-3.799974694295924e-08
598.0,-6.812551855972515e-09,1.4282451594709637e-08,-1.5844815346582886e-07,3.625922632267158e-08,1.5859454025760524e-07,-3.8708452146584e-08
599.0,-6.6257894726362565e-09,1.4444128308028362e-08,-1.5750827435725978e-07,3.695814752003311e-08,1.576475739652771e-07,-3.941368128111165e-08
600.0,-6.870198104858005e-09,1.4607244745589336e-08,-1.5662117229184314e-07,3.765360239617111e-08,1.5677178072622383e-07,-4.011527167827069e-08
601.0,-6.698395060844575e-09,1.4771936203186599e-08,-1.558710802582186e-07,3.8345432872526365e-08,1.560149420961184e-07,-4.081306158069738e-08
602.0,-6.383691575351236e-09,1.4938333370368655e-08,-1.5515980469199553e-07,3.9033482517484096e-08,1.5529107028476366e-07,-4.15068903247732e-08
603.0,-6.4002736166468566e-09,1.510656200429872e-08,-1.5464323791652967e-07,3.971759671284337e-08,1.5477562642637357e-07,-4.219659852190862e-08
604.0,-6.049211437320068e-09,1.527674261262451e-08,-1.5412804728678897e-07,4.039762281607451e-08,1.5424671121113752e-07,-4.288202823779089e-08
605.0,-5.760824095535355e-09,1.544899014622853e-08,-1.5327053301886218e-07,4.107341031790838e-08,1.533787579365077e-07,-4.356302316910581e-08
606.0,-6.494882881513675e-09,1.562341370274854e-08,-1.5219646994427127e-07,4.174481099480183e-08,1.523349893069286e-07,-4.423942881723701e-08
607.0,-6.75427644369897e-09,1.580011624177292e-08,-1.5133163625696833e-07,4.2411679055821294e-08,1.5148229065633145e-07,-4.491109265843708e-08
608.0,-6.07959449450135e-09,1.597919431262157e-08,-1.5067987187838972e-07,4.307387128348714e-08,1.5080247099602018e-07,-4.5577864309958164e-08
609.0,-5.74259670371724e-09,1.616073779560741e-08,-1.5006371975254118e-07,4.373124716813362e-08,1.5017355760209838e-07,-4.6239595691634e-08
610.0,-5.90471865846709e-09,1.63448296576292e-08,-1.4944264902644333e-07,4.438366903536979e-08,1.4955925598396233e-07,-4.6896141182427194e-08
611.0,-5.3986667081229456e-09,1.6531545722880164e-08,-1.489288122061283e-07,4.5031002166274125e-08,1.4902663086627715e-07,-4.754735777149297e-08
612.0,-5.147447329489907e-09,1.672095445938256e-08,-1.483210667826973e-07,4.567311491001038e-08,1.4841036037139464e-07,-4.819310520335696e-08
613.0,-5.268210256925698e-09,1.691311678198536e-08,-1.4758503567163794e-07,4.6309878788608654e-08,1.4767903301928077e-07,-4.883324611685091e-08
614.0,-5.078972631356038e-09,1.7108085872391324e-08,-1.4691522297674564e-07,4.6941168593706705e-08,1.470029887631437e-07,-4.946764617749369e-08
615.0,-4.459133340350974e-09,1.7305907016709197e-08,-1.464388816457829e-07,4.7566862475094726e-08,1.4650675727697559e-07,-5.0096174203044594e-08
616.0,-4.049193258470751e-09,1.7506617460954165e-08,-1.460460386445983e-07,4.818684202095142e-08,1.461021607294839e-07,-5.071870228199334e-08
617.0,-3.6734630060042406e-09,1.7710246284845984e-08,-1.455791115920202e-07,4.880099232970343e-08,1.4562545128643671e-07,-5.133510588478792e-08
618.0,-3.162082540253408e-09,1.7916814294185535e-08,-1.4502831693907758e-07,4.9409202073479566e-08,1.4506278461470713e-07,-5.1945263967634604e-08
619.0,-3.0134878203913473e-09,1.8126333932037154e-08,-1.4438781166872805e-07,5.001136355316158e-08,1.4441925518201416e-07,-5.254905906872893e-08
620.0,-2.9722556360578523e-09,1.8338809208910845e-08,-1.4378647542750977e-07,5.060737274504934e-08,1.4381719236388933e-07,-5.314637739678843e-08
621.0,-2.857366288022689e-09,1.855423565212413e-08,-1.4314519839950246e-07,5.1197129339162934e-08,1.4317371395244607e-07,-5.373710891175905e-08
622.0,-2.5551188109762535e-09,1.877260027452025e-08,-1.42492786858045e-07,5.178053676920095e-08,1.4251569365761248e-07,-5.432114739756132e-08
623.0,-2.4532922915376787e-09,1.899388156271824e-08,-1.4186594945661546e-07,5.235750223416922e-08,1.418871603010459e-07,-5.489839052673563e-08
624.0,-2.3494666767653882e-09,1.92180494850638e-08,-1.413368735207754e-07,5.292793671169076e-08,1.4135639996226874e-07,-5.5468739916840875e-08
625.0,-2.001874083168431e-09,1.9445065519435475e-08,-1.4082244502097718e-07,5.3491754963007634e-08,1.4083667321238103e-07,-5.603210117845934e-08
626.0,-1.7305686883517524e-09,1.9674882701039088e-08,-1.4027873112068545e-07,5.4048875529689036e-08,1.402894054189933e-07,-5.6588383954664196e-08
627.0,-1.531815035926698e-09,1.9907445690295678e-08,-1.3973547998910596e-07,5.4599220722065374e-08,1.3974387580531078e-07,-5.7137501951810686e-08
628.0,-1.3917897667692358e-09,2.0142690860896585e-08,-1.391462867809945e-07,5.5142716599412766e-08,1.3915324719061947e-07,-5.7679372961517486e-08
629.0,-1.3057605829924768e-09,2.038054640806582e-08,-1.3837915231740272e-07,5.567929294191541e-08,1.3838531282901028e-07,-5.821391887370855e-08
630.0,-1.3718511604476902e-09,2.062093247703469e-08,-1.3755475217896995e-07,5.620888321443508e-08,1.3756159283253542e-07,-5.8741065680589346e-08
631.0,-1.3496448125760452e-09,2.086376131169296e-08,-1.3695201927371725e-07,5.673142452212264e-08,1.369586694016437e-07,-5.9260743471438724e-08
632.0,-9.8791300140455e-10,2.1108937423328436e-08,-1.3654291039152944e-07,5.724685755792115e-08,1.3654648421064375e-07,-5.977288641811557e-08
633.0,-5.080551812586265e-10,2.1356357779297335e-08,-1.3617053473691243e-07,5.775512654203945e-08,1.361714825159948e-07,-6.027743275121135e-08
634.0,-1.93126903358376e-10,2.160591201138095e-08,-1.3573167815042475e-07,5.8256179153518643e-08,1.357318155464344e-07,-6.077432472682737e-08
635.0,-8.692074837668429e-12,2.1857482643486235e-08,-1.3527603996352222e-07,5.8749966454064554e-08,1.3527604024277405e-07,-6.126350858400987e-08
636.0,2.982351587910159e-10,2.2110945338249665e-08,-1.3473776039329977e-07,5.923644280436823e-08,1.3473809045705004e-07,-6.17449344929305e-08
637.0,5.692893378927977e-10,2.2366169162011744e-08,-1.341965593960881e-07,5.971556577317901e-08,1.3419776691174128e-07,-6.221855649394767e-08
638.0,9.252906496559632e-10,2.2623016867543915e-08,-1.3377066895858825e-07,6.018729603943024e-08,1.3377386903433177e-07,-6.26843324277258e-08
639.0,1.318907261183e-09,2.28813451938287e-08,-1.3344959255701117e-07,6.065159728775023e-08,1.3345610990133006e-07,-6.314222385662923e-08
640.0,1.8219091790783182e-09,2.314100518211661e-08,-1.3308923002899875e-07,6.110843609772125e-08,1.3310169984928274e-07,-6.359219597764561e-08
641.0,2.2343916994405078e-09,2.340184250741218e-08,-1.3264374451593675e-07,6.15577818272792e-08,1.3266256241108727e-07,-6.40342175271305e-08
642.0,2.3768960688563823e-09,2.366369782448125e-08,-1.321548985695753e-07,6.199960649067022e-08,1.3217627189044514e-07,-6.446826067769839e-08
643.0,2.6273458408887507e-09,2.392640712742506e-08,-1.3177534424757553e-07,6.243388463139716e-08,1.3180153374575984e-07,-6.489430092760958e-08
644.0,2.9793662259525178e-09,2.4189802121834575e-08,-1.3145342329934362e-07,6.286059319059769e-08,1.314871823419483e-07,-6.531231698302147e-08
645.0,3.349470895086526e-09,2.4453710608516363e-08,-1.3108310393389333e-07,6.327971137130023e-08,1.3112589024376883e-07,-6.572229063348585e-08
646.0,3.661502490093227e-09,2.471795687776448e-08,-1.306679977830516e-07,6.369122049900274e-08,1.307192879613278e-07,-6.612420662108279e-08
647.0,3.790786018420533e-09,2.4982362113139932e-08,-1.3019117101747968e-07,6.409510387901452e-08,1.302463476245691e-07,-6.65180525035867e-08
648.0,3.975358597863021e-09,2.524674480371089e-08,-1.2975692291472551e-07,6.44913466509894e-08,1.2981780509729636e-07,-6.690381851205845e-08
649.0,4.167191536286197e-09,2.5510921163703487e-08,-1.2927702308998534e-07,6.487993564106335e-08,1.2934416950256667e-07,-6.728149740325209e-08
650.0,4.5085420674606524e-09,2.577470555851102e-08,-1.288446224677331e-07,6.52608592119925e-08,1.2892347998105983e-07,-6.765108430721863e-08
651.0,4.849501605841411e-09,2.6037910936004344e-08,-1.2847620191325237e-07,6.563410711167295e-08,1.2856769471325155e-07,-6.801257657048464e-08
652.0,5.041444178788268e-09,2.6300349262077367e-08,-1.2805433910814679e-07,6.59996703204135e-08,1.281535404264435e-07,-6.836597359518501e-08
653.0,5.067845892936518e-09,2.6561831959350312e-08,-1.275068837076898e-07,6.635754089732688e-08,1.2760755641748215e-07,-6.871127667453356e-08
654.0,5.189836782548696e-09,2.68221703479426e-08,-1.270456862732805e-07,6.670771182620371e-08,1.2715164492242444e-07,-6.904848882502591e-08
655.0,5.541291620003719e-09,2.7081176087215316e-08,-1.267983752092916e-07,6.705017686123715e-08,1.2691939910247848e-07,-6.937761461578363e-08
656.0,5.924973844884107e-09,2.733866161736601e-08,-1.2662491796072706e-07,6.738493037297722e-08,1.2676346146908194e-07,-6.969865999547034e-08
657.0,6.322317364082508e-09,2.759444059973343e-08,-1.2643831537664796e-07,6.771196719491025e-08,1.2659628466956237e-07,-7.001163211724002e-08
658.0,6.747967767894991e-09,2.784832835464004e-08,-1.2614222370810335e-07,6.803128247107927e-08,1.2632258575180346e-07,-7.03165391622084e-08
659.0,6.996331874953299e-09,2.8100142295572907e-08,-1.256948761775567e-07,6.834287150517611e-08,1.2588943782937392e-07,-7.06133901619657e-08
660.0,7.2450676291691e-09,2.834970235848635e-08,-1.2529872596769853e-07,6.864672961154282e-08,1.255080146208984e-07,-7.09021948206665e-08
661.0,7.50707346286461e-09,2.859683142500512e-08,-1.2499798101445192e-07,6.894285196851751e-08,1.2522320635435802e-07,-7.118296333723989e-08
662.0,7.745389968283334e-09,2.8841355738313212e-08,-1.2477840667310391e-07,6.92312334745551e-08,1.250185659717759e-07,-7.145570622826835e-08
663.0,8.02155358803347e-09,2.908310531052725e-08,-1.2460614257775449e-07,6.951186860754983e-08,1.2486407045292643e-07,-7.172043415208811e-08
664.0,8.336722145951825e-09,2.9321914320371424e-08,-1.243602851634662e-07,6.978475128778615e-08,1.2463940573541512e-07,-7.197715773467236e-08
665.0,8.615042179638266e-09,2.955762149999147e-08,-1.2407126189287188e-07,7.004987474494312e-08,1.2437000031939595e-07,-7.222588739786415e-08
666.0,8.892686614858647e-09,2.9790070509769183e-08,-1.2383403074148203e-07,7.030723138957244e-08,1.2415291798790877e-07,-7.246663319052818e-08
667.0,9.261318295594734e-09,3.001911030002744e-08,-1.236600700796342e-07,7.055681268945829e-08,1.2400639075738136e-07,-7.269940462318508e-08
668.0,9.631525965669852e-09,3.0244595458550514e-08,-1.235259680411327e-07,7.079860905125095e-08,1.2390089213934785e-07,-7.292421050668046e-08
669.0,9.815331741824806e-09,3.046638654288632e-08,-1.233015922662284e-07,7.103260970774483e-08,1.2369164641393251e-07,-7.314105879542482e-08
670.0,9.826669533641308e-09,3.0684350396448514e-08,-1.2293235468474606e-07,7.125880261114564e-08,1.2332447957506085e-07,-7.334995643571727e-08
671.0,9.8262758208012e-09,3.0898360447496094e-08,-1.225314174950476e-07,7.147717433264034e-08,1.2292478989142962e-07,-7.355090921963729e-08
672.0,9.936917955144509e-09,3.110829699013259e-08,-1.2219701417404139e-07,7.168770996854766e-08,1.2260037769720835e-07,-7.374392164495392e-08
673.0,1.0194354527204297e-08,3.131404744652869e-08,-1.219550633500821e-07,7.189039305329279e-08,1.223804001503054e-07,-7.39289967814687e-08
674.0,1.0506216591155138e-08,3.1515506609623625e-08,-1.2177316109293623e-07,7.208520547942295e-08,1.222255429508352e-07,-7.410613614418252e-08
675.0,1.0796654820177665e-08,3.1712576865600576e-08,-1.2161693828741105e-07,7.227212742486372e-08,1.2209523919346738e-07,-7.427533957366141e-08
676.0,1.0936381161785746e-08,3.1905168395463875e-08,-1.2139606685862558e-07,7.245113728760865e-08,1.218876920843928e-07,-7.443660512397008e-08
677.0,1.0960160723438861e-08,3.2093199355078245e-08,-1.2113663379678674e-07,7.262221162803263e-08,1.216314481156104e-07,-7.458992895854086e-08
678.0,1.1071823263764102e-08,3.227659603306598e-08,-1.2099163962039916e-07,7.278532511901892e-08,1.2149716921976648e-07,-7.473530525434504e-08
679.0,1.1389451687326968e-08,3.24552929859964e-08,-1.2100609215678904e-07,7.294045050409041e-08,1.215409147110358e-07,-7.487272611473311e-08
680.0,1.1812382572085056e-08,3.262923315033794e-08,-1.2105315219321233e-07,7.308755856373683e-08,1.2162811368241442e-07,-7.500218149131089e-08
681.0,1.2110057123759788e-08,3.279836793067608e-08,-1.2096874355341236e-07,7.322661809013006e-08,1.2157339511764886e-07,-7.512365911521703e-08
682.0,1.2234342344763505e-08,3.2962657263733325e-08,-1.2074806952228068e-07,7.3357595870415e-08,1.213662861999427e-07,-7.523714443816077e-08
683.0,1.2289943923660118e-08,3.312206965776787e-08,-1.2049049841894588e-07,7.34804566787487e-08,1.2111565931328908e-07,-7.534262058356097e-08
684.0,1.2405812904736635e-08,3.327658220697922e-08,-1.2026004482523778e-07,7.359516327723584e-08,1.208982323079851e-07,-7.544006830809783e-08
685.0,1.267331092846824e-08,3.342618058060865e-08,-1.2011232087758006e-07,7.370167642587928e-08,1.2077906456206882e-07,-7.552946597395335e-08
686.0,1.3056892123053387e-08,3.357085898648508e-08,-1.2006655187093984e-07,7.379995490163648e-08,1.207744149648018e-07,-7.5610789531982e-08
687.0,1.3384679836692115e-08,3.37106201088285e-08,-1.2005787390287348e-07,7.388995552665296e-08,1.2080166696039018e-07,-7.568401251602605e-08
688.0,1.3563352080359081e-08,3.384547502018732e-08,-1.2003007048011494e-07,7.397163320572915e-08,1.207939664847427e-07,-7.574910604856695e-08
689.0,1.3656324432398392e-08,3.397544306745853e-08,-1.2000023285815842e-07,7.404494097306591e-08,1.2077479489949532e-07,-7.58060388578838e-08
690.0,1.3798161335731862e-08,3.410055173202468e-08,-1.2001956846419137e-07,7.41098300483201e-08,1.208101240400721e-07,-7.585477730686507e-08
691.0,1.4050077185023824e-08,3.4220836464138956e-08,-1.2009714452435039e-07,7.416624990198292e-08,1.2091620566246624e-07,-7.589528543358773e-08
692.0,1.4321738794897954e-08,3.4336340491793946e-08,-1.201598009425986e-07,7.421414833006736e-08,1.2101028867279923e-07,-7.59275250037379e-08
693.0,1.4493208966293025e-08,3.4447114604418604e-08,-1.201279827174606e-07,7.425347153805763e-08,1.209991129633071e-07,-7.595145557489839e-08
694.0,1.4544562498830516e-08,3.45532169118604e-08,-1.20016373929277e-07,7.428416423402942e-08,1.2089447592596787e-07,-7.596703457266931e-08
695.0,1.4534145192923731e-08,3.4654712579228766e-08,-1.1987589175477265e-07,7.430616973079857e-08,1.2075376102006494e-07,-7.597421737851966e-08
696.0,1.4526045699625456e-08,3.4751673538300645e-08,-1.1973549900179403e-07,7.43194300568954e-08,1.2061341436538568e-07,-7.597295742918979e-08
697.0,1.4554824290247126e-08,3.484417817631527e-08,-1.1961529894702339e-07,7.432388607610307e-08,1.2049756284799184e-07,-7.596320632738833e-08
698.0,1.4553615867995973e-08,3.493231100310674e-08,-1.195071050105745e-07,7.431947761524249e-08,1.203900157107792e-07,-7.59449139634529e-08
699.0,1.4477165966031436e-08,3.501616229763472e-08,-1.193962065187959e-07,7.430614359984149e-08,1.202707049346888e-07,-7.59180286475823e-08
700.0,1.4339317566669507e-08,3.5095827735073025e-08,-1.1929519009440392e-07,7.428382219729172e-08,1.2015389468484892e-07,-7.588249725219834e-08
701.0,1.4263309700002225e-08,3.517140799570115e-08,-1.192938453783987e-07,7.425245096707577e-08,1.201435123040919e-07,-7.583826536396021e-08
702.0,1.4347987603580137e-08,3.524300835691329e-08,-1.1944654906143048e-07,7.42119670176389e-08,1.2030520699852193e-07,-7.578527744493325e-08
703.0,1.4561902850207531e-08,3.531073826971033e-08,-1.1966636227767058e-07,7.41623071694814e-08,1.2054910731892452e-07,-7.572347700240559e-08
704.0,1.4703678774541373e-08,3.537471092107345e-08,-1.197826443380401e-07,7.410340812405799e-08,1.2068173040737485e-07,-7.565280676684832e-08
705.0,1.4652730001563086e-08,3.543504278363723e-08,-1.1973737461257183e-07,7.403520663808126e-08,1.2063059883632374e-07,-7.557320887751811e-08
706.0,1.448431119488447e-08,3.549185315409368e-08,-1.196302741937605e-07,7.395763970283262e-08,1.2050393260995499e-07,-7.548462507520234e-08
707.0,1.4376430962359521e-08,3.5545263681768924e-08,-1.1958748506041283e-07,7.387064472808519e-08,1.2044852988015234e-07,-7.538699690160185e-08
708.0,1.4403571529930659e-08,3.559539788882061e-08,-1.1964807588790705e-07,7.377415973024175e-08,1.2051192860665783e-07,-7.528026590484061e-08
709.0,1.4555991884046549e-08,3.564238068349897e-08,-1.1979073585854927e-07,7.366812352429655e-08,1.2067185793407323e-07,-7.516437385059357e-08
710.0,1.4758036320783319e-08,3.568633786789487e-08,-1.1995731842920354e-07,7.355247591924372e-08,1.2086173042270617e-07,-7.50392629383362e-08
711.0,1.4938762754601598e-08,3.572739564156417e-08,-1.2011457118862867e-07,7.342715791657999e-08,1.2103998035552721e-07,-7.49048760222447e-08
712.0,1.5076550313741777e-08,3.5765680102378286e-08,-1.2028635752031613e-07,7.329211191157786e-08,1.212275141000099e-07,-7.476115683630477e-08
713.0,1.525158027648743e-08,3.5801316745912664e-08,-1.205454124193761e-07,7.314728189703461e-08,1.2150640788159123e-07,-7.46080502232179e-08
714.0,1.5514171142205768e-08,3.5834429964654136e-08,-1.209023958378963e-07,7.299261366922839e-08,1.218937193852621e-07,-7.444550236671893e-08
715.0,1.5785630080866753e-08,3.586514254828762e-08,-1.2129231789781425e-07,7.282805503583273e-08,1.2231521776980328e-07,-7.427346102693922e-08
716.0,1.6002301400641628e-08,3.589357518631338e-08,-1.216320369180901e-07,7.265355602555243e-08,1.2268017792194715e-07,-7.409187577845901e-08
717.0,1.6135651509374682e-08,3.591984597425077e-08,-1.2190127528580175e-07,7.246906909924243e-08,1.229645484110636e-07,-7.390069825068767e-08
718.0,1.6232121924364407e-08,3.5944069924704975e-08,-1.2215019235331526e-07,7.227454936225316e-08,1.232239882251802e-07,-7.369988237018754e-08
719.0,1.63240373163287e-08,3.59663584846108e-08,-1.2240744773003853e-07,7.206995477770963e-08,1.2349112297686425e-07,-7.348938460451412e-08
720.0,1.639237398598503e-08,3.5986819060018566e-08,-1.2265342647782562e-07,7.185524638037998e-08,1.2374398147646525e-07,-7.326916420708488e-08
721.0,1.6380157868978173e-08,3.6005554549848495e-08,-1.2284771491039015e-07,7.163038849072553e-08,1.2393494515477522e-07,-7.303918346251699e-08
722.0,1.6312137834928464e-08,3.6022662890106315e-08,-1.2297978611852667e-07,7.13953489286536e-08,1.240568967631557e-07,-7.279940793179242e-08
723.0,1.617117229013587e-08,3.603823661012182e-08,-1.2304636819865378e-07,7.115009922641935e-08,1.2410445415099304e-07,-7.25498066965247e-08
724.0,1.5972711125966654e-08,3.605236240243762e-08,-1.231148968570961e-07,7.089461484004742e-08,1.2414670889253162e-07,-7.229035260151681e-08
725.0,1.5777304018804728e-08,3.606512070803374e-08,-1.232989076255242e-07,7.062887535857463e-08,1.243042394439922e-07,-7.202102249472113e-08
726.0,1.5666160285698894e-08,3.607658531861752e-08,-1.2359961544181064e-07,7.035286471035476e-08,1.2458849672205168e-07,-7.174179746364692e-08
727.0,1.5610445797120676e-08,3.608682299773335e-08,-1.2392553811954587e-07,7.006657136562195e-08,1.2490486386127588e-07,-7.145266306721116e-08
728.0,1.5480757981078952e-08,3.609589312244854e-08,-1.241725629298751e-07,6.976998853447592e-08,1.2513384535065857e-07,-7.115360956199526e-08
729.0,1.5228531408117973e-08,3.6103847347352036e-08,-1.2432491739919338e-07,6.946311435943084e-08,1.252541147234864e-07,-7.084463212185057e-08
730.0,1.4975025913743778e-08,3.6110729292561614e-08,-1.244372377466607e-07,6.914595210165207e-08,1.253350610928014e-07,-7.05257310497821e-08
731.0,1.4787722546483195e-08,3.611657425737465e-08,-1.245907384102296e-07,6.881851031999369e-08,1.2546524951442942e-07,-7.019691198103615e-08
732.0,1.475377070514483e-08,3.612140896111397e-08,-1.2485738564924076e-07,6.848080304194649e-08,1.257260533906287e-07,-6.985818607632445e-08
733.0,1.4889477706336862e-08,3.61252513126122e-08,-1.252182044858552e-07,6.81328499256164e-08,1.2610033814795639e-07,-6.950957020414017e-08
734.0,1.4879286525104618e-08,3.612811020964513e-08,-1.2555033337968702e-07,6.77746764118804e-08,1.2642894992542931e-07,-6.915108711116478e-08
735.0,1.4794257291450563e-08,3.612998536947309e-08,-1.258576899122732e-07,6.740631386590806e-08,1.267242208847999e-07,-6.878276557982275e-08
736.0,1.4820373123169972e-08,3.613086719148694e-08,-1.2621684652991405e-07,6.702779970728889e-08,1.2708397148132354e-07,-6.840464057211394e-08
737.0,1.5032072864240575e-08,3.613073665278774e-08,-1.2669474461560193e-07,6.663917752806448e-08,1.275833904856288e-07,-6.801675335893047e-08
738.0,1.529400764366251e-08,3.612956523735931e-08,-1.2726434491308614e-07,6.624049719802685e-08,1.2818003025417556e-07,-6.761915163414872e-08
739.0,1.5423737481645716e-08,3.61273148993226e-08,-1.2783370632526991e-07,6.583181495671018e-08,1.2876081760674743e-07,-6.721188961287181e-08
740.0,1.542897923312303e-08,3.6123938060595215e-08,-1.2834469425432316e-07,6.541319349156655e-08,1.2926876631039625e-07,-6.679502811328123e-08
741.0,1.5495515731656084e-08,3.611937764312558e-08,-1.2880472718274083e-07,6.498470200187327e-08,1.297334527113585e-07,-6.636863462163086e-08
742.0,1.5683602194727086e-08,3.611356713573148e-08,-1.2927988152916514e-07,6.454641624796571e-08,1.3022773570172147e-07,-6.593278333997936e-08
743.0,1.581289579832834e-08,3.610643069544575e-08,-1.297309989919948e-07,6.409841858542397e-08,1.3069116180136187e-07,-6.548755521630542e-08
744.0,1.5754619692165406e-08,3.609788328315511e-08,-1.301013953479424e-07,6.364079798386674e-08,1.3105182605796218e-07,-6.503303795668965e-08
745.0,1.5672735886873568e-08,3.608783083321145e-08,-1.3047400125240638e-07,6.3173650030026e-08,1.3141194638613583e-07,-6.456932601927783e-08
746.0,1.5614386311701978e-08,3.6076170456597557e-08,-1.307983361481524e-07,6.26970769147931e-08,1.3172704277792064e-07,-6.40965205897689e-08
747.0,1.5497949895637575e-08,3.606279067713884e-08,-1.311364611102095e-07,6.221118740394738e-08,1.3204907376985717e-07,-6.361472953820079e-08
748.0,1.5345585191450795e-08,3.60475717001637e-08,-1.315173659734159e-07,6.171609679230522e-08,1.324096089317293e-07,-6.312406735684295e-08
749.0,1.532984228447276e-08,3.6030385712922776e-08,-1.3204908633560053e-07,6.121192684106425e-08,1.3293594422327503e-07,-6.262465507905108e-08
750.0,1.5338620679150594e-08,3.60110972159776e-08,-1.3264600616166855e-07,6.069880569816716e-08,1.3352990764237156e-07,-6.211662017899873e-08
751.0,1.5309419898468235e-08,3.598956338466272e-08,-1.331692613092128e-07,6.017686780157007e-08,1.3404637442045576e-07,-6.16000964522715e-08
752.0,1.5170841832778947e-08,3.59656344596121e-08,-1.3364956856498633e-07,5.964625376536846e-08,1.345078496576396e-07,-6.10752238773882e-08
753.0,1.505312349769916e-08,3.5939154165224336e-08,-1.3412488090308594e-07,5.910711024880338e-08,1.349669596764481e-07,-6.054214845839435e-08
754.0,1.4921319874128258e-08,3.5909960154822756e-08,-1.3460624119152054e-07,5.855958980824032e-08,1.3543074227994122e-07,-6.000102204875356e-08
755.0,1.499480772881867e-08,3.587788448114628e-08,-1.3511364984480911e-07,5.800385073228213e-08,1.3594315956755576e-07,-5.9452002156842374e-08
756.0,1.515110922833962e-08,3.5842754090681196e-08,-1.3569205378760607e-07,5.744005686024863e-08,1.3653530522157137e-07,-5.889525173343648e-08
757.0,1.520269460320023e-08,3.580439134021578e-08,-1.362738476923253e-07,5.686837738433082e-08,1.3711923091991602e-07,-5.833093894166276e-08
758.0,1.5087806726210573e-08,3.5762614533871754e-08,-1.3681928747941163e-07,5.6288986635806545e-08,1.3764868084431966e-07,-5.7759236909981025e-08
759.0,1.5234411371300993e-08,3.571723847874571e-08,-1.3741551679880004e-07,5.5702063855785995e-08,1.3825741045929988e-07,-5.718032346885089e-08
760.0,1.5397868924349467e-08,3.566807505718479e-08,-1.3808877577861645e-07,5.51077929510369e-08,1.3894460897583777e-07,-5.659438087182875e-08
761.0,1.5397096847502567e-08,3.561493381362336e-08,-1.387711199528352e-07,5.4506362235520226e-08,1.3962268556468733e-07,-5.600159550192728e-08
762.0,1.5527085034383603e-08,3.5557622553824127e-08,-1.3950393910541758e-07,5.389796415834532e-08,1.4036537819417235e-07,-5.540215756415293e-08
763.0,1.5719302470795782e-08,3.549594795429817e-08,-1.4019918227400896e-07,5.3282795018926963e-08,1.4107766364832228e-07,-5.479626076521353e-08
764.0,1.562480844707892e-08,3.5429716179628394e-08,-1.408166089983398e-07,5.2661054670192567e-08,1.4168081030541584e-07,-5.418410198145466e-08
765.0,1.546380865025121e-08,3.535873350538992e-08,-1.4142554979196253e-07,5.2032946210743216e-08,1.4226846281565868e-07,-5.3565880916137415e-08
766.0,1.551401451749257e-08,3.528280694434921e-08,-1.4199853043753152e-07,5.1398675666917136e-08,1.4284350630276315e-07,-5.294179974721191e-08
767.0,1.5499432626242537e-08,3.5201744873627424e-08,-1.4258734805719375e-07,5.075845166574103e-08,1.4342727856903214e-07,-5.231206276677201e-08
768.0,1.5325736318905214e-08,3.5115357660528884e-08,-1.431953891607718e-07,5.0112485099786534e-08,1.4401318575262992e-07,-5.1676876013402265e-08
769.0,1.51574539863919e-08,3.502345828475802e-08,-1.438144543904063e-07,4.9460988784979894e-08,1.4461101515085164e-07,-5.103644689865111e-08
770.0,1.508203667510699e-08,3.4925862954777524e-08,-1.4439095352009046e-07,4.880417711244441e-08,1.4517649702589671e-07,-5.039098382888806e-08
771.0,1.4899111250299413e-08,3.4822391716094393e-08,-1.4505810628367977e-07,4.814226569548855e-08,1.458212526165378e-07,-4.974069582382693e-08
772.0,1.4695185346358386e-08,3.471286904929679e-08,-1.4580613642498075e-07,4.74754710128878e-08,1.4654479824116558e-07,-4.908579213302372e-08
773.0,1.4700824196856033e-08,3.4597124455700895e-08,-1.4647138883022714e-07,4.680401004964448e-08,1.472072755604235e-07,-4.842648185168492e-08
774.0,1.4606522047433401e-08,3.447499302850247e-08,-1.4716653905233468e-07,4.6128099936445695e-08,1.478896233782631e-07,-4.776297353714907e-08
775.0,1.435362198543011e-08,3.434631600736351e-08,-1.478742022026358e-07,4.544795758907196e-08,1.4856919647479636e-07,-4.7095474827428685e-08
776.0,1.4253225960603189e-08,3.421094131440149e-08,-1.484714458217795e-07,4.476379934903752e-08,1.4915403003168778e-07,-4.6424192063219364e-08
777.0,1.4211643639683302e-08,3.406872406958925e-08,-1.4915093035985927e-07,4.407584062676593e-08,1.4982646909726245e-07,-4.5749329914796785e-08
778.0,1.4081296101364771e-08,3.3919527083617756e-08,-1.4994668643547593e-07,4.338429554862279e-08,1.506064131200038e-07,-4.5071091015231564e-08
779.0,1.4052558061639076e-08,3.376322132632151e-08,-1.5066077379416454e-07,4.26893766091423e-08,1.5131471557099844e-07,-4.438967560135834e-08
780.0,1.4132661901866683e-08,3.359968636881925e-08,-1.514032560052947e-07,4.19912943297968e-08,1.5206142857883875e-07,-4.3705281163938e-08
781.0,1.3961071160251137e-08,3.34288107975836e-08,-1.522259604896936e-07,4.1290256925665315e-08,1.5286482445268877e-07,-4.3018102108450215e-08
782.0,1.3803852505489544e-08,3.325049259872645e-08,-1.529601434506478e-07,4.058646998135811e-08,1.5358174314818823e-07,-4.232832942794288e-08
783.0,1.3923733971354935e-08,3.306463951087313e-08,-1.537466814555133e-07,3.9880136137545505e-08,1.5437588032554872e-07,-4.16361503893457e-08
784.0,1.3803246629029431e-08,3.287116934510038e-08,-1.5466174883502215e-07,3.917145478942107e-08,1.5527648299149904e-07,-4.094174823462477e-08
785.0,1.3643501023397064e-08,3.2670010270528146e-08,-1.5549259268707316e-07,3.846062179839967e-08,1.5609001089346965e-07,-4.024530189811193e-08
786.0,1.3774705986957514e-08,3.2461101064285074e-08,-1.5624908428560347e-07,3.774782921830879e-08,1.5685508874472877e-07,-3.954698574128739e-08
787.0,1.3533425879952432e-08,3.224439132471257e-08,-1.570275152684708e-07,3.703326503727524e-08,1.5760962587176584e-07,-3.884696930622248e-08
788.0,1.3215090383100758e-08,3.201984164683321e-08,-1.5769273262883354e-07,3.631711293643753e-08,1.5824549452601267e-07,-3.8145417088802913e-08
789.0,1.3285862604517362e-08,3.1787423759285646e-08,-1.583832326713941e-07,3.559955206652814e-08,1.589394933192725e-07,-3.744248833275024e-08
790.0,1.2942033195129099e-08,3.154712062211674e-08,-1.59220419834738e-07,3.488075684327365e-08,1.5974554239656909e-07,-3.67383368453467e-08
791.0,1.2614486316619988e-08,3.1298926485020294e-08,-1.6001797001688467e-07,3.416089676245767e-08,1.6051441054732996e-07,-3.6033110835649113e-08
792.0,1.2658041032009848e-08,3.1042846905816385e-08,-1.607738206940712e-07,3.344013623538385e-08,1.6127134718646523e-07,-3.532695277585266e-08
793.0,1.2258019294053568e-08,3.077889872917451e-08,-1.6163438973371136e-07,3.271863444536333e-08,1.62098534791659e-07,-3.4619999286337315e-08
794.0,1.193579793334898e-08,3.050711002579633e-08,-1.623618660386017e-07,3.19965452257318e-08,1.6279999636315284e-07,-3.3912381044794165e-08
795.0,1.1930526039316547e-08,3.022751999248835e-08,-1.6304711141293393e-07,3.127401695977246e-08,1.6348302049961182e-07,-3.320422271968545e-08
796.0,1.1264480515027486e-08,2.9940178813771114e-08,-1.6379735170643506e-07,3.055119250278474e-08,1.6418422868020855e-07,-3.249564292814111e-08
797.0,1.0773388264828654e-08,2.964514748588739e-08,-1.6435382593424364e-07,2.982820912639476e-08,1.6470654508527706e-07,-3.1786754218237476e-08
798.0,1.0653939480631536e-08,2.9342497604284907e-08,-1.6488960192032054e-07,2.9105198485056473e-08,1.6523343259733707e-07,-3.107766307544393e-08
799.0,9.84232964573728e-09,2.9032311115853717e-08,-1.6547860827095806e-07,2.838228660454595e-08,1.6577105069386676e-07,-3.03684699528664e-08
800.0,9.323603000765956e-09,2.87146800373894e-08,-1.6598136620693538e-07,2.7659593892111607e-08,1.6624302542012607e-07,-2.965926932476638e-08
801.0,9.212105578360053e-09,2.8389706141925923e-08,-1.6661582492513705e-07,2.693723516781392e-08,1.6687029695146697e-07,-2.895014976269875e-08
802.0,8.416257357701795e-09,2.8057500614733783e-08,-1.673475879225561e-07,2.621531971647592e-08,1.6755908979046383e-07,-2.8241194033492778e-08
803.0,7.991371203663888e-09,2.771818368090783e-08,-1.6796350034778418e-07,2.5493951359569732e-08,1.681534997042727e-07,-2.7532479218202088e-08
804.0,7.828189652059336e-09,2.737188420657601e-08,-1.686461698589825e-07,2.4773228546284237e-08,1.6882775589734463e-07,-2.6824076851067332e-08
805.0,6.904189914225256e-09,2.7018739275845658e-08,-1.6935965613945614e-07,2.4053244462951332e-08,1.6950032733315447e-07,-2.6116053077468324e-08
806.0,6.4331995286437405e-09,2.6658893745669563e-08,-1.6997893998241254e-07,2.333408715995001e-08,1.7010063519493378e-07,-2.540846882978556e-08
807.0,6.4283065537296125e-09,2.6292499780858933e-08,-1.7072113393107324e-07,2.2615839695156426e-08,1.7084211628243246e-07,-2.4701380020043843e-08
808.0,5.725733553951784e-09,2.591971637149451e-08,-1.7147270510442514e-07,2.189858029296434e-08,1.7156827393361512e-07,-2.3994837748172e-08
809.0,5.463768437685701e-09,2.5540708834990537e-08,-1.7213067738178212e-07,2.1182382517862736e-08,1.7221737096312848e-07,-2.3288888524680896e-08
810.0,5.419270837636603e-09,2.5155648305054e-08,-1.7283458949440833e-07,2.046731546152446e-08,1.7291952990368757e-07,-2.2583574506536517e-08
811.0,4.7307891493098e-09,2.476471120975954e-08,-1.7348142651238407e-07,1.9753443942331166e-08,1.7354591816215943e-07,-2.1878933744984167e-08
812.0,4.406657372335587e-09,2.436807874093382e-08,-1.7417472363001618e-07,1.904082871623426e-08,1.7423045939441726e-07,-2.1175000444063107e-08
813.0,4.261397901217379e-09,2.396593631701437e-08,-1.7498712483882128e-07,1.832952669783063e-08,1.75039005285764e-07,-2.0471805228538496e-08
814.0,3.783103913468366e-09,2.3558473041518207e-08,-1.7571428791857135e-07,1.76195911905152e-08,1.7575500804799472e-07,-1.9769375419970284e-08
815.0,3.518474400721061e-09,2.314588115922398e-08,-1.7651398325282952e-07,1.6911072124560405e-08,1.765490468563586e-07,-1.9067735319635897e-08
816.0,3.388868852205462e-09,2.2728355512139163e-08,-1.7739421901558083e-07,1.6204016301962166e-08,1.7742658586650792e-07,-1.836690649702301e-08
817.0,2.9305196047602067e-09,2.2306092997294115e-08,-1.7814549491818044e-07,1.5498467646879827e-08,1.7816959702709476e-07,-1.766690808260602e-08
818.0,2.5233309608463372e-09,2.187929202837985e-08,-1.7883146338423805e-07,1.4794467460481137e-08,1.788492647323048e-07,-1.696775706361397e-08
819.0,2.1942924421924914e-09,2.1448152003228013e-08,-1.7960999983482329e-07,1.409205467898152e-08,1.7962340315222593e-07,-1.6269468581484547e-08
820.0,1.508657393456403e-09,2.1012872779119258e-08,-1.8026397109044412e-07,1.339126613363702e-08,1.802702840748505e-07,-1.557205622968023e-08
821.0,9.98223059767156e-10,2.057365415789644e-08,-1.8076029498909074e-07,1.2692136811418172e-08,1.8076305124062315e-07,-1.4875532350519111e-08
822.0,7.512191146918923e-10,2.0130695382846652e-08,-1.8133361955746663e-07,1.1994700115057633e-08,1.8133517560575588e-07,-1.4179908329649357e-08
823.0,-9.564124492378312e-11,1.968419464929645e-08,-1.8187035465480617e-07,1.1298988121134344e-08,1.8187037980251954e-07,-1.348519488677582e-08
824.0,-9.09737202237082e-10,1.923434863083405e-08,-1.8235959938286972e-07,1.060503183483588e-08,1.8236186857141454e-07,-1.2791402361236405e-08
825.0,-1.1328147586642245e-09,1.8781352023028597e-08,-1.829820442875163e-07,9.912861440033427e-09,1.829855507981874e-07,-1.209854099102876e-08
826.0,-1.848108194257847e-09,1.8325397106456697e-08,-1.8355755386847972e-07,9.22250654331463e-09,1.835668572648056e-07,-1.1406621183908732e-08
827.0,-2.905172741263229e-09,1.78666733307658e-08,-1.8396495068961904e-07,8.533996410648628e-09,1.8398788848967897e-07,-1.0715653779220787e-08
828.0,-3.0720984922627537e-09,1.7405366921401484e-08,-1.8459310677232388e-07,7.847360195405392e-09,1.8461866876620232e-07,-1.0025650299177835e-08
829.0,-3.6032289096876724e-09,1.6941660510500697e-08,-1.8528198135817076e-07,7.162627156516435e-09,1.8531701453073633e-07,-9.336623188381923e-09
830.0,-4.598139979883342e-09,1.6475732793305385e-08,-1.8577148850479341e-07,6.479826865646973e-09,1.8582838543279978e-07,-8.648586040468409e-09
831.0,-4.709291678839378e-09,1.6007758211282117e-08,-1.864544237409338e-07,5.798989402348516e-09,1.8651388570473803e-07,-7.961553810862968e-09
832.0,-5.088663185270903e-09,1.553790666294651e-08,-1.8724644421444503e-07,5.120145536273988e-09,1.8731557693893587e-07,-7.27554301476006e-09
833.0,-6.001715846526423e-09,1.5066343243191164e-08,-1.8775530830766884e-07,4.443326895660924e-09,1.8785120811645111e-07,-6.590571909561186e-09
834.0,-6.051106504756376e-09,1.4593228011705294e-08,-1.884482295315404e-07,3.768566121419598e-09,1.885453555606821e-07,-5.9066606611471585e-09
835.0,-6.3447258003002105e-09,1.4118715790858663e-08,-1.8933794184577968e-07,3.095897006299179e-09,1.8944421809038364e-07,-5.22383149349863e-09
836.0,-6.917639294723443e-09,1.3642955993205238e-08,-1.9003533134956396e-07,2.4253546187430267e-09,1.901611971316716e-07,-4.5421088213208485e-09
837.0,-6.9070907882107235e-09,1.3166092478547139e-08,-1.9086300607693008e-07,1.7569754111834249e-09,1.9098794462446794e-07,-3.861519365469306e-09
838.0,-7.1971007487015015e-09,1.2688263440293617e-08,-1.917533047311737e-07,1.0907973126600617e-09,1.9188832203788046e-07,-3.182092251109625e-09
839.0,-7.632652399003348e-09,1.220960132065803e-08,-1.9243667535515097e-07,4.268598057729922e-10,1.9258798354099816e-07,-2.503859088672053e-09
840.0,-7.81810927108495e-09,1.1730232754063598e-08,-1.9318945442339808e-07,-2.347960119064142e-10,1.9334758372678163e-07,-1.8268540377757572e-09
841.0,-8.16939263459382e-09,1.125027853797828e-08,-1.9395171774183595e-07,-8.941273817438779e-10,1.9412369198793576e-07,-1.1511138543978403e-09
842.0,-8.527374362188311e-09,1.0769853630271564e-08,-1.9461302470935582e-07,-1.5510898529630154e-09,1.9479975744347642e-07,-4.766779216478458e-10
843.0,-8.931838130221692e-09,1.0289067172079884e-08,-1.95341543433869e-07,-2.2056372661996583e-09,1.955456374443332e-07,1.964117354179989e-10
844.0,-9.234210035513613e-09,9.808022535080835e-09,-1.960708171516723e-07,-2.857721751249567e-09,1.9628814526991815e-07,8.68110450446199e-10
845.0,-9.565499781150066e-09,9.326817392008958e-09,-1.9675194993032386e-07,-3.507293738517062e-09,1.9698433589361326e-07,1.5383709313487334e-09
846.0,-1.0129488858812152e-08,8.845543809194336e-09,-1.9746341136175904e-07,-4.154301983628814e-09,1.9772305219969692e-07,2.2071432901835057e-09
847.0,-1.0651865084421175e-08,8.364288359870164e-09,-1.9807624103765353e-07,-4.798693604640798e-09,1.98362444765594e-07,2.874375086719968e-09
848.0,-1.0906295533352761e-08,7.883132256973386e-09,-1.9877094450601596e-07,-5.440414131239176e-09,1.9906992656369396e-07,3.540011385027896e-09
849.0,-1.152970283135879e-08,7.402151504151675e-09,-1.9946595947867296e-07,-6.0794075653150615e-09,1.9979890649882708e-07,4.203994822405425e-09
850.0,-1.2153012873827862e-08,6.921417063685923e-09,-1.999888049816767e-07,-6.715616452278184e-09,2.0035772468240535e-07,4.8662656899466245e-09
851.0,-1.2463006821006317e-08,6.44099504003838e-09,-2.0061725241465878e-07,-7.3489819624649586e-09,2.0100400121745678e-07,5.526762024038058e-09
852.0,-1.3040272112130324e-08,5.960946877740954e-09,-2.0128558797516405e-07,-7.979443981990138e-09,2.0170755222169027e-07,6.185419708067812e-09
853.0,-1.3642239976574544e-08,5.48132957234319e-09,-2.017803851020461e-07,-8.606941212387923e-09,2.0224103076158526e-07,6.8421725836268214e-09
854.0,-1.4209163068379382e-08,5.002195893144769e-09,-2.023325092470607e-07,-9.231411278385015e-09,2.0283082757144118e-07,7.496952570479875e-09
855.0,-1.4604553594255165e-08,4.523594616441569e-09,-2.0297549489442512e-07,-9.852790843144465e-09,2.0350023221933744e-07,8.14968979458172e-09
856.0,-1.4968750433608236e-08,4.045570768016136e-09,-2.0348728454328002e-07,-1.0471015730313557e-08,2.040371006957839e-07,8.800312723409934e-09
857.0,-1.5840633693642303e-08,3.568165873602659e-09,-2.040183603585488e-07,-1.1086021052200299e-08,2.0463239489193014e-07,9.448748307880535e-09
858.0,-1.6389812340644738e-08,3.0914182160534733e-09,-2.0468821885014088e-07,-1.1697741343390909e-08,2.0534335364117514e-07,1.0094922130103904e-08
859.0,-1.6391965979023482e-08,2.61536309793032e-09,-2.0540272119284886e-07,-1.2306110699105015e-08,2.0605575561503897e-07,1.0738758556226893e-08
860.0,-1.688894371576488e-08,2.140033108237131e-09,-2.0611174579229785e-07,-1.2911062917567077e-08,2.068025342528062e-07,1.1380180893593949e-08
861.0,-1.758545215002627e-08,1.6654583920022744e-09,-2.0667852793782027e-07,-1.3512531645654447e-08,2.0742531677176057e-07,1.2019111551447554e-08
862.0,-1.7700101745399266e-08,1.1916669214120827e-09,-2.0728457130261835e-07,-1.4110450527069143e-08,2.0803890766370543e-07,1.2655472204380634e-08
863.0,-1.799168228289183e-08,7.186847671996783e-10,-2.0799529642026582e-07,-1.470475335227361e-08,2.0877199037304493e-07,1.3289183957752842e-08
864.0,-1.8723667283282452e-08,2.4653636900472845e-10,-2.0854287967678187e-07,-1.5295374209432896e-08,2.0938172886004113e-07,1.392016751428938e-08
865.0,-1.8809493879112793e-08,-2.247551965580205e-10,-2.0919212071618398e-07,-1.588224763561317e-08,2.1003604554866974e-07,1.4548343341093523e-08
866.0,-1.9206124968196292e-08,-6.951679513510345e-10,-2.0990319602939844e-07,-1.646530876750011e-08,2.1078004397866995e-07,1.5173631836321937e-08
867.0,-1.965513135582242e-08,-1.1646807558718251e-09,-2.105831382048784e-07,-1.7044493490920588e-08,2.1149842147124773e-07,1.5795953494794425e-08
868.0,-1.9671664436282654e-08,-1.633273055244822e-09,-2.1128028882336225e-07,-1.7619738588477153e-08,2.1219409705968986e-07,1.6415229071838577e-08
869.0,-2.007876009901821e-08,-2.100924632105625e-09,-2.1194834589829958e-07,-1.8190981884640278e-08,2.1289729433729113e-07,1.7031379744706474e-08
870.0,-2.105278243402786e-08,-2.5676153673503607e-09,-2.1247394286702526e-07,-1.8758162387689267e-08,2.1351439306443587e-07,1.764432727094622e-08
871.0,-2.1147750439709512e-08,-3.0333250096201593e-09,-2.1308169634998153e-07,-1.9321220427951388e-08,2.141285517348071e-07,1.825399414316799e-08
872.0,-2.1455699134032002e-08,-3.498032954275176e-09,-2.1367720426032633e-07,-1.9880097791857424e-08,2.147517046401246e-07,1.8860303739710368e-08
873.0,-2.2304168734166296e-08,-3.961718032490128e-09,-2.1410409780861506e-07,-2.0434737851410066e-08,2.152627246909301e-07,1.946318047078628e-08
874.0,-2.2974950691923013e-08,-4.424358310979893e-09,-2.1444585993068976e-07,-2.0985085688743718e-08,2.156730748162814e-07,2.0062549919766645e-08
875.0,-2.3192502418556415e-08,-4.885930902740182e-09,-2.1494265942112456e-07,-2.153108821553839e-08,2.1619028425778133e-07,2.0658338979339345e-08
876.0,-2.406714075253724e-08,-5.346411789068483e-09,-2.152555427688274e-07,-2.207269428713189e-08,2.165968050473158e-07,2.1250475982358505e-08
877.0,-2.478439206643479e-08,-5.805775653019313e-09,-2.1551630388291776e-07,-2.2609854811247124e-08,2.1693672655743865e-07,2.1838890827268554e-08
878.0,-2.5273202697295716e-08,-6.2639957243497845e-09,-2.158506787197645e-07,-2.3142522851312436e-08,2.1732521776904214e-07,2.2423515098045996e-08
879.0,-2.5993917796007793e-08,-6.721043635928866e-09,-2.1633092690126476e-07,-2.3670653724395996e-08,2.1788702048618216e-07,2.3004282178644714e-08
880.0,-2.6764654881272776e-08,-7.17688929151984e-09,-2.167485278620207e-07,-2.4194205093800588e-08,2.183947597385679e-07,2.3581127361956573e-08
881.0,-2.697171039289792e-08,-7.631500744802458e-09,-2.17252674641899e-07,-2.4713137056369306e-08,2.1892052850424325e-07,2.415398795330735e-08
882.0,-2.7463999102694814e-08,-8.084844089480052e-09,-2.1777936737299441e-07,-2.5227412224540474e-08,2.195042689792034e-07,2.4722803368500823e-08
883.0,-2.857772743447562e-08,-8.536883360314425e-09,-2.181128350292605e-07,-2.5736995803164882e-08,2.1997703359628382e-07,2.5287515226406956e-08
884.0,-2.8940056046034002e-08,-8.987580444943935e-09,-2.1848134335727964e-07,-2.6241855661065194e-08,2.2038970992119643e-07,2.5848067436066153e-08
885.0,-2.8945955937720313e-08,-9.436895006365868e-09,-2.1907675442148222e-07,-2.6741962397278377e-08,2.2098075186087787e-07,2.6404406278253135e-08
886.0,-2.942514903958582e-08,-9.884784416004087e-09,-2.1963776591221729e-07,-2.7237289401876334e-08,2.2160006229897996e-07,2.6956480481410865e-08
887.0,-3.0288269781131305e-08,-1.0331203697335298e-08,-2.2002374097662702e-07,-2.7727812911207808e-08,2.2209868500215046e-07,2.7504241291826356e-08
888.0,-3.03728816819504e-08,-1.0776105480104674e-08,-2.2055024674963453e-07,-2.821351205734802e-08,2.2263181103110676e-07,2.8047642537877845e-08
889.0,-3.027751827033853e-08,-1.1219439965217008e-08,-2.2130859899174848e-07,-2.869436891148481e-08,2.2337015042368848e-07,2.85866406881386e-08
890.0,-3.057095479541694e-08,-1.1661154900441039e-08,-2.2204886061111262e-07,-2.9170368520914715e-08,2.2414343571873066e-07,2.9121194903079895e-08
891.0,-3.082856650515886e-08,-1.2101195567109188e-08,-2.226842983239774e-07,-2.9641498939272374e-08,2.248081342674352e-07,2.9651267080077166e-08
892.0,-3.104199786108097e-08,-1.2539504778023233e-08,-2.2329280786187455e-07,-3.0107751249578077e-08,2.254401997737923e-07,3.017682189139321e-08
893.0,-3.141599413947205e-08,-1.2976022886779749e-08,-2.2387306503057758e-07,-3.0569119579667516e-08,2.2606661393040008e-07,3.069782681479659e-08
894.0,-3.17210273603763e-08,-1.3410687808706063e-08,-2.2449029199456128e-07,-3.102560110956882e-08,2.267203448669773e-07,3.1214252156474565e-08
895.0,-3.159463837776322e-08,-1.3843435053552479e-08,-2.251727975431661e-07,-3.147719607041426e-08,2.2737856083553107e-07,3.172607106591903e-08
896.0,-3.198109702062801e-08,-1.4274197770022554e-08,-2.2566582403432678e-07,-3.1923907734514634e-08,2.2792072021589997e-07,3.22332595424982e-08
897.0,-3.289632005687437e-08,-1.4702906802140865e-08,-2.2591388368006782e-07,-3.236574239628311e-08,2.2829640976742392e-07,3.273579643347527e-08
898.0,-3.357143524285178e-08,-1.5129490757355667e-08,-2.2613144676914e-07,-3.2802709343769826e-08,2.2860986960796198e-07,3.3233663423297046e-08
899.0,-3.3613569455637204e-08,-1.55538760861579e-08,-2.2653645860223892e-07,-3.323482082065504e-08,2.2901667871050975e-07,3.372684501404547e-08
900.0,-3.424442310273612e-08,-1.597598717287978e-08,-2.268523560632063e-07,-3.366209197863746e-08,2.2942247484731512e-07,3.4215328497017484e-08
901.0,-3.5353637045654196e-08,-1.639574643722835e-08,-2.2703679828511847e-07,-3.408454082023755e-08,2.297729040333377e-07,3.46991039154654e-08
902.0,-3.625483563363119e-08,-1.6813074446015032e-08,-2.272154231673651e-07,-3.450218813210648e-08,2.3008968171551372e-07,3.517816401858686e-08
903.0,-3.633550307857725e-08,-1.7227890034464396e-08,-2.276346461049794e-07,-3.491505740898963e-08,2.305163787918605e-07,3.565250420689888e-08
904.0,-3.668658582478557e-08,-1.764011043643151e-08,-2.280888398327463e-07,-3.532317476853608e-08,2.3102039831090143e-07,3.6122122469164346e-08
905.0,-3.765786429910101e-08,-1.8049651422834524e-08,-2.2832428308444674e-07,-3.5726568857173104e-08,2.3140893022871024e-07,3.658701931106194e-08
906.0,-3.8446287126125966e-08,-1.8456427447613496e-08,-2.2856429999010275e-07,-3.6125270747277944e-08,2.3177522780433245e-07,3.7047197675803266e-08
907.0,-3.870023451701954e-08,-1.8860351800549206e-08,-2.2894392616087944e-07,-3.651931382588344e-08,2.321917945958266e-07,3.750266285690699e-08
908.0,-3.874768386702421e-08,-1.926133676631642e-08,-2.295106815604353e-07,-3.690873367514995e-08,2.327585357304741e-07,3.795342240334042e-08
909.0,-3.8934886037456096e-08,-1.9659293789206996e-08,-2.300952262022926e-07,-3.729356794482495e-08,2.3336610394792535e-07,3.839948601723549e-08
910.0,-3.947234245016418e-08,-2.0054133643035724e-08,-2.3053023966851383e-07,-3.7673856216894927e-08,2.3388513680891622e-07,3.8840865444379335e-08
911.0,-3.926354547045818e-08,-2.0445766605821e-08,-2.3108740176622233e-07,-3.804963986261839e-08,2.3439926036140598e-07,3.927757435767453e-08
912.0,-3.940507789512715e-08,-2.0834102638900533e-08,-2.3160931492127723e-07,-3.842096189212207e-08,2.3493751280335036e-07,3.970962823376489e-08
913.0,-3.945242563196949e-08,-2.1219051570192913e-08,-2.321792129181266e-07,-3.878786679674864e-08,2.3550728396278287e-07,4.0137044223033984e-08
914.0,-3.9725244371791035e-08,-2.160052328134425e-08,-2.3270806831163227e-07,-3.9150400384365676e-08,2.360744376202765e-07,4.055984101320565e-08
915.0,-3.987683597217462e-08,-2.1978427898501578e-08,-2.331442836948916e-07,-3.95086096078833e-08,2.365299538467714e-07,4.0978038686808893e-08
916.0,-3.979973914325363e-08,-2.235267598642748e-08,-2.3363163194692338e-07,-3.986254238728222e-08,2.369973811712984e-07,4.139165857281502e-08
917.0,-4.00243372611353e-08,-2.2723178745616136e-08,-2.3404037012911272e-07,-4.021224742552562e-08,2.3743808124091043e-07,4.1800723092811206e-08
918.0,-4.071662421112343e-08,-2.308984821199175e-08,-2.3429241407732504e-07,-4.0557774018814745e-08,2.3780407646070867e-07,4.220525560214256e-08
919.0,-4.140860501711252e-08,-2.3452597458667284e-08,-2.3448719468910362e-07,-4.089917186174689e-08,2.3811534398822102e-07,4.2605280226529466e-08
920.0,-4.176253140530939e-08,-2.381134079912143e-08,-2.3466877653935403e-07,-4.123649084804056e-08,2.383559181389393e-07,4.300082169474652e-08
921.0,-4.220299212875922e-08,-2.4165993991027414e-08,-2.348298029121454e-07,-4.1569780867599434e-08,2.3859197153378224e-07,4.339190516802843e-08
922.0,-4.2731143456986587e-08,-2.4516474439853196e-08,-2.3500767381418042e-07,-4.1899091600787615e-08,2.3886095824285265e-07,4.377855606694294e-08
923.0,-4.350230703442648e-08,-2.4862701401256563e-08,-2.3514825507608972e-07,-4.222447231087642e-08,2.391383544784217e-07,4.416079989653561e-08
924.0,-4.441140744049221e-08,-2.5204596181222146e-08,-2.3523471792685768e-07,-4.2545971635693796e-08,2.3939036243962224e-07,4.453866207060303e-08
925.0,-4.498032138422481e-08,-2.5542082332832174e-08,-2.353622560388735e-07,-4.286363737955974e-08,2.396218288878048e-07,4.491216773598746e-08
926.0,-4.5394777548057874e-08,-2.58750858485361e-08,-2.3551137560626212e-07,-4.317751630662276e-08,2.3984639640526505e-07,4.5281341597808094e-08
927.0,-4.584033852506053e-08,-2.6203535346795096e-08,-2.3568435062598647e-07,-4.348765393672266e-08,2.40100915796015e-07,4.564620774655115e-08
928.0,-4.622703803081052e-08,-2.6527362252026328e-08,-2.359412621943946e-07,-4.3794094344892445e-08,2.4042715788984003e-07,4.600678948793355e-08
929.0,-4.641971790286803e-08,-2.6846500966853157e-08,-2.3631294104528577e-07,-4.409687996557887e-08,2.408289773172127e-07,4.636310917643263e-08
930.0,-4.640897430241431e-08,-2.7160889035770283e-08,-2.3675441140902365e-07,-4.4396051402609665e-08,2.4126011733694275e-07,4.671518805333839e-08
931.0,-4.625826299786695e-08,-2.747046729944738e-08,-2.3722813725923775e-07,-4.46916472458714e-08,2.416961232685944e-07,4.706304609013933e-08
932.0,-4.62977822746069e-08,-2.7775180039009954e-08,-2.376499566129897e-07,-4.4983703895592925e-08,2.4211771211892534e-07,4.740670183800222e-08
933.0,-4.660724464700117e-08,-2.8074975109739872e-08,-2.379760835891087e-07,-4.52722553950629e-08,2.424971167127475e-07,4.774617228405666e-08
934.0,-4.702305239634441e-08,-2.8369804063718843e-08,-2.382515135908314e-07,-4.5557333272552755e-08,2.4284758838619643e-07,4.8081472715150206e-08
935.0,-4.737249628683493e-08,-2.8659622260993657e-08,-2.3852204740146266e-07,-4.583896639316954e-08,2.4318083909105955e-07,4.8412616589700865e-08
936.0,-4.741521447693131e-08,-2.8944388968878464e-08,-2.3887395983815396e-07,-4.611718082132641e-08,2.4353433280064106e-07,4.873961541824036e-08
937.0,-4.708672246556134e-08,-2.9224067449037655e-08,-2.393300460000469e-07,-4.63919996944866e-08,2.439180812300174e-07,4.9062478653212486e-08
938.0,-4.692117186455569e-08,-2.9498625032018402e-08,-2.397523601663232e-07,-4.6663443108807945e-08,2.4430061517414467e-07,4.938121358856408e-08
939.0,-4.719206975201118e-08,-2.976803317891804e-08,-2.400383586030619e-07,-4.693152801729034e-08,2.4463340950968007e-07,4.969582526964152e-08
940.0,-4.778885215328543e-08,-3.003226752986652e-08,-2.4016689180450523e-07,-4.719626814101008e-08,2.448752954243557e-07,5.000631641388388e-08
941.0,-4.866149908022699e-08,-3.0291307938969776e-08,-2.4012733600836667e-07,-4.745767389401625e-08,2.4500832433043973e-07,5.031268734278552e-08
942.0,-4.960574345735935e-08,-3.054513849530451e-08,-2.399899139658712e-07,-4.771575232246099e-08,2.4506302982968203e-07,5.061493592558434e-08
943.0,-5.0265867607146575e-08,-3.0793747529500465e-08,-2.398944287836102e-07,-4.797050705853008e-08,2.4510404812592104e-07,5.091305753511353e-08
944.0,-5.069058975348817e-08,-3.103712760542022e-08,-2.399026638559565e-07,-4.822193828971952e-08,2.451995595728926e-07,5.120704501622731e-08
945.0,-5.101063249579596e-08,-3.1275275496467344e-08,-2.4001383491789596e-07,-4.847004274395779e-08,2.453746636872197e-07,5.1496888667168054e-08
946.0,-5.123627128122976e-08,-3.150819214612581e-08,-2.402151447478129e-07,-4.871481369099499e-08,2.456185482837493e-07,5.178257623417857e-08
947.0,-5.1493087543930116e-08,-3.173588261244919e-08,-2.4046932011259625e-07,-4.895624096037126e-08,2.459207839533315e-07,5.2064092919578234e-08
948.0,-5.1837983044977776e-08,-3.1958355996361625e-08,-2.407410451404912e-07,-4.9194310976143086e-08,2.462588623816561e-07,5.2341421403418794e-08
949.0,-5.194264623975542e-08,-3.2175625353792076e-08,-2.4107685489549446e-07,-4.942900680839719e-08,2.466091816309597e-07,5.261454187872068e-08
950.0,-5.182249329660493e-08,-3.238770759183062e-08,-2.41476415956815e-07,-4.966030824142489e-08,2.4697455390146047e-07,5.288343210017139e-08
951.0,-5.1766485070769974e-08,-3.2594623349266125e-08,-2.418660994332744e-07,-4.988819185827454e-08,2.473438477740023e-07,5.31480674460488e-08
952.0,-5.180865633724885e-08,-3.279639686203219e-08,-2.4222025430536975e-07,-5.011263114124921e-08,2.4769898761849865e-07,5.340842099302001e-08
953.0,-5.1831733571816585e-08,-3.299305581424432e-08,-2.4258156496037575e-07,-5.033359658777921e-08,2.4805713911049763e-07,5.366446360336253e-08
954.0,-5.180159393103345e-08,-3.318463117564706e-08,-2.4296533891049465e-07,-5.055105584097587e-08,2.484261681982943e-07,5.391616402406285e-08
955.0,-5.180276105298809e-08,-3.337115702640224e-08,-2.4331919824815973e-07,-5.076497383406744e-08,2.4877250308030476e-07,5.416348899716676e-08
956.0,-5.189896884472134e-08,-3.3552670370238065e-08,-2.4361671102993143e-07,-5.097531294783069e-08,2.4908352988543117e-07,5.4406403380689075e-08
957.0,-5.197260674605353e-08,-3.3729210937045436e-08,-2.438882122056396e-07,-5.118203318006208e-08,2.49364415875327e-07,5.464487027933647e-08
958.0,-5.1944397116976404e-08,-3.3900820976054074e-08,-2.4416377984379234e-07,-5.138509232608074e-08,2.496280668904321e-07,5.4878851184256315e-08
959.0,-5.183239526473926e-08,-3.406754504074764e-08,-2.444553076214051e-07,-5.1584446169219717e-08,2.498899650309231e-07,5.510830612099576e-08
960.0,-5.1779625365178106e-08,-3.422942976668657e-08,-2.447403731273279e-07,-5.178004868024026e-08,2.5015790981190633e-07,5.533319380483683e-08
961.0,-5.1855009813861486e-08,-3.438652364339823e-08,-2.4497768665726616e-07,-5.197185222459482e-08,2.5040568883861514e-07,5.5553471802663094e-08
962.0,-5.208438380588376e-08,-3.4538876781463885e-08,-2.451395455793648e-07,-5.215980777646673e-08,2.5061161154921787e-07,5.5769096700510977e-08
963.0,-5.2435528058447645e-08,-3.468654067588049e-08,-2.4520632469979264e-07,-5.23438651385283e-08,2.5075012716955575e-07,5.598002427596208e-08
964.0,-5.288365756417335e-08,-3.4829567966706546e-08,-2.4520739620031984e-07,-5.2523973166381645e-08,2.5084526782202884e-07,5.6186209674542524e-08
965.0,-5.335041985965461e-08,-3.4968012197925305e-08,-2.4518856015648405e-07,-5.2700079996674814e-08,2.509256808913971e-07,5.638760758930785e-08
966.0,-5.3778878406074426e-08,-3.5101927575387065e-08,-2.4519427027983043e-07,-5.287213327791298e-08,2.5102270403426433e-07,5.658417244280558e-08
967.0,-5.414980100426625e-08,-3.523136872463809e-08,-2.452451676737688e-07,-5.3040080403004515e-08,2.51152131617744e-07,5.677585857061731e-08
968.0,-5.4438990731986436e-08,-3.5356390449413746e-08,-2.4535007740050796e-07,-5.3203868742590326e-08,2.513170590953836e-07,5.696262040568586e-08
969.0,-5.465161323492396e-08,-3.547704749157215e-08,-2.4549693712974663e-07,-5.336344587819924e-08,2.5150655054941705e-07,5.714441266262926e-08
970.0,-5.4755943917905725e-08,-3.559339429327016e-08,-2.456931059886813e-07,-5.3518759834254956e-08,2.517207097652202e-07,5.732119052123388e-08
971.0,-5.4727574472224205e-08,-3.5705484762231684e-08,-2.459385621093879e-07,-5.366975930793416e-08,2.519541302301792e-07,5.7492909808305626e-08
972.0,-5.458582064132855e-08,-3.5813372041021585e-08,-2.462104027739498e-07,-5.381639389584564e-08,2.521887670955982e-07,5.7659527177045324e-08
973.0,-5.437618541548339e-08,-3.5917108281307885e-08,-2.464957419012759e-07,-5.395861431647339e-08,2.524221074228631e-07,5.7821000283104244e-08
974.0,-5.416389009527123e-08,-3.6016744424160386e-08,-2.4676924439623327e-07,-5.4096372627305695e-08,2.526435967329086e-07,5.797728795647237e-08
975.0,-5.398949626256311e-08,-3.611232998748442e-08,-2.470304688514946e-07,-5.422962243556384e-08,2.528614605820242e-07,5.812835036835597e-08
976.0,-5.384656662221765e-08,-3.620391286171557e-08,-2.4727851258982136e-07,-5.435831910144978e-08,2.5307334021116364e-07,5.827414919221516e-08
977.0,-5.373973596678461e-08,-3.629153911489846e-08,-2.475051658935856e-07,-5.448241993285489e-08,2.5327211920341936e-07,5.84146477581555e-08
978.0,-5.3703089697432205e-08,-3.637525280823952e-08,-2.476995561266626e-07,-5.460188437051121e-08,2.534543192537782e-07,5.854981119990127e-08
979.0,-5.3722190945793e-08,-3.6455095823160784e-08,-2.478582405915364e-07,-5.4716674162622406e-08,2.53613448439053e-07,5.867960659362095e-08
980.0,-5.380979206659475e-08,-3.6531107700793797e-08,-2.479850413281137e-07,-5.482675352808244e-08,2.5375593479711257e-07,5.880400308792786e-08
981.0,-5.3938973815226277e-08,-3.6603325494744415e-08,-2.4807770147503017e-07,-5.4932089307473016e-08,2.538739034744884e-07,5.892297202443862e-08
982.0,-5.4097053142632134e-08,-3.667178363783731e-08,-2.4815145909656833e-07,-5.5032651101125085e-08,2.5397960117000066e-07,5.903648704834023e-08
983.0,-5.4251300368735045e-08,-3.673651382341969e-08,-2.4820660037006004e-07,-5.512841139362994e-08,2.5406636939776467e-07,5.914452420848835e-08
984.0,-5.4399484555878175e-08,-3.6797544901673385e-08,-2.482332212110083e-07,-5.521934566429085e-08,2.541240563833708e-07,5.924706204663639e-08
985.0,-5.45669187612674e-08,-3.685490279125838e-08,-2.482244403426148e-07,-5.5305432483112325e-08,2.541513749844826e-07,5.934408167547328e-08
986.0,-5.4732226806297746e-08,-3.6908610406491526e-08,-2.481891775082956e-07,-5.538665359202948e-08,2.541524827410118e-07,5.9435566845226865e-08
987.0,-5.489326151963958e-08,-3.6958687600155265e-08,-2.481480899929611e-07,-5.546299397118178e-08,2.5414709269912625e-07,5.952150399866739e-08
988.0,-5.50078006755772e-08,-3.700515112193199e-08,-2.481386206371061e-07,-5.553444189013125e-08,2.5416261170134703e-07,5.9601882314419294e-08
989.0,-5.5041374513731256e-08,-3.704801459237301e-08,-2.4818430757050924e-07,-5.560098894401308e-08,2.542144831291364e-07,5.967669373855811e-08
990.0,-5.505650677029017e-08,-3.708728849223535e-08,-2.482548317264688e-07,-5.5662630074684425e-08,2.542866107629034e-07,5.974593300453038e-08
991.0,-5.507442102370419e-08,-3.7122980166954443e-08,-2.4833051122385985e-07,-5.571936357700703e-08,2.5436437379436575e-07,5.980959764148973e-08
992.0,-5.5105546820088946e-08,-3.7155093845962566e-08,-2.4840079222362976e-07,-5.577119109046125e-08,2.5443972737697213e-07,5.986768797119156e-08
993.0,-5.514873571699219e-08,-3.7183630676508875e-08,-2.4845121400843273e-07,-5.581811757634863e-08,2.5449830803651073e-07,5.992020709363604e-08
994.0,-5.5171351848182226e-08,-3.720858877158439e-08,-2.4849494189779775e-07,-5.5860151280897834e-08,2.545458980489487e-07,5.996716086169561e-08
995.0,-5.5164238954574785e-08,-3.722996327150435e-08,-2.485281090924829e-07,-5.5897303684647654e-08,2.545767355209869e-07,6.000855784500981e-08
996.0,-5.513149931024586e-08,-3.72477464186505e-08,-2.4854910939467456e-07,-5.5929589438540095e-08,2.545901451295426e-07,6.004440928347906e-08
997.0,-5.510476072667636e-08,-3.7261927644828295e-08,-2.485451059408561e-07,-5.595702628721655e-08,2.545804476818588e-07,6.007472903073693e-08
998.0,-5.511591247286951e-08,-3.7272493670647176e-08,-2.4851569961972797e-07,-5.5979634980069224e-08,2.5455415291289176e-07,6.009953348802952e-08
999.0,-5.513308776183834e-08,-3.72794286162854e-08,-2.484736420817202e-07,-5.5997439170657994e-08,2.5451681314897325e-07,6.011884152897727e-08
1000.0,-5.515650516874082e-08,-3.728271412295403e-08,-2.484256370824389e-07,-5.601046530515818e-08,2.544750227866086e-07,6.01326744157385e-08
1001.0,-5.518662327119728e-08,-3.728232948432757e-08,-2.483686513746197e-07,-5.6018742500555745e-08,2.5442592315588526e-07,6.014105570713423e-08
1002.0,-5.526566321245596e-08,-3.7278251787163595e-08,-2.483074067714808e-07,-5.602230241335172e-08,2.54383296990762e-07,6.014401115932825e-08
1003.0,-5.5359190120896073e-08,-3.727045606029242e-08,-2.4824538944964725e-07,-5.602117909957624e-08,2.5434310156528434e-07,6.014156861968519e-08
1004.0,-5.543222719728291e-08,-3.725891543112175e-08,-2.4818244102539633e-07,-5.6015408866943774e-08,2.542975734162155e-07,6.013375791445199e-08
1005.0,-5.5455300462803336e-08,-3.7243601288773153e-08,-2.481250632943577e-07,-5.6005030120004134e-08,2.5424660741934946e-07,6.012061073092453e-08
1006.0,-5.546266335088035e-08,-3.722448345294943e-08,-2.4806775870966913e-07,-5.5990083199159545e-08,2.5419228929535157e-07,6.010216049477213e-08
1007.0,-5.5476619631456003e-08,-3.720153034762402e-08,-2.480002259594438e-07,-5.59706102144259e-08,2.541294304122772e-07,6.007844224319852e-08
1008.0,-5.5520274933051894e-08,-3.717470917864713e-08,-2.4791690116793275e-07,-5.594665487481703e-08,2.540576525384587e-07,6.004949249461906e-08
1009.0,-5.5568486090340485e-08,-3.714398611437467e-08,-2.4783137165737545e-07,-5.591826231422529e-08,2.5398473462778924e-07,6.001534911553027e-08
1010.0,-5.558383375792175e-08,-3.7109326468446406e-08,-2.477675196156659e-07,-5.588547891465914e-08,2.5392578906390675e-07,5.997605118523955e-08
1011.0,-5.548926723664138e-08,-3.707069488386728e-08,-2.4775100797638783e-07,-5.584835212768017e-08,2.5388899293150855e-07,5.993163885911039e-08
1012.0,-5.529807126092301e-08,-3.702805551758239e-08,-2.4778699983171726e-07,-5.580693029485676e-08,2.538824018532627e-07,5.988215323096093e-08
1013.0,-5.509020320482172e-08,-3.698137222477964e-08,-2.4783136934325434e-07,-5.576126246802189e-08,2.5388051937811437e-07,5.98276361952339e-08
1014.0,-5.4919810005271685e-08,-3.6930608742200804e-08,-2.478532158019242e-07,-5.57113982300908e-08,2.538649288782725e-07,5.976813030953321e-08
1015.0,-5.4771274154985505e-08,-3.6875728869786116e-08,-2.4784349718365295e-07,-5.565738751716262e-08,2.538233471703972e-07,5.970367865810169e-08
1016.0,-5.4574981228627806e-08,-3.681669665001411e-08,-2.478335699579448e-07,-5.559928044260422e-08,2.537713675224307e-07,5.963432471679499e-08
1017.0,-5.436907346556552e-08,-3.6753476544324605e-08,-2.478114793889874e-07,-5.553712712379372e-08,2.537055881656188e-07,5.956011222009178e-08
1018.0,-5.4297702944960946e-08,-3.6686033606027876e-08,-2.4770398021969897e-07,-5.547097751218702e-08,2.5358529602833883e-07,5.948108503066838e-08
1019.0,-5.439703726350942e-08,-3.6614333649107926e-08,-2.474956919615301e-07,-5.5400881227361364e-08,2.5340314757824977e-07,5.939728701205706e-08
1020.0,-5.454941656712897e-08,-3.6538343412324217e-08,-2.4726287735366004e-07,-5.532688739568353e-08,2.5320854915469443e-07,5.930876190489878e-08
1021.0,-5.460699883941267e-08,-3.645803071800857e-08,-2.4708434023801296e-07,-5.524904449424344e-08,2.5304662715219456e-07,5.9215553207291844e-08
1022.0,-5.4573181584860464e-08,-3.637336462495061e-08,-2.469422196380022e-07,-5.5167400200681404e-08,2.529005575083564e-07,5.911770405972353e-08
1023.0,-5.4530440857236684e-08,-3.6284315574773305e-08,-2.468119493642673e-07,-5.508200124951492e-08,2.52764133786964e-07,5.901525713505101e-08
1024.0,-5.449674794766324e-08,-3.619085553122525e-08,-2.467027778313424e-07,-5.499289329553745e-08,2.5265026444983557e-07,5.8908254533968215e-08
1025.0,-5.444933598441892e-08,-3.609295811185548e-08,-2.4659734215032314e-07,-5.490012078481674e-08,2.5253708508800775e-07,5.879673768635987e-08
1026.0,-5.438104228039364e-08,-3.599059871158911e-08,-2.4647529971166815e-07,-5.480372683376803e-08,2.524031915952304e-07,5.8680747258901804e-08
1027.0,-5.430981159237902e-08,-3.5883754617782e-08,-2.4633495462195176e-07,-5.4703753116719865e-08,2.5225079881696855e-07,5.8560323069222825e-08
1028.0,-5.428385807526581e-08,-3.577240511640159e-08,-2.461873587142338e-07,-5.4600239762329394e-08,2.521010766304389e-07,5.843550400689653e-08
1029.0,-5.4200995247555284e-08,-3.565653158905546e-08,-2.4607562757600343e-07,-5.4493225259140055e-08,2.519741303641099e-07,5.830632796148484e-08
1030.0,-5.3894288226663534e-08,-3.553611760067076e-08,-2.4604455671831116e-07,-5.438274637050897e-08,2.5187798274991987e-07,5.81728317578056e-08
1031.0,-5.347922626963708e-08,-3.541114897771402e-08,-2.460504632782745e-07,-5.426883805906273e-08,2.5179527025314147e-07,5.803505109854824e-08
1032.0,-5.3147585193924485e-08,-3.528161387693055e-08,-2.460188689330789e-07,-5.415153342077176e-08,2.51694159016567e-07,5.789302051431143e-08
1033.0,-5.292101140641492e-08,-3.514750284466737e-08,-2.459463666858175e-07,-5.4030863628666995e-08,2.515755328608736e-07,5.77467733210891e-08
1034.0,-5.271793299121974e-08,-3.5008808866916765e-08,-2.458538993846404e-07,-5.390685788616337e-08,2.5144247911102773e-07,5.759634158518755e-08
1035.0,-5.2505591541240904e-08,-3.4865527410272975e-08,-2.45771555416191e-07,-5.377954338990374e-08,2.5131751748493276e-07,5.7441756095517226e-08
1036.0,-5.231296421048803e-08,-3.471765645403281e-08,-2.4568146805847846e-07,-5.364894530199512e-08,2.511892314010634e-07,5.728304634316925e-08
1037.0,-5.2110806947336386e-08,-3.456519651369565e-08,-2.4557818150208743e-07,-5.3515086731475916e-08,2.510461699181542e-07,5.712024050815797e-08
1038.0,-5.1841670983820975e-08,-3.440815065613336e-08,-2.454745231632305e-07,-5.337798872482492e-08,2.508890200319857e-07,5.695336545318622e-08
1039.0,-5.169369712842986e-08,-3.424652450670897e-08,-2.452966588704919e-07,-5.323767026530216e-08,2.5068444143151827e-07,5.678244672427035e-08
1040.0,-5.16471904687954e-08,-3.408032624862454e-08,-2.450789320755653e-07,-5.309414828089552e-08,2.504618039354895e-07,5.6607508558045636e-08
1041.0,-5.156216215107534e-08,-3.390956661477538e-08,-2.4487251734650606e-07,-5.294743766063504e-08,2.5024229522066946e-07,5.642857389555957e-08
1042.0,-5.142307188399364e-08,-3.3734258872381056e-08,-2.446783695757293e-07,-5.279755127902739e-08,2.5002367259966316e-07,5.624566440234941e-08
1043.0,-5.126965588186927e-08,-3.3554418800658494e-08,-2.4446659255272785e-07,-5.264450002835256e-08,2.497848924346441e-07,5.6058800494587595e-08
1044.0,-5.113774137477378e-08,-3.33700646618022e-08,-2.4423096252335075e-07,-5.2488292858551146e-08,2.495272162470371e-07,5.5868001371065915e-08
1045.0,-5.1010831503273124e-08,-3.3181217165542773e-08,-2.4401216700692396e-07,-5.2328936824413876e-08,2.4928706861381776e-07,5.56732850507722e-08
1046.0,-5.089849605677266e-08,-3.298789942756748e-08,-2.4381815328169965e-07,-5.2166437139762967e-08,2.4907418326783624e-07,5.54746684157949e-08
1047.0,-5.076377382340347e-08,-3.279013692210447e-08,-2.436480731893287e-07,-5.200079723828919e-08,2.488801806124106e-07,5.527216725926839e-08
1048.0,-5.050441242993031e-08,-3.258795742899568e-08,-2.435121492713743e-07,-5.183201884067791e-08,2.486943154108203e-07,5.5065796338046845e-08
1049.0,-5.025755406284915e-08,-3.23813909756132e-08,-2.433391001303853e-07,-5.166010202762435e-08,2.4847482647673967e-07,5.4855569429767415e-08
1050.0,-5.0098351050964496e-08,-3.2170469774008434e-08,-2.4312478780555424e-07,-5.148504531830377e-08,2.482327682307907e-07,5.4641499393936915e-08
1051.0,-4.983582321815838e-08,-3.1955228153721264e-08,-2.4296231714363015e-07,-5.1306845753828305e-08,2.480207588643206e-07,5.442359823665076e-08
1052.0,-4.943787734745797e-08,-3.173570249071458e-08,-2.4286099547729534e-07,-5.112549898519129e-08,2.478418181841901e-07,5.420187717852972e-08
1053.0,-4.901183386918362e-08,-3.151193113293588e-08,-2.427753842161595e-07,-5.094099936517059e-08,2.476732667054003e-07,5.3976346725439314e-08
1054.0,-4.863732305793178e-08,-3.128395432304022e-08,-2.426551835854607e-07,-5.075334004363637e-08,2.4748156964738857e-07,5.374701674153777e-08
1055.0,-4.848969836768191e-08,-3.105181411883326e-08,-2.424427640278226e-07,-5.056251306568843e-08,2.472443016072145e-07,5.3513896524183704e-08
1056.0,-4.827252755856826e-08,-3.081555431200554e-08,-2.422569434744337e-07,-5.036850947203518e-08,2.4701956112516213e-07,5.327699488022467e-08
1057.0,-4.787055929433848e-08,-3.057522034572805e-08,-2.421278369260649e-07,-5.017131940102216e-08,2.4681466703104954e-07,5.303632020318409e-08
1058.0,-4.7492668686643924e-08,-3.033085923166878e-08,-2.419765688030373e-07,-4.997093219172108e-08,2.4659321448221236e-07,5.2791880550865556e-08
1059.0,-4.7127948682446075e-08,-3.008251946697283e-08,-2.418035896060988e-07,-4.97673364874997e-08,2.463534442491315e-07,5.254368372289986e-08
1060.0,-4.7006587511333464e-08,-2.9830250951726044e-08,-2.4153720410563517e-07,-4.956052033950791e-08,2.460687713559523e-07,5.2291737337771164e-08
1061.0,-4.686255455910171e-08,-2.9574104907391464e-08,-2.412900312470656e-07,-4.935047130953572e-08,2.45798653777873e-07,5.2036048908873895e-08
1062.0,-4.6507626028091664e-08,-2.931413379666913e-08,-2.411141392967553e-07,-4.9137176571725456e-08,2.455585214314175e-07,5.1776625919170764e-08
1063.0,-4.623555777127919e-08,-2.9050391245186638e-08,-2.408888685849486e-07,-4.892062301264961e-08,2.452859021846913e-07,5.151347589404405e-08
1064.0,-4.602262190789297e-08,-2.8782931965385554e-08,-2.4062099639524104e-07,-4.870079732929714e-08,2.449827455832665e-07,5.124660647195613e-08
1065.0,-4.597509645209996e-08,-2.8511811682928744e-08,-2.402770003205601e-07,-4.847768612454301e-08,2.446359466162451e-07,5.0976025472559507e-08
1066.0,-4.57206512927133e-08,-2.823708706591642e-08,-2.400096575545796e-07,-4.8251275999708384e-08,2.4432563040765175e-07,5.0701740961923e-08
1067.0,-4.542437692656165e-08,-2.7958815657164655e-08,-2.3975671251813546e-07,-4.802155364385036e-08,2.4402183348354344e-07,5.042376131456696e-08
1068.0,-4.516925622422008e-08,-2.767705580977278e-08,-2.3949582849194795e-07,-4.778850591945023e-08,2.4371810267785565e-07,5.0142095272025075e-08
1069.0,-4.492537683531417e-08,-2.7391866626186975e-08,-2.392246817202459e-07,-4.75521199441935e-08,2.4340652790742474e-07,4.9856751997672785e-08
1070.0,-4.464179631513687e-08,-2.7103307900955108e-08,-2.389798979401947e-07,-4.731238316855717e-08,2.4311372153325294e-07,4.956774112758314e-08
1071.0,-4.434666203700921e-08,-2.6811440067360337e-08,-2.3871085688340066e-07,-4.7069283448938325e-08,2.427951804048674e-07,4.9275072817189024e-08
1072.0,-4.406554598990198e-08,-2.6516324148116193e-08,-2.3843076753585213e-07,-4.682280911607597e-08,2.4246856136646605e-07,4.897875778354919e-08
1073.0,-4.370189413127612e-08,-2.621802171030366e-08,-2.3819544193309783e-07,-4.6572949038534516e-08,2.421712701960434e-07,4.8678807343032756e-08
1074.0,-4.344162468639112e-08,-2.5916594824730635e-08,-2.3791935033906642e-07,-4.63196926810333e-08,2.41852831327559e-07,4.837523344425453e-08
1075.0,-4.301552827823407e-08,-2.561210602989463e-08,-2.376785975116702e-07,-4.6063030157422076e-08,2.4153975115531204e-07,4.8068048696110165e-08
1076.0,-4.267565978377519e-08,-2.5304618300730152e-08,-2.3740176983977346e-07,-4.580295227811809e-08,2.412069904895737e-07,4.775726639077775e-08
1077.0,-4.2355661755699714e-08,-2.4994195022320954e-08,-2.3711877301935136e-07,-4.553945059183616e-08,2.408719879956279e-07,4.7442900521569475e-08
1078.0,-4.1995795202476316e-08,-2.4680899968753536e-08,-2.3686780800669105e-07,-4.5272517421459937e-08,2.4056185334458786e-07,4.712496579553475e-08
1079.0,-4.143353088403856e-08,-2.4364797287280626e-08,-2.367060846185376e-07,-4.500214589392076e-08,2.40305031110372e-07,4.680347764073441e-08
1080.0,-4.102469325362179e-08,-2.4045951487951385e-08,-2.364792583350872e-07,-4.4728329963969165e-08,2.400113853117528e-07,4.6478452208123896e-08
1081.0,-4.05959272309353e-08,-2.372442743884702e-08,-2.3624202970945474e-07,-4.445106443174588e-08,2.397046639283063e-07,4.614990636800344e-08
1082.0,-4.026726271866288e-08,-2.3400290367034084e-08,-2.359886669897615e-07,-4.417034495408477e-08,2.3939946406468494e-07,4.5817857701015873e-08
1083.0,-3.9906647847365306e-08,-2.3073605865309855e-08,-2.3571009111558738e-07,-4.3886168049512895e-08,2.390644005203036e-07,4.5482324483699985e-08
1084.0,-3.958995509201202e-08,-2.2744439904766388e-08,-2.3537850233831814e-07,-4.3598531096950655e-08,2.3868473748276653e-07,4.514332566863852e-08
1085.0,-3.924878805294796e-08,-2.2412858853143706e-08,-2.3505412566002248e-07,-4.3307432328159434e-08,2.383084332402504e-07,4.4800880859275995e-08
1086.0,-3.9012934466287064e-08,-2.207892949888301e-08,-2.3470118514987148e-07,-4.301287081403091e-08,2.379215319520809e-07,4.445501027951916e-08
1087.0,-3.8727316353792673e-08,-2.1742719080730265e-08,-2.3433607394471312e-07,-4.271484644486012e-08,2.3751463235722718e-07,4.4105734738271626e-08
1088.0,-3.845638210653313e-08,-2.1404295322681326e-08,-2.339443393450935e-07,-4.2413359904790485e-08,2.3708405099528722e-07,4.3753075589092074e-08
1089.0,-3.8157060039401e-08,-2.106372647400524e-08,-2.3357824223066426e-07,-4.2108412640662027e-08,2.3667436801313598e-07,4.339705468519969e-08
1090.0,-3.7967979399367024e-08,-2.072108135403413e-08,-2.3320276473087764e-07,-4.1800006825531465e-08,2.3627335215338151e-07,4.303769433008186e-08
1091.0,-3.7682314824039054e-08,-2.0376429401367854e-08,-2.328423916418687e-07,-4.1488145317164635e-08,2.358718639346443e-07,4.26750172239848e-08
1092.0,-3.7301679384205144e-08,-2.002984072711084e-08,-2.3248735491615546e-07,-4.117283161182596e-08,2.3546079393561992e-07,4.2309046406588745e-08
1093.0,-3.698211284430819e-08,-1.9681386171736942e-08,-2.3212746182860178e-07,-4.0854069793707904e-08,2.3505496209486436e-07,4.193980519618481e-08
1094.0,-3.665658529494742e-08,-1.9331137365166776e-08,-2.3177935341844869e-07,-4.053186448035527e-08,2.34660124257531e-07,4.156731712568214e-08
1095.0,-3.621469402137478e-08,-1.89791667896378e-08,-2.314446959188199e-07,-4.020622076444616e-08,2.3426086171620048e-07,4.1191605875781324e-08
1096.0,-3.576773277558232e-08,-1.8625547844948573e-08,-2.3111553299967613e-07,-3.9877144152294274e-08,2.3386688585952022e-07,4.081269520565414e-08
1097.0,-3.5363172529168097e-08,-1.8270354915662307e-08,-2.308252081452411e-07,-3.954464049943648e-08,2.3351837333841975e-07,4.043060888147098e-08
1098.0,-3.481360874579842e-08,-1.7913663439858538e-08,-2.3060851834025287e-07,-3.920871594366755e-08,2.332215171998336e-07,4.004537060311619e-08
1099.0,-3.422376956829787e-08,-1.7555549979022187e-08,-2.3040069249691264e-07,-3.886937683588116e-08,2.3292862749460584e-07,3.965700392943038e-08
1100.0,-3.370091347654203e-08,-1.7196092288653704e-08,-2.3016038389750415e-07,-3.852662966907604e-08,2.3261460376554148e-07,3.926553220231814e-08
1101.0,-3.32940265357351e-08,-1.683536938916792e-08,-2.2987854653849782e-07,-3.818048100589261e-08,2.322770723976315e-07,3.887097847006422e-08
1102.0,-3.286898664356386e-08,-1.6473461636620328e-08,-2.295690082580737e-07,-3.78309374050603e-08,2.3191011154231782e-07,3.847336541021221e-08
1103.0,-3.255712641148101e-08,-1.611045079275628e-08,-2.2917912066017232e-07,-3.74780053471615e-08,2.31480098122372e-07,3.8072715252379354e-08
1104.0,-3.2232952085209376e-08,-1.5746420093823738e-08,-2.2873747117929666e-07,-3.7121691160153625e-08,2.3099738942599973e-07,3.766904970140832e-08
1105.0,-3.184077945750374e-08,-1.5381454317528812e-08,-2.28321094950662e-07,-3.676200094513226e-08,2.3053060021595962e-07,3.7262389861289175e-08
1106.0,-3.171142567981455e-08,-1.501563984745092e-08,-2.277985925829007e-07,-3.639894050286285e-08,2.2999524625825808e-07,3.685275616031973e-08
1107.0,-3.162479689233777e-08,-1.464906473417506e-08,-2.2723304339208883e-07,-3.6032515261649665e-08,2.2942315442804056e-07,3.644016827800477e-08
1108.0,-3.1280740803163454e-08,-1.4281818752347081e-08,-2.2677948081223365e-07,-3.5662730207146526e-08,2.2892666437674085e-07,3.60246450742225e-08
1109.0,-3.1000494421506986e-08,-1.3913993452818648e-08,-2.2632844832309873e-07,-3.528958981473818e-08,2.2844167127457166e-07,3.5606204521204645e-08
1110.0,-3.0878020335078915e-08,-1.3545682209027087e-08,-2.2581190757195446e-07,-3.4913097985133216e-08,2.2791329434918546e-07,3.5184863638884824e-08
1111.0,-3.071831275458514e-08,-1.3176980256752508e-08,-2.253061032082837e-07,-3.45332579838068e-08,2.273905338429687e-07,3.4760638434166424e-08
1112.0,-3.046367216819057e-08,-1.2807984726411157e-08,-2.2482486360109188e-07,-3.415007238491605e-08,2.2687938340717643e-07,3.433354384464685e-08
1113.0,-3.0152267765926055e-08,-1.2438794667079286e-08,-2.2438491849297026e-07,-3.376354302028262e-08,2.2640174667728386e-07,3.390359368731114e-08
1114.0,-2.984074370937506e-08,-1.2069511061497402e-08,-2.2397043757116375e-07,-3.337367093399735e-08,2.259496113980884e-07,3.347080061267455e-08
1115.0,-2.9608793805646627e-08,-1.1700236831379955e-08,-2.2351835266345987e-07,-3.298045634315046e-08,2.2547091752155557e-07,3.303517606481182e-08
1116.0,-2.9197474354925035e-08,-1.1331076832447551e-08,-2.231118723626524e-07,-3.258389860513022e-08,2.2501422199024442e-07,3.259673024766146e-08
1117.0,-2.8617907460448677e-08,-1.0962137838703804e-08,-2.227378074134978e-07,-3.218399619186564e-08,2.2456873219303538e-07,3.215547209793891e-08
1118.0,-2.80954510489817e-08,-1.0593528515593723e-08,-2.2234505255361303e-07,-3.178074667131668e-08,2.2411308923111712e-07,3.171140926493437e-08
1119.0,-2.7770698324269816e-08,-1.022535938179977e-08,-2.219351289203808e-07,-3.1374146696441045e-08,2.2366585151587994e-07,3.1264548097410566e-08
1120.0,-2.726667963637297e-08,-9.857742759549788e-09,-2.2158303523978073e-07,-3.096419200179102e-08,2.2325436910498863e-07,3.0814893637754516e-08
1121.0,-2.6605167985360723e-08,-9.490792713421317e-09,-2.2128819184008552e-07,-3.055087740781993e-08,2.2288180457673918e-07,3.036244962347555e-08
1122.0,-2.592263709244591e-08,-9.124624977727974e-09,-2.2103122695321664e-07,-3.0134196832906205e-08,2.2254614443362306e-07,2.990721849608172e-08
1123.0,-2.54478541572567e-08,-8.759356872663139e-09,-2.2076731009956774e-07,-2.9714143313036735e-08,2.2222915760495452e-07,2.9449201417309683e-08
1124.0,-2.4951822691354764e-08,-8.395107209450682e-09,-2.2045288208816238e-07,-2.9290709029033137e-08,2.218604666825481e-07,2.8988398292632475e-08
1125.0,-2.4516301322385914e-08,-8.031996184806662e-09,-2.2006740740126984e-07,-2.886388534115875e-08,2.2142879855801615e-07,2.8524807801928483e-08
1126.0,-2.405057106247277e-08,-7.670145265049108e-09,-2.1965136228624393e-07,-2.843366283091342e-08,2.2096413944944513e-07,2.8058427437165913e-08
1127.0,-2.3663892539937947e-08,-7.309677060208558e-09,-2.1925978635831123e-07,-2.8000031349806296e-08,2.205330671895578e-07,2.7589253546939922e-08
1128.0,-2.319629724412131e-08,-6.950715188493513e-09,-2.188371907470288e-07,-2.7562980074892913e-08,2.2006313698547762e-07,2.7117281387693423e-08
1129.0,-2.291636963525079e-08,-6.593384131456828e-09,-2.1834355729000166e-07,-2.712249757086712e-08,2.1954286371301545e-07,2.6642505181453476e-08
1130.0,-2.2649040948286014e-08,-6.2378090801932096e-09,-2.1779508900879319e-07,-2.6678571858508764e-08,2.1896958659189473e-07,2.6164918179921197e-08
1131.0,-2.2490098200433906e-08,-5.884115772876978e-09,-2.1720318082660284e-07,-2.623119048930214e-08,2.1836443455439142e-07,2.568451273476238e-08
1132.0,-2.2294147944412757e-08,-5.532430323927257e-09,-2.166176374454598e-07,-2.5780340626054637e-08,2.1776186508436237e-07,2.5201280373954993e-08
1133.0,-2.208215410526293e-08,-5.182879045070728e-09,-2.1606167447188462e-07,-2.5326009129355924e-08,2.1718717435779494e-07,2.4715211884056537e-08
1134.0,-2.1834682201182787e-08,-4.835588258565184e-09,-2.1552323553955532e-07,-2.486818264972165e-08,2.1662644899518916e-07,2.4226297398253855e-08
1135.0,-2.1671253680466407e-08,-4.490684102855286e-09,-2.1497859315627865e-07,-2.4406847725258907e-08,2.16068134512093e-07,2.3734526490049775e-08
1136.0,-2.1430088453788798e-08,-4.148292330956054e-09,-2.144562145783846e-07,-2.3941990884673523e-08,2.1552428323144322e-07,2.3239888272423258e-08
1137.0,-2.100546572791906e-08,-3.808538101899198e-09,-2.1398194562094464e-07,-2.3473598755413205e-08,2.1501047100588307e-07,2.2742371502274903e-08
1138.0,-2.0699542163660212e-08,-3.471545765631688e-09,-2.13471521678249e-07,-2.30016581767061e-08,2.144727526130354e-07,2.2241964689937773e-08
1139.0,-2.0457766286563484e-08,-3.137438641821816e-09,-2.1296030050174664e-07,-2.252615631721471e-08,2.1394066885758275e-07,2.173865621349829e-08
1140.0,-2.0116764004596277e-08,-2.8063387931021054e-09,-2.12482123396196e-07,-2.204708079698176e-08,2.1343227721451337e-07,2.1232434437632576e-08
1141.0,-1.9603231316001057e-08,-2.4783667933564677e-09,-2.1200660047307474e-07,-2.1564419813299342e-08,2.1291097980653458e-07,2.072328783662353e-08
1142.0,-1.9339435775034275e-08,-2.1536414917398907e-09,-2.1151809465394522e-07,-2.1078162270086015e-08,2.124003722739958e-07,2.021120512118266e-08
1143.0,-1.9014301771980158e-08,-1.8322797731996453e-09,-2.110638112479135e-07,-2.0588297910310885e-08,2.1191856004222658e-07,1.969617536865935e-08
1144.0,-1.8359062853301467e-08,-1.5143963163462587e-09,-2.1065427464536657e-07,-2.0094817450958813e-08,2.1145278105339972e-07,1.9178188156181078e-08
1145.0,-1.783208919414747e-08,-1.2001033495964846e-09,-2.1020994691103856e-07,-1.9597712719989078e-08,2.1096493828446868e-07,1.8657233696229853e-08
1146.0,-1.7569296267838652e-08,-8.895104065769456e-10,-2.0977729330712291e-07,-1.9096976794702823e-08,2.105117406669038e-07,1.8133302974127016e-08
1147.0,-1.7067469632037202e-08,-5.827240818315559e-10,-2.0936410919866755e-07,-1.859260414090385e-08,2.1005863167266444e-07,1.7606387886870303e-08
1148.0,-1.633784510457481e-08,-2.798477879143959e-10,-2.0891822022708895e-07,-1.8084590752215273e-08,2.0955607346368063e-07,1.7076481382745672e-08
1149.0,-1.5976378664461777e-08,1.901848502940335e-11,-2.0844353674706606e-07,-1.75729342889019e-08,2.0905490352262908e-07,1.6543577601123824e-08
1150.0,-1.5800347002992154e-08,3.137784060894597e-10,-2.0800907427065418e-07,-1.705763421554574e-08,2.0860830746724708e-07,1.6007672011846035e-08
1151.0,-1.5266929165314025e-08,6.043395357342064e-10,-2.07566374532675e-07,-1.653869193692977e-08,2.0812707407441597e-07,1.5468761553609158e-08
1152.0,-1.4637622058888411e-08,8.906135522209696e-10,-2.0707461527436077e-07,-1.6016110931502843e-08,2.0759132031605604e-07,1.4926844770771476e-08
1153.0,-1.4572137163604282e-08,1.172516471271898e-09,-2.0648095918826548e-07,-1.5489896881825462e-08,2.0699452574602316e-07,1.4381921948022033e-08
1154.0,-1.4441379370122576e-08,1.4499688580813434e-09,-2.0588444630750824e-07,-1.4960057801432275e-08,2.0639030662669467e-07,1.3833995242385365e-08
1155.0,-1.397478499587379e-08,1.7228960307977423e-09,-2.0533853977919292e-07,-1.4426604157590182e-08,2.058135334090839e-07,1.3283068812068495e-08
1156.0,-1.3664367748411621e-08,1.9912282547101106e-09,-2.0479487071456415e-07,-1.3889548989477937e-08,2.0525022294009542e-07,1.2729148941695763e-08
1157.0,-1.3518474756279986e-08,2.254900926459363e-09,-2.0424838777233223e-07,-1.3348908021361003e-08,2.0469526879567386e-07,1.2172244163516544e-08
1158.0,-1.336889876579761e-08,2.513854747685146e-09,-2.0363597346903517e-07,-1.2804699770382118e-08,2.040743422012962e-07,1.1612365374209361e-08
1159.0,-1.3135526555352328e-08,2.7680358876090646e-09,-2.0300780514265204e-07,-1.2256945648634214e-08,2.034323253731406e-07,1.1049525946944223e-08
1160.0,-1.3101209728194618e-08,3.0173961341446826e-09,-2.0237879217593902e-07,-1.1705670059227786e-08,2.0280240930258708e-07,1.0483741838402466e-08
1161.0,-1.303987445799848e-08,3.2618930332089478e-09,-2.0171131262861075e-07,-1.1150900486108621e-08,2.021323624960573e-07,9.915031690490267e-09
1162.0,-1.2831779111488473e-08,3.5014900159847393e-09,-2.0108309200378427e-07,-1.0592667577422397e-08,2.014920952418938e-07,9.343416926515975e-09
1163.0,-1.2654592512761909e-08,3.736156513947191e-09,-2.0049580591596783e-07,-1.0031005222257393e-08,2.0089476573957194e-07,8.768921841630808e-09
1164.0,-1.2503795165930143e-08,3.965868061514525e-09,-1.9986822238568513e-07,-9.465950620624793e-09,2.0025896038171482e-07,8.191573687356481e-09
1165.0,-1.245464575916344e-08,4.19060638621897e-09,-1.9918413754829722e-07,-8.897544346557355e-09,1.9957314160939904e-07,7.611402750041355e-09
1166.0,-1.2256115899944575e-08,4.410359486315696e-09,-1.9855603508242559e-07,-8.325830404222803e-09,1.989339373877828e-07,7.0284424230999555e-09
1167.0,-1.2051228986953433e-08,4.625121695759909e-09,-1.9794807237447087e-07,-7.750856276958315e-09,1.9831457706599569e-07,6.442729272899384e-09
1168.0,-1.1822172879538684e-08,4.834893736483981e-09,-1.972970328431578e-07,-7.172672969137209e-09,1.976509118124877e-07,5.854303098160062e-09
1169.0,-1.166302479593817e-08,5.039682757898339e-09,-1.9672829077929666e-07,-6.591335040777576e-09,1.970737083944334e-07,5.26320698273704e-09
1170.0,-1.1338800759430612e-08,5.239502363524812e-09,-1.962346535371029e-07,-6.006900634796511e-09,1.9656196898558194e-07,4.669487341642838e-09
1171.0,-1.0825716018070253e-08,5.4343726246520375e-09,-1.9571332285361898e-07,-5.419431496804132e-09,1.9601250181993188e-07,4.073193960163867e-09
1172.0,-1.067852581360107e-08,5.624320080883091e-09,-1.9508833181899887e-07,-4.8289929873210955e-09,1.953803678097458e-07,3.4743800259135608e-09
1173.0,-1.0481588347266424e-08,5.809377727430314e-09,-1.9452091904251234e-07,-4.2356540862954664e-09,1.9480310993263222e-07,2.8731021536583855e-09
1174.0,-1.0102692404867497e-08,5.98958498900577e-09,-1.9403526865802156e-07,-3.639487389791986e-09,1.942980954024459e-07,2.2694204027507597e-09
1175.0,-9.78082301261729e-09,6.164987680159461e-09,-1.9344176441921102e-07,-3.0405690987294577e-09,1.9368887608848806e-07,1.6633982870054717e-09
1176.0,-9.704789943887349e-09,6.3356379519308025e-09,-1.9274520891843228e-07,-2.4389789995496393e-09,1.9298937408278489e-07,1.055102776864041e-09
1177.0,-9.572279136005335e-09,6.501594224700444e-09,-1.9212644363636455e-07,-1.834800436714129e-09,1.9236475475568483e-07,4.446042937035868e-10
1178.0,-9.084034469086788e-09,6.662921107159147e-09,-1.915649833830746e-07,-1.2281202769428431e-09,1.9178024543939138e-07,-1.6802330383674598e-10
1179.0,-8.737625123433901e-09,6.819689301346456e-09,-1.9103384124238842e-07,-6.19028865127741e-10,1.9123356031988665e-07,-7.827027416200134e-10
1180.0,-8.773518439531003e-09,6.971975493753342e-09,-1.9049802008758165e-07,-7.619971875968796e-12,1.9069994830386675e-07,-1.3993533599549408e-09
1181.0,-8.606542645228643e-09,7.119862232531593e-09,-1.8985501311699626e-07,6.060092673407226e-10,1.9004998969207803e-07,-2.0178911517863887e-09
1182.0,-8.32194194111402e-09,7.263437790910444e-09,-1.8916791699741253e-07,1.221758421427179e-09,1.8935087942444638e-07,-2.6382288091756766e-09
1183.0,-8.290995223703135e-09,7.402796016985679e-09,-1.885607715280957e-07,1.8395238412611444e-09,1.887429605603085e-07,-3.2602757780834155e-09
1184.0,-8.24176518698927e-09,7.538036170114238e-09,-1.8801702798831865e-07,2.459198745572809e-09,1.8819758103375735e-07,-3.883938321433135e-09
1185.0,-7.801736756629651e-09,7.669262744214339e-09,-1.8745109432033447e-07,3.080673314997006e-09,1.8761337867623052e-07,-4.509119590396856e-09
1186.0,-7.438011428995139e-09,7.796585278336994e-09,-1.8678525240053978e-07,3.7038347941477153e-09,1.8693328897858511e-07,-5.135719703805857e-09
1187.0,-7.719643979609003e-09,7.920118154940784e-09,-1.8607913145063382e-07,4.328567601522872e-09,1.862391904637533e-07,-5.76363583554961e-09
1188.0,-7.936277690578919e-09,8.039980386370163e-09,-1.853377283624058e-07,4.954753447002448e-09,1.8550756873539932e-07,-6.392762309782322e-09
1189.0,-7.721073974620296e-09,8.156295390109603e-09,-1.8458658371939274e-07,5.582271456656062e-09,1.8474799558457446e-07,-7.0229907037115575e-09
1190.0,-7.563269788235516e-09,8.26919075345506e-09,-1.8390643876861623e-07,6.210998304531371e-09,1.8406189521583338e-07,-7.654209957699358e-09
1191.0,-7.723421679983744e-09,8.378797988300884e-09,-1.8322828703246086e-07,6.840808351055419e-09,1.8339099326656342e-07,-8.286306492368133e-09
1192.0,-7.55369097826808e-09,8.48525227678101e-09,-1.8255136341807643e-07,7.471573787650384e-09,1.8270757656209492e-07,-8.919164332372719e-09
1193.0,-7.26927959493473e-09,8.58869220853025e-09,-1.8195597411771458e-07,8.10316478714275e-09,1.821011228492448e-07,-9.552665236476877e-09
1194.0,-7.10420322569405e-09,8.689259510349174e-09,-1.813384742296864e-07,8.735449659529869e-09,1.8147757971557424e-07,-1.0186688833556187e-08
1195.0,-7.295848092336854e-09,8.787098769067354e-09,-1.806583343477719e-07,9.368295012656677e-09,1.808055949596079e-07,-1.0821112764136656e-08
1196.0,-7.276309360593203e-09,8.882357148408136e-09,-1.7997266126695832e-07,1.000156591734675e-08,1.801196920978447e-07,-1.1455812827068073e-08
1197.0,-7.065097645808649e-09,8.975184100665024e-09,-1.7936784569086428e-07,1.0635126076523705e-08,1.7950693488700239e-07,-1.2090663130921112e-08
1198.0,-6.881146263904014e-09,9.065731074002312e-09,-1.7875527627206345e-07,1.1268837997851482e-08,1.788876713723083e-07,-1.272553624968768e-08
1199.0,-6.7094313160875885e-09,9.154151216187361e-09,-1.7815876045615409e-07,1.1902563169415424e-08,1.7828505376463442e-07,-1.3360303382355109e-08
1200.0,-6.519872003396543e-09,9.240599075550137e-09,-1.775915088528257e-07,1.2536162237960446e-08,1.7771114975590007e-07,-1.3994834515916585e-08
1201.0,-6.363067989179072e-09,9.32523029995293e-09,-1.7692047523179544e-07,1.316949518919631e-08,1.7703486433603767e-07,-1.4628998591370843e-08
1202.0,-6.440504601856745e-09,9.408201334544318e-09,-1.762306702478289e-07,1.3802421529671012e-08,1.7634831792655563e-07,-1.5262663672252924e-08
1203.0,-6.4865838533822995e-09,9.489669119067658e-09,-1.7563674989395928e-07,1.443480046970151e-08,1.757564897333813e-07,-1.5895697115223462e-08
1204.0,-6.30097243825567e-09,9.569790785493386e-09,-1.7496827163163142e-07,1.506649110683702e-08,1.750816904517089e-07,-1.6527965742227585e-08
1205.0,-6.1108043070134954e-09,9.648723356741464e-09,-1.7425552866628946e-07,1.569735260931595e-08,1.7436264278808875e-07,-1.7159336013717837e-08
1206.0,-6.339981234448899e-09,9.726623447251391e-09,-1.735510456561673e-07,1.63272443989644e-08,1.7366680975477794e-07,-1.7789674202420034e-08
1207.0,-6.46995837461084e-09,9.803646966141957e-09,-1.7280664307145477e-07,1.695602633297333e-08,1.729277197299333e-07,-1.841884656710675e-08
1208.0,-6.240720162864477e-09,9.87994882368141e-09,-1.7208147817110442e-07,1.7583558883984315e-08,1.7219460420612333e-07,-1.9046719525833353e-08
1209.0,-6.233620453155453e-09,9.955682641759407e-09,-1.7141125648739708e-07,1.820970331791294e-08,1.715245663878566e-07,-1.9673159828086767e-08
1210.0,-6.401773666731003e-09,1.0031000469010976e-08,-1.7075124668017305e-07,1.883432186894606e-08,1.7087121158613395e-07,-2.02980347253006e-08
1211.0,-6.253902368191788e-09,1.0106052501189504e-08,-1.7002552567257911e-07,1.9457277911164828e-08,1.7014050274719342e-07,-2.0921212139201835e-08
1212.0,-5.9085326076235845e-09,1.0180986807322685e-08,-1.6932708999176094e-07,2.0078436126269653e-08,1.694301453775368e-07,-2.1542560827473575e-08
1213.0,-5.751431497724724e-09,1.0255949062114046e-08,-1.6871236126897449e-07,2.069766266691395e-08,1.68810366415176e-07,-2.2161950546244504e-08
1214.0,-5.845524564396243e-09,1.033108228497693e-08,-1.6808459740724757e-07,2.1314825315191236e-08,1.6818621240455312e-07,-2.2779252208948102e-08
1215.0,-5.543139336428027e-09,1.0406526586012703e-08,-1.6751362822559068e-07,2.1929793635863185e-08,1.6760531624923019e-07,-2.3394338041132823e-08
1216.0,-4.949212178972928e-09,1.0482418919175647e-08,-1.6711997539997636e-07,2.254243912396384e-08,1.6719324411853847e-07,-2.4007081730847477e-08
1217.0,-4.6349639959419875e-09,1.0558892842805263e-08,-1.6666158653491636e-07,2.3152635346464085e-08,1.6672602471593656e-07,-2.461735857427013e-08
1218.0,-4.67450694818794e-09,1.063607828765574e-08,-1.660853180852906e-07,2.3760258077725548e-08,1.6615108756400246e-07,-2.5225045616290366e-08
1219.0,-4.334346825896063e-09,1.0714101332518927e-08,-1.6565878656338295e-07,2.4365185428509716e-08,1.6571547944612666e-07,-2.583002178578756e-08
1220.0,-3.806210485679529e-09,1.079308398752649e-08,-1.6529866159534223e-07,2.4967297968331966e-08,1.6534247719044483e-07,-2.643216802536922e-08
1221.0,-3.505419204907767e-09,1.0873143985227501e-08,-1.6469152263817732e-07,2.556647884095913e-08,1.6472882441359014e-07,-2.7031367415340548e-08
1222.0,-3.670888315543408e-09,1.095439457956782e-08,-1.639817389653686e-07,2.6162613872843768e-08,1.6402282199478058e-07,-2.7627505291669163e-08
1223.0,-3.554823213569591e-09,1.103694435294788e-08,-1.6335546429782632e-07,2.6755591674267942e-08,1.6339413846291471e-07,-2.8220469357688022e-08
1224.0,-3.3733001392199924e-09,1.1120897031604923e-08,-1.626636496158962e-07,2.7345303732937647e-08,1.626986234120999e-07,-2.8810149789247568e-08
1225.0,-3.597323217086057e-09,1.1206351309648068e-08,-1.618615889167896e-07,2.7931644499732575e-08,1.6190155867376931e-07,-2.9396439332991513e-08
1226.0,-3.904690210054795e-09,1.1293400682159254e-08,-1.6116577646746455e-07,2.8514511466281073e-08,1.6121307053088856e-07,-2.997923339739623e-08
1227.0,-3.69539768230176e-09,1.1382133287852689e-08,-1.6053025701442958e-07,2.9093805234003046e-08,1.6057278530669256e-07,-3.05584301361864e-08
1228.0,-3.581601931701428e-09,1.1472631761852514e-08,-1.597680375671484e-07,2.966942957424715e-08,1.5980817782721545e-07,-3.113393052372306e-08
1229.0,-3.942447979188302e-09,1.1564973099198225e-08,-1.589762993470245e-07,3.0241291479144935e-08,1.5902517615190166e-07,-3.170563842195607e-08
1230.0,-4.254083640908846e-09,1.1659228529718269e-08,-1.5824267976527473e-07,3.080930120281461e-08,1.5829985131679416e-07,-3.2273460638541764e-08
1231.0,-4.2866960814347266e-09,1.1755463404925052e-08,-1.5753607696122884e-07,3.13733722925707e-08,1.5759438856643598e-07,-3.283730697574927e-08
1232.0,-4.133059894328994e-09,1.1853737097576785e-08,-1.5692470518510748e-07,3.1933421609835324e-08,1.5697912371243194e-07,-3.339709026981646e-08
1233.0,-4.293756267204074e-09,1.1954102914517412e-08,-1.563151027957066e-07,3.248936934050346e-08,1.5637406340219746e-07,-3.3952726420470965e-08
1234.0,-4.311395157552411e-09,1.2056608023343726e-08,-1.5569890140371134e-07,3.304113899458582e-08,1.557585825132188e-07,-3.4504134410400194e-08
1235.0,-4.188866670196134e-09,1.216129339336352e-08,-1.5519477576664276e-07,3.358865739503745e-08,1.5525129638505181e-07,-3.5051236314535596e-08
1236.0,-4.01798677662768e-09,1.2268193751205799e-08,-1.5476111462145448e-07,3.413185465577217e-08,1.5481326434324716e-07,-3.559395729910449e-08
1237.0,-3.5502836781553526e-09,1.2377337551327383e-08,-1.543299542189347e-07,3.467066414895933e-08,1.5437078507092544e-07,-3.613222561049586e-08
1238.0,-3.286741018238004e-09,1.2488746961534403e-08,-1.53701538808948e-07,3.520502246179584e-08,1.5373667649184925e-07,-3.666597255407896e-08
1239.0,-3.3986883585246375e-09,1.2602437863510335e-08,-1.5302767211733403e-07,3.573486934303881e-08,1.5306540927397236e-07,-3.719513246320229e-08
1240.0,-3.5127543929203142e-09,1.2718419868223154e-08,-1.5253365764911209e-07,3.6260147639670195e-08,1.5257410055196626e-07,-3.7719642658683334e-08
1241.0,-2.8509651861519103e-09,1.2836696345975744e-08,-1.523057791205651e-07,3.678080322414626e-08,1.523324599552407e-07,-3.8239443399178346e-08
1242.0,-2.1064516242397247e-09,1.2957264470761915e-08,-1.5207675543166266e-07,3.729678491276439e-08,1.520913432154079e-07,-3.8754477822898326e-08
1243.0,-2.235978735498634e-09,1.3080115278492383e-08,-1.5166569249450146e-07,3.780804437575616e-08,1.516821739056448e-07,-3.926469188121221e-08
1244.0,-2.276133087564247e-09,1.3205233738566525e-08,-1.5114540868541027e-07,3.8314536039782167e-08,1.5116254611679442e-07,-3.977003426474256e-08
1245.0,-1.7474518776428027e-09,1.3332598838196637e-08,-1.5070362412161753e-07,3.881621698355199e-08,1.5071375488472995e-07,-4.0270456322606126e-08
1246.0,-1.5351809268260297e-09,1.3462183678842964e-08,-1.5022471524725467e-07,3.9313046827320754e-08,1.502325592260108e-07,-4.076591197547898e-08
1247.0,-1.2017566386468559e-09,1.3593955584083252e-08,-1.4983986631675328e-07,3.980498761702477e-08,1.4984468544743597e-07,-4.1256357623176896e-08
1248.0,-1.0465916189250635e-09,1.372787621821552e-08,-1.4935974843727218e-07,4.0292003703818594e-08,1.49363415223615e-07,-4.174175204744169e-08
1249.0,-8.178253352308928e-10,1.3863901714879281e-08,-1.488124804008284e-07,4.077406161976689e-08,1.488147276358287e-07,-4.222205631061564e-08
1250.0,-4.2668055200145716e-10,1.400198281498175e-08,-1.483353184936198e-07,4.125112995042787e-08,1.48335932157037e-07,-4.269723365087059e-08
1251.0,-4.65201904775725e-10,1.414206501323123e-08,-1.478338296882764e-07,4.172317920504179e-08,1.4783456163263895e-07,-4.3167249374635905e-08
1252.0,-3.8591715934011006e-10,1.428408871260739e-08,-1.4732659850413832e-07,4.219018168500968e-08,1.4732710395189828e-07,-4.363207074684298e-08
1253.0,-2.8213956171363463e-10,1.4427989386135406e-08,-1.4683432826914644e-07,4.265211135131775e-08,1.4683459933198218e-07,-4.409166687957528e-08
1254.0,-2.550204492024477e-11,1.4573697745373452e-08,-1.4642912582810141e-07,4.310894369153181e-08,1.4642912804881497e-07,-4.4546008619684305e-08
1255.0,-7.299474913402548e-11,1.4721139915065771e-08,-1.4597870492960574e-07,4.356065558695493e-08,1.4597872317964114e-07,-4.499506843590226e-08
1256.0,-8.109179994164606e-11,1.4870237613452776e-08,-1.454924626088927e-07,4.4007225180510365e-08,1.4549248520758748e-07,-4.543882030595307e-08
1257.0,1.5633078165322445e-10,1.50209083377647e-08,-1.4504422533867523e-07,4.4448631745878156e-08,1.450443095864491e-07,-4.587723960413232e-08
1258.0,4.655537066966531e-10,1.5173065554454652e-08,-1.4464501537844732e-07,4.488485555837854e-08,1.4464576459089662e-07,-4.631030298979369e-08
1259.0,6.587015377590433e-10,1.532661889374999e-08,-1.4415493761535392e-07,4.5315877768057585e-08,1.4415644254282368e-07,-4.673798829714385e-08
1260.0,7.380733246797888e-10,1.5481474348118948e-08,-1.4360419590964124e-07,4.5741680275390843e-08,1.436060926113068e-07,-4.71602744267114e-08
1261.0,8.895792158458704e-10,1.563753447426776e-08,-1.431027323584022e-07,4.616224560998043e-08,1.4310549730748208e-07,-4.757714123881743e-08
1262.0,9.603227102417122e-10,1.5794698598304703e-08,-1.4263061487093665e-07,4.657755681258092e-08,1.42633847729665e-07,-4.798856944933827e-08
1263.0,1.005063476888779e-09,1.5952863023730928e-08,-1.421081804002522e-07,4.698759732075276e-08,1.4211173452344882e-07,-4.839454052801729e-08
1264.0,1.0851727016980561e-09,1.6111921241939497e-08,-1.4167818609966965e-07,4.7392350858410305e-08,1.4168234193534895e-07,-4.87950365995543e-08
1265.0,1.3907282825353917e-09,1.6271764144920117e-08,-1.4144170494903574e-07,4.779180132950727e-08,1.4144854196507621e-07,-4.919004034767992e-08
1266.0,1.7927488660252067e-09,1.6432280239875864e-08,-1.4124831869410936e-07,4.818593271608301e-08,1.4125969518022231e-07,-4.957953492240642e-08
1267.0,2.0083910368118296e-09,1.659335586546081e-08,-1.4090931493154768e-07,4.857472898087628e-08,1.40923627078765e-07,-4.9963503850633446e-08
1268.0,2.1403000205477696e-09,1.6754875409349308e-08,-1.4042196702993004e-07,4.8958173974692935e-08,1.4043827722075174e-07,-5.0341930950270474e-08
1269.0,2.2984239511636417e-09,1.6916721526855187e-08,-1.3997722242767296e-07,4.933625134868453e-08,1.3999609119980998e-07,-5.071480024801195e-08
1270.0,2.5242725687490974e-09,1.7078775360335073e-08,-1.3957645686457631e-07,4.9708944471655494e-08,1.3959928102562089e-07,-5.1082095900865743e-08
1271.0,2.668657878013292e-09,1.7240916759132813e-08,-1.3913860327438576e-07,5.0076236352471526e-08,1.3916419315332805e-07,-5.144380212149369e-08
1272.0,2.6801781349838905e-09,1.7403024499847468e-08,-1.386084536349197e-07,5.043810956759616e-08,1.3863436361125957e-07,-5.1799903107381536e-08
1273.0,2.7132807944862947e-09,1.7564976506732585e-08,-1.38107967100759e-07,5.079454619374138e-08,1.3813461720138822e-07,-5.215038297381758e-08
1274.0,2.745998345377032e-09,1.7726650072057594e-08,-1.376505439354414e-07,5.1145527745582976e-08,1.3767793124766112e-07,-5.2495225690628224e-08
1275.0,2.8197684187603045e-09,1.7887922076278817e-08,-1.3723192741552093e-07,5.149103511846476e-08,1.3726089390687446e-07,-5.2834415022595807e-08
1276.0,2.967448176072196e-09,1.8048669207874007e-08,-1.3683715474263614e-07,5.183104853600073e-08,1.3686932697554198e-07,-5.316793447347291e-08
1277.0,3.108928919859366e-09,1.8208768182687884e-08,-1.3650930686184837e-07,5.2165547502479965e-08,1.36544704397245e-07,-5.3495767233507356e-08
1278.0,3.3496206086613967e-09,1.836809596261745e-08,-1.3628487148878432e-07,5.2494510759985334e-08,1.3632602889740618e-07,-5.381789613040291e-08
1279.0,3.602182385709085e-09,1.8526529973437924e-08,-1.3606084892786585e-07,5.2817916250149816e-08,1.3610852408615504e-07,-5.413430358365792e-08
1280.0,3.787796548637701e-09,1.8683948321537204e-08,-1.3581229464654232e-07,5.313574108048933e-08,1.3586510508534962e-07,-5.444497156224399e-08
1281.0,4.036401740625806e-09,1.884023000929318e-08,-1.3556212724238903e-07,5.344796149526362e-08,1.3562220644678143e-07,-5.4749881545604146e-08
1282.0,4.3077581224348904e-09,1.8995255148797587e-08,-1.3521722417447757e-07,5.3754552850823e-08,1.3528582517578227e-07,-5.5049014487960716e-08
1283.0,4.525093771912125e-09,1.914890517360466e-08,-1.3484143327954778e-07,5.405548959539664e-08,1.3491733988827136e-07,-5.534235078592535e-08
1284.0,4.698180761097959e-09,1.9301063048163917e-08,-1.3453310961433762e-07,5.4350745253268585e-08,1.3461511982302483e-07,-5.5629870249398456e-08
1285.0,4.890733873441633e-09,1.9451613474584232e-08,-1.3427618831760024e-07,5.464029241327425e-08,1.3436522625636617e-07,-5.5911552075735294e-08
1286.0,5.063271579786033e-09,1.9600443096371686e-08,-1.339922694569562e-07,5.4924102721535946e-08,1.3408790024948644e-07,-5.618737482714555e-08
1287.0,5.250431395209532e-09,1.9747440698784168e-08,-1.3368951038567056e-07,5.5202146878342554e-08,1.3379257160618492e-07,-5.6457316411283e-08
1288.0,5.479618175874279e-09,1.9892497405450826e-08,-1.3341026923463506e-07,5.54743946390662e-08,1.335227551865643e-07,-5.672135406497201e-08
1289.0,5.69941505101923e-09,2.0035506870912546e-08,-1.3316325231035875e-07,5.5740814818995657e-08,1.3328516458254477e-07,-5.697946434100776e-08
1290.0,5.8057715579540314e-09,2.017636546875096e-08,-1.3288175003400848e-07,5.6001375301953055e-08,1.3300852031160958e-07,-5.72316230979554e-08
1291.0,5.875234548868846e-09,2.0314972474988857e-08,-1.325872329947797e-07,5.62560430525462e-08,1.327173414976966e-07,-5.747780549286185e-08
1292.0,5.971181271657855e-09,2.0451230246464018e-08,-1.3233878028498514e-07,5.6504784131895225e-08,1.3247342289341122e-07,-5.7717985976781315e-08
1293.0,6.095674798256567e-09,2.058504439389948e-08,-1.3210463563687047e-07,5.674756371665782e-08,1.322451965403523e-07,-5.7952138293002546e-08
1294.0,6.236918176361073e-09,2.0716323949412958e-08,-1.3181583808849484e-07,5.6984346121163914e-08,1.3196330671558254e-07,-5.818023547785395e-08
1295.0,6.317091794105778e-09,2.0844981528224e-08,-1.314615528380525e-07,5.721509482245803e-08,1.3161324220353826e-07,-5.840224986395062e-08
1296.0,6.3588385945667625e-09,2.0970933484328984e-08,-1.311320500137214e-07,5.7439772488035897e-08,1.312861354792382e-07,-5.861815308573723e-08
1297.0,6.3695809737751574e-09,2.1094100059921604e-08,-1.308234700153621e-07,5.76583410060533e-08,1.3097844047262827e-07,-5.8827916087172735e-08
1298.0,6.396672913577817e-09,2.1214405528339683e-08,-1.305344386262619e-07,5.787076151778142e-08,1.3069107502747322e-07,-5.903150913140032e-08
1299.0,6.469662139352295e-09,2.1331778330316142e-08,-1.3027830676054508e-07,5.8076994452087056e-08,1.3043885057984853e-07,-5.922890181225129e-08
1300.0,6.598799423551682e-09,2.1446151203300465e-08,-1.3004662670693112e-07,5.8276999561729026e-08,1.3021393654937309e-07,-5.942006306744575e-08
1301.0,6.728199192229667e-09,2.155746130359608e-08,-1.2982177677312023e-07,5.847073596128389e-08,1.2999600912681965e-07,-5.960496119337582e-08
1302.0,6.844675631834107e-09,2.1665650321029985e-08,-1.296435374886773e-07,5.8658162166541666e-08,1.298240979059092e-07,-5.978356386138746e-08
1303.0,6.995653278885072e-09,2.1770664585836414e-08,-1.2957653100498234e-07,5.883923613524588e-08,1.2976523630034172e-07,-5.995583813551109e-08
1304.0,7.202517332549618e-09,2.1872455167399616e-08,-1.295708038223653e-07,5.901391530908717e-08,1.2977083439317e-07,-6.012175049162897e-08
1305.0,7.407830598937792e-09,2.1970977964464657e-08,-1.2948300918969036e-07,5.9182156656895124e-08,1.296947401516345e-07,-6.028126683810369e-08
1306.0,7.610145569270088e-09,2.2066193786391482e-08,-1.2929901261130028e-07,5.934391671900259e-08,1.295227739737019e-07,-6.0434352537923e-08
1307.0,7.796070927712506e-09,2.21580684249993e-08,-1.2908645053225087e-07,5.949915165277793e-08,1.293216549264862e-07,-6.058097243243827e-08
1308.0,7.951442532183606e-09,2.2246572716528106e-08,-1.288583653391573e-07,5.964781727933151e-08,1.291034614416761e-07,-6.072109086678535e-08
1309.0,8.112602756238374e-09,2.2331682593233457e-08,-1.2864327835968026e-07,5.978986913140656e-08,1.288988261800964e-07,-6.085467171707898e-08
1310.0,8.322476041655591e-09,2.2413379124129875e-08,-1.2851661601240294e-07,5.992526250246545e-08,1.2878580744299176e-07,-6.098167841947278e-08
1311.0,8.570078396941128e-09,2.2491648544406965e-08,-1.284982834755255e-07,6.005395249698586e-08,1.287837532450667e-07,-6.110207400117745e-08
1312.0,8.778375720774889e-09,2.2566482273060648e-08,-1.285173906878656e-07,6.017589408198748e-08,1.2881684513103314e-07,-6.121582111353388e-08
1313.0,8.876720164474605e-09,2.2637876918310314e-08,-1.2847818959757507e-07,6.029104213981793e-08,1.2878447640592726e-07,-6.132288206724227e-08
1314.0,8.87373488578369e-09,2.2705834270413186e-08,-1.2835673784267199e-07,6.039935152223095e-08,1.2866310784539442e-07,-6.14232188698484e-08
1315.0,8.859871614141923e-09,2.277036128153924e-08,-1.2821002531859804e-07,6.050077710578684e-08,1.2851578859118684e-07,-6.151679326557985e-08
1316.0,8.888289909636526e-09,2.2831470032430806e-08,-1.280624533604724e-07,6.059527384859279e-08,1.2837053267094015e-07,-6.160356677760707e-08
1317.0,8.916090310506775e-09,2.2889177685634605e-08,-1.278973837219588e-07,6.06827968483817e-08,1.2820779004938463e-07,-6.168350075277843e-08
1318.0,8.916486049503902e-09,2.2943506425155673e-08,-1.2771479530535035e-07,6.076330140190578e-08,1.2802567189184574e-07,-6.175655640885046e-08
1319.0,8.940864104634016e-09,2.299448338243863e-08,-1.2755813260517668e-07,6.083674306560095e-08,1.2787109229476914e-07,-6.182269488420815e-08
1320.0,9.013699980853218e-09,2.3042140548632614e-08,-1.2743403602147318e-07,6.090307771746236e-08,1.2775241807522455e-07,-6.18818772900488e-08
1321.0,9.085773577943712e-09,2.308651467314115e-08,-1.2730641502783913e-07,6.096226162006142e-08,1.2763022599976107e-07,-6.193406476498809e-08
1322.0,9.111959603513853e-09,2.312764714849941e-08,-1.2716893512537686e-07,6.101425148463286e-08,1.2749496409167845e-07,-6.197921853203967e-08
1323.0,9.121701532999182e-09,2.31655838816592e-08,-1.2706218267474756e-07,6.10590045361648e-08,1.2738918205612295e-07,-6.201729995791998e-08
1324.0,9.156656710640476e-09,2.3200375151798574e-08,-1.2702683996335118e-07,6.109647857943702e-08,1.2735643852271996e-07,-6.204827061463641e-08
1325.0,9.2246560112752e-09,2.323207545480812e-08,-1.270621911228509e-07,6.112663206596999e-08,1.273966039243835e-07,-6.207209234333037e-08
1326.0,9.387131461036091e-09,2.3260743334639784e-08,-1.2719282202131033e-07,6.114942416186992e-08,1.2753874788005211e-07,-6.208872732036497e-08
1327.0,9.64897778343854e-09,2.3286441201736344e-08,-1.2739112748710868e-07,6.116481481658054e-08,1.2775602582540704e-07,-6.209813812566711e-08
1328.0,9.863393934939069e-09,2.3309235138793028e-08,-1.2754795464947621e-07,6.117276483257376e-08,1.279287585931351e-07,-6.210028781335192e-08
1329.0,9.943882495200285e-09,2.3329194694141468e-08,-1.2760251071747275e-07,6.117323593602532e-08,1.279893805769881e-07,-6.209513998466585e-08
1330.0,9.904196129895126e-09,2.3346392663095546e-08,-1.2755731397182113e-07,6.116619084852086e-08,1.279412421726676e-07,-6.20826588632785e-08
1331.0,9.819490803808506e-09,2.3360904857661354e-08,-1.2745837300875973e-07,6.115159335982084e-08,1.2783606396352404e-07,-6.206280937293017e-08
1332.0,9.776185083687494e-09,2.3372809865087096e-08,-1.2735822669737717e-07,6.11294084016835e-08,1.2773289201412073e-07,-6.203555721740561e-08
1333.0,9.818358376323388e-09,2.3382188795806857e-08,-1.2731135378904468e-07,6.109960212270839e-08,1.2768939253048868e-07,-6.200086896276021e-08
1334.0,9.874659478992243e-09,2.3389125021407817e-08,-1.2731513640562575e-07,6.10621419641274e-08,1.2769750529203437e-07,-6.195871212168223e-08
1335.0,9.902655723204035e-09,2.339370390332034e-08,-1.2735345673864362e-07,6.101699673644043e-08,1.2773787822589618e-07,-6.190905523983853e-08
1336.0,9.868484807107336e-09,2.3396012512994282e-08,-1.2740078906767205e-07,6.096413669677125e-08,1.2778242464225498e-07,-6.185186798402278e-08
1337.0,9.77004882551924e-09,2.339613934438579e-08,-1.2743428924252842e-07,6.09035336268029e-08,1.2780826236515942e-07,-6.178712123190421e-08
1338.0,9.644269133302075e-09,2.3394174019637354e-08,-1.2744589503177473e-07,6.083516091114109e-08,1.2781028161914714e-07,-6.171478716315783e-08
1339.0,9.534794259691282e-09,2.3390206988888903e-08,-1.2745704898800558e-07,6.075899361594474e-08,1.2781319039248453e-07,-6.163483935174248e-08
1340.0,9.438292203345355e-09,2.338432922520533e-08,-1.274837747380908e-07,6.067500856765511e-08,1.2783268041149732e-07,-6.154725285908144e-08
1341.0,9.355105301533939e-09,2.337663191564225e-08,-1.2754764817934916e-07,6.058318443165007e-08,1.278902676175393e-07,-6.145200432789159e-08
1342.0,9.33151783621966e-09,2.336720614949504e-08,-1.2767642442249039e-07,6.048350179064954e-08,1.2801697769608368e-07,-6.134907207640404e-08
1343.0,9.376010495776299e-09,2.335614260478548e-08,-1.2786659811178658e-07,6.037594322270111e-08,1.282098923074895e-07,-6.123843619272117e-08
1344.0,9.489576097143626e-09,2.334353123403748e-08,-1.280694869633392e-07,6.026049337858148e-08,1.2842058069311316e-07,-6.11200786290613e-08
1345.0,9.549112889306599e-09,2.3329460950381976e-08,-1.282039187519568e-07,6.013713905845652e-08,1.2855905390259787e-07,-6.09939832956496e-08
1346.0,9.551708535227021e-09,2.3314019315015255e-08,-1.2826977539848183e-07,6.000586928764686e-08,1.2862492144494745e-07,-6.086013615401933e-08
1347.0,9.5159879143214e-09,2.329729222701939e-08,-1.2832048192773504e-07,5.986667539134467e-08,1.286728413774705e-07,-6.071852530948699e-08
1348.0,9.504904002755055e-09,2.327936361654097e-08,-1.2843525891773067e-07,5.97195510681218e-08,1.2878648583359243e-07,-6.056914110256084e-08
1349.0,9.57267021206576e-09,2.326031514231373e-08,-1.2866016632639976e-07,5.95644924620628e-08,1.2901579133627722e-07,-6.041197619903569e-08
1350.0,9.680323154181991e-09,2.324022589450075e-08,-1.2895129735887578e-07,5.940149823335053e-08,1.293141359129256e-07,-6.02470256785233e-08
1351.0,9.745347195888598e-09,2.3219172103821374e-08,-1.2922330406422988e-07,5.923056962712984e-08,1.2959025466926448e-07,-6.00742871211652e-08
1352.0,9.746812024147289e-09,2.3197226857917557e-08,-1.2942691317990862e-07,5.905171054047106e-08,1.2979339813686082e-07,-5.989376069227346e-08
1353.0,9.645486687137605e-09,2.317445982590775e-08,-1.295549246146943e-07,5.886492758724772e-08,1.2991348623353495e-07,-5.970544922463767e-08
1354.0,9.48904177455745e-09,2.3150936992073297e-08,-1.2964977981477777e-07,5.867023016072672e-08,1.2999656656935078e-07,-5.950935829822151e-08
1355.0,9.367479680832957e-09,2.3126720399621958e-08,-1.2976531670039204e-07,5.846763049364768e-08,1.3010298649117883e-07,-5.930549631695138e-08
1356.0,9.309845477867285e-09,2.310186790546965e-08,-1.2991788971017382e-07,5.82571437155434e-08,1.3025103181766605e-07,-5.909387458227586e-08
1357.0,9.32379631835012e-09,2.307643294697034e-08,-1.3009894837129332e-07,5.803878790703207e-08,1.3043262454272138e-07,-5.8874507363154955e-08
1358.0,9.338514433965273e-09,2.305046432150176e-08,-1.302868663857759e-07,5.78125841507957e-08,1.306211139305526e-07,-5.864741196212448e-08
1359.0,9.254221278176544e-09,2.30240059797821e-08,-1.304643162981789e-07,5.757855657895129e-08,1.3079211917625893e-07,-5.8412608777075956e-08
1360.0,9.11939987413568e-09,2.2997096833753414e-08,-1.306517797491913e-07,5.7336732416518254e-08,1.3096965681292585e-07,-5.8170121358393635e-08
1361.0,9.045414944841568e-09,2.296977057982309e-08,-1.3087257350746784e-07,5.708714202068931e-08,1.3118479343274485e-07,-5.791997646109748e-08
1362.0,9.05716010524138e-09,2.2942055538206127e-08,-1.3113599072953064e-07,5.6829818915619476e-08,1.3144839372844203e-07,-5.766220409165299e-08
1363.0,9.09205719046291e-09,2.291397450905585e-08,-1.3142056985021577e-07,5.6564799822460524e-08,1.3173470189631164e-07,-5.7396837549126356e-08
1364.0,9.044114540612824e-09,2.288554464600843e-08,-1.3167508142522544e-07,5.6292124684384316e-08,1.3198531386545806e-07,-5.7123913460384514e-08
1365.0,8.984666455269519e-09,2.2856777347698636e-08,-1.319408986476256e-07,5.6011836686357176e-08,1.3224645540526012e-07,-5.684347180906438e-08
1366.0,9.046823845615393e-09,2.2827678167733674e-08,-1.3229008514678564e-07,5.572398226944709e-08,1.3259906353303325e-07,-5.6555555958060544e-08
1367.0,9.146873203302874e-09,2.2798246743539936e-08,-1.326703488908898e-07,5.542861113946455e-08,1.3298528777360195e-07,-5.626021266530613e-08
1368.0,9.210794960079483e-09,2.2768476744425555e-08,-1.3299966953803088e-07,5.512577626975682e-08,1.3331823146525026e-07,-5.5957492092645804e-08
1369.0,9.217266810912506e-09,2.2738355839130334e-08,-1.3325554110155124e-07,5.4815533897991726e-08,1.3357393923116426e-07,-5.564744780762188e-08
1370.0,9.134238310171128e-09,2.270786568306809e-08,-1.3347702514793225e-07,5.449794351677948e-08,1.3378920192544964e-07,-5.533013677801271e-08
1371.0,9.084980268081466e-09,2.2676981925405265e-08,-1.337642705941111e-07,5.417306785799064e-08,1.3407243174510562e-07,-5.500561935897629e-08
1372.0,9.137347184440259e-09,2.264567423606392e-08,-1.3413133257214604e-07,5.384097287063543e-08,1.3444220130282248e-07,-5.4673959272664155e-08
1373.0,9.21988782542904e-09,2.261390635268353e-08,-1.3454198993095856e-07,5.350172769218003e-08,1.3485752995697217e-07,-5.433522358018441e-08
1374.0,9.261265171423005e-09,2.2581636147522917e-08,-1.3495641183400298e-07,5.315540461318769e-08,1.3527381168461406e-07,-5.398948264580989e-08
1375.0,9.211701401667938e-09,2.25488157142313e-08,-1.3531253985343827e-07,5.280207903518731e-08,1.3562573090789893e-07,-5.3636810093345444e-08
1376.0,9.114133170395888e-09,2.2515391474369025e-08,-1.356237909130864e-07,5.244182942168482e-08,1.3592968801952091e-07,-5.327728275458429e-08
1377.0,8.964302189440332e-09,2.2481304303514784e-08,-1.3591344544261474e-07,5.207473724224141e-08,1.3620874922642164e-07,-5.291098060979605e-08
1378.0,8.832817588455555e-09,2.24464896767554e-08,-1.3618696225251026e-07,5.170088690954801e-08,1.364731012108891e-07,-5.253798672019624e-08
1379.0,8.759411945780116e-09,2.2410877833312154e-08,-1.3650456903713248e-07,5.1320365709430426e-08,1.3678532328305236e-07,-5.2158387152355086e-08
1380.0,8.721866173733162e-09,2.237439396000941e-08,-1.3686687685282584e-07,5.0933263723726845e-08,1.3714449653193928e-07,-5.1772270894513805e-08
1381.0,8.662194517228272e-09,2.233695839323523e-08,-1.3721441068093032e-07,5.053967374599371e-08,1.3748755620916864e-07,-5.137972976479396e-08
1382.0,8.538875745367491e-09,2.2298486838979197e-08,-1.3751883687351807e-07,5.0139691190015545e-08,1.3778368152303124e-07,-5.098085831130904e-08
1383.0,8.410247026580109e-09,2.2258890610462398e-08,-1.3784310331707572e-07,4.97334139911212e-08,1.3809943297179069e-07,-5.057575370421806e-08
1384.0,8.340097945591651e-09,2.221807688279945e-08,-1.3819430861802817e-07,4.9320942500340916e-08,1.3844574449276826e-07,-5.016451561979717e-08
1385.0,8.268652346155037e-09,2.2175948964052527e-08,-1.3858260253241106e-07,4.890237937147596e-08,1.388290615695352e-07,-4.97472461166469e-08
1386.0,8.211681057357367e-09,2.213240658195161e-08,-1.3899122517160856e-07,4.847782944119711e-08,1.3923358926815237e-07,-4.9324049504201674e-08
1387.0,8.221639952177284e-09,2.208734618546407e-08,-1.3943201776500658e-07,4.804739960233842e-08,1.3967420284907427e-07,-4.889503220376283e-08
1388.0,8.229918052604646e-09,2.2040661260300805e-08,-1.3988811307583116e-07,4.761119867060777e-08,1.4012999582911972e-07,-4.8460302602336586e-08
1389.0,8.220623903820723e-09,2.199224265734915e-08,-1.4034245976804471e-07,4.71693372449935e-08,1.4058301700814832e-07,-4.801997089962076e-08
1390.0,8.23412266148793e-09,2.1941978932926414e-08,-1.4080294869628363e-07,4.6721927562204936e-08,1.4104350795968138e-07,-4.757414894854715e-08
1391.0,8.341684065715782e-09,2.188975669965578e-08,-1.4129909848073496e-07,4.626908334554143e-08,1.415451126832737e-07,-4.71229500898474e-08
1392.0,8.415387303672972e-09,2.1835460986680084e-08,-1.417769506378841e-07,4.581091964863904e-08,1.420264851203741e-07,-4.6666488981168495e-08
1393.0,8.405287660329108e-09,2.177897560785121e-08,-1.4223452675030113e-07,4.534755269459494e-08,1.4248266371925746e-07,-4.620488142131771e-08
1394.0,8.482582497526536e-09,2.17201835364656e-08,-1.427514897955895e-07,4.4879099711016816e-08,1.4300329382460963e-07,-4.573824417026712e-08
1395.0,8.590754968507142e-09,2.165896728506179e-08,-1.4333304082861376e-07,4.44056787615874e-08,1.435902561600403e-07,-4.52666947655914e-08
1396.0,8.661179079494374e-09,2.1595209288755024e-08,-1.439204781392145e-07,4.392740857477275e-08,1.4418085882275492e-07,-4.479035133605217e-08
1397.0,8.763153230839649e-09,2.1528792290557146e-08,-1.4449194270238497e-07,4.3444408370335404e-08,1.447574328331933e-07,-4.430933241307443e-08
1398.0,8.849804222776925e-09,2.1459599727118476e-08,-1.4504412257018706e-07,4.2956797684338336e-08,1.4531385524765671e-07,-4.3823756740884086e-08
1399.0,8.832616166243312e-09,2.138751611333378e-08,-1.4557185868541156e-07,4.2464696193340424e-08,1.4583957333133422e-07,-4.3333743086088045e-08
1400.0,8.722804367700121e-09,2.13124274242776e-08,-1.4605790963836962e-07,4.1968223538487006e-08,1.463181474867944e-07,-4.283941004747838e-08
1401.0,8.658167488517776e-09,2.1234221472973776e-08,-1.4650603657670458e-07,4.1467499150192236e-08,1.4676165240850187e-07,-4.234087586683063e-08
1402.0,8.572252074845466e-09,2.1152788282557515e-08,-1.4696739258565628e-07,4.096264207409409e-08,1.4721717966684834e-07,-4.183825824144528e-08
1403.0,8.44044789616305e-09,2.1068020451450257e-08,-1.4743404493783308e-07,4.045377079894216e-08,1.4767545079470327e-07,-4.1331674139155997e-08
1404.0,8.271545309801454e-09,2.0979813510234668e-08,-1.4789404553100516e-07,3.9941003087056376e-08,1.481251739757261e-07,-4.082123961649923e-08
1405.0,8.095931591789451e-09,2.0888066268985165e-08,-1.4834385821463347e-07,3.9424455807972035e-08,1.4856461347959753e-07,-4.0307069640712977e-08
1406.0,7.907529325779095e-09,2.0792681153876992e-08,-1.4877700885845835e-07,3.890424477586781e-08,1.4898700408058364e-07,-3.9789277916206534e-08
1407.0,7.680735408799322e-09,2.0693564531960973e-08,-1.4921003530649068e-07,3.8380484591356494e-08,1.4940759128164868e-07,-3.926797671612208e-08
1408.0,7.492270304165771e-09,2.0590627023049724e-08,-1.496739729586749e-07,3.785328848820625e-08,1.4986137693063156e-07,-3.8743276719591494e-08
1409.0,7.3283747126229315e-09,2.0483783797711834e-08,-1.5017627757671348e-07,3.732276818555281e-08,1.5035497804438238e-07,-3.8215286855279945e-08
1410.0,7.163065141035929e-09,2.0372954860412407e-08,-1.5067310167246606e-07,3.6789033746161944e-08,1.5084327320041825e-07,-3.768411415180351e-08
1411.0,7.003930990734375e-09,2.0258065316871342e-08,-1.5116997769543117e-07,3.625219344130581e-08,1.5133214201140525e-07,-3.714986359560827e-08
1412.0,6.927047990767932e-09,2.013904562473551e-08,-1.517265636533094e-07,3.5712353622825456e-08,1.51884607883446e-07,-3.661263799690515e-08
1413.0,6.909015831668697e-09,2.0015831826679514e-08,-1.523388790253266e-07,3.5169618602963666e-08,1.5249547062931194e-07,-3.60725378642638e-08
1414.0,6.848689837468669e-09,1.988836576506473e-08,-1.529609597455961e-07,3.462409054256488e-08,1.5311420495428802e-07,-3.552966128847972e-08
1415.0,6.76612094130391e-09,1.975659527730073e-08,-1.5354360166988656e-07,3.4075869348251166e-08,1.5369260882148218e-07,-3.4984103836339124e-08
1416.0,6.680154401861316e-09,1.9620474371071362e-08,-1.5413173484746245e-07,3.352505257919145e-08,1.542764277196007e-07,-3.443595845491234e-08
1417.0,6.630258814199763e-09,1.947996337861209e-08,-1.5477418033663093e-07,3.297173536408284e-08,1.5491612966640765e-07,-3.3885315387006574e-08
1418.0,6.708701372204473e-09,1.9335029089257156e-08,-1.5550026641678039e-07,3.241601032895768e-08,1.5564491488574592e-07,-3.333226209840118e-08
1419.0,6.877899083601591e-09,1.918564485951522e-08,-1.562241324880309e-07,3.185796753641568e-08,1.5637546184565543e-07,-3.277688321747204e-08
1420.0,6.9268476232675624e-09,1.903179069998231e-08,-1.569046804462959e-07,3.1297694436857006e-08,1.570575052773671e-07,-3.2219260487785643e-08
1421.0,6.838411781284748e-09,1.887345333846591e-08,-1.5756285895104916e-07,3.0735275832255784e-08,1.5771118665623763e-07,-3.1659472734204325e-08
1422.0,6.718805262151406e-09,1.871062625877856e-08,-1.581949940765437e-07,3.017079385296249e-08,1.5833760922480928e-07,-3.109759584298889e-08
1423.0,6.690356268990172e-09,1.8543309714765287e-08,-1.587478997491787e-07,2.9604327947956248e-08,1.5888881817730693e-07,-3.0533702756313904e-08
1424.0,6.626028031808673e-09,1.8371510719254196e-08,-1.593335963098741e-07,2.903595488888687e-08,1.594713114027606e-07,-2.9967863481524255e-08
1425.0,6.463622054253548e-09,1.8195243007757776e-08,-1.600062620212006e-07,2.8465748788154004e-08,1.6013676122632597e-07,-2.9400145115364374e-08
1426.0,6.304621796848764e-09,1.801452697690156e-08,-1.6065623477390378e-07,2.7893781131170587e-08,1.6077989310771728e-07,-2.8830611883305962e-08
1427.0,6.2056032257284954e-09,1.7829389597713834e-08,-1.6118000903050933e-07,2.7320120822851878e-08,1.6129942598307732e-07,-2.8259325193989017e-08
1428.0,6.075057012999707e-09,1.7639864304073887e-08,-1.6169655149209095e-07,2.6744834248260803e-08,1.6181063340258455e-07,-2.768634370867478e-08
1429.0,5.61551946609562e-09,1.744599085678471e-08,-1.6227675982832812e-07,2.6167985347224082e-08,1.623738921109394e-07,-2.7111723425488167e-08
1430.0,5.237600214647031e-09,1.7247815183906302e-08,-1.627742879824201e-07,2.5589635702614914e-08,1.6285853150569763e-07,-2.6535517778103717e-08
1431.0,5.052319701492891e-09,1.704538919815502e-08,-1.6317254970463213e-07,2.5009844641879066e-08,1.632507485786106e-07,-2.5957777748405567e-08
1432.0,4.891955673880233e-09,1.6838770592336316e-08,-1.6364673877805602e-07,2.4428669351266526e-08,1.637198410181506e-07,-2.5378551992532923e-08
1433.0,4.278723070294532e-09,1.6628022613927477e-08,-1.6422202621380055e-07,2.3846165002121616e-08,1.6427775675628904e-07,-2.4797886979610972e-08
1434.0,3.887741878427775e-09,1.6413213820061825e-08,-1.6467008119233628e-07,2.326238488848636e-08,1.6471596819010569e-07,-2.4215827142365543e-08
1435.0,3.683763710737864e-09,1.619441781428565e-08,-1.6512207510685495e-07,2.2677380575184116e-08,1.6516316115487255e-07,-2.363241503873119e-08
1436.0,3.443671986458341e-09,1.5971712966562365e-08,-1.6571508724624873e-07,2.2091202055475457e-08,1.6575086430478167e-07,-2.3047691523485936e-08
1437.0,2.970738738339307e-09,1.5745182118081314e-08,-1.6628951764879885e-07,2.1503897917314343e-08,1.66316051445799e-07,-2.24616959288818e-08
1438.0,2.694177519968477e-09,1.5514912272492758e-08,-1.6671968176146246e-07,2.0915515517179684e-08,1.6674144919351162e-07,-2.187446625318823e-08
1439.0,2.6000467057141208e-09,1.5280994275237713e-08,-1.6723291493617176e-07,2.0326101160415e-08,1.6725312577324454e-07,-2.1286039356023458e-08
1440.0,2.030906637306984e-09,1.5043522482674028e-08,-1.6786229472057212e-07,1.9735700286974553e-08,1.6787457988220156e-07,-2.0696451159316968e-08
1441.0,1.7080011849301968e-09,1.4802594422719063e-08,-1.6838775137445472e-07,1.9144357661450438e-08,1.6839641350394877e-07,-2.0105736852723417e-08
1442.0,1.7475163538449578e-09,1.45583104487348e-08,-1.6894642762554923e-07,1.8552117566238667e-08,1.689554651996848e-07,-1.9513931102294865e-08
1443.0,1.6381506706686366e-09,1.4310773388374051e-08,-1.6960448758970847e-07,1.795902399669563e-08,1.6961239856858162e-07,-1.8921068261213986e-08
1444.0,1.07063502507998e-09,1.4060088189088136e-08,-1.701896403111247e-07,1.7365120857135406e-08,1.701930078722006e-07,-1.8327182581392716e-08
1445.0,1.0017213170065986e-09,1.3806361561971325e-08,-1.706786689099904e-07,1.6770452156523208e-08,1.7068160845997166e-07,-1.7732308424748558e-08
1446.0,1.0012056184116602e-09,1.3549701625590362e-08,-1.7125635862202948e-07,1.6175062202727593e-08,1.7125928524073522e-07,-1.713648047298148e-08
1447.0,5.091809196500208e-10,1.3290217551419598e-08,-1.7195912191056428e-07,1.557899579420618e-08,1.71959875766009e-07,-1.653973393468962e-08
1448.0,1.688570949731627e-10,1.3028019212472867e-08,-1.7253590836596722e-07,1.49822984080151e-08,1.7253599099430807e-07,-1.5942104748679966e-08
1449.0,1.7112905537075562e-10,1.2763216836692517e-08,-1.7314783178762339e-07,1.4385016383051868e-08,1.7314791635451095e-07,-1.5343629782353716e-08
1450.0,6.984973710544295e-11,1.2495920666623932e-08,-1.7386801241803251e-07,1.3787197097464177e-08,1.73868026448749e-07,-1.4744347024071437e-08
1451.0,-3.8627229193011203e-10,1.2226240626869164e-08,-1.7445134279855945e-07,1.3188889139180478e-08,1.7445177044244638e-07,-1.41442957684298e-08
1452.0,-8.76992978238178e-10,1.1954286000777216e-08,-1.7487760504281136e-07,1.2590142468540643e-08,1.7487980404321535e-07,-1.3543516793407473e-08
1453.0,-9.57478291097047e-10,1.1680165117793145e-08,-1.75360964568827e-07,1.199100857202684e-08,1.7536357848534947e-07,-1.2942052528362471e-08
1454.0,-1.2704356733284072e-09,1.1403985052851484e-08,-1.7598550353450926e-07,1.1391540606117248e-08,1.7599008909905932e-07,-1.2339947211889037e-08
1455.0,-1.7410173580589827e-09,1.112585133915682e-08,-1.76553295400117e-07,1.0791793530312702e-08,1.765618794023275e-07,-1.173724703857217e-08
1456.0,-2.006497440421029e-09,1.0845867695642944e-08,-1.770951465231152e-07,1.0191824228422055e-08,1.7710651301977028e-07,-1.1134000293717144e-08
1457.0,-2.3212329280930533e-09,1.0564135770342534e-08,-1.7768016971272949e-07,9.591691617237026e-09,1.7769533148468142e-07,-1.0530257475178374e-08
1458.0,-2.7232633925677874e-09,1.0280754900831921e-08,-1.7819870861204845e-07,8.991456741779148e-09,1.782195160876245e-07,-9.926071401467146e-09
1459.0,-3.1470127892507804e-09,9.995821892838734e-09,-1.7870743690071023e-07,8.391182856359704e-09,1.787351439787851e-07,-9.321497305377524e-09
1460.0,-3.524846248215141e-09,9.709430818013424e-09,-1.7918608602798813e-07,7.790935490757393e-09,1.792207520548419e-07,-8.716592912436358e-09
1461.0,-3.995116931720943e-09,9.421672831767856e-09,-1.796575498681785e-07,7.190782500889103e-09,1.7970196488612797e-07,-8.111418503555158e-09
1462.0,-4.341027842746925e-09,9.13263601197367e-09,-1.8015484964245543e-07,6.5907941034290125e-09,1.8020714295617482e-07,-7.506036961343146e-09
1463.0,-4.552937887813968e-09,8.842405219188334e-09,-1.8065857664006923e-07,5.991042893921486e-09,1.8071593885716352e-07,-6.9005137996317695e-09
1464.0,-4.905039679981016e-09,8.551061978937459e-09,-1.8119051014078846e-07,5.391603848035545e-09,1.8125689057065212e-07,-6.294917175863529e-09
1465.0,-5.2629153535210804e-09,8.258684386430456e-09,-1.8173032821297563e-07,4.792554305723541e-09,1.8180651932869234e-07,-5.689317886112361e-09
1466.0,-5.505178701792346e-09,7.965347033926972e-09,-1.8231490024958608e-07,4.193973938172014e-09,1.8239799846915861e-07,-5.0837893426280134e-09
1467.0,-5.831749583240509e-09,7.671120960806611e-09,-1.8291334310041596e-07,3.5959446975681636e-09,1.8300628510346883e-07,-4.4784075339307184e-09
1468.0,-6.059176160810864e-09,7.376073626226797e-09,-1.8354908224924027e-07,2.998550749847449e-09,1.8364906536730893e-07,-3.873250967622928e-09
1469.0,-6.324409718150292e-09,7.080268904083459e-09,-1.842293328030431e-07,2.401878390734361e-09,1.8433785618623605e-07,-3.268400596229372e-09
1470.0,-6.6076583926655275e-09,6.783767099818834e-09,-1.849226622038791e-07,1.8060159455358757e-09,1.8504067700374462e-07,-2.663939726521871e-09
1471.0,-6.5563884599217914e-09,6.4866249884519565e-09,-1.8570048813254525e-07,1.2110536532919652e-09,1.8581619284202056e-07,-2.0599539129274037e-09
1472.0,-6.5622258738073924e-09,6.188895873043329e-09,-1.8650708443271324e-07,6.170835360269714e-10,1.8662249422834884e-07,-1.4565308357540717e-09
1473.0,-6.8084657356415335e-09,5.8906296626497206e-09,-1.8718912413520639e-07,2.4199253973304736e-11,1.8731290238576495e-07,-8.537601650947403e-10
1474.0,-7.07944347588807e-09,5.591872968684653e-09,-1.8783373064226727e-07,-5.67504052246752e-10,1.8796709522392505e-07,-2.5173341137885095e-10
1475.0,-6.962643267494073e-09,5.2926692184801895e-09,-1.8855731124395314e-07,-1.1579299313994207e-09,1.8868581829278904e-07,3.4945623636307e-10
1476.0,-7.153945214000146e-09,4.9930587847475085e-09,-1.892716562437724e-07,-1.7469808022178726e-09,1.89406807663784e-07,9.497140833819565e-10
1477.0,-7.810331936752846e-09,4.693079129556184e-09,-1.8989451810655367e-07,-2.3345581435585838e-09,1.9005506910335883e-07,1.5489441120390347e-09
1478.0,-7.693480075232628e-09,4.392764961393656e-09,-1.9058766992374743e-07,-2.920562692866389e-09,1.907428886292522e-07,2.147049173333846e-09
1479.0,-7.257506345892395e-09,4.092148403825095e-09,-1.9148957048145676e-07,-3.5048946516456205e-09,1.9162705185211578e-07,2.7439311858527623e-09
1480.0,-7.44505102012738e-09,3.791259174247992e-09,-1.9228772855234277e-07,-4.087453896616116e-09,1.9243180437888058e-07,3.339491340840475e-09
1481.0,-8.27030263716999e-09,3.4901247712284185e-09,-1.9278701454336633e-07,-4.668140195230239e-09,1.9296432541341552e-07,3.933630312094668e-09
1482.0,-8.291136471827443e-09,3.18877066892446e-09,-1.9327890968950934e-07,-5.246853424243043e-09,1.9345666148975066e-07,4.526248469399123e-09
1483.0,-8.417605584787324e-09,2.887220517148583e-09,-1.9387779687934925e-07,-5.8234937900635695e-09,1.9406044472424372e-07,5.117246094244735e-09
1484.0,-9.108628212795011e-09,2.585496345685335e-09,-1.9441698444894184e-07,-6.397962049666852e-09,1.9463024161249716e-07,5.706523596636852e-09
1485.0,-9.403122086526494e-09,2.283618771552147e-09,-1.9489845689418805e-07,-6.970159730905104e-09,1.95125157795477e-07,6.293981731843759e-09
1486.0,-9.3552072200076e-09,1.981607207964692e-09,-1.9547102508149505e-07,-7.539989351118255e-09,1.9569476627784338e-07,6.879521816000395e-09
1487.0,-9.791491561994548e-09,1.6794800738423162e-09,-1.9599271921730277e-07,-8.10735463300477e-09,1.9623715064482845e-07,7.463045939539417e-09
1488.0,-1.0613348699894942e-08,1.3772550027628229e-09,-1.9639934908596834e-07,-8.67216071677336e-09,1.9668591076133953e-07,8.044457177479206e-09
1489.0,-1.0848761056170275e-08,1.0749490503503714e-09,-1.968686081481319e-07,-9.234314367654058e-09,1.9716730076419007e-07,8.623659795653268e-09
1490.0,-1.1121285059534358e-08,7.725788991536978e-10,-1.9741047019641855e-07,-9.793724177901231e-09,1.9772348551587514e-07,9.200559452018258e-09
1491.0,-1.1762320561992112e-08,4.701610601384197e-10,-1.9792199040108427e-07,-1.0350300762470888e-08,1.98271194250022e-07,9.775063392224969e-09
1492.0,-1.206367863937352e-08,1.6771206997146553e-10,-1.984305992228097e-07,-1.0903956947597518e-08,1.9879696941914734e-07,1.0347080638678918e-08
1493.0,-1.2150714268077678e-08,-1.3475131668262592e-10,-1.99059184705086e-07,-1.1454607951533079e-08,1.994296840309336e-07,1.0916522172353891e-08
1494.0,-1.2423265388639138e-08,-4.3721194060220397e-10,-1.996717583704899e-07,-1.2002171556743608e-08,2.0005786316383532e-07,1.1483301106655243e-08
1495.0,-1.2960681639029303e-08,-7.396520579097701e-10,-2.0013247901615183e-07,-1.2546568272890783e-08,2.0055171010414925e-07,1.2047332852662042e-08
1496.0,-1.3160208423013131e-08,-1.0420531671352746e-09,-2.0062351553315483e-07,-1.3087721489958107e-08,2.010546842792258e-07,1.2608535275110747e-08
1497.0,-1.3386365960155189e-08,-1.3443958441187226e-09,-2.011830156876948e-07,-1.3625557620916695e-08,2.0162787653202733e-07,1.316682883851912e-08
1498.0,-1.3776239454754702e-08,-1.6466595854041885e-09,-2.0175032133459836e-07,-1.416000623336274e-08,2.022201199983039e-07,1.3722136742887215e-08
1499.0,-1.3957549838128358e-08,-1.94882266075199e-09,-2.0230807723856103e-07,-1.4691000169596565e-08,2.0278898222893524e-07,1.4274385048450923e-08
1500.0,-1.3926984232526252e-08,-2.2508619753705257e-09,-2.0296768942634769e-07,-1.521847565465071e-08,2.034449405634934e-07,1.4823502789002182e-08
1501.0,-1.411085551183966e-08,-2.5527529424406326e-09,-2.03636589861389e-07,-1.574237239181383e-08,2.0412490532429298e-07,1.536942207332992e-08
1502.0,-1.4520068009060694e-08,-2.854469366469937e-09,-2.0420523275457847e-07,-1.626263364524086e-08,2.0472080856458954e-07,1.591207817437983e-08
1503.0,-1.4804569070658857e-08,-3.155983337967691e-09,-2.0471837959556982e-07,-1.677920630929103e-08,2.0525299074460213e-07,1.645140960578151e-08
1504.0,-1.4824815514069556e-08,-3.4572651398700965e-09,-2.0527774555537115e-07,-1.7292040964296195e-08,2.0581236108485296e-07,1.6987358185451008e-08
1505.0,-1.5095439342971417e-08,-3.758283166074811e-09,-2.0577283843525862e-07,-1.7801091918532475e-08,2.0632579413796127e-07,1.751986908604468e-08
1506.0,-1.5523830221297885e-08,-4.059003852364675e-09,-2.0620691680225955e-07,-1.8306317236246062e-08,2.0679042976364664e-07,1.8048890872115088e-08
1507.0,-1.5820852294901044e-08,-4.359391619915341e-09,-2.0666268777183583e-07,-1.8807678751666046e-08,2.0726737776219483e-07,1.8574375523898214e-08
1508.0,-1.5968349531547688e-08,-4.659408831489709e-09,-2.0718090817245516e-07,-1.9305142069020637e-08,2.0779537265763396e-07,1.909627844774007e-08
1509.0,-1.6270831404430197e-08,-4.959015760326204e-09,-2.0766753234743862e-07,-1.9798676548655206e-08,2.0830397006746142e-07,1.961455847324837e-08
1510.0,-1.6719524681407805e-08,-5.258170571630952e-09,-2.0810475163252073e-07,-2.0288255279429904e-08,2.0877531022035472e-07,2.0129177837329177e-08
1511.0,-1.7239824179338115e-08,-5.556829316486977e-09,-2.0852593234435557e-07,-2.0773855037650775e-08,2.092373675943598e-07,2.0640102155339398e-08
1512.0,-1.7758698095393655e-08,-5.85494593789745e-09,-2.0894543623778405e-07,-2.125545623286158e-08,2.0969875222003878e-07,2.1147300379653955e-08
1513.0,-1.8234285720231114e-08,-6.152472288589332e-09,-2.0935363133703366e-07,-2.173304284089343e-08,2.1014621607283255e-07,2.1650744746011282e-08
1514.0,-1.8518700434233537e-08,-6.449358160126116e-09,-2.0981478849810276e-07,-2.220660232463417e-08,2.106304530173082e-07,2.2150410708061563e-08
1515.0,-1.864900181502982e-08,-6.745551322818903e-09,-2.1029494089511158e-07,-2.2676125543037978e-08,2.1112022033612854e-07,2.2646276860597583e-08
1516.0,-1.896829432412872e-08,-7.040997575884726e-09,-2.107141086199471e-07,-2.3141606648947255e-08,2.1156614039365005e-07,2.313832485199846e-08
1517.0,-1.9353192159954347e-08,-7.335640807274044e-09,-2.110778520580947e-07,-2.360304297634443e-08,2.1196321774364304e-07,2.3626539286461334e-08
1518.0,-1.979754377101628e-08,-7.629423062568679e-09,-2.1144705791148466e-07,-2.4060434917691845e-08,2.1237184615383475e-07,2.4110907616636902e-08
1519.0,-1.9831502523492972e-08,-7.92228462233317e-09,-2.1187512061482394e-07,-2.45137857920535e-08,2.128012105883928e-07,2.459142002731971e-08
1520.0,-2.0224654229128447e-08,-8.214164087287161e-09,-2.1228656425092973e-07,-2.496310170472123e-08,2.1324779483068968e-07,2.50680693108736e-08
1521.0,-2.0492196439736432e-08,-8.504998470655497e-09,-2.1272348560419374e-07,-2.5408391399089265e-08,2.137082390609271e-07,2.5540850735093892e-08
1522.0,-2.089590175891054e-08,-8.794723297045805e-09,-2.1320997566076638e-07,-2.5849666101533782e-08,2.1423149262324302e-07,2.6009761904221425e-08
1523.0,-2.124136289083367e-08,-9.083272707198318e-09,-2.1365404702725077e-07,-2.6286939360060805e-08,2.147073527119711e-07,2.647480261383072e-08
1524.0,-2.1619338957945544e-08,-9.37057956795037e-09,-2.1407276630872052e-07,-2.6720226877487553e-08,2.1516167198654738e-07,2.6935974700317062e-08
1525.0,-2.1931388954898878e-08,-9.656575586760763e-09,-2.144561575476156e-07,-2.7149546339921964e-08,2.1557464909302017e-07,2.7393281885707895e-08
1526.0,-2.1997548504959497e-08,-9.94119143014994e-09,-2.1489362073481844e-07,-2.7574917241303352e-08,2.1601657430101985e-07,2.784672961852378e-08
1527.0,-2.205277671585293e-08,-1.0224356845430954e-08,-2.1532424955561513e-07,-2.7996360704763752e-08,2.1645058883627017e-07,2.829632491141307e-08
1528.0,-2.235814436368777e-08,-1.0506000785129935e-08,-2.1574649157127257e-07,-2.841389930156392e-08,2.169019023538076e-07,2.8742076176281345e-08
1529.0,-2.2918885539402467e-08,-1.0786051533517279e-08,-2.160793817172768e-07,-2.8827556868349358e-08,2.1729145063183883e-07,2.9183993057630613e-08
1530.0,-2.3415685779237805e-08,-1.1064436834687085e-08,-2.1638246314875653e-07,-2.9237358323460932e-08,2.1764573209423376e-07,2.9622086264813853e-08
1531.0,-2.3438886331828e-08,-1.1341084021634225e-08,-2.167539106534555e-07,-2.9643329483020722e-08,2.1801752034192694e-07,3.005636740389767e-08
1532.0,-2.3624805500777057e-08,-1.1615920145793495e-08,-2.171585895271999e-07,-3.004549687749573e-08,2.1843988747569077e-07,3.048684880980875e-08
1533.0,-2.3893355821646978e-08,-1.1888872106529483e-08,-2.1758100874486042e-07,-3.044388756941739e-08,2.1888898514738209e-07,3.0913543379417554e-08
1534.0,-2.441391649954383e-08,-1.2159866780097192e-08,-2.1793857190449684e-07,-3.083852897290325e-08,2.193017565880817e-07,3.133646440618355e-08
1535.0,-2.4989328273328226e-08,-1.2428831147626695e-08,-2.1824970094369567e-07,-3.122944867559017e-08,2.1967566658500153e-07,3.175562541695225e-08
1536.0,-2.5056943769863338e-08,-1.2695692421718465e-08,-2.1868712593922646e-07,-3.1616674263547796e-08,2.2011794448123758e-07,3.217104001145638e-08
1537.0,-2.5235707912241168e-08,-1.2960378171275758e-08,-2.191491248401678e-07,-3.200023314969783e-08,2.2059732516973864e-07,3.2582721705033626e-08
1538.0,-2.537807852753815e-08,-1.3222816444250978e-08,-2.1955921120433985e-07,-3.238015240621837e-08,2.210210263627011e-07,3.2990683775032085e-08
1539.0,-2.5573417217206185e-08,-1.3482935888043149e-08,-2.1991344329938545e-07,-3.275645860136554e-08,2.21395397901486e-07,3.339493911133234e-08
1540.0,-2.5836344424989832e-08,-1.3740665867345472e-08,-2.2026267211885941e-07,-3.312917764109724e-08,2.2177276979419018e-07,3.3795500071374033e-08
1541.0,-2.5819828969320113e-08,-1.3995936579298468e-08,-2.207265198984898e-07,-3.349833461583945e-08,2.2223154626313374e-07,3.419237834003485e-08
1542.0,-2.5920131568879512e-08,-1.4248679165852632e-08,-2.2124582486557354e-07,-3.386395365269258e-08,2.2275899138081062e-07,3.4585584794671444e-08
1543.0,-2.6136210723448627e-08,-1.4498825823283874e-08,-2.217149864258694e-07,-3.4226057773334735e-08,2.2325016621898394e-07,3.4975129375593525e-08
1544.0,-2.63494532859454e-08,-1.4746309908833825e-08,-2.2211324529272658e-07,-3.4584668757841134e-08,2.2367071203654524e-07,3.536102096220686e-08
1545.0,-2.6446313305950042e-08,-1.4991066044463386e-08,-2.225182637004275e-07,-3.493980701460858e-08,2.2408432601975858e-07,3.574326725503031e-08
1546.0,-2.6517815054916127e-08,-1.523303021771208e-08,-2.228449487058637e-07,-3.5291491456552415e-08,2.244171688597059e-07,3.612187466376939e-08
1547.0,-2.6796228819181422e-08,-1.547213987964983e-08,-2.2316984282441665e-07,-3.563973938373106e-08,2.2477281113427569e-07,3.649684820161354e-08
1548.0,-2.7175919459221376e-08,-1.5708334039892583e-08,-2.2349750552347336e-07,-3.5984566372547035e-08,2.2514365541509068e-07,3.6868191385914644e-08
1549.0,-2.7421481030298622e-08,-1.5941553358629536e-08,-2.2382743260565552e-07,-3.632598617167083e-08,2.2550090290004227e-07,3.723590614539637e-08
1550.0,-2.783629668434706e-08,-1.617174023558059e-08,-2.2408292814357633e-07,-3.666401060483122e-08,2.2580526587858438e-07,3.759999273403605e-08
1551.0,-2.812008698116486e-08,-1.63988388957733e-08,-2.2429720616251592e-07,-3.6998649480612275e-08,2.2605303798918175e-07,3.796044965175148e-08
1552.0,-2.8188202327861234e-08,-1.6622795472005507e-08,-2.2456610649507214e-07,-3.732991050939028e-08,2.2632832552915803e-07,3.831727357201336e-08
1553.0,-2.8553457265267923e-08,-1.6843558083845075e-08,-2.248272209029456e-07,-3.765779922753283e-08,2.266331378698653e-07,3.867045927648923e-08
1554.0,-2.907378052197096e-08,-1.7061076913012143e-08,-2.250328665805157e-07,-3.798231892896423e-08,2.269032299357678e-07,3.9019999596804033e-08
1555.0,-2.9494667541651864e-08,-1.727530427498938e-08,-2.2526940567785259e-07,-3.830347060417532e-08,2.271920785323412e-07,3.936588536347465e-08
1556.0,-2.9854535399387316e-08,-1.7486194686713626e-08,-2.2558804995201354e-07,-3.8621252886720795e-08,2.275549638330604e-07,3.970810536204002e-08
1557.0,-2.992054970452074e-08,-1.7693704930222668e-08,-2.259806968080147e-07,-3.8935662007203986e-08,2.2795287807890595e-07,4.004664629636616e-08
1558.0,-2.978578822476763e-08,-1.789779411216823e-08,-2.2644401471288989e-07,-3.9246691754698e-08,2.2839458176467802e-07,4.038149275905804e-08
1559.0,-2.975202284538625e-08,-1.8098423719159186e-08,-2.2696231716246018e-07,-3.955433344549717e-08,2.2890407658044352e-07,4.071262720886019e-08
1560.0,-2.985376679198737e-08,-1.8295557668957344e-08,-2.2749720374887206e-07,-3.985857589903863e-08,2.2944765221118775e-07,4.104002995488091e-08
1561.0,-3.0012486329500376e-08,-1.8489162357598943e-08,-2.2802813132508093e-07,-4.015940542078864e-08,2.2999473474687805e-07,4.136367914743406e-08
1562.0,-3.015273480899694e-08,-1.8679206702549105e-08,-2.2854480613218597e-07,-4.0456805791857344e-08,2.3052530409146013e-07,4.168355077526529e-08
1563.0,-3.004594414934836e-08,-1.8865662182012183e-08,-2.2903566236284756e-07,-4.0750758265095234e-08,2.3099803764061302e-07,4.1999618668919365e-08
1564.0,-2.9747072360919447e-08,-1.904850287052198e-08,-2.2946603162044e-07,-4.1041241567436534e-08,2.3138614474872635e-07,4.231185451001605e-08
1565.0,-2.943792146159474e-08,-1.9227705470923763e-08,-2.2982401359089577e-07,-4.132823190829041e-08,2.3170167984502672e-07,4.262022784623431e-08
1566.0,-2.9243807986301107e-08,-1.9403249342829612e-08,-2.3009434632625947e-07,-4.161170299383827e-08,2.319452705205439e-07,4.29247061118565e-08
1567.0,-2.9246021993056814e-08,-1.957511652757056e-08,-2.3030142967672695e-07,-4.1891626047171604e-08,2.3215098172000647e-07,4.322525465379075e-08
1568.0,-2.953934349902987e-08,-1.9743291769574e-08,-2.3046705065546402e-07,-4.216796983429419e-08,2.3235239239607992e-07,4.3521836763065286e-08
1569.0,-3.009389556996034e-08,-1.9907762533962455e-08,-2.305866654526978e-07,-4.2440700696108524e-08,2.3254215281357066e-07,4.381441371186509e-08
1570.0,-3.061732795073269e-08,-2.0068519020008832e-08,-2.3068300070497316e-07,-4.270978258660185e-08,2.327059680908364e-07,4.410294479625483e-08
1571.0,-3.1083772333850845e-08,-2.022555416991277e-08,-2.307553628143333e-07,-4.297517711753657e-08,2.3283951204655377e-07,4.4387387384796884e-08
1572.0,-3.168149900756312e-08,-2.0378863672201684e-08,-2.3076540940289436e-07,-4.323684361002657e-08,2.32930014288094e-07,4.466769697332844e-08
1573.0,-3.2435737012947996e-08,-2.0528445958926575e-08,-2.306898781133382e-07,-4.349473915344197e-08,2.3295900261530987e-07,4.494382724620331e-08
1574.0,-3.316718674706287e-08,-2.0674302195726815e-08,-2.3058225434927082e-07,-4.374881867212576e-08,2.3295544272994861e-07,4.5215730144332217e-08
1575.0,-3.373867657474605e-08,-2.0816436263786702e-08,-2.3050150976117179e-07,-4.399903500042231e-08,2.329576019347617e-07,4.5483355940364035e-08
1576.0,-3.4228471557096185e-08,-2.0954854732706744e-08,-2.3044873482397366e-07,-4.4245338966505765e-08,2.3297683929331918e-07,4.5746653321338834e-08
1577.0,-3.469839596204061e-08,-2.1089566823368186e-08,-2.3044287535481378e-07,-4.4487679485450737e-08,2.330405490126832e-07,4.600556947910615e-08
1578.0,-3.5064764009051785e-08,-2.1220584359980742e-08,-2.3050877170915918e-07,-4.472600366190764e-08,2.331605273408768e-07,4.626005020873816e-08
1579.0,-3.528096839677808e-08,-2.1347921710664916e-08,-2.306843333264863e-07,-4.49602569026304e-08,2.3336668222627645e-07,4.651004001507682e-08
1580.0,-3.5327368919091384e-08,-2.1471595716124176e-08,-2.3100290711189353e-07,-4.519038303895935e-08,2.336886092407837e-07,4.675548222743982e-08
1581.0,-3.5213386595511764e-08,-2.1591625606198993e-08,-2.3144468308186616e-07,-4.541632445919335e-08,2.341081457839313e-07,4.699631912237714e-08
1582.0,-3.490284378182551e-08,-2.1708032904353346e-08,-2.3196780078726942e-07,-4.5638022250601244e-08,2.3457891871636895e-07,4.7232492054225514e-08
1583.0,-3.446934351836184e-08,-2.1820841320410835e-08,-2.3253634695227787e-07,-4.58554163506356e-08,2.350771964621345e-07,4.7463941593061505e-08
1584.0,-3.398988121516844e-08,-2.1930076632115155e-08,-2.3314406880081684e-07,-4.6068445706733175e-08,2.3560871979199173e-07,4.7690607669514995e-08
1585.0,-3.348122776247742e-08,-2.2035766556322142e-08,-2.3375620630122773e-07,-4.627704844392901e-08,2.3614181458781295e-07,4.7912429725782676e-08
1586.0,-3.297267550661509e-08,-2.213794061082141e-08,-2.3432503332490584e-07,-4.648116203938367e-08,2.3663351109422934e-07,4.8129346872083184e-08
1587.0,-3.2555440593329266e-08,-2.223662996792373e-08,-2.347940383645719e-07,-4.6680723502833076e-08,2.3704028595108018e-07,4.8341298047726315e-08
1588.0,-3.2306314567964733e-08,-2.2331867301027534e-08,-2.3513961142432316e-07,-4.6875669561920426e-08,2.3734855133694407e-07,4.85482221859308e-08
1589.0,-3.2272032685076724e-08,-2.2423686625392773e-08,-2.353523780203315e-07,-4.7065936851360424e-08,2.375546798811837e-07,4.8750058381518855e-08
1590.0,-3.240325058273541e-08,-2.2512123134305947e-08,-2.3547372653837106e-07,-4.7251462104913043e-08,2.3769275659597855e-07,4.894674606063595e-08
1591.0,-3.261691472467021e-08,-2.259721303172598e-08,-2.355860270752963e-07,-4.7432182349198805e-08,2.3783321735888503e-07,4.913822515168646e-08
1592.0,-3.286627187071289e-08,-2.2678993362371453e-08,-2.3571391808210884e-07,-4.760803509846123e-08,2.3799420792174487e-07,4.9324436256730345e-08
1593.0,-3.318354740988738e-08,-2.2757501840062055e-08,-2.357991060915332e-07,-4.777895854946323e-08,2.3812258660671056e-07,4.950532082264692e-08
1594.0,-3.363144682189123e-08,-2.2832776674976364e-08,-2.3579164980594425e-07,-4.794489177578717e-08,2.3817803495188792e-07,4.968082131143228e-08
1595.0,-3.419258712278328e-08,-2.2904856400346482e-08,-2.35705613197551e-07,-4.8105774920886857e-08,2.381727715482663e-07,4.98508813690562e-08
1596.0,-3.477938864682173e-08,-2.297377969898694e-08,-2.355785321990489e-07,-4.826154938931179e-08,2.381320026953643e-07,5.0015445992357736e-08
1597.0,-3.530499678716659e-08,-2.303958522996078e-08,-2.354373652355135e-07,-4.841215803558483e-08,2.380697287501761e-07,5.0174461693506804e-08
1598.0,-3.570961146226459e-08,-2.3102311455628522e-08,-2.3531924884384603e-07,-4.8557545350258455e-08,2.3801328792153146e-07,5.0327876661594306e-08
1599.0,-3.5969416500858387e-08,-2.3161996469313323e-08,-2.3526319185146471e-07,-4.86976576426969e-08,2.379969923413977e-07,5.0475640920934235e-08
1600.0,-3.613673069113865e-08,-2.321867782384994e-08,-2.352551645781742e-07,-4.883244322012785e-08,2.3801440243344037e-07,5.061770648566306e-08
1601.0,-3.6223221283604445e-08,-2.3272392361362378e-08,-2.3530604723737136e-07,-4.896185256247785e-08,2.3807783942785817e-07,5.075402751020386e-08
1602.0,-3.6181454582395745e-08,-2.3323176044726258e-08,-2.3546600507254323e-07,-4.9085838492451914e-08,2.3822958926321668e-07,5.088456043512681e-08
1603.0,-3.5973186679472136e-08,-2.337106379130634e-08,-2.357652381448916e-07,-4.920435634024567e-08,2.3849385249392403e-07,5.100926412788602e-08
1604.0,-3.563938733019967e-08,-2.3416089309705144e-08,-2.3617359635325075e-07,-4.931736410219414e-08,2.388475110686737e-07,5.112810001785153e-08
1605.0,-3.526078057314308e-08,-2.345828494040395e-08,-2.3663072249574535e-07,-4.9424822592573963e-08,2.3924343559539056e-07,5.124103222499058e-08
1606.0,-3.488465530332441e-08,-2.3497681501309184e-08,-2.3707236407322085e-07,-4.952669558769636e-08,2.3962521775242593e-07,5.134802768149372e-08
1607.0,-3.452529759306877e-08,-2.353430813932369e-08,-2.374661492582364e-07,-4.962294996136739e-08,2.3996284757733844e-07,5.1449056245596764e-08
1608.0,-3.417144270323469e-08,-2.356819218913243e-08,-2.3781094039138084e-07,-4.971355581075949e-08,2.402534721211191e-07,5.1544090806828486e-08
1609.0,-3.3856735331960763e-08,-2.3599359040420747e-08,-2.3810003376215083e-07,-4.979848657173949e-08,2.4049512386922903e-07,5.163310738191915e-08
1610.0,-3.361720773975563e-08,-2.3627832014727032e-08,-2.3832195594070127e-07,-4.987771912273433e-08,2.406812650366028e-07,5.171608520063869e-08
1611.0,-3.349126254104107e-08,-2.3653632253072255e-08,-2.384596914824233e-07,-4.995123387628444e-08,2.4080010201095313e-07,5.179300678089261e-08
1612.0,-3.3488763928613e-08,-2.367677861540857e-08,-2.3852642493799037e-07,-5.0019014857531614e-08,2.408658396351901e-07,5.186385799248544e-08
1613.0,-3.358087694027567e-08,-2.3697287592794015e-08,-2.385395296879145e-07,-5.008104976900745e-08,2.4089164061836883e-07,5.1928628109060033e-08
1614.0,-3.3706161778335186e-08,-2.3715173233038087e-08,-2.3852811662644635e-07,-5.013733004122409e-08,2.408978367756483e-07,5.198730984783187e-08
1615.0,-3.381980712147126e-08,-2.373044708038411e-08,-2.385164251696159e-07,-5.018785086871287e-08,2.4090218851107706e-07,5.2039899396854556e-08
1616.0,-3.3944706656630075e-08,-2.374311812960911e-08,-2.384852761452838e-07,-5.023261123130407e-08,2.4088891640774373e-07,5.208639642967174e-08
1617.0,-3.41612009235881e-08,-2.3753192794739012e-08,-2.3837926734285309e-07,-5.0271613900585594e-08,2.4081458167531543e-07,5.212680410732799e-08
1618.0,-3.448919283499663e-08,-2.3760674892402492e-08,-2.3818389014926278e-07,-5.030486543161853e-08,2.4066796618795294e-07,5.216112906782435e-08
1619.0,-3.4845530932914315e-08,-2.3765565639684823e-08,-2.3794682658950794e-07,-5.0332376140118444e-08,2.404847257312074e-07,5.218938140321036e-08
1620.0,-3.516884078402782e-08,-2.3767863666198872e-08,-2.377269086618894e-07,-5.035416006543135e-08,2.4031423275376473e-07,5.221157462460239e-08
1621.0,-3.5439296081074545e-08,-2.3767565039970203e-08,-2.375418020235387e-07,-5.03702349197352e-08,2.401708796155606e-07,5.2227725615501406e-08
1622.0,-3.56476912988235e-08,-2.3764663306643066e-08,-2.3738973819326104e-07,-5.038062202397962e-08,2.400513397054914e-07,5.223785457385076e-08
1623.0,-3.574370296965945e-08,-2.3759149541457228e-08,-2.3730533676644128e-07,-5.0385346231132595e-08,2.3998215591959613e-07,5.224198494332178e-08
1624.0,-3.571632564702831e-08,-2.3751012413421676e-08,-2.3730170855412736e-07,-5.03844358373354e-08,2.399744919786946e-07,5.224014333434336e-08
1625.0,-3.556800326487419e-08,-2.3740238261115448e-08,-2.373776445789566e-07,-5.0377922481578204e-08,2.400275588387791e-07,5.2232359435402774e-08
1626.0,-3.534994641452016e-08,-2.3726811179571214e-08,-2.3750040743092393e-07,-5.036584103450325e-08,2.4011676793044736e-07,5.2218665915143503e-08
1627.0,-3.509802024015407e-08,-2.371071311773357e-08,-2.3764446618890211e-07,-5.034822947692814e-08,2.402223206427465e-07,5.219909831577624e-08
1628.0,-3.478673046841685e-08,-2.3691923986021243e-08,-2.378067251521121e-07,-5.032512876866494e-08,2.403375857918492e-07,5.217369493830779e-08
1629.0,-3.4485976491138715e-08,-2.3670421773550395e-08,-2.3794077722016915e-07,-5.029658270819927e-08,2.4042690373310043e-07,5.2142496720085165e-08
1630.0,-3.427142938883243e-08,-2.364618267458706e-08,-2.3801366287948267e-07,-5.026263778379263e-08,2.4046836504967084e-07,5.210554710515212e-08
1631.0,-3.417665009330939e-08,-2.3619181223785598e-08,-2.3802013868895466e-07,-5.0223343016584256e-08,2.4046128551829234e-07,5.2062891907926605e-08
1632.0,-3.410838078643508e-08,-2.3589390439735052e-08,-2.3799435810295533e-07,-5.017874979629665e-08,2.4042607206521967e-07,5.2014579170729504e-08
1633.0,-3.4033713680603483e-08,-2.3556781976278125e-08,-2.379485244084767e-07,-5.012891171019002e-08,2.4037011864011866e-07,5.196065901572703e-08
1634.0,-3.403489756692579e-08,-2.3521326280994287e-08,-2.3783811499075713e-07,-5.007388436596145e-08,2.4026098974812316e-07,5.1901183491888184e-08
1635.0,-3.413573554378324e-08,-2.348299276015512e-08,-2.3765539173062344e-07,-5.0013725209339986e-08,2.4009442654870433e-07,5.1836206417601154e-08
1636.0,-3.429499806362202e-08,-2.3441749949373134e-08,-2.3743576556961576e-07,-4.99484933371859e-08,2.3989974919497805e-07,5.17657832196358e-08
1637.0,-3.4422288408553214e-08,-2.3397565689080102e-08,-2.372298382041782e-07,-4.987824930695488e-08,2.3971418413114855e-07,5.168997076917893e-08
1638.0,-3.4548351984797776e-08,-2.3350407303894277e-08,-2.3701834358721974e-07,-4.98030549434335e-08,2.395230340107081e-07,5.1608827215702654e-08
1639.0,-3.4708518364956475e-08,-2.330024178487312e-08,-2.3678578700558894e-07,-4.9722973143684934e-08,2.393160884164428e-07,5.15224118194487e-08
1640.0,-3.48969855512582e-08,-2.3247035973604423e-08,-2.3655468674166347e-07,-4.963806768116159e-08,2.391148665809202e-07,5.1430784783322844e-08
1641.0,-3.5075022442043746e-08,-2.3190756747066887e-08,-2.3635722931278358e-07,-4.954840300994269e-08,2.3894559432583315e-07,5.133400708499092e-08
1642.0,-3.5253148206182416e-08,-2.313137120219247e-08,-2.3615109517177713e-07,-4.9454044070038985e-08,2.3876792960797057e-07,5.1232140309952434e-08
1643.0,-3.5308401896694264e-08,-2.3068846839089185e-08,-2.35984977076803e-07,-4.9355056094674685e-08,2.386118032504631e-07,5.112524648633892e-08
1644.0,-3.519160249321196e-08,-2.3003151741935378e-08,-2.358897214366218e-07,-4.925150442040845e-08,2.3850033451860663e-07,5.1013387922144364e-08
1645.0,-3.4953216737632076e-08,-2.2934254756633644e-08,-2.3585277579910024e-07,-4.914345430089364e-08,2.384287298386009e-07,5.0896627045544226e-08
1646.0,-3.473034260181862e-08,-2.286212566440981e-08,-2.3581968196240144e-07,-4.9030970725005776e-08,2.3836341812049905e-07,5.077502624890217e-08
1647.0,-3.450544416860879e-08,-2.2786735350650655e-08,-2.3578469488666487e-07,-4.8914118239985744e-08,2.382961351345645e-07,5.06486477370007e-08
1648.0,-3.4206504601064225e-08,-2.2708055968383167e-08,-2.3578707071883476e-07,-4.879296078016792e-08,2.3825538330789383e-07,5.051755337996826e-08
1649.0,-3.3837745577747214e-08,-2.2626061095899406e-08,-2.3583905583296483e-07,-4.866756150178495e-08,2.3825417788985077e-07,5.038180457131369e-08
1650.0,-3.352972405279431e-08,-2.2540725888118183e-08,-2.358705626544222e-07,-4.853798262427147e-08,2.382418198427183e-07,5.024146209142229e-08
1651.0,-3.3272375687953826e-08,-2.2452027221344665e-08,-2.3585891135644022e-07,-4.84042852784291e-08,2.3819420028658437e-07,5.0096585976818186e-08
1652.0,-3.3054913722851964e-08,-2.2359943831137932e-08,-2.357865521510072e-07,-4.82665293617676e-08,2.380922625716443e-07,4.994723539545767e-08
1653.0,-3.285450020373837e-08,-2.2264456443023378e-08,-2.3566754190837425e-07,-4.812477340130425e-08,2.379466505180789e-07,4.9793468528289345e-08
1654.0,-3.2675535222015384e-08,-2.2165547895793037e-08,-2.3552382965100205e-07,-4.797907442408407e-08,2.377796562692431e-07,4.9635342457298454e-08
1655.0,-3.253829850002887e-08,-2.2063203257125426e-08,-2.353504450249011e-07,-4.7829487835675834e-08,2.3758908401417768e-07,4.9472913060243575e-08
1656.0,-3.256993841294076e-08,-2.1957409931231725e-08,-2.350997111676134e-07,-4.7676067306898474e-08,2.3734505488701046e-07,4.930623491229e-08
1657.0,-3.2788649240167445e-08,-2.184815775820097e-08,-2.347722718697154e-07,-4.7518864669035465e-08,2.3705087040098016e-07,4.913536119474226e-08
1658.0,-3.301888198969927e-08,-2.1735439104679217e-08,-2.3441691952494348e-07,-4.735792981779732e-08,2.367309416350417e-07,4.8960343611075664e-08
1659.0,-3.307713944411539e-08,-2.1619248945484933e-08,-2.3413615677855826e-07,-4.7193310626289495e-08,2.3646106881438025e-07,4.878123231045952e-08
1660.0,-3.3022216683331607e-08,-2.1499584935745418e-08,-2.3393282732458998e-07,-4.7025052867230384e-08,2.3625205712280547e-07,4.859807581894978e-08
1661.0,-3.3152336043063e-08,-2.137644747314518e-08,-2.3365540793504613e-07,-4.685320014463809e-08,2.3599560809982246e-07,4.841092097850408e-08
1662.0,-3.3352801742658755e-08,-2.1249839749909522e-08,-2.333459454759157e-07,-4.667779383516401e-08,2.3571749967733435e-07,4.8219812893936646e-08
1663.0,-3.3387001135976035e-08,-2.111976779420292e-08,-2.3309685150477155e-07,-4.649887303919846e-08,2.3547576101648166e-07,4.80247948878862e-08
1664.0,-3.3243657604487e-08,-2.098624050070035e-08,-2.3290894665684014e-07,-4.631647454180998e-08,2.3526945871430737e-07,4.7825908463818134e-08
1665.0,-3.293199063447716e-08,-2.084926965019102e-08,-2.3278891298286752e-07,-4.613063278350699e-08,2.3510677152071642e-07,4.7623193277024065e-08
1666.0,-3.249994881548979e-08,-2.070886991819548e-08,-2.3275421956459041e-07,-4.594137984072935e-08,2.3501228350477984e-07,4.741668711351918e-08
1667.0,-3.217736260774373e-08,-2.056505887271154e-08,-2.3268941396273335e-07,-4.574874541589187e-08,2.3490369523426086e-07,4.720642587667142e-08
1668.0,-3.1914963921630957e-08,-2.0417856961338798e-08,-2.3255782644060474e-07,-4.5552756836717223e-08,2.3473752908492806e-07,4.699244358133207e-08
1669.0,-3.151181390825819e-08,-2.026728748815469e-08,-2.32468758680493e-07,-4.53534390645179e-08,2.3459479571857083e-07,4.677477235517761e-08
1670.0,-3.1097206310004566e-08,-2.011337658081923e-08,-2.3243192230973375e-07,-4.515081471102056e-08,2.3450295253767082e-07,4.6553442446921214e-08
1671.0,-3.080384089471089e-08,-1.99561531484686e-08,-2.3237369372111627e-07,-4.4944904063272076e-08,2.3440650619695226e-07,4.632848224101121e-08
1672.0,-3.049659469400723e-08,-1.9795648831019373e-08,-2.3230027445392265e-07,-4.473572511612659e-08,2.3429353341331967e-07,4.609991827840233e-08
1673.0,-3.015708291420616e-08,-1.9631897940544263e-08,-2.3219436568952534e-07,-4.4523293611786776e-08,2.3414455600729932e-07,4.5867775282966e-08
1674.0,-2.991285646958275e-08,-1.946493739539732e-08,-2.3201129785779817e-07,-4.430762308586279e-08,2.339316594987301e-07,4.563207619309879e-08
1675.0,-2.9791692390812585e-08,-1.92948066477636e-08,-2.3174707462769728e-07,-4.4088724919417825e-08,2.3365412800548655e-07,4.539284219809386e-08
1676.0,-2.9736719864281724e-08,-1.9121547605287774e-08,-2.3143501492670082e-07,-4.3866608396489154e-08,2.333376065755561e-07,4.515009277885809e-08
1677.0,-2.9661227474164775e-08,-1.8945204547403123e-08,-2.3111599507102953e-07,-4.3641280766603705e-08,2.3301156965469826e-07,4.490384575258359e-08
1678.0,-2.9615391528015067e-08,-1.876582403694209e-08,-2.3078032220652522e-07,-4.3412747311841706e-08,2.3267279285104483e-07,4.465411732101206e-08
1679.0,-2.95722434040524e-08,-1.858345482757032e-08,-2.304335342574737e-07,-4.318101141803613e-08,2.3232333350384508e-07,4.4400922121959824e-08
1680.0,-2.9513497812327927e-08,-1.839814776755274e-08,-2.3009648453253817e-07,-4.294607464972453e-08,2.3198154829070104e-07,4.4144273283796264e-08
1681.0,-2.938823198683771e-08,-1.820995570033758e-08,-2.2978505763784907e-07,-4.270793682849047e-08,2.3165673073092828e-07,4.388418248258692e-08
1682.0,-2.9282353958270946e-08,-1.801893336243324e-08,-2.2946122127040502e-07,-4.246659611434402e-08,2.3132208783478338e-07,4.362066000162318e-08
1683.0,-2.925515038554316e-08,-1.782513727905388e-08,-2.2912187008089502e-07,-4.22220490897928e-08,2.3098202348548096e-07,4.3353714793063866e-08
1684.0,-2.9189003214469267e-08,-1.762862565802161e-08,-2.2881557606643788e-07,-4.197429084624885e-08,2.3066981978418876e-07,4.308335454140952e-08
1685.0,-2.8832915971443995e-08,-1.742945828243601e-08,-2.2863454511232173e-07,-4.172331507240185e-08,2.3044542143886181e-07,4.280958572851963e-08
1686.0,-2.835526652367193e-08,-1.7227696402653714e-08,-2.2850955110759186e-07,-4.146911414416838e-08,2.3026210301962764e-07,4.2532413699866124e-08
1687.0,-2.7998815627094942e-08,-1.7023402628160784e-08,-2.283458467589039e-07,-4.121167921580052e-08,2.3005599189884378e-07,4.2251842731696616e-08
1688.0,-2.773195387217875e-08,-1.6816640819960615e-08,-2.2814956631908578e-07,-4.095100031171134e-08,2.2982881863934204e-07,4.1967876098760696e-08
1689.0,-2.743818394712605e-08,-1.660747598413205e-08,-2.2794694459066234e-07,-4.068706641855394e-08,2.2959238551514466e-07,4.168051614223617e-08
1690.0,-2.7075035852197615e-08,-1.6395974167228687e-08,-2.2774958939250634e-07,-4.04198655770785e-08,2.2935329305430305e-07,4.138976433748284e-08
1691.0,-2.6751773740674167e-08,-1.6182202354190993e-08,-2.2753456858926047e-07,-4.014938497329062e-08,2.291018055393128e-07,4.109562136125091e-08
1692.0,-2.650817915172965e-08,-1.5966228369429078e-08,-2.2728359809487397e-07,-3.987561102844211e-08,2.288242065973187e-07,4.0798087157977584e-08
1693.0,-2.6214106912947344e-08,-1.5748120781707945e-08,-2.2704333112535946e-07,-3.9598529487402565e-08,2.2855164320070652e-07,4.049716100481999e-08
1694.0,-2.588113190427066e-08,-1.5527948813428773e-08,-2.2681848630551338e-07,-3.9318125504984664e-08,2.2829029484095598e-07,4.0192841575092894e-08
1695.0,-2.552761524388103e-08,-1.5305782254851185e-08,-2.266168749875952e-07,-3.903438372982808e-08,2.2805014178724594e-07,3.988512699980595e-08
1696.0,-2.5251420732175234e-08,-1.5081691383742824e-08,-2.2635832079218043e-07,-3.874728838548451e-08,2.2776242807111314e-07,3.957401492702616e-08
1697.0,-2.5057962066421524e-08,-1.4855746890874482e-08,-2.2600150239096561e-07,-3.845682334839047e-08,2.2738641240385462e-07,3.925950257882775e-08
1698.0,-2.4968988654450186e-08,-1.4628019811701196e-08,-2.2557119351215849e-07,-3.81629722224648e-08,2.2694892318961488e-07,3.8941586805632365e-08
1699.0,-2.493507525458405e-08,-1.439858146448408e-08,-2.2512663301957336e-07,-3.786571841012229e-08,2.265033308202805e-07,3.8620264137787964e-08
1700.0,-2.4856703056963525e-08,-1.4167503395018755e-08,-2.247188261826627e-07,-3.7565045179551096e-08,2.2608937729972152e-07,3.8295530834279685e-08
1701.0,-2.4716743179942213e-08,-1.3934857328051408e-08,-2.2435227010897396e-07,-3.726093572815221e-08,2.257096774541872e-07,3.7967382928507936e-08
1702.0,-2.4440809681669506e-08,-1.370071512538929e-08,-2.2405900061348016e-07,-3.6953373242081933e-08,2.2538808516380606e-07,3.763581627110242e-08
1703.0,-2.4126519920786293e-08,-1.3465148750652112e-08,-2.2379201974551122e-07,-3.664234095187018e-08,2.2508877596464772e-07,3.730082656976585e-08
1704.0,-2.3959014328056583e-08,-1.32282302405633e-08,-2.2346325525418598e-07,-3.632782218411015e-08,2.247439894999853e-07,3.696240942615872e-08
1705.0,-2.387356207167457e-08,-1.2990031682640696e-08,-2.230869194236318e-07,-3.600980040923287e-08,2.243606930456315e-07,3.6620560369849604e-08
1706.0,-2.3673003252122626e-08,-1.2750625199110846e-08,-2.227574414717659e-07,-3.5688259285396325e-08,2.2401180507737137e-07,3.627527488936778e-08
1707.0,-2.3288187572800823e-08,-1.2510082936838572e-08,-2.2249484109629347e-07,-3.5363182698534634e-08,2.2371029031962484e-07,3.592654846040662e-08
1708.0,-2.2830310142385457e-08,-1.2268477063035566e-08,-2.222526932875446e-07,-3.503455479862879e-08,2.2342220734467037e-07,3.5574376571239356e-08
1709.0,-2.2406591082546612e-08,-1.2025879766488645e-08,-2.219900539501829e-07,-3.4702360032275526e-08,2.2311799429168766e-07,3.5218754745420546e-08
1710.0,-2.2062454835269918e-08,-1.1782363264025016e-08,-2.21701967534349e-07,-3.4366583171648086e-08,2.2279702493965188e-07,3.4859678561861265e-08
1711.0,-2.1765205582280345e-08,-1.153799981190151e-08,-2.2139138885005072e-07,-3.4027209339963425e-08,2.2245869556165542e-07,3.4497143672382936e-08
1712.0,-2.1545798589706067e-08,-1.129286172176141e-08,-2.2103514578722394e-07,-3.3684224033597824e-08,2.220827708536786e-07,3.4131145816877085e-08
1713.0,-2.1356699797525636e-08,-1.104702138074676e-08,-2.2064165297250304e-07,-3.333761314102594e-08,2.2167283923088117e-07,3.376168083622532e-08
1714.0,-2.1088851526185337e-08,-1.0800551275288864e-08,-2.202707645483637e-07,-3.29873629587964e-08,2.21277991163636e-07,3.338874468316429e-08
1715.0,-2.0826496249792825e-08,-1.0553524018031085e-08,-2.1993470196782217e-07,-3.263346020479726e-08,2.2091857340594383e-07,3.3012333431313076e-08
1716.0,-2.065121984529128e-08,-1.0306012377270301e-08,-2.195936201349058e-07,-3.227589202910421e-08,2.2056253282244439e-07,3.263244328261259e-08
1717.0,-2.051811609504739e-08,-1.0058089308238583e-08,-2.1919915530604905e-07,-3.191464602274288e-08,2.2015735912064183e-07,3.224907057345795e-08
1718.0,-2.045745295387036e-08,-9.809827985486193e-09,-2.1871120514660447e-07,-3.1549710224733393e-08,2.1966587954900945e-07,3.186221177983429e-08
1719.0,-2.0388250004943487e-08,-9.561301835572542e-09,-2.1816775935476485e-07,-3.118107312782028e-08,2.1911835149102108e-07,3.147186352179597e-08
1720.0,-2.031019599724182e-08,-9.312584569227265e-09,-2.176318164778812e-07,-3.0808723683323696e-08,2.1857747277546364e-07,3.107802256765641e-08
1721.0,-2.0219338980886903e-08,-9.063750212113773e-09,-2.1713740401899106e-07,-3.0432651305573684e-08,2.1807676146928305e-07,3.068068583827782e-08
1722.0,-2.0113265192245322e-08,-8.81487313331631e-09,-2.1666953740201444e-07,-3.0052845876404355e-08,2.1760108426820057e-07,3.027985041186337e-08
1723.0,-1.995361920137384e-08,-8.566028070680528e-09,-2.1621628577828123e-07,-2.9669297750185438e-08,2.1713504819579175e-07,2.987551352965485e-08
1724.0,-1.9720809485423985e-08,-8.317290152166838e-09,-2.1578932354188174e-07,-2.9281997759854695e-08,2.1668858410498533e-07,2.94676726029266e-08
1725.0,-1.9491552455397354e-08,-8.068734912423463e-09,-2.1540016485049884e-07,-2.8890937224387267e-08,2.1628026177796156e-07,2.905632522164285e-08
1726.0,-1.9322817318423446e-08,-7.820438303849456e-09,-2.150011725772505e-07,-2.8496107958100434e-08,2.1586772681138284e-07,2.8641469165112975e-08
1727.0,-1.9175016380268417e-08,-7.572476701492991e-09,-2.1456195209088036e-07,-2.8097502282147417e-08,2.15417066497139e-07,2.822310241494016e-08
1728.0,-1.8917841848598016e-08,-7.324926901214314e-09,-2.1411696880108133e-07,-2.769511303850401e-08,2.1495106668442425e-07,2.7801223170516272e-08
1729.0,-1.857067699617687e-08,-7.077866110634314e-09,-2.1374415709596306e-07,-2.7288933606699676e-08,2.1454937598781327e-07,2.7375829867270554e-08
1730.0,-1.8142847751922986e-08,-6.83137193248841e-09,-2.1344564746575423e-07,-2.6878957923490087e-08,2.1421532939223676e-07,2.694692119783342e-08
1731.0,-1.77848730742447e-08,-6.585522340108774e-09,-2.1312854417421256e-07,-2.646518050561231e-08,2.138693013316457e-07,2.6514496136228952e-08
1732.0,-1.7399398755113538e-08,-6.3403956448608365e-09,-2.1272946097716794e-07,-2.604759647570852e-08,2.1343983378150355e-07,2.6078553965162493e-08
1733.0,-1.7075380442932442e-08,-6.09607045545666e-09,-2.122847677192563e-07,-2.5626201591452477e-08,2.1297039987493445e-07,2.5639094306425745e-08
1734.0,-1.6826258192326193e-08,-5.852625629153272e-09,-2.1188495661142448e-07,-2.5200992277867847e-08,2.1255201199466465e-07,2.5196117154402943e-08
1735.0,-1.6542382158535318e-08,-5.610140214917756e-09,-2.115477619919759e-07,-2.4771965662788965e-08,2.1219355789300652e-07,2.4749622912628554e-08
1736.0,-1.6033928629255456e-08,-5.368693388703816e-09,-2.1120421362513797e-07,-2.4339119615380952e-08,2.1181196075835985e-07,2.4299612433317887e-08
1737.0,-1.562729529114293e-08,-5.128364381038557e-09,-2.1077853806783509e-07,-2.3902452787607352e-08,2.1135705445555959e-07,2.3846087059766564e-08
1738.0,-1.552050271635963e-08,-4.889232397164183e-09,-2.1029649021134245e-07,-2.3461964658508897e-08,2.108684419247645e-07,2.3389048671493357e-08
1739.0,-1.5566394451216325e-08,-4.6513765300146644e-09,-2.0983867441218274e-07,-2.3017655581139366e-08,2.1041526065205654e-07,2.292849973198534e-08
1740.0,-1.5329192998292385e-08,-4.414875666332727e-09,-2.094097073593315e-07,-2.2569526831992472e-08,2.099700209417996e-07,2.2464443338893247e-08
1741.0,-1.4794117458860612e-08,-4.179808386252149e-09,-2.0896949563808942e-07,-2.211758066274535e-08,2.0949252019731883e-07,2.1996883276517576e-08
1742.0,-1.4542186788091271e-08,-3.946252856692298e-09,-2.0845640661196208e-07,-2.1661820354137654e-08,2.0896303178828404e-07,2.152582407042028e-08
1743.0,-1.4555910893276902e-08,-3.7142867189384984e-09,-2.079019354103706e-07,-2.1202250271799413e-08,2.0841086653365973e-07,2.105127104399211e-08
1744.0,-1.4557249183866361e-08,-3.4839869708093644e-09,-2.0731521855471557e-07,-2.0738875923835275e-08,2.0782568019422108e-07,2.057323037680169e-08
1745.0,-1.430379645284141e-08,-3.255429843837621e-09,-2.067434002189783e-07,-2.0271704019966406e-08,2.0723762237361477e-07,2.00917091645468e-08
1746.0,-1.4084059030139429e-08,-3.0286906759178036e-09,-2.0624019109183322e-07,-1.9800742532021113e-08,2.0672052907333693e-07,1.9606715480419647e-08
1747.0,-1.3890286976181443e-08,-2.8038437799089506e-09,-2.0581924472379276e-07,-1.9326000755548277e-08,2.0628742465538992e-07,1.9118258437682583e-08
1748.0,-1.3679983618120062e-08,-2.580962308725291e-09,-2.0534634113250627e-07,-1.884748937230369e-08,2.058015106074289e-07,1.8626348253229035e-08
1749.0,-1.3364121614900526e-08,-2.360118117500052e-09,-2.0482865892984536e-07,-1.8365220513329412e-08,2.0526416946349106e-07,1.8130996311877304e-08
1750.0,-1.315644287958051e-08,-2.141381623462386e-09,-2.0434574985253584e-07,-1.7879207822313995e-08,2.047688391138623e-07,1.763221523111584e-08
1751.0,-1.2857243464337031e-08,-1.9248216642221506e-09,-2.0394930596787098e-07,-1.738946651889011e-08,2.0435417322452088e-07,1.7130018925989995e-08
1752.0,-1.245363381863207e-08,-1.7105053552098464e-09,-2.035677699151195e-07,-1.6896013461496447e-08,2.0394835116642548e-07,1.6624422673793636e-08
1753.0,-1.1949104372632746e-08,-1.4984979470665697e-09,-2.0315860059516577e-07,-1.6398867209404548e-08,2.035097002383281e-07,1.611544317820498e-08
1754.0,-1.1636352575949971e-08,-1.2888626838187326e-09,-2.0275943773961913e-07,-1.5898048083490155e-08,2.030930680593464e-07,1.560309863248675e-08
1755.0,-1.120504009022305e-08,-1.0816606626988995e-09,-2.0235824804010205e-07,-1.5393578225315823e-08,2.026682349883251e-07,1.5087408781359074e-08
1756.0,-1.0759737156806892e-08,-8.769506964832956e-10,-2.0190537432240863e-07,-1.4885481654090087e-08,2.021918695792576e-07,1.4568394981151736e-08
1757.0,-1.0319856774687608e-08,-6.747891792045637e-10,-2.0143679488673905e-07,-1.4373784321078583e-08,2.017009711877765e-07,1.4046080257851276e-08
1758.0,-1.0128954092136766e-08,-4.752299560637226e-10,-2.009944946555764e-07,-1.3858514161064998e-08,2.0124955302522075e-07,1.3520489362677735e-08
1759.0,-9.838233283598896e-09,-2.7832419830859765e-10,-2.0054308834394075e-07,-1.3339701140492484e-08,2.007842651122546e-07,1.2991648824855112e-08
1760.0,-9.534576073111367e-09,-8.412028376756607e-11,-2.0006247358067553e-07,-1.2817377301958887e-08,2.002895441008153e-07,1.2459587001276731e-08
1761.0,-9.29432206198122e-09,1.0733631636821214e-10,-1.9956638118434622e-07,-1.2291576804790215e-08,1.9978269424954606e-07,1.1924334122811878e-08
1762.0,-9.167038322877019e-09,2.9600314403007207e-10,-1.9904591652339376e-07,-1.176233596147584e-08,1.992568981898768e-07,1.1385922337052312e-08
1763.0,-9.036055209632465e-09,4.818408536588369e-10,-1.9841488964680853e-07,-1.1229693269815298e-08,1.9862053954036762e-07,1.084438574735656e-08
1764.0,-9.15376716092986e-09,6.648133042524889e-10,-1.9768442592604796e-07,-1.0693689440698093e-08,1.9789624480254206e-07,1.0299760448114247e-08
1765.0,-9.390862920621856e-09,8.448876439597618e-10,-1.9696087134521423e-07,-1.0154367421512547e-08,1.9718461691384533e-07,9.752084556219564e-09
1766.0,-9.472094691931332e-09,1.0220343872251734e-09,-1.9624275418225756e-07,-9.611772415250921e-09,1.9647121709525516e-07,9.201398238807664e-09
1767.0,-9.407851803144851e-09,1.1962274845960203e-09,-1.9546660613364852e-07,-9.065951895441751e-09,1.9569287618346464e-07,8.64774373736466e-09
1768.0,-9.580277793297398e-09,1.3674443853817856e-09,-1.9472161399275434e-07,-8.516955617088825e-09,1.9495714574885417e-07,8.091165388366068e-09
1769.0,-9.665290956473171e-09,1.535666093407014e-09,-1.9404272425319058e-07,-7.964835623828022e-09,1.942832897726231e-07,7.531709640626325e-09
1770.0,-9.561835601079594e-09,1.7008772161196974e-09,-1.933789166609634e-07,-7.409646251525055e-09,1.9361517014177866e-07,6.969425069551782e-09
1771.0,-9.436402992335502e-09,1.8630660073104165e-09,-1.926885689167157e-07,-6.851444128529642e-09,1.9291949173840795e-07,6.40436238848173e-09
1772.0,-9.51955886341338e-09,2.022224403665777e-09,-1.9208402793347013e-07,-6.290288172776677e-09,1.9231977482333979e-07,5.836574457276978e-09
1773.0,-9.348626928140646e-09,2.1783480553260413e-09,-1.9154711011076797e-07,-5.726239585884614e-09,1.91775108440142e-07,5.266116288277168e-09
1774.0,-8.879622398483278e-09,2.3314363505467685e-09,-1.9104674442785297e-07,-5.159361844349232e-09,1.912529901738036e-07,4.693045049698089e-09
1775.0,-8.51239573274043e-09,2.481492434481918e-09,-1.9064367507565239e-07,-4.589720687870977e-09,1.9083362315761262e-07,4.117420066483227e-09
1776.0,-8.15994918856866e-09,2.6285232220182287e-09,-1.9032306206381855e-07,-4.017384104790994e-09,1.9049790740086398e-07,3.5393028185638057e-09
1777.0,-7.610442748218205e-09,2.772539404506938e-09,-1.8996770171156308e-07,-3.442422314551615e-09,1.9012008450554957e-07,2.958756936425213e-09
1778.0,-7.046910471819601e-09,2.9135554501703366e-09,-1.8953216446640497e-07,-2.8649077470477517e-09,1.8966312323305822e-07,2.375848193830575e-09
1779.0,-6.841876204477515e-09,3.0515895979155285e-09,-1.8910767572710707e-07,-2.2849150187038602e-09,1.892314040768764e-07,1.790644497521585e-09
1780.0,-6.509198652304704e-09,3.1866638442716488e-09,-1.8866215191135072e-07,-1.702520905099714e-09,1.8877440830503678e-07,1.2032158737049162e-09
1781.0,-5.965586996614647e-09,3.318803923181903e-09,-1.8814680304707343e-07,-1.117804309978332e-09,1.8824135498090853e-07,6.136344511416828e-10
1782.0,-5.727950752598687e-09,3.4480392784268804e-09,-1.875587560921932e-07,-5.308462304995824e-10,1.8764620008589305e-07,2.1974440684656986e-11
1783.0,-5.789998619443182e-09,3.5744030285271925e-09,-1.8696301576706653e-07,5.827028135046009e-11,1.8705264860121474e-07,-5.716878888488359e-10
1784.0,-5.6761319255915765e-09,3.697931924068386e-09,-1.863726758373485e-07,6.494601612242602e-10,1.8645909141795716e-07,-1.167274238524724e-09
1785.0,-5.338642972141372e-09,3.818666297504598e-09,-1.857563212449842e-07,1.2426363787132678e-09,1.8583302179982374e-07,-1.764704310853261e-09
1786.0,-5.43230499472358e-09,3.936650005621378e-09,-1.8508700908720366e-07,1.8377099873720356e-09,1.8516671102118304e-07,-2.36389584498776e-09
1787.0,-5.758368032404704e-09,4.051930364964825e-09,-1.843269968118677e-07,2.4345901782793026e-09,1.8441692047119459e-07,-2.9647646554154347e-09
1788.0,-5.945816922148239e-09,4.164558080668394e-09,-1.835643245046148e-07,3.033184336875595e-09,1.8366059449350376e-07,-3.567224673925899e-09
1789.0,-6.003369884544085e-09,4.2745871692243914e-09,-1.8284379248861837e-07,3.6333981027470897e-09,1.8294232124249322e-07,-4.171187994577396e-09
1790.0,-6.129177110292261e-09,4.382074875844473e-09,-1.820578457607802e-07,4.2351354319645565e-09,1.821609892790039e-07,-4.776564921323795e-09
1791.0,-6.4259914889230885e-09,4.487081587123505e-09,-1.811960027263415e-07,4.838298661537085e-09,1.8130991360270423e-07,-5.383264017918791e-09
1792.0,-6.648411737808502e-09,4.5896707397598235e-09,-1.8036958001135805e-07,5.442788575506745e-09,1.8049206844653624e-07,-5.9911921596820115e-09
1793.0,-6.827749116089521e-09,4.6899087260923205e-09,-1.7958175616006322e-07,6.048504472193433e-09,1.797115057627771e-07,-6.600254586695268e-09
1794.0,-6.837085425592804e-09,4.787864797189896e-09,-1.7880322188482123e-07,6.655344232102757e-09,1.7893389252321502e-07,-7.210354958000156e-09
1795.0,-6.902148380616424e-09,4.8836109641699564e-09,-1.7809464208234926e-07,7.263204386034213e-09,1.7822834003240938e-07,-7.821395406390663e-09
1796.0,-6.76522352027753e-09,4.9772218983312335e-09,-1.7751325399884e-07,7.871980182972834e-09,1.7764212224170256e-07,-8.433276593437356e-09
1797.0,-6.4714856806702414e-09,5.068774830567396e-09,-1.7693488310252525e-07,8.481565657412131e-09,1.770531925310001e-07,-9.04589776444e-09
1798.0,-6.216508169343271e-09,5.158349450389987e-09,-1.7636950681507169e-07,9.09185369583466e-09,1.7647902965511548e-07,-9.65915680307925e-09
1799.0,-6.012591258208744e-09,5.2460278047422794e-09,-1.7590060989378098e-07,9.702736102163227e-09,1.7600334035080813e-07,-1.0272950285619155e-08
1800.0,-5.672189329342103e-09,5.331894196639638e-09,-1.754368788575711e-07,1.0314103662083596e-08,1.7552855093993676e-07,-1.0887173534594924e-08
1801.0,-5.409794806565671e-09,5.416035083536119e-09,-1.7489495899788987e-07,1.0925846206223381e-08,1.7497860601434315e-07,-1.1501720671999316e-08
1802.0,-5.1342509965746075e-09,5.4985389751962155e-09,-1.7442861193622816e-07,1.1537852672247334e-08,1.74504158103167e-07,-1.2116484672051603e-08
1803.0,-4.738625353217785e-09,5.5794963307482225e-09,-1.7400849866219814e-07,1.2150011165992115e-08,1.7407300818021836e-07,-1.273135741369251e-08
1804.0,-4.2597454452675265e-09,5.658999454513887e-09,-1.7351937941709195e-07,1.2762209021813268e-08,1.7357165801060723e-07,-1.3346229732994448e-08
1805.0,-4.047746082758152e-09,5.737142390149864e-09,-1.7302210111869165e-07,1.3374332862350858e-08,1.7306944191242208e-07,-1.3960991475707572e-08
1806.0,-3.900400558087824e-09,5.814020812603851e-09,-1.7249781765829586e-07,1.3986268657938185e-08,1.7254190859437082e-07,-1.4575531550178039e-08
1807.0,-3.60986823766396e-09,5.889731917383713e-09,-1.718404043574151e-07,1.4597901785878572e-08,1.7187831660338432e-07,-1.5189737980874246e-08
1808.0,-3.4990583208660553e-09,5.9643743066606765e-09,-1.7116249318230303e-07,1.520911708980054e-08,1.7119825490207182e-07,-1.580349796274129e-08
1809.0,-3.674219012372859e-09,6.038047871772634e-09,-1.7049950072969833e-07,1.5819798939274727e-08,1.7053908535707373e-07,-1.6416697916576698e-08
1810.0,-3.7159661181451753e-09,6.110853671754774e-09,-1.6980615282630174e-07,1.6429831289841226e-08,1.6984680727602902e-07,-1.7029223545585967e-08
1811.0,-3.5296002509621616e-09,6.182893807594802e-09,-1.6912872726274064e-07,1.703909774355967e-08,1.6916555341867358e-07,-1.7640959893240016e-08
1812.0,-3.472328674591907e-09,6.254271291981221e-09,-1.6848539447292255e-07,1.764748161015981e-08,1.6852117142104344e-07,-1.825179140252224e-08
1813.0,-3.606752591034379e-09,6.3250899143796524e-09,-1.6775267285343287e-07,1.8254865968839832e-08,1.6779144171775807e-07,-1.8861601976621973e-08
1814.0,-3.692504912944372e-09,6.395454101332376e-09,-1.6697719934510857e-07,1.8861133730734803e-08,1.6701802206249554e-07,-1.9470275041105966e-08
1815.0,-3.682590010711806e-09,6.465468771931211e-09,-1.6634096502987639e-07,1.946616770205793e-08,1.6638172410531618e-07,-2.0077693607579007e-08
1816.0,-3.611534876712952e-09,6.5352391884619575e-09,-1.6572876705353567e-07,2.0069850647905228e-08,1.6576811337905372e-07,-2.0683740338831832e-08
1817.0,-3.5651375740464175e-09,6.604870802256304e-09,-1.6505923697632263e-07,2.0672065356709978e-08,1.650977344397182e-07,-2.1288297615468808e-08
1818.0,-3.6370619849179775e-09,6.674469094814053e-09,-1.644789466431762e-07,2.127269470533674e-08,1.6451915423053613e-07,-2.18912476040098e-08
1819.0,-3.5094065431451327e-09,6.7441394142762395e-09,-1.640224892227038e-07,2.18716217248142e-08,1.640600283588207e-07,-2.2492472326468152e-08
1820.0,-3.149828453619108e-09,6.8139868073412624e-09,-1.6349124227349465e-07,2.246872966671742e-08,1.63521581815422e-07,-2.3091853731415758e-08
1821.0,-2.9397872192138408e-09,6.884115846723276e-09,-1.6283676325390406e-07,2.3063902070221178e-08,1.6286329794002775e-07,-2.368927376655519e-08
1822.0,-2.9967601455904713e-09,6.954630454259046e-09,-1.6221240290228978e-07,2.365702282985214e-08,1.6224008205959767e-07,-2.4284614452822326e-08
1823.0,-2.983795294175806e-09,7.025633719781324e-09,-1.6151942100819938e-07,2.4247976263967953e-08,1.615469789169129e-07,-2.487775796004094e-08
1824.0,-2.806420790202324e-09,7.0972277158976475e-09,-1.6082228337585547e-07,2.4836647183986752e-08,1.608467681611155e-07,-2.5468586684143848e-08
1825.0,-2.781345598279472e-09,7.169513308840977e-09,-1.6029128239308799e-07,2.5422920964384498e-08,1.6031541128212767e-07,-2.6056983325966962e-08
1826.0,-2.5003281112212505e-09,7.242589965588184e-09,-1.5991273195556377e-07,2.6006683613474826e-08,1.5993227779956036e-07,-2.6642830971617562e-08
1827.0,-2.097430368275255e-09,7.316555557471631e-09,-1.5953422255118865e-07,2.6587821844985724e-08,1.5954800963710565e-07,-2.722601317441567e-08
1828.0,-1.7752952163885283e-09,7.391506160540617e-09,-1.5909596716087715e-07,2.7166223150447763e-08,1.5910587179598442e-07,-2.78064140384053e-08
1829.0,-1.7741750568678327e-09,7.467535852969303e-09,-1.5856273446676616e-07,2.7741775872401133e-08,1.5857265987146273e-07,-2.8383918303422873e-08
1830.0,-1.8369081256075503e-09,7.54473650986225e-09,-1.5787283608528768e-07,2.8314369278408113e-08,1.5788352227219293e-07,-2.8958411431687287e-08
1831.0,-1.8724422568006105e-09,7.623197595880071e-09,-1.57112053977837e-07,2.888389363582078e-08,1.5712321135064617e-07,-2.952977969583773e-08
1832.0,-1.9232482550979313e-09,7.703005956190678e-09,-1.5648993692551905e-07,2.945024028720546e-08,1.5650175475950315e-07,-3.009791026829525e-08
1833.0,-1.7477392033615757e-09,7.784245606335807e-09,-1.5597661549848763e-07,3.0013301726273226e-08,1.5598640701896438e-07,-3.0662691311770135e-08
1834.0,-1.5120865948237139e-09,7.866997521679103e-09,-1.553357834721547e-07,3.057297167411678e-08,1.5534314285728345e-07,-3.122401207068668e-08
1835.0,-1.6481156162040378e-09,7.95133942716842e-09,-1.545876281081049e-07,3.112914515551248e-08,1.5459641344214334e-07,-3.1781762963253176e-08
1836.0,-1.9962135833218042e-09,8.037345588203748e-09,-1.5390051490149492e-07,3.168171857501084e-08,1.539134606056777e-07,-3.233583567386791e-08
1837.0,-2.0529085931197955e-09,8.125086603455685e-09,-1.5333638100217817e-07,3.223058979250964e-08,1.533501228318284e-07,-3.2886123245520385e-08
1838.0,-1.7936171436971904e-09,8.214629200524064e-09,-1.5269778203333417e-07,3.277565819798188e-08,1.527083157537853e-07,-3.343252017182337e-08
1839.0,-1.8291910486301077e-09,8.306036035354814e-09,-1.5205151899719271e-07,3.331682478501901e-08,1.520625212511158e-07,-3.3974922488296984e-08
1840.0,-1.8872419738080737e-09,8.399365496341048e-09,-1.515317021930085e-07,3.385399222284768e-08,1.5154345400504212e-07,-3.4513227862521926e-08
1841.0,-1.7875629310104557e-09,8.494671514025046e-09,-1.5106054094410348e-07,3.438706492648503e-08,1.5107111706596165e-07,-3.5047335682782804e-08
1842.0,-1.5178497070333918e-09,8.59200337729669e-09,-1.5052385694477866e-07,3.4915949124709905e-08,1.5053150958276254e-07,-3.5577147144832766e-08
1843.0,-1.476836958280714e-09,8.691405556953845e-09,-1.4992661635793159e-07,3.544055292554456e-08,1.4993388989798052e-07,-3.610256533642509e-08
1844.0,-1.4547521243191142e-09,8.792917537453077e-09,-1.4938128017547014e-07,3.5960786378958866e-08,1.4938836357161664e-07,-3.66234953192725e-08
1845.0,-1.3967972056772027e-09,8.89657365763766e-09,-1.4882613073169404e-07,3.647656153652626e-08,1.488326853584288e-07,-3.713984420811007e-08
1846.0,-1.2657990211550896e-09,9.002402961186245e-09,-1.4824761174897505e-07,3.6987792507778226e-08,1.4825301560655285e-07,-3.765152124655263e-08
1847.0,-1.115330938716852e-09,9.110429057478664e-09,-1.4768930977487882e-07,3.749439551302261e-08,1.476935211337416e-07,-3.815843787945452e-08
1848.0,-9.747384843716844e-10,9.220669993523691e-09,-1.4723546394937448e-07,3.7996288932413204e-08,1.472386904298611e-07,-3.8660507821499585e-08
1849.0,-5.749819509404119e-10,9.333138137537384e-09,-1.4686845779821045e-07,3.8493393351083016e-08,1.4686958330528697e-07,-3.915764712177262e-08
1850.0,-1.9818799379400787e-10,9.447840074703151e-09,-1.464922375037092e-07,3.89856316001809e-08,1.4649237156700013e-07,-3.964977422408948e-08
1851.0,1.23636850757336e-10,9.564776515590945e-09,-1.4610219045002593e-07,3.947292879367755e-08,1.4610224276295868e-07,-4.013681002288801e-08
1852.0,3.0379981863504213e-10,9.683942217669384e-09,-1.4568935483710854e-07,3.995521236082812e-08,1.456896715871881e-07,-4.061867791450242e-08
1853.0,3.0243899051818346e-10,9.80532592031701e-09,-1.4518069511165743e-07,4.043241207419002e-08,1.45181010130275e-07,-4.109530384365422e-08
1854.0,2.9059862849400986e-10,9.928910293728919e-09,-1.4463257581517897e-07,4.090446007309491e-08,1.4463286775313685e-07,-4.156661634499313e-08
1855.0,3.7966912946885145e-10,1.0054671902117871e-08,-1.4413212623062832e-07,4.1371290882464534e-08,1.441326262870751e-07,-4.203254657951192e-08
1856.0,4.627295491221872e-10,1.0182581181615816e-08,-1.4369657120108514e-07,4.1832841426845333e-08,1.4369731623653993e-07,-4.2493028365644156e-08
1857.0,5.528886237726738e-10,1.03126024332839e-08,-1.4319742676349723e-07,4.228905103951961e-08,1.431984941174922e-07,-4.294799820483783e-08
1858.0,5.955111681554826e-10,1.0444693831632507e-08,-1.425828444930055e-07,4.273986146653568e-08,1.4258408809284432e-07,-4.3397395301382235e-08
1859.0,7.422726044925554e-10,1.0578807449036896e-08,-1.4201395765606195e-07,4.31852168654855e-08,1.420158974824901e-07,-4.384116157625293e-08
1860.0,7.582263705785408e-10,1.0714889296410026e-08,-1.4145462881587356e-07,4.362506379884751e-08,1.4145666092717447e-07,-4.4279241674730064e-08
1861.0,6.51441456334112e-10,1.0852879380462516e-08,-1.4089923261809134e-07,4.4059351221707294e-08,1.40900738565623e-07,-4.471158296754135e-08
1862.0,6.029325649858919e-10,1.0992711777839675e-08,-1.4032612271827616e-07,4.4488030463672516e-08,1.4032741800810925e-07,-4.513813554528665e-08
1863.0,7.345770380862149e-10,1.1134314726375244e-08,-1.3985801741722703e-07,4.4911055204813366e-08,1.398599465154419e-07,-4.555885220591809e-08
1864.0,1.0351541290809507e-09,1.1277610733636913e-08,-1.3950294394660112e-07,4.5328381445486384e-08,1.3950678447243878e-07,-4.597368843507854e-08
1865.0,1.24346533070252e-09,1.1422516702858664e-08,-1.39140009989408e-07,4.5739967469936285e-08,1.3914556617399355e-07,-4.638260237914081e-08
1866.0,1.365494495253472e-09,1.1568944076262727e-08,-1.3873178029630284e-07,4.6145773803614864e-08,1.3873850020595656e-07,-4.678555481083758e-08
1867.0,1.5030425515316637e-09,1.1716798995676652e-08,-1.3826156193552652e-07,4.6545763164203444e-08,1.3826973148799832e-07,-4.718250908742269e-08
1868.0,1.7073107094756068e-09,1.1865982480255104e-08,-1.378502676209481e-07,4.6939900406371246e-08,1.3786083995473733e-07,-4.757343110135462e-08
1869.0,1.872585114748304e-09,1.2016390621023264e-08,-1.373734577342356e-07,4.7328152460345844e-08,1.3738622006908767e-07,-4.795828922353981e-08
1870.0,1.9105107773587093e-09,1.216791479186813e-08,-1.3686437045148936e-07,4.771048826441365e-08,1.3687770435871912e-07,-4.8337054239220754e-08
1871.0,2.0311151927021598e-09,1.2320441876514403e-08,-1.36468520088584e-07,4.808687869151179e-08,1.3648363419873565e-07,-4.870969927664074e-08
1872.0,2.4149887367652667e-09,1.2473854510932252e-08,-1.3628922297323487e-07,4.8457296470119145e-08,1.3631061759542736e-07,-4.907619972866889e-08
1873.0,2.8498080006933435e-09,1.2628031340534177e-08,-1.3615953458126495e-07,4.882171609970453e-08,1.3618935444089416e-07,-4.9436533167624294e-08
1874.0,3.0943475282096955e-09,1.2782847291428882e-08,-1.3585756636000368e-07,4.918011376104136e-08,1.3589280085379116e-07,-4.9790679253594676e-08
1875.0,3.2738163291412548e-09,1.2938173854916897e-08,-1.354607855642842e-07,4.953246722174418e-08,1.355003405864721e-07,-5.013861963659661e-08
1876.0,3.5098517148224317e-09,1.3093879384342304e-08,-1.3506782566355402e-07,4.987875573741663e-08,1.3511342120063523e-07,-5.04803378529638e-08
1877.0,3.798581282854485e-09,1.324982940336068e-08,-1.3478555642085221e-07,5.021895994882071e-08,1.3483907237681958e-07,-5.0815819216375554e-08
1878.0,4.084663635106622e-09,1.3405886924643459e-08,-1.3458176745251293e-07,5.0553061775486714e-08,1.3464373957839343e-07,-5.1145050703952296e-08
1879.0,4.336045050790105e-09,1.3561912778010591e-08,-1.3436486158077687e-07,5.088104430618651e-08,1.3443480692999046e-07,-5.1468020837853196e-08
1880.0,4.460217861712579e-09,1.3717765946965926e-08,-1.3399375503944655e-07,5.120289168669088e-08,1.3406796758713525e-07,-5.178471956281418e-08
1881.0,4.522519803096259e-09,1.387330391260352e-08,-1.3347948417050115e-07,5.151858900522251e-08,1.3355607765950774e-07,-5.20951381200596e-08
1882.0,4.569404965515389e-09,1.4028383003857265e-08,-1.329870481132922e-07,5.1828122175998264e-08,1.3306552681902992e-07,-5.23992689180079e-08
1883.0,4.651519891485378e-09,1.4182858753076894e-08,-1.3256185380991492e-07,5.213147782123136e-08,1.32643438295387e-07,-5.2697105400172446e-08
1884.0,4.7334165476087264e-09,1.4336586255924391e-08,-1.3217553038874508e-07,5.2428643151942326e-08,1.3226025882992688e-07,-5.298864191064135e-08
1885.0,4.781837120715338e-09,1.4489420534591585e-08,-1.318149182583106e-07,5.271960584791429e-08,1.3190162486373757e-07,-5.3273873557511336e-08
1886.0,4.85458917509618e-09,1.4641216903339027e-08,-1.3151182908302528e-07,5.300435393712622e-08,1.316013990230416e-07,-5.355279607465333e-08
1887.0,5.043259920789467e-09,1.4791831335347795e-08,-1.313239104995534e-07,5.328287567500609e-08,1.3142071351017444e-07,-5.3825405682200806e-08
1888.0,5.39976022229105e-09,1.4941120829859807e-08,-1.3120142428046933e-07,5.355515942386125e-08,1.313124942405785e-07,-5.409169894617213e-08
1889.0,5.765419947012518e-09,1.50889437785607e-08,-1.3102946013962558e-07,5.3821193532860593e-08,1.3115624076515436e-07,-5.435167263766139e-08
1890.0,5.954855497591893e-09,1.523516033013687e-08,-1.3074106761448712e-07,5.408096621895773e-08,1.3087661007595318e-07,-5.460532359205141e-08
1891.0,5.936539926310047e-09,1.537963275192218e-08,-1.303057943526087e-07,5.433446544915e-08,1.3044095425962287e-07,-5.485264856871392e-08
1892.0,5.73346453647261e-09,1.552222578754488e-08,-1.2975220681568644e-07,5.4581678824464934e-08,1.2987881963250073e-07,-5.5093644111662444e-08
1893.0,5.6109400459192216e-09,1.566280700949082e-08,-1.2926298305349082e-07,5.48225934660553e-08,1.2938470325384664e-07,-5.532830641161764e-08
1894.0,5.749993703396683e-09,1.580124716550542e-08,-1.289614524856153e-07,5.505719590377691e-08,1.2908957608881018e-07,-5.5556631169941025e-08
1895.0,6.094769355868834e-09,1.593742051775336e-08,-1.2883956007625486e-07,5.528547196762692e-08,1.2898363638130272e-07,-5.5778613464901125e-08
1896.0,6.558401766110222e-09,1.6071205173634648e-08,-1.2883933419097215e-07,5.550740668244073e-08,1.29006149731316e-07,-5.599424762076091e-08
1897.0,6.976882210851798e-09,1.6202483407123537e-08,-1.288556979971156e-07,5.572298416627834e-08,1.2904444114996958e-07,-5.620352708021322e-08
1898.0,7.24644319549661e-09,1.633114196946447e-08,-1.287752849354895e-07,5.5932187532966786e-08,1.2897900972329595e-07,-5.640644428073187e-08
1899.0,7.353582381908197e-09,1.6457072388042022e-08,-1.285472406853394e-07,5.61349987992924e-08,1.287574008034571e-07,-5.6602990535436814e-08
1900.0,7.4581220088632e-09,1.6580171252246943e-08,-1.2830171085623232e-07,5.633139879734638e-08,1.2851829672282205e-07,-5.679315591908453e-08
1901.0,7.713054667179975e-09,1.670034048518859e-08,-1.2816878672966547e-07,5.652136709251849e-08,1.284006585031922e-07,-5.6976929159787434e-08
1902.0,8.11840139558484e-09,1.6817487600148533e-08,-1.2811646285526557e-07,5.670488190761085e-08,1.2837342597190618e-07,-5.7154297537043706e-08
1903.0,8.465112721900425e-09,1.6931525940725293e-08,-1.2799446219569077e-07,5.688192005351213e-08,1.2827408345475945e-07,-5.732524678662659e-08
1904.0,8.622830227622558e-09,1.704237490368567e-08,-1.2777562947985377e-07,5.705245686683406e-08,1.2806625117534782e-07,-5.7489761012842476e-08
1905.0,8.650633542828245e-09,1.7149960143617743e-08,-1.2753520680849895e-07,5.7216466154866406e-08,1.278282536702231e-07,-5.764782260861919e-08
1906.0,8.65971991337311e-09,1.7254213758578026e-08,-1.2729622108839656e-07,5.7373920148153443e-08,1.2759043323213542e-07,-5.7799412183828476e-08
1907.0,8.706309839734416e-09,1.7355074456037783e-08,-1.2704083786688192e-07,5.75247894609357e-08,1.2733881700779553e-07,-5.7944508502182444e-08
1908.0,8.757119418500992e-09,1.7452487698553825e-08,-1.2677925408793866e-07,5.7669043059640386e-08,1.270813377628832e-07,-5.8083088426977695e-08
1909.0,8.773321680255464e-09,1.7546405828708813e-08,-1.265578289007252e-07,5.7806648239547035e-08,1.2686155930529341e-07,-5.821512687589759e-08
1910.0,8.799837664108523e-09,1.763678817298048e-08,-1.264427285166403e-07,5.793757060970389e-08,1.2674857292154204e-07,-5.8340596785025764e-08
1911.0,8.856964522907518e-09,1.7723601124306306e-08,-1.2639949268852813e-07,5.806177408612641e-08,1.267094217983703e-07,-5.845946908217442e-08
1912.0,8.917035138056306e-09,1.780681820321008e-08,-1.263294563264017e-07,5.8179220893272004e-08,1.266437722565842e-07,-5.857171266958721e-08
1913.0,8.950065966129017e-09,1.7886420097449308e-08,-1.2617138597098565e-07,5.8289871573750436e-08,1.2648842760757798e-07,-5.867729441603679e-08
1914.0,8.916612892484466e-09,1.7962394680228376e-08,-1.259024051299129e-07,5.839368500619386e-08,1.2621775470579066e-07,-5.877617915829585e-08
1915.0,8.75632449881536e-09,1.803473700710161e-08,-1.25521215015717e-07,5.84906184311721e-08,1.2582626370416637e-07,-5.886832971191701e-08
1916.0,8.513132254694966e-09,1.8103449291762723e-08,-1.2513156853397045e-07,5.858062748499898e-08,1.2542082308993858e-07,-5.8953706891212285e-08
1917.0,8.337551121728737e-09,1.816854086097862e-08,-1.248600064798766e-07,5.86636662412423e-08,1.2513806765673773e-07,-5.903226953828459e-08
1918.0,8.365982850921938e-09,1.8230028088971005e-08,-1.2476385484461172e-07,5.8739687259729754e-08,1.250440288248474e-07,-5.9103974560940584e-08
1919.0,8.533043938108165e-09,1.8287934311572616e-08,-1.2477890692572102e-07,5.880864164284352e-08,1.2507033402221102e-07,-5.9168776979311356e-08
1920.0,8.718576610666773e-09,1.83422897204854e-08,-1.2480991727625845e-07,5.887047909891543e-08,1.2511406407204006e-07,-5.9226629981026316e-08
1921.0,8.815025875907878e-09,1.8393131237949935e-08,-1.24783411520335e-07,5.892514801256827e-08,1.250943822553443e-07,-5.9277484984818616e-08
1922.0,8.829926401165977e-09,1.8440502372109197e-08,-1.247087686208348e-07,5.8972595521886044e-08,1.2502097652464134e-07,-5.932129171247872e-08
1923.0,8.866747086555549e-09,1.8484453053323438e-08,-1.2466924298112914e-07,5.901276760233073e-08,1.2498415639345955e-07,-5.9357998269107185e-08
1924.0,9.064400147140717e-09,1.8525039451670934e-08,-1.2475065533715246e-07,5.904560915735129e-08,1.2507953212686915e-07,-5.938755123164605e-08
1925.0,9.380974247408247e-09,1.856232377585089e-08,-1.2488816377928535e-07,5.907106411565335e-08,1.2523999413123643e-07,-5.94098957456904e-08
1926.0,9.689024083048281e-09,1.8596374053689776e-08,-1.249638402374409e-07,5.90890755351149e-08,1.2533889481948746e-07,-5.942497563059753e-08
1927.0,9.907932196906444e-09,1.8627263894443833e-08,-1.2495622859695632e-07,5.9099585713343265e-08,1.2534841915873252e-07,-5.9432733492919664e-08
1928.0,1.0071268791156385e-08,1.865507223309522e-08,-1.249303666697732e-07,5.9102536304867845e-08,1.2533565722214768e-07,-5.9433110848183015e-08
1929.0,1.0233389524660907e-08,1.867988305686329e-08,-1.249260233836258e-07,5.909786844495054e-08,1.2534445970847557e-07,-5.94260482510193e-08
1930.0,1.0430634966862584e-08,1.8701785114197874e-08,-1.2495812990245825e-07,5.9085522879973526e-08,1.253927126053646e-07,-5.941148543362781e-08
1931.0,1.0622095786283481e-08,1.8720871606586113e-08,-1.250126924513817e-07,5.9065440104334787e-08,1.2546315073692645e-07,-5.9389361452509646e-08
1932.0,1.0782692350108647e-08,1.8737239863586033e-08,-1.250955312843971e-07,5.903756050374948e-08,1.2555938197380021e-07,-5.9359614843374784e-08
1933.0,1.0901990976641684e-08,1.875099100159681e-08,-1.2522250765131804e-07,5.9001824504819624e-08,1.256961806489727e-07,-5.9322183784076915e-08
1934.0,1.1001494798490441e-08,1.8762229566986944e-08,-1.253899590616947e-07,5.89581727306947e-08,1.2587165972249148e-07,-5.927700626538004e-08
1935.0,1.110239683521641e-08,1.8771063164326827e-08,-1.2556980971342724e-07,5.8906546162600045e-08,1.2605966970824948e-07,-5.9224020269302493e-08
1936.0,1.1158457963178492e-08,1.877760207060922e-08,-1.256999195460573e-07,5.884688630695536e-08,1.2619421919407126e-07,-5.9163163954716174e-08
1937.0,1.1114200282325015e-08,1.8781958836487627e-08,-1.2571839535721607e-07,5.8779135367740446e-08,1.2620871752422223e-07,-5.9094375849799254e-08
1938.0,1.0912667103291085e-08,1.8784247875715462e-08,-1.2559184340774077e-07,5.8703236423688615e-08,1.2606505238908097e-07,-5.901759505084908e-08
1939.0,1.0620281876150273e-08,1.8784585044124156e-08,-1.2538817379878497e-07,5.861913360980171e-08,1.2583713488363914e-07,-5.893276142686058e-08
1940.0,1.0379156922812882e-08,1.8783087209630326e-08,-1.2522954486934856e-07,5.8526772302591236e-08,1.2565892648997348e-07,-5.883981582917122e-08
1941.0,1.0211757411893174e-08,1.8779871814901363e-08,-1.2516685751751133e-07,5.842609930836583e-08,1.2558273054145757e-07,-5.87387003053756e-08
1942.0,1.0076681572490642e-08,1.8775056434427246e-08,-1.2518683685167065e-07,5.8317063053816585e-08,1.2559173393356815e-07,-5.862935831663225e-08
1943.0,9.875566531203361e-09,1.8768758327838117e-08,-1.2522043281101847e-07,5.819961377810285e-08,1.2560924969002488e-07,-5.851173495742669e-08
1944.0,9.641422410444633e-09,1.876109399137123e-08,-1.252448548275109e-07,5.807370372561426e-08,1.2561540784020448e-07,-5.8385777176820036e-08
1945.0,9.497178987682986e-09,1.875217870942907e-08,-1.25294628339212e-07,5.793928733857418e-08,1.2565405007155702e-07,-5.8251434000197216e-08
1946.0,9.521284455304979e-09,1.8742126108183753e-08,-1.2541671482943495e-07,5.779632144865344e-08,1.2577761015493433e-07,-5.810865675052875e-08
1947.0,9.647340232232793e-09,1.8731047713172462e-08,-1.256217937034565e-07,5.764476546677639e-08,1.2599169110235104e-07,-5.79573992681724e-08
1948.0,9.73847383289872e-09,1.8719052512796936e-08,-1.2585289563618596e-07,5.748458157032352e-08,1.2622911396586275e-07,-5.779761812826289e-08
1949.0,9.659697736141837e-09,1.870624652959349e-08,-1.260130037469831e-07,5.731573488696146e-08,1.26382700056973e-07,-5.7629272854766636e-08
1950.0,9.432438330403414e-09,1.8692732401086295e-08,-1.2608340766231962e-07,5.7138193674359825e-08,1.2643574091450385e-07,-5.7452326130309384e-08
1951.0,9.249533167166035e-09,1.8678608971980517e-08,-1.261548072603591e-07,5.695192949508169e-08,1.2649343563485364e-07,-5.726674400091403e-08
1952.0,9.277998508361307e-09,1.8663970899391976e-08,-1.263225833693371e-07,5.675691738595994e-08,1.266628450865694e-07,-5.707249607481484e-08
1953.0,9.516260057740311e-09,1.8648908272739984e-08,-1.2658652296174133e-07,5.6553136021298465e-08,1.269437158784554e-07,-5.686955571454451e-08
1954.0,9.7713263313981e-09,1.8633506249846894e-08,-1.268704448754987e-07,5.6340567869268514e-08,1.2724617322804498e-07,-5.665790022152706e-08
1955.0,9.858582811217431e-09,1.861784471069418e-08,-1.2711706698018133e-07,5.611919934090585e-08,1.274987857694713e-07,-5.64375110124502e-08
1956.0,9.790998317660282e-09,1.860199793019072e-08,-1.2735111092412876e-07,5.588902093115121e-08,1.2772693177895638e-07,-5.620837378673423e-08
1957.0,9.747967655293621e-09,1.8586034271223165e-08,-1.2764567794421033e-07,5.565002735141122e-08,1.2801735027427226e-07,-5.597047868445405e-08
1958.0,9.83079420646682e-09,1.857001589918322e-08,-1.280027394148786e-07,5.540221765314639e-08,1.283796939256486e-07,-5.572382043410555e-08
1959.0,9.979915532865036e-09,1.8553998519098664e-08,-1.2835861473020627e-07,5.514559534201779e-08,1.2874600067380985e-07,-5.546839848963653e-08
1960.0,1.0046660448015388e-08,1.8538031136429033e-08,-1.2863313412353472e-07,5.488016848214234e-08,1.29024875820909e-07,-5.520421715618541e-08
1961.0,9.921107518851002e-09,1.8522155842521483e-08,-1.2877535788408112e-07,5.460594979001864e-08,1.2915696331430907e-07,-5.4931285703986836e-08
1962.0,9.64285795657105e-09,1.850640762565996e-08,-1.2881853255625186e-07,5.432295671768902e-08,1.2917894193527336e-07,-5.4649618469911784e-08
1963.0,9.414564711152096e-09,1.849081420858073e-08,-1.288876139253492e-07,5.4031211524702355e-08,1.2923099880473855e-07,-5.435923494611278e-08
1964.0,9.342966983405532e-09,1.847539591326499e-08,-1.2906774922438746e-07,5.373074133844253e-08,1.2940546712524313e-07,-5.4060159855249356e-08
1965.0,9.31873755938284e-09,1.846016555374574e-08,-1.2931388549894396e-07,5.34215782023969e-08,1.2964921848023088e-07,-5.37524232117841e-08
1966.0,9.245362087018094e-09,1.8445128357575136e-08,-1.2956156630883342e-07,5.3103759111963624e-08,1.298910165658823e-07,-5.343606036887087e-08
1967.0,9.134830641910341e-09,1.8430281916490258e-08,-1.298097441065904e-07,5.2777326037437296e-08,1.3013076037538114e-07,-5.311111205040513e-08
1968.0,9.043022247690047e-09,1.8415616166692472e-08,-1.300794889962098e-07,5.244232593386531e-08,1.3039344197039698e-07,-5.277762436786906e-08
1969.0,8.95924312516172e-09,1.8401113399023252e-08,-1.303835585157731e-07,5.2098810737530475e-08,1.3069101104747713e-07,-5.2435648821676514e-08
1970.0,8.971258153023243e-09,1.838674829917775e-08,-1.3075842972623541e-07,5.174683734888435e-08,1.3106582474969985e-07,-5.208524228680316e-08
1971.0,9.05014380103708e-09,1.8372488017947266e-08,-1.3116848387659252e-07,5.138646760183047e-08,1.3148032653330065e-07,-5.172646698257285e-08
1972.0,9.085471985859073e-09,1.835829227132383e-08,-1.3155828379463053e-07,5.101776821933442e-08,1.3187163393313353e-07,-5.1359390426560904e-08
1973.0,9.10062916692489e-09,1.834411347013801e-08,-1.3190925233011463e-07,5.064081075541616e-08,1.3222281309034283e-07,-5.098408537266594e-08
1974.0,9.143311607839877e-09,1.8329896878738826e-08,-1.3225312619699614e-07,5.025567152365542e-08,1.3256881057034738e-07,-5.0600629733489724e-08
1975.0,9.248932203442806e-09,1.8315580802065988e-08,-1.326473525568861e-07,4.986243151241391e-08,1.3296940583177287e-07,-5.0209106487249175e-08
1976.0,9.395547007073901e-09,1.8301096800311593e-08,-1.3307235520107485e-07,4.946117628704594e-08,1.3340362822023685e-07,-4.98096035695249e-08
1977.0,9.494227098949537e-09,1.8286369930221884e-08,-1.3348032235419027e-07,4.905199587943588e-08,1.3381755043336048e-07,-4.9402213750228403e-08
1978.0,9.551779617256173e-09,1.8271319011952304e-08,-1.3385013086092412e-07,4.8634984665264845e-08,1.341905139171288e-07,-4.898703449624527e-08
1979.0,9.611385409780127e-09,1.825585692026321e-08,-1.342591047226449e-07,4.821024122947097e-08,1.3460269659416734e-07,-4.856416782028335e-08
1980.0,9.708744974634698e-09,1.8239890898731247e-08,-1.3476474523474447e-07,4.7777868220426756e-08,1.3511401217922615e-07,-4.813372011652343e-08
1981.0,9.821912810847877e-09,1.8223322895551855e-08,-1.3534153786576297e-07,4.733797219341263e-08,1.3569746439463653e-07,-4.769580198373379e-08
1982.0,9.9242678797129e-09,1.8206049919421538e-08,-1.3591487039305017e-07,4.6890663444018954e-08,1.3627671513104478e-07,-4.725052803657055e-08
1983.0,9.97467328178736e-09,1.818796441391378e-08,-1.364160481451271e-07,4.643605583215478e-08,1.3678023358150854e-07,-4.679801670583823e-08
1984.0,9.940204603875458e-09,1.8168954648700858e-08,-1.3678426096647156e-07,4.597426659737907e-08,1.3714496606040887e-07,-4.633839002852838e-08
1985.0,9.834752040527306e-09,1.814890512592557e-08,-1.370942795189678e-07,4.550541616629421e-08,1.374465853505409e-07,-4.5871773428482653e-08
1986.0,9.705006742688482e-09,1.8127696999990082e-08,-1.37444731766051e-07,4.502962795275548e-08,1.3778694221920063e-07,-4.539829548854512e-08
1987.0,9.644914339412836e-09,1.8105208508999756e-08,-1.378584821541684e-07,4.454702815165838e-08,1.381954611210722e-07,-4.491808771507969e-08
1988.0,9.648014109853165e-09,1.8081315416072807e-08,-1.3830506690945543e-07,4.405774552707413e-08,1.3864117609531763e-07,-4.443128429574114e-08
1989.0,9.649957111168561e-09,1.8055891458697737e-08,-1.3873378735748676e-07,4.3561911195519e-08,1.3906899520309962e-07,-4.393802185140628e-08
1990.0,9.553563190545233e-09,1.802880880428898e-08,-1.3913122622055685e-07,4.305965840516333e-08,1.394588422412559e-07,-4.3438439183196517e-08
1991.0,9.416898316683131e-09,1.7999938510058352e-08,-1.3954177443056826e-07,4.2551122311812377e-08,1.398591605335108e-07,-4.293267701555261e-08
1992.0,9.351252328038129e-09,1.7969150985287963e-08,-1.400320617066242e-07,4.2036439752520837e-08,1.4034394973033373e-07,-4.242087773635602e-08
1993.0,9.399837214152384e-09,1.793631645405867e-08,-1.4058952340495479e-07,4.1515749017735734e-08,1.4090341028834217e-07,-4.1903185135128024e-08
1994.0,9.487160862464705e-09,1.790130541645605e-08,-1.4118400052526292e-07,4.098918962289915e-08,1.415023965364111e-07,-4.1379744140378024e-08
1995.0,9.52394182962557e-09,1.7863989106243005e-08,-1.4178595107022796e-07,4.0456902080480264e-08,1.4210545868777586e-07,-4.085070055721433e-08
1996.0,9.522495625358118e-09,1.7824239942957908e-08,-1.4235237074181062e-07,3.9919027673442194e-08,1.426705133471835e-07,-4.0316200806370435e-08
1997.0,9.57025952930124e-09,1.7781931976374165e-08,-1.4290761311819278e-07,3.937570823117923e-08,1.432277059601153e-07,-3.977639166583285e-08
1998.0,9.682096430152498e-09,1.7736941321244637e-08,-1.4349003316441178e-07,3.882708590898091e-08,1.4381631551672697e-07,-3.9231420016279845e-08
1999.0,9.812073847870195e-09,1.7689146580253496e-08,-1.4409195757056348e-07,3.8273302972091e-08,1.444256522564919e-07,-3.8681432591553774e-08
2000.0,9.906954229199627e-09,1.7638429253109866e-08,-1.4467878250642996e-07,3.7714501585431586e-08,1.4501757772643397e-07,-3.812657573539244e-08
2001.0,9.98483226655189e-09,1.7584674129743666e-08,-1.4523586569156754e-07,3.715082361005692e-08,1.4557868511073392e-07,-3.756699516563932e-08
2002.0,1.0023390561997303e-08,1.7527769665607194e-08,-1.4580598945226897e-07,3.658241040738711e-08,1.461501109083175e-07,-3.700283574713666e-08
2003.0,1.0082441936898334e-08,1.746760833714767e-08,-1.4646003690388376e-07,3.600940265225003e-08,1.4680666894013337e-07,-3.6434241274480856e-08
2004.0,1.0217527046663122e-08,1.7404086975595842e-08,-1.4720359366518498e-07,3.543194015573025e-08,1.4755777121823906e-07,-3.5861354265786637e-08
2005.0,1.044909297975849e-08,1.7337107077312763e-08,-1.479382201012569e-07,3.4850161698786974e-08,1.483067783711438e-07,-3.528431576856435e-08
2006.0,1.0654456428227377e-08,1.7266575089050852e-08,-1.4862374490484664e-07,3.426420487755637e-08,1.4900515088855796e-07,-3.470326517876259e-08
2007.0,1.068028571138413e-08,1.7192402666618793e-08,-1.4927211870047197e-07,3.3674205961195006e-08,1.4965371336590546e-07,-3.411834007396155e-08
2008.0,1.0455578680623745e-08,1.71145069055955e-08,-1.4989991506744738e-07,3.3080299763045185e-08,1.5026411302361802e-07,-3.3529676061618774e-08
2009.0,1.0346189904808512e-08,1.703281054291811e-08,-1.5047084539476785e-07,3.248261952581192e-08,1.5082612160817002e-07,-3.2937406643166665e-08
2010.0,1.04943654877232e-08,1.694724212836782e-08,-1.5102573128894514e-07,3.1881296821335385e-08,1.5138990461173617e-07,-3.234166309464395e-08
2011.0,1.0595838179083827e-08,1.6857736165188127e-08,-1.5163430438711045e-07,3.127646146542638e-08,1.5200405933290136e-07,-3.1742574364414497e-08
2012.0,1.0325194588212128e-08,1.6764233219285483e-08,-1.5227109322057952e-07,3.0668241448109884e-08,1.526207570216937e-07,-3.11402669883919e-08
2013.0,1.0039990505639196e-08,1.666667999668295e-08,-1.528077858761745e-07,3.005676287949636e-08,1.5313726141515043e-07,-3.0534865023049555e-08
2014.0,1.008364300392195e-08,1.6565029389123696e-08,-1.5329374222772252e-07,2.9442149951372866e-08,1.5362503462134673e-07,-2.9926489996355446e-08
2015.0,1.0093229474428256e-08,1.645924048795035e-08,-1.5387204464062387e-07,2.8824524914478527e-08,1.5420272177594535e-07,-2.931526087662956e-08
2016.0,9.667183276107494e-09,1.63492785666131e-08,-1.5455394061433814e-07,2.8204008071301577e-08,1.5485598145345957e-07,-2.8701294059181707e-08
2017.0,9.379968579636966e-09,1.6235115032380488e-08,-1.5514936937965906e-07,2.758071778411168e-08,1.5543265625170556e-07,-2.8084703370450787e-08
2018.0,9.5077238582153e-09,1.611672734804203e-08,-1.5571193716715226e-07,2.6954770497821107e-08,1.5600193649218348e-07,-2.7465600089234482e-08
2019.0,9.467031741872134e-09,1.5994098924598903e-08,-1.5632804992865568e-07,2.6326280777151568e-08,1.5661444340959704e-07,-2.6844092984469468e-08
2020.0,8.810784934976112e-09,1.586721898613506e-08,-1.5699138598140872e-07,2.5695361357467967e-08,1.572384342440933e-07,-2.6220288368895688e-08
2021.0,8.5956166073764e-09,1.573608240824696e-08,-1.5751935032032316e-07,2.5062123208526306e-08,1.5775370154198504e-07,-2.5594290167813907e-08
2022.0,8.841357729272303e-09,1.560068953158615e-08,-1.5802562492242545e-07,2.4426675610270893e-08,1.5827276372964508e-07,-2.4966200002023798e-08
2023.0,8.67374244650776e-09,1.5461045952232546e-08,-1.5860238781681413e-07,2.3789126239707306e-08,1.5883938815427193e-07,-2.4336117283911946e-08
2024.0,7.839481647176072e-09,1.531716229076451e-08,-1.5913745713899696e-07,2.31495812677732e-08,1.5933043568999145e-07,-2.3704139325546833e-08
2025.0,7.667856655180216e-09,1.5169053942026827e-08,-1.5955642703249784e-07,2.2508145465032654e-08,1.5974056915217624e-07,-2.307036145753381e-08
2026.0,7.888599579120026e-09,1.501674080772077e-08,-1.600870749643435e-07,2.1864922314933003e-08,1.6028132010299587e-07,-2.2434877157289713e-08
2027.0,7.388158002052947e-09,1.4860247014046288e-08,-1.6075820845340427e-07,2.12200141332895e-08,1.6092789212504922e-07,-2.1797778185317114e-08
2028.0,6.814698055856994e-09,1.4699600616711015e-08,-1.6126670652691355e-07,2.0573522192602844e-08,1.614106277282576e-07,-2.1159154727993167e-08
2029.0,6.879776026647022e-09,1.453483329568509e-08,-1.6172482149301448e-07,1.9925546849769403e-08,1.618710882311113e-07,-2.0519095545338652e-08
2030.0,6.695153265123821e-09,1.4365980042128055e-08,-1.6224692064512047e-07,1.9276187675711445e-08,1.6238500034198824e-07,-1.9877688122197556e-08
2031.0,5.831347543727716e-09,1.4193078839942056e-08,-1.6275041254260048e-07,1.862554358543509e-08,1.6285484763114173e-07,-1.9235018821235307e-08
2032.0,5.594288421395532e-09,1.4016170344412786e-08,-1.631868673558634e-07,1.797371296701744e-08,1.6328272946139136e-07,-1.8591173036156534e-08
2033.0,5.716536743971545e-09,1.3835297560384527e-08,-1.6376209936372343e-07,1.7320793808034637e-08,1.6386184418698332e-07,-1.7946235343552477e-08
2034.0,5.171822581306884e-09,1.3650505522376353e-08,-1.6443201234297988e-07,1.666688381797009e-08,1.6451332600119178e-07,-1.7300289651816436e-08
2035.0,4.646816043063495e-09,1.3461840978980865e-08,-1.6493432814304598e-07,1.6012080545187344e-08,1.649997742402578e-07,-1.6653419345611884e-08
2036.0,4.78639733403341e-09,1.3269352083798292e-08,-1.654179543932044e-07,1.5356481487112918e-08,1.6548718752541384e-07,-1.6005707424440825e-08
2037.0,4.499831063320414e-09,1.3073088095051164e-08,-1.6607061162354775e-07,1.4700184192348052e-08,1.6613156390228093e-07,-1.5357236633936113e-08
2038.0,3.8272201796640815e-09,1.287309908589945e-08,-1.666765600330522e-07,1.4043286353513364e-08,1.667204944772996e-07,-1.470808958858951e-08
2039.0,3.95308885625667e-09,1.266943566733396e-08,-1.6724135657245065e-07,1.338588588972637e-08,1.6728806968728835e-07,-1.4058348884726507e-08
2040.0,4.1139595063910406e-09,1.2462148725370081e-08,-1.6797007143520837e-07,1.2728081017718502e-08,1.6802044387743186e-07,-1.3408097202649328e-08
2041.0,3.646845159188672e-09,1.2251289174096208e-08,-1.687031052806376e-07,1.2069970310712816e-08,1.6874251749616925e-07,-1.2757417396987984e-08
2042.0,3.4436763440837126e-09,1.2036907725956012e-08,-1.692652369274239e-07,1.1411652744304422e-08,1.6930026384757866e-07,-1.2106392574423316e-08
2043.0,3.628221584284219e-09,1.1819054680467752e-08,-1.6990338022604412e-07,1.0753227728707894e-08,1.6994211545141006e-07,-1.1455106158072905e-08
2044.0,3.3004558530613792e-09,1.1597779732411496e-08,-1.7062197106565424e-07,1.0094795126859009e-08,1.7065388955182638e-07,-1.0803641937956094e-08
2045.0,3.0091045488678247e-09,1.13731318003464e-08,-1.712147276872189e-07,9.43645525797947e-09,1.7124116820202595e-07,-1.0152084107079765e-08
2046.0,3.1763474628299093e-09,1.114515887615559e-08,-1.718377486970013e-07,8.778308886334922e-09,1.7186710290354694e-07,-9.500517282810658e-09
2047.0,2.785964098306337e-09,1.0913907896156558e-08,-1.7255056279641412e-07,8.120457195037677e-09,1.7257305211798367e-07,-8.849026513323873e-09
2048.0,2.352634781432883e-09,1.0679424634160684e-08,-1.7318587407916253e-07,7.463001744866883e-09,1.7320185296635354e-07,-8.197697269040863e-09
2049.0,2.6462645963398757e-09,1.0441753616715809e-08,-1.7382416854852534e-07,6.806044418198823e-09,1.7384431048469773e-07,-7.546615419092597e-09
2050.0,2.4020475053454504e-09,1.0200938060620029e-08,-1.7458202674139334e-07,6.149687348259735e-09,1.7459855066222777e-07,-6.895867192965016e-09
2051.0,1.7973422472561396e-09,9.95701983265228e-09,-1.7524108588545806e-07,5.494032834030098e-09,1.7525030277140253e-07,-6.245539127602248e-09
2052.0,1.7240392724549025e-09,9.71003943132758e-09,-1.7577650698180625e-07,4.8391832412427654e-09,1.7578496158129666e-07,-5.595718000358165e-09
2053.0,1.7349794101395588e-09,9.460035990352755e-09,-1.764699325661201e-07,4.185240890026336e-09,1.7647846116012168e-07,-4.9464907482969445e-09
2054.0,1.156323814477389e-09,9.20704730332978e-09,-1.7713901542815158e-07,3.532307929849099e-09,1.771427894993721e-07,-4.2979443744488e-09
2055.0,7.843464489010188e-10,8.951109869125742e-09,-1.777207835791661e-07,2.8804862025199092e-09,1.7772251437379762e-07,-3.6501658417286343e-09
2056.0,1.0509533243663327e-09,8.692258957200907e-09,-1.7846039723420914e-07,2.2298770941003556e-09,1.7846349173957603e-07,-3.0032419553247277e-09
2057.0,7.636509480324349e-10,8.430528692059663e-09,-1.792744639406152e-07,1.5805813766781406e-09,1.792760903856545e-07,-2.3572592344604526e-09
2058.0,3.1292843316599317e-10,8.16595215586374e-09,-1.799286235421027e-07,9.326990410424314e-10,1.7992889566148068e-07,-1.7123037745237701e-09
2059.0,4.349814397563989e-10,7.898561508126865e-09,-1.805847740718458e-07,2.8632912138618306e-10,1.8058529794928636e-07,-1.0684611006438143e-09
2060.0,2.124621312216135e-10,7.628388121299181e-09,-1.8137259249345616e-07,-3.5843048676578407e-10,1.8137271693381703e-07,-4.258160138681272e-10
2061.0,-8.823633490528948e-11,7.355462730949992e-09,-1.82096770478396e-07,-1.0014832141415612e-09,1.820967918561786e-07,2.1554756884333378e-10
2062.0,5.7872401315606226e-11,7.0798155991686424e-09,-1.8278902878116066e-07,-1.6427340095085617e-09,1.8278903794258235e-07,8.555467795413078e-10
2063.0,1.8496315590255108e-11,6.8014766897273455e-09,-1.8358834000253843e-07,-2.2820895343121472e-09,1.8358834093427975e-07,1.4940999678231924e-09
2064.0,-3.7779215866784455e-10,6.520475853489046e-09,-1.8429930303404118e-07,-2.919458358792815e-09,1.8429969024865043e-07,2.131126871653543e-09
2065.0,-5.278673609332429e-10,6.236843022501742e-09,-1.8491822907987232e-07,-3.554751158197989e-09,1.8491898250311373e-07,2.7665487891306376e-09
2066.0,-5.481733122980614e-10,5.950608411199045e-09,-1.856190758493803e-07,-4.1878809077095194e-09,1.8561988528484312e-07,3.4002887498658636e-09
2067.0,-8.464921541495585e-10,5.661802723124343e-09,-1.8633941562332113e-07,-4.818763074727022e-09,1.8634133831173332e-07,4.032271684661969e-09
2068.0,-9.911840515020032e-10,5.370457361608809e-09,-1.8698518870416403e-07,-5.44731580717928e-09,1.8698781575427791e-07,4.662424592208189e-09
2069.0,-1.0129901917288464e-09,5.076604642860978e-09,-1.8764547379465646e-07,-6.073460116578946e-09,1.8764820805099535e-07,5.290676701553292e-09
2070.0,-1.5714485823714597e-09,4.780278009967943e-09,-1.8835295291508292e-07,-6.697120054589277e-09,1.8835950818177053e-07,5.916959629171073e-09
2071.0,-1.890944678617501e-09,4.481512246365525e-09,-1.889530525413241e-07,-7.318222881935328e-09,1.8896251410388775e-07,6.541207529495901e-09
2072.0,-1.9785680871464706e-09,4.180343687404665e-09,-1.895053900156929e-07,-7.93669922856572e-09,1.8951571854776413e-07,7.163357237879066e-09
2073.0,-2.361339235257276e-09,3.876810428719649e-09,-1.9009989882939893e-07,-8.552483244052825e-09,1.9011456403424667e-07,7.783348404997868e-09
2074.0,-3.009023225031271e-09,3.5709525301856295e-09,-1.9060657653960367e-07,-9.165512737308204e-09,1.9063032613127579e-07,8.401123621836963e-09
2075.0,-3.445564472626117e-09,3.2628122143358776e-09,-1.9104452351342838e-07,-9.775729304782291e-09,1.9107559205457906e-07,9.016628534452807e-09
2076.0,-3.54276791236785e-09,2.952434058191018e-09,-1.915604756104472e-07,-1.038307844640994e-08,1.9159323323275704e-07,9.62981194782326e-09
2077.0,-4.172781259415004e-09,2.6398651775277304e-09,-1.9209668782396716e-07,-1.0987509668652637e-08,1.9214200367534846e-07,1.0240625918171997e-08
2078.0,-4.658282204417219e-09,2.325155402679785e-09,-1.9254663483070367e-07,-1.1588976574071085e-08,1.9260297551627893e-07,1.0849025833238951e-08
2079.0,-4.8313712752712235e-09,2.0083574450187112e-09,-1.9307781351160513e-07,-1.2187436936936432e-08,1.9313825156820098e-07,1.1454970480041136e-08
2080.0,-5.242777628700068e-09,1.6895270533067152e-09,-1.9371775595439233e-07,-1.2782852764454653e-08,1.9378868823868308e-07,1.2058422099732905e-08
2081.0,-5.829885185715256e-09,1.368723159150415e-09,-1.9421312336467822e-07,-1.3375190343236711e-08,1.9430060434373934e-07,1.2659346429231496e-08
2082.0,-6.200110869158948e-09,1.046008010811081e-09,-1.9467802004485835e-07,-1.3964420270699041e-08,1.947767256716678e-07,1.3257712729324214e-08
2083.0,-6.309171407536951e-09,7.214472946462867e-10,-1.952675317482e-07,-1.4550517471125966e-08,1.9536943107580565e-07,1.3853493799019391e-08
2084.0,-6.7236067824438805e-09,3.9511024346891686e-10,-1.958471007521001e-07,-1.513346119616915e-08,1.9596248049350716e-07,1.444666597594578e-08
2085.0,-7.055335732308876e-09,6.706973111297492e-11,-1.963633994815639e-07,-1.5713235009599155e-08,1.9649010768548081e-07,1.5037209122643636e-08
2086.0,-7.227195036874079e-09,-2.6259764750504003e-10,-1.9692693612946566e-07,-1.628982675616026e-08,1.9705951010149108e-07,1.562510659862599e-08
2087.0,-7.412938013429127e-09,-5.938115115404191e-10,-1.9759286227355455e-07,-1.6863228514413366e-08,1.9773186610014796e-07,1.6210345218121147e-08
2088.0,-7.64094809646565e-09,-9.264876452981146e-10,-1.9815915312804133e-07,-1.743343653348451e-08,1.9830641456149475e-07,1.6792915193438505e-08
2089.0,-7.921852618331116e-09,-1.2605379659327671e-09,-1.9871341452523672e-07,-1.8000451153669442e-08,1.988712570010687e-07,1.7372810063931273e-08
2090.0,-8.042056687251886e-09,-1.5958705084508088e-09,-1.9937861442387295e-07,-1.856427671087976e-08,1.995407391119527e-07,1.7950026610562326e-08
2091.0,-8.286923702804927e-09,-1.932389428664426e-09,-2.0007381166739502e-07,-1.9124921424954536e-08,2.0024535754812484e-07,1.852456475611537e-08
2092.0,-8.510855076249157e-09,-2.2699950247045165e-09,-2.0067472350504545e-07,-1.968239727190488e-08,2.0085512019352495e-07,1.9096427451133475e-08
2093.0,-8.56330947818229e-09,-2.6085837776444183e-09,-2.0130201643445145e-07,-2.0236719840208056e-08,2.0148407403513382e-07,1.9665620545712507e-08
2094.0,-8.642633275712797e-09,-2.9480484117170836e-09,-2.0199048756525118e-07,-2.0787908171325752e-08,2.0217530061010507e-07,2.023215264733003e-08
2095.0,-8.782524568706762e-09,-3.2882779745238665e-09,-2.0255587682149745e-07,-2.133598458468839e-08,2.0274618608675623e-07,2.0796034964952054e-08
2096.0,-9.424119595813352e-09,-3.6291579375308822e-09,-2.0302690269605184e-07,-2.188097448746486e-08,2.0324550978682972e-07,2.1357281139731036e-08
2097.0,-9.637397158090977e-09,-3.970570317026981e-09,-2.03569215886934e-07,-2.2422906169523465e-08,2.037972155864842e-07,2.1915907062687333e-08
2098.0,-9.845865706070711e-09,-4.312393815579202e-09,-2.0410852999766527e-07,-2.29618105840833e-08,2.0434586633771136e-07,2.2471930679851317e-08
2099.0,-1.0129728694741047e-08,-4.65450398387382e-09,-2.045783043629068e-07,-2.3497721114652034e-08,2.0482893843261305e-07,2.302537178543086e-08
2100.0,-1.0875272599131236e-08,-4.9967734026806655e-09,-2.0504466591644843e-07,-2.403067332894331e-08,2.0533286774136614e-07,2.3576251803656704e-08
2101.0,-1.1186816695207824e-08,-5.3390718845272976e-09,-2.056472805968268e-07,-2.4560704720561858e-08,2.0595132649400974e-07,2.4124593560043268e-08
2102.0,-1.1135267624640122e-08,-5.681266694519725e-09,-2.0625230625140323e-07,-2.5087854439336553e-08,2.0655267613636717e-07,2.467042104288474e-08
2103.0,-1.1499556751282114e-08,-6.0232227896017204e-09,-2.0679769381637403e-07,-2.5612163011270617e-08,2.0711717932911007e-07,2.521375915588519e-08
2104.0,-1.2120432490991817e-08,-6.364803075406292e-09,-2.072296614169522e-07,-2.6133672049165603e-08,2.075838082672956e-07,2.5754633462899347e-08
2105.0,-1.2531604337562285e-08,-6.705868679717508e-09,-2.0762862329784526e-07,-2.6652423955063673e-08,2.0800645739935995e-07,2.629306992583837e-08
2106.0,-1.2550774031172551e-08,-7.046279241425283e-09,-2.080922821591502e-07,-2.7168461615740923e-08,2.084704291332105e-07,2.6829094636873517e-08
2107.0,-1.2976063473724153e-08,-7.385893213723179e-09,-2.0855002626912755e-07,-2.7681828092571123e-08,2.089533241662547e-07,2.736273354614699e-08
2108.0,-1.3676398458173367e-08,-7.724568180173703e-09,-2.0889817604549665e-07,-2.819256630715895e-08,2.093453888432273e-07,2.7894012186269307e-08
2109.0,-1.398597504476129e-08,-8.062161182146891e-09,-2.092679890590421e-07,-2.8700718724212455e-08,2.0973482958909816e-07,2.8422955394943572e-08
2110.0,-1.4124961367212308e-08,-8.398529056026066e-09,-2.0972621449580342e-07,-2.920632703318379e-08,2.1020133106230557e-07,2.894958703710729e-08
2111.0,-1.476354416496406e-08,-8.733528778472379e-09,-2.1016920849492582e-07,-2.970943183025443e-08,2.1068711027420364e-07,2.947392972802081e-08
2112.0,-1.5347566217904784e-08,-9.067017817950556e-09,-2.105762605397743e-07,-3.021007230227442e-08,2.1113481307384597e-07,2.9996004558756964e-08
2113.0,-1.5484930365738947e-08,-9.398854490642055e-09,-2.1107257635114007e-07,-3.070828591428568e-08,2.1163982507066018e-07,3.051583082555967e-08
2114.0,-1.5607381997906344e-08,-9.728898318809183e-09,-2.1160292400235203e-07,-3.1204108102267225e-08,2.121777269629726e-07,3.10334257645414e-08
2115.0,-1.648923686481396e-08,-1.0057010389625445e-08,-2.119867266725528e-07,-3.1697571972739025e-08,2.1262706134856766e-07,3.1548804293182313e-08
2116.0,-1.7253312334375437e-08,-1.0383053712452714e-08,-2.1223801725811509e-07,-3.21887080108511e-08,2.1293814302788373e-07,3.2061978760080184e-08
2117.0,-1.7430875826063286e-08,-1.0706893572523995e-08,-2.1258228735665519e-07,-3.2677543798567515e-08,2.1329572037397084e-07,3.257295870437963e-08
2118.0,-1.7587107686845016e-08,-1.1028397878985586e-08,-2.130216240625593e-07,-3.3164103744528886e-08,2.137463886830349e-07,3.308175062628133e-08
2119.0,-1.823904691167222e-08,-1.1347437505272429e-08,-2.1341160220955668e-07,-3.3648408827137985e-08,2.141895767536232e-07,3.358835776999278e-08
2120.0,-1.892170947703775e-08,-1.1663886619835117e-08,-2.1370862748545938e-07,-3.4130476352357905e-08,2.1454465397966052e-07,3.4092779920429396e-08
2121.0,-1.8863568457261337e-08,-1.1977623005300936e-08,-2.1413852693136226e-07,-3.461031972764095e-08,2.1496777184330572e-07,3.4595013214907076e-08
2122.0,-1.898902360353283e-08,-1.2288528364230858e-08,-2.146393838324545e-07,-3.5087948253320337e-08,2.1547772067986812e-07,3.5095049970986336e-08
2123.0,-1.9467159051433924e-08,-1.2596488609729314e-08,-2.1515693039361738e-07,-3.556336693269736e-08,2.1603581873832343e-07,3.559287853153585e-08
2124.0,-2.0341248130328893e-08,-1.290139413927071e-08,-2.1553829250564593e-07,-3.603657630194571e-08,2.1649600899727688e-07,3.608848312797993e-08
2125.0,-2.037239824059789e-08,-1.3203140090219649e-08,-2.1597888814894883e-07,-3.650757228083563e-08,2.169375825810956e-07,3.6581843762584155e-08
2126.0,-2.0309303544463475e-08,-1.3501626575641065e-08,-2.1650828462352334e-07,-3.6976346045157144e-08,2.174587434919133e-07,3.707293611051937e-08
2127.0,-2.053488717956853e-08,-1.379675889912714e-08,-2.1701373622423636e-07,-3.744288392159462e-08,2.1798312618521657e-07,3.756173144232803e-08
2128.0,-2.1226000540552903e-08,-1.4088447747509926e-08,-2.1738795262515875e-07,-3.790716730567606e-08,2.1842175955134557e-07,3.804819656729964e-08
2129.0,-2.1588874077327347e-08,-1.4376609360473596e-08,-2.177083596142937e-07,-3.836917260328946e-08,2.1877616261803598e-07,3.853229379814387e-08
2130.0,-2.12664044152433e-08,-1.4661165676222663e-08,-2.1818018546698736e-07,-3.882887119612731e-08,2.1921417218592798e-07,3.901398093723032e-08
2131.0,-2.149150593599991e-08,-1.494204445250516e-08,-2.186556769916137e-07,-3.928622943128662e-08,2.1970933049840653e-07,3.949321128454349e-08
2132.0,-2.2070438587817875e-08,-1.5219179362435227e-08,-2.1905924759910156e-07,-3.974120863511489e-08,2.2016824979579396e-07,3.9969933667377016e-08
2133.0,-2.3202134380451156e-08,-1.5492510064703955e-08,-2.1925844913978088e-07,-4.0193765151250045e-08,2.2048266725298475e-07,4.044409249166261e-08
2134.0,-2.3346112903999128e-08,-1.5761982247907614e-08,-2.1956865209685206e-07,-4.064385040265679e-08,2.2080632683724153e-07,4.09156278146964e-08
2135.0,-2.303441262729855e-08,-1.602754764886763e-08,-2.201486325216495e-07,-4.109141097731159e-08,2.2135041126285925e-07,4.138447543888898e-08
2136.0,-2.3326395898193297e-08,-1.6289164044980736e-08,-2.2073696425567446e-07,-4.153638873703163e-08,2.2196605176109737e-07,4.1850567026024644e-08
2137.0,-2.3934840720496453e-08,-1.6546795220822843e-08,-2.2118587428981984e-07,-4.197872094877882e-08,2.2247711699333826e-07,4.231383023136975e-08
2138.0,-2.486290623382459e-08,-1.6800410909423855e-08,-2.2145336326870324e-07,-4.241834043760243e-08,2.228446907812977e-07,4.277418885682213e-08
2139.0,-2.4620253752383192e-08,-1.704998670882264e-08,-2.2187104044280037e-07,-4.2855175760219656e-08,2.232328727629569e-07,4.323156302214875e-08
2140.0,-2.416996905396651e-08,-1.729550397470621e-08,-2.2252156764088205e-07,-4.328915139807527e-08,2.238303720888328e-07,4.368586935322132e-08
2141.0,-2.4212106347620832e-08,-1.7536949690143014e-08,-2.231810517713817e-07,-4.3720187968568305e-08,2.244905520585859e-07,4.413702118602786e-08
2142.0,-2.455633790754419e-08,-1.77743163136304e-08,-2.2375712133496095e-07,-4.414820245298452e-08,2.251005621484272e-07,4.4584928785111446e-08
2143.0,-2.506583599015677e-08,-1.8007601606872227e-08,-2.2422978955549677e-07,-4.457310843953293e-08,2.2562644937592712e-07,4.5029499574968416e-08
2144.0,-2.4789270053338086e-08,-1.8236808443871302e-08,-2.247816196510044e-07,-4.499481637976033e-08,2.2614438848378736e-07,4.547063838283188e-08
2145.0,-2.4363590755971387e-08,-1.84619446030655e-08,-2.254755013253451e-07,-4.541323385651324e-08,2.267879764282934e-07,4.5908247691178176e-08
2146.0,-2.419812517029385e-08,-1.868302254436517e-08,-2.2624990842975978e-07,-4.582826586153382e-08,2.275402608907529e-07,4.63422278982249e-08
2147.0,-2.419758965421792e-08,-1.8900059173059475e-08,-2.2699845105347838e-07,-4.6239815080713915e-08,2.2828451573804199e-07,4.677247758463928e-08
2148.0,-2.4317319019528938e-08,-1.9113075592637667e-08,-2.2756976450488686e-07,-4.6647782184994145e-08,2.2886530912549242e-07,4.719889378464757e-08
2149.0,-2.421157427323628e-08,-1.9322096848606744e-08,-2.2808035143873084e-07,-4.705206612488818e-08,2.293618255970322e-07,4.7621372259733177e-08
2150.0,-2.3964559531242102e-08,-1.9527151665380275e-08,-2.286610738741479e-07,-4.745256442663961e-08,2.2991343331524797e-07,4.803980777313881e-08
2151.0,-2.386601444248626e-08,-1.9728272178270737e-08,-2.2930185867089947e-07,-4.784917348807921e-08,2.3054051495409244e-07,4.845409436344348e-08
2152.0,-2.3905775525800976e-08,-1.9925493662543553e-08,-2.298997760462329e-07,-4.8241788872338766e-08,2.3113933704499118e-07,4.886412561556638e-08
2153.0,-2.4072292853505317e-08,-2.011885426138341e-08,-2.3033781677839205e-07,-4.8630305597691264e-08,2.3159228208526516e-07,4.926979492765173e-08
2154.0,-2.4357815320286136e-08,-2.0308394714481855e-08,-2.3059939549888164e-07,-4.9014618421924154e-08,2.3188226402988824e-07,4.967099577241057e-08
2155.0,-2.4593016428875458e-08,-2.049415808878372e-08,-2.3076041641423295e-07,-4.9394622119811585e-08,2.3206720199274418e-07,5.006762195163659e-08
2156.0,-2.4873238746447868e-08,-2.067618951273938e-08,-2.309076345928529e-07,-4.977021175242765e-08,2.3224343633137251e-07,5.045956784276853e-08
2157.0,-2.5325760488748017e-08,-2.0854535915211097e-08,-2.3110069338402872e-07,-5.014128292722541e-08,2.324842459757484e-07,5.084672863653351e-08
2158.0,-2.5866007169472738e-08,-2.1029245769984085e-08,-2.313227881224622e-07,-5.050773204798479e-08,2.3276443592533796e-07,5.1229000564862405e-08
2159.0,-2.637506082980856e-08,-2.1200368846644215e-08,-2.3152145596852525e-07,-5.086945655389702e-08,2.3301894431046133e-07,5.160628111841291e-08
2160.0,-2.6944838832365647e-08,-2.136795596841192e-08,-2.3167193641260297e-07,-5.122635514720134e-08,2.3323359633823622e-07,5.197846925316557e-08
2161.0,-2.7350659598246452e-08,-2.1532058777374608e-08,-2.3184282981619786e-07,-5.157832800891896e-08,2.3345054362250185e-07,5.234546558567169e-08
2162.0,-2.7473165187252846e-08,-2.1692729507444817e-08,-2.3208250663278585e-07,-5.1925277002341857e-08,2.3370294112476029e-07,5.2707172576632765e-08
2163.0,-2.7613196257325612e-08,-2.185002076529054e-08,-2.3237960111721634e-07,-5.226710586402891e-08,2.3401446028598778e-07,5.3063494702578084e-08
2164.0,-2.791038603011664e-08,-2.2003985319434556e-08,-2.3270332883545963e-07,-5.2603720382139446e-08,2.343711349536333e-07,5.341433861548017e-08
2165.0,-2.8136122987021395e-08,-2.2154675897691954e-08,-2.3303893803214293e-07,-5.2935028561996824e-08,2.3473131034416722e-07,5.3759613290208945e-08
2166.0,-2.8276633950996555e-08,-2.2302144993100973e-08,-2.33339851201525e-07,-5.326094077882593e-08,2.3504691911690415e-07,5.409923015977615e-08
2167.0,-2.8488992276365366e-08,-2.244644467849661e-08,-2.3359104228681815e-07,-5.3581369917652106e-08,2.3532190233287864e-07,5.443310323836686e-08
2168.0,-2.8550470848598408e-08,-2.2587626429878353e-08,-2.3386570188396738e-07,-5.38962315003894e-08,2.3560198620418584e-07,5.47611492321966e-08
2169.0,-2.8290691372889754e-08,-2.272574095873232e-08,-2.3423394923324792e-07,-5.4205443800182496e-08,2.3593623331688556e-07,5.5083287638272234e-08
2170.0,-2.7985189998691595e-08,-2.2860838053480486e-08,-2.3466705328933912e-07,-5.4508927943101024e-08,2.3632984737177062e-07,5.53994408311719e-08
2171.0,-2.7901013249787e-08,-2.2992966430238764e-08,-2.3511323419406205e-07,-5.480660799731505e-08,2.367629604341791e-07,5.5709534137992716e-08
2172.0,-2.7962191423425153e-08,-2.312217359306051e-08,-2.3555451737766742e-07,-5.509841104991181e-08,2.3720837844862498e-07,5.601349590164655e-08
2173.0,-2.800963028182224e-08,-2.324850570381292e-08,-2.359929893343271e-07,-5.538426727154815e-08,2.3764938544729336e-07,5.6311257532717304e-08
2174.0,-2.8102953020248123e-08,-2.3372007461777317e-08,-2.3637380259372565e-07,-5.566410996917753e-08,2.3803854839306144e-07,5.6602753550131956e-08
2175.0,-2.8324678436053574e-08,-2.3492721992985923e-08,-2.3663888932753951e-07,-5.593787562714707e-08,2.3832803307768335e-07,5.6887921610945996e-08
2176.0,-2.8575440541578345e-08,-2.361069074921569e-08,-2.3679068637816325e-07,-5.620550393702911e-08,2.385086685166536e-07,5.716670252960345e-08
2177.0,-2.880370858493464e-08,-2.3725953416462597e-08,-2.3685055731623161e-07,-5.6466937816631924e-08,2.385955576477805e-07,5.74390402871007e-08
2178.0,-2.9032806436735115e-08,-2.3838547832625083e-08,-2.3687913346462364e-07,-5.672212341871849e-08,2.38651687026394e-07,5.770488203055751e-08
2179.0,-2.9309623200690638e-08,-2.3948509914038098e-08,-2.3692014623766244e-07,-5.697101013004377e-08,2.38726223330077e-07,5.796417806377027e-08
2180.0,-2.9580759647318544e-08,-2.4055873590425444e-08,-2.3701258677552572e-07,-5.721355056139072e-08,2.38851392357965e-07,5.8216881829384344e-08
2181.0,-2.979669300184895e-08,-2.4160670747778872e-08,-2.3716759545849841e-07,-5.744970052933614e-08,2.39032029756291e-07,5.846294988336678e-08
2182.0,-3.007187221459873e-08,-2.4262931178630727e-08,-2.373300665263478e-07,-5.7679419030507176e-08,2.3922766975392255e-07,5.8702341862486565e-08
2183.0,-3.0431209663284164e-08,-2.436268253916273e-08,-2.374407421998348e-07,-5.79026682090981e-08,2.3938288280071146e-07,5.89350204455161e-08
2184.0,-3.078894467156701e-08,-2.445995031258853e-08,-2.3750776904918336e-07,-5.811941331840734e-08,2.3949509279463123e-07,5.916095130885876e-08
2185.0,-3.104031964795695e-08,-2.4554757778262725e-08,-2.37606815816499e-07,-5.8329622677130895e-08,2.3962575063273776e-07,5.938010307728638e-08
2186.0,-3.119988162270104e-08,-2.4647125986006863e-08,-2.3776370884631692e-07,-5.8533267621110666e-08,2.3980203055359376e-07,5.959244727043871e-08
2187.0,-3.126047307122626e-08,-2.473707373520452e-08,-2.3797840958961203e-07,-5.873032245118534e-08,2.4002279184993664e-07,5.979795824569519e-08
2188.0,-3.127491485233058e-08,-2.482461755830228e-08,-2.3822244641161228e-07,-5.8920764377727454e-08,2.402666316269365e-07,5.999661313797679e-08
2189.0,-3.122802300081773e-08,-2.490977170845529e-08,-2.3848721767208425e-07,-5.9104573462375425e-08,2.4052306004521e-07,6.018839179697515e-08
2190.0,-3.109639851173185e-08,-2.4992548151167273e-08,-2.3878560567736073e-07,-5.928173255738826e-08,2.4080189259867634e-07,6.037327672224049e-08
2191.0,-3.087481728614172e-08,-2.5072956559887684e-08,-2.391003272005088e-07,-5.945222724296783e-08,2.410855051840384e-07,6.055125299649171e-08
2192.0,-3.0625805613748724e-08,-2.515100431563409e-08,-2.394384113445225e-07,-5.961604576281503e-08,2.413890900531337e-07,6.07223082174487e-08
2193.0,-3.0395816835726563e-08,-2.5226696510799874e-08,-2.3979103043123007e-07,-5.97731789581144e-08,2.417098342152883e-07,6.088643242842658e-08
2194.0,-3.021282166115746e-08,-2.5300035957377663e-08,-2.401161320920997e-07,-5.99236202000817e-08,2.4200944502973343e-07,6.104361804788156e-08
2195.0,-3.008834889572931e-08,-2.537102319987272e-08,-2.403929073614697e-07,-6.0067365321163e-08,2.422685671913946e-07,6.11938597980577e-08
2196.0,-3.0009704998779085e-08,-2.5439656533194463e-08,-2.4062440711486444e-07,-6.020441254494377e-08,2.4248853105558163e-07,6.13371546328557e-08
2197.0,-2.997033765606005e-08,-2.550593202579957e-08,-2.408202276239779e-07,-6.033476241481424e-08,2.4267798246252746e-07,6.147350166503053e-08
2198.0,-3.003650697608329e-08,-2.5569843548319816e-08,-2.4093587036588815e-07,-6.045841772144062e-08,2.428009171734991e-07,6.16029020928223e-08
2199.0,-3.023534383972404e-08,-2.5631382807847085e-08,-2.4095349400107824e-07,-6.057538342910743e-08,2.4284308161533855e-07,6.172535912613267e-08
2200.0,-3.050186841990765e-08,-2.5690539387973327e-08,-2.4093979375874874e-07,-6.068566660102226e-08,2.428628176432402e-07,6.184087791237411e-08
2201.0,-3.078993585092782e-08,-2.5747300794601898e-08,-2.4092717157073174e-07,-6.078927632370244e-08,2.4288664465296783e-07,6.194946546213767e-08
2202.0,-3.103709364515872e-08,-2.580165250746798e-08,-2.4093302216851575e-07,-6.088622363059035e-08,2.4292390239166023e-07,6.205113057483989e-08
2203.0,-3.1217572193931176e-08,-2.5853578037238568e-08,-2.4098106269146435e-07,-6.097652142506371e-08,2.429946694674407e-07,6.214588376452059e-08
2204.0,-3.133877463090684e-08,-2.5903058988013193e-08,-2.4106767542927954e-07,-6.106018440301584e-08,2.430961598467636e-07,6.223373718596439e-08
2205.0,-3.143702878571908e-08,-2.595007512501795e-08,-2.411508618106739e-07,-6.113722897517914e-08,2.4319133399631013e-07,6.231470456131266e-08
2206.0,-3.153669766997602e-08,-2.5994604447275816e-08,-2.4120350698361714e-07,-6.120767318935425e-08,2.432564389304491e-07,6.238880110731927e-08
2207.0,-3.159395939311693e-08,-2.6036623265042322e-08,-2.412629783038467e-07,-6.127153665268987e-08,2.4332283692694426e-07,6.245604346338642e-08
2208.0,-3.157101444162258e-08,-2.6076106281812886e-08,-2.413558692383744e-07,-6.132884045413799e-08,2.434119647196588e-07,6.251644962049759e-08
2209.0,-3.146769919637471e-08,-2.6113026680733578e-08,-2.414900102110096e-07,-6.137960708718637e-08,2.4353160190091763e-07,6.257003885114401e-08
2210.0,-3.133885362327504e-08,-2.614735621527682e-08,-2.4164654744904257e-07,-6.142386037294742e-08,2.4367022313049133e-07,6.261683164032121e-08
2211.0,-3.118918229239043e-08,-2.6179065304073595e-08,-2.41816181894422e-07,-6.146162538365917e-08,2.438192587103491e-07,6.265684961765159e-08
2212.0,-3.103788218106196e-08,-2.6208123129818495e-08,-2.4196266160125823e-07,-6.149292836663579e-08,2.4394523922276183e-07,6.269011549067285e-08
2213.0,-3.0846722814947825e-08,-2.6234497742178155e-08,-2.421130967135421e-07,-6.151779666869189e-08,2.44070219217018e-07,6.271665297931946e-08
2214.0,-3.06371739366984e-08,-2.6258156164633184e-08,-2.4226961693046833e-07,-6.153625866106273e-08,2.441991067028366e-07,6.273648675162078e-08
2215.0,-3.0460986261138245e-08,-2.6279064505166116e-08,-2.424028882307139e-07,-6.154834366485e-08,2.443092955795854e-07,6.274964236064359e-08
2216.0,-3.037526744020802e-08,-2.629718807067106e-08,-2.424826478740483e-07,-6.155408187704305e-08,2.443777637021704e-07,6.275614618272087e-08
2217.0,-3.0370958498115996e-08,-2.6312491484904156e-08,-2.4250834930114595e-07,-6.155350429719781e-08,2.444027303465755e-07,6.275602535703153e-08
2218.0,-3.0472503853573585e-08,-2.6324938809718353e-08,-2.424606121501083e-07,-6.154664265489782e-08,2.4436800513837996e-07,6.274930772662756e-08
2219.0,-3.066770801196661e-08,-2.6334493669235462e-08,-2.423341330382023e-07,-6.153352933817465e-08,2.44266944857638e-07,6.273602178104421e-08
2220.0,-3.092220213218866e-08,-2.6341119376510068e-08,-2.4214453366727673e-07,-6.151419732312175e-08,2.441109538092194e-07,6.271619660067118e-08
2221.0,-3.1206192990795856e-08,-2.63447790621424e-08,-2.4193085961660143e-07,-6.148868010499243e-08,2.4393517031335703e-07,6.268986180310586e-08
2222.0,-3.14830919112552e-08,-2.6345435804210447e-08,-2.4172862143553853e-07,-6.145701163112342e-08,2.4377020223443724e-07,6.265704749174698e-08
2223.0,-3.17109364045276e-08,-2.634305275882387e-08,-2.4155714188622834e-07,-6.141922623606325e-08,2.436297114144649e-07,6.261778420691511e-08
2224.0,-3.1858241239524077e-08,-2.633759329056024e-08,-2.414125188435201e-07,-6.137535857930537e-08,2.4350554775866743e-07,6.257210287980034e-08
2225.0,-3.191472505714721e-08,-2.6329021102030145e-08,-2.4131103461624837e-07,-6.132544358602846e-08,2.4341233556054124e-07,6.25200347895366e-08
2226.0,-3.1920208809488315e-08,-2.6317300361832172e-08,-2.4122232190199044e-07,-6.126951639122985e-08,2.4332510826922247e-07,6.246161152368671e-08
2227.0,-3.18905229723665e-08,-2.6302395830197158e-08,-2.411433002169616e-07,-6.120761228760564e-08,2.4324287593880055e-07,6.23968649423935e-08
2228.0,-3.184169464209852e-08,-2.628427298167775e-08,-2.4108620924265245e-07,-6.113976667748599e-08,2.4317987952269537e-07,6.232582714641468e-08
2229.0,-3.175529783572273e-08,-2.626289812430782e-08,-2.41066550551311e-07,-6.106601502908039e-08,2.431490915782809e-07,6.224853044921242e-08
2230.0,-3.165049472508841e-08,-2.6238238514730444e-08,-2.410870992945735e-07,-6.09863928372272e-08,2.4315580038858703e-07,6.216500735321806e-08
2231.0,-3.151625177499895e-08,-2.6210262468869435e-08,-2.411306522093204e-07,-6.090093558877877e-08,2.4318154856164017e-07,6.207529053033836e-08
2232.0,-3.131304751602393e-08,-2.617893946779374e-08,-2.4119375828871026e-07,-6.080967873269067e-08,2.432178775957342e-07,6.197941280671607e-08
2233.0,-3.1067524053352e-08,-2.6144240258493623e-08,-2.412533894845248e-07,-6.07126576548246e-08,2.4324553230959335e-07,6.187740715170728e-08
2234.0,-3.0864266975516585e-08,-2.6106136949349537e-08,-2.4125968337354586e-07,-6.060990765742416e-08,2.4322589869797906e-07,6.176930667099488e-08
2235.0,-3.069623027984747e-08,-2.6064603100124887e-08,-2.412199166176854e-07,-6.050146394318191e-08,2.431651840343031e-07,6.165514460372284e-08
2236.0,-3.057533565220538e-08,-2.6019613806349783e-08,-2.4113984546658696e-07,-6.038736160378894e-08,2.430705169737672e-07,6.153495432351279e-08
2237.0,-3.04915629689706e-08,-2.5971145777982773e-08,-2.410452329126844e-07,-6.026763561284239e-08,2.429661287550612e-07,6.140876934321062e-08
2238.0,-3.0377972276562915e-08,-2.5919177412242692e-08,-2.409601292177599e-07,-6.014232082297998e-08,2.4286746400511366e-07,6.127662332320418e-08
2239.0,-3.029446299374072e-08,-2.586368886049584e-08,-2.4084736855931044e-07,-6.00114519671114e-08,2.4274515325753356e-07,6.113855008315263e-08
2240.0,-3.025638861675617e-08,-2.5804662089068767e-08,-2.406968604186377e-07,-5.987506366362034e-08,2.425910708734296e-07,6.09945836169697e-08
2241.0,-3.032883497122718e-08,-2.5742080933836436e-08,-2.404772404332456e-07,-5.973319042541856e-08,2.423822217018008e-07,6.084475811090685e-08
2242.0,-3.044575372368463e-08,-2.5675931148412417e-08,-2.4022448420757403e-07,-5.958586667273997e-08,2.421461268172552e-07,6.068910796458615e-08
2243.0,-3.0557718022627967e-08,-2.560620044574568e-08,-2.3997949363113724e-07,-5.943312674956941e-08,2.419171996659342e-07,6.052766781483587e-08
2244.0,-3.066485299019206e-08,-2.5532878532912782e-08,-2.3973622592654564e-07,-5.927500494360231e-08,2.416894520462443e-07,6.036047256218099e-08
2245.0,-3.0811955376019995e-08,-2.545595713889051e-08,-2.394669643274172e-07,-5.911153550962513e-08,2.4144109757512773e-07,6.018755739983383e-08
2246.0,-3.0973904885378545e-08,-2.537543003510735e-08,-2.39180713536985e-07,-5.894275269619058e-08,2.4117793537533604e-07,6.000895784501555e-08
2247.0,-3.1088976698567805e-08,-2.529129304860554e-08,-2.3891593151775803e-07,-5.876869077543333e-08,2.4093016997703324e-07,5.982470977241564e-08
2248.0,-3.10602629172152e-08,-2.5203544067700252e-08,-2.387174791174118e-07,-5.8589384075833106e-08,2.4072967155849005e-07,5.963484944956458e-08
2249.0,-3.0853922194928884e-08,-2.5112183040100196e-08,-2.3859769539280595e-07,-5.8404867017680456e-08,2.405843402251463e-07,5.943941357385287e-08
2250.0,-3.0626288505253285e-08,-2.5017211963551662e-08,-2.38493226691755e-07,-5.821517415093821e-08,2.404516348986878e-07,5.923843931088155e-08
2251.0,-3.0430225506083985e-08,-2.4918634869180975e-08,-2.383877369636911e-07,-5.8020340195122485e-08,2.403221000220768e-07,5.903196433377344e-08
2252.0,-3.016876848338512e-08,-2.4816457797828428e-08,-2.3832053093822414e-07,-5.782040008075424e-08,2.4022245952133855e-07,5.882002686301853e-08
2253.0,-2.9867156359220104e-08,-2.471068876978154e-08,-2.382951958118662e-07,-5.761538899186284e-08,2.4015962894708546e-07,5.860266570637147e-08
2254.0,-2.9538507945181536e-08,-2.460133774841997e-08,-2.383054918883576e-07,-5.740534240895948e-08,2.4012919630019924e-07,5.8379920298270144e-08
2255.0,-2.9155373088007863e-08,-2.4488416598374555e-08,-2.383073535554281e-07,-5.719029615184589e-08,2.400842155130002e-07,5.8151830738203304e-08
2256.0,-2.8776087651616322e-08,-2.4371939038875353e-08,-2.3825522159695578e-07,-5.69702864215845e-08,2.399866951286008e-07,5.791843782742608e-08
2257.0,-2.847378349768448e-08,-2.4251920593015117e-08,-2.3815964521334276e-07,-5.6745349840934844e-08,2.3985573362923453e-07,5.767978310340721e-08
2258.0,-2.8358942832928946e-08,-2.4128378533681556e-08,-2.3798063560412364e-07,-5.651552349255844e-08,2.3966437482684826e-07,5.743590887139381e-08
2259.0,-2.8307261396021133e-08,-2.40013318269141e-08,-2.3775473210335685e-07,-5.628084495431055e-08,2.394339443046488e-07,5.718685823249573e-08
2260.0,-2.8076167585266987e-08,-2.387080107342057e-08,-2.3758631746348402e-07,-5.604135233097012e-08,2.3923948134063365e-07,5.6932675107722636e-08
2261.0,-2.778811231118894e-08,-2.373680844895329e-08,-2.3744461667349337e-07,-5.5797084281802945e-08,2.3906510655685716e-07,5.667340425744668e-08
2262.0,-2.7623243165075806e-08,-2.3599377644198758e-08,-2.372227732479193e-07,-5.554808004340543e-08,2.3882564290793954e-07,5.640909129581058e-08
2263.0,-2.7547550601747517e-08,-2.345853380478409e-08,-2.3695323185524142e-07,-5.529437944733335e-08,2.3854915977802067e-07,5.613978269965235e-08
2264.0,-2.7512233602422498e-08,-2.3314303471945768e-08,-2.3669347945162733e-07,-5.5036022932082584e-08,2.3828706681797103e-07,5.586552581157367e-08
2265.0,-2.7535506846865232e-08,-2.3166714524342547e-08,-2.363747400625782e-07,-5.477305154905443e-08,2.379731536895815e-07,5.5586368836837493e-08
2266.0,-2.7514126782479664e-08,-2.3015796121428255e-08,-2.36044353566639e-07,-5.450550696220652e-08,2.376425130806667e-07,5.530236083384112e-08
2267.0,-2.7371587857372148e-08,-2.286157864873741e-08,-2.3575741607897993e-07,-5.423343144115685e-08,2.3734102691711584e-07,5.50135516979705e-08
2268.0,-2.72719345717487e-08,-2.270409366538306e-08,-2.3544435606703829e-07,-5.3956867847571434e-08,2.3701857146457543e-07,5.4719992138698826e-08
2269.0,-2.7399203461619948e-08,-2.254337385402374e-08,-2.350647711583942e-07,-5.3675859614723794e-08,2.3665621265895278e-07,5.4421733649845e-08
2270.0,-2.7350449599561344e-08,-2.2379452973524986e-08,-2.3477776022948205e-07,-5.339045072016482e-08,2.3636548773387012e-07,5.4118828472955114e-08
2271.0,-2.7035012284404303e-08,-2.221236581452019e-08,-2.3458636499301688e-07,-5.310068565148535e-08,2.361390576119394e-07,5.381132955381197e-08
2272.0,-2.671446514002085e-08,-2.204214815806607e-08,-2.3436264271620155e-07,-5.280660936519068e-08,2.358802894449626e-07,5.3499290492113736e-08
2273.0,-2.6440347411504916e-08,-2.186883673758959e-08,-2.3410431905859785e-07,-5.2508267238737327e-08,2.3559270823421267e-07,5.318276548439488e-08
2274.0,-2.620276515208353e-08,-2.1692469204329808e-08,-2.3384675132409605e-07,-5.220570501581093e-08,2.3531019528794086e-07,5.286180926029241e-08
2275.0,-2.5937369141360023e-08,-2.1513084096481826e-08,-2.336456418200461e-07,-5.189896874495381e-08,2.3508090747544014e-07,5.253647701229121e-08
2276.0,-2.5494933081349203e-08,-2.133072081224498e-08,-2.3352906079743274e-07,-5.158810471168262e-08,2.3491661041687433e-07,5.220682431911398e-08
2277.0,-2.5089644362097374e-08,-2.11454195869614e-08,-2.3335402135268857e-07,-5.127315936427214e-08,2.3469893381881298e-07,5.187290706295617e-08
2278.0,-2.4895238509570206e-08,-2.0957221474503196e-08,-2.330543576352373e-07,-5.095417923342191e-08,2.3438026050250365e-07,5.153478134080383e-08
2279.0,-2.468734491833935e-08,-2.076616833302467e-08,-2.327611272230634e-07,-5.063121084607082e-08,2.3406667286324246e-07,5.1192503370116947e-08
2280.0,-2.430625398175401e-08,-2.057230281513839e-08,-2.3255365619659352e-07,-5.0304300633680913e-08,2.3382043750072182e-07,5.084612938921123e-08
2281.0,-2.405350471579304e-08,-2.0375668362502338e-08,-2.3226968503056722e-07,-4.997349483537606e-08,2.3351183625956003e-07,5.049571555272799e-08
2282.0,-2.3896507772569464e-08,-2.017630920472308e-08,-2.3191394082910932e-07,-4.9638839396389393e-08,2.3314184316551177e-07,5.0141317822641665e-08
2283.0,-2.3804576976260705e-08,-1.9974270362389343e-08,-2.3151777852475908e-07,-4.930037986234423e-08,2.3273835020910954e-07,4.9782991855316066e-08
2284.0,-2.3929841524994444e-08,-1.9769597653954263e-08,-2.3101108290179972e-07,-4.8958161269964954e-08,2.3224719102472162e-07,4.942079288518238e-08
2285.0,-2.3993617731532524e-08,-1.9562337706086534e-08,-2.305096472240975e-07,-4.861222803488443e-08,2.3175502401291064e-07,4.905477560567172e-08
2286.0,-2.3881641636469553e-08,-1.9352537967019422e-08,-2.3009275795446427e-07,-4.826262383727729e-08,2.313287921343654e-07,4.8684994048088833e-08
2287.0,-2.3860409203990685e-08,-1.914024672235105e-08,-2.2965523398602028e-07,-4.790939150609951e-08,2.308914152248966e-07,4.8311501459157224e-08
2288.0,-2.396647821867326e-08,-1.8925513112696017e-08,-2.291722402958385e-07,-4.755257290274931e-08,2.3042202108396603e-07,4.793435017799519e-08
2289.0,-2.3990515157779058e-08,-1.8708387152559603e-08,-2.2871413153657816e-07,-4.719220880498173e-08,2.2996890829428833e-07,4.7553591513297356e-08
2290.0,-2.396076012600723e-08,-1.8488919749801435e-08,-2.2825519389174653e-07,-4.6828338791909555e-08,2.2950937140860908e-07,4.716927562149703e-08
2291.0,-2.384540317978967e-08,-1.8267162725075813e-08,-2.2781260827428595e-07,-4.646100113090752e-08,2.2905717133838002e-07,4.6781451386671105e-08
2292.0,-2.3667708820562794e-08,-1.804316883068254e-08,-2.2741266715239905e-07,-4.609023266720448e-08,2.2864094476314338e-07,4.6390166302923394e-08
2293.0,-2.3474823057645366e-08,-1.7816991768333006e-08,-2.270385109914841e-07,-4.571606871690074e-08,2.2824888343827226e-07,4.599546635994217e-08
2294.0,-2.3219123318485302e-08,-1.7588686205427617e-08,-2.2670210362424337e-07,-4.5338542964085674e-08,2.2788806786520484e-07,4.559739593237661e-08
2295.0,-2.2778057218175718e-08,-1.735830778954578e-08,-2.2645727350278921e-07,-4.4957687362657574e-08,2.2759994862247127e-07,4.519599767361458e-08
2296.0,-2.221941405866623e-08,-1.7125913160962623e-08,-2.262690846736859e-07,-4.45735320433654e-08,2.2735743014068859e-07,4.479131241447503e-08
2297.0,-2.1627909518873167e-08,-1.6891559963119893e-08,-2.2608799506509958e-07,-4.418610522650743e-08,2.2712011796120805e-07,4.4383379067255454e-08
2298.0,-2.108609467588174e-08,-1.6655306851083288e-08,-2.259016089606325e-07,-4.3795433140638087e-08,2.2688358318680259e-07,4.397223453550283e-08
2299.0,-2.0548925311336674e-08,-1.6417213498104692e-08,-2.257277838223215e-07,-4.3401539947559144e-08,2.2666118044514724e-07,4.355791362981081e-08
2300.0,-2.0077266293938578e-08,-1.6177340600466324e-08,-2.2553555697329974e-07,-4.300444767380865e-08,2.2642743667915834e-07,4.314044898988957e-08
2301.0,-1.9580079724246247e-08,-1.5935749880811044e-08,-2.2533916423442268e-07,-4.260417614881421e-08,2.2618823678493087e-07,4.271987101311159e-08
2302.0,-1.9069388734749282e-08,-1.569250409015728e-08,-2.2513372959290234e-07,-4.220074294984803e-08,2.2593989861714786e-07,4.2296207789707696e-08
2303.0,-1.869299676160452e-08,-1.544766700876142e-08,-2.248537046868615e-07,-4.179416335390945e-08,2.2562937893664396e-07,4.186948504477308e-08
2304.0,-1.8521805672522262e-08,-1.5201303445926384e-08,-2.2446275625351286e-07,-4.1384450296666374e-08,2.252256340434956e-07,4.14397260872441e-08
2305.0,-1.8473125085183284e-08,-1.495347923876676e-08,-2.239921755298191e-07,-4.097161433860853e-08,2.2475264414238627e-07,4.10069517660203e-08
2306.0,-1.8414756719487002e-08,-1.4704261249833487e-08,-2.2349281478262206e-07,-4.055566363859913e-08,2.242501761972492e-07,4.057118043343081e-08
2307.0,-1.84239775935513e-08,-1.4453717363385379e-08,-2.229340627067644e-07,-4.013660393505137e-08,2.2369407516809927e-07,4.013242791627478e-08
2308.0,-1.8447075644800748e-08,-1.4201916479982805e-08,-2.22369012863044e-07,-3.971443853499521e-08,2.2313285836364313e-07,3.9690707494694694e-08
2309.0,-1.847344727190503e-08,-1.3948928508981024e-08,-2.218076384924439e-07,-3.928916831133092e-08,2.2257559782622742e-07,3.924602988916494e-08
2310.0,-1.8596142847826513e-08,-1.3694824358425037e-08,-2.2119503828230136e-07,-3.886079170858392e-08,2.219753623479992e-07,3.8798403255889455e-08
2311.0,-1.8680070851262442e-08,-1.3439675921798953e-08,-2.2057273667622224e-07,-3.842930475747601e-08,2.2136232112047945e-07,3.8347833190899247e-08
2312.0,-1.868254492776167e-08,-1.3183556061064478e-08,-2.1997613153593165e-07,-3.799470109860959e-08,2.207680591265216e-07,3.789432274312082e-08
2313.0,-1.865853077598345e-08,-1.2926538585438002e-08,-2.194232792546158e-07,-3.755697201552147e-08,2.2021515899130884e-07,3.743787243664808e-08
2314.0,-1.865802573552955e-08,-1.2668698225405468e-08,-2.1891839663973345e-07,-3.71161064773011e-08,2.19712053177925e-07,3.697848030239286e-08
2315.0,-1.844595992617215e-08,-1.2410110601557416e-08,-2.1849440207111215e-07,-3.667209119088369e-08,2.1927165155124537e-07,3.6516141919212327e-08
2316.0,-1.8057950357253105e-08,-1.2150852187940441e-08,-2.1816230399290815e-07,-3.622491066302527e-08,2.189083837010339e-07,3.605085046451767e-08
2317.0,-1.7562129084325306e-08,-1.1891000269759652e-08,-2.1788591953939007e-07,-3.577454727184805e-08,2.185925486184286e-07,3.55825967742617e-08
2318.0,-1.7136044583310195e-08,-1.163063289542161e-08,-2.1762791486620858e-07,-3.532098134771671e-08,2.183015193556264e-07,3.5111369412087985e-08
2319.0,-1.6691002024948887e-08,-1.1369828823066842e-08,-2.1738725445447082e-07,-3.4864191263077685e-08,2.1802708076715996e-07,3.4637154747308937e-08
2320.0,-1.607434182981926e-08,-1.110866746189341e-08,-2.1718342935878043e-07,-3.440415353077054e-08,2.1777747003145723e-07,3.415993704126986e-08
2321.0,-1.542682126487449e-08,-1.084722880870922e-08,-2.1696236237114808e-07,-3.394084291021062e-08,2.1751012275296005e-07,3.3679698541556336e-08
2322.0,-1.4850382534792317e-08,-1.0585593380264492e-08,-2.167537275013509e-07,-3.3474232520748134e-08,2.1726185179906655e-07,3.319641958341787e-08
2323.0,-1.4346470872395045e-08,-1.0323842142002383e-08,-2.1657008500083896e-07,-3.300429396143568e-08,2.1704474871270923e-07,3.27100786977139e-08
2324.0,-1.3823099637155778e-08,-1.0062056433919632e-08,-2.1634589653096725e-07,-3.2530997436385e-08,2.1678704995771018e-07,3.2220652724640785e-08
2325.0,-1.3246441499248363e-08,-9.80031789424835e-09,-2.1610493587675972e-07,-3.20543118848659e-08,2.165105344381456e-07,3.172811693247216e-08
2326.0,-1.2812285427044046e-08,-9.538708381654767e-09,-2.157794300183813e-07,-3.157420511529766e-08,2.1615947140229955e-07,3.123244514054135e-08
2327.0,-1.2657288356310303e-08,-9.277309896603554e-09,-2.153587380857025e-07,-3.1090643942304486e-08,2.1573037110801296e-07,3.0733609845711715e-08
2328.0,-1.2367293189541329e-08,-9.016204502460366e-09,-2.149619509859979e-07,-3.060359432605073e-08,2.1531741757819464e-07,3.0231582351620054e-08
2329.0,-1.208396951946078e-08,-8.755474246805709e-09,-2.1453847576582974e-07,-3.011302151313377e-08,2.1487852359710771e-07,2.9726332900033246e-08
2330.0,-1.1927825477320297e-08,-8.495201083318448e-09,-2.1400525312270657e-07,-2.9618890178388818e-08,2.1433740080707127e-07,2.921783080372665e-08
2331.0,-1.1973239011364711e-08,-8.235466794465378e-09,-2.1340318317325524e-07,-2.9121164567044194e-08,2.1373880565049763e-07,2.870604458036883e-08
2332.0,-1.1962861451442208e-08,-7.97635291511135e-09,-2.12794308861175e-07,-2.8619808636754205e-08,2.13130307412652e-07,2.819094208697734e-08
2333.0,-1.1807044564271507e-08,-7.717940657047748e-09,-2.122041678695452e-07,-2.811478619912393e-08,2.125323861498497e-07,2.7672490654589558e-08
2334.0,-1.1722167209127221e-08,-7.460310834333556e-09,-2.1160543017123556e-07,-2.7606061060421565e-08,2.1192986406363873e-07,2.71506572228667e-08
2335.0,-1.185069389841864e-08,-7.203543789258447e-09,-2.1095389353062433e-07,-2.7093597161243897e-08,2.1128649777400355e-07,2.6625408474412797e-08
2336.0,-1.1808761357645636e-08,-6.947719318673851e-09,-2.1038331383602116e-07,-2.6577358714957008e-08,2.1071446458520022e-07,2.609671096864205e-08
2337.0,-1.1576953728997808e-08,-6.692916600397132e-09,-2.0985344836160769e-07,-2.6057310344775767e-08,2.101725378038275e-07,2.55645312750657e-08
2338.0,-1.1395720089790728e-08,-6.439214119376656e-09,-2.0931263796861166e-07,-2.5533417219371983e-08,2.0962262008128787e-07,2.502883610589367e-08
2339.0,-1.126523674344071e-08,-6.186689593311687e-09,-2.0882207871220082e-07,-2.500564518691402e-08,2.0912571844842604e-07,2.4489592447857565e-08
2340.0,-1.1044287984152135e-08,-5.935419897447287e-09,-2.0841089766465704e-07,-2.4473960907441357e-08,2.0870332666841954e-07,2.394676769316272e-08
2341.0,-1.0618389417738072e-08,-5.685480988305395e-09,-2.0800096480963481e-07,-2.393833198347082e-08,2.0827182131907732e-07,2.3400329769470207e-08
2342.0,-1.0257256238821455e-08,-5.436947826163611e-09,-2.0750239964825723e-07,-2.3398727088719395e-08,2.0775576325419688e-07,2.2850247268799413e-08
2343.0,-1.0062190775039781e-08,-5.189894296149014e-09,-2.0697712418277225e-07,-2.2855116094816755e-08,2.0722156648902165e-07,2.229648957523081e-08
2344.0,-9.786391946819961e-09,-4.944393127869884e-09,-2.065292770137006e-07,-2.230747019587085e-08,2.0676101114847224e-07,2.17390269912799e-08
2345.0,-9.308083998016414e-09,-4.7005158135591e-09,-2.0612828713698073e-07,-2.1755762030743177e-08,2.0633834153094209e-07,2.1177830862807313e-08
2346.0,-8.833505898975247e-09,-4.458332524747392e-09,-2.0571919207360012e-07,-2.1199965802886533e-08,2.0590875846811862e-07,2.0612873702326265e-08
2347.0,-8.585201854982571e-09,-4.217912027522023e-09,-2.0526526172889858e-07,-2.0640057397596266e-08,2.054447209434305e-07,2.0044129310566617e-08
2348.0,-8.533418749401278e-09,-3.979321596453905e-09,-2.0471423348156215e-07,-2.0076014496529207e-08,2.0489201210758845e-07,1.9471572896157156e-08
2349.0,-8.24538037846878e-09,-3.7426269272913e-09,-2.041779632623586e-07,-1.9507816689353796e-08,2.043443832835899e-07,1.8895181193295585e-08
2350.0,-8.017411901040106e-09,-3.507892048522601e-09,-2.036853234549385e-07,-1.8935445582410723e-08,2.0384305208795777e-07,1.8314932577289436e-08
2351.0,-7.905948895547965e-09,-3.2751792319101022e-09,-2.0318045098471904e-07,-1.8358884904282817e-08,2.0333420688682176e-07,1.7730807177868432e-08
2352.0,-7.683009894954296e-09,-3.04454890209667e-09,-2.026293153926939e-07,-1.7778120608194452e-08,2.027749197942334e-07,1.7142786990187677e-08
2353.0,-7.351365072238991e-09,-2.8160595453903393e-09,-2.020234828592482e-07,-1.7193140971181758e-08,2.021571917963996e-07,1.6550855983460157e-08
2354.0,-7.252151268399842e-09,-2.589767617838124e-09,-2.0138269753167126e-07,-1.6603936689996176e-08,2.015132366946458e-07,1.5955000207175874e-08
2355.0,-7.343718438912461e-09,-2.3657274527093766e-09,-2.0067965848455382e-07,-1.601050097372383e-08,2.0081398240657243e-07,1.5355207894882908e-08
2356.0,-7.1512536725659714e-09,-2.1439911675208026e-09,-1.9998469190721235e-07,-1.541282963311941e-08,2.001125119184506e-07,1.4751469565519706e-08
2357.0,-6.752263137510539e-09,-1.924608570751567e-09,-1.9944187026540994e-07,-1.4810921166661882e-08,1.9955613914997152e-07,1.4143778122294802e-08
2358.0,-6.606854091595338e-09,-1.7076270684216271e-09,-1.9897307498850658e-07,-1.4204776843337513e-08,1.9908273428745521e-07,1.3532128949106528e-08
2359.0,-6.3940414352092745e-09,-1.4930915707400674e-09,-1.9845575463528498e-07,-1.3594400782142247e-08,1.985587326554428e-07,1.2916520004480521e-08
2360.0,-6.0552275971126335e-09,-1.281044399068991e-09,-1.9793642781068543e-07,-1.2979800028273454e-08,1.9802902624541564e-07,1.2296951912979533e-08
2361.0,-5.766117361361012e-09,-1.0715251934871922e-09,-1.9748565966565268e-07,-1.2360984625955808e-08,1.9756982027375281e-07,1.1673428054013629e-08
2362.0,-5.464438956881423e-09,-8.645708212731004e-10,-1.971137108293386e-07,-1.1737967687822459e-08,1.9718943960066826e-07,1.1045954647953725e-08
2363.0,-5.129936114789402e-09,-6.602152866563291e-10,-1.9660944436741823e-07,-1.1110765460754736e-08,1.9667635815981226e-07,1.0414540839431855e-08
2364.0,-4.7169290418036525e-09,-4.584896422089525e-10,-1.960389351997327e-07,-1.0479397388073301e-08,1.960956744393675e-07,9.779198777699457e-09
2365.0,-4.59975504907284e-09,-2.5942190225884797e-10,-1.9540833562023407e-07,-9.84388616797371e-09,1.95462465390114e-07,9.139943693912624e-09
2366.0,-4.486412963355946e-09,-6.303695870620135e-11,-1.9472848683532717e-07,-9.204257808109712e-09,1.9478016194277578e-07,8.496793975221114e-09
2367.0,-4.225449684591709e-09,1.3064350038921676e-10,-1.9407821927330815e-07,-8.560541676244757e-09,1.9412421183699703e-07,7.849771235552187e-09
2368.0,-3.895613248650065e-09,3.2160106910509337e-10,-1.9352380086629095e-07,-7.912770546911266e-09,1.935630060324516e-07,7.198900382996497e-09
2369.0,-3.753975796882969e-09,5.098206985206289e-10,-1.9300122892224048e-07,-7.26098064403382e-09,1.9303773387547485e-07,6.5442096837161535e-09
2370.0,-3.651458024833687e-09,6.95290767860793e-10,-1.9240062055364548e-07,-6.605211679483871e-09,1.924352668694982e-07,5.885730822303996e-09
2371.0,-3.6066441777560243e-09,8.780031516675678e-10,-1.9174066631308384e-07,-5.945506887542358e-09,1.9177458382280564e-07,5.223498958528337e-09
2372.0,-3.6187602636683636e-09,1.057953282781675e-09,-1.910898256470006e-07,-5.2819130552549495e-09,1.911240876803523e-07,4.557552780402586e-09
2373.0,-3.4804649440278723e-09,1.2351402109539517e-09,-1.9045298708594838e-07,-4.614480548673448e-09,1.9048478660036615e-07,3.887934553525086e-09
2374.0,-3.380914020967296e-09,1.4095666569349936e-09,-1.8981563506756394e-07,-3.943263334985505e-09,1.8984574236921876e-07,3.2146901666401862e-09
2375.0,-3.3237108343353583e-09,1.5812390619108387e-09,-1.8913529735431478e-07,-3.268319000540823e-09,1.8916449920377595e-07,2.537869173374774e-09
2376.0,-3.1945160960944463e-09,1.7501676321605668e-09,-1.8842285649800505e-07,-2.589708764784094e-09,1.8844993442279572e-07,1.8575248301047651e-09
2377.0,-3.018405358989895e-09,1.9163663788099337e-09,-1.8774750782171723e-07,-1.907497490102946e-09,1.8777176961454284e-07,1.1737141299014452e-09
2378.0,-2.9922101740798013e-09,2.0798531525454463e-09,-1.8709671617198054e-07,-1.2217536875917997e-09,1.8712064163011122e-07,4.864978324990214e-10
2379.0,-2.8665831930396735e-09,2.2406496731369084e-09,-1.8646071723096846e-07,-5.325495187195564e-10,1.864827508631557e-07,-2.0405950979037786e-10
2380.0,-2.559552708669699e-09,2.3987815535949314e-09,-1.859055498050488e-07,1.6003920713039154e-10,1.8592316896607034e-07,-8.978895303084654e-10
2381.0,-2.2707551117218117e-09,2.5542783187639307e-09,-1.8542282978137314e-07,8.559330393034633e-10,1.854367335047441e-07,-1.594920030548898e-09
2382.0,-2.000180965300302e-09,2.7071734181233714e-09,-1.8492551976528881e-07,1.5550488967822314e-09,1.8493633657114594e-07,-2.295074967068655e-09
2383.0,-1.5813029496936082e-09,2.857504232544464e-09,-1.843558626278552e-07,2.257300083465235e-09,1.843626442755672e-07,-2.9982744429841886e-09
2384.0,-1.3373967766572292e-09,3.005312074732623e-09,-1.8380521652969217e-07,2.9625963079384293e-09,1.8381008202398811e-07,-3.7044347042414505e-09
2385.0,-1.236113100766545e-09,3.1506421830829666e-09,-1.8323784703802581e-07,3.670843707867227e-09,1.8324201636832322e-07,-4.413468140855807e-09
2386.0,-1.0112261306094439e-09,3.293543708689653e-09,-1.826598561120718e-07,4.381944879131689e-09,1.8266265522314627e-07,-5.125283293313443e-09
2387.0,-7.124421053106289e-10,3.4340696952792275e-09,-1.8206630940029167e-07,5.0957989098107676e-09,1.8206770332048502e-07,-5.839784864310244e-09
2388.0,-5.405144110071092e-10,3.572277051880104e-09,-1.814094620564144e-07,5.812301419095735e-09,1.8141026729329892e-07,-6.5568737359789866e-09
2389.0,-5.124265178846343e-10,3.7082265180918018e-09,-1.8066501233579557e-07,6.531344601178661e-09,1.8066573904099636e-07,-7.2764469927226555e-09
2390.0,-5.715607154233027e-10,3.841982621877071e-09,-1.7995309856133623e-07,7.252817274121514e-09,1.7995400624458854e-07,-7.998397949731636e-09
2391.0,-5.425722648944031e-10,3.9736136298657884e-09,-1.7928988585783068e-07,7.976604933667896e-09,1.792907068299319e-07,-8.722616187219469e-09
2392.0,-5.157242688458297e-10,4.103191490226499e-09,-1.786016430027626e-07,8.702589811916275e-09,1.7860238759548468e-07,-9.448987590368855e-09
2393.0,-6.168723587496316e-10,4.2307917682226e-09,-1.7786778444550677e-07,9.430650940733804e-09,1.7786885414557618e-07,-1.017739439493985e-08
2394.0,-6.325282519981101e-10,4.356493574620693e-09,-1.7710107832330513e-07,1.0160664219754509e-08,1.7710220787801329e-07,-1.0907715238456241e-08
2395.0,-6.616827363803424e-10,4.480379487155312e-09,-1.762318549460018e-07,1.0892502488774817e-08,1.7623309712353194e-07,-1.1639825216854871e-08
2396.0,-8.172343635148849e-10,4.602535465275939e-09,-1.7538668227456977e-07,1.1626035604334555e-08,1.7538858626286317e-07,-1.2373595946456621e-08
2397.0,-8.884993851765444e-10,4.72305075840748e-09,-1.746375007105616e-07,1.2361130520255268e-08,1.74639760895361e-07,-1.3108895631100391e-08
2398.0,-7.237861976427951e-10,4.842017807942629e-09,-1.7387226913800902e-07,1.3097651371903984e-08,1.738737756007505e-07,-1.3845589134275972e-08
2399.0,-5.917887013762169e-10,4.959532143153065e-09,-1.7313331928878184e-07,1.3835459563961764e-08,1.731343306852178e-07,-1.4583538056101277e-08
2400.0,-7.204517260550602e-10,5.0756922711576255e-09,-1.7251278238220036e-07,1.4574413861502538e-08,1.7251428675891744e-07,-1.5322600815012967e-08
2401.0,-4.988862933874572e-10,5.190599561023689e-09,-1.7193863290423939e-07,1.531437048422583e-08,1.719393566712186e-07,-1.606263273407566e-08
2402.0,-1.502169499900674e-10,5.304358122008057e-09,-1.7136511816853717e-07,1.605518320373366e-08,1.7136518400786307e-07,-1.680348613185866e-08
2403.0,-1.9826668085087817e-11,5.417074675869523e-09,-1.707733080051621e-07,1.6796703443791646e-08,1.707733091560936e-07,-1.754501041787583e-08
2404.0,2.403668375450252e-10,5.528858423110899e-09,-1.701650841796909e-07,1.7538780383561567e-08,1.7016525394479885e-07,-1.8287052192628898e-08
2405.0,7.037098681550447e-10,5.6398209029392775e-09,-1.6956093310677156e-07,1.8281261063834157e-08,1.6956239336485435e-07,-1.902945535233183e-08
2406.0,9.579065596287961e-10,5.7500758466761265e-09,-1.6893418489094536e-07,1.902399049632283e-08,1.68936900675208e-07,-1.9772061198423125e-08
2407.0,1.1235737618076058e-09,5.8597390243077946e-09,-1.6822055183204898e-07,1.9766811776102862e-08,1.6822430406061217e-07,-2.051470855199252e-08
2408.0,1.204706417956558e-09,5.968928083845779e-09,-1.675873420627083e-07,2.050956619729626e-08,1.675916720401007e-07,-2.125723387326034e-08
2409.0,1.4993248032002526e-09,6.077762383165739e-09,-1.6712396375129224e-07,2.1252093372112308e-08,1.6713068908733886e-07,-2.199947138625338e-08
2410.0,1.8915139454733776e-09,6.186362814011844e-09,-1.665629928530865e-07,2.1994231353358236e-08,1.6657373266269587e-07,-2.2741253208820958e-08
2411.0,2.122466202791884e-09,6.2948516178850595e-09,-1.6597755395433844e-07,2.2735816760534006e-08,1.6599112409839065e-07,-2.348240948812949e-08
2412.0,2.1212874790066394e-09,6.40335219357936e-09,-1.6543004037472553e-07,2.3476684909616126e-08,1.6544364030978015e-07,-2.4222768541759788e-08
2413.0,2.3930147863282514e-09,6.511988896191109e-09,-1.6479524840573578e-07,2.4216669946615664e-08,1.648126221406472e-07,-2.4962157004505715e-08
2414.0,2.4377366236727482e-09,6.620886827504405e-09,-1.6414652944524155e-07,2.4955604984962894e-08,1.641646298346996e-07,-2.5700399980934433e-08
2415.0,2.342800092813846e-09,6.730171617745793e-09,-1.633663689673548e-07,2.569332224672742e-08,1.633831668864721e-07,-2.643732120371836e-08
2416.0,2.5273485804166995e-09,6.839969198799743e-09,-1.624249015598489e-07,2.642965320763021e-08,1.6244456327490168e-07,-2.7172743197690216e-08
2417.0,2.2469429095117732e-09,6.950405569076562e-09,-1.6145135729381255e-07,2.716442874574846e-08,1.6146699205860287e-07,-2.7906487449509915e-08
2418.0,1.7652710126991877e-09,7.061606550321467e-09,-1.6061718958668147e-07,2.7897479293762122e-08,1.6062688994210233e-07,-2.8638374582773122e-08
2419.0,1.821139711255526e-09,7.173697536740939e-09,-1.6003729836830405e-07,2.8628634994551034e-08,1.6004765983566734e-07,-2.9368224538344628e-08
2420.0,2.212704464099602e-09,7.286803236891869e-09,-1.5959098940629413e-07,2.9357725859931458e-08,1.5960632807230838e-07,-3.0095856759672187e-08
2421.0,2.412094968207157e-09,7.4010474088234295e-09,-1.590539465655405e-07,3.008458193231909e-08,1.590722355416226e-07,-3.08210903828286e-08
2422.0,2.302595586423095e-09,7.516552588982734e-09,-1.5832351769537456e-07,3.08090334491154e-08,1.5834026083682002e-07,-3.1543744431032626e-08
2423.0,2.4558795830298408e-09,7.633439815403801e-09,-1.5762917798464726e-07,3.153091100962424e-08,1.5764830825810326e-07,-3.226363801340349e-08
2424.0,2.54804619070903e-09,7.751828345706188e-09,-1.5698634263025535e-07,3.2250045744309925e-08,1.5700701994437674e-07,-3.298059052770126e-08
2425.0,2.6465127311858794e-09,7.871835370438022e-09,-1.5637556999639757e-07,3.296626948620557e-08,1.563979632902378e-07,-3.369442186679709e-08
2426.0,2.8478148450528096e-09,7.993575722305722e-09,-1.558537278921468e-07,3.3679414944276796e-08,1.5587974386452858e-07,-3.440495262860657e-08
2427.0,3.336264570164005e-09,8.11716158183761e-09,-1.553229820559776e-07,3.438931587854169e-08,1.5535880862070124e-07,-3.5112004329209815e-08
2428.0,3.5559186983835644e-09,8.24270218003375e-09,-1.5463491058465006e-07,3.509580727674341e-08,1.546757903788186e-07,-3.5815399618870433e-08
2429.0,3.501196776944937e-09,8.370303498564205e-09,-1.5389586795200305e-07,3.579872553236341e-08,1.5393568966153122e-07,-3.651496250065114e-08
2430.0,3.597061509763577e-09,8.500067968098721e-09,-1.5332265825701574e-07,3.6497908623748886e-08,1.5336484729722995e-07,-3.721051855130335e-08
2431.0,3.897447448109048e-09,8.632094165383755e-09,-1.528674813122688e-07,3.7193196294111303e-08,1.5291715711249546e-07,-3.7901895144084295e-08
2432.0,4.284232663076537e-09,8.766476509723991e-09,-1.52435611397439e-07,3.7884430232134026e-08,1.5249580411153091e-07,-3.8588921673130334e-08
2433.0,4.594196328921996e-09,8.90330495957017e-09,-1.5194651797542646e-07,3.8571454252908825e-08,1.520159562834286e-07,-3.927142977899004e-08
2434.0,4.758701183105174e-09,9.042664709964222e-09,-1.5139591648741235e-07,3.925411447889707e-08,1.5147068616076716e-07,-3.99492535748906e-08
2435.0,4.734899916591928e-09,9.184635891651966e-09,-1.5079433336034898e-07,3.993225952057816e-08,1.5086865231323636e-07,-4.0622229873271e-08
2436.0,4.958515348318926e-09,9.32929327274639e-09,-1.5020970054596683e-07,4.060574065640184e-08,1.5029152009534186e-07,-4.129019841206308e-08
2437.0,5.262576402431662e-09,9.47670596390834e-09,-1.496987616471379e-07,4.12744120116047e-08,1.497912345535547e-07,-4.1953002080138395e-08
2438.0,5.398844399318037e-09,9.626937128100132e-09,-1.4900213364879566e-07,4.19381307353883e-08,1.4909991063961647e-07,-4.261048714126912e-08
2439.0,5.2228176505852986e-09,9.78004369605737e-09,-1.4821856670482747e-07,4.259675717588979e-08,1.483105570761726e-07,-4.326250345587835e-08
2440.0,5.143613812652603e-09,9.936076088714366e-09,-1.474512162508157e-07,4.3250155052309744e-08,1.4754090258941256e-07,-4.390890469978233e-08
2441.0,5.1177500570709356e-09,1.0095077947906708e-08,-1.467654644204952e-07,4.3898191623498946e-08,1.4685466595314667e-07,-4.454954857905888e-08
2442.0,5.19933907039416e-09,1.0257085876753346e-08,-1.461492285907695e-07,4.45407378522538e-08,1.4624168401808673e-07,-4.5184297040117997e-08
2443.0,5.343170628169247e-09,1.0422129191181762e-08,-1.4567468308718245e-07,4.517766856453172e-08,1.4577264065973687e-07,-4.581301647400846e-08
2444.0,5.631747457268688e-09,1.0590229684099499e-08,-1.452901009155183e-07,4.5808862602776206e-08,1.4539920908816507e-07,-4.6435577913969124e-08
2445.0,5.765808414048834e-09,1.0761401403736348e-08,-1.447243430166556e-07,4.643420297253121e-08,1.4483915219397725e-07,-4.705185722522093e-08
2446.0,5.467247182755486e-09,1.0935650447690209e-08,-1.4398090757150594e-07,4.7053576981519356e-08,1.440846714153587e-07,-4.766173528598922e-08
2447.0,5.100041833294711e-09,1.111297477421067e-08,-1.4319984217511794e-07,4.766687637035388e-08,1.43290632023451e-07,-4.826509815874054e-08
2448.0,5.274855136017109e-09,1.129336403224606e-08,-1.4258653669926846e-07,4.827399743404888e-08,1.426840724979414e-07,-4.8861837250612686e-08
2449.0,5.574820521880852e-09,1.1476799411752754e-08,-1.4205687589793903e-07,4.8874841133493185e-08,1.4216622177484227e-07,-4.945184946201858e-08
2450.0,5.579211148631913e-09,1.1663253515710299e-08,-1.414607246237598e-07,4.94693131960666e-08,1.4157070391899668e-07,-5.003503732242069e-08
2451.0,5.430956601104597e-09,1.1852690255202463e-08,-1.4073788209487126e-07,5.0057324204606566e-08,1.4084263113898775e-07,-5.0611309112306535e-08
2452.0,5.5463725834314914e-09,1.2045064768819364e-08,-1.4003483830501984e-07,5.0638789673976615e-08,1.401446331043301e-07,-5.1180578970444554e-08
2453.0,5.945692577169481e-09,1.2240323367516347e-08,-1.3958473761566115e-07,5.121363011454442e-08,1.3971131033475842e-07,-5.17427669855627e-08
2454.0,6.20941806306341e-09,1.2438403505931158e-08,-1.392452582335557e-07,5.1781771081946e-08,1.3938363897248312e-07,-5.2297799271669534e-08
2455.0,6.329324370168976e-09,1.2639233781013548e-08,-1.3891925899900404e-07,5.234314321259575e-08,1.3906336997144567e-07,-5.2845608026329116e-08
2456.0,6.631336146867284e-09,1.2842733958666414e-08,-1.3848562838494893e-07,5.289768224449429e-08,1.3864430708928125e-07,-5.338613157130383e-08
2457.0,7.066101176400608e-09,1.304881502894252e-08,-1.3803516915947278e-07,5.3445329022980754e-08,1.382159097597646e-07,-5.3919314375084435e-08
2458.0,7.51570811141633e-09,1.3257379290190165e-08,-1.376742791957264e-07,5.398602949116479e-08,1.378792697271016e-07,-5.444510705692657e-08
2459.0,7.74713906914748e-09,1.3468320462397322e-08,-1.3740292796951548e-07,5.451973466485414e-08,1.3762115672509286e-07,-5.496346637210473e-08
2460.0,8.010373891975675e-09,1.3681523829850877e-08,-1.3709971916076036e-07,5.504640059186572e-08,1.373335322630588e-07,-5.54743551781786e-08
2461.0,8.379320265428092e-09,1.3896866413109657e-08,-1.366716576266247e-07,5.5565988295672016e-08,1.3692828417284696e-07,-5.597774238214173e-08
2462.0,8.613748075925187e-09,1.411421717018761e-08,-1.361464075783081e-07,5.607846370338868e-08,1.3641862392061537e-07,-5.6473602868387474e-08
2463.0,8.461544548366007e-09,1.4333437226754319e-08,-1.3551002759834563e-07,5.658379755815214e-08,1.357739493269912e-07,-5.696191740748134e-08
2464.0,8.27510210354987e-09,1.4554380135080117e-08,-1.3489071535102704e-07,5.708196531597138e-08,1.351443021467645e-07,-5.744267254577458e-08
2465.0,8.500402159938858e-09,1.4776892161376213e-08,-1.3441360872945562e-07,5.75729470271723e-08,1.346821259431105e-07,-5.7915860475939385e-08
2466.0,9.053354399490843e-09,1.5000812601096894e-08,-1.3420507525771508e-07,5.8056727202594754e-08,1.345100942338966e-07,-5.838147888855971e-08
2467.0,9.399215433747443e-09,1.5225974121672946e-08,-1.3393958699092767e-07,5.8533294664755943e-08,1.3426897710964465e-07,-5.88395308049782e-08
2468.0,9.371153630866047e-09,1.5452203132034384e-08,-1.3344928683628465e-07,5.900264238425791e-08,1.337779155073298e-07,-5.929002439167845e-08
2469.0,9.092710751001931e-09,1.5679320178166294e-08,-1.3280264410039933e-07,5.946476730178395e-08,1.331135592975363e-07,-5.973297275656361e-08
2470.0,9.049700655516801e-09,1.59071403638319e-08,-1.3228842146370545e-07,5.99196701360936e-08,1.3259760003602414e-07,-6.016839372757211e-08
2471.0,9.272359713374811e-09,1.613547379548704e-08,-1.3196506215562565e-07,6.036735517848884e-08,1.322904164495386e-07,-6.059630961414971e-08
2472.0,9.439063447524987e-09,1.6364126050287963e-08,-1.316399117975986e-07,6.080783007429216e-08,1.319778856356092e-07,-6.101674695218155e-08
2473.0,9.424098029731098e-09,1.6592898665951315e-08,-1.3116359380907494e-07,6.124110559195413e-08,1.315017184852958e-07,-6.142973623308317e-08
2474.0,9.524734972954363e-09,1.6821589651062152e-08,-1.306204129684907e-07,6.166719538049404e-08,1.30967220556764e-07,-6.183531161785512e-08
2475.0,9.994760297171723e-09,1.7049994014250213e-08,-1.301823795256396e-07,6.20861157160683e-08,1.3056548997478463e-07,-6.22335106370184e-08
2476.0,1.0569967345830378e-08,1.727790431047047e-08,-1.2991989821464767e-07,6.249788523855644e-08,1.3034916248981552e-07,-6.262437387746461e-08
2477.0,1.1120645182494115e-08,1.750511120243698e-08,-1.298003889892152e-07,6.290252467915645e-08,1.3027589850400768e-07,-6.300794465737924e-08
2478.0,1.162134780074986e-08,1.7731404035078243e-08,-1.2981430063882526e-07,6.330005658008867e-08,1.3033345071413287e-07,-6.338426869052643e-08
2479.0,1.1912127756419366e-08,1.795657142072165e-08,-1.2974374451885096e-07,6.369050500761738e-08,1.302894394394961e-07,-6.375339374131373e-08
2480.0,1.2221215733854152e-08,1.818040183258457e-08,-1.296193106355148e-07,6.407389525969917e-08,1.3019417730313243e-07,-6.411536927217388e-08
2481.0,1.2579704333770536e-08,1.840268420405385e-08,-1.295280690205569e-07,6.445025356964709e-08,1.3013750276272878e-07,-6.447024608489672e-08
2482.0,1.3184740327298883e-08,1.86232085311702e-08,-1.2951208338413123e-07,6.48196068072547e-08,1.3018147763793612e-07,-6.481807595761204e-08
2483.0,1.3985237246050275e-08,1.8841766475694374e-08,-1.2951380778253307e-07,6.518198217885005e-08,1.3026670053071597e-07,-6.515891127916195e-08
2484.0,1.4598263681220303e-08,1.9058151966118278e-08,-1.2936818196210287e-07,6.553740692774912e-08,1.301892307630942e-07,-6.549280468260863e-08
2485.0,1.4901274963952105e-08,1.9272161794002495e-08,-1.2904593733528702e-07,6.588590803654986e-08,1.2990343312743558e-07,-6.581980867960122e-08
2486.0,1.4976884593620454e-08,1.9483596203081616e-08,-1.2866180341269962e-07,6.62275119326534e-08,1.2953056291678343e-07,-6.61399752972718e-08
2487.0,1.4947096255157888e-08,1.9692259468682926e-08,-1.2828146111337757e-07,6.656224419832179e-08,1.291493281122436e-07,-6.645335571924928e-08
2488.0,1.504244029337798e-08,1.989796046514493e-08,-1.279316759646154e-07,6.68901292864907e-08,1.2881299905326013e-07,-6.675999993228217e-08
2489.0,1.5278451753752975e-08,2.010051321908339e-08,-1.2768263889587073e-07,6.721119024346033e-08,1.285934965828563e-07,-6.705995637985479e-08
2490.0,1.5442589151870578e-08,2.0299737446518218e-08,-1.2750544244044537e-07,6.752544843949721e-08,1.2843718858511034e-07,-6.735327162408018e-08
2491.0,1.5405160536108298e-08,2.0495459072036552e-08,-1.2727397636844162e-07,6.783292330829526e-08,1.2820290180716621e-07,-6.763999001705729e-08
2492.0,1.517036771203628e-08,2.0687510728324452e-08,-1.2690651090413452e-07,6.813363209616529e-08,1.2781002529684284e-07,-6.792015338278945e-08
2493.0,1.4977932033533037e-08,2.0875732234552206e-08,-1.2653048755625895e-07,6.842758962174513e-08,1.274139032022241e-07,-6.819380071067307e-08
2494.0,1.5031346861649197e-08,2.1059971052241447e-08,-1.2628317593021965e-07,6.871480804694696e-08,1.2717461189835816e-07,-6.846096786147909e-08
2495.0,1.524973655686601e-08,2.1240082717367668e-08,-1.2606845074467077e-07,6.899529665978539e-08,1.26987435355689e-07,-6.872168728666843e-08
2496.0,1.5334795877564034e-08,2.1415931247553292e-08,-1.2569102248588537e-07,6.926906166966513e-08,1.2662301962184402e-07,-6.897598776181054e-08
2497.0,1.513591485480248e-08,2.1587389523284856e-08,-1.251407387957426e-07,6.953610601565008e-08,1.2605276841401028e-07,-6.922389413481334e-08
2498.0,1.493847456845998e-08,2.1754339642150593e-08,-1.2464279631682618e-07,6.979642918818905e-08,1.2553479476268857e-07,-6.946542708962316e-08
2499.0,1.5045463680474214e-08,2.1916673245145346e-08,-1.243841418023528e-07,7.005002706473873e-08,1.2529078461430545e-07,-6.9700602926017e-08
2500.0,1.5472585185305476e-08,2.2074291814126554e-08,-1.2437784878069347e-07,7.029689175970888e-08,1.253365475814201e-07,-6.992943335609228e-08
2501.0,1.6051292905938652e-08,2.2227106939524378e-08,-1.2452608125906872e-07,7.053701148916021e-08,1.255563177131777e-07,-7.015192531806606e-08
2502.0,1.652451581124481e-08,2.2375040557415382e-08,-1.2467394374521268e-07,7.077037045071008e-08,1.2576427104619394e-07,-7.036808080802209e-08
2503.0,1.680655772884343e-08,2.2518025155076633e-08,-1.2477243459957377e-07,7.099694871913026e-08,1.2589924868162582e-07,-7.057789673027396e-08
2504.0,1.700368718049461e-08,2.265600394416325e-08,-1.2485563505304498e-07,7.121672215814079e-08,1.2600815442752612e-07,-7.078136476703147e-08
2505.0,1.7258932616392997e-08,2.2788931000707796e-08,-1.2491393100791393e-07,7.142966234890173e-08,1.2610059839234338e-07,-7.097847126804931e-08
2506.0,1.7599361523679136e-08,2.2916771371225175e-08,-1.2489837328960585e-07,7.163573653567523e-08,1.2613223686445463e-07,-7.11691971608989e-08
2507.0,1.790563841641557e-08,2.3039501144315935e-08,-1.2474945421808714e-07,7.18349075890749e-08,1.2602792632908801e-07,-7.135351788243555e-08
2508.0,1.8027631498718222e-08,2.315710748728945e-08,-1.2448954960983527e-07,7.202713398724036e-08,1.257880894978265e-07,-7.15314033319392e-08
2509.0,1.795299020557195e-08,2.326958864747435e-08,-1.2419686079914727e-07,7.221236981517988e-08,1.2548772884104695e-07,-7.170281784629356e-08
2510.0,1.784103606516929e-08,2.3376953918045873e-08,-1.2396525187266527e-07,7.239056478242005e-08,1.252425097150804e-07,-7.186772019744381e-08
2511.0,1.7855310785463985e-08,2.3479223568373226e-08,-1.2383454579822928e-07,7.256166425899855e-08,1.251151743646599e-07,-7.202606361224788e-08
2512.0,1.798617196846486e-08,2.357642873906536e-08,-1.2378064239565445e-07,7.27256093297425e-08,1.250805732876216e-07,-7.217779581471914e-08
2513.0,1.80568015262228e-08,2.3668611302061806e-08,-1.237040016116575e-07,7.288233686669403e-08,1.2501491149496673e-07,-7.232285909055436e-08
2514.0,1.7923045880774424e-08,2.375582368627282e-08,-1.235441161595574e-07,7.303177961947345e-08,1.2483743113061306e-07,-7.246119037374847e-08
2515.0,1.7608857871831418e-08,2.3838128669421235e-08,-1.2334134735780822e-07,7.31738663233083e-08,1.245919734316375e-07,-7.259272135501397e-08
2516.0,1.7322978967948544e-08,2.3915599136878005e-08,-1.2321906265114202e-07,7.330852182439742e-08,1.2443079603116765e-07,-7.271737861164426e-08
2517.0,1.723275719345274e-08,2.3988317808410675e-08,-1.2323472864048113e-07,7.343566722222605e-08,1.2443378264595798e-07,-7.283508375838832e-08
2518.0,1.7262948542873247e-08,2.405637693386976e-08,-1.232608325511808e-07,7.355522002840206e-08,1.2446381897404612e-07,-7.294575361884197e-08
2519.0,1.718712744347428e-08,2.4119877958916666e-08,-1.2310382747904303e-07,7.366709434154426e-08,1.242978265688834e-07,-7.3049300416811e-08
2520.0,1.6928785262493307e-08,2.4178931161947328e-08,-1.2274654249966321e-07,7.377120103772221e-08,1.2390842370914594e-07,-7.314563198705969e-08
2521.0,1.6602240915375432e-08,2.4233655263393918e-08,-1.2236998088790974e-07,7.386744797591779e-08,1.2349107913497054e-07,-7.323465200482487e-08
2522.0,1.646521671783141e-08,2.4284177008595533e-08,-1.2218597764471206e-07,7.395574021795743e-08,1.2329037470362084e-07,-7.331626023345073e-08
2523.0,1.664171356274835e-08,2.4330630725416455e-08,-1.2226032910372941e-07,7.403598026235817e-08,1.2338774129895073e-07,-7.339035278949398e-08
2524.0,1.7026647869400335e-08,2.4373157857753717e-08,-1.2249864611915684e-07,7.410806829154654e-08,1.236762913362742e-07,-7.345682242466736e-08
2525.0,1.7383595257713935e-08,2.441190647601718e-08,-1.2274485146346326e-07,7.417190243194945e-08,1.2396970575455792e-07,-7.351555882403502e-08
2526.0,1.763526369380486e-08,2.4447030765596086e-08,-1.2296178485485254e-07,7.422737902650746e-08,1.2421997850684518e-07,-7.356644891993195e-08
2527.0,1.79209077022513e-08,2.447869049426359e-08,-1.2324143145239774e-07,7.427439291921342e-08,1.2453758211603702e-07,-7.360937722113778e-08
2528.0,1.8378685684439233e-08,2.450705045942857e-08,-1.2363825611233503e-07,7.431283775131775e-08,1.2499677780641693e-07,-7.364422615687683e-08
2529.0,1.8954220470934757e-08,2.4532279916129538e-08,-1.240678501185366e-07,7.434260626886043e-08,1.2550734602682214e-07,-7.367087643523515e-08
2530.0,1.944080890714517e-08,2.4554551986682624e-08,-1.2437759100425438e-07,7.436359064118362e-08,1.2588776825007946e-07,-7.368920741557415e-08
2531.0,1.9691689279177638e-08,2.4574043052947966e-08,-1.2450313908660138e-07,7.437568279004538e-08,1.2605076068427863e-07,-7.369909749447817e-08
2532.0,1.9751886626284687e-08,2.459093213227245e-08,-1.2453366627154794e-07,7.437877472889015e-08,1.260903289722526e-07,-7.370042450469339e-08
2533.0,1.9831434522332714e-08,2.4605400238303835e-08,-1.246293095183426e-07,7.437275891173967e-08,1.2619726853712966e-07,-7.369306612640238e-08
2534.0,2.0038524284338166e-08,2.4617629728045977e-08,-1.2484863659220635e-07,7.435752859105357e-08,1.2644652828143136e-07,-7.367690031003813e-08
2535.0,2.028838128054211e-08,2.462780363672691e-08,-1.251145851158264e-07,7.433297818378436e-08,1.2674887701155392e-07,-7.365180570968617e-08
2536.0,2.0324799399062954e-08,2.4636105002270833e-08,-1.2527432305051156e-07,7.429900364472051e-08,1.2691238507874668e-07,-7.361766212595984e-08
2537.0,2.0023500219013002e-08,2.4642716181397115e-08,-1.2527115865468286e-07,7.425550284607761e-08,1.268613564160006e-07,-7.357435095706507e-08
2538.0,1.9520197291900132e-08,2.464781815961228e-08,-1.2518002415543017e-07,7.42023759621575e-08,1.2669284332537804e-07,-7.352175565659475e-08
2539.0,1.9034144066454317e-08,2.465158985760828e-08,-1.251241824179461e-07,7.413952585775256e-08,1.2656365855213726e-07,-7.34597621964135e-08
2540.0,1.8735140272507778e-08,2.4654207436817968e-08,-1.2520063142826277e-07,7.406685847883115e-08,1.2659464282135417e-07,-7.338825953281677e-08
2541.0,1.8494038800387358e-08,2.4655843607088682e-08,-1.253242234329488e-07,7.398428324391135e-08,1.266814526685809e-07,-7.330714007398858e-08
2542.0,1.8102024129662553e-08,2.4656666939603368e-08,-1.2530691449047504e-07,7.389171343441801e-08,1.266076857726817e-07,-7.321630014664543e-08
2543.0,1.7475465963201486e-08,2.4656841188301472e-08,-1.250637320267256e-07,7.378906658222551e-08,1.262787748558072e-07,-7.3115640459643e-08
2544.0,1.6725146434470872e-08,2.4656524623128954e-08,-1.2470228916497406e-07,7.367626485251461e-08,1.258188835041835e-07,-7.30050665622379e-08
2545.0,1.6150374565482295e-08,2.4655869378477714e-08,-1.2445921877823896e-07,7.355323542001934e-08,1.2550271605624686e-07,-7.288448929463899e-08
2546.0,1.593777823605258e-08,2.4655020820151726e-08,-1.244791378758603e-07,7.341991083671796e-08,1.2549529290542745e-07,-7.27538252284642e-08
2547.0,1.591269632728043e-08,2.4654116934112435e-08,-1.2467216438036277e-07,7.327622938904028e-08,1.25683580772066e-07,-7.261299709474867e-08
2548.0,1.5895604138504993e-08,2.4653287740107936e-08,-1.2492059713736792e-07,7.312213544272762e-08,1.2592785958668809e-07,-7.246193419723297e-08
2549.0,1.5859690727371145e-08,2.4652654733088872e-08,-1.2518869668687316e-07,7.295757977358528e-08,1.2618930052950523e-07,-7.230057280879104e-08
2550.0,1.5871996300598212e-08,2.4652330355076404e-08,-1.2550890129275905e-07,7.278251988250015e-08,1.2650851580143425e-07,-7.212885654902071e-08
2551.0,1.6102975480825066e-08,2.4652417499889396e-08,-1.2595338271664813e-07,7.259692029324302e-08,1.2697858259211468e-07,-7.194673674120107e-08
2552.0,1.6506728844900564e-08,2.4653009052870786e-08,-1.2650576683773118e-07,7.240075283172898e-08,1.275781373918019e-07,-7.175417274700915e-08
2553.0,1.693314619077846e-08,2.465418746748407e-08,-1.2706913499541117e-07,7.219399688556061e-08,1.281924198554669e-07,-7.155113227757551e-08
2554.0,1.7317954403850422e-08,2.4656024380390026e-08,-1.2759532689449182e-07,7.197663964282243e-08,1.2876520877180323e-07,-7.133759167963621e-08
2555.0,1.7562354903688515e-08,2.4658580266372858e-08,-1.2804839112645627e-07,7.174867630922384e-08,1.292471538558472e-07,-7.111353619569912e-08
2556.0,1.7754108183609674e-08,2.4661904134275007e-08,-1.2849444149670708e-07,7.151011030279542e-08,1.297151874413555e-07,-7.08789601972787e-08
2557.0,1.8032409343504696e-08,2.4666033264924782e-08,-1.2899430199692086e-07,7.126095342542944e-08,1.3024859974066723e-07,-7.063386739036231e-08
2558.0,1.8391734801781467e-08,2.467099299190109e-08,-1.2951849687539707e-07,7.100122601061942e-08,1.3081780055436378e-07,-7.037827099235563e-08
2559.0,1.8615636587782092e-08,2.467679652586993e-08,-1.299723928968599e-07,7.073095704680133e-08,1.3129876176455015e-07,-7.0112193879816e-08
2560.0,1.855309522680315e-08,2.4683444823145797e-08,-1.3030698760643777e-07,7.04501842757291e-08,1.3162115468859537e-07,-6.983566870632585e-08
2561.0,1.827886031424697e-08,2.469092649907643e-08,-1.3050599475400437e-07,7.015895426533374e-08,1.3177985961868366e-07,-6.954873798988182e-08
2562.0,1.7894262710482778e-08,2.4699217786817754e-08,-1.306379958307402e-07,6.985732245652012e-08,1.3185784236299435e-07,-6.925145416918524e-08
2563.0,1.7576229860427617e-08,2.4708282542046137e-08,-1.3081130524963958e-07,6.954535318335459e-08,1.319868229681318e-07,-6.8943879628222e-08
2564.0,1.7318070477667646e-08,2.471807229413152e-08,-1.3103009358778062e-07,6.922311966610125e-08,1.3216959177773083e-07,-6.86260866885275e-08
2565.0,1.6913274614172025e-08,2.4728526344251627e-08,-1.3121358038645226e-07,6.889070397658223e-08,1.3229914034492576e-07,-6.829815756855649e-08
2566.0,1.635949839484674e-08,2.4739571910854343e-08,-1.313152001650164e-07,6.854819697537489e-08,1.3233032525505754e-07,-6.796018430962518e-08
2567.0,1.5845336931441523e-08,2.4751124322767226e-08,-1.313860779651732e-07,6.819569822042099e-08,1.3233811312521226e-07,-6.761226866796835e-08
2568.0,1.5450184548404522e-08,2.4763087260107062e-08,-1.315305493305996e-07,6.783331584670853e-08,1.3243486553694633e-07,-6.725452197255936e-08
2569.0,1.5121983998334088e-08,2.4775353042952748e-08,-1.3175193853617873e-07,6.746116641680068e-08,1.3261692089656918e-07,-6.68870649484788e-08
2570.0,1.4885264798536468e-08,2.4787802967508322e-08,-1.320721418340831e-07,6.707937474213101e-08,1.3290832087106027e-07,-6.651002750579077e-08
2571.0,1.4781364077176562e-08,2.480030768919997e-08,-1.3247110956793318e-07,6.668807367515921e-08,1.3329322411188577e-07,-6.612354849409647e-08
2572.0,1.4739077236480824e-08,2.481272765182731e-08,-1.3291397307768626e-07,6.628740387268589e-08,1.337286978814901e-07,-6.57277754231771e-08
2573.0,1.4750524912621188e-08,2.4824913561534247e-08,-1.334098888548796e-07,6.587751353085006e-08,1.3422286105380551e-07,-6.532286415040612e-08
2574.0,1.493176177147504e-08,2.48367069039891e-08,-1.3406470799129377e-07,6.545855809257407e-08,1.3489367456775337e-07,-6.490897853589621e-08
2575.0,1.5390494378930697e-08,2.484794050277769e-08,-1.348847259129149e-07,6.503069992846803e-08,1.357599226643492e-07,-6.448629006663791e-08
2576.0,1.5954735699263978e-08,2.4858439116628695e-08,-1.3574031099486406e-07,6.45941079924527e-08,1.3667474390031166e-07,-6.40549774511792e-08
2577.0,1.6424726800856604e-08,2.486802007272038e-08,-1.3651388416219268e-07,6.414895745359676e-08,1.3749840806180752e-07,-6.361522618667433e-08
2578.0,1.6814155207045545e-08,2.487649393297794e-08,-1.372680000395754e-07,6.369542930588171e-08,1.3829396100405647e-07,-6.316722810038638e-08
2579.0,1.7235058213938004e-08,2.488366518997565e-08,-1.3805576306799572e-07,6.32337099577953e-08,1.391274270153962e-07,-6.271118086794994e-08
2580.0,1.771706897857328e-08,2.4889332988817142e-08,-1.3889552933493698e-07,6.276399080380984e-08,1.4002093630033998e-07,-6.224728751088227e-08
2581.0,1.8284399355694703e-08,2.48932918711839e-08,-1.3977020833777498e-07,6.228646777992293e-08,1.4096109533691753e-07,-6.177575587597344e-08
2582.0,1.8724371275702367e-08,2.489533253761567e-08,-1.405753011565758e-07,6.180134090552592e-08,1.4181684446825183e-07,-6.129679809928714e-08
2583.0,1.891784873198077e-08,2.4895242624018463e-08,-1.4124414308633315e-07,6.130881381391967e-08,1.4250541378080575e-07,-6.081063005756453e-08
2584.0,1.899291746099152e-08,2.4892807488387e-08,-1.4184818137100152e-07,6.080909327381683e-08,1.4311407153715032e-07,-6.031747080984277e-08
2585.0,1.904032717603421e-08,2.4887811003776444e-08,-1.4244917160427528e-07,6.03023887041572e-08,1.4371604137922354e-07,-5.981754203207867e-08
2586.0,1.8990156419596005e-08,2.4880036353655823e-08,-1.4303904183332605e-07,5.97889116845221e-08,1.442941216038849e-07,-5.931106744751369e-08
2587.0,1.8883357266741285e-08,2.4869266825909482e-08,-1.4359990560541824e-07,5.9268875463372904e-08,1.4483616285841193e-07,-5.8798272255437194e-08
2588.0,1.8709410687378636e-08,2.485528660191168e-08,-1.4407583274686497e-07,5.874249446626544e-08,1.452855382685132e-07,-5.8279382560909166e-08
2589.0,1.839520216706525e-08,2.4837881537272236e-08,-1.4447670954390035e-07,5.820998380610966e-08,1.4564306733723974e-07,-5.7754624807898605e-08
2590.0,1.8000645751747868e-08,2.4816839931030102e-08,-1.4484142165163694e-07,5.767155879745869e-08,1.4595568051140455e-07,-5.7224225218183775e-08
2591.0,1.7616583830593058e-08,2.4791953280248126e-08,-1.4520955846780703e-07,5.712743447672736e-08,1.4627426259009403e-07,-5.668840923825311e-08
2592.0,1.7352433906436815e-08,2.4763017017127612e-08,-1.4562837474460522e-07,5.657782513016422e-08,1.466585506993453e-07,-5.6147400996347004e-08
2593.0,1.712776973028518e-08,2.472983122590756e-08,-1.461726338719549e-07,5.60229438313386e-08,1.471726856077521e-07,-5.560142277169855e-08
2594.0,1.692525633534281e-08,2.4692201336935937e-08,-1.4679398376710173e-07,5.546300198985926e-08,1.4776649813889883e-07,-5.505069447796893e-08
2595.0,1.691403475612141e-08,2.4649938795398797e-08,-1.4746526169270857e-07,5.489820891301264e-08,1.484320988796908e-07,-5.449543316283078e-08
2596.0,1.701155633027085e-08,2.4602861702272274e-08,-1.4824143900610265e-07,5.432877138199322e-08,1.49214333384491e-07,-5.3935852525625395e-08
2597.0,1.7156889131619835e-08,2.4550795425128947e-08,-1.4910506860102424e-07,5.375489324438854e-08,1.5008890807515003e-07,-5.3372162454999234e-08
2598.0,1.737125870926448e-08,2.449357317649325e-08,-1.4997979571468312e-07,5.3176775024569486e-08,1.5098244848909517e-07,-5.2804568588403576e-08
2599.0,1.7658606826786993e-08,2.4431036557510962e-08,-1.5076257916732394e-07,5.2594613553614826e-08,1.5179322011291107e-07,-5.223327189530904e-08
2600.0,1.7748549491214405e-08,2.4363036064785433e-08,-1.5155990036597178e-07,5.2008601620360804e-08,1.5259559105028355e-07,-5.16584682859358e-08
2601.0,1.773497601553764e-08,2.4289431558346783e-08,-1.5239799952201927e-07,5.141892764510675e-08,1.5342646327340365e-07,-5.1080348247225984e-08
2602.0,1.796454995872665e-08,2.421009268886383e-08,-1.5322990198560205e-07,5.082577537742569e-08,1.5427938267227023e-07,-5.049909650768452e-08
2603.0,1.834099044861759e-08,2.4124899282382478e-08,-1.542349509775498e-07,5.022932361942501e-08,1.553216405839298e-07,-4.991489173258892e-08
2604.0,1.862532206242662e-08,2.403374168107608e-08,-1.5536895581549914e-07,4.962974597567651e-08,1.5648135688677947e-07,-4.932790625091947e-08
2605.0,1.8667129564331475e-08,2.393652103872428e-08,-1.5631202412297318e-07,4.902721063088613e-08,1.574227131375663e-07,-4.8738305815184625e-08
2606.0,1.87917408855931e-08,2.3833149569900456e-08,-1.5693911866593302e-07,4.8421880156196174e-08,1.5806016731976174e-07,-4.8146249395108745e-08
2607.0,1.8530832673890885e-08,2.37235507521476e-08,-1.5747318977965552e-07,4.7813911344803166e-08,1.585597592674987e-07,-4.755188900590586e-08
2608.0,1.78206591705532e-08,2.3607659480755287e-08,-1.5787218577562045e-07,4.720345507733363e-08,1.588748027059201e-07,-4.69553695715849e-08
2609.0,1.756483303250178e-08,2.3485422176105257e-08,-1.5808126809305212e-07,4.65906562171586e-08,1.5905411243148377e-07,-4.6356828823431434e-08
2610.0,1.723465706260363e-08,2.3356796843913838e-08,-1.585098177853128e-07,4.597565353556217e-08,1.5944402070444228e-07,-4.575639723350592e-08
2611.0,1.6636760663546468e-08,2.3221753089047934e-08,-1.5905575609029277e-07,4.53585796664265e-08,1.5992346716736362e-07,-4.5154197982708404e-08
2612.0,1.6252246631820455e-08,2.3080272083914614e-08,-1.5950159184749402e-07,4.473956108986894e-08,1.6032745654586455e-07,-4.455034696269827e-08
2613.0,1.5989316537456943e-08,2.293234649271627e-08,-1.600389271487479e-07,4.41187181440705e-08,1.608356815083557e-07,-4.3944952810731046e-08
2614.0,1.5282806492544765e-08,2.2777980353123037e-08,-1.605860790489244e-07,4.3496165064368804e-08,1.613116640500493e-07,-4.333811697628142e-08
2615.0,1.4592680758207521e-08,2.261718891713969e-08,-1.6099455727933143e-07,4.287201004854858e-08,1.616545508338039e-07,-4.2729933818158826e-08
2616.0,1.436866797766001e-08,2.2449998453134915e-08,-1.615083005390705e-07,4.2246355347145095e-08,1.6214619872963704e-07,-4.212049073068604e-08
2617.0,1.3704841650419297e-08,2.2276446011152963e-08,-1.6223379775345825e-07,4.1619297377481565e-08,1.6281163293257968e-07,-4.150986829740167e-08
2618.0,1.3203516835424978e-08,2.2096579153737913e-08,-1.629083791580832e-07,4.099092686008786e-08,1.6344256745639168e-07,-4.0898140470664245e-08
2619.0,1.323548171061617e-08,2.1910455654567625e-08,-1.6358347298267573e-07,4.0361328976096005e-08,1.641180386465359e-07,-4.028537477547718e-08
2620.0,1.3069456572534222e-08,2.1718143167221915e-08,-1.6437790951659426e-07,3.973058354417129e-08,1.6489665803813917e-07,-3.9671632535816077e-08
2621.0,1.2785446951157908e-08,2.1519718866403452e-08,-1.6500874146924138e-07,3.909876521551248e-08,1.6550333052541213e-07,-3.905696912171514e-08
2622.0,1.2807705174200379e-08,2.1315269063901078e-08,-1.6547367014813075e-07,3.846594368543383e-08,1.659685898720647e-07,-3.84414342153523e-08
2623.0,1.2537189925110326e-08,2.1104888801544833e-08,-1.6600528494545297e-07,3.783218392002519e-08,1.6647803386945473e-07,-3.7825072094361534e-08
2624.0,1.212259442828767e-08,2.088868142335775e-08,-1.665831229347159e-07,3.719754639637495e-08,1.6702363348447253e-07,-3.720792193059421e-08
2625.0,1.228646184792126e-08,2.0666758129064268e-08,-1.6736538657052824e-07,3.6562087354840556e-08,1.6781576137729966e-07,-3.6590018102556974e-08
2626.0,1.2509969810059474e-08,2.0439237511068838e-08,-1.6845499837062072e-07,3.592585906186429e-08,1.6891887348870886e-07,-3.597139051977337e-08
2627.0,1.2693623485660055e-08,2.020624507697244e-08,-1.6965174783056813e-07,3.528891008186065e-08,1.7012596397717304e-07,-3.535206495735046e-08
2628.0,1.2973286112050175e-08,1.9967912759655552e-08,-1.70809115265097e-07,3.4651285556733056e-08,1.7130108000298863e-07,-3.473206339907002e-08
2629.0,1.2898418028095548e-08,1.9724378416936956e-08,-1.7173357225522268e-07,3.401302749159974e-08,1.7221727273176547e-07,-3.411140438735011e-08
2630.0,1.2604245952507753e-08,1.9475785322830223e-08,-1.723168495636196e-07,3.337417504530379e-08,1.727772081599955e-07,-3.3490103378421605e-08
2631.0,1.220171327864783e-08,1.9222281652468343e-08,-1.7274913272774528e-07,3.2734764824244154e-08,1.7317951572031402e-07,-3.286817310102634e-08
2632.0,1.1615978762202772e-08,1.896401996284506e-08,-1.7311556475135825e-07,3.209483117799623e-08,1.7350484062926215e-07,-3.224562391687482e-08
2633.0,1.1104910740966645e-08,1.8701156671614952e-08,-1.734726621099858e-07,3.1454406495109196e-08,1.738277410026666e-07,-3.1622464181017796e-08
2634.0,1.0635989283747094e-08,1.843385153628533e-08,-1.7398631706536105e-07,3.0813521497389714e-08,1.7431110920997643e-07,-3.0998700600207674e-08
2635.0,1.0182338583408779e-08,1.81622671362068e-08,-1.7453251088817012e-07,3.017220553092656e-08,1.748292806596092e-07,-3.0374338587270825e-08
2636.0,9.625518937461663e-09,1.7886568359817023e-08,-1.7498357452253033e-07,2.95304868520859e-08,1.752481154463504e-07,-2.97493826094892e-08
2637.0,8.984217064744726e-09,1.7606921899610534e-08,-1.754859164856959e-07,2.8888392906712314e-08,1.7571574500052943e-07,-2.9123836529000045e-08
2638.0,8.302822679384647e-09,1.7323495757296266e-08,-1.7599327116826768e-07,2.8245950600805966e-08,1.7618901316754318e-07,-2.8497703933263564e-08
2639.0,7.498259069205204e-09,1.7036458761562047e-08,-1.7647358933892132e-07,2.7603186561006126e-08,1.7663281581640247e-07,-2.7870988453717508e-08
2640.0,6.899539162219526e-09,1.6745980100787584e-08,-1.7709862389081454e-07,2.6960127383297174e-08,1.7723297160706635e-07,-2.7243694070833227e-08
2641.0,6.4692599333060485e-09,1.645222887292904e-08,-1.7775696996985557e-07,2.6316799868461983e-08,1.7787465164252272e-07,-2.6615825403909923e-08
2642.0,6.012968178925604e-09,1.6155373654635857e-08,-1.7836116017813652e-07,2.5673231242939715e-08,1.7846248694448826e-07,-2.598738798409006e-08
2643.0,5.824743187776704e-09,1.5855582091455228e-08,-1.7890360044098275e-07,2.5029449363894823e-08,1.7899839631669988e-07,-2.5358388509245352e-08
2644.0,5.427120586265488e-09,1.5553020510739903e-08,-1.7935385491704703e-07,2.4385482907469553e-08,1.7943594654211017e-07,-2.4728835079566192e-08
2645.0,4.7710315698168415e-09,1.5247853558610676e-08,-1.7974478136451033e-07,2.3741361539369193e-08,1.798080898347341e-07,-2.4098737412882513e-08
2646.0,4.480062099077031e-09,1.4940243862045807e-08,-1.8026651244992808e-07,2.309711606712109e-08,1.803221740864713e-07,-2.3468107038954635e-08
2647.0,4.30578900312284e-09,1.4630351716879445e-08,-1.8102063363556464e-07,2.2452778573556672e-08,1.8107183552601639e-07,-2.2836957472199875e-08
2648.0,4.204067399760092e-09,1.4318334802190292e-08,-1.8204031965868284e-07,2.1808382531295648e-08,1.8208885788025897e-07,-2.2205304362568705e-08
2649.0,4.5122280356579836e-09,1.4004347921252398e-08,-1.833110293697482e-07,2.116396289825832e-08,1.8336655553955978e-07,-2.1573165624549613e-08
2650.0,4.818387383531686e-09,1.3688542768910987e-08,-1.846280862846661e-07,2.0519556194486473e-08,1.8469095024422795e-07,-2.094056154455413e-08
2651.0,4.9273291002904784e-09,1.3371067724953043e-08,-1.858118084362148e-07,1.9875200560795112e-08,1.8587712803462174e-07,-2.0307514867192202e-08
2652.0,4.916533735688233e-09,1.3052067672783035e-08,-1.8678504716540534e-07,1.9230935799987623e-08,1.8684974216882627e-07,-1.967405086117381e-08
2653.0,4.8232048632801394e-09,1.2731683842502124e-08,-1.8761032919215048e-07,1.8586803401528755e-08,1.8767231795003821e-07,-1.9040197365748658e-08
2654.0,4.635264977403963e-09,1.2410053677330376e-08,-1.883092825734345e-07,1.7942846550677667e-08,1.8836632285186316e-07,-1.840598481871563e-08
2655.0,4.5941605242294514e-09,1.2087310722201146e-08,-1.8899016131918023e-07,1.729911012314375e-08,1.890459927805193e-07,-1.7771446267104465e-08
2656.0,4.764207806040588e-09,1.1763584533286906e-08,-1.8979024184184734e-07,1.6655640666351672e-08,1.898500291661975e-07,-1.7136617361665575e-08
2657.0,4.69232180888568e-09,1.1439000607178883e-08,-1.906410707942785e-07,1.601248636840405e-08,1.906988090092522e-07,-1.6501536336313038e-08
2658.0,4.3256430382054845e-09,1.1113680328438058e-08,-1.9139857969710516e-07,1.536969701581673e-08,1.9144745362047282e-07,-1.5866243973659912e-08
2659.0,4.161294669957627e-09,1.0787740934263504e-08,-1.92063019616856e-07,1.4727323941077947e-08,1.9210809425340474e-07,-1.5230783557766947e-08
2660.0,3.865913172917956e-09,1.0461295495085876e-08,-1.9278187475893493e-07,1.408541996104621e-08,1.928206330251776e-07,-1.4595200815193962e-08
2661.0,3.1335334049753527e-09,1.0134452909982856e-08,-1.934219548693772e-07,1.3444039307153483e-08,1.934473356164191e-07,-1.3959543845398978e-08
2662.0,2.702188889314172e-09,9.807317915919902e-09,-1.9402779756483302e-07,1.2803237548320821e-08,1.940466130924561e-07,-1.3323863041474247e-08
2663.0,2.348557126552464e-09,9.47999110993356e-09,-1.948013761236822e-07,1.2163071507428428e-08,1.9481553290294124e-07,-1.2688211002145963e-08
2664.0,1.829137230568989e-09,9.152568983485919e-09,-1.9561244012089585e-07,1.15235991721128e-08,1.9562099190286128e-07,-1.2052642435897852e-08
2665.0,1.4856104679772386e-09,8.82514396831994e-09,-1.9615687698107398e-07,1.0884879600592489e-08,1.961625025977971e-07,-1.1417214058010743e-08
2666.0,8.11356287711007e-10,8.497804493234453e-09,-1.9643313599326806e-07,1.0246972823149798e-08,1.9643481161743035e-07,-1.0781984481238518e-08
2667.0,-7.960795911365892e-11,8.170635051274617e-09,-1.9660287544839838e-07,9.609939739818708e-09,1.9660289156572852e-07,-1.014701410076655e-08
2668.0,-7.567412529940754e-10,7.843716276897138e-09,-1.9668593335270268e-07,8.973842014755255e-09,1.9668738911315026e-07,-9.512364974026932e-09
2669.0,-1.5807548603419264e-09,7.517125032712843e-09,-1.9692074787469593e-07,8.338741967706985e-09,1.9692709242117516e-07,-8.878100695887648e-09
2670.0,-2.2708992464259836e-09,7.190934505422118e-09,-1.9747216269475065e-07,7.70470246297007e-09,1.974852197576555e-07,-8.244286269706351e-09
2671.0,-2.2021998946630816e-09,6.865214310532732e-09,-1.983460288269845e-07,7.071786796236431e-09,1.983582537627588e-07,-7.610987974754809e-09
2672.0,-2.1126267679694166e-09,6.540030605383367e-09,-1.994213295018754e-07,6.440058579789138e-09,1.9943251954522437e-07,-6.978273230576962e-09
2673.0,-2.48512974088122e-09,6.215446209898698e-09,-2.0043277358661182e-07,5.809581626591186e-09,2.004481793318438e-07,-6.346210458930435e-09
2674.0,-2.635623080893268e-09,5.891520734391561e-09,-2.0133473268083013e-07,5.180419833908028e-09,2.0135198308605223e-07,-5.714868944056481e-09
2675.0,-2.7263543644906463e-09,5.568310713624539e-09,-2.022177818424009e-07,4.552637067187952e-09,2.0223615972763532e-07,-5.084318692105979e-09
2676.0,-3.0930636940595946e-09,5.245869746258692e-09,-2.030309698836108e-07,3.926297044979657e-09,2.0305452906767478e-07,-4.454630290603568e-09
2677.0,-3.150590566214362e-09,4.924248638752472e-09,-2.0376513120909379e-07,3.3014632256899465e-09,2.0378948676900662e-07,-3.825874768853782e-09
2678.0,-2.835012058444164e-09,4.603495552727208e-09,-2.0456196573107044e-07,2.678198696977285e-09,2.0458160991919866e-07,-3.198123460184579e-09
2679.0,-2.85307966141346e-09,4.283656154787185e-09,-2.0534110195882804e-07,2.0565660685451458e-09,2.0536092183572848e-07,-2.5714478668896996e-09
2680.0,-2.962038836429315e-09,3.964773767776911e-09,-2.0601170803644098e-07,1.4366273690466486e-09,2.0603300105119158e-07,-1.9459195286772687e-09
2681.0,-3.1514713338953726e-09,3.646889522483597e-09,-2.0653063766140622e-07,8.184439477432192e-10,2.0655468056762943e-07,-1.321609895361214e-09
2682.0,-3.3889761275052166e-09,3.33004250885534e-09,-2.0707022363106176e-07,2.0207638147760161e-10,2.0709795429653748e-07,-6.985902044483559e-10
2683.0,-3.82393974818207e-09,3.0142699259025634e-09,-2.0769091420291819e-07,-4.124156125703502e-10,2.0772611380768102e-07,-7.693136418093139e-11
2684.0,-4.144020626650757e-09,2.699607229573773e-09,-2.0840015920939314e-07,-1.0249732579715725e-09,2.084413568979403e-07,5.432961575015103e-10
2685.0,-4.3285776629709005e-09,2.3860882780361766e-09,-2.0920494204351714e-07,-1.6355387936988962e-09,2.0924971770594037e-07,1.1620224377108544e-09
2686.0,-4.809221743062864e-09,2.0737454739387575e-09,-2.099537615811442e-07,-2.2440555421511318e-09,2.100088346137988e-07,1.7791781967906115e-09
2687.0,-5.7074913684118656e-09,1.7626099033839317e-09,-2.1044569385383904e-07,-2.8504679704506e-09,2.1052307597825052e-07,2.3946948897399292e-09
2688.0,-6.579569805653662e-09,1.4527114714800323e-09,-2.107054052000179e-07,-3.4547217450108535e-09,2.108081082864964e-07,3.0085047907908047e-09
2689.0,-7.339434643371945e-09,1.1440790344823462e-09,-2.107902720635546e-07,-4.056763779473303e-09,2.1091800799721132e-07,3.6205410711509122e-09
2690.0,-7.965159642964181e-09,8.367405286412754e-10,-2.1083949546321645e-07,-4.656542276212606e-09,2.1098989695082932e-07,4.2307378700271775e-09
2691.0,-8.875617713011152e-09,5.30723095947127e-10,-2.1095198466866694e-07,-5.254006761695427e-09,2.1113861898155204e-07,4.839030359133192e-09
2692.0,-9.416303348164234e-09,2.2605320698324593e-10,-2.1132832415254876e-07,-5.849108116029567e-09,2.1153800452370108e-07,5.445354800939757e-09
2693.0,-9.653044363844288e-09,-7.724321892795811e-11,-2.1203798132585217e-07,-6.441798597047486e-09,2.1225759536523723e-07,6.049648600941214e-09
2694.0,-9.841793491283113e-09,-3.7914069617461207e-10,-2.1297891571528393e-07,-7.032031859227766e-09,2.1320618996263471e-07,6.651850354177692e-09
2695.0,-9.928223215771581e-09,-6.796140578994875e-10,-2.139516560792365e-07,-7.619762967678776e-09,2.1418188708494956e-07,7.251899886183209e-09
2696.0,-9.712454202004395e-09,-9.786383437709079e-10,-2.1494436530308803e-07,-8.20494840731048e-09,2.1516368639287946e-07,7.849738288441986e-09
2697.0,-9.616540647128247e-09,-1.2761886907517302e-09,-2.1585314271752032e-07,-8.787546087224508e-09,2.160672512785037e-07,8.445307948350213e-09
2698.0,-9.997116828808217e-09,-1.5722402272645244e-09,-2.1650045557708442e-07,-9.367515340278793e-09,2.1673114591579572e-07,9.038552573617159e-09
2699.0,-9.990758970124247e-09,-1.8667679712531807e-09,-2.1707757819067197e-07,-9.944816917740698e-09,2.1730736346918025e-07,9.629417211006499e-09
2700.0,-9.541457013373389e-09,-2.159746732712195e-09,-2.1776141730794896e-07,-1.0519412978933198e-08,2.1797035181396744e-07,1.0217848259316877e-08
2701.0,-9.536685052768945e-09,-2.45115102129532e-09,-2.183404677509604e-07,-1.109126707579395e-08,2.1854864039728976e-07,1.0803793476523113e-08
2702.0,-9.987310173320552e-09,-2.7409549596249587e-09,-2.1873041099532142e-07,-1.1660344132299251e-08,2.1895830438391767e-07,1.1387201981036017e-08
2703.0,-1.0106317033242718e-08,-3.0291322028998183e-09,-2.192136440044845e-07,-1.2226610418744901e-08,2.194464840495315e-07,1.1968024247082316e-08
2704.0,-1.0220266383198506e-08,-3.315655865339186e-09,-2.1985929179318964e-07,-1.279003352091814e-08,2.200967106359076e-07,1.2546212094250097e-08
2705.0,-1.0833300978507765e-08,-3.60049845391494e-09,-2.2043299931912008e-07,-1.335058230423526e-08,2.206990430403225e-07,1.3121718671285343e-08
2706.0,-1.165756385868022e-08,-3.88363180971858e-09,-2.2095650570666536e-07,-1.390822687295386e-08,2.2126381586065727e-07,1.36944984342589e-08
2707.0,-1.1903462715512347e-08,-4.16502705720118e-09,-2.2154959645678818e-07,-1.4462938524599108e-08,2.218691418714763e-07,1.426450711925179e-08
2708.0,-1.234930169236037e-08,-4.444654561420349e-09,-2.2216482426298811e-07,-1.5014689699770786e-08,2.2250778501457724e-07,1.4831701709733225e-08
2709.0,-1.3034530454980597e-08,-4.722483893341978e-09,-2.225761862768849e-07,-1.5563453927525993e-08,2.2295752438916338e-07,1.5396040398832405e-08
2710.0,-1.3860559811007533e-08,-4.998483803182121e-09,-2.227548574797178e-07,-1.610920576656009e-08,2.2318566631637414e-07,1.5957482546733566e-08
2711.0,-1.4019007510412962e-08,-5.2726222017378426e-09,-2.229380086440913e-07,-1.6651920742435344e-08,2.2337835228546642e-07,1.6515988633451197e-08
2712.0,-1.4555097516133486e-08,-5.544866149647168e-09,-2.232264989035504e-07,-1.7191575281126278e-08,2.237005155927025e-07,1.7071520207264987e-08
2713.0,-1.4974866097139383e-08,-5.815181854539824e-09,-2.2367173897405723e-07,-1.7728146639154447e-08,2.2417246358619973e-07,1.762403982910163e-08
2714.0,-1.5230143535216456e-08,-6.083534676091316e-09,-2.2429407479235275e-07,-1.826161283056427e-08,2.2481056305045105e-07,1.817351101313526e-08
2715.0,-1.4545233906204658e-08,-6.3498891390664665e-09,-2.2526335604830527e-07,-1.8791952550943814e-08,2.257324598003835e-07,1.87198981638376e-08
2716.0,-1.4240593315673067e-08,-6.614208954525388e-09,-2.264645592373049e-07,-1.931914509862705e-08,2.26911857531794e-07,1.926316650964912e-08
2717.0,-1.4153229532798406e-08,-6.876457049450194e-09,-2.275261381939897e-07,-1.984317029314274e-08,2.2796591295120984e-07,1.980328203337883e-08
2718.0,-1.4466806447233083e-08,-7.136595605112396e-09,-2.281248429984728e-07,-2.0364008390920325e-08,2.2858309754192145e-07,2.0340211399391132e-08
2719.0,-1.4122730984666987e-08,-7.394586104520916e-09,-2.2851999548212376e-07,-2.088163999824333e-08,2.2895597800803353e-07,2.087392187762104e-08
2720.0,-1.3968664086538851e-08,-7.650389389262985e-09,-2.2896256078597244e-07,-2.139604598146494e-08,2.293882687018512e-07,2.140438126448287e-08
2721.0,-1.4071366016832343e-08,-7.903965725981842e-09,-2.2941848045257562e-07,-2.19072073745618e-08,2.2984960847203652e-07,2.193155780079508e-08
2722.0,-1.4444153706438811e-08,-8.15527488263182e-09,-2.2976748755357268e-07,-2.2415105284184096e-08,2.3022105010831744e-07,2.2455420086920175e-08
2723.0,-1.4450371482732649e-08,-8.404276214515623e-09,-2.3017447138909408e-07,-2.2919720792446934e-08,2.306276230533495e-07,2.2975936995397097e-08
2724.0,-1.4442384038693135e-08,-8.650928759944478e-09,-2.30689605595219e-07,-2.3421034857790182e-08,2.3114124812849566e-07,2.349307758141512e-08
2725.0,-1.5027391969679726e-08,-8.895191345178005e-09,-2.3118015262876823e-07,-2.3919028214307448e-08,2.316680501900747e-07,2.4006810991540047e-08
2726.0,-1.6025716503831333e-08,-9.137022698105164e-09,-2.3154082227222483e-07,-2.441368127000995e-08,2.3209475644218932e-07,2.451710637115516e-08
2727.0,-1.715332839657968e-08,-9.376381569928272e-09,-2.3177644572699996e-07,-2.4904974004548073e-08,2.3241032134765845e-07,2.5023932771123252e-08
2728.0,-1.7670785501522346e-08,-9.61322686392346e-09,-2.320875135616851e-07,-2.539288586696433e-08,2.327592546204902e-07,2.5527259054213627e-08
2729.0,-1.8176165350602957e-08,-9.847517770196117e-09,-2.3239619306031356e-07,-2.587739567409442e-08,2.3310590626532608e-07,2.6027053801869795e-08
2730.0,-1.8854811906221514e-08,-1.0079213905250115e-08,-2.325864128550903e-07,-2.6358481510262714e-08,2.333494019208481e-07,2.6523285221915787e-08
2731.0,-1.9509892951186103e-08,-1.030827545515135e-08,-2.3272646876640324e-07,-2.683612062893088e-08,2.3354281232238e-07,2.7015921057808096e-08
2732.0,-1.9933174638664397e-08,-1.0534663321083699e-08,-2.3290150280227961e-07,-2.7310289356949528e-08,2.337529496257443e-07,2.7504928500031965e-08
2733.0,-1.9963893010954692e-08,-1.0758339266160584e-08,-2.3316632021333494e-07,-2.7780963002030027e-08,2.3401942207000745e-07,2.7990274100212183e-08
2734.0,-2.0019349761257743e-08,-1.0979266062461835e-08,-2.335323256996702e-07,-2.8248115763994257e-08,2.34388825483555e-07,2.847192368845671e-08
2735.0,-2.015209643602134e-08,-1.119740763740482e-08,-2.340471120208798e-07,-2.8711720650272252e-08,2.3491308528066495e-07,2.8949842294373814e-08
2736.0,-2.0257533067669087e-08,-1.1412729218717154e-08,-2.3476351107554194e-07,-2.9171749396005605e-08,2.3563589238166543e-07,2.9423994072102883e-08
2737.0,-2.0096330655139383e-08,-1.1625197477439896e-08,-2.3574289712696705e-07,-2.962817238898492e-08,2.3659792064093984e-07,2.9894342229581695e-08
2738.0,-1.922686140853891e-08,-1.18347806685449e-08,-2.3708757335497155e-07,-3.008095859951604e-08,2.3786590684453327e-07,3.036084896215072e-08
2739.0,-1.8354246372753735e-08,-1.2041448768888444e-08,-2.3856120922802204e-07,-3.053007551518951e-08,2.392662301877301e-07,3.082347539048495e-08
2740.0,-1.7759762022118153e-08,-1.2245173612331943e-08,-2.3971356577154324e-07,-3.09754890804427e-08,2.4037055302592754e-07,3.1282181502765865e-08
2741.0,-1.7470393021135067e-08,-1.244592902191589e-08,-2.4025959304008193e-07,-3.1417163640777584e-08,2.4089393242690593e-07,3.173692610098285e-08
2742.0,-1.77205290163851e-08,-1.2643690938954021e-08,-2.4027953432828597e-07,-3.1855061891546765e-08,2.409320895307192e-07,3.218766675129909e-08
2743.0,-1.783719974501885e-08,-1.283843754881295e-08,-2.402243148430516e-07,-3.228914483134528e-08,2.408856308220922e-07,3.263435973853184e-08
2744.0,-1.7899641518992482e-08,-1.3030149402970948e-08,-2.402869643432226e-07,-3.271937172022543e-08,2.4095273893398594e-07,3.307696002496049e-08
2745.0,-1.83340263804066e-08,-1.3218809536732227e-08,-2.40411100600052e-07,-3.314570004315203e-08,2.411091740582381e-07,3.351542121385575e-08
2746.0,-1.8795837802842996e-08,-1.3404403581733991e-08,-2.4058048658098796e-07,-3.3568085479302153e-08,2.4131360103039305e-07,3.394969551828914e-08
2747.0,-1.9514236837547827e-08,-1.3586919872140036e-08,-2.407045943640662e-07,-3.3986481877970364e-08,2.4149432123203555e-07,3.4379733735916014e-08
2748.0,-2.0688020713199862e-08,-1.3766349543180485e-08,-2.4074958123940227e-07,-3.440084124196041e-08,2.4163682473492597e-07,3.4805485230524694e-08
2749.0,-2.166126250591205e-08,-1.3942686620488032e-08,-2.408533571508775e-07,-3.4811113719431165e-08,2.4182545346633427e-07,3.5226897921211274e-08
2750.0,-2.2369331414973104e-08,-1.4115928098516922e-08,-2.410604101436842e-07,-3.521724760521905e-08,2.420960725137732e-07,3.564391828007879e-08
2751.0,-2.3164688695009872e-08,-1.4286074006231881e-08,-2.4118992836275055e-07,-3.5619189352682947e-08,2.4229978197671877e-07,3.605649133937232e-08
2752.0,-2.3927314241056763e-08,-1.4453127458234153e-08,-2.411826581436016e-07,-3.601688359710908e-08,2.423666457167811e-07,3.646456070894986e-08
2753.0,-2.4501948053812228e-08,-1.4617094689553903e-08,-2.411307073423019e-07,-3.641027319167523e-08,2.4237236534273163e-07,3.686806860495408e-08
2754.0,-2.5120162089331544e-08,-1.4777985072477374e-08,-2.4104387144618933e-07,-3.6799299256905136e-08,2.423492737871548e-07,3.726695589049244e-08
2755.0,-2.547941535535614e-08,-1.493581111398644e-08,-2.410056104823477e-07,-3.7183901244443354e-08,2.423487257874897e-07,3.766116212904965e-08
2756.0,-2.5334728093184822e-08,-1.5090588432659893e-08,-2.4111835806792103e-07,-3.7564017015842335e-08,2.424456867938174e-07,3.805062565124214e-08
2757.0,-2.499614318307586e-08,-1.5242335714209733e-08,-2.4140660057070384e-07,-3.7939582936875125e-08,2.4269724755986044e-07,3.843528363537456e-08
2758.0,-2.4698195794092825e-08,-1.5391074645185782e-08,-2.4189490798603996e-07,-3.8310533987667665e-08,2.4315251877177437e-07,3.881507220207222e-08
2759.0,-2.438246476943462e-08,-1.5536829824755048e-08,-2.4265749447305307e-07,-3.867680388869268e-08,2.4387940505949347e-07,3.9189926523046026e-08
2760.0,-2.3931367137963733e-08,-1.5679628654823178e-08,-2.437316115808108e-07,-3.903832524239531e-08,2.449036725263042e-07,3.95597809438083e-08
2761.0,-2.3433170820430504e-08,-1.5819501209093592e-08,-2.449217272465498e-07,-3.9395029689948314e-08,2.460401714601354e-07,3.9924569119916e-08
2762.0,-2.2928669074495645e-08,-1.5956480081942723e-08,-2.459294459779271e-07,-3.974684808238514e-08,2.4699598430852653e-07,4.028422416609421e-08
2763.0,-2.254167119630779e-08,-1.6090600218219917e-08,-2.4654156013936834e-07,-4.009371066515584e-08,2.475699251045575e-07,4.063867881741012e-08
2764.0,-2.2421611539646946e-08,-1.622189872525189e-08,-2.4675140943702933e-07,-4.043554727501315e-08,2.477680098866585e-07,4.098786560154418e-08
2765.0,-2.2574402680497485e-08,-1.635041466844219e-08,-2.4668952227496765e-07,-4.077228754806802e-08,2.477202536262084e-07,4.133171702114589e-08
2766.0,-2.281815567051204e-08,-1.647618885190921e-08,-2.4657914929338e-07,-4.110386113784472e-08,2.47632681797962e-07,4.167016574525514e-08
2767.0,-2.2955159495463562e-08,-1.6599263585614396e-08,-2.4659022737627545e-07,-4.143019794218986e-08,2.4765637400427515e-07,4.200314480879251e-08
2768.0,-2.3027723228263852e-08,-1.6719682440412347e-08,-2.467673795233938e-07,-4.175122833791911e-08,2.4783949571026846e-07,4.2330587819147313e-08
2769.0,-2.3266771315144652e-08,-1.683748999242321e-08,-2.4699719595316916e-07,-4.20668834221002e-08,2.480906234748897e-07,4.265242916890193e-08
2770.0,-2.3816619676431117e-08,-1.6952731558095315e-08,-2.471562111396042e-07,-4.237709525886171e-08,2.4830107546625e-07,4.2968604253716436e-08
2771.0,-2.4587477581716755e-08,-1.7065452921297196e-08,-2.4725263166394673e-07,-4.2681797130587284e-08,2.484721471686087e-07,4.327904969436337e-08
2772.0,-2.5209689835659077e-08,-1.71757000537598e-08,-2.473884931283865e-07,-4.298092379231134e-08,2.4866965032738487e-07,4.358370356185509e-08
2773.0,-2.5526083913263165e-08,-1.7283518830193025e-08,-2.4760869419410136e-07,-4.3274411728079514e-08,2.489209641642402e-07,4.388250560455196e-08
2774.0,-2.5613296456006296e-08,-1.7388954739440655e-08,-2.4787941472342867e-07,-4.356219940797695e-08,2.491992078618486e-07,4.4175397476082016e-08
2775.0,-2.5638397876948105e-08,-1.7492052593121446e-08,-2.4812499760731854e-07,-4.384422754446109e-08,2.494460700899666e-07,4.44623229628423e-08
2776.0,-2.5653524582391896e-08,-1.7592856233326946e-08,-2.4831200166192113e-07,-4.412043934656433e-08,2.496336385442661e-07,4.474322820979213e-08
2777.0,-2.555591327446649e-08,-1.7691408241093605e-08,-2.4852404711603326e-07,-4.439078077046086e-08,2.498345586547713e-07,4.501806194319014e-08
2778.0,-2.5196453617981618e-08,-1.7787749647521725e-08,-2.4889340933045845e-07,-4.465520076482366e-08,2.5016552616829967e-07,4.52867756888728e-08
2779.0,-2.457713371706305e-08,-1.7881919649562573e-08,-2.494792116745914e-07,-4.4913651509334966e-08,2.5068688150663565e-07,4.554932398462309e-08
2780.0,-2.3830297901650255e-08,-1.7973955332626058e-08,-2.502371541264481e-07,-4.516608864465817e-08,2.513692829352567e-07,4.5805664585134045e-08
2781.0,-2.3127549098056477e-08,-1.806389140225962e-08,-2.510578874410918e-07,-4.5412471492138713e-08,2.5212089634472375e-07,4.6055758658040734e-08
2782.0,-2.2535272287127484e-08,-1.8151759927197156e-08,-2.518315009580885e-07,-4.565276326148826e-08,2.528377807446084e-07,4.629957096948376e-08
2783.0,-2.205693241941198e-08,-1.823759009605762e-08,-2.5246127091649306e-07,-4.5886931244735314e-08,2.534229697176746e-07,4.653707005769355e-08
2784.0,-2.1672383776483173e-08,-1.832140798987685e-08,-2.5288926204514173e-07,-4.611494699480915e-08,2.5381621515634403e-07,4.676822839315774e-08
2785.0,-2.1458945065333523e-08,-1.8403236372482105e-08,-2.530640170125831e-07,-4.633678648726873e-08,2.539722091683693e-07,4.6993022524060254e-08
2786.0,-2.1507014558164173e-08,-1.848309450047362e-08,-2.5298708516280355e-07,-4.655243026389011e-08,2.538996197995907e-07,4.721143320585775e-08
2787.0,-2.1841058933658175e-08,-1.8560997954273237e-08,-2.527237589165787e-07,-4.676186355707329e-08,2.5366578440197354e-07,4.742344551407621e-08
2788.0,-2.2385529818702565e-08,-1.8636958491352192e-08,-2.523902315511306e-07,-4.6965076394303513e-08,2.5338101927274927e-07,4.7629048939649606e-08
2789.0,-2.2995438303530236e-08,-1.8710983922378856e-08,-2.521237366104323e-07,-4.7162063682180675e-08,2.531702366890273e-07,4.782823746636561e-08
2790.0,-2.362248374687681e-08,-1.8783078010655752e-08,-2.519558677215039e-07,-4.735282526979375e-08,2.530608247391671e-07,4.802100963020936e-08
2791.0,-2.4294362188648222e-08,-1.8853240394867232e-08,-2.518215234739718e-07,-4.753736599144906e-08,2.529907028309644e-07,4.8207368560594285e-08
2792.0,-2.5084924332174907e-08,-1.8921466534853658e-08,-2.516215752562667e-07,-4.7715695688954564e-08,2.5286888017942426e-07,4.8387322003632585e-08
2793.0,-2.5909787981781562e-08,-1.898774767987902e-08,-2.513448335329793e-07,-4.788782921381815e-08,2.526767548805825e-07,4.856088232772773e-08
2794.0,-2.6590598667386445e-08,-1.9052070858674234e-08,-2.510715663220364e-07,-4.805378640983695e-08,2.5247572428431756e-07,4.872806651187271e-08
2795.0,-2.6948234366219737e-08,-1.911441889042566e-08,-2.509057508010004e-07,-4.821359207664127e-08,2.5234877277385443e-07,4.888889611711184e-08
2796.0,-2.697110498828259e-08,-1.917477041583992e-08,-2.508871920561817e-07,-4.836727591480817e-08,2.523327637111843e-07,4.904339724167141e-08
2797.0,-2.680265012711125e-08,-1.9233099947449186e-08,-2.509561203359323e-07,-4.851487245317706e-08,2.523833520418874e-07,4.9191600460284704e-08
2798.0,-2.6581025658334312e-08,-1.9289377938411473e-08,-2.510458709872876e-07,-4.865642095898463e-08,2.524491637237384e-07,4.933354074823141e-08
2799.0,-2.6327082042199024e-08,-1.9343570869186544e-08,-2.51174417820188e-07,-4.879196533139788e-08,2.525503977747156e-07,4.946925739058509e-08
2800.0,-2.5931385677635532e-08,-1.939564135160567e-08,-2.5144033559409973e-07,-4.8921553978969776e-08,2.527739684517292e-07,4.959879387712339e-08
2801.0,-2.5302303197083376e-08,-1.9445548249983377e-08,-2.519210016496687e-07,-4.9045239681483726e-08,2.5318846265035363e-07,4.9722197783310076e-08
2802.0,-2.4469724330122844e-08,-1.9493246819026594e-08,-2.525855683534195e-07,-4.9163079436598133e-08,2.5376807669447346e-07,4.983952063771453e-08
2803.0,-2.3642439395121784e-08,-1.953868885836973e-08,-2.532618765746508e-07,-4.9275134291661177e-08,2.543630143449823e-07,4.99508177762011e-08
2804.0,-2.303017987426159e-08,-1.9581822883588364e-08,-2.53768479372557e-07,-4.938146916105312e-08,2.548113622036912e-07,5.005614818320972e-08
2805.0,-2.2723258080725728e-08,-1.9622594313506507e-08,-2.54009080023071e-07,-4.948215262944115e-08,2.550234483179344e-07,5.015557432047393e-08
2806.0,-2.263870543806057e-08,-1.9660945673502587e-08,-2.5401710527367394e-07,-4.957725674141243e-08,2.5502392192797917e-07,5.0249161943591445e-08
2807.0,-2.2705302249459436e-08,-1.9696816814340452e-08,-2.538788325991137e-07,-4.9666856778082756e-08,2.5489211912518616e-07,5.033697990697653e-08
2808.0,-2.2905353391777794e-08,-1.9730145145817313e-08,-2.536219678370144e-07,-4.9751031021451467e-08,2.5465419255045027e-07,5.041909995787371e-08
2809.0,-2.3329278980854795e-08,-1.976086588425223e-08,-2.5322388044063393e-07,-4.982986050747006e-08,2.542962620314719e-07,5.049559652028218e-08
2810.0,-2.3952010236305554e-08,-1.978891231255889e-08,-2.5273479149420797e-07,-4.9903428768991736e-08,2.538672362199992e-07,5.056654646981331e-08
2811.0,-2.4668635495439517e-08,-1.9814216051376304e-08,-2.5224904064841125e-07,-4.997182156995569e-08,2.534524020112074e-07,5.063202890066328e-08
2812.0,-2.5348489862686563e-08,-1.9836707339490458e-08,-2.5183536250805716e-07,-5.003512663231704e-08,2.5310787373743094e-07,5.069212488601669e-08
2813.0,-2.593157219510367e-08,-1.9856315321587084e-08,-2.514937598278866e-07,-5.009343335735177e-08,2.528271300095711e-07,5.074691723329658e-08
2814.0,-2.6401394348507523e-08,-1.98729683412463e-08,-2.5118924283640265e-07,-5.014683254303832e-08,2.525728990613812e-07,5.0796490235735726e-08
2815.0,-2.677345986579205e-08,-1.9886594237032205e-08,-2.508888748420368e-07,-5.019541609924286e-08,2.5231338781897484e-07,5.0840929421764365e-08
2816.0,-2.7071987568350053e-08,-1.9897120639545386e-08,-2.505836387729776e-07,-5.023927676241774e-08,2.520417674346993e-07,5.088032130369347e-08
2817.0,-2.7253433121376958e-08,-1.990447526738843e-08,-2.5031722497570463e-07,-5.027850781146553e-08,2.51796470857792e-07,5.0914753127124816e-08
2818.0,-2.7223430537626214e-08,-1.9908586220134887e-08,-2.5016754970005883e-07,-5.031320278633124e-08,2.5164442790009947e-07,5.0944312622443805e-08
2819.0,-2.6961570115391353e-08,-1.9909382266579866e-08,-2.501562379221556e-07,-5.0343455210763654e-08,2.5160498730043744e-07,5.096908775965007e-08
2820.0,-2.6616524401168462e-08,-1.990679312677417e-08,-2.5021360981758445e-07,-5.0369358320540575e-08,2.516252966399531e-07,5.0989166507657816e-08
2821.0,-2.624667380657364e-08,-1.990074974658824e-08,-2.5031850632920016e-07,-5.039100479828599e-08,2.516907676034036e-07,5.1004636599058105e-08
2822.0,-2.5829543420785583e-08,-1.9891184563800805e-08,-2.5050084121250316e-07,-5.040848651583147e-08,2.5182898316416633e-07,5.1015585301185965e-08
2823.0,-2.5232449463175044e-08,-1.987803176494427e-08,-2.508284103509839e-07,-5.042189428489896e-08,2.5209436317600056e-07,5.102209919418491e-08
2824.0,-2.4453720909312082e-08,-1.9861227532351483e-08,-2.512770635454409e-07,-5.04313176167173e-08,2.5246415018835857e-07,5.102426395662054e-08
2825.0,-2.3694256445772055e-08,-1.9840710281026995e-08,-2.5168310181789e-07,-5.043684449104172e-08,2.5279596818223265e-07,5.102216415906976e-08
2826.0,-2.320350195317289e-08,-1.9816420885100228e-08,-2.518673010952488e-07,-5.043856113493226e-08,2.5293386460475317e-07,5.1015883066013775e-08
2827.0,-2.3081149991277528e-08,-1.9788302893698254e-08,-2.517660000686539e-07,-5.04365518115743e-08,2.5282179153603294e-07,5.100550244629872e-08
2828.0,-2.3206394472730096e-08,-1.9756302736097494e-08,-2.5147953242737886e-07,-5.043089861939489e-08,2.5254799934728654e-07,5.099110239240124e-08
2829.0,-2.333573745350037e-08,-1.9720369915981862e-08,-2.5118727609366176e-07,-5.0421681301738356e-08,2.5226891269804164e-07,5.097276114874343e-08
2830.0,-2.3309190855247408e-08,-1.968045719456752e-08,-2.509830193363205e-07,-5.040897706739979e-08,2.5206307618035246e-07,5.095055494933064e-08
2831.0,-2.3300818358107378e-08,-1.963652076227313e-08,-2.507714213090262e-07,-5.039286042235802e-08,2.5185161083762526e-07,5.0924557865021e-08
2832.0,-2.3506364688063996e-08,-1.9588520398537535e-08,-2.5045059346556764e-07,-5.037340301308809e-08,2.515512849263611e-07,5.0894841660767384e-08
2833.0,-2.3828862077968083e-08,-1.95364196193228e-08,-2.5006341512062713e-07,-5.035067348185991e-08,2.511961907548001e-07,5.0861475663192967e-08
2834.0,-2.419614869575426e-08,-1.948018581179364e-08,-2.4963805159497476e-07,-5.032473733444232e-08,2.5080791537717134e-07,5.08245266388704e-08
2835.0,-2.4584802582605647e-08,-1.9419790355639082e-08,-2.4920298083777603e-07,-5.029565682062937e-08,2.504127356514813e-07,5.078405868367e-08
2836.0,-2.481607910831407e-08,-1.9355208730507707e-08,-2.488597507580015e-07,-5.0263490827982676e-08,2.500940089839113e-07,5.0740133123520825e-08
2837.0,-2.4739814613594646e-08,-1.928642060907301e-08,-2.4866338649287556e-07,-5.0228294789137675e-08,2.4989105267940314e-07,5.069280842688672e-08
2838.0,-2.4512530200082594e-08,-1.921340993533457e-08,-2.4851600245734407e-07,-5.019012060294903e-08,2.4972198063884683e-07,5.064214012919666e-08
2839.0,-2.4411385274314412e-08,-1.913616498789029e-08,-2.483117502866117e-07,-5.014901656965389e-08,2.4950879956709263e-07,5.058818076938544e-08
2840.0,-2.4404425563728793e-08,-1.9054678428073872e-08,-2.480849121723472e-07,-5.01050273401187e-08,2.4928236928161763e-07,5.0530979838602773e-08
2841.0,-2.4179015178926733e-08,-1.8968947333025842e-08,-2.480021133455246e-07,-5.005819387911014e-08,2.4917799461202264e-07,5.047058374104303e-08
2842.0,-2.359261774831367e-08,-1.887897321394619e-08,-2.4813448617003186e-07,-5.000855344240254e-08,2.492535553188435e-07,5.0407035766736014e-08
2843.0,-2.288402065064865e-08,-1.8784762019956205e-08,-2.4831754411730467e-07,-4.9956139567403994e-08,2.4936976785005205e-07,5.03403760760278e-08
2844.0,-2.223649908650316e-08,-1.8686324128170005e-08,-2.484285416964882e-07,-4.9900982076858756e-08,2.494217356628484e-07,5.0270641695373215e-08
2845.0,-2.169818688613212e-08,-1.8583674320729467e-08,-2.484653926736191e-07,-4.9843107095072774e-08,2.494110315735879e-07,5.019786652396591e-08
2846.0,-2.1306846925694956e-08,-1.8476831749674467e-08,-2.484332923650967e-07,-4.978253707602301e-08,2.4934530771858656e-07,5.0122081350657426e-08
2847.0,-2.0846068371493942e-08,-1.8365819890592866e-08,-2.4847012626214027e-07,-4.9719290842654286e-08,2.4934306128559687e-07,5.004331388056745e-08
2848.0,-2.0259862648641658e-08,-1.8250666486019543e-08,-2.4854415061822954e-07,-4.9653383636641095e-08,2.493685161384231e-07,4.996158877076346e-08
2849.0,-1.9907728465717867e-08,-1.8131403479536147e-08,-2.484118118047107e-07,-4.958482717789249e-08,2.492082380194599e-07,4.987692767438824e-08
2850.0,-1.9920573274267994e-08,-1.8008066941467803e-08,-2.480474830188206e-07,-4.9513629733104e-08,2.4884610318738683e-07,4.9789349292634477e-08
2851.0,-2.0106450865364778e-08,-1.7880696986984636e-08,-2.4761250501728616e-07,-4.943979619270809e-08,2.484274984926928e-07,4.969886943400658e-08
2852.0,-2.0165952935302656e-08,-1.7749337687302446e-08,-2.4729687221961005e-07,-4.936332815563858e-08,2.4811773146510706e-07,4.960550108036397e-08
2853.0,-1.9973373205361966e-08,-1.7614036974552142e-08,-2.470913923607876e-07,-4.9284224021394654e-08,2.4789734128464016e-07,4.9509254459299604e-08
2854.0,-1.9943841356173664e-08,-1.7474846540768683e-08,-2.467315311435736e-07,-4.9202479088955364e-08,2.475362706119902e-07,4.9410137122464074e-08
2855.0,-2.019869138614183e-08,-1.7331821731348713e-08,-2.4621016366660475e-07,-4.9118085662151265e-08,2.4703730857190155e-07,4.930815402949146e-08
2856.0,-2.0551884527542086e-08,-1.7185021433244337e-08,-2.4567496464955596e-07,-4.903103316114306e-08,2.4653309760191224e-07,4.9203307637220923e-08
2857.0,-2.068250426479068e-08,-1.7034507958100472e-08,-2.4528201153853346e-07,-4.894130823968867e-08,2.461524551310678e-07,4.9095597993934155e-08
2858.0,-2.0575719572590856e-08,-1.688034692050991e-08,-2.4498012580337347e-07,-4.8848894907894795e-08,2.458426778949631e-07,4.8985022838340535e-08
2859.0,-2.042423441483976e-08,-1.6722607111561976e-08,-2.446485311627389e-07,-4.8753774660142925e-08,2.4549959908626723e-07,4.887157770303656e-08
2860.0,-2.0278442841581423e-08,-1.6561360367900437e-08,-2.4431483166068024e-07,-4.8655926607851475e-08,2.4515495551480457e-07,4.8755256022140764e-08
2861.0,-2.0058462252281473e-08,-1.6396681436577744e-08,-2.440723087041019e-07,-4.855532761668946e-08,2.4489514855153137e-07,4.863604924276545e-08
2862.0,-1.9647724752713813e-08,-1.622864783608503e-08,-2.4398238283873663e-07,-4.845195244779755e-08,2.447722129319957e-07,4.8513946939934485e-08
2863.0,-1.9140565354902606e-08,-1.6057339714040594e-08,-2.439327022735194e-07,-4.834577390250499e-08,2.446824972910133e-07,4.8388936934497566e-08
2864.0,-1.8644653626553875e-08,-1.588283970212531e-08,-2.438477729425903e-07,-4.823676296996025e-08,2.4455952133972466e-07,4.826100541352966e-08
2865.0,-1.806981261842644e-08,-1.5705232768952602e-08,-2.437905231404691e-07,-4.8124888977027226e-08,2.4445927534288537e-07,4.8130137052645985e-08
2866.0,-1.7442128685818403e-08,-1.552460607164434e-08,-2.437826025387946e-07,-4.801011973974429e-08,2.444057797059647e-07,4.7996315139615216e-08
2867.0,-1.6912064859653242e-08,-1.5341048806942633e-08,-2.43700599325547e-07,-4.7892421715606635e-08,2.442867168911317e-07,4.785952169862105e-08
2868.0,-1.6549462716897168e-08,-1.5154652062715667e-08,-2.435119393004448e-07,-4.7771760155916374e-08,2.4407365547736094e-07,4.771973761450894e-08
2869.0,-1.6205639552513418e-08,-1.4965508670710144e-08,-2.4329796347380417e-07,-4.7648099257451706e-08,2.4383708041191465e-07,4.7576942756360364e-08
2870.0,-1.5884412368771805e-08,-1.4773713061364387e-08,-2.430936083541724e-07,-4.752140231273425e-08,2.436120214171561e-07,4.74311160997622e-08
2871.0,-1.5546778669994765e-08,-1.457936112143021e-08,-2.428708924910594e-07,-4.739163185822023e-08,2.433679780628864e-07,4.728223584718042e-08
2872.0,-1.5411805442955284e-08,-1.4382550055065757e-08,-2.42517085399796e-07,-4.725874981980176e-08,2.430062971567269e-07,4.7130279545901186e-08
2873.0,-1.5386600660249883e-08,-1.418337824896216e-08,-2.420926160859316e-07,-4.7122717655074447e-08,2.425810838528187e-07,4.697522420306518e-08
2874.0,-1.5213296011840072e-08,-1.3981945141960786e-08,-2.417168135683545e-07,-4.698349649190461e-08,2.421950914803653e-07,4.68170463973904e-08
2875.0,-1.515150299669088e-08,-1.3778351099511473e-08,-2.412828612810558e-07,-4.684104726290715e-08,2.4175811711508665e-07,4.665572238724857e-08
2876.0,-1.536059696105596e-08,-1.357269729322346e-08,-2.4068780672681367e-07,-4.6695330835520084e-08,2.4117746214346816e-07,4.649122821482809e-08
2877.0,-1.5399012814887314e-08,-1.3365085585676772e-08,-2.401290755300878e-07,-4.6546308137427705e-08,2.4062232338377845e-07,4.632353980617661e-08
2878.0,-1.5161502026073137e-08,-1.3155618420598137e-08,-2.397180522105413e-07,-4.6393940277136845e-08,2.401970351592676e-07,4.615263306696352e-08
2879.0,-1.490714862661946e-08,-1.2944398718468575e-08,-2.393464115374444e-07,-4.6238188659546433e-08,2.398101911846697e-07,4.5978483973835594e-08
2880.0,-1.4712972118413603e-08,-1.2731529777620625e-08,-2.3893782313128e-07,-4.6079015096365e-08,2.3939038174344445e-07,4.580106866125204e-08
2881.0,-1.447265179921331e-08,-1.2517115180899089e-08,-2.3860561143215775e-07,-4.591638191122684e-08,2.390441286813276e-07,4.562036350368193e-08
2882.0,-1.4147365168248882e-08,-1.230125870799108e-08,-2.383737258450369e-07,-4.575025203933822e-08,2.387931764403007e-07,4.543634519302846e-08
2883.0,-1.3665613668445431e-08,-1.2084064253572448e-08,-2.3821276875363173e-07,-4.5580589121456135e-08,2.3860442618318384e-07,4.52489908111178e-08
2884.0,-1.3091982775659261e-08,-1.186563575146317e-08,-2.3810743496333053e-07,-4.540735759196864e-08,2.384670849358771e-07,4.505827789705891e-08
2885.0,-1.2552943240429215e-08,-1.1646077105029022e-08,-2.3797144787021662e-07,-4.523052276081428e-08,2.3830230041995959e-07,4.4864184509250915e-08
2886.0,-1.1990442055909156e-08,-1.142549212410346e-08,-2.3779241203891743e-07,-4.505005088895571e-08,2.380945230869085e-07,4.466668928179365e-08
2887.0,-1.1531583271606749e-08,-1.1203984468723435e-08,-2.3752491803627485e-07,-4.4865909257114595e-08,2.378046763646356e-07,4.44657714750497e-08
2888.0,-1.0990744092609361e-08,-1.0981657599969456e-08,-2.3725292794957165e-07,-4.467806622748685e-08,2.3750736467813763e-07,4.4261411020116765e-08
2889.0,-1.037810434811881e-08,-1.0758614738171108e-08,-2.3702336108058497e-07,-4.448649129818743e-08,2.3725045573780844e-07,4.405358855699738e-08
2890.0,-9.939335993136567e-09,-1.0534958828684106e-08,-2.3675357873481628e-07,-4.429115515022046e-08,2.3696212238188472e-07,4.3842285466295665e-08
2891.0,-9.745038359598723e-09,-1.0310792515364775e-08,-2.3636921576974945e-07,-4.409202968683042e-08,2.3657001487136196e-07,4.362748389432605e-08
2892.0,-9.55066342678279e-09,-1.0086218121763785e-08,-2.3594818963218467e-07,-4.3889088065160853e-08,2.3614140543876895e-07,4.340916677158339e-08
2893.0,-9.184100119297156e-09,-9.861337639937368e-09,-2.3562217665168417e-07,-4.3682304720226865e-08,2.358010980149981e-07,4.318731782459714e-08
2894.0,-8.936515860646921e-09,-9.636252726639432e-09,-2.352847595851748e-07,-4.3471655381292516e-08,2.354544104678889e-07,4.296192158126997e-08
2895.0,-8.905286091875908e-09,-9.411064706520804e-09,-2.3480595990471587e-07,-4.325711708083257e-08,2.3497477083115368e-07,4.273296336988206e-08
2896.0,-9.003340850632924e-09,-9.185874581828338e-09,-2.342091595837481e-07,-4.303866815634552e-08,2.3438214646042957e-07,4.2500429312023636e-08
2897.0,-9.029358927215014e-09,-8.960783047971207e-09,-2.3355634182556373e-07,-4.2816288245371446e-08,2.3373081553268934e-07,4.226430630979781e-08
2898.0,-8.916038990447461e-09,-8.735890514211331e-09,-2.3292469473676358e-07,-4.258995827414989e-08,2.3309527916603904e-07,4.20245820277121e-08
2899.0,-8.897201475566163e-09,-8.511297128648732e-09,-2.3228528288343764e-07,-4.235966044042291e-08,2.324556147705094e-07,4.1781244869742636e-08
2900.0,-8.830404185644625e-09,-8.287102806617238e-09,-2.3170760776389243e-07,-4.212537819094033e-08,2.3187581058348384e-07,4.153428395210285e-08
2901.0,-8.632944303865742e-09,-8.063407261583375e-09,-2.3123065205632454e-07,-4.188709619425189e-08,2.3139175045309344e-07,4.128368907227508e-08
2902.0,-8.377585375418661e-09,-7.840310037648744e-09,-2.307733174347626e-07,-4.164480030937498e-08,2.309253298721648e-07,4.102945067486566e-08
2903.0,-8.224979836102264e-09,-7.617910542790575e-09,-2.303121678474962e-07,-4.139847755090679e-08,2.30458987570278e-07,4.077155981482547e-08
2904.0,-7.942818069928137e-09,-7.39630808203179e-09,-2.2993184083802687e-07,-4.114811605111386e-08,2.3006898919684003e-07,4.051000811854221e-08
2905.0,-7.507281324370396e-09,-7.175601889805674e-09,-2.2969140689790835e-07,-4.08937050194823e-08,2.2981405891638514e-07,4.024478774326319e-08
2906.0,-6.9448046757791815e-09,-6.955891160866389e-09,-2.2949840697977786e-07,-4.063523470015719e-08,2.2960346059726643e-07,3.9975891335254167e-08
2907.0,-6.38553349086024e-09,-6.737275079189434e-09,-2.2920787951657973e-07,-4.0372696327643206e-08,2.292968099875134e-07,3.9703311987046135e-08
2908.0,-5.774861200347203e-09,-6.519852844398184e-09,-2.288696874415408e-07,-4.0106082081089e-08,2.289425317661003e-07,3.942704319407383e-08
2909.0,-5.354788168432378e-09,-6.303723695333875e-09,-2.284862470475213e-07,-3.983538503744061e-08,2.2854898565994493e-07,3.914707881097467e-08
2910.0,-4.93471363771647e-09,-6.0889869304484455e-09,-2.2804590232156086e-07,-3.9560599123728035e-08,2.2809928751388318e-07,3.886341300779649e-08
2911.0,-4.4176012015118005e-09,-5.8757419247382635e-09,-2.2762321721242484e-07,-3.928171906874229e-08,2.2766608050939502e-07,3.857604022635592e-08
2912.0,-3.939400611274735e-09,-5.664088142952179e-09,-2.2723291260087763e-07,-3.899874035436483e-08,2.2726705754740215e-07,3.828495513699403e-08
2913.0,-3.731328385159216e-09,-5.45412514880277e-09,-2.268649541316281e-07,-3.871165916682314e-08,2.2689563729755497e-07,3.799015259598623e-08
2914.0,-3.4255958347717552e-09,-5.245952609887337e-09,-2.2652895826508201e-07,-3.842047234816275e-08,2.2655485790308375e-07,3.7691627603879244e-08
2915.0,-3.0583126031658026e-09,-5.039670297988472e-09,-2.2611435188807372e-07,-3.812517734824807e-08,2.261350335656603e-07,3.738937526504893e-08
2916.0,-2.8506638993786027e-09,-4.835378084376887e-09,-2.2558514189627288e-07,-3.7825772177632805e-08,2.2560315274620784e-07,3.708339074879915e-08
2917.0,-2.9464155559821847e-09,-4.633175929687215e-09,-2.2497448727565317e-07,-3.752225536167683e-08,2.2499378055753356e-07,3.677366925235676e-08
2918.0,-2.9966097936373615e-09,-4.433163867885614e-09,-2.2427628860663407e-07,-3.7214625896329354e-08,2.2429630692773685e-07,3.64602059661596e-08
2919.0,-2.8506499105684924e-09,-4.235441983802083e-09,-2.235107964439209e-07,-3.690288320604269e-08,2.2352897425593058e-07,3.614299604187715e-08
2920.0,-2.804558862923301e-09,-4.040110383669543e-09,-2.2274745144212904e-07,-3.658702710432026e-08,2.227651065009492e-07,3.582203456364246e-08
2921.0,-2.9709311955006257e-09,-3.847269158104226e-09,-2.2200504446595604e-07,-3.626705775742797e-08,2.220249224760579e-07,3.54973165229986e-08
2922.0,-2.8677341334937267e-09,-3.6570183369820773e-09,-2.2133861093259766e-07,-3.5942975651803064e-08,2.213571877952741e-07,3.516883679806785e-08
2923.0,-2.570633012011214e-09,-3.4694578357145816e-09,-2.2074517798051363e-07,-3.561478156567447e-08,2.2076014530646395e-07,3.4836590137432106e-08
2924.0,-2.4940385034977197e-09,-3.284687392504525e-09,-2.201968159545875e-07,-3.52824765453636e-08,2.2021093974776868e-07,3.4500571149168396e-08
2925.0,-2.3917034464027154e-09,-3.1028064962655286e-09,-2.1975304701285503e-07,-3.494606188666647e-08,2.197660617948313e-07,3.4160774295416e-08
2926.0,-1.889648798547583e-09,-2.923914305013758e-09,-2.1936238264741448e-07,-3.4605539121632906e-08,2.193705214775507e-07,3.3817193892768276e-08
2927.0,-1.2892121814545021e-09,-2.7481095546799052e-09,-2.1896714642172244e-07,-3.426091001096469e-08,2.189709416340918e-07,3.346982411868856e-08
2928.0,-9.86787540568912e-10,-2.575490458437391e-09,-2.1857235540240216e-07,-3.391217654215707e-08,2.1857458291348568e-07,3.311865902405445e-08
2929.0,-5.81724585169141e-10,-2.406154596790673e-09,-2.1813850762872344e-07,-3.355934093341726e-08,2.1813928328932325e-07,3.276369255184375e-08
2930.0,2.0831703029244864e-10,-2.2401987988044637e-09,-2.1773480711126392e-07,-3.3202405643311606e-08,2.177349067645434e-07,3.240491856189518e-08
2931.0,7.236746202288202e-10,-2.0777190149735525e-09,-2.1725383859624858e-07,-3.2841373386025226e-08,2.1725504387645593e-07,3.204233086160919e-08
2932.0,8.749788393824787e-10,-1.9188101823284223e-09,-2.1667754589518862e-07,-3.2476247152062824e-08,2.166793125407475e-07,3.167592324239988e-08
2933.0,1.3413188615363225e-09,-1.7635660824406537e-09,-2.1621862763762656e-07,-3.210703023417831e-08,2.1622278805386567e-07,3.1305689521668044e-08
2934.0,1.9699511744075693e-09,-1.612079193032514e-09,-2.1588034409408818e-07,-3.173372625828997e-08,2.1588933200557053e-07,3.0931623590034744e-08
2935.0,2.215924610471376e-09,-1.464440533909704e-09,-2.1551207560546737e-07,-3.135633921911689e-08,2.155234675242025e-07,3.055371946355424e-08
2936.0,2.472902521644116e-09,-1.3207395079290278e-09,-2.1505043858519035e-07,-3.097487352026041e-08,2.1506465628402145e-07,3.0171971340613105e-08
2937.0,2.748042321476518e-09,-1.1810637376854202e-09,-2.1447713215161368e-07,-3.058933401845482e-08,2.1449473642162268e-07,2.9786373663223584e-08
2938.0,2.9071318408124824e-09,-1.0454988985561337e-09,-2.1389455845399752e-07,-3.019972607172762e-08,2.1391431357384766e-07,2.9396921182435822e-08
2939.0,2.779297347821341e-09,-9.141285486795083e-10,-2.132099993813752e-07,-2.980605559124089e-08,2.1322811336677352e-07,2.9003609027625626e-08
2940.0,2.8856644018748767e-09,-7.870339563781274e-10,-2.1239346452081587e-07,-2.9408329096627616e-08,2.1241306652415551e-07,2.8606432779457463e-08
2941.0,2.9069044393814636e-09,-6.642939254700371e-10,-2.1156605632677294e-07,-2.900655377468322e-08,2.1158602572732198e-07,2.8205388546369998e-08
2942.0,2.7319087547716947e-09,-5.459846188544079e-10,-2.1078992861953139e-07,-2.8600737541316057e-08,2.1080763110682576e-07,2.780047304447537e-08
2943.0,2.8389184059118833e-09,-4.32179380716899e-10,-2.1004453982370608e-07,-2.819088910669293e-08,2.1006372406359902e-07,2.7391683680796722e-08
2944.0,3.112434171503864e-09,-3.229485576785505e-10,-2.0935776546410212e-07,-2.777701804353199e-08,2.0938089981322063e-07,2.6979018639784875e-08
2945.0,2.9400165912907283e-09,-2.1835931921191435e-10,-2.0862279492134261e-07,-2.7359134858492486e-08,2.0864350998377505e-07,2.6562476973052388e-08
2946.0,2.7423026627282354e-09,-1.1847547766781174e-10,-2.0789474098822924e-07,-2.6937251066590225e-08,2.079128268156078e-07,2.614205869224219e-08
2947.0,3.03631578213448e-09,-2.335730829282414e-11,-2.0726545886529113e-07,-2.651137926853157e-08,2.0728769778298115e-07,2.571776486491166e-08
2948.0,3.3448805114577596e-09,6.693863032884201e-11,-2.0674490603875273e-07,-2.6081533230810895e-08,2.0677196231261293e-07,2.5289597713263963e-08
2949.0,3.659136715850053e-09,1.5235967490470588e-10,-2.0631338436966074e-07,-2.564772796835872e-08,2.063458307104087e-07,2.485756071549981e-08
2950.0,3.974106127513366e-09,2.3285723454590984e-10,-2.0578350971856008e-07,-2.5209979829464705e-08,2.0582188025475195e-07,2.442165870949806e-08
2951.0,4.336655340386741e-09,3.083869656855119e-10,-2.0518143317715953e-07,-2.4768306582638037e-08,2.0522725720569985e-07,2.398189799847046e-08
2952.0,4.644356288441287e-09,3.789089440475384e-10,-2.0457190527331526e-07,-2.4322727505013677e-08,2.0462461844188802e-07,2.353828645818016e-08
2953.0,4.880903570203543e-09,4.443878328464174e-10,-2.0395381628013354e-07,-2.387326347187058e-08,2.0401221138670128e-07,2.309083364526941e-08
2954.0,5.25343127333322e-09,5.04793046349329e-10,-2.033632818983222e-07,-2.341993704679635e-08,2.0343112585000383e-07,2.2639550906209586e-08
2955.0,5.656921431285156e-09,5.600989079055469e-10,-2.0285315086021605e-07,-2.296277257201005e-08,2.0293201219619665e-07,2.2184451486362345e-08
2956.0,6.013595482690093e-09,6.102848015368618e-10,-2.0227587598647956e-07,-2.250179625833882e-08,2.0236524735420133e-07,2.172555063862431e-08
2957.0,6.259346235770735e-09,6.553353161930027e-10,-2.0174217349802626e-07,-2.2037036274334654e-08,2.0183925283008503e-07,2.1262865731118172e-08
2958.0,6.46614034538473e-09,6.952403818076409e-10,-2.0128116873588398e-07,-2.156852283401785e-08,2.0138500405603593e-07,2.079641635339324e-08
2959.0,6.675809571810021e-09,7.299953963448915e-10,-2.0058418472718165e-07,-2.109628828274475e-08,2.0069524557424673e-07,2.032622442061046e-08
2960.0,6.773024974204844e-09,7.596013431015116e-10,-1.9991568080482414e-07,-2.062036718072167e-08,2.0003038093989005e-07,1.9852314275212505e-08
2961.0,6.855090745050418e-09,7.840648976216008e-10,-1.9934273751479048e-07,-2.0140796383723874e-08,1.994605707126437e-07,1.9374712785618506e-08
2962.0,7.141877894634163e-09,8.033985236837727e-10,-1.9868852424095862e-07,-1.9657615120627626e-08,1.9881684054654894e-07,1.889344944153367e-08
2963.0,7.2309663257108525e-09,8.176205579311435e-10,-1.9790519901682901e-07,-1.9170865067419224e-08,1.9803725576742944e-07,1.8408556445522787e-08
2964.0,7.008554209209095e-09,8.267552828295746e-10,-1.9713956295880353e-07,-1.8680590417407747e-08,1.9726410498540144e-07,1.792006880056141e-08
2965.0,6.863593526862388e-09,8.308329877580866e-10,-1.962994562454412e-07,-1.818683794743339e-08,1.9641941207110327e-07,1.7428024393346543e-08
2966.0,6.8117300688896876e-09,8.298900181535104e-10,-1.9539952197944466e-07,-1.7689657079929213e-08,1.9551821617518633e-07,1.6932464073216652e-08
2967.0,6.721395662268037e-09,8.239688127422223e-10,-1.9467751940366318e-07,-1.7189099940754464e-08,1.9479351560257956e-07,1.6433431726593882e-08
2968.0,6.640312549821559e-09,8.131179289868091e-10,-1.9385710422342717e-07,-1.6685221412769245e-08,1.939707983399873e-07,1.593097434691407e-08
2969.0,6.4544651845466205e-09,7.9739205695025e-10,-1.929103765861695e-07,-1.617807918515886e-08,1.9301832429962771e-07,1.5425142100050062e-08
2970.0,6.0667663115410164e-09,7.768520218339088e-10,-1.9206635383170467e-07,-1.5667733798541624e-08,1.9216214488729154e-07,1.491598838525904e-08
2971.0,6.282116299383134e-09,7.515647754783988e-10,-1.914229989276317e-07,-1.5154248685906043e-08,1.915260543728896e-07,1.4403569891696342e-08
2972.0,6.559151138896269e-09,7.21603377126192e-10,-1.9067549363732672e-07,-1.463769020942153e-08,1.907882762055916e-07,1.388794665053486e-08
2973.0,6.191319151804819e-09,6.870469637317018e-10,-1.898389627510988e-07,-1.411812769315163e-08,1.8993989631262987e-07,1.3369182082711779e-08
2974.0,6.225796100878256e-09,6.479807100735088e-10,-1.8920888034471006e-07,-1.3595633451673742e-08,1.8931128053655048e-07,1.2847343042296315e-08
2975.0,6.697263910115936e-09,6.044957788818027e-10,-1.8859380446559215e-07,-1.307028281457777e-08,1.8871268220945763e-07,1.2322499855437565e-08
2976.0,6.892303422434409e-09,5.566892611469948e-10,-1.878776920878622e-07,-1.2542154146782144e-08,1.880040718461397e-07,1.1794726354813462e-08
2977.0,6.711734834574656e-09,5.046641067254241e-10,-1.8712061373646338e-07,-1.201132886457083e-08,1.8724094496023131e-07,1.126409990946385e-08
2978.0,7.03586552908142e-09,4.485290453114038e-10,-1.8649568000322914e-07,-1.1477891447223106e-08,1.8662835278598522e-07,1.0730701449854856e-08
2979.0,7.401123824912759e-09,3.8839849780750605e-10,-1.859727559519464e-07,-1.0941929444080336e-08,1.8611996827378277e-07,1.0194615487991026e-08
2980.0,7.406450702740486e-09,3.243924780997666e-10,-1.8541050940748538e-07,-1.0403533476872e-08,1.855583803301682e-07,9.655930132366588e-09
2981.0,7.664420043074216e-09,2.566364852315622e-10,-1.8479903092158412e-07,-9.862797237108112e-09,1.849579010590066e-07,9.114737097529691e-09
2982.0,8.105189547302771e-09,1.8526138597189887e-10,-1.8419183293524877e-07,-9.319817478340957e-09,1.843700773380656e-07,8.571131708027479e-09
2983.0,7.98434907078871e-09,1.104032877939965e-10,-1.8348643130577935e-07,-8.774694003110208e-09,1.83660067253104e-07,8.025212896509348e-09
2984.0,7.840696897298827e-09,3.220340231955609e-11,-1.8270206214934803e-07,-8.227529644412179e-09,1.8287022732380344e-07,7.47708319579261e-09
2985.0,8.026894232626702e-09,-4.919210065760627e-11,-1.819684013817935e-07,-7.678430241575728e-09,1.8214535440814095e-07,6.92684872473623e-09
2986.0,7.958453063228177e-09,-1.3363224838282135e-10,-1.8122659849531542e-07,-7.1275046104790154e-09,1.8140125958036197e-07,6.374619167821662e-09
2987.0,7.569478543967278e-09,-2.2096142932270078e-10,-1.8042569261203512e-07,-6.5748645080993646e-09,1.8058440563891492e-07,5.8205077483988305e-09
2988.0,7.638824739419903e-09,-3.1101956597646816e-10,-1.795431148823856e-07,-6.020624591448237e-09,1.7970554177617643e-07,5.264631195616551e-09
2989.0,7.519997180516214e-09,-4.0364229590262285e-10,-1.7859798458544351e-07,-5.464902371002907e-09,1.7875623193493785e-07,4.707109705117741e-09
2990.0,6.880130770658965e-09,-4.986611604848885e-10,-1.7768351191077558e-07,-4.9078181588026385e-09,1.7781666571041112e-07,4.148066893636528e-09
2991.0,6.704701904780563e-09,-5.959038009138468e-10,-1.7674927174637922e-07,-4.349495011425611e-09,1.768763921231643e-07,3.5876297476838735e-09
2992.0,6.63913859999532e-09,-6.951941608322432e-10,-1.7573898834777335e-07,-3.790058668100058e-09,1.7586435166584717e-07,3.025928566544747e-09
2993.0,6.0868346474229895e-09,-7.963526950883828e-10,-1.7479954962304478e-07,-3.229637484222746e-09,1.7490549478059392e-07,2.4630968998291704e-09
2994.0,5.815644160689359e-09,-8.991965840675701e-10,-1.7397481412093074e-07,-2.6683623605598208e-09,1.740719898933087e-07,1.899271479818859e-09
2995.0,6.1080423219284086e-09,-1.0035399531273813e-09,-1.7313076160554997e-07,-2.106366668386274e-09,1.7323847377278593e-07,1.3345921488293838e-09
2996.0,6.09864084233358e-09,-1.1091940967469452e-09,-1.7232546629594725e-07,-1.543786170781425e-09,1.7243334872999315e-07,7.692017817652401e-10
2997.0,5.97985336248108e-09,-1.2159677071089676e-09,-1.7160345281916345e-07,-9.807589402429703e-10,1.7170761097195321e-07,2.0324620398559207e-10
2998.0,6.1510924131980005e-09,-1.3236671069567781e-09,-1.7089550526788733e-07,-4.174252727143238e-10,1.7100616848126328e-07,-3.631258954744685e-10
2999.0,6.327753154788951e-09,-1.432096486696212e-09,-1.7032880203840528e-07,1.460724019547304e-10,1.7044630023507755e-07,-9.297630553617951e-10
3000.0,6.659714030243791e-09,-1.5410581458363507e-09,-1.697929308056012e-07,7.095896131715833e-10,1.69923486141617e-07,-1.4965111384591453e-09
3001.0,7.120481954059343e-09,-1.6503527389790755e-09,-1.6918800506762754e-07,1.2729799465200117e-09,1.6933777582695968e-07,-2.0632134328300063e-09
3002.0,7.3235590092313174e-09,-1.7597795266680214e-09,-1.6867374950935154e-07,1.836095144630781e-09,1.6883266357581748e-07,-2.6297107583170436e-09
3003.0,7.648842309526671e-09,-1.869136631483432e-09,-1.6817519829862015e-07,2.3987852122482204e-09,1.683490484423842e-07,-3.1958415786075147e-09
3004.0,8.25217916222698e-09,-1.9782212998123514e-09,-1.676756589789885e-07,2.960898525766158e-09,1.6787860219504909e-07,-3.7614421192086526e-09
3005.0,8.60498844401647e-09,-2.0868301697288718e-09,-1.6723728563788898e-07,3.5222819475130647e-09,1.6745851884466948e-07,-4.326346491681307e-09
3006.0,8.552779678927536e-09,-2.1947595453841298e-09,-1.6660129700807325e-07,4.0827809450479606e-09,1.6682068877992474e-07,-4.890386824458606e-09
3007.0,8.667613515811468e-09,-2.3018056782288468e-09,-1.6574466452090597e-07,4.6422397156834286e-09,1.6597114611042228e-07,-5.453393400526096e-09
3008.0,8.690217795370714e-09,-2.4077650552740526e-09,-1.6492243814711371e-07,5.200501316381455e-09,1.651512352049464e-07,-6.015194802161728e-09
3009.0,8.426419867424428e-09,-2.512434694446809e-09,-1.6420968102295874e-07,5.757407799076159e-09,1.644257397533731e-07,-6.575618062833211e-09
3010.0,8.322070532695847e-09,-2.6156124469294946e-09,-1.6341571878325523e-07,6.312800351373742e-09,1.6362748547661276e-07,-7.134488826236309e-09
3011.0,8.304427062677533e-09,-2.7170973061955745e-09,-1.6259426020154288e-07,6.866519442473442e-09,1.6280619447467705e-07,-7.691631512339854e-09
3012.0,8.039968635298322e-09,-2.816689723280914e-09,-1.6184375005445784e-07,7.418404974048652e-09,1.620433291664498e-07,-8.246869490187816e-09
3013.0,7.765425941164139e-09,-2.9141919276644447e-09,-1.608382025342081e-07,7.968296435726633e-09,1.6102555460076098e-07,-8.800025257096503e-09
3014.0,7.419474312708729e-09,-3.0094082529793244e-09,-1.597143570210291e-07,8.516033064709624e-09,1.598865986808078e-07,-9.350920623778988e-09
3015.0,7.004387986286886e-09,-3.102145466639969e-09,-1.5880735931492196e-07,9.061454008993386e-09,1.589617527068734e-07,-9.899376904831775e-09
3016.0,6.7630679390084936e-09,-3.1922131023572454e-09,-1.5795146994165843e-07,9.604398493567358e-09,1.5809619206254864e-07,-1.0445215113937602e-08
3017.0,6.544820518872285e-09,-3.2794237944307933e-09,-1.5703132013808463e-07,1.0144705988930254e-08,1.5716764991541317e-07,-1.0988256163079572e-08
3018.0,6.2739006490009075e-09,-3.363593612658626e-09,-1.5624072966652358e-07,1.0682216381229934e-08,1.5636664425663562e-07,-1.1528321065030209e-08
3019.0,6.236751420862774e-09,-3.4445423966905324e-09,-1.555439481000509e-07,1.1216770143335124e-08,1.5566893350581214e-07,-1.206523113837203e-08
3020.0,6.187302142857121e-09,-3.5220940886705748e-09,-1.5473152496434106e-07,1.1748208506165211e-08,1.5485518243054544e-07,-1.2598808214320694e-08
3021.0,5.973011640847403e-09,-3.5960770630603917e-09,-1.5391739978734553e-07,1.2276373629637706e-08,1.5403325233649795e-07,-1.312887484465182e-08
3022.0,6.125372792320505e-09,-3.666324452603605e-09,-1.5327492165762013e-07,1.280110877263736e-08,1.533972679059001e-07,-1.365525451007436e-08
3023.0,6.743544306297977e-09,-3.7326744694770344e-09,-1.5277128059820733e-07,1.332225846146312e-08,1.5292004304677397e-07,-1.4177771828443737e-08
3024.0,6.922533823949806e-09,-3.794970720770369e-09,-1.5219695921955823e-07,1.3839668656267115e-08,1.523543103106164e-07,-1.4696252762263904e-08
3025.0,6.923551620907631e-09,-3.853062517532762e-09,-1.514874290314827e-07,1.4353186915059556e-08,1.5164556281545427e-07,-1.5210524824985957e-08
3026.0,7.270095331302073e-09,-3.906805176710065e-09,-1.5088077413849543e-07,1.4862662554909767e-08,1.510558250805241e-07,-1.5720417285664275e-08
3027.0,7.640821753085447e-09,-3.9560603153612256e-09,-1.5046853410818906e-07,1.536794681002134e-08,1.5066241042054808e-07,-1.6225761371576068e-08
3028.0,7.678314900561034e-09,-4.000696136585502e-09,-1.499236384414071e-07,1.5868892986397654e-08,1.5012013150547776e-07,-1.672639046844405e-08
3029.0,7.943496721507515e-09,-4.040587706615242e-09,-1.4929328916515883e-07,1.6365356612842087e-08,1.4950446591963845e-07,-1.722214031792496e-08
3030.0,8.151830904745694e-09,-4.075617222532618e-09,-1.4877352785130915e-07,1.685719558805375e-08,1.4899669438086143e-07,-1.771284921203681e-08
3031.0,8.150023517172755e-09,-4.105674270053283e-09,-1.4816573454257131e-07,1.7344270323581534e-08,1.4838971586963223e-07,-1.8198358184193002e-08
3032.0,8.11535613709502e-09,-4.130656070787907e-09,-1.4736311276450365e-07,1.7826443882388323e-08,1.4758640184270266e-07,-1.8678511196492457e-08
3033.0,8.171058468731118e-09,-4.150467718348078e-09,-1.4663126604239074e-07,1.8303582112754626e-08,1.468587565577681e-07,-1.9153155322883986e-08
3034.0,8.168431958610611e-09,-4.165022402611775e-09,-1.461003461163124e-07,1.8775553777221605e-08,1.4632851538906807e-07,-1.9622140927785327e-08
3035.0,8.141319729482177e-09,-4.1742416214118505e-09,-1.454247238429074e-07,1.9242230676242873e-08,1.4565243352489355e-07,-2.0085321839697778e-08
3036.0,8.084895003479531e-09,-4.178055378863964e-09,-1.4454315691581066e-07,1.9703487766185503e-08,1.4476909110167802e-07,-2.0542555519320477e-08
3037.0,7.911656468850836e-09,-4.1764023695113e-09,-1.436833747467392e-07,2.0159203271296097e-08,1.4390103017940143e-07,-2.099370322163591e-08
3038.0,7.824524889121776e-09,-4.169230147434715e-09,-1.4300812963691234e-07,2.060925878922815e-08,1.4322202460511586e-07,-2.1438630151411807e-08
3039.0,7.901640036722668e-09,-4.156495279462367e-09,-1.4236684930946097e-07,2.1053539389716474e-08,1.4258595897763813e-07,-2.187720561154827e-08
3040.0,7.831949311309927e-09,-4.1381634816158575e-09,-1.416295898198916e-07,2.1491933705988217e-08,1.4184597330402323e-07,-2.230930314369769e-08
3041.0,7.707109117571775e-09,-4.114209737952246e-09,-1.409365383391037e-07,2.1924334018518773e-08,1.411471125101743e-07,-2.2734800660600884e-08
3042.0,7.792244682836014e-09,-4.0846184010021465e-09,-1.40391712831478e-07,2.2350636330773386e-08,1.4060779533494354e-07,-2.315358056961282e-08
3043.0,7.943157104284282e-09,-4.0493832730619544e-09,-1.398582076088395e-07,2.2770740436617472e-08,1.4008358926134277e-07,-2.3565529886933158e-08
3044.0,8.149225461107079e-09,-4.008507667672081e-09,-1.3926195797583918e-07,2.3184549979129225e-08,1.39500189300518e-07,-2.397054034210769e-08
3045.0,8.266311940507975e-09,-3.962004450700293e-09,-1.386965135866114e-07,2.359197250060389e-08,1.389426313057978e-07,-2.436850847242433e-08
3046.0,8.427026604307386e-09,-3.90989606054478e-09,-1.3820750354581746e-07,2.399291948359654e-08,1.3846417881082763e-07,-2.475933570688756e-08
3047.0,8.578084104149397e-09,-3.852214507069622e-09,-1.3765033459248177e-07,2.4387306382907028e-08,1.3791735982217773e-07,-2.5142928439515294e-08
3048.0,8.872836160245257e-09,-3.7890013489825146e-09,-1.370713705213522e-07,2.4775052648466248e-08,1.3735824634192293e-07,-2.5519198091761424e-08
3049.0,9.01786884055511e-09,-3.7203076494598515e-09,-1.3659974921337303e-07,2.5156081739135882e-08,1.3689709070532457e-07,-2.5888061163924582e-08
3050.0,9.33395061242237e-09,-3.6461939099165925e-09,-1.3628332911838625e-07,2.5530321127484865e-08,1.3660259305600873e-07,-2.6249439275459628e-08
3051.0,9.725520999648296e-09,-3.5667299819062254e-09,-1.3591333211313006e-07,2.5897702295654143e-08,1.3626085132865047e-07,-2.6603259194161422e-08
3052.0,1.022694048891104e-08,-3.4819949572167247e-09,-1.354825899801959e-07,2.625816072246464e-08,1.358680333982413e-07,-2.6949452854239127e-08
3053.0,1.0560040508700297e-08,-3.392077036298151e-09,-1.350618787018809e-07,2.661163586195785e-08,1.3547407698163876e-07,-2.72879573633388e-08
3054.0,1.0784196813329316e-08,-3.2970733752112465e-09,-1.3468131744229228e-07,2.6958071113580198e-08,1.3511238347723767e-07,-2.761871499859833e-08
3055.0,1.0806328637480433e-08,-3.197089911319511e-09,-1.3414381905968442e-07,2.729741378423019e-08,1.345783821070033e-07,-2.7941673191830306e-08
3056.0,1.0831995828075591e-08,-3.092241167959621e-09,-1.3352268812827361e-07,2.7629615042382775e-08,1.3396133911923868e-07,-2.8256784503926767e-08
3057.0,1.1001247829378613e-08,-2.982650038322907e-09,-1.3298977272549473e-07,2.795462986449173e-08,1.334440223591231e-07,-2.8564006588568303e-08
3058.0,1.1002215027922091e-08,-2.868447548774099e-09,-1.324684893860839e-07,2.8272416973852692e-08,1.3292460049122457e-07,-2.886330214530447e-08
3059.0,1.104167354770702e-08,-2.749772601831844e-09,-1.3190235629775837e-07,2.8582938772092153e-08,1.3236370405679546e-07,-2.9154638862058705e-08
3060.0,1.108106489899896e-08,-2.626771699044018e-09,-1.312671339404048e-07,2.8886161263436213e-08,1.3173401402911854e-07,-2.9437989347104085e-08
3061.0,1.1070290406589578e-08,-2.4995986440119646e-09,-1.3074799404960702e-07,2.9182053971909046e-08,1.3121581184324664e-07,-2.971333105055892e-08
3062.0,1.0997789484656906e-08,-2.368414225853522e-09,-1.3028513563828614e-07,2.947058985161667e-08,1.3074849116466104e-07,-2.9980646175464935e-08
3063.0,1.106139865814093e-08,-2.2333858834472935e-09,-1.2983362446608582e-07,2.975174519028811e-08,1.3030396994057749e-07,-3.023992157853712e-08
3064.0,1.116452361116238e-08,-2.094687350872349e-09,-1.2929589293317334e-07,3.0025499506273164e-08,1.2977701844645232e-07,-3.04911486607139e-08
3065.0,1.1213194150982986e-08,-1.9524982845499262e-09,-1.2877104513253634e-07,3.0291835439232695e-08,1.292583374007006e-07,-3.073432324768727e-08
3066.0,1.1310520547924696e-08,-1.8070038727062431e-09,-1.283508811664169e-07,3.0550738634801394e-08,1.2884826957030002e-07,-3.096944546065325e-08
3067.0,1.1494313945092927e-08,-1.6583944279060123e-09,-1.2794832851548144e-07,3.080219762355399e-08,1.2846359026188673e-07,-3.119651957759309e-08
3068.0,1.1936973631776482e-08,-1.5068649635514277e-09,-1.2761556970539156e-07,3.104620369466439e-08,1.2817263737131018e-07,-3.1415553885474824e-08
3069.0,1.2498595935994672e-08,-1.352614755397664e-09,-1.2737958767633506e-07,3.128275076471255e-08,1.2799130539596974e-07,-3.162656052385207e-08
3070.0,1.3025607953354168e-08,-1.1958468892966754e-09,-1.2718189580998573e-07,3.151183524216205e-08,1.2784717863283706e-07,-3.182955532042887e-08
3071.0,1.333016225180117e-08,-1.036767796535934e-09,-1.2691536587297603e-07,3.1733455888098944e-08,1.2761349192123343e-07,-3.202455761924977e-08
3072.0,1.3499924844673217e-08,-8.755867782761903e-10,-1.265956405677171e-07,3.194761367388265e-08,1.2731340927633055e-07,-3.221159010225676e-08
3073.0,1.3975166052171417e-08,-7.125155207053868e-10,-1.2642566315015924e-07,3.2154311636409425e-08,1.271957293667649e-07,-3.239067860502497e-08
3074.0,1.4553295735186822e-08,-5.477676026149707e-10,-1.2628032157804836e-07,3.235355473172615e-08,1.2711615961242343e-07,-3.2561851927544454e-08
3075.0,1.5118979151962364e-08,-3.8155799717421233e-10,-1.2613708446837513e-07,3.254534968775679e-08,1.2703994493378637e-07,-3.272514164095697e-08
3076.0,1.552557210571237e-08,-2.1410256972846017e-10,-1.2595891623126687e-07,3.272970485691548e-08,1.2691214271047896e-07,-3.2880581891183366e-08
3077.0,1.58285834717109e-08,-4.561757347386185e-11,-1.2575662206026905e-07,3.290663006937684e-08,1.267488542225541e-07,-3.302820920038679e-08
3078.0,1.6115278750339357e-08,1.236808551412137e-10,-1.2549850629192671e-07,3.307613648775378e-08,1.2652895830878365e-07,-3.3168062267206426e-08
3079.0,1.6327845436814314e-08,2.935771994689137e-10,-1.2509711995803419e-07,3.323823646389603e-08,1.2615818625203555e-07,-3.3300181766666225e-08
3080.0,1.6561137877735277e-08,4.6385706240391075e-10,-1.247355055425392e-07,3.339294339847189e-08,1.2583011416492552e-07,-3.3424610150616306e-08
3081.0,1.685376530002891e-08,6.343076611195099e-10,-1.245103521708979e-07,3.3540271603936223e-08,1.2564584037089917e-07,-3.354139144950749e-08
3082.0,1.7105847183174205e-08,8.047183151817851e-10,-1.243123976812921e-07,3.3680236171425556e-08,1.25483792679078e-07,-3.365057107623848e-08
3083.0,1.7230503468468328e-08,9.748809265104898e-10,-1.2406692586827694e-07,3.3812852842061266e-08,1.2525770373187202e-07,-3.375219563275501e-08
3084.0,1.7245546740651818e-08,1.1445904497448038e-09,-1.23749809906315e-07,3.393813788308388e-08,1.2494568553668874e-07,-3.3846312720021896e-08
3085.0,1.733399096481847e-08,1.313645351663809e-09,-1.2339051542326063e-07,3.405610796918493e-08,1.2460211290016846e-07,-3.3932970751930815e-08
3086.0,1.7579650013477277e-08,1.4818480584022856e-09,-1.230886008674048e-07,3.4166780069346085e-08,1.2433763612877494e-07,-3.401221877364872e-08
3087.0,1.7798461121598663e-08,1.6490053892866872e-09,-1.2279868235112734e-07,3.427017133944112e-08,1.2408183430893554e-07,-3.4084106284856475e-08
3088.0,1.794712531366649e-08,1.8149289761908979e-09,-1.2253689023536407e-07,3.4366299020807964e-08,1.2384421171608348e-07,-3.414868306827935e-08
3089.0,1.8113283928311574e-08,1.979435667377741e-09,-1.223390565414928e-07,3.445518034495875e-08,1.2367269630007345e-07,-3.420599902387227e-08
3090.0,1.8256162137575416e-08,2.1423479148532127e-09,-1.2212318830848168e-07,3.453683244456584e-08,1.234802031850544e-07,-3.4256104008993974e-08
3091.0,1.834313403947796e-08,2.3034941443179396e-09,-1.2185615352183765e-07,3.461127227083995e-08,1.2322902546692449e-07,-3.429904768488351e-08
3092.0,1.8479298757867468e-08,2.4627091068536854e-09,-1.2165680146614122e-07,3.4678516517401507e-08,1.2305227273624256e-07,-3.433487936973882e-08
3093.0,1.87264568574097e-08,2.61983421153035e-09,-1.2156516658937133e-07,3.4738581550736494e-08,1.2299906468885865e-07,-3.4363647898688754e-08
3094.0,1.8989081002063202e-08,2.774717838159283e-09,-1.2152673000559444e-07,3.479148334732369e-08,1.2300134675342203e-07,-3.4385401490947826e-08
3095.0,1.9302583059710443e-08,2.9272156294525313e-09,-1.2152795155276341e-07,3.483723743751973e-08,1.2305134181059478e-07,-3.4400187624445355e-08
3096.0,1.9684781110695937e-08,3.0771907618777946e-09,-1.2152872730375464e-07,3.4875858856289385e-08,1.2311264016114012e-07,-3.440805291822414e-08
3097.0,2.000468032892222e-08,3.22451419453046e-09,-1.2137198996883813e-07,3.4907362100865794e-08,1.230095410285646e-07,-3.4409043022903226e-08
3098.0,2.019748751580508e-08,3.3690648953823877e-09,-1.2106488486013367e-07,3.493176109541511e-08,1.2273811489569376e-07,-3.440320251949009e-08
3099.0,2.035897114782692e-08,3.5107300443160937e-09,-1.208296573317058e-07,3.494906916276204e-08,1.2253282742634928e-07,-3.439057482680749e-08
3100.0,2.0588088012196692e-08,3.6494052124136304e-09,-1.2081118465692708e-07,3.495929900321065e-08,1.2255289350402172e-07,-3.437120211777479e-08
3101.0,2.0889342922103538e-08,3.784994517039427e-09,-1.209355243517174e-07,3.496246268047559e-08,1.2272638550019334e-07,-3.4345125244758387e-08
3102.0,2.1176836728642456e-08,3.917410752332132e-09,-1.21054319214553e-07,3.4958571614726996e-08,1.2289266298005945e-07,-3.431238367418615e-08
3103.0,2.145922731178196e-08,4.046575494800271e-09,-1.211809370765815e-07,3.4947636582744446e-08,1.2306631524335625e-07,-3.427301543060456e-08
3104.0,2.1689086165954663e-08,4.172419183801618e-09,-1.213121307158671e-07,3.4929667725165174e-08,1.232357477258033e-07,-3.422705705033604e-08
3105.0,2.1782101872203086e-08,4.29488117677895e-09,-1.213479197750833e-07,3.4904674560788766e-08,1.232873780875848e-07,-3.417454354485993e-08
3106.0,2.172972016212249e-08,4.4139097792262995e-09,-1.2122127061517385e-07,3.4872666007862984e-08,1.2315347006025192e-07,-3.411550837398791e-08
3107.0,2.1572263420033266e-08,4.529462249467264e-09,-1.2094539261070514e-07,3.483365041222028e-08,1.2285418406721408e-07,-3.404998342883538e-08
3108.0,2.1310389758388837e-08,4.641504778433894e-09,-1.2054996608931723e-07,3.47876355820699e-08,1.2241906320418393e-07,-3.3977999024509055e-08
3109.0,2.0981642590012228e-08,4.7500124447312964e-09,-1.201326798351554e-07,3.4734628829183164e-08,1.2195117912570985e-07,-3.389958390235003e-08
3110.0,2.065722545796511e-08,4.8549691453477646e-09,-1.1979455103588998e-07,3.4674637016154306e-08,1.2156255764630675e-07,-3.3814765241504515e-08
3111.0,2.0503633124668852e-08,4.956367502412132e-09,-1.1962206809476572e-07,3.460766660938759e-08,1.213665445935567e-07,-3.372356867955669e-08
3112.0,2.0689697011189168e-08,5.05420874640122e-09,-1.1968414512925074e-07,3.453372373746342e-08,1.2145928600866367e-07,-3.362601834195963e-08
3113.0,2.1134574590409017e-08,5.1485025761585535e-09,-1.199052217966401e-07,3.4452814254573116e-08,1.217535726671666e-07,-3.3522136880043414e-08
3114.0,2.1576032349646113e-08,5.239266996007097e-09,-1.2011935828989961e-07,3.436494380877837e-08,1.2204173633610042e-07,-3.3411945517457577e-08
3115.0,2.1905753960771435e-08,5.3265281301390995e-09,-1.2029653020245723e-07,3.4270117914934896e-08,1.2227476123608077e-07,-3.329546410500324e-08
3116.0,2.223100539766598e-08,5.410320014365077e-09,-1.2051425877027122e-07,3.4168342032206133e-08,1.2254755880040593e-07,-3.3172711183911273e-08
3117.0,2.2702985713607404e-08,5.490684365217888e-09,-1.2083398032158854e-07,3.405962164617125e-08,1.229482670096261e-07,-3.3043704057713284e-08
3118.0,2.3315415598190725e-08,5.56767032634631e-09,-1.2121204481102543e-07,3.394396235559646e-08,1.2343406503792377e-07,-3.290845887292405e-08
3119.0,2.3969037005189264e-08,5.641334192098598e-09,-1.2158756495031509e-07,3.382136996398598e-08,1.2392760259725522e-07,-3.276699070880467e-08
3120.0,2.456652392623937e-08,5.711739108194662e-09,-1.2189920816502164e-07,3.369185057605744e-08,1.2435003437505665e-07,-3.2619313676500135e-08
3121.0,2.4976578888447065e-08,5.778954749422323e-09,-1.2209951710806521e-07,3.355541069929042e-08,1.2462793254721644e-07,-3.2465441027839476e-08
3122.0,2.5197293945788957e-08,5.843056974375701e-09,-1.222638110268126e-07,3.3412057350676084e-08,1.2483326122869112e-07,-3.2305385274046853e-08
3123.0,2.543426483314626e-08,5.9041274573844154e-09,-1.2252880982055459e-07,3.326179816875017e-08,1.2514076499544126e-07,-3.2139158314538947e-08
3124.0,2.5804876346846584e-08,5.9622532979560636e-09,-1.2290836034697938e-07,3.3104641530926544e-08,1.2558804356489903e-07,-3.1966771575882865e-08
3125.0,2.6176123352206204e-08,6.017526608261986e-09,-1.2327400605166572e-07,3.29405966760686e-08,1.2602249799847658e-07,-3.178823616086667e-08
3126.0,2.6361205024416634e-08,6.070044079429165e-09,-1.2349087213578414e-07,3.276967383214318e-08,1.2627315087221002e-07,-3.16035630074946e-08
3127.0,2.6260926183629962e-08,6.11990652765516e-09,-1.2357884279431963e-07,3.2591884348695196e-08,1.263383023093362e-07,-3.141276305756054e-08
3128.0,2.6002189984497548e-08,6.167218421436132e-09,-1.2362842389743167e-07,3.240724083375984e-08,1.2633329362979878e-07,-3.1215847434277015e-08
3129.0,2.573063287436561e-08,6.212087391484568e-09,-1.2368386892100403e-07,3.2215757294695965e-08,1.2633196309479042e-07,-3.10128276282454e-08
3130.0,2.5485913823786177e-08,6.254623725200407e-09,-1.236969380223607e-07,3.201744928228754e-08,1.2629514749008054e-07,-3.080371569085754e-08
3131.0,2.5217780752484487e-08,6.2949398478309895e-09,-1.2360691691720715e-07,3.181233403732822e-08,1.2615310688151017e-07,-3.058852443403257e-08
3132.0,2.4790588859513463e-08,6.333149792697654e-09,-1.2342712363624941e-07,3.160043063878569e-08,1.2589212900383975e-07,-3.036726763502375e-08
3133.0,2.4265977532911265e-08,6.36936866307166e-09,-1.2329098781835302e-07,3.138176015254427e-08,1.2565629846073385e-07,-3.013996024488959e-08
3134.0,2.3854421382640822e-08,6.4037120884440385e-09,-1.2332295557318518e-07,3.1156345779651515e-08,1.2560885633905914e-07,-2.990661859911643e-08
3135.0,2.3698221662815655e-08,6.4362956780478115e-09,-1.2355142610040448e-07,3.092421300295536e-08,1.2580365893495966e-07,-2.9667260628814384e-08
3136.0,2.3659708858758677e-08,6.467234474551723e-09,-1.238525054216011e-07,3.068538973101398e-08,1.2609212870948348e-07,-2.942190607088877e-08
3137.0,2.3550185218601527e-08,6.49664241085169e-09,-1.240844573341393e-07,3.043990643818868e-08,1.262995002988463e-07,-2.9170576675611228e-08
3138.0,2.3364333717745822e-08,6.524631772845903e-09,-1.2424967002488962e-07,3.0187796299882664e-08,1.2642734115438855e-07,-2.891329641006987e-08
3139.0,2.3196261661473372e-08,6.5513126710021685e-09,-1.2443719690086175e-07,2.9929095321954394e-08,1.2658073521516366e-07,-2.8650091656054074e-08
3140.0,2.316210456765333e-08,6.576792523420059e-09,-1.2474812075696784e-07,2.966384246341038e-08,1.268801667732114e-07,-2.8380991401019985e-08
3141.0,2.3390480052842832e-08,6.601175552959117e-09,-1.251875842885053e-07,2.9392079751564898e-08,1.273540176715837e-07,-2.8106027420886243e-08
3142.0,2.372785762316809e-08,6.624562300849696e-09,-1.256737314318801e-07,2.911385238894652e-08,1.2789408899318866e-07,-2.7825234453525347e-08
3143.0,2.397185616676012e-08,6.647049159030597e-09,-1.2609737907315344e-07,2.8829208851328886e-08,1.2835575132107788e-07,-2.753865036194156e-08
3144.0,2.4034346540746654e-08,6.668727923278122e-09,-1.2640152475401623e-07,2.853820097636183e-08,1.2866621652081357e-07,-2.7246316286253778e-08
3145.0,2.3980057883843386e-08,6.689685369016812e-09,-1.2667644724850824e-07,2.824088404237202e-08,1.2892620161788903e-07,-2.694827678372313e-08
3146.0,2.4048651708907798e-08,6.710002851539494e-09,-1.270927464797067e-07,2.7937316836988604e-08,1.293479951787864e-07,-2.6644579956177698e-08
3147.0,2.434318116528722e-08,6.729755932212623e-09,-1.2766689605134274e-07,2.7627561715329968e-08,1.299670220349391e-07,-2.6335277564291847e-08
3148.0,2.460969564244131e-08,6.749014032096781e-09,-1.2823868933073412e-07,2.731168464756692e-08,1.3057870638384398e-07,-2.6020425128280536e-08
3149.0,2.4681355736966282e-08,6.767840114269656e-09,-1.2866454288801288e-07,2.6989755255754525e-08,1.3101043438442598e-07,-2.5700082014668726e-08
3150.0,2.462539203107461e-08,6.786290396002699e-09,-1.2900316738451156e-07,2.6661846839895687e-08,1.3133250598355465e-07,-2.5374311508889268e-08
3151.0,2.4561314926341282e-08,6.804414091817839e-09,-1.293918019291962e-07,2.632803639326046e-08,1.3170230293125196e-07,-2.5043180873543294e-08
3152.0,2.4581259860934068e-08,6.822253188336819e-09,-1.2986107305809624e-07,2.5988404607035175e-08,1.3216707847323772e-07,-2.4706761392226065e-08
3153.0,2.465699341924754e-08,6.8398422517272695e-09,-1.3033843673446177e-07,2.564303586441999e-08,1.326501994527717e-07,-2.4365128398882848e-08
3154.0,2.4689211786110832e-08,6.8572082684404466e-09,-1.3075316325841801e-07,2.5292018224335232e-08,1.3306369482583124e-07,-2.401836129271902e-08
3155.0,2.457454950643978e-08,6.874370519822803e-09,-1.310856229189139e-07,2.4935443394938313e-08,1.3336922066010637e-07,-2.3666543538748632e-08
3156.0,2.425615461265629e-08,6.891340491068139e-09,-1.3132348090222346e-07,2.4573406697193495e-08,1.335448152227174e-07,-2.3309762654124934e-08
3157.0,2.4068303655644385e-08,6.90812181485884e-09,-1.3161593082067213e-07,2.420600701877735e-08,1.3379849209408998e-07,-2.2948110180456356e-08
3158.0,2.4091727196529078e-08,6.924710249919991e-09,-1.3212334240217394e-07,2.383334675864801e-08,1.3430185749584432e-07,-2.2581681642377473e-08
3159.0,2.419192171587703e-08,6.941093694572548e-09,-1.3277422943047679e-07,2.345553176266086e-08,1.3496016107416296e-07,-2.2210576492721597e-08
3160.0,2.4206872673016022e-08,6.957252235217808e-09,-1.333768509942379e-07,2.307267125067949e-08,1.355557341677096e-07,-2.1834898044733455e-08
3161.0,2.4237832185747266e-08,6.9731582295185694e-09,-1.3381623273703291e-07,2.2684877735704808e-08,1.3599359048497913e-07,-2.145475339186192e-08
3162.0,2.4200169979060604e-08,6.988776423869996e-09,-1.3423581434954257e-07,2.2292266935618516e-08,1.363997876871525e-07,-2.107025331577483e-08
3163.0,2.4169000245599648e-08,7.004064104581831e-09,-1.3477004989770336e-07,2.1894957678206345e-08,1.369200749426513e-07,-2.0681512183335334e-08
3164.0,2.4213223870361844e-08,7.0189712820255405e-09,-1.3547727460358483e-07,2.1493071800189056e-08,1.3762402458950033e-07,-2.0288647833369618e-08
3165.0,2.4499751810624915e-08,7.033440906834645e-09,-1.3618492264444448e-07,2.108673404104925e-08,1.3837113497567165e-07,-1.9891781454142836e-08
3166.0,2.4768052331314294e-08,7.047409117084337e-09,-1.3686573450619188e-07,2.0676071932499613e-08,1.390887691303871e-07,-1.949103745254455e-08
3167.0,2.4815373922404405e-08,7.060805515220545e-09,-1.3749660976447586e-07,2.026121568448923e-08,1.3971800341986464e-07,-1.908654331606106e-08
3168.0,2.469177967645564e-08,7.0735534733660765e-09,-1.380889024064913e-07,1.9842298068684276e-08,1.4027911088761613e-07,-1.8678429468674323e-08
3169.0,2.4770969969667433e-08,7.085570465507516e-09,-1.3862319271293333e-07,1.9419454300382893e-08,1.408189991129223e-07,-1.8266829121871232e-08
3170.0,2.4984859403609505e-08,7.096768424961536e-09,-1.3930110543888818e-07,1.8992821919834697e-08,1.4152399505353987e-07,-1.785187812197324e-08
3171.0,2.5173239548426096e-08,7.107054125428739e-09,-1.4009382113405744e-07,1.8562540673934377e-08,1.423375238976136e-07,-1.7433714795009792e-08
3172.0,2.521498015939372e-08,7.116329583864089e-09,-1.4080375864561345e-07,1.8128752399250178e-08,1.4304367750156168e-07,-1.7012479790362014e-08
3173.0,2.5251900070966116e-08,7.124492483327603e-09,-1.4137909636405266e-07,1.7691600907331087e-08,1.4361652880469625e-07,-1.658831592439552e-08
3174.0,2.5240686429839343e-08,7.131436613931257e-09,-1.4202988990463794e-07,1.7251231873208662e-08,1.442552663779491e-07,-1.6161368025279764e-08
3175.0,2.5188783558949268e-08,7.1370523299685e-09,-1.4278184988503195e-07,1.6807792727968994e-08,1.4498665964071105e-07,-1.573178278015382e-08
3176.0,2.533937468185421e-08,7.141227021298666e-09,-1.4346192377806544e-07,1.6361432556218517e-08,1.4568255723788915e-07,-1.5299708585747573e-08
3177.0,2.5420567650868975e-08,7.143845597055697e-09,-1.440971809894831e-07,1.5912301999206804e-08,1.4632225677868782e-07,-1.4865295403504762e-08
3178.0,2.5163573419417773e-08,7.144790979757169e-09,-1.4462060541828303e-07,1.5460553164299995e-08,1.4679347716702245e-07,-1.4428694620182396e-08
3179.0,2.481330543813165e-08,7.143944607905823e-09,-1.450105721785555e-07,1.5006339541423166e-08,1.4711820475494552e-07,-1.3990058914820332e-08
3180.0,2.461648454521459e-08,7.141186945200113e-09,-1.4547738010420308e-07,1.4549815927009084e-08,1.4754538092853863e-07,-1.3549542132888139e-08
3181.0,2.4509582058351853e-08,7.136397994497166e-09,-1.4612702227065344e-07,1.4091138355912641e-08,1.4816823630712193e-07,-1.3107299168331343e-08
3182.0,2.4538008597252414e-08,7.129457814691617e-09,-1.4683726559661103e-07,1.3630464041681384e-08,1.4887342420260416e-07,-1.2663485854164387e-08
3183.0,2.46434097850301e-08,7.1202470386819875e-09,-1.4756346557523448e-07,1.316795132551677e-08,1.4960706540269523e-07,-1.2218258862198028e-08
3184.0,2.4467624398782917e-08,7.108647390595037e-09,-1.4829112691266966e-07,1.2703759634216626e-08,1.5029611759706043e-07,-1.1771775612441674e-08
3185.0,2.4194830888779606e-08,7.094542200434902e-09,-1.4892915208356006e-07,1.2238049447350825e-08,1.5088168272545479e-07,-1.1324194192680466e-08
3186.0,2.420325376228938e-08,7.077816914324007e-09,-1.4963332759312942e-07,1.1770982273883507e-08,1.5157813239143225e-07,-1.0875673288685188e-08
3187.0,2.4183636787578067e-08,7.058359598507311e-09,-1.505350767025404e-07,1.1302720638414204e-08,1.5246526688434064e-07,-1.0426372125467892e-08
3188.0,2.4312157731465334e-08,7.0360614352972714e-09,-1.5142320288971667e-07,1.0833428077165846e-08,1.5336253579978373e-07,-9.97645041994804e-09
3189.0,2.467535323291692e-08,7.010817209143432e-09,-1.522251899116478e-07,1.0363269143799862e-08,1.5421213149686527e-07,-9.526068345341873e-09
3190.0,2.4554170974244727e-08,6.9825257810227155e-09,-1.5303569150804108e-07,9.89240942508332e-09,1.5499300044704198e-07,-9.075386507527143e-09
3191.0,2.4265585790717026e-08,6.951090549372795e-09,-1.537122684275305e-07,9.421015566366632e-09,1.556158093475847e-07,-8.62456593356261e-09
3192.0,2.4552202826377822e-08,6.916419895837929e-09,-1.5436304973831527e-07,8.949255306751503e-09,1.563034285872872e-07,-8.1737680724519e-09
3193.0,2.458039541353152e-08,6.8784276141637485e-09,-1.5525003147290328e-07,8.477297523739492e-09,1.5718386720978405e-07,-7.723154808139277e-09
3194.0,2.448297575785574e-08,6.837033320660653e-09,-1.5608945511808026e-07,8.005312287056635e-09,1.5799789271069075e-07,-7.27288848461452e-09
3195.0,2.476207072721337e-08,6.792162844751761e-09,-1.567774978519787e-07,7.53347092125274e-09,1.587209626338837e-07,-6.823131942889641e-09
3196.0,2.4474853421718734e-08,6.743748598233037e-09,-1.5762266682844972e-07,7.061946076575584e-09,1.5951151540916124e-07,-6.374048569492386e-09
3197.0,2.4067703191521517e-08,6.691729922002145e-09,-1.5845099429756537e-07,6.590911807518161e-09,1.6026843710101584e-07,-5.925802355997612e-09
3198.0,2.42885250245628e-08,6.636053409157297e-09,-1.5925579711917326e-07,6.12054365833194e-09,1.610973040244066e-07,-5.478557968987703e-09
3199.0,2.4181365521069864e-08,6.5766732035227885e-09,-1.601889366015241e-07,5.651018754689693e-09,1.6200380812805202e-07,-5.032480829698996e-09
3200.0,2.375014257482988e-08,6.51355127281716e-09,-1.6089209647907055e-07,5.1825159005680526e-09,1.626355926043106e-07,-4.587737202472076e-09
3201.0,2.3620404243640536e-08,6.446657655840893e-09,-1.6138320563935382e-07,4.7152156793032335e-09,1.6310261358748043e-07,-4.1444942909811226e-09
3202.0,2.297739951084843e-08,6.375970683222211e-09,-1.619143627888675e-07,4.2493005576521465e-09,1.6353660680595687e-07,-3.7029203410714774e-09
3203.0,2.2357713291842884e-08,6.301477171419124e-09,-1.623949498555377e-07,3.784954991572084e-09,1.639267735369145e-07,-3.263184748891196e-09
3204.0,2.2321907461320123e-08,6.223172589823825e-09,-1.6300380682385263e-07,3.3223655323242883e-09,1.6452510018772092e-07,-2.825458172871296e-09
3205.0,2.1969149555101097e-08,6.141061200942516e-09,-1.638070354081922e-07,2.8617209314185346e-09,1.652736772187124e-07,-2.3899126480029797e-09
3206.0,2.1734909372295164e-08,6.055156173723574e-09,-1.6451580333101679e-07,2.4032122428553457e-09,1.6594533988959038e-07,-1.9567217007830683e-09
3207.0,2.157210057807113e-08,5.965479670181497e-09,-1.6522976743760243e-07,1.947032921086951e-09,1.666320244455867e-07,-1.526060463152434e-09
3208.0,2.097151430291433e-08,5.872062905520087e-09,-1.6597403292017976e-07,1.493378913103845e-09,1.6729370584677193e-07,-1.0981057837287551e-09
3209.0,2.0860780797216094e-08,5.774946182001719e-09,-1.6667246354601373e-07,1.0424487430541432e-09,1.679728617365519e-07,-6.730363346283253e-10
3210.0,2.0707606296355152e-08,5.674178896841845e-09,-1.6752233442107745e-07,5.94443587816294e-10,1.6879732666251607e-07,-2.510327121796122e-10
3211.0,2.0496728203589498e-08,5.5698195244278065e-09,-1.6835839571419098e-07,1.4956734196956178e-10,1.6960148959990871e-07,1.6772247014850865e-10
3212.0,2.0580337156683726e-08,5.461935573170123e-09,-1.690728689690557e-07,-2.919733293591132e-10,1.7032083049031394e-07,5.830444982480954e-10
3213.0,2.0104366865725254e-08,5.3506035172968326e-09,-1.6975724013990057e-07,-7.2996895125028e-10,1.7094357591611197e-07,9.94746484905452e-10
3214.0,1.978921293499525e-08,5.235908703904129e-09,-1.7038222843018813e-07,-1.1642072147780568e-09,1.715275975271134e-07,1.4026393099195468e-09
3215.0,1.9869796558102948e-08,5.1179452355821135e-09,-1.7110887861812585e-07,-1.5944729691990774e-09,1.7225869254470998e-07,1.8065315743021375e-09
3216.0,1.9379565591171044e-08,4.996815828942146e-09,-1.7195232999631105e-07,-2.02054823184807e-09,1.7304095282233842e-07,2.2062295699885445e-09
3217.0,1.937623536618638e-08,4.872631649379277e-09,-1.7271289728254535e-07,-2.4422122169616506e-09,1.7379638484357755e-07,2.6015372664060807e-09
3218.0,1.9424449160254653e-08,4.7455121224091325e-09,-1.7361171189209101e-07,-2.859241384555319e-09,1.7469497912442056e-07,2.9922563151501506e-09
3219.0,1.8650911065565268e-08,4.615584721926136e-09,-1.7451226291126387e-07,-3.2714095103705137e-09,1.7550608647561403e-07,3.3781860739096708e-09
3220.0,1.8703681381460058e-08,4.482984735741776e-09,-1.7537465428485444e-07,-3.6784877777935216e-09,1.7636920667381647e-07,3.75912365066812e-09
3221.0,1.8657733913407526e-08,4.3478550087785125e-09,-1.7641830408685055e-07,-4.080244892530725e-09,1.7740216755063617e-07,4.1348639690894045e-09
3222.0,1.813052982746477e-08,4.210345664315167e-09,-1.7729101386976254e-07,-4.476447220709287e-09,1.7821565506653145e-07,4.505199855882489e-09
3223.0,1.839366325917524e-08,4.070613803701515e-09,-1.7807920396628596e-07,-4.866858950961461e-09,1.790266173879125e-07,4.869922150827545e-09
3224.0,1.7936403695628655e-08,3.928823184985436e-09,-1.7890637433667922e-07,-5.251242280948258e-09,1.7980324067109733e-07,5.228819840044016e-09
3225.0,1.7357123266448227e-08,3.785143880928448e-09,-1.7950874795294447e-07,-5.629357628682436e-09,1.8034594622480546e-07,5.581680212985403e-09
3226.0,1.7460299511773414e-08,3.6397519169255837e-09,-1.8023943801695474e-07,-6.000963868920208e-09,1.8108317722999148e-07,5.928289043555625e-09
3227.0,1.706008984081464e-08,3.492828889390908e-09,-1.8117242233176012e-07,-6.36581859479884e-09,1.8197388076021877e-07,6.268430795650814e-09
3228.0,1.7084611975137776e-08,3.34456156521635e-09,-1.8202610870335367e-07,-6.723678404799975e-09,1.8282611469925774e-07,6.60188885333353e-09
3229.0,1.717809189338837e-08,3.195141462957993e-09,-1.8298926589624398e-07,-7.07429921501245e-09,1.8379379280689534e-07,6.9284457757409755e-09
3230.0,1.659279280641357e-08,3.0447644164550753e-09,-1.8382787433240955e-07,-7.41743659655824e-09,1.8457521002206316e-07,7.247883576719419e-09
3231.0,1.6423012672017734e-08,2.8936301216493284e-09,-1.846069311133014e-07,-7.752846137935288e-09,1.8533600395038322e-07,7.559984029068407e-09
3232.0,1.628574544665362e-08,2.741941667448992e-09,-1.8561844774417358e-07,-8.080283831926149e-09,1.8633151544413976e-07,7.864528993176508e-09
3233.0,1.6024604893027927e-08,2.5899050515704548e-09,-1.86434819159087e-07,-8.399506486624004e-09,1.871222321287856e-07,8.161300769735654e-09
3234.0,1.584412223643028e-08,2.4377286823864532e-09,-1.8723196752723492e-07,-8.710272160035147e-09,1.8790115985156265e-07,8.450082476132796e-09
3235.0,1.5469041714233356e-08,2.285622867910796e-09,-1.8804729290736177e-07,-9.012340617631883e-09,1.8868247301046222e-07,8.73065844603647e-09
3236.0,1.522309744927952e-08,2.1337992931564593e-09,-1.887052208521256e-07,-9.305473812150094e-09,1.893182586883784e-07,9.002814651619808e-09
3237.0,1.4534449171987873e-08,1.982470487216101e-09,-1.8936308137859625e-07,-9.589436384850386e-09,1.8992005371189734e-07,9.26633914779079e-09
3238.0,1.4173540785478167e-08,1.8318492815282728e-09,-1.9009413997420066e-07,-9.86399618738725e-09,1.9062180177232773e-07,9.521022537730171e-09
3239.0,1.4127403857866483e-08,1.682148260902978e-09,-1.909020566522035e-07,-1.0128924823352045e-08,1.9142408096633082e-07,9.766658458962768e-09
3240.0,1.328872695216532e-08,1.5335792089807824e-09,-1.9165236516544004e-07,-1.0383998208470377e-08,1.9211251738894158e-07,1.0003044089104942e-08
3241.0,1.3164809686827539e-08,1.386352549887217e-09,-1.9234352901034701e-07,-1.0628997148340828e-08,1.9279353040557297e-07,1.0229980670339644e-08
3242.0,1.2703381957468451e-08,1.2406767879194913e-09,-1.93034865810654e-07,-1.0863707932502671e-08,1.934524110257986e-07,1.0447274051571095e-08
3243.0,1.1797178234296268e-08,1.096757947165609e-09,-1.9366947527285627e-07,-1.10879229435162e-08,1.9402844911701798e-07,1.0654735247107114e-08
3244.0,1.1862945931140345e-08,9.547990130054983e-10,-1.9440932956180101e-07,-1.130144127963146e-08,1.9477093445079047e-07,1.0852181010607518e-08
3245.0,1.1229685681346524e-08,8.149993774764119e-10,-1.951452455704883e-07,-1.1504069389507107e-08,1.9546808616566546e-07,1.1039434422920525e-08
3246.0,1.0893216939589223e-08,6.775542904980571e-10,-1.9575899184998136e-07,-1.169562171732021e-08,1.960618399011241e-07,1.1216325492303899e-08
3247.0,1.0687088047856008e-08,5.426543189476745e-10,-1.9648186195750372e-07,-1.1875921356479546e-08,1.9677229461799285e-07,1.1382691765394664e-08
3248.0,9.588911775715303e-09,4.104848155543972e-10,-1.971501805454745e-07,-1.2044800710021697e-08,1.9738323362979858e-07,1.1538378947151401e-08
3249.0,9.740232675969906e-09,2.8122539954841796e-10,-1.979158788731339e-07,-1.2202102155630093e-08,1.9815541184309612e-07,1.1683241527847739e-08
3250.0,9.657422417319594e-09,1.5504945095245032e-10,-1.988688818933826e-07,-1.2347678713074059e-08,1.9910323451232704e-07,1.1817143415044687e-08
3251.0,8.966927922404722e-09,3.21236203391795e-11,-1.997276153110905e-07,-1.2481394711718934e-08,1.9992880261288155e-07,1.1939958568315561e-08
3252.0,9.195775085846236e-09,-8.739264419749743e-11,-2.0066091312512246e-07,-1.26031264556141e-08,2.0087151200615137e-07,1.2051571634344188e-08
3253.0,8.716742161407609e-09,-2.033475511898424e-10,-2.01537715367045e-07,-1.2712762883530432e-08,2.01726131944467e-07,1.2151878579872786e-08
3254.0,8.362271680661948e-09,-3.1559739947213265e-10,-2.022881084688677e-07,-1.2810206221198399e-08,2.0246087625902832e-07,1.2240787319847203e-08
3255.0,8.276175800236985e-09,-4.240069898675452e-10,-2.0314517859207348e-07,-1.2895372622897175e-08,2.0331369523738892e-07,1.2318218337997757e-08
3256.0,7.972542903633695e-09,-5.28450013436853e-10,-2.039876644994998e-07,-1.2968192799464416e-08,2.0414340231393903e-07,1.2384105297005303e-08
3257.0,8.241496901595369e-09,-6.288094149044784e-10,-2.04873880003259e-07,-1.3028612629734825e-08,2.0503957905431035e-07,1.243839563533265e-08
3258.0,7.705027449400603e-09,-7.249777299375817e-10,-2.0568548749280713e-07,-1.3076593752371273e-08,2.0582975298325976e-07,1.2481051147749452e-08
3259.0,7.295061804635239e-09,-8.16857395005518e-10,-2.063419405617939e-07,-1.3112114135026571e-08,2.0647085596165945e-07,1.2512048546546044e-08
3260.0,7.29872726146219e-09,-9.043610285858038e-10,-2.0711125592320911e-07,-1.3135168617766538e-08,2.0723982182420018e-07,1.2531380000417177e-08
3261.0,6.3875877087671284e-09,-9.874116825108386e-10,-2.078568743929532e-07,-1.3145769427696047e-08,2.079549987596959e-07,1.2539053648001499e-08
3262.0,6.308854411107845e-09,-1.06594306227315e-09,-2.0853682538429785e-07,-1.3143946661755198e-08,2.0863223429120843e-07,1.2535094083081823e-08
3263.0,6.03135047461123e-09,-1.1398997151336507e-09,-2.0925061126539357e-07,-1.3129748734690928e-08,2.0933751575742092e-07,1.2519542808483341e-08
3264.0,4.940222175786602e-09,-1.2092371849124932e-09,-2.098295355211499e-07,-1.31032427892576e-08,2.098876837076622e-07,1.2492458655748057e-08
3265.0,4.91977969474533e-09,-1.2739221323887029e-09,-2.1044558829938498e-07,-1.3064515065757084e-08,2.1050308754723544e-07,1.2453918167714187e-08
3266.0,4.348646331919781e-09,-1.3339324202962384e-09,-2.110902679493265e-07,-1.301367122809397e-08,2.1113505617930571e-07,1.2404015941186393e-08
3267.0,3.365050932346847e-09,-1.389257161984157e-09,-2.1166722088267198e-07,-1.2950836643590051e-08,2.1169396770803635e-07,1.2342864926943382e-08
3268.0,3.4382919844588855e-09,-1.4398967329114817e-09,-2.1241966654747535e-07,-1.287615661387368e-08,2.1244749136648098e-07,1.2270596684392085e-08
3269.0,2.860912118318737e-09,-1.48586274427493e-09,-2.1318099598793827e-07,-1.2789796554231796e-08,2.1320019199934623e-07,1.2187361588240506e-08
3270.0,2.1328604715709076e-09,-1.5271779782202293e-09,-2.1379798309170694e-07,-1.2691942118886645e-08,2.138086215938754e-07,1.209332898462584e-08
3271.0,2.085367822868278e-09,-1.5638762842636123e-09,-2.1457394753371384e-07,-1.2582799269738434e-08,2.145840807682565e-07,1.1988687294203413e-08
3272.0,1.661124515717205e-09,-1.596002436745718e-09,-2.1540862310889808e-07,-1.2462594286202573e-08,2.1541502789807403e-07,1.187364405977899e-08
3273.0,1.5215139981261672e-09,-1.6236119533526835e-09,-2.1623067491746695e-07,-1.2331573713868175e-08,2.1623602794194534e-07,1.1748425936154394e-08
3274.0,1.613533695543623e-09,-1.6467708749645919e-09,-2.1716291041112834e-07,-1.2190004249815966e-08,2.1716890465538203e-07,1.1613278619956975e-08
3275.0,1.1137816779971388e-09,-1.6655555073222011e-09,-2.1795127207180354e-07,-1.2038172562561847e-08,2.179541178948991e-07,1.146846671734093e-08
3276.0,1.0833300090329345e-09,-1.680052125229809e-09,-2.187033135078731e-07,-1.1876385044741895e-08,2.1870599658727122e-07,1.1314273547587536e-08
3277.0,1.0830525642990807e-09,-1.6903566402282864e-09,-2.1956210064302817e-07,-1.1704967496828276e-08,2.1956477185932235e-07,1.1151000880794481e-08
3278.0,5.174956851927703e-10,-1.6965742328741835e-09,-2.202876012852295e-07,-1.1524264740364187e-08,2.2028820913018572e-07,1.0978968608032956e-08
3279.0,5.567645511295183e-10,-1.6988189509485652e-09,-2.210415113966524e-07,-1.1334640159427813e-08,2.2104221259135508e-07,1.0798514342563236e-08
3280.0,5.601470398630681e-10,-1.6972132750921986e-09,-2.219392508939766e-07,-1.1136475169278299e-08,2.2193995776354866e-07,1.060999295093212e-08
3281.0,-1.2568815432878466e-10,-1.6918876535229985e-09,-2.2261438312534687e-07,-1.0930168611398223e-08,2.226144186071308e-07,1.0413776013027978e-08
3282.0,-2.9958668879004335e-10,-1.6829800076370671e-09,-2.2328903991758464e-07,-1.0716136074427407e-08,2.2328924089507941e-07,1.0210251210439346e-08
3283.0,-6.278345621169024e-10,-1.6706352104272405e-09,-2.2405880135967227e-07,-1.0494809140779482e-08,2.24059680984711e-07,9.999821642750621e-09
3284.0,-1.41539460707385e-09,-1.6550045397765342e-09,-2.2469105882827467e-07,-1.0266634559044823e-08,2.246955167760695e-07,9.782905071711044e-09
3285.0,-1.4403358228332053e-09,-1.6362451088045966e-09,-2.2543611191000457e-07,-1.0032073342607347e-08,2.2544071309411405e-07,9.559933093527903e-09
3286.0,-1.6631012123013988e-09,-1.6145192755692495e-09,-2.2632328945323965e-07,-9.791599795235229e-09,2.263293998900215e-07,9.331350239858457e-09
3287.0,-2.4267435005942417e-09,-1.5899940345552718e-09,-2.2713366379725763e-07,-9.545700464745098e-09,2.271466273445048e-07,9.097613008405828e-09
3288.0,-2.2499339891179915e-09,-1.5628403925175726e-09,-2.2803967858475716e-07,-9.294873026186155e-09,2.2805077770530567e-07,8.859188824362703e-09
3289.0,-2.3224804301946733e-09,-1.53323273138239e-09,-2.2897563469251314e-07,-9.03962509634822e-09,2.2898741275054372e-07,8.616554934295799e-09
3290.0,-2.8120546169407845e-09,-1.5013481610439806e-09,-2.298028235515892e-07,-8.780472981768633e-09,2.2982002820348688e-07,8.370197234427316e-09
3291.0,-2.5324342067811756e-09,-1.4673658650201168e-09,-2.305838241491165e-07,-8.517940362800978e-09,2.3059773021919004e-07,8.1206090356502e-09
3292.0,-2.325643622125284e-09,-1.4314664420409752e-09,-2.3146536696008746e-07,-8.252556916714034e-09,2.3147705009401057e-07,7.8682897680121e-09
3293.0,-2.8740809177030258e-09,-1.393831246734984e-09,-2.3230606470414639e-07,-7.984856883210974e-09,2.3232384302832232e-07,7.613743627817944e-09
3294.0,-2.791194303464195e-09,-1.3546417326364312e-09,-2.3323886000348182e-07,-7.715377576193253e-09,2.3325556066547157e-07,7.357478170928443e-09
3295.0,-2.1638859315498138e-09,-1.3140788007676915e-09,-2.3437854652225143e-07,-7.444657846038615e-09,2.3438853528320862e-07,7.100002856270457e-09
3296.0,-2.2278573985623495e-09,-1.272322157042247e-09,-2.3544418965848468e-07,-7.1732364971169456e-09,2.3545472981558225e-07,6.841827544023304e-09
3297.0,-2.4241091911569868e-09,-1.2295496816903839e-09,-2.3629285416520984e-07,-6.901650665735136e-09,2.363052882076738e-07,6.583460953406179e-09
3298.0,-2.5799061775799714e-09,-1.1859368138211836e-09,-2.3694103040358683e-07,-6.630434164184873e-09,2.3695507549870836e-07,6.325409085468857e-09
3299.0,-2.816443966935367e-09,-1.1416559540977398e-09,-2.3750058727317613e-07,-6.360115797067654e-09,2.3751728634295745e-07,6.068173616781988e-09
3300.0,-3.3008185629235243e-09,-1.0968758883234188e-09,-2.3799331266838308e-07,-6.0912176565815325e-09,2.3801620171336257e-07,5.812250270428495e-09
3301.0,-3.4954657501806707e-09,-1.0517612345277164e-09,-2.3864079178037567e-07,-5.824253403962249e-09,2.3866639013982533e-07,5.558127171199744e-09
3302.0,-3.9504014504032625e-09,-1.0064719159128758e-09,-2.3938791665970016e-07,-5.5597265447603166e-09,2.3942050938524647e-07,5.30628319238489e-09
3303.0,-4.448691193204013e-09,-9.611626617854026e-10,-2.3996439060119945e-07,-5.298128706094891e-09,2.400056241214724e-07,5.057186301996711e-09
3304.0,-4.767115008297296e-09,-9.159825383558352e-10,-2.4031916531080943e-07,-5.039937924448182e-09,2.403664423358354e-07,4.811291916697299e-09
3305.0,-5.3947272760090925e-09,-8.710745110502816e-10,-2.407316193157871e-07,-4.785616952950134e-09,2.407920588823136e-07,4.569041272070476e-09
3306.0,-6.355465542728922e-09,-8.265750397424264e-10,-2.410790972129373e-07,-4.535611597447568e-09,2.4116285587807607e-07,4.330859818231468e-09
3307.0,-7.0161275678159996e-09,-7.826137080903618e-10,-2.4138889717292833e-07,-4.290349090947696e-09,2.4149083983540747e-07,4.097155650060406e-09
3308.0,-7.284048697542289e-09,-7.39312887956661e-10,-2.4172501125047097e-07,-4.0502365162615494e-09,2.418347337118233e-07,3.868317981583927e-09
3309.0,-7.850951860843836e-09,-6.967874397118235e-10,-2.420824306570424e-07,-3.815659286840056e-09,2.42209703930175e-07,3.6447156742003158e-09
3310.0,-8.642039556194803e-09,-6.5514444907466e-10,-2.423299406591195e-07,-3.5869796958871503e-09,2.424839891364855e-07,3.4266958285418684e-09
3311.0,-9.029452047171205e-09,-6.144830010258573e-10,-2.425535070016416e-07,-3.3645355438471273e-09,2.4272151689347104e-07,3.2145824497895717e-09
3312.0,-9.394077987723293e-09,-5.748939912367791e-10,-2.42932068510171e-07,-3.1486388542932262e-09,2.4311363312630136e-07,3.0086751961963677e-09
3313.0,-9.64727453478531e-09,-5.364599753823907e-10,-2.436199662975147e-07,-2.939574688088514e-09,2.438109060004325e-07,2.8092482204328743e-09
3314.0,-1.0115828619206013e-08,-4.99255056652493e-10,-2.4443865783221885e-07,-2.7376000654463697e-09,2.4464788458408894e-07,2.616549113142488e-09
3315.0,-1.0055092147798206e-08,-4.633448117331682e-10,-2.453358361777236e-07,-2.5429430051904314e-09,2.455418037547243e-07,2.430797957783513e-09
3316.0,-1.0258173283039795e-08,-4.2878625549167077e-10,-2.4619165492692496e-07,-2.355801690112045e-09,2.464052780984266e-07,2.2521865054559634e-09
3317.0,-1.0191360644284941e-08,-3.956278445545815e-10,-2.47030589459879e-07,-2.1763437668628518e-09,2.4724072472122623e-07,2.0808774779730724e-09
3318.0,-1.0281781204213303e-08,-3.6390951991255354e-10,-2.476866014823609e-07,-2.0047057883133658e-09,2.4789991443849503e-07,1.917004006955642e-09
3319.0,-1.0107886611043781e-08,-3.3366278860639757e-10,-2.481831908596188e-07,-1.8409928057621957e-09,2.4838894016643275e-07,1.7606692162075925e-09
3320.0,-1.033502930458674e-08,-3.049108444408185e-10,-2.4848982345393456e-07,-1.685278117794186e-09,2.4870465454207773e-07,1.6119459540721055e-09
3321.0,-1.0739687500427308e-08,-2.7766872752799257e-10,-2.4864457588008593e-07,-1.5376031819527313e-09,2.4887640708229987e-07,1.470876681862707e-09
3322.0,-1.1114023895641978e-08,-2.5194352228233997e-10,-2.4886698418713493e-07,-1.3979776946978517e-09,2.491150283414322e-07,1.3374735237993869e-09
3323.0,-1.1317542764066602e-08,-2.2773459327436413e-10,-2.493217459778596e-07,-1.266379844353776e-09,2.4957848423224473e-07,1.2117184831418837e-09
3324.0,-1.1505509683873427e-08,-2.050338581152494e-10,-2.499781979713178e-07,-1.1427567408932929e-09,2.5024283449096614e-07,1.093563828387435e-09
3325.0,-1.2100350971211427e-08,-1.8382609629390008e-10,-2.505742902544905e-07,-1.0270250254552471e-09,2.508662859576156e-07,9.829326524826185e-10
3326.0,-1.280466560560356e-08,-1.6408929262882607e-10,-2.512120262330997e-07,-9.190716614501042e-10,2.5153815135166056e-07,8.797196069928003e-10
3327.0,-1.3430255574320427e-08,-1.4579501373093718e-10,-2.518487426557414e-07,-8.187549079865103e-10,2.52206583859481e-07,7.837918120882654e-10
3328.0,-1.385796233321912e-08,-1.2890881560644997e-10,-2.5218964195411475e-07,-7.259054751606087e-10,2.525701063644974e-07,6.949899420542699e-10
3329.0,-1.4110656865184978e-08,-1.1339068027209659e-10,-2.5229100638832214e-07,-6.403278594964333e-10,2.526853033747697e-07,6.131294848219295e-10
3330.0,-1.4333474018801695e-08,-9.919547901458796e-11,-2.5232799714947074e-07,-5.618018565097157e-10,2.527347752544374e-07,5.380021727463212e-10
3331.0,-1.4804421077929675e-08,-8.627345970148125e-11,-2.5233639518174034e-07,-4.900842459818669e-10,2.5277030525116687e-07,4.69377580521932e-10
3332.0,-1.5382993989732086e-08,-7.457075533266124e-11,-2.523154078552803e-07,-4.2491064406306334e-10,2.5278390286025845e-07,4.0700488470908336e-10
3333.0,-1.5977589251647828e-08,-6.402991080317304e-11,-2.5235903883605304e-07,-3.659975147596944e-10,2.5286432694342416e-07,3.506147778357379e-10
