time_seconds,dir_raw,dir_bp,ortho_raw,ortho_bp,mag_raw,mag_bp
0.0,0.0,1.253555717900288e-08,0.0,6.84469618596133e-09,0.0,-1.426685725101823e-08
1.0,-5.927430768437603e-11,1.2127082697648976e-08,-2.4938801024276813e-11,6.570696608769358e-09,6.430697744405772e-11,-1.3775243939371687e-08
2.0,-1.6176032735515378e-10,1.171566878967604e-08,-6.349130943217318e-11,6.2949404349894946e-09,1.7377442239713667e-10,-1.3280209729666296e-08
3.0,-1.947138283941996e-10,1.1301659924300055e-08,-7.279236935442412e-11,6.01766506263692e-09,2.0787545310631728e-10,-1.2782172737819181e-08
4.0,-1.5067873337937243e-10,1.0885401084900849e-08,-5.672178005067252e-11,5.739108692973732e-09,1.6100136963681047e-10,-1.2281551933722959e-08
5.0,-1.211688943625333e-10,1.0467237477863446e-08,-4.978119305665274e-11,5.459510126894163e-09,1.3099644324630531e-10,-1.1778766785525242e-08
6.0,-1.4361881128799325e-10,1.004751423369514e-08,-6.204659008801627e-11,5.179108553872207e-09,1.5644852922711206e-10,-1.1274236893428354e-08
7.0,-2.2232236884800471e-10,9.626576096535923e-09,-9.052164573475352e-11,4.898143330922483e-09,2.4004458760137977e-10,-1.0768381608370304e-08
8.0,-2.610840849071039e-10,9.204767098410067e-09,-1.0919476434168018e-10,4.6168537491895654e-09,2.829989327743391e-10,-1.026161963123024e-08
9.0,-4.4857223491234777e-10,8.7824302148729e-09,-2.0477836093490964e-10,4.335478785994826e-09,4.93103667641447e-10,-9.754368588574387e-09
10.0,-5.960005960981007e-10,8.359906999086665e-09,-3.0345993773384095e-10,4.0542568404314355e-09,6.688083764118972e-10,-9.24704458141909e-09
11.0,-8.343290641699141e-10,7.93753719180832e-09,-4.567432265734084e-10,3.773425450905459e-09,9.511673682056868e-10,-8.740061704030893e-09
12.0,-1.1869335792003e-09,7.515658305285123e-09,-6.748593767147426e-10,3.493220993370731e-09,1.3653741244703028e-09,-8.233831530403641e-09
13.0,-1.711745786781016e-09,7.094605179624348e-09,-9.707502024447479e-10,3.2138783593931503e-09,1.967848976448416e-09,-7.72876256674189e-09
14.0,-2.395138670729935e-09,6.674709510824446e-09,-1.3660416409155829e-09,2.9356306136011814e-09,2.7573101052912596e-09,-7.225259669029329e-09
15.0,-3.1571186359657943e-09,6.256299350315591e-09,-1.8455086625568384e-09,2.6587086305269266e-09,3.656952324700836e-09,-6.723723425558303e-09
16.0,-4.005357018277422e-09,5.8396985765447225e-09,-2.418198766229729e-09,2.383340711308482e-09,4.678735952889326e-09,-6.224549505126278e-09
17.0,-5.072451861320992e-09,5.425226339838486e-09,-3.1779788800534448e-09,2.109752181199632e-09,5.985759571473327e-09,-5.728127972449057e-09
18.0,-6.531613250260193e-09,5.013196482470615e-09,-4.211000506626483e-09,1.8381649693067397e-09,7.771389638782953e-09,-5.234842573179411e-09
19.0,-8.117036695565183e-09,4.603916936532603e-09,-5.311416043096706e-09,1.5687971724322735e-09,9.700382729563654e-09,-4.7450699917333005e-09
20.0,-9.21625357974687e-09,4.197689102838651e-09,-6.020744527934774e-09,1.3018626053349145e-09,1.1008573691303224e-08,-4.2591790858902404e-09
21.0,-1.014123303388903e-08,3.794807214668104e-09,-6.543113509338561e-09,1.0375703401014277e-09,1.2068841777226632e-08,-3.7775301028236024e-09
22.0,-1.1340531819170607e-08,3.39555769064385e-09,-7.210545133196078e-09,7.761242376544184e-10,1.3438735917469271e-08,-3.3004738818110067e-09
23.0,-1.257719328684459e-08,3.000218481458967e-09,-7.989600273039521e-09,5.177224746912033e-10,1.4900318905902713e-08,-2.828351049369507e-09
24.0,-1.420369695470658e-08,2.6090584155009205e-09,-9.022839267402993e-09,2.625570695693999e-10,1.6827258708016893e-08,-2.3614912129626595e-09
25.0,-1.6068784011724624e-08,2.222336548686787e-09,-1.02281469682719e-08,1.0813410830696108e-11,1.9047855785364045e-08,-1.900212159743861e-09
26.0,-1.804428965967997e-08,1.8403015240082229e-09,-1.1566057459000412e-08,-2.373302078172093e-10,2.1432920343885303e-08,-1.4448190670253888e-09
27.0,-2.0193134372958887e-08,1.4631909463740605e-09,-1.3061319803497895e-08,-4.817030421711708e-10,2.404913201788414e-08,-9.956037312750311e-10
28.0,-2.20023062824648e-08,1.0912307783096803e-09,-1.443792221889062e-08,-7.221423379736125e-10,2.6316441243947203e-08,-5.528438224138532e-10
29.0,-2.3618609110154232e-08,7.246347619045733e-10,-1.570955630858517e-08,-9.584937533429235e-10,2.836598060548707e-08,-1.1680216999288852e-10
30.0,-2.5094582342677363e-08,3.6360387208024916e-10,-1.6844424771678135e-08,-1.1906117596198277e-09,3.022371103690178e-08,3.122739125545083e-10
31.0,-2.6074904985184943e-08,8.325805779418726e-12,-1.754038057855123e-08,-1.4183600173763296e-09,3.142555681013209e-08,7.341532599575458e-10
32.0,-2.5888657967376716e-08,-3.4102548893319466e-10,-1.7209330807621548e-08,-1.6416117247622176e-09,3.108671224491213e-08,1.1486214385685643e-09
33.0,-2.387263318970323e-08,-6.842902405925613e-10,-1.540448815728901e-08,-1.860249935884382e-09,2.841128069619843e-08,1.5554812772489226e-09
34.0,-2.1501210228924705e-08,-1.0213232364056383e-09,-1.3475521448702565e-08,-2.074167847491448e-09,2.537502156891417e-08,1.9545533426704046e-09
35.0,-2.0439210171585565e-08,-1.3519941569950447e-09,-1.2793110779063532e-08,-2.2832690528116368e-09,2.411275587409366e-08,2.3456763570008615e-09
36.0,-2.039107772910942e-08,-1.6761878628362821e-09,-1.2916263475437617e-08,-2.487467761891721e-09,2.413764514449382e-08,2.7287075568034938e-09
37.0,-2.0546119083864056e-08,-1.9938046319437566e-09,-1.2979626554110446e-08,-2.6866889881513653e-09,2.4302545440601317e-08,3.1035229926261524e-09
38.0,-2.0753598006795215e-08,-2.304760348700417e-09,-1.3017628294753614e-08,-2.880868701086284e-09,2.449837702069311e-08,3.4700177691611927e-09
39.0,-2.1328360674810476e-08,-2.608986643901287e-09,-1.3441178906004048e-08,-3.069953945155891e-09,2.5210399827412696e-08,3.828106226059558e-09
40.0,-2.1424487989252228e-08,-2.906430986148048e-09,-1.361147779210814e-08,-3.253902924921004e-09,2.5382691214421415e-08,4.177722059555194e-09
41.0,-2.130776186048955e-08,-3.19705672473636e-09,-1.3494060174812361e-08,-3.4326850564883945e-09,2.522122866762819e-08,4.518818385055133e-09
42.0,-2.1951591586133468e-08,-3.4808430841451292e-09,-1.3845202775919496e-08,-3.6062809852883277e-09,2.5953073287584548e-08,4.851367740806601e-09
43.0,-2.3758498821080387e-08,-3.75778511017594e-09,-1.4961641883748378e-08,-3.774682570165233e-09,2.8076983350937326e-08,5.175362032676428e-09
44.0,-2.5419605087506625e-08,-4.027893567706274e-09,-1.6056427437627363e-08,-3.937892833703696e-09,3.006601378408161e-08,5.490812419975385e-09
45.0,-2.6241417372396825e-08,-4.291194789930268e-09,-1.6702436128612774e-08,-4.095925878652445e-09,3.1106001966545284e-08,5.79774914215242e-09
46.0,-2.6985128895318233e-08,-4.547730478901988e-09,-1.736283658515525e-08,-4.2488067702697285e-09,3.2088397837532255e-08,6.0962212861128236e-09
47.0,-2.795211925810115e-08,-4.797557457202837e-09,-1.8041980603955565e-08,-4.396571384418292e-09,3.32691153343851e-08,6.386296493922547e-09
48.0,-2.858969942731715e-08,-5.040747370638709e-09,-1.8232361287395804e-08,-4.539266221298775e-09,3.390855218758931e-08,6.6680606107641245e-09
49.0,-2.8735668247681367e-08,-5.277386342022174e-09,-1.8059447021157027e-08,-4.676948184822696e-09,3.3939390924864584e-08,6.941617273196106e-09
50.0,-2.893397953174226e-08,-5.507574576291277e-09,-1.8020190228895672e-08,-4.809684327776923e-09,3.408668988665322e-08,7.20708743801431e-09
51.0,-2.938403410868151e-08,-5.731425917441992e-09,-1.8213749092277354e-08,-4.937551563101872e-09,3.4571116795622795e-08,7.464608852294673e-09
52.0,-3.025812313206533e-08,-5.949067357988199e-09,-1.8815359451029856e-08,-5.06063634177506e-09,3.563105059841325e-08,7.714335465488094e-09
53.0,-3.16478984963009e-08,-6.1606385018975245e-09,-1.9920038896170666e-08,-5.1790342979457794e-09,3.7395152478056787e-08,7.95643678471796e-09
54.0,-3.3281231145987356e-08,-6.366290982182891e-09,-2.116167353849452e-08,-5.292849862107358e-09,3.9439279576869274e-08,8.19109717470189e-09
55.0,-3.504581691515796e-08,-6.566187834576665e-09,-2.2429822221781137e-08,-5.402195843240652e-09,4.160896788135315e-08,8.418515104006438e-09
56.0,-3.638831881647153e-08,-6.7605028290086124e-09,-2.3416565769762698e-08,-5.507192981046137e-09,4.3271760984951816e-08,8.638902339690277e-09
57.0,-3.611918729384822e-08,-6.949419760982367e-09,-2.3217938099895363e-08,-5.607969469631263e-09,4.293795920137169e-08,8.852483092840038e-09
58.0,-3.4292670259006286e-08,-7.133131705414414e-09,-2.1762347632292567e-08,-5.7046604543481276e-09,4.0615108124461325e-08,9.05949311807493e-09
59.0,-3.270406509492396e-08,-7.311840236047391e-09,-2.043796973327794e-08,-5.797407503870652e-09,3.856509406900765e-08,9.260178770769534e-09
60.0,-3.2302567107289626e-08,-7.485754614116679e-09,-2.002497379027801e-08,-5.886358060014683e-09,3.800599185684109e-08,9.4547960264448e-09
61.0,-3.210448426549384e-08,-7.655090950452671e-09,-1.9831984596208052e-08,-5.9716648681743e-09,3.7735997707461965e-08,9.643609467399991e-09
62.0,-3.1457939447809835e-08,-7.820071345573009e-09,-1.931289569934158e-08,-6.053485391520212e-09,3.6913275316554026e-08,9.82689124211809e-09
63.0,-3.0908245587935035e-08,-7.980923012538729e-09,-1.888746387068707e-08,-6.13198121226387e-09,3.6222312692463674e-08,1.000492000324679e-08
64.0,-3.0754595453652556e-08,-8.137877387431324e-09,-1.8822089983827617e-08,-6.2073174233462646e-09,3.605712430126854e-08,1.0177979830056663e-08
65.0,-3.049393161591585e-08,-8.291169232276881e-09,-1.8672161400390408e-08,-6.27966201388233e-09,3.575653054699773e-08,1.0346359141236868e-08
66.0,-3.024927505701491e-08,-8.441035735110865e-09,-1.8417365799106022e-08,-6.349185251592947e-09,3.541494041295319e-08,1.0510349603723456e-08
67.0,-3.0638216769185433e-08,-8.587715611650934e-09,-1.8553575106827758e-08,-6.416059065295308e-09,3.5818088670953596e-08,1.0670245042978029e-08
68.0,-3.158339882680661e-08,-8.73144821273584e-09,-1.9140378601512076e-08,-6.48045643030773e-09,3.693054527707857e-08,1.0826340359758053e-08
69.0,-3.2323460907868196e-08,-8.872472641312603e-09,-1.96976528560322e-08,-6.5425507593673954e-09,3.78523929639757e-08,1.0978930457964694e-08
70.0,-3.271654891445763e-08,-9.011026882335873e-09,-2.0075508366801387e-08,-6.602515301373372e-09,3.8384874743284125e-08,1.112830918764744e-08
71.0,-3.343744200967613e-08,-9.147346948512367e-09,-2.0598416139439024e-08,-6.660522549972172e-09,3.927285672833027e-08,1.127476830672276e-08
72.0,-3.4556941891361603e-08,-9.281666044403965e-09,-2.1187494578245314e-08,-6.71674366371855e-09,4.053507320070012e-08,1.1418596464457462e-08
73.0,-3.536527094782915e-08,-9.414213751008385e-09,-2.14597245667969e-08,-6.77134789928256e-09,4.1366921177387076e-08,1.1560078209293767e-08
74.0,-3.567849297947401e-08,-9.54521523257217e-09,-2.147357383575077e-08,-6.824502058939523e-09,4.164215693940236e-08,1.1699493023159632e-08
75.0,-3.594110219162783e-08,-9.674890467063338e-09,-2.1577757552959653e-08,-6.876369953371827e-09,4.192090704843279e-08,1.1837114384019991e-08
76.0,-3.684469669640311e-08,-9.803453501443673e-09,-2.2141163028011057e-08,-6.927111880624683e-09,4.298561125403362e-08,1.1973208858081332e-08
77.0,-3.859110944692823e-08,-9.931111732627248e-09,-2.3291723896812222e-08,-6.976884121883076e-09,4.507524964356966e-08,1.2108035222754426e-08
78.0,-4.0773253939807574e-08,-1.0058065214786559e-08,-2.479533432742098e-08,-7.025838454570836e-09,4.7720717107443125e-08,1.2241843621200771e-08
79.0,-4.2850722706266886e-08,-1.0184505993482438e-08,-2.6309356887521673e-08,-7.074121683127109e-09,5.028286682642867e-08,1.2374874749053832e-08
80.0,-4.461114602727356e-08,-1.0310617466983227e-08,-2.7659854004435935e-08,-7.121875187719986e-09,5.249020740493827e-08,1.250735907376189e-08
81.0,-4.5701063572378686e-08,-1.043657377514749e-08,-2.85073529365798e-08,-7.169234491146655e-09,5.386331203237806e-08,1.2639516087000816e-08
82.0,-4.561661361146552e-08,-1.0562539216402335e-08,-2.8366913928934423e-08,-7.216328844269678e-09,5.3717383063858525e-08,1.2771553590791725e-08
83.0,-4.4646663310832224e-08,-1.06886676936553e-08,-2.742747046147187e-08,-7.263280830553126e-09,5.239838433297084e-08,1.2903667018330887e-08
84.0,-4.374546631880083e-08,-1.0815102190395876e-08,-2.654300867988013e-08,-7.310205990565758e-09,5.116832157917171e-08,1.3036038791053837e-08
85.0,-4.319954990950059e-08,-1.0941974278708364e-08,-2.6057763238829246e-08,-7.3572124676623195e-09,5.0450055871072265e-08,1.316883771403214e-08
86.0,-4.245127051272224e-08,-1.1069403661358801e-08,-2.5535836140067047e-08,-7.404400676379049e-09,4.9539774883588996e-08,1.3302218412346685e-08
87.0,-4.1345288026573e-08,-1.1197497750476767e-08,-2.4748611077152205e-08,-7.45186299533853e-09,4.81863735121084e-08,1.3436320811521777e-08
88.0,-4.039979703551744e-08,-1.1326351285597708e-08,-2.4024892408824883e-08,-7.499683486629131e-09,4.7003606837844e-08,1.3571269665401547e-08
89.0,-3.9873397847389747e-08,-1.1456045993951268e-08,-2.3583445932229274e-08,-7.54793764370141e-09,4.632566003776532e-08,1.370717413499238e-08
90.0,-3.9431344661666756e-08,-1.1586650295870163e-08,-2.3196040657702532e-08,-7.596692169808994e-09,4.5748084594012725e-08,1.3844127421777838e-08
91.0,-3.894088174138943e-08,-1.1718219058050215e-08,-2.280401666110432e-08,-7.64600478891524e-09,4.5126660043446605e-08,1.3982206458834068e-08
92.0,-3.877443957578386e-08,-1.1850793397120866e-08,-2.2699422813632353e-08,-7.695924090793537e-09,4.49301787275342e-08,1.4121471662741396e-08
93.0,-3.934933083538095e-08,-1.1984400535601581e-08,-2.3058836243206038e-08,-7.746489411777656e-09,4.560789148911901e-08,1.4261966748818831e-08
94.0,-4.018892667267959e-08,-1.2119053711841598e-08,-2.3593864667548203e-08,-7.797730752282493e-09,4.660279258856272e-08,1.440371861162522e-08
95.0,-4.112557022706298e-08,-1.2254752144991923e-08,-2.4225411371370242e-08,-7.849668731832565e-09,4.773031617969028e-08,1.4546737272003566e-08
96.0,-4.21145402440537e-08,-1.23914810554723e-08,-2.4895144765113564e-08,-7.902314581929569e-09,4.89224154436796e-08,1.4691015891233251e-08
97.0,-4.3000855196040355e-08,-1.2529211740808718e-08,-2.5414332624484892e-08,-7.955670176687381e-09,4.9949593094826986e-08,1.483653085214429e-08
98.0,-4.3785004566476715e-08,-1.2667901706161685e-08,-2.579131255786571e-08,-8.00972810078533e-09,5.081651727877372e-08,1.4983241906377277e-08
99.0,-4.45042373092841e-08,-1.280749484836104e-08,-2.6209719325431813e-08,-8.064471753951147e-09,5.1648586869332534e-08,1.5131092386365348e-08
100.0,-4.533785763483067e-08,-1.2947921691816435e-08,-2.6719327791968617e-08,-8.119875490886347e-09,5.2625505342664785e-08,1.528000948007794e-08
101.0,-4.637047523736726e-08,-1.3089099674282956e-08,-2.7294218857276675e-08,-8.175904795286023e-09,5.380701958637189e-08,1.5429904566097764e-08
102.0,-4.769048191077818e-08,-1.3230933480125923e-08,-2.810246292617169e-08,-8.232516486377918e-09,5.5354588675186767e-08,1.5580673606197764e-08
103.0,-4.883199712646391e-08,-1.3373315418448748e-08,-2.881592436887459e-08,-8.289658956212957e-09,5.670027725321702e-08,1.573219759224562e-08
104.0,-4.9850997774214534e-08,-1.351612584323138e-08,-2.95271680300635e-08,-8.347272435786715e-09,5.793941345026153e-08,1.5884343043999205e-08
105.0,-5.1350285815154884e-08,-1.3659233612486134e-08,-3.074936764935199e-08,-8.405289287967329e-09,5.985294866698808e-08,1.6036962554182216e-08
106.0,-5.274425818324602e-08,-1.3802496583382532e-08,-3.1768378719321255e-08,-8.463634325158827e-09,6.157261288718498e-08,1.6189895377158e-08
107.0,-5.2930707900022966e-08,-1.3945762140329333e-08,-3.168690494714799e-08,-8.522225149648417e-09,6.169051615870259e-08,1.6342968057560904e-08
108.0,-5.217418454217526e-08,-1.4088867753131636e-08,-3.0813642720728396e-08,-8.580972514677513e-09,6.059394450241425e-08,1.649599509540258e-08
109.0,-5.1417101770701024e-08,-1.4231641562553684e-08,-3.0140149542834394e-08,-8.639780704433595e-09,5.959989067911993e-08,1.6648779644433858e-08
110.0,-5.147043267983431e-08,-1.437390299088127e-08,-3.029597042680798e-08,-8.6985479313549e-09,5.972479605952103e-08,1.680111424086879e-08
111.0,-5.165263912421114e-08,-1.451546337533916e-08,-3.057815844975664e-08,-8.757166749328395e-09,6.002515225032262e-08,1.6952781559898482e-08
112.0,-5.167826921947949e-08,-1.465612662243354e-08,-3.055048096445301e-08,-8.815524481508516e-09,6.003311916501097e-08,1.7103555197681892e-08
113.0,-5.156618339274832e-08,-1.4795689881439703e-08,-3.0254676042229534e-08,-8.873503661583072e-09,5.978642565093526e-08,1.7253200476680606e-08
114.0,-5.077319864543739e-08,-1.4933944235350025e-08,-2.9486450586757584e-08,-8.930982487377108e-09,5.8714295268651074e-08,1.7401475272318833e-08
115.0,-4.967403077760224e-08,-1.507067540764689e-08,-2.8637150026322722e-08,-8.987835285725089e-09,5.733755920271014e-08,1.7548130859012896e-08
116.0,-4.8934220633900516e-08,-1.5205664483265552e-08,-2.819509806184506e-08,-9.043932987548726e-09,5.647584885386243e-08,1.7692912773618282e-08
117.0,-4.9193245282852516e-08,-1.5338688642041864e-08,-2.8415079497690066e-08,-9.099143612031288e-09,5.681014103414053e-08,1.783556169425853e-08
118.0,-5.037933047125076e-08,-1.546952190277655e-08,-2.9122193670461094e-08,-9.153332758662186e-09,5.8190885050077555e-08,1.7975814332300315e-08
119.0,-5.1336296894022304e-08,-1.5597935875788406e-08,-2.964018853968131e-08,-9.206364105739697e-09,5.9278631524851005e-08,1.811340433492161e-08
120.0,-5.1792695715535686e-08,-1.5723700521501648e-08,-2.988358036026817e-08,-9.258099913688864e-09,5.979558265148584e-08,1.8248063195320966e-08
121.0,-5.1866472713935075e-08,-1.584658491226684e-08,-2.998772997975241e-08,-9.308401531310452e-09,5.991155932809555e-08,1.8379521167195985e-08
122.0,-5.22683335918428e-08,-1.5966357994291806e-08,-3.029055573033901e-08,-9.357129902851756e-09,6.041106242171987e-08,1.850750817972667e-08
123.0,-5.335352101787372e-08,-1.608278934627262e-08,-3.094022331395774e-08,-9.404146073589231e-09,6.167572961645664e-08,1.863175474895115e-08
124.0,-5.487761468858654e-08,-1.61956499310582e-08,-3.18185140318894e-08,-9.44931169143331e-09,6.343477302794196e-08,1.875199288110919e-08
125.0,-5.6459692657218064e-08,-1.630471283645153e-08,-3.274335111380644e-08,-9.49248950190669e-09,6.526732671949673e-08,1.8867956963249848e-08
126.0,-5.7644741674467426e-08,-1.6409754001062236e-08,-3.3500841462030806e-08,-9.53354383371911e-09,6.667250273823688e-08,1.8979384636172546e-08
127.0,-5.8459755661322e-08,-1.65105529210107e-08,-3.408146667660539e-08,-9.572341072081926e-09,6.766896927551086e-08,1.9086017644631776e-08
128.0,-5.920748064047743e-08,-1.6606893333269583e-08,-3.4595027106898435e-08,-9.608750116889703e-09,6.857362221962281e-08,1.918760265971542e-08
129.0,-6.061880596097691e-08,-1.6698563871522472e-08,-3.552991047206522e-08,-9.642642822949318e-09,7.026388954710335e-08,1.9283892068414657e-08
130.0,-6.286239469244226e-08,-1.6785358690612186e-08,-3.704887836797344e-08,-9.673894419556494e-09,7.296780149348946e-08,1.9374644725630202e-08
131.0,-6.45940662485911e-08,-1.6867078055933983e-08,-3.823318643625395e-08,-9.702383906902963e-09,7.506110803603107e-08,1.9459626664196528e-08
132.0,-6.490611045850692e-08,-1.6943528894509545e-08,-3.838422206470238e-08,-9.727994427051318e-09,7.540657582972645e-08,1.953861175896222e-08
133.0,-6.410663896949664e-08,-1.7014525304975058e-08,-3.7735848529285576e-08,-9.750613607552655e-09,7.438854363536478e-08,1.961138234156497e-08
134.0,-6.352051434843631e-08,-1.7079889024335904e-08,-3.724527238013753e-08,-9.770133876206248e-09,7.363467972199335e-08,1.96777297632885e-08
135.0,-6.372469031623584e-08,-1.7139449850047405e-08,-3.7351308088129365e-08,-9.786452745946365e-09,7.386444592491383e-08,1.9737454904244076e-08
136.0,-6.423894606533143e-08,-1.7193046016712634e-08,-3.7672363339957826e-08,-9.79947306934377e-09,7.447045824487962e-08,1.9790368628004804e-08
137.0,-6.4413587741452e-08,-1.724052452739148e-08,-3.772058826401192e-08,-9.809103262690164e-09,7.464551603886767e-08,1.9836292181670502e-08
138.0,-6.376449025735642e-08,-1.7281741440170686e-08,-3.721260033451301e-08,-9.815257500080372e-09,7.382877380423367e-08,1.9875057542132257e-08
139.0,-6.233051061399486e-08,-1.7316562111261948e-08,-3.619451520442407e-08,-9.817855878325864e-09,7.207728826950007e-08,1.9906507710050325e-08
140.0,-6.07607716918146e-08,-1.734486139647851e-08,-3.5106501400372636e-08,-9.816824553928156e-09,7.01736262221013e-08,1.993049695376165e-08
141.0,-5.982489673095337e-08,-1.736652381346707e-08,-3.4427203712827925e-08,-9.812095853696073e-09,6.90235512296621e-08,1.9946891005967435e-08
142.0,-5.972880817717297e-08,-1.7381443667498753e-08,-3.429951860034475e-08,-9.803608360877574e-09,6.887661070698034e-08,1.995556721656432e-08
143.0,-5.989162632502598e-08,-1.7389525143912535e-08,-3.435352469161046e-08,-9.791306978869931e-09,6.90447069846316e-08,1.9956414665330132e-08
144.0,-5.954284910958396e-08,-1.7390682370449163e-08,-3.411899150707054e-08,-9.775142974666435e-09,6.862547968172052e-08,1.994933423834805e-08
145.0,-5.8723352014400376e-08,-1.7384839452737457e-08,-3.3622291964463535e-08,-9.755074004209887e-09,6.766750024015081e-08,1.9934238672079435e-08
146.0,-5.8076329537137816e-08,-1.7371930486131177e-08,-3.318422352183159e-08,-9.731064121775553e-09,6.688836029723787e-08,1.9911052568917046e-08
147.0,-5.804631315886599e-08,-1.73518995469611e-08,-3.305399146058541e-08,-9.703083775412724e-09,6.679776061226598e-08,1.9879712387887883e-08
148.0,-5.862619860408369e-08,-1.732470066606179e-08,-3.331260794992019e-08,-9.671109790334368e-09,6.742967455942933e-08,1.9840166413927307e-08
149.0,-5.9436161173320734e-08,-1.729029778714999e-08,-3.380223918825198e-08,-9.635125341955714e-09,6.837578978820469e-08,1.979237470880759e-08
150.0,-6.005536729025707e-08,-1.72486647122857e-08,-3.4242645066684396e-08,-9.595119920051632e-09,6.913180079768358e-08,1.9736309046388704e-08
151.0,-6.037171589035051e-08,-1.7199785036269497e-08,-3.451386261510425e-08,-9.55108928524774e-09,6.954100079923708e-08,1.967195283440519e-08
152.0,-6.074756950247284e-08,-1.7143652071456675e-08,-3.479269052031331e-08,-9.503035418805052e-09,7.000570343979173e-08,1.9599301024552328e-08
153.0,-6.145182385175474e-08,-1.70802687641227e-08,-3.521155284014199e-08,-9.450966466419732e-09,7.082499635101441e-08,1.9518360012216335e-08
154.0,-6.255562889911914e-08,-1.7009647603201194e-08,-3.589483502097757e-08,-9.394896676545584e-09,7.212243678736532e-08,1.9429147526814807e-08
155.0,-6.382765332935136e-08,-1.6931810521934927e-08,-3.678174693988456e-08,-9.334846333559243e-09,7.366726706944927e-08,1.933169251337708e-08
156.0,-6.459873445885389e-08,-1.684678879274012e-08,-3.735968322204908e-08,-9.270841685930996e-09,7.462400702278975e-08,1.9226035005707435e-08
157.0,-6.448801152802996e-08,-1.67546229154019e-08,-3.724371772095836e-08,-9.202914869448068e-09,7.447011575469554e-08,1.9112225991258145e-08
158.0,-6.397784579892374e-08,-1.6655362498609007e-08,-3.6767432806672495e-08,-9.13110382547173e-09,7.379030334850264e-08,1.8990327267711488e-08
159.0,-6.384571357709312e-08,-1.6549066134795175e-08,-3.6523667951149363e-08,-9.055452214192809e-09,7.355442517465572e-08,1.8860411291226243e-08
160.0,-6.426993094665878e-08,-1.6435801268255257e-08,-3.675895672572427e-08,-8.976009322862672e-09,7.40394821932998e-08,1.8722561016310927e-08
161.0,-6.482678727159907e-08,-1.6315644056511323e-08,-3.7191872456765473e-08,-8.892829968991283e-09,7.473786004962591e-08,1.8576869727299367e-08
162.0,-6.509817554456454e-08,-1.6188679224896062e-08,-3.747128365927388e-08,-8.805974398503354e-09,7.511237952764315e-08,1.842344086139717e-08
163.0,-6.499369550883038e-08,-1.605499991430268e-08,-3.74194860791599e-08,-8.715508178830283e-09,7.49959891882426e-08,1.826238782324509e-08
164.0,-6.461238487298626e-08,-1.591470752203765e-08,-3.707850984580041e-08,-8.621502086904147e-09,7.449547752286726e-08,1.8093833790928528e-08
165.0,-6.429057466950105e-08,-1.5767911535713684e-08,-3.6752846280241336e-08,-8.524031992020486e-09,7.405436989829662e-08,1.7917911513363316e-08
166.0,-6.428381586764953e-08,-1.5614729360126474e-08,-3.669884481027896e-08,-8.423178733544913e-09,7.402171433380079e-08,1.773476309899757e-08
167.0,-6.461385414213705e-08,-1.5455286137052883e-08,-3.69548723982982e-08,-8.319027993440331e-09,7.443529230866138e-08,1.7544539795764933e-08
168.0,-6.504037916577055e-08,-1.5289714557877387e-08,-3.72942974141699e-08,-8.211670163575163e-09,7.497409913859425e-08,1.734740176218959e-08
169.0,-6.525619324071474e-08,-1.5118154668900515e-08,-3.745107896024891e-08,-8.101200207738167e-09,7.523931200879167e-08,1.71435178294801e-08
170.0,-6.52138644058331e-08,-1.4940753669122338e-08,-3.740048684641728e-08,-7.987717518243795e-09,7.517742032745881e-08,1.6933065254375602e-08
171.0,-6.517509433534574e-08,-1.4757665700241725e-08,-3.7319249746037286e-08,-7.871325766977523e-09,7.510339089034743e-08,1.671622946244532e-08
172.0,-6.521476261789338e-08,-1.4569051628576049e-08,-3.729710711108947e-08,-7.752132750709338e-09,7.512682252141551e-08,1.6493203781500446e-08
173.0,-6.5387518163873e-08,-1.4375078818581615e-08,-3.738268668229683e-08,-7.630250230492293e-09,7.5319272402338e-08,1.6264189164750638e-08
174.0,-6.561622403755685e-08,-1.4175920897635511e-08,-3.7543662761985175e-08,-7.505793764954642e-09,7.559772133161505e-08,1.602939390331619e-08
175.0,-6.588153070308245e-08,-1.397175751172056e-08,-3.7729059376712115e-08,-7.378882537283974e-09,7.592007645697325e-08,1.578903332768528e-08
176.0,-6.61527043144261e-08,-1.3762774071640056e-08,-3.789548458366099e-08,-7.249639175692214e-09,7.623810097282314e-08,1.5543329497687957e-08
177.0,-6.635332094884205e-08,-1.3549161489384945e-08,-3.798845386870919e-08,-7.118189567146594e-09,7.645839279160326e-08,1.5292510880553124e-08
178.0,-6.651987238814883e-08,-1.3331115904289857e-08,-3.807808995892614e-08,-6.984662664159448e-09,7.664746804334555e-08,1.5036812016630655e-08
179.0,-6.687843319419517e-08,-1.3108838398649803e-08,-3.83702310896572e-08,-6.849190284451675e-09,7.710382260552406e-08,1.4776473172402098e-08
180.0,-6.750160118362825e-08,-1.2882534702527364e-08,-3.8880166100541125e-08,-6.711906903341564e-09,7.789822512971184e-08,1.4511739980472427e-08
181.0,-6.794839260693131e-08,-1.2652414887562739e-08,-3.922290243985049e-08,-6.5729494387633155e-09,7.845648560617349e-08,1.4242863066332816e-08
182.0,-6.786741880981939e-08,-1.2418693049709895e-08,-3.912359175517466e-08,-6.432457028892737e-09,7.833672170657256e-08,1.3970097661817138e-08
183.0,-6.742694225181367e-08,-1.2181586980968103e-08,-3.874153699234828e-08,-6.290570802457466e-09,7.776438278517297e-08,1.369370320535114e-08
184.0,-6.691174156414625e-08,-1.194131783035887e-08,-3.836508460919319e-08,-6.1474336419363684e-09,7.713015542715865e-08,1.3413942929313513e-08
185.0,-6.658456803976254e-08,-1.1698109754600718e-08,-3.8186642917215075e-08,-6.003189939996595e-09,7.675756899699637e-08,1.313108343507517e-08
186.0,-6.645948320838091e-08,-1.145218955913393e-08,-3.815800503348399e-08,-5.857985349657615e-09,7.663482404534151e-08,1.2845394256526418e-08
187.0,-6.635177439429096e-08,-1.1203786330321745e-08,-3.808872381383388e-08,-5.711966528792905e-09,7.650692025586576e-08,1.2557147413113283e-08
188.0,-6.606990630986243e-08,-1.0953131059793144e-08,-3.7836861102591435e-08,-5.565280879675467e-09,7.613711695284236e-08,1.2266616953572291e-08
189.0,-6.552551379268579e-08,-1.0700456261997182e-08,-3.740689343001424e-08,-5.418076284346526e-09,7.54511009454461e-08,1.1974078491680067e-08
190.0,-6.487608679439649e-08,-1.0445995586114733e-08,-3.695721832730481e-08,-5.27050083664141e-09,7.466419907992144e-08,1.1679808735427512e-08
191.0,-6.44500885577104e-08,-1.0189983423520722e-08,-3.6701609099076826e-08,-5.122702571741022e-09,7.41675267590753e-08,1.1384085011086267e-08
192.0,-6.442929377514783e-08,-9.932654512000163e-09,-3.671461598631076e-08,-4.974829194124011e-09,7.415589607972228e-08,1.1087184783647555e-08
193.0,-6.460994056434188e-08,-9.674243537885867e-09,-3.681952079337414e-08,-4.8270278047673485e-09,7.436478690335568e-08,1.0789385175069071e-08
194.0,-6.476601585592157e-08,-9.414984737204374e-09,-3.6920691642849945e-08,-4.679444628382674e-09,7.455048142859906e-08,1.0490962481665342e-08
195.0,-6.485192985405952e-08,-9.15511149680194e-09,-3.7031185895486374e-08,-4.532224741392239e-09,7.467986030130162e-08,1.0192191691835763e-08
196.0,-6.489679363341772e-08,-8.894855956293073e-09,-3.713474254485316e-08,-4.385511801255339e-09,7.477020080065944e-08,9.893346005166414e-09
197.0,-6.493764982684613e-08,-8.634448611546992e-09,-3.718872715330335e-08,-4.239447777664756e-09,7.483247819173792e-08,9.594696353786041e-09
198.0,-6.507794521326549e-08,-8.374117920309412e-09,-3.724564202889358e-08,-4.094172686049046e-09,7.498250998283044e-08,9.29651092671276e-09
199.0,-6.536949492819133e-08,-8.114089910449916e-09,-3.739858964180165e-08,-3.949824323742053e-09,7.531152218859147e-08,8.99905469779814e-09
200.0,-6.567509158728058e-08,-7.854587791227982e-09,-3.7593811647029796e-08,-3.806538009115746e-09,7.56737228445254e-08,8.702588957758664e-09
201.0,-6.577739368462954e-08,-7.595831567886258e-09,-3.7677968994787037e-08,-3.6644463239162252e-09,7.580431958348333e-08,8.407370850683394e-09
202.0,-6.570922611581764e-08,-7.338037659812963e-09,-3.76488323849955e-08,-3.5236788589967683e-09,7.573068715318208e-08,8.113652915326071e-09
203.0,-6.579986505661495e-08,-7.081418522470538e-09,-3.7723623128038675e-08,-3.384361963607839e-09,7.584651596068887e-08,7.821682631434114e-09
204.0,-6.624622193862617e-08,-6.826182273263701e-09,-3.806461655597726e-08,-3.2466184983817874e-09,7.64033831364508e-08,7.531701971335494e-09
205.0,-6.688864623294322e-08,-6.572532321513003e-09,-3.855347888159777e-08,-3.110567592137951e-09,7.720402663559482e-08,7.243946956992201e-09
206.0,-6.731559186456959e-08,-6.3206670027087325e-09,-3.8870851981620547e-08,-2.976324402632775e-09,7.773243880037703e-08,6.958647222736277e-09
207.0,-6.737425289893295e-08,-6.0707792172527006e-09,-3.88924400185342e-08,-2.843999881395591e-09,7.779403476028644e-08,6.676025583940846e-09
208.0,-6.724867092355868e-08,-5.823056073963629e-09,-3.8775692032255726e-08,-2.713700542832443e-09,7.762691565150213e-08,6.396297611958481e-09
209.0,-6.722602806374933e-08,-5.5776785387303644e-09,-3.8765464241419245e-08,-2.5855282378508254e-09,7.760219112293651e-08,6.119671215788528e-09
210.0,-6.748046835203247e-08,-5.334821088838241e-09,-3.897836829691581e-08,-2.459579932350871e-09,7.792898564782984e-08,5.846346231103689e-09
211.0,-6.792355555784724e-08,-5.0946513736528714e-09,-3.931977191062863e-08,-2.335947491032073e-09,7.848346235178351e-08,5.5765140174555986e-09
212.0,-6.826213060084907e-08,-4.857329882512357e-09,-3.9584754862875826e-08,-2.214717467071494e-09,7.890925986043302e-08,5.310357064676897e-09
213.0,-6.824696503759942e-08,-4.62300962085455e-09,-3.961663244678171e-08,-2.0959708983415773e-09,7.891213977118295e-08,5.048048609705673e-09
214.0,-6.784839542972598e-08,-4.391835795798444e-09,-3.939628800964101e-08,-1.97978311095974e-09,7.845681787663227e-08,4.78975226528682e-09
215.0,-6.730699617096825e-08,-4.163945512611548e-09,-3.905863046882452e-08,-1.866223531101407e-09,7.781907444617239e-08,4.535621662258872e-09
216.0,-6.688620493577879e-08,-3.939467483718976e-09,-3.876664401991636e-08,-1.7553555061574765e-09,7.730858360672453e-08,4.285800107403452e-09
217.0,-6.65495551999129e-08,-3.718521752124551e-09,-3.85113827355843e-08,-1.6472361364623027e-09,7.688933539518283e-08,4.040420259092946e-09
218.0,-6.612848243991998e-08,-3.5012194312973924e-09,-3.820713830038347e-08,-1.5419161189435573e-09,7.637251866287659e-08,3.799603823193124e-09
219.0,-6.561254331516331e-08,-3.287662463713988e-09,-3.787649140163385e-08,-1.439439604139228e-09,7.576037513886942e-08,3.5634612718428216e-09
220.0,-6.514427298986991e-08,-3.0779434003307817e-09,-3.760613039027749e-08,-1.339844068084246e-09,7.521966063675937e-08,3.3320915878348863e-09
221.0,-6.481989243967146e-08,-2.872145203293872e-09,-3.7422187376678906e-08,-1.2431602005876718e-09,7.484676722441553e-08,3.1055820373591e-09
222.0,-6.464165709652026e-08,-2.670341074169265e-09,-3.730777081711878e-08,-1.1494118114008565e-09,7.463520346007484e-08,2.88400797383753e-09
223.0,-6.462599549950099e-08,-2.472594309899158e-09,-3.729631034565806e-08,-1.058615755718099e-09,7.461591023167353e-08,2.667432675485648e-09
224.0,-6.472581930150323e-08,-2.2789581885603304e-09,-3.7397901733737804e-08,-9.707818803581257e-10,7.47531587181248e-08,2.4559072190737667e-09
225.0,-6.481218636777974e-08,-2.089475886829541e-09,-3.752528741907124e-08,-8.859129918534468e-10,7.489169979147035e-08,2.249470392154442e-09
226.0,-6.47950184895496e-08,-1.9041804308604556e-09,-3.757321175024142e-08,-8.040048475336547e-10,7.49008722398448e-08,2.0481486457772353e-09
227.0,-6.477831693274538e-08,-1.723094682059113e-09,-3.7576891043222815e-08,-7.250461705365129e-10,7.48882706778134e-08,1.8519560894477453e-09
228.0,-6.494830305514565e-08,-1.5462313590182882e-09,-3.769251631646764e-08,-6.490186895233914e-10,7.509332763974587e-08,1.660894529812525e-09
229.0,-6.532531510172745e-08,-1.3735930966382062e-09,-3.798531600374133e-08,-5.758972037164455e-10,7.556640142976287e-08,1.4749535542702521e-09
230.0,-6.565980065209587e-08,-1.2051725432238434e-09,-3.828537176175928e-08,-5.056496737147281e-10,7.600644125736373e-08,1.294110660423625e-09
231.0,-6.571134242294718e-08,-1.0409524961119457e-09,-3.8377164626735016e-08,-4.3823733838743794e-10,7.60972226024928e-08,1.1183314320014782e-09
232.0,-6.5518431333067e-08,-8.809060761511873e-10,-3.8245131520064923e-08,-3.736148579896716e-10,7.586405558189517e-08,9.475697616051196e-10
233.0,-6.529533859434e-08,-7.249969411420468e-10,-3.805283796398662e-08,-3.1173048350331316e-10,7.557446473024423e-08,7.817681203733473e-10
234.0,-6.519018810879906e-08,-5.731795381350095e-10,-3.795476068157999e-08,-2.5252625207107145e-10,7.543423946760926e-08,6.208578744131104e-10
235.0,-6.522080471527136e-08,-4.2539939427536465e-10,-3.800504411177741e-08,-1.9593820825613839e-10,7.548600364071282e-08,4.647596475924948e-10
236.0,-6.540092016560362e-08,-2.8159344565776823e-10,-3.8184428424736794e-08,-1.418966507135821e-10,7.573196770605861e-08,3.1338373002445836e-10
237.0,-6.555737036562093e-08,-1.4169040340960155e-10,-3.835976153387932e-08,-9.032640369733658e-11,7.595551404731115e-08,1.6663053127681196e-10
238.0,-6.566206602054425e-08,-5.6111559623471156e-12,-3.846467766521755e-08,-4.1147112651761294e-11,7.609887214653972e-08,2.4391077031171863e-11
239.0,-6.569270176448594e-08,1.267307937966329e-10,-3.84902333200321e-08,5.726437043146123e-12,7.613822381792343e-08,-1.1345245240765746e-10
240.0,-6.5745650021376e-08,2.554288580655915e-10,-3.8535481527990356e-08,5.038397928172261e-11,7.620678338131943e-08,-2.470261436702044e-10
241.0,-6.595618627647237e-08,3.8058286219951157e-10,-3.870163006736149e-08,9.291940567992785e-11,7.647244391287375e-08,-3.7646373418146875e-10
242.0,-6.62756177299828e-08,5.022985134065332e-10,-3.895521390184786e-08,1.3343038471176683e-10,7.68763045133514e-08,-5.019059608632446e-10
243.0,-6.663629197045662e-08,6.206868424215876e-10,-3.9229507309279654e-08,1.7201796315398508e-10,7.73262546054105e-08,-6.234998765279177e-10
244.0,-6.6939805240529e-08,7.358636207583666e-10,-3.9453553063451e-08,2.0878615162085428e-10,7.770148245027566e-08,-7.413981371097386e-10
245.0,-6.722409036374888e-08,8.479487563762785e-10,-3.9641240595633676e-08,2.4384149612415003e-10,7.804169578625511e-08,-8.557582631603685e-10
246.0,-6.749420762564018e-08,9.5706567081335e-10,-3.97989295408685e-08,2.772926377318271e-10,7.835446927656418e-08,-9.667418792906037e-10
247.0,-6.776158954779898e-08,1.0633406610248621e-09,-3.9970964496593986e-08,3.092498625200667e-10,7.867217437463107e-08,-1.0745139354646924e-09
248.0,-6.824593416776548e-08,1.1669022493303783e-09,-4.029306208130912e-08,3.3982464411771063e-10,7.925300235523705e-08,-1.1792419142471119e-09
249.0,-6.89350185406612e-08,1.2678805250088729e-09,-4.077375218014545e-08,3.691291812311107e-10,8.00907962755348e-08,-1.2810950282651756e-09
250.0,-6.978891477216198e-08,1.3664064811912638e-09,-4.13661138398691e-08,3.9727593261051787e-10,8.112735666400761e-08,-1.3802434122824902e-09
251.0,-7.05665328948335e-08,1.462611350774197e-09,-4.1909754944224886e-08,4.243771519715503e-10,8.207352267499306e-08,-1.4768573143695597e-09
252.0,-7.122322383257274e-08,1.5566259451070573e-09,-4.23574325475462e-08,4.505444254081443e-10,8.286675874634342e-08,-1.5711062906936494e-09
253.0,-7.204369360802598e-08,1.648579999172097e-09,-4.294905514568015e-08,4.758882138169246e-10,8.38744009015492e-08,-1.6631584084143457e-09
254.0,-7.31063700409873e-08,1.738601526876488e-09,-4.3774138522301165e-08,5.005174027904275e-10,8.520983830485407e-08,-1.7531794610525832e-09
255.0,-7.414929152627092e-08,1.8268161899010195e-09,-4.4586525985157444e-08,5.245388623245829e-10,8.652211123911062e-08,-1.8413322004942948e-09
256.0,-7.482795864877101e-08,1.913346683300168e-09,-4.5092790029732654e-08,5.480570185210323e-10,8.736465594396707e-08,-1.9277755894907096e-09
257.0,-7.500645349267643e-08,1.9983121407172693e-09,-4.5203691192985396e-08,5.711734392418073e-10,8.757477812144212e-08,-2.012664078119209e-09
258.0,-7.47178512672253e-08,2.081827561665707e-09,-4.4970007134770285e-08,5.939864353900213e-10,8.720698847966539e-08,-2.096146907168696e-09
259.0,-7.405141902450119e-08,2.1640032628424627e-09,-4.4500891249743546e-08,6.165906791526432e-10,8.639410848873758e-08,-2.1783674408245208e-09
260.0,-7.3303213193876e-08,2.244944354911872e-09,-4.4027004472702025e-08,6.390768401711683e-10,8.55087024073349e-08,-2.2594625303846277e-09
261.0,-7.266388460380746e-08,2.324750245663871e-09,-4.364472465379077e-08,6.615312402323261e-10,8.476380191933736e-08,-2.33956191008882e-09
262.0,-7.192201297023804e-08,2.403514169952236e-09,-4.3129131377384056e-08,6.84035526722577e-10,8.386237489517419e-08,-2.4187876255365364e-09
263.0,-7.077362855489877e-08,2.481322746385877e-09,-4.227598196515636e-08,7.066663647881097e-10,8.243885703929312e-08,-2.4972534946423012e-09
264.0,-6.93410824453844e-08,2.558255560399518e-09,-4.124684910289389e-08,7.294951478985093e-10,8.068139981194237e-08,-2.5750646006556323e-09
265.0,-6.806049054897123e-08,2.634384773082972e-09,-4.0394453865166824e-08,7.525877263369392e-10,7.914507108362272e-08,-2.6523168164702575e-09
266.0,-6.715621782282799e-08,2.7097747550162674e-09,-3.982341872932338e-08,7.760041530449406e-10,7.807600317356252e-08,-2.7290963592857005e-09
267.0,-6.66368389218297e-08,2.784481744358027e-09,-3.946985406566572e-08,7.997984462484811e-10,7.744893596079178e-08,-2.8054793746837485e-09
268.0,-6.642879625540221e-08,2.858553528575941e-09,-3.9287146841315845e-08,8.240183683898931e-10,7.717684159689908e-08,-2.8815315493540647e-09
269.0,-6.643453930033072e-08,2.9320291494832375e-09,-3.926551549182644e-08,8.487052210808114e-10,7.717077632683275e-08,-2.9573077520371268e-09
270.0,-6.66026846313228e-08,3.004938631630354e-09,-3.94065628045448e-08,8.738936560572948e-10,7.73873038176675e-08,-3.032851702719902e-09
271.0,-6.700673627069165e-08,3.0773027345645117e-09,-3.9744386309825686e-08,8.996115024383457e-10,7.79071174463199e-08,-3.1081956706816767e-09
272.0,-6.781159840596462e-08,3.149132729980281e-09,-4.032295178313383e-08,9.258796109422661e-10,7.889457090875619e-08,-3.1833602026068565e-09
273.0,-6.904788411865592e-08,3.2204302053127063e-09,-4.1130766889607706e-08,9.52711716081528e-10,8.037008327848483e-08,-3.2583538826228796e-09
274.0,-7.058900193535056e-08,3.2911868958434252e-09,-4.211420967514812e-08,9.801143177155832e-10,8.219740781065583e-08,-3.333173126750966e-09
275.0,-7.216662201159352e-08,3.3613845478688126e-09,-4.315721166547881e-08,1.0080865836703522e-09,8.408665917553839e-08,-3.4078020148370423e-09
276.0,-7.363302240159797e-08,3.4309948158824363e-09,-4.416806453910738e-08,1.0366202754106987e-09,8.586407813005962e-08,-3.482212163518798e-09
277.0,-7.51205959104162e-08,3.499979197019209e-09,-4.520915236616574e-08,1.0656996989573401e-09,8.767537503542958e-08,-3.556362644143286e-09
278.0,-7.687621174368164e-08,3.568289006170498e-09,-4.6429347103082996e-08,1.0953016833566437e-09,8.980888711301314e-08,-3.6301999497485687e-09
279.0,-7.8829602498387e-08,3.635865395194545e-09,-4.7771579289590527e-08,1.1253955890306079e-09,9.217499670667386e-08,-3.7036580152454356e-09
280.0,-8.061016416871514e-08,3.7026394195079895e-09,-4.899619684972656e-08,1.1559433482485219e-09,9.433252818113357e-08,-3.77665829477223e-09
281.0,-8.191415332148289e-08,3.768532155044794e-09,-4.989227717078215e-08,1.1868995397648248e-09,9.59122924116693e-08,-3.84910989983771e-09
282.0,-8.259543221589283e-08,3.833454868101872e-09,-5.035376211826037e-08,1.2182114993540904e-09,9.673420688873455e-08,-3.920909801304835e-09
283.0,-8.274974017119519e-08,3.897309239957007e-09,-5.044551393273977e-08,1.2498194675449813e-09,9.691372129032378e-08,-3.991943097504232e-09
284.0,-8.266320174199482e-08,3.959987647363834e-09,-5.036170033778653e-08,1.2816567753235712e-09,9.679620748330351e-08,-4.062083349822805e-09
285.0,-8.254832041532101e-08,4.021373499138181e-09,-5.0257247391494175e-08,1.313650067969291e-09,9.664375881949311e-08,-4.1311929860368135e-09
286.0,-8.225255974936285e-08,4.0813416280979705e-09,-5.004021466636921e-08,1.345719566536882e-09,9.627827724455199e-08,-4.199123770507742e-09
287.0,-8.143840245222744e-08,4.1397587366499305e-09,-4.947570876601137e-08,1.3777793658366069e-09,9.528934437737589e-08,-4.265717339187871e-09
288.0,-8.003039375648058e-08,4.1964838933657406e-09,-4.850155280178292e-08,1.4097377671169893e-09,9.358025726082111e-08,-4.330805796233758e-09
289.0,-7.83133795312363e-08,4.251369076987979e-09,-4.7314586471003395e-08,1.4414976430400247e-09,9.149675134410794e-08,-4.394212367935767e-09
290.0,-7.667911790243398e-08,4.304259763485026e-09,-4.6185590851788305e-08,1.472956831980153e-09,8.951422191263332e-08,-4.45575210867996e-09
291.0,-7.524777029255247e-08,4.354995551073846e-09,-4.517893610611612e-08,1.5040085582021914e-09,8.776880540192663e-08,-4.5152326528131295e-09
292.0,-7.387665369729124e-08,4.403410817589065e-09,-4.419392377053022e-08,1.534541874106086e-09,8.608636860586541e-08,-4.572455005629041e-09
293.0,-7.253044266575248e-08,4.449335404222176e-09,-4.3234304580863636e-08,1.5644421204860041e-09,8.443855876245695e-08,-4.627214366266275e-09
294.0,-7.130751247808043e-08,4.492595319495418e-09,-4.23908995683675e-08,1.5935914006444702e-09,8.295631200835181e-08,-4.6793009751162806e-09
295.0,-7.034518356707764e-08,4.5330134573667184e-09,-4.173673591456595e-08,1.6218690642271186e-09,8.179486521712759e-08,-4.728500978380469e-09
296.0,-6.98137932048093e-08,4.5704103235768244e-09,-4.135370636204616e-08,1.6491521967942794e-09,8.114243496175238e-08,-4.774597302676594e-09
297.0,-6.98056607240094e-08,4.60460476473401e-09,-4.129228936555762e-08,1.675316111412976e-09,8.110415174431239e-08,-4.817370533061758e-09
298.0,-7.02624712300981e-08,4.635414695167014e-09,-4.1543801371224376e-08,1.7002348389229497e-09,8.162537776777579e-08,-4.856599788488687e-09
299.0,-7.101712869161947e-08,4.662657817232985e-09,-4.2037197139910276e-08,1.7237816139825512e-09,8.252610805667332e-08,-4.8920635895069224e-09
300.0,-7.198057912216616e-08,4.6861523315041186e-09,-4.2709280778652214e-08,1.7458293545079438e-09,8.369758918506658e-08,-4.923540713913678e-09
301.0,-7.319128342286874e-08,4.705717634029619e-09,-4.3547315906056205e-08,1.766251132652004e-09,8.516649982069567e-08,-4.950811036995778e-09
302.0,-7.479774938312644e-08,4.721174998634752e-09,-4.462221965539914e-08,1.7849206359978558e-09,8.709676113240768e-08,-4.97365635393212e-09
303.0,-7.677760216484586e-08,4.732348242938795e-09,-4.593713145983891e-08,1.8017126181388135e-09,8.947077869864476e-08,-4.991861182798915e-09
304.0,-7.881928547337491e-08,4.739064377414867e-09,-4.7325648636076245e-08,1.8165033382575743e-09,9.193582969310015e-08,-5.0052135473966395e-09
305.0,-8.068436024855075e-08,4.741154237345159e-09,-4.861225784413836e-08,1.8291709896805737e-09,9.419722714296269e-08,-5.0135057397592855e-09
306.0,-8.220419288329506e-08,4.738453097914526e-09,-4.965671554502116e-08,1.8395961176478538e-09,9.6038110801458e-08,-5.016535062676537e-09
307.0,-8.337713049144657e-08,4.730801272911684e-09,-5.0421632147301665e-08,1.8476620266897621e-09,9.743760504746365e-08,-5.01410455283113e-09
308.0,-8.427645828423813e-08,4.718044697563327e-09,-5.096521948910748e-08,1.8532551780339905e-09,9.848845119356803e-08,-5.006023685218363e-09
309.0,-8.498842891946357e-08,4.700035495923931e-09,-5.1382900281837784e-08,1.856265577387348e-09,9.931382326530379e-08,-4.992109059386129e-09
310.0,-8.548302150857001e-08,4.676632533007025e-09,-5.1686822724605896e-08,1.856587153263682e-09,9.989431720373026e-08,-4.972185067741572e-09
311.0,-8.565602882537604e-08,4.6477019515024576e-09,-5.178658060711605e-08,1.8541181257846557e-09,1.0009398186260241e-07,-4.946084545752019e-09
312.0,-8.536946080606178e-08,4.61311769250885e-09,-5.156225332814124e-08,1.8487613655855143e-09,9.973269677790294e-08,-4.913649403360145e-09
313.0,-8.470618906297744e-08,4.572761999249656e-09,-5.104957445656311e-08,1.8404247421337142e-09,9.889993689466672e-08,-4.8747312363713385e-09
314.0,-8.385562824675397e-08,4.526525902266332e-09,-5.039132626449838e-08,1.829021460434567e-09,9.783175430990148e-08,-4.829191915992417e-09
315.0,-8.294194586699888e-08,4.474309684127903e-09,-4.96862143373189e-08,1.8144703847784473e-09,9.66855019089117e-08,-4.7769041541468595e-09
316.0,-8.191894393383414e-08,4.416023321299501e-09,-4.890917046362908e-08,1.7966963479039693e-09,9.540870154590193e-08,-4.717752041707528e-09
317.0,-8.079613166012134e-08,4.351586900506431e-09,-4.8085671305875266e-08,1.775630443734801e-09,9.402258598962452e-08,-4.651631556414071e-09
318.0,-7.981269645185307e-08,4.280931006740099e-09,-4.737680892041851e-08,1.7512103017127104e-09,9.281502323652938e-08,-4.578451037009483e-09
319.0,-7.907222265846059e-08,4.203997079993926e-09,-4.686589977209721e-08,1.7233803407075998e-09,9.191751170259902e-08,-4.49813162005919e-09
320.0,-7.869980371555396e-08,4.1207377379001965e-09,-4.660352996566086e-08,1.6920920005421382e-09,9.146337031908988e-08,-4.410607636016229e-09
321.0,-7.859462633486025e-08,4.031117061662541e-09,-4.648850467081633e-08,1.657303949322726e-09,9.131427246189294e-08,-4.315826961367364e-09
322.0,-7.857660891397167e-08,3.935110843032661e-09,-4.637896383608009e-08,1.6189822650107916e-09,9.124303674762078e-08,-4.213751324123093e-09
323.0,-7.866649866239417e-08,3.832706790543119e-09,-4.633543053411682e-08,1.5771005899834624e-09,9.129835778688699e-08,-4.104356560473912e-09
324.0,-7.90675645789829e-08,3.7239046937550074e-09,-4.653705060198021e-08,1.5316402577035293e-09,9.174626339629804e-08,-3.98763282109488e-09
325.0,-7.993605706524409e-08,3.608716544885242e-09,-4.708545311982171e-08,1.482590391030128e-09,9.27729115347626e-08,-3.863584726311907e-09
326.0,-8.123957101480173e-08,3.487166617820718e-09,-4.792892936700266e-08,1.4299479721401936e-09,9.432417595153505e-08,-3.732231470119594e-09
327.0,-8.291005207383684e-08,3.359291505180717e-09,-4.901213271346627e-08,1.3737178844804024e-09,9.631337336013502e-08,-3.5936068738327487e-09
328.0,-8.47773140855157e-08,3.225140114723201e-09,-5.024534245612333e-08,1.3139129276076043e-09,9.854840141822337e-08,-3.447759390922777e-09
329.0,-8.665835989074555e-08,3.084773626966737e-09,-5.152344774439488e-08,1.2505538061753549e-09,1.0081833665769023e-07,-3.294752065289777e-09
330.0,-8.84201101086779e-08,2.9382654163789696e-09,-5.273726561005887e-08,1.1836690946575573e-09,1.0295307210402525e-07,-3.134662445803436e-09
331.0,-9.005619837354484e-08,2.7857009388328486e-09,-5.382892451222254e-08,1.1132951796446125e-09,1.0491745316980303e-07,-2.967582460371976e-09
332.0,-9.154889435425417e-08,2.6271775882338257e-09,-5.477578964019347e-08,1.0394761816883337e-09,1.066845217835892e-07,-2.7936182530440982e-09
333.0,-9.283697309514505e-08,2.462804525268951e-09,-5.5570468837640163e-08,9.622638587040398e-10,1.0819787696763658e-07,-2.6128899877065076e-09
334.0,-9.384396658373984e-08,2.292702481127659e-09,-5.620335297162882e-08,8.817174928651459e-10,1.093869596863519e-07,-2.425531621815409e-09
335.0,-9.450953844525323e-08,2.1170035388070563e-09,-5.662987560828281e-08,7.979037627575547e-10,1.1017711045650263e-07,-2.231690653310928e-09
336.0,-9.483591155434734e-08,1.9358508942606234e-09,-5.681359380171891e-08,7.108966023125876e-10,1.105515018487343e-07,-2.0315278434322857e-09
337.0,-9.48353215263209e-08,1.7493985992026444e-09,-5.673549054174831e-08,6.207770477256134e-10,1.1051087772709743e-07,-1.825216917608575e-09
338.0,-9.452064045345487e-08,1.5578112868713765e-09,-5.64175545031409e-08,5.276330732129105e-10,1.1007766316490446e-07,-1.6129442459809992e-09
339.0,-9.394372137150331e-08,1.3612638815156917e-09,-5.5928065914589986e-08,4.3155941608443553e-10,1.0933147461766611e-07,-1.3949085044583373e-09
340.0,-9.315718244029547e-08,1.1599412918387214e-09,-5.532118384221629e-08,3.3265739124010475e-10,1.083452538043028e-07,-1.1713203165617322e-09
341.0,-9.22336987757566e-08,9.540380881430396e-10,-5.463010105399846e-08,2.3103469485724735e-10,1.0719842877126086e-07,-9.424018757209414e-10
342.0,-9.12860856627784e-08,7.437581625077506e-10,-5.392446000840323e-08,1.268051967505314e-10,1.0602356729911514e-07,-7.083865471819743e-10
343.0,-9.051240648649816e-08,5.293143710164672e-10,-5.333520468331354e-08,2.0088720672002528e-11,1.0505779260287181e-07,-4.69518448309303e-10
344.0,-8.999630050909868e-08,3.109281568676051e-10,-5.2936361238931084e-08,-8.898918830847193e-11,1.0441069124635945e-07,-2.2605200583965594e-10
345.0,-8.969686075832595e-08,8.882915314637102e-11,-5.270046864180866e-08,-2.002975102360398e-10,1.0403300545963656e-07,2.1748511417605624e-11
346.0,-8.945253025804956e-08,-1.3674523587861795e-10,-5.2487636001408156e-08,-3.137000113519983e-10,1.037145462439266e-07,2.7360948583664804e-10
347.0,-8.92224633897154e-08,-3.655502758622435e-10,-5.223709677315558e-08,-4.290555205146458e-10,1.0338937204866429e-07,5.29248471337975e-10
348.0,-8.914322550956921e-08,-5.97334366503854e-10,-5.206926488587893e-08,-5.462182214344496e-10,1.0323624847894142e-07,7.883747416242236e-10
349.0,-8.948638270667164e-08,-8.31839528883044e-10,-5.2214284645968334e-08,-6.650379609193447e-10,1.0360571514648749e-07,1.0506898665605324e-09
350.0,-9.031013548099764e-08,-1.0688019157235562e-09,-5.272344703877163e-08,-7.853605729939737e-10,1.0457381334849709e-07,1.3158883163825999e-09
351.0,-9.152165626746811e-08,-1.3079523437498933e-09,-5.3506802405456355e-08,-9.070282183810804e-10,1.0601505303303458e-07,1.5836580927520132e-09
352.0,-9.299960253283945e-08,-1.5490168467151325e-09,-5.44631641868909e-08,-1.0298797384297505e-09,1.0777366248074877e-07,1.8536813849685928e-09
353.0,-9.463492518790861e-08,-1.7917172470889654e-09,-5.5524204511936404e-08,-1.1537510221673915e-09,1.0972103878474903e-07,2.1256352489346756e-09
354.0,-9.638143264045773e-08,-2.035771743841339e-09,-5.66623600956051e-08,-1.278475384768561e-09,1.1180341501685497e-07,2.399192305794381e-09
355.0,-9.817574146697705e-08,-2.280895513276606e-09,-5.783253925750742e-08,-1.403883955400366e-09,1.1394331401869025e-07,2.674021456587734e-09
356.0,-9.993565494581524e-08,-2.5268013194955043e-09,-5.8973511851689864e-08,-1.5298060721420423e-09,1.160388306971871e-07,2.9497886088011095e-09
357.0,-1.0160690794291938e-07,-2.7732001308083493e-09,-6.00413220114282e-08,-1.6560696814995162e-09,1.1802086294634904e-07,3.226157410386892e-09
358.0,-1.0312934362044501e-07,-3.0198017383048726e-09,-6.100185173663064e-08,-1.7825017399525474e-09,1.1982022963958003e-07,3.5027899866813855e-09
359.0,-1.0440182381110663e-07,-3.266315372808799e-09,-6.182331357962312e-08,-1.9089286149852345e-09,1.2133368418147436e-07,3.7793476756761216e-09
360.0,-1.0544179775140439e-07,-3.5124503166057074e-09,-6.251838682858057e-08,-2.0351764831579705e-09,1.2258271250341992e-07,4.05549175729045e-09
361.0,-1.0630510305364993e-07,-3.757916506621036e-09,-6.308659780684955e-08,-2.1610717229733405e-09,1.2361510327662364e-07,4.3308841726403316e-09
362.0,-1.0688317599039099e-07,-4.002425126124779e-09,-6.344090927590251e-08,-2.2864413005593158e-09,1.2429305000500304e-07,4.605188229780109e-09
363.0,-1.0701976937976809e-07,-4.245689182529136e-09,-6.346326544837133e-08,-2.4111131465270153e-09,1.244219317462528e-07,4.878069292985477e-09
364.0,-1.0667186399471174e-07,-4.487424069400346e-09,-6.314201544954656e-08,-2.5349165227414358e-09,1.2395886690002073e-07,5.149195453317465e-09
365.0,-1.0597571376003145e-07,-4.727348111397399e-09,-6.257745206739163e-08,-2.6576823781522954e-09,1.2307229344655448e-07,5.418238178924439e-09
366.0,-1.0504938914579487e-07,-4.9651830914440166e-09,-6.185201724406841e-08,-2.7792436932439858e-09,1.2190589073980462e-07,5.684872944259649e-09
367.0,-1.0407790410060791e-07,-5.200654759996504e-09,-6.108615138722406e-08,-2.899435813049807e-09,1.206802718478799e-07,5.948779838067191e-09
368.0,-1.0316287221701081e-07,-5.433493326748726e-09,-6.036448176038878e-08,-3.0180967690072237e-09,1.1952593384811353e-07,6.209644150569935e-09
369.0,-1.0242794498682706e-07,-5.663433935482578e-09,-5.980937466121272e-08,-3.135067590183606e-09,1.186113199133615e-07,6.467156940737556e-09
370.0,-1.0188850323167298e-07,-5.890217123005601e-09,-5.9428009929751724e-08,-3.2501926045600593e-09,1.1795319179658218e-07,6.72101558479414e-09
371.0,-1.013141781303073e-07,-6.113589263208245e-09,-5.8996858676163555e-08,-3.3633197311188376e-09,1.1723989092401464e-07,6.970924307232367e-09
372.0,-1.0074574220697574e-07,-6.3333029972244055e-09,-5.851446459315124e-08,-3.4743007634406015e-09,1.1650599615237649e-07,7.216594695539459e-09
373.0,-1.0048439297305478e-07,-6.549117650500313e-09,-5.823708823515794e-08,-3.582991645389873e-09,1.1614074081592933e-07,7.457746199621269e-09
374.0,-1.0073721885828224e-07,-6.760799637279967e-09,-5.833667805765774e-08,-3.6892527392592606e-09,1.1640942947246267e-07,7.694106616549787e-09
375.0,-1.014197178322851e-07,-6.9681228526129314e-09,-5.876266775950434e-08,-3.792949086463408e-09,1.1721352433654666e-07,7.925412560770858e-09
376.0,-1.0240726321109062e-07,-7.170869051500561e-09,-5.940029697282245e-08,-3.893950660533462e-09,1.1838768026633976e-07,8.151409919314487e-09
377.0,-1.036332618609137e-07,-7.3688282142489466e-09,-6.017160714133496e-08,-3.992132611781374e-09,1.1983520046256803e-07,8.371854290884793e-09
378.0,-1.0500378452849013e-07,-7.56179889652909e-09,-6.102819330444653e-08,-4.087375502607261e-09,1.2145054608074216e-07,8.586511407016605e-09
379.0,-1.0657561344551425e-07,-7.749588562097338e-09,-6.203737598631243e-08,-4.179565532040765e-09,1.2331665500067203e-07,8.795157532820301e-09
380.0,-1.08406160104213e-07,-7.932013895637563e-09,-6.325964967135445e-08,-4.268594747763591e-09,1.2551365991430079e-07,8.997579844238675e-09
381.0,-1.1040638199510955e-07,-8.108901092780192e-09,-6.460853699263858e-08,-4.354361243574771e-09,1.2792119541959886e-07,9.193576778244702e-09
382.0,-1.12435645835407e-07,-8.280086124056756e-09,-6.59505687422568e-08,-4.436769340049398e-09,1.3035049663063127e-07,9.382958352046803e-09
383.0,-1.1427726390178528e-07,-8.445414969384554e-09,-6.716643592696858e-08,-4.515729746021782e-09,1.325542272430791e-07,9.565546447166181e-09
384.0,-1.1583349701638213e-07,-8.604743819663679e-09,-6.820757544878653e-08,-4.591159698509183e-09,1.3442348150396238e-07,9.741175054232605e-09
385.0,-1.170933406069441e-07,-8.757939242219732e-09,-6.905295860115679e-08,-4.662983078791504e-09,1.359380796762515e-07,9.90969047452564e-09
386.0,-1.1808026455228937e-07,-8.90487830714038e-09,-6.969167039294621e-08,-4.7311305025756135e-09,1.3711264638572804e-07,1.0070951474667689e-08
387.0,-1.1869360687366548e-07,-9.045448672019033e-09,-7.003517744907928e-08,-4.795539382491596e-09,1.3781545048725225e-07,1.0224829391437694e-08
388.0,-1.1891660253726677e-07,-9.17954862321127e-09,-7.008233816885312e-08,-4.85615396157622e-09,1.3803149090776267e-07,1.0371208184391576e-08
389.0,-1.1875551306217424e-07,-9.30708707239892e-09,-6.987865365515322e-08,-4.9129253168752125e-09,1.3778932512831716e-07,1.0509984434811153e-08
390.0,-1.1829633926596639e-07,-9.427983508008769e-09,-6.948488903701922e-08,-4.965811332815726e-09,1.371939273007938e-07,1.0641067290414829e-08
391.0,-1.1757991495719988e-07,-9.54216790181041e-09,-6.893874822389012e-08,-5.014776644536094e-09,1.3629962365325617e-07,1.0764378356205152e-08
392.0,-1.1675707442537764e-07,-9.649580571782115e-09,-6.831458691791692e-08,-5.059792551883613e-09,1.352741557509741e-07,1.0879851532752489e-08
393.0,-1.159789200927408e-07,-9.75017200304783e-09,-6.773907047785688e-08,-5.100836905277167e-09,1.3431191896135808e-07,1.0987432804076048e-08
394.0,-1.153795646108291e-07,-9.843902629321201e-09,-6.731070857635135e-08,-5.137893965059054e-09,1.335783493640904e-07,1.108707997804556e-08
395.0,-1.1480828780718877e-07,-9.930742577821315e-09,-6.6913698276716e-08,-5.170954236315344e-09,1.3288485980835317e-07,1.1178762382862539e-08
396.0,-1.1414283089539179e-07,-1.0010671381038192e-08,-6.643213461277053e-08,-5.200014281419745e-09,1.3206746137494757e-07,1.1262460523675998e-08
397.0,-1.1343010219988514e-07,-1.008367765902245e-08,-6.588563433718164e-08,-5.225076512752581e-09,1.3117661718877034e-07,1.1338165703742554e-08
398.0,-1.1284515273601858e-07,-1.0149758776056267e-08,-6.542100211559543e-08,-5.2461489681674015e-09,1.3043747932946306e-07,1.140587961475958e-08
399.0,-1.1251701494130462e-07,-1.0208920475634973e-08,-6.513850241141039e-08,-5.263245071825242e-09,1.3001193463564445e-07,1.1465613901086317e-08
400.0,-1.124170486005438e-07,-1.0261176497652116e-08,-6.502514492134903e-08,-5.2763833829911964e-09,1.298686347356415e-07,1.1517389702523587e-08
401.0,-1.1252357332014462e-07,-1.0306548181541025e-08,-6.506333229128192e-08,-5.285587335291996e-09,1.2997996677019013e-07,1.1561237180153518e-08
402.0,-1.1277544868792955e-07,-1.0345064058894628e-08,-6.520384936148371e-08,-5.290884968774099e-09,1.302683530191385e-07,1.1597195029460825e-08
403.0,-1.1318460677034459e-07,-1.0376759438781804e-08,-6.544565377131217e-08,-5.2923086568925895e-09,1.3074359948889278e-07,1.1625309984589585e-08
404.0,-1.1385747979153482e-07,-1.0401675988625372e-08,-6.589017938207764e-08,-5.289894830317646e-09,1.315486276761644e-07,1.1645636317161677e-08
405.0,-1.1478258715724721e-07,-1.0419861313126204e-08,-6.651929800038925e-08,-5.28368369918364e-09,1.3266446140913413e-07,1.1658235332622569e-08
406.0,-1.158162924730366e-07,-1.0431368533332087e-08,-6.718944278727434e-08,-5.273718975141482e-09,1.3389486481663278e-07,1.1663174866613438e-08
407.0,-1.1675631246543805e-07,-1.0436255867580713e-08,-6.777219051234962e-08,-5.2600475943233696e-09,1.3500039373042293e-07,1.1660528783423191e-08
408.0,-1.1761838285273551e-07,-1.0434586215716128e-08,-6.831809555574164e-08,-5.242719442106162e-09,1.3602002119267632e-07,1.1650376478176318e-08
409.0,-1.1846374417534555e-07,-1.0426426747705344e-08,-6.888209437561077e-08,-5.221787080377497e-09,1.3703430814804104e-07,1.1632802384085448e-08
410.0,-1.192784242348699e-07,-1.0411848497577771e-08,-6.943342020782062e-08,-5.1973054778743496e-09,1.3801573218191247e-07,1.1607895485853273e-08
411.0,-1.1998922026801306e-07,-1.039092596347736e-08,-6.989421162673093e-08,-5.169331744078241e-09,1.3886185149078204e-07,1.1575748840150857e-08
412.0,-1.2052343696666856e-07,-1.0363736714553796e-08,-7.020426939785551e-08,-5.137924867113418e-09,1.394795264544055e-07,1.1536459104025151e-08
413.0,-1.208775212563351e-07,-1.033036100541993e-08,-7.039909818984391e-08,-5.103145456101649e-09,1.3988355218187388e-07,1.1490126072092969e-08
414.0,-1.2102713051187486e-07,-1.0290881398961355e-08,-7.046648448083559e-08,-5.065055488475121e-09,1.4004674846288375e-07,1.1436852223453379e-08
415.0,-1.208756014864365e-07,-1.0245382398389778e-08,-7.032144437590926e-08,-5.02371806282956e-09,1.398428281100676e-07,1.137674227938233e-08
416.0,-1.2057794575304204e-07,-1.0193950089569746e-08,-7.003763048685219e-08,-4.9791971580017336e-09,1.3944285813994345e-07,1.1309902773043768e-08
417.0,-1.203692775730847e-07,-1.0136671794799184e-08,-6.981742692313553e-08,-4.931557399165421e-09,1.3915184542661904e-07,1.1236441632637097e-08
418.0,-1.2038196105235155e-07,-1.007363573936803e-08,-6.98101670637552e-08,-4.8808638318432445e-09,1.391591749482559e-07,1.1156467779577094e-08
419.0,-1.2046696257206335e-07,-1.0004930732338315e-08,-6.990834355846687e-08,-4.827181704815861e-09,1.3928196426826967e-07,1.1070090743447404e-08
420.0,-1.2044985125969632e-07,-9.930645863074356e-09,-6.99285146038564e-08,-4.7705762629684565e-09,1.3927729112523952e-07,1.0977420295571873e-08
421.0,-1.2026887674654319e-07,-9.850870215104091e-09,-6.980277056367612e-08,-4.71111255114887e-09,1.390576480897056e-07,1.0878566103110404e-08
422.0,-1.199090829268057e-07,-9.765692598917982e-09,-6.952560005490938e-08,-4.6488552301284716e-09,1.3860734912457844e-07,1.0773637405616343e-08
423.0,-1.1934157875814755e-07,-9.67520130531337e-09,-6.909784015796117e-08,-4.583868405760322e-09,1.379018634209933e-07,1.0662742715995297e-08
424.0,-1.1872883243224663e-07,-9.579483880865297e-09,-6.865663076949247e-08,-4.516215472416717e-09,1.3715053262507922e-07,1.0545989547775734e-08
425.0,-1.1819788886535676e-07,-9.478626927038222e-09,-6.827678189491593e-08,-4.445958971750959e-09,1.3650076878227883e-07,1.0423484170525319e-08
426.0,-1.177796873919057e-07,-9.372715924332664e-09,-6.796457056867933e-08,-4.373160467754975e-09,1.359824901033954e-07,1.0295331395105994e-08
427.0,-1.1738679918382733e-07,-9.261835082675616e-09,-6.764974706807703e-08,-4.297880438966603e-09,1.3548486594818995e-07,1.0161634390241467e-08
428.0,-1.170371880937493e-07,-9.146067219009244e-09,-6.736249232031088e-08,-4.220178188514766e-09,1.3503854549163212e-07,1.0022494531567584e-08
429.0,-1.1691247493728074e-07,-9.025493662711459e-09,-6.72432346054963e-08,-4.1401117724788575e-09,1.3487097314162939e-07,9.878011283952148e-09
430.0,-1.1705323502142484e-07,-8.900194189101835e-09,-6.732139359866274e-08,-4.057737946784973e-09,1.3503195868033236e-07,9.72828211741454e-09
431.0,-1.174045807655899e-07,-8.770246980856992e-09,-6.753147310800678e-08,-3.9731121325723645e-09,1.3544126197315708e-07,9.573402456459044e-09
432.0,-1.1794777778073584e-07,-8.6357286166953e-09,-6.785682650500835e-08,-3.886288399648209e-09,1.3607434433700075e-07,9.413465662075945e-09
433.0,-1.1877106395608017e-07,-8.496714086210727e-09,-6.84053769323123e-08,-3.797319467320695e-09,1.370615235086456e-07,9.248563045084624e-09
434.0,-1.1989554779545664e-07,-8.353276829263229e-09,-6.919119156789666e-08,-3.706256721575874e-09,1.3842818850132367e-07,9.078783908921463e-09
435.0,-1.2109775818225366e-07,-8.205488797893788e-09,-7.00431976724536e-08,-3.613150247260208e-09,1.3989537725368193e-07,8.904215619443046e-09
436.0,-1.2222598570754695e-07,-8.053420538351828e-09,-7.083771720595156e-08,-3.5180488736665484e-09,1.4126986147488017e-07,8.724943698853647e-09
437.0,-1.2327432036274288e-07,-7.897141290526494e-09,-7.155826167726254e-08,-3.42100023171476e-09,1.4253821549032997e-07,8.541051940506019e-09
438.0,-1.2427936234293835e-07,-7.736719101880932e-09,-7.223440828818539e-08,-3.322050820784455e-09,1.4374689438423229e-07,8.352622541091132e-09
439.0,-1.2506158769687303e-07,-7.572220952911805e-09,-7.275236375836602e-08,-3.2212460832049333e-09,1.4468347227548928e-07,8.159736246639534e-09
440.0,-1.2553602224407712e-07,-7.403712891196087e-09,-7.303986024331799e-08,-3.118630484437324e-09,1.4523812882720863e-07,7.962472508806521e-09
441.0,-1.2578855286549118e-07,-7.2312601712377015e-09,-7.317062571121635e-08,-3.0142475970907736e-09,1.4552216497484287e-07,7.76090964809699e-09
442.0,-1.2599004081681464e-07,-7.054927397574527e-09,-7.328877221768337e-08,-2.908140187088019e-09,1.4575573579862336e-07,7.555125020987416e-09
443.0,-1.260971095873309e-07,-6.874778668933303e-09,-7.337822248432158e-08,-2.800350300521848e-09,1.4589326434499276e-07,7.345195188298679e-09
444.0,-1.2595644467705558e-07,-6.690877721604529e-09,-7.331249315956079e-08,-2.6909193500073506e-09,1.4573862771741338e-07,7.131196082638194e-09
445.0,-1.2555342121522983e-07,-6.503288070631371e-09,-7.304518742645705e-08,-2.579888199621906e-09,1.4525584664658137e-07,6.913203173238878e-09
446.0,-1.249185545698639e-07,-6.312073147848502e-09,-7.259744715104599e-08,-2.467297247824517e-09,1.4448195253620078e-07,6.691291627054968e-09
447.0,-1.240910488531366e-07,-6.117296436250393e-09,-7.200964932674303e-08,-2.3531865080474598e-09,1.4347117481094256e-07,6.465536465509688e-09
448.0,-1.2315202878310227e-07,-5.919021600593061e-09,-7.137683959157481e-08,-2.237595686942439e-09,1.4234140445940335e-07,6.236012716802e-09
449.0,-1.2226617307486976e-07,-5.7173126145152665e-09,-7.080240968515561e-08,-2.1205642605242004e-09,1.4128693604009758e-07,6.002795564140942e-09
450.0,-1.2147219827229883e-07,-5.51223388478256e-09,-7.027269412207549e-08,-2.0021315486710666e-09,1.4033440950914162e-07,5.765960490659246e-09
451.0,-1.2065684852624603e-07,-5.303850373493555e-09,-6.97024402085411e-08,-1.8823367886023893e-09,1.3934312063144963e-07,5.525583422042552e-09
452.0,-1.1972838226403937e-07,-5.092227719232825e-09,-6.904614498204342e-08,-1.7612192080515275e-09,1.3821091004853884e-07,5.281740868085499e-09
453.0,-1.1881022735082958e-07,-4.877432358206335e-09,-6.840747607261832e-08,-1.6388180988882123e-09,1.3709650945878112e-07,5.034510064448162e-09
454.0,-1.1810715581928033e-07,-4.659531646353689e-09,-6.7924756680382e-08,-1.515172891915824e-09,1.362463681197002e-07,4.783969115836132e-09
455.0,-1.1772923842745531e-07,-4.4385939832972354e-09,-6.766046777018087e-08,-1.3903232334766553e-09,1.3578701145392478e-07,4.530197141665002e-09
456.0,-1.1763784810159272e-07,-4.214688938763314e-09,-6.7585748164678e-08,-1.2643090643423414e-09,1.3567054455906293e-07,4.273274424997519e-09
457.0,-1.178041486582515e-07,-3.987887381804349e-09,-6.768984661675859e-08,-1.1371707011529735e-09,1.3586659919235383e-07,4.013282565169241e-09
458.0,-1.1825589014968774e-07,-3.758261612779955e-09,-6.800801673201295e-08,-1.0089489204094375e-09,1.3641680942947158e-07,3.750304634068226e-09
459.0,-1.1895807472406261e-07,-3.5258854976469726e-09,-6.852839476434447e-08,-8.796850447370455e-10,1.3728497525597438e-07,3.484425335537527e-09
460.0,-1.1987536373270213e-07,-3.290834603692108e-09,-6.920480520589134e-08,-7.494210308451866e-10,1.3841751295855957e-07,3.2157311668621024e-09
461.0,-1.2096692403318343e-07,-3.053186335446864e-09,-6.999467483392863e-08,-6.181995583287989e-10,1.3975783060407517e-07,2.9443105808211677e-09
462.0,-1.2218716140266483e-07,-2.813020069181655e-09,-7.086443336301596e-08,-4.860641182139715e-10,1.4124967372529465e-07,2.670254146368372e-09
463.0,-1.2334581168949033e-07,-2.5704172841107934e-09,-7.16833511299475e-08,-3.5305909996144195e-10,1.426628616373531e-07,2.393654705678324e-09
464.0,-1.242040249954668e-07,-2.3254616882749655e-09,-7.229305602762803e-08,-2.192298755242971e-10,1.4371125834425186e-07,2.114607525096242e-09
465.0,-1.247261724457438e-07,-2.078239337018593e-09,-7.26656770727585e-08,-8.462287902076547e-11,1.4434998689784436e-07,1.8332104374672756e-09
466.0,-1.2503746510406089e-07,-1.8288387420516125e-09,-7.289608755511878e-08,5.071431936717202e-11,1.4473495521294358e-07,1.549563973409441e-09
467.0,-1.2526915126043203e-07,-1.5773509692714182e-09,-7.308173960440811e-08,1.8673294652924563e-10,1.4502862104121212e-07,1.2637714793201428e-09
468.0,-1.2537461353823165e-07,-1.3238697238022634e-09,-7.318062443528728e-08,3.233829676608031e-10,1.4516954746984475e-07,9.759392202479458e-10
469.0,-1.251862335599485e-07,-1.068491421062846e-09,-7.306437539711386e-08,4.6061303641426595e-10,1.4494825292184917e-07,6.861764661901078e-10
470.0,-1.2462923035250206e-07,-8.113152430755381e-10,-7.268403341698093e-08,5.983704545078498e-10,1.4427547876204682e-07,3.945955608649649e-10
471.0,-1.2374869998166282e-07,-5.524431796622116e-10,-7.206709927431998e-08,7.366011410318229e-10,1.4320407656546056e-07,1.0131197253185698e-10
472.0,-1.2271353494464066e-07,-2.91980054609639e-10,-7.134673314646012e-08,8.75249611388701e-10,1.4194706051652403e-07,-1.9355567303731068e-10
473.0,-1.217412918114169e-07,-3.003353730526084e-11,-7.069307468576813e-08,1.0142589655146296e-09,1.407780271933094e-07,-4.89885576824184e-10
474.0,-1.2091074338971275e-07,2.332858592873867e-10,-7.015972751378552e-08,1.1535708847755783e-09,1.3979197127110553e-07,-7.875527670110436e-10
475.0,-1.2016280510895871e-07,4.978647931498448e-10,-6.968707066956625e-08,1.2931256367314319e-09,1.3890783833232275e-07,-1.086429114196714e-09
476.0,-1.1942636413131424e-07,7.635871188567618e-10,-6.922516720964111e-08,1.4328620868230838e-09,1.3803905325967732e-07,-1.3863833597217493e-09
477.0,-1.1865024951429604e-07,1.030333922866488e-09,-6.874463669148678e-08,1.5727177159632748e-09,1.3712660859092673e-07,-1.6872811553069178e-09
478.0,-1.1787465536983177e-07,1.2979835669425805e-09,-6.82574627097754e-08,1.7126286429969836e-09,1.3621129025940908e-07,-1.9889851121777917e-09
479.0,-1.1720239075085903e-07,1.5664117382486771e-09,-6.781975867009571e-08,1.852529651036736e-09,1.3541019187560096e-07,-2.2913548579149375e-09
480.0,-1.1675172401082179e-07,1.8354915047909374e-09,-6.750747857942052e-08,1.99235421676913e-09,1.348637264932644e-07,-2.5942470994287682e-09
481.0,-1.1648033192146467e-07,2.1050933750885233e-09,-6.731411367200124e-08,2.1320345419691693e-09,1.3453199479670882e-07,-2.8975156907069187e-09
482.0,-1.163446560481507e-07,2.3750853612274454e-09,-6.723290978116747e-08,2.2715015866453836e-09,1.343738931065298e-07,-3.2010117043132336e-09
483.0,-1.1634471368260346e-07,2.645333044785226e-09,-6.727533077843795e-08,2.4106851034648116e-09,1.3439517302803406e-07,-3.504583506018285e-09
484.0,-1.1656122997361074e-07,2.915699645487525e-09,-6.74719955184866e-08,2.5495136733629353e-09,1.3468106961339312e-07,-3.80807683239291e-09
485.0,-1.1702035564165048e-07,3.1860460928546718e-09,-6.782159646390173e-08,2.6879147425174085e-09,1.3525358620535976e-07,-4.111334871676937e-09
486.0,-1.1769172809927841e-07,3.4562311014975308e-09,-6.831520267536195e-08,2.8258146611423206e-09,1.3608199652992406e-07,-4.414198348721944e-09
487.0,-1.184895639105843e-07,3.7261112511085135e-09,-6.890682653637459e-08,2.963138724827219e-09,1.370690610569521e-07,-4.716505615275378e-09
488.0,-1.192870617422459e-07,3.99554107254367e-09,-6.95038833015138e-08,3.0998112193869003e-09,1.380586574362102e-07,-5.0180927472974666e-09
489.0,-1.199939157481289e-07,4.264373141684128e-09,-7.001911256354632e-08,3.235755470389151e-09,1.3892881609211108e-07,-5.318793651356294e-09
490.0,-1.2058983356322273e-07,4.532458182981738e-09,-7.043355969293952e-08,3.3708938986756877e-09,1.3965240524181684e-07,-5.618440182407999e-09
491.0,-1.2120832403039739e-07,4.799645184723084e-09,-7.085138323259521e-08,3.5051480832788655e-09,1.4039720908988854e-07,-5.916862275424773e-09
492.0,-1.2192167718472202e-07,5.065781528084791e-09,-7.134475649150929e-08,3.638438833161311e-09,1.412620601802491e-07,-6.213888093379216e-09
493.0,-1.2265386796495026e-07,5.3307131320033675e-09,-7.186201959885619e-08,3.770686269170078e-09,1.4215527140275116e-07,-6.509344194032791e-09
494.0,-1.232979052745442e-07,5.594284615748017e-09,-7.233252803662271e-08,3.9018099175047305e-09,1.4294883020598416e-07,-6.8030557178132106e-09
495.0,-1.2379004800389115e-07,5.856339480866195e-09,-7.270400850800662e-08,4.031728815851387e-09,1.4356130689687236e-07,-7.094846598802508e-09
496.0,-1.2413055741622436e-07,6.11672031386928e-09,-7.296418057245457e-08,4.1603616331323885e-09,1.4398669011777558e-07,-7.384539800494368e-09
497.0,-1.243577894965986e-07,6.3752690106423285e-09,-7.314546209002959e-08,4.287626803565013e-09,1.4427445523322652e-07,-7.671957577519028e-09
498.0,-1.244803130434624e-07,6.631827023105348e-09,-7.326080161962345e-08,4.413442675417149e-09,1.4443854537258473e-07,-7.956921763985715e-09
499.0,-1.2448870853609684e-07,6.886235628136255e-09,-7.331540154142946e-08,4.537727674501227e-09,1.4447348080587767e-07,-8.239254088471169e-09
500.0,-1.2432591610378463e-07,7.138336218202389e-09,-7.327081071040187e-08,4.660400482069788e-09,1.4431058560342977e-07,-8.518776515005735e-09
501.0,-1.239486978471538e-07,7.38797061255308e-09,-7.308992271137793e-08,4.781380226376751e-09,1.4389376810675377e-07,-8.795311608693915e-09
502.0,-1.2332316387531073e-07,7.634981387215503e-09,-7.273434082799568e-08,4.900586686757475e-09,1.4317432410840912e-07,-9.068682923871924e-09
503.0,-1.22453862924643e-07,7.879212221426771e-09,-7.219657785495492e-08,5.0179405086684565e-09,1.4215236332588294e-07,-9.338715411970788e-09
504.0,-1.213841097358337e-07,8.12050825754666e-09,-7.150578870684932e-08,5.133363427726518e-09,1.408800195732152e-07,-9.60523584554299e-09
505.0,-1.2006081388793444e-07,8.35871647095075e-09,-7.061371419536666e-08,5.246778500412687e-09,1.392870979807468e-07,-9.868073254251416e-09
506.0,-1.1849651242179515e-07,8.59368604592801e-09,-6.952395430193103e-08,5.358110338775217e-09,1.3738633002560934e-07,-1.0127059368041651e-08
507.0,-1.1687867258747264e-07,8.825268753225877e-09,-6.839801196256712e-08,5.46728534619809e-09,1.354212396422404e-07,-1.0382029062254482e-08
508.0,-1.1541355565691802e-07,9.053319324624617e-09,-6.739537475319857e-08,5.57423195111492e-09,1.3365038483856524e-07,-1.0632820799115847e-08
509.0,-1.1420653794891322e-07,9.277695819803569e-09,-6.65912515546152e-08,5.678880835460598e-09,1.322026024474806e-07,-1.0879277059894404e-08
510.0,-1.133101647926571e-07,9.498259980799687e-09,-6.60119485601518e-08,5.781165154676236e-09,1.3113645869111775e-07,-1.1121244762061366e-08
511.0,-1.1277364402040302e-07,9.714877569557085e-09,-6.570071110767461e-08,5.881020746219518e-09,1.3051619909304248e-07,-1.1358575656027381e-08
512.0,-1.1263158378183036e-07,9.927418684414355e-09,-6.568311891608225e-08,5.97838632377455e-09,1.30384607127328e-07,-1.1591126696454064e-08
513.0,-1.1273324933280815e-07,1.0135758051851806e-08,-6.58424437333105e-08,6.073203654685438e-09,1.3055272077558266e-07,-1.1818760383714767e-08
514.0,-1.1294220500501773e-07,1.0339775290392146e-08,-6.605455120378689e-08,6.165417718533168e-09,1.3084015211749471e-07,-1.2041345071772297e-08
515.0,-1.1323345670832818e-07,1.0539355144181452e-08,-6.628977047840046e-08,6.254976845210458e-09,1.3121032500605982e-07,-1.225875523950756e-08
516.0,-1.1360757827538759e-07,1.0734387684439665e-08,-6.655415497880401e-08,6.34183283130046e-09,1.3166676644674228e-07,-1.247087172333293e-08
517.0,-1.140263201360181e-07,1.0924768477634768e-08,-6.683917026795161e-08,6.425941034014171e-09,1.321721467097736e-07,-1.267758190972495e-08
518.0,-1.1447521092167179e-07,1.1110398719883471e-08,-6.71531013851645e-08,6.507260442376167e-09,1.3271817110406331e-07,-1.2878779887090434e-08
519.0,-1.1504441745080474e-07,1.1291185337700136e-08,-6.754905360062402e-08,6.585753725761912e-09,1.3340949227448173e-07,-1.3074366557123402e-08
520.0,-1.1578835949765942e-07,1.1467041055795552e-08,-6.80588242985003e-08,6.661387260277467e-09,1.3430914994911312e-07,-1.3264249706506607e-08
521.0,-1.1665789505233004e-07,1.1637884433159256e-08,-6.865530914612616e-08,6.734131133829507e-09,1.3536105773814936e-07,-1.3448344040451175e-08
522.0,-1.1761319479441923e-07,1.1803639869134025e-08,-6.931470036830589e-08,6.8039591310539354e-09,1.365188312171549e-07,-1.3626571180139743e-08
523.0,-1.1865617365047765e-07,1.1964237581597313e-08,-7.004294347301432e-08,6.87084869954741e-09,1.3778716005396215e-07,-1.3798859626628678e-08
524.0,-1.1975974732736372e-07,1.2119613559688573e-08,-7.082301249627942e-08,6.93478089906858e-09,1.3913409423632352e-07,-1.3965144694157176e-08
525.0,-1.2085951439644305e-07,1.226970949375103e-08,-7.161220035023508e-08,6.995740335535998e-09,1.4048248808711437e-07,-1.412536841609032e-08
526.0,-1.2188024164916378e-07,1.2414472685280762e-08,-7.237017972394622e-08,7.053715081739744e-09,1.4174708539414428e-07,-1.4279479426876118e-08
527.0,-1.2279040499663108e-07,1.2553855939687907e-08,-7.307757993180175e-08,7.108696586697854e-09,1.4289092430215978e-07,-1.4427432823413896e-08
528.0,-1.235167974150686e-07,1.268781744457069e-08,-7.366684313947491e-08,7.160679575523244e-09,1.4381656031838302e-07,-1.456919000910883e-08
529.0,-1.2384267102094615e-07,1.281632063598547e-08,-7.396409927584724e-08,7.209661941521821e-09,1.4424872667476023e-07,-1.4704718523626159e-08
530.0,-1.235777650904213e-07,1.2939334054873357e-08,-7.381470505662957e-08,7.2556446320220845e-09,1.439446932239621e-07,-1.4833991860969041e-08
531.0,-1.2276954582113309e-07,1.3056831195394028e-08,-7.32417805709984e-08,7.298631529151455e-09,1.4295705579766804e-07,-1.4956989278005818e-08
532.0,-1.216283359445347e-07,1.31687903464481e-08,-7.239848090478951e-08,7.33862932644403e-09,1.4154501807537333e-07,-1.507369559500046e-08
533.0,-1.2032916538173843e-07,1.3275194427181323e-08,-7.143224700634221e-08,7.3756474018176585e-09,1.3993453452897482e-07,-1.5184100989103147e-08
534.0,-1.1905254505839569e-07,1.3376030816804267e-08,-7.04799793666e-08,7.409697687130895e-09,1.383507715063335e-07,-1.5288200781195705e-08
535.0,-1.179719166383153e-07,1.3471291178675751e-08,-6.970199248335085e-08,7.440794534257221e-09,1.370245995121559e-07,-1.5385995216015836e-08
536.0,-1.1728633428353952e-07,1.3560971278321569e-08,-6.925927782674979e-08,7.468954577421876e-09,1.3620914717724758e-07,-1.547748923514811e-08
537.0,-1.1704867952655462e-07,1.3645070794909612e-08,-6.91827487658836e-08,7.494196591449041e-09,1.3596560633378375e-07,-1.5562692242290624e-08
538.0,-1.1715005072965301e-07,1.3723593125677731e-08,-6.936414262415092e-08,7.516541345562608e-09,1.3614521169671676e-07,-1.5641617860182564e-08
539.0,-1.1737328561856053e-07,1.3796545182893675e-08,-6.960232892816443e-08,7.536011452457024e-09,1.364586837439105e-07,-1.571428367868682e-08
540.0,-1.1760136138516675e-07,1.3863937183087681e-08,-6.980047574656201e-08,7.552631212480989e-09,1.3675593813100394e-07,-1.578071099372497e-08
541.0,-1.177818957087684e-07,1.392578242850453e-08,-6.993856024872791e-08,7.566426452929585e-09,1.369816672639669e-07,-1.584092453701714e-08
542.0,-1.1786664017021664e-07,1.3982097080945031e-08,-6.999125751194768e-08,7.577424362598528e-09,1.370814392728611e-07,-1.589495219685217e-08
543.0,-1.179243743348879e-07,1.4032899928390116e-08,-7.002579729964431e-08,7.58565332190652e-09,1.37148716179648e-07,-1.594282473038303e-08
544.0,-1.1816693060162642e-07,1.407821214501746e-08,-7.020886848285723e-08,7.591142729036049e-09,1.3745075009418006e-07,-1.5984575468202604e-08
545.0,-1.1862933627093675e-07,1.4118057045430928e-08,-7.057942920385418e-08,7.593922822681427e-09,1.3803758636989004e-07,-1.6020240012206626e-08
546.0,-1.191502252140264e-07,1.4152459834128459e-08,-7.099145517275307e-08,7.594024502127842e-09,1.3869593676852334e-07,-1.604985592799602e-08
547.0,-1.194583208463662e-07,1.4181447351430335e-08,-7.120074331512516e-08,7.591479145513804e-09,1.390677398538558e-07,-1.6073462433305395e-08
548.0,-1.1952908131329654e-07,1.4205047817268951e-08,-7.117414506374597e-08,7.58631842724501e-09,1.3911491726323174e-07,-1.609110008415767e-08
549.0,-1.1953827291910635e-07,1.4223290574395229e-08,-7.106816664326221e-08,7.578574135624165e-09,1.3906862695272877e-07,-1.610281046062645e-08
550.0,-1.1970769177305218e-07,1.4236205832684643e-08,-7.11080535287234e-08,7.568277991838998e-09,1.3923464635742017e-07,-1.6108635854237464e-08
551.0,-1.20272886552919e-07,1.4243824416334781e-08,-7.147993615064241e-08,7.555461471517594e-09,1.3991050179265045e-07,-1.6108618959168164e-08
552.0,-1.2121236796225343e-07,1.4246177515844909e-08,-7.21642878231954e-08,7.540155630125537e-09,1.4106779428361993e-07,-1.6102802569522823e-08
553.0,-1.2243348886109562e-07,1.4243296446756276e-08,-7.306204583001907e-08,7.522390933544546e-09,1.4257637158929187e-07,-1.6091229285069562e-08
554.0,-1.2364638131423522e-07,1.4235212417195824e-08,-7.396764525879895e-08,7.502197095226762e-09,1.4408206049760942e-07,-1.6073941227908627e-08
555.0,-1.2463252735406272e-07,1.4221956306280983e-08,-7.471831370287063e-08,7.479602921341672e-09,1.4531377524949854e-07,-1.605097977256578e-08
556.0,-1.2528755698182348e-07,1.420355845538268e-08,-7.520981350206402e-08,7.454636165301927e-09,1.461283271015203e-07,-1.6022385291936982e-08
557.0,-1.2556446712941316e-07,1.4180048474090848e-08,-7.536885048009534e-08,7.427323392955326e-09,1.4644759823289847e-07,-1.598819692132854e-08
558.0,-1.2562015072603572e-07,1.4151455062480745e-08,-7.531805676364023e-08,7.397689859561345e-09,1.4646921841493818e-07,-1.5948452342538986e-08
559.0,-1.2559011382251573e-07,1.4117805850955382e-08,-7.523177265877923e-08,7.365759399443639e-09,1.4639909940752605e-07,-1.59031875895355e-08
560.0,-1.2551100980751073e-07,1.4079127258565937e-08,-7.516952982289382e-08,7.3315543289460135e-09,1.4629925425885115e-07,-1.5852436876821543e-08
561.0,-1.2535204321761917e-07,1.4035444370317081e-08,-7.508640420539336e-08,7.2950953630417695e-09,1.4612016573809236e-07,-1.5796232451110917e-08
562.0,-1.2509345830025165e-07,1.3986780833571535e-08,-7.493876937048061e-08,7.256401545673794e-09,1.4582246899664975e-07,-1.5734604466446785e-08
563.0,-1.2473452649930383e-07,1.3933158773295156e-08,-7.4708826403036e-08,7.215490193646888e-09,1.45396392126918e-07,-1.5667580882452553e-08
564.0,-1.242052169586616e-07,1.387459872554269e-08,-7.434236051762078e-08,7.172376853660742e-09,1.4475400680837854e-07,-1.5595187384989125e-08
565.0,-1.2348308132958952e-07,1.3811119588285647e-08,-7.382194176785983e-08,7.127075271866929e-09,1.438671277986299e-07,-1.5517447328131524e-08
566.0,-1.226518600433435e-07,1.3742738588439786e-08,-7.320616063344332e-08,7.079597375163161e-09,1.4283774265501898e-07,-1.5434381696081055e-08
567.0,-1.218445089268272e-07,1.3669471263774086e-08,-7.260403908637691e-08,7.029953263312986e-09,1.4183592932425767e-07,-1.534600908341436e-08
568.0,-1.21263410438055e-07,1.3591331458290962e-08,-7.217170108764215e-08,6.978151210910495e-09,1.4111544617423053e-07,-1.5252345691956326e-08
569.0,-1.2106085874041828e-07,1.3508331329672078e-08,-7.20355355088298e-08,6.9241976782081996e-09,1.4087174981170422e-07,-1.5153405342567117e-08
570.0,-1.2124331508212016e-07,1.3420481367490717e-08,-7.217417573313067e-08,6.868097329896673e-09,1.4109944399202675e-07,-1.5049199500261178e-08
571.0,-1.216084892508018e-07,1.332779042109462e-08,-7.240535171426643e-08,6.8098530610628845e-09,1.415314792359954e-07,-1.4939737311321142e-08
572.0,-1.2203304070035337e-07,1.3230265736343226e-08,-7.264374440874022e-08,6.749466029746127e-09,1.4201822638061806e-07,-1.4825025651408523e-08
573.0,-1.2258522538721728e-07,1.3127913000712807e-08,-7.295491383230157e-08,6.686935695736245e-09,1.4265187322819636e-07,-1.470506918407162e-08
574.0,-1.2335879388813975e-07,1.3020736396634123e-08,-7.341734506449704e-08,6.622259865498671e-09,1.4355312112892557e-07,-1.4579870429475558e-08
575.0,-1.245339558419989e-07,1.2908738663275981e-08,-7.416567626705728e-08,6.555434743349696e-09,1.4494569222231777e-07,-1.444942984360118e-08
576.0,-1.261582266987027e-07,1.2791921167315484e-08,-7.5262931220621e-08,6.486454989231631e-09,1.469027126355439e-07,-1.4313745908556707e-08
577.0,-1.2806560141520595e-07,1.2670283983521358e-08,-7.660175407875336e-08,6.415313783638445e-09,1.4922676366449889e-07,-1.4172815234994092e-08
578.0,-1.29957557368221e-07,1.2543825986194019e-08,-7.796393193537643e-08,6.342002900399595e-09,1.5154979841602715e-07,-1.4026632677889213e-08
579.0,-1.3163371222202347e-07,1.2412544952623208e-08,-7.917450041416974e-08,6.26651278811956e-09,1.5361001174788006e-07,-1.387519146709161e-08
580.0,-1.3295531575696629e-07,1.2276437679710339e-08,-8.0106296512783e-08,6.188832661069214e-09,1.5522285504727877e-07,-1.3718483354036964e-08
581.0,-1.3374257273879309e-07,1.2135500114739453e-08,-8.060295413059304e-08,6.108950600216266e-09,1.5615348852129383e-07,-1.3556498775819512e-08
582.0,-1.3395947585925772e-07,1.1989727500966727e-08,-8.064254701511953e-08,6.026853664863327e-09,1.56359718474973e-07,-1.338922703743987e-08
583.0,-1.337455075856031e-07,1.1839114538253647e-08,-8.037450309472671e-08,5.9425280150472755e-09,1.5603820540833856e-07,-1.3216656512500276e-08
584.0,-1.3331514508996278e-07,1.1683655558429166e-08,-7.999477126541255e-08,5.8559590444700766e-09,1.5547376415383884e-07,-1.3038774861959037e-08
585.0,-1.32777756872704e-07,1.1523344714478292e-08,-7.959366429832748e-08,5.767131523315539e-09,1.548066023029436e-07,-1.2855569269838144e-08
586.0,-1.3214689285889758e-07,1.1358176182067038e-08,-7.915873319330746e-08,5.676029749894951e-09,1.5404189797918678e-07,-1.2667026694062266e-08
587.0,-1.3146804059283035e-07,1.1188144371367918e-08,-7.869173342112123e-08,5.582637709687042e-09,1.532195633923387e-07,-1.247313412994541e-08
588.0,-1.307313987897185e-07,1.1013244146676691e-08,-7.817442508606387e-08,5.486939240013648e-09,1.5232182826848236e-07,-1.2273878883268625e-08
589.0,-1.2983707829705704e-07,1.0833471050929773e-08,-7.75316221224287e-08,5.3889181983325675e-09,1.5122440057626677e-07,-1.2069248849431574e-08
590.0,-1.2876777240322657e-07,1.0648821531955718e-08,-7.675584769162302e-08,5.288558631940358e-09,1.4990863672433549e-07,-1.1859232794827054e-08
591.0,-1.277033557650631e-07,1.0459293167134394e-08,-7.596555340327882e-08,5.185844946766369e-09,1.4858974519637846e-07,-1.1643820636393158e-08
592.0,-1.2684182841560254e-07,1.026488488310438e-08,-7.529362186509125e-08,5.080762072912788e-09,1.4750586066111577e-07,-1.1423003715255788e-08
593.0,-1.2634008728085178e-07,1.0065597167263412e-08,-7.487600138522676e-08,4.973295624662211e-09,1.4686127208210382e-07,-1.1196775060498043e-08
594.0,-1.2623406074607768e-07,9.861432268054096e-09,-7.476942304185386e-08,4.863432052839613e-09,1.467157275633943e-07,-1.0965129639390057e-08
595.0,-1.264466148453991e-07,9.652394381413186e-09,-7.490761624873166e-08,4.7511587876777195e-09,1.4696903543919703e-07,-1.0728064590878866e-08
596.0,-1.2688035574970336e-07,9.438489821269325e-09,-7.518385365667957e-08,4.6364643706816735e-09,1.4748300419316217e-07,-1.0485579439750529e-08
597.0,-1.275107085335625e-07,9.219727172572406e-09,-7.555588625585141e-08,4.5193385743999696e-09,1.4821495450405226e-07,-1.023767628960116e-08
598.0,-1.2834008911166706e-07,8.996117425993895e-09,-7.603140937673114e-08,4.399772509459388e-09,1.4917088752502185e-07,-9.984359993547923e-09
599.0,-1.2940162300023594e-07,8.767674094118842e-09,-7.665570461723448e-08,4.277758718688759e-09,1.504023839088327e-07,-9.725638302435403e-09
600.0,-1.3081078166499172e-07,8.534413309628268e-09,-7.754010609983819e-08,4.153291258620755e-09,1.5206554065198432e-07,-9.461521991113042e-09
601.0,-1.3262680045866837e-07,8.296353906619333e-09,-7.873922529266775e-08,4.026365769106362e-09,1.5423920966989207e-07,-9.192024964144387e-09
602.0,-1.3470169761553574e-07,8.053517486803672e-09,-8.015640808045621e-08,3.89697953218705e-09,1.5674692053392263e-07,-8.917164343028571e-09
603.0,-1.3685043692701626e-07,7.80592847283271e-09,-8.164433620838629e-08,3.765131521725163e-09,1.5935444682224364e-07,-8.636960537633026e-09
604.0,-1.388819226427751e-07,7.553614151390591e-09,-8.305069351677297e-08,3.6308224455707456e-09,1.6181967164276018e-07,-8.35143730501527e-09
605.0,-1.4061382265506683e-07,7.296604708940471e-09,-8.421881221576388e-08,3.4940547822195284e-09,1.6390562971632392e-07,-8.060621799112551e-09
606.0,-1.4185162972024656e-07,7.03493326308769e-09,-8.499999834543637e-08,3.3548328139753514e-09,1.653689347278204e-07,-7.764544614874869e-09
607.0,-1.4259787094184073e-07,6.76863589242752e-09,-8.540972570858507e-08,3.213162658565312e-09,1.6621965600602596e-07,-7.463239830301456e-09
608.0,-1.4301240776337654e-07,6.4977516674884965e-09,-8.558574854378165e-08,3.069052300976135e-09,1.6666574071499428e-07,-7.156745049528177e-09
609.0,-1.4325276326276892e-07,6.222322684993184e-09,-8.565457934595067e-08,2.922511627007527e-09,1.669073429941016e-07,-6.845101449639566e-09
610.0,-1.4336830342354112e-07,5.942394107176454e-09,-8.564860182191936e-08,2.7735524597024106e-09,1.6700345331936774e-07,-6.528353833293252e-09
611.0,-1.4332298815811217e-07,5.658014207367639e-09,-8.55512956310367e-08,2.6221885994454668e-09,1.6691465819010443e-07,-6.206550688597582e-09
612.0,-1.4311708376735233e-07,5.369234422493336e-09,-8.536303656991873e-08,2.468435868146053e-09,1.666413744497705e-07,-5.879744257019007e-09
613.0,-1.427640138745856e-07,5.076109412619266e-09,-8.508075223512268e-08,2.312312157557594e-09,1.66193556007678e-07,-5.547990609446982e-09
614.0,-1.422444784737742e-07,4.7786971271440455e-09,-8.468424025909194e-08,2.1538374814467253e-09,1.655442907639391e-07,-5.21134972993648e-09
615.0,-1.4163306107095597e-07,4.477058876803373e-09,-8.420498903705109e-08,1.993034031022941e-09,1.647737969674154e-07,-4.869885606103133e-09
616.0,-1.4097302412918733e-07,4.171259410258226e-09,-8.368185787366311e-08,1.8299262327842549e-09,1.639391559979384e-07,-4.523666324684776e-09
617.0,-1.4039647272534594e-07,3.861366993741697e-09,-8.321366806729458e-08,1.6645408077373176e-09,1.632044242872499e-07,-4.172764170425469e-09
618.0,-1.4001288065057516e-07,3.5474534920404724e-09,-8.289444367037824e-08,1.4969068308211686e-09,1.627116945382037e-07,-3.817255726201442e-09
619.0,-1.39838118737301e-07,3.2295944489977532e-09,-8.273994125951312e-08,1.3270557893093201e-09,1.6248260624329972e-07,-3.457221972203873e-09
620.0,-1.3985906538449555e-07,2.9078691657463826e-09,-8.271916535074197e-08,1.1550216389868194e-09,1.6249005657746568e-07,-3.0927483820235827e-09
621.0,-1.4007955247141712e-07,2.5823607750073516e-09,-8.281623911643443e-08,9.808408569923078e-10,1.6272925515094987e-07,-2.7239250136392134e-09
622.0,-1.4051458181729704e-07,2.253156310005234e-09,-8.302871599974448e-08,8.04552490369568e-10,1.6321187268043978e-07,-2.3508465935753293e-09
623.0,-1.410940240614833e-07,1.920346766839587e-09,-8.331917646098308e-08,6.261981995748021e-10,1.6385850234882188e-07,-1.9736125928472193e-09
624.0,-1.418333949870787e-07,1.5840271594889617e-09,-8.371873209955805e-08,4.4582229642079696e-10,1.6469832433245413e-07,-1.5923272937193787e-09
625.0,-1.428254662039219e-07,1.2442965669907167e-09,-8.431430734145984e-08,2.6347177619374474e-10,1.6585540756586075e-07,-1.2070998467498935e-09
626.0,-1.4412489450499333e-07,9.01258172714754e-10,-8.51578260407937e-08,7.919634394047743e-11,1.6740322742429292e-07,-8.180443180491034e-10
627.0,-1.4576163046009505e-07,5.55019296011983e-10,-8.626795038046975e-08,-1.0695156481997517e-10,1.6937713003009732e-07,-4.2527972712354874e-10
628.0,-1.4759854474744039e-07,2.0569141684647262e-10,-8.753774624614685e-08,-2.949167684716815e-10,1.7160474186168913e-07,-2.8930076078369976e-11
629.0,-1.4935536042648412e-07,-1.466098057118938e-10,-8.87468525889723e-08,-4.846413280807391e-10,1.737326323192444e-07,3.7087562871911686e-10
630.0,-1.5080189079419437e-07,-5.017645200767804e-10,-8.970746216696579e-08,-6.760645397619093e-10,1.7546691721102792e-07,7.740033611888648e-10
631.0,-1.5185549467888748e-07,-8.596486726888621e-10,-9.03569145338512e-08,-8.691229297642784e-10,1.7670445174994125e-07,1.1803140648871046e-09
632.0,-1.525377405359185e-07,-1.220134001436398e-09,-9.07211849809908e-08,-1.063750251443219e-09,1.7747702863232284e-07,1.5896636458036871e-09
633.0,-1.5298691492804384e-07,-1.5830880310417396e-09,-9.091209209055595e-08,-1.2598774834059707e-09,1.779606828135986e-07,2.0019029674602285e-09
634.0,-1.5334336626871004e-07,-1.948374069761728e-09,-9.105698027533915e-08,-1.4574328283049886e-09,1.7834113837105352e-07,2.416877847479683e-09
635.0,-1.5361645523681577e-07,-2.31585120707066e-09,-9.116630214633936e-08,-1.656341711982836e-09,1.786317719963676e-07,2.8344290551910387e-09
636.0,-1.5371563830135493e-07,-2.685374312346252e-09,-9.118516333672666e-08,-1.8565267829208183e-09,1.787266949035272e-07,3.254392310261847e-09
637.0,-1.537061859319122e-07,-3.0567940349351776e-09,-9.113714725950128e-08,-2.0579079121924376e-09,1.7869407154221874e-07,3.6765982827847375e-09
638.0,-1.535715944966931e-07,-3.429956806316674e-09,-9.101506924513725e-08,-2.260402194359077e-09,1.7851604260108912e-07,4.1008725956585505e-09
639.0,-1.5340193793011991e-07,-3.804704845394589e-09,-9.085528469843229e-08,-2.4639239499603002e-09,1.782886348546916e-07,4.527035830482537e-09
640.0,-1.5327936904452333e-07,-4.180876168215885e-09,-9.06695878793995e-08,-2.668384730436653e-09,1.7808857105639128e-07,4.954903538507048e-09
641.0,-1.5300477593238604e-07,-4.558304603624871e-09,-9.03888345560322e-08,-2.8736933264713947e-09,1.777093212820234e-07,5.384286258441339e-09
642.0,-1.5273781447944224e-07,-4.936819816506781e-09,-9.009712050034313e-08,-3.0797557808423444e-09,1.7733113402448502e-07,5.814989543096779e-09
643.0,-1.5252877198779213e-07,-5.316247340345152e-09,-8.986861256554679e-08,-3.2864754069298555e-09,1.7703500729674976e-07,6.246813996932658e-09
644.0,-1.52526710067713e-07,-5.696408620809922e-09,-8.981458621271088e-08,-3.4937528140270554e-09,1.7700581114935369e-07,6.679555326565183e-09
645.0,-1.5276509329753551e-07,-6.077121072004556e-09,-8.995954285662133e-08,-3.701485940540703e-09,1.7728477960946626e-07,7.113004406194751e-09
646.0,-1.5324292919338678e-07,-6.4581981468327545e-09,-9.026031468073459e-08,-3.909570096056823e-09,1.7784914887070612e-07,7.546947359703833e-09
647.0,-1.5392559793436789e-07,-6.8394494227073455e-09,-9.0648175174457e-08,-4.117898013082021e-09,1.7863421106247178e-07,7.981165660890094e-09
648.0,-1.5460995622662566e-07,-7.220680703532402e-09,-9.10430155709463e-08,-4.3263599090722406e-09,1.794242716263624e-07,8.41543625294693e-09
649.0,-1.5548295592693329e-07,-7.601694138565249e-09,-9.15606317569706e-08,-4.534843559141188e-09,1.8043918330427085e-07,8.849531687912697e-09
650.0,-1.5640344067091583e-07,-7.982288358429409e-09,-9.214215597463937e-08,-4.7432343796150885e-09,1.8152744465054164e-07,9.283220286406207e-09
651.0,-1.5753191184852966e-07,-8.3622586282205e-09,-9.2851600380639e-08,-4.951415522380428e-09,1.8285984508332822e-07,9.716266317570889e-09
652.0,-1.5887476326192917e-07,-8.741397017340134e-09,-9.374620317526006e-08,-5.1592679797659896e-09,1.8447097606754072e-07,1.014843019878131e-08
653.0,-1.6045176218226764e-07,-9.119492585421501e-09,-9.479927778888175e-08,-5.3666706995196515e-09,1.8636435028376148e-07,1.0579468714340075e-08
654.0,-1.616175724639124e-07,-9.496331583489911e-09,-9.554440986991874e-08,-5.573500709294897e-09,1.8774710114012147e-07,1.1009135252129413e-08
655.0,-1.6240181445470458e-07,-9.871697669348179e-09,-9.597818574624828e-08,-5.7796332499638895e-09,1.8864294706487605e-07,1.1437180056999788e-08
656.0,-1.6312408647467525e-07,-1.0245372136102385e-08,-9.639462009158883e-08,-5.984941917032061e-09,1.8947662222764863e-07,1.1863350499592499e-08
657.0,-1.6365480180746683e-07,-1.0617134152748723e-08,-9.666439575173325e-08,-6.189298809443372e-09,1.9007077513570822e-07,1.2287391359304967e-08
658.0,-1.640379403006209e-07,-1.0986761015813454e-08,-9.682036364311308e-08,-6.392574685125186e-09,1.9047999546948421e-07,1.2709045120199255e-08
659.0,-1.6452908185859982e-07,-1.1354028411154568e-08,-9.709545510661055e-08,-6.594639122711155e-09,1.9104278625374388e-07,1.3128052278800102e-08
660.0,-1.6501571432903095e-07,-1.1718710685175164e-08,-9.736107398072846e-08,-6.795360688984451e-09,1.9159688072148052e-07,1.3544151662903518e-08
661.0,-1.6536201168093623e-07,-1.2080581124849743e-08,-9.754618428281514e-08,-6.994607111691522e-09,1.9198920015277687e-07,1.3957080760701964e-08
662.0,-1.655279946721766e-07,-1.2439412246116775e-08,-9.762355485110064e-08,-7.192245457482399e-09,1.9217147416294122e-07,1.4366576059716947e-08
663.0,-1.6579762922297459e-07,-1.279497609033815e-08,-9.780797180503065e-08,-7.388142314834753e-09,1.9249741090355637e-07,1.4772373395208189e-08
664.0,-1.6596875510033193e-07,-1.3147044528663909e-08,-9.787350369050429e-08,-7.582163981912944e-09,1.92678100453085e-07,1.5174208307894902e-08
665.0,-1.6596564558768456e-07,-1.349538957426149e-08,-9.778868589882528e-08,-7.774176659397101e-09,1.9263235087896328e-07,1.557181641097149e-08
666.0,-1.658240981194936e-07,-1.3839783702465475e-08,-9.760436109340631e-08,-7.964046648386199e-09,1.9241684651192966e-07,1.596493376651823e-08
667.0,-1.6558065314697945e-07,-1.4180000178968647e-08,-9.736588109376942e-08,-8.151640553528355e-09,1.9208609397284948e-07,1.6353297271488548e-08
668.0,-1.6535191588173959e-07,-1.4515813396199701e-08,-9.716396748293832e-08,-8.336825491553782e-09,1.9178658102898487e-07,1.67366450534867e-08
669.0,-1.6526486762424852e-07,-1.4846999218006174e-08,-9.704232475926666e-08,-8.519469305372206e-09,1.916499132938582e-07,1.71147168765199e-08
670.0,-1.653748533531063e-07,-1.5173335332673517e-08,-9.708038375966233e-08,-8.69944078383967e-09,1.917640295584256e-07,1.7487254556804564e-08
671.0,-1.6573233702077417e-07,-1.5494601614157427e-08,-9.727014797789035e-08,-8.87660988719616e-09,1.9216838767603833e-07,1.7854002388521115e-08
672.0,-1.6603987945673637e-07,-1.581058049118994e-08,-9.741515764882802e-08,-9.050847978028275e-09,1.9250702457249075e-07,1.8214707579150794e-08
673.0,-1.664012884289301e-07,-1.6121057323651204e-08,-9.75784725659734e-08,-9.22202805742855e-09,1.9290139216479598e-07,1.8569120693703597e-08
674.0,-1.6681361673931416e-07,-1.642582078529404e-08,-9.779094596595872e-08,-9.390025005815091e-09,1.933645568416504e-07,1.8916996106778415e-08
675.0,-1.674532181805688e-07,-1.6724663251581164e-08,-9.816359029801713e-08,-9.554715827651909e-09,1.9410479318972558e-07,1.925809246100131e-08
676.0,-1.684151198777517e-07,-1.7017381191057246e-08,-9.87680066066865e-08,-9.715979899077885e-09,1.9524029228746802e-07,1.9592173129978814e-08
677.0,-1.6972050548291762e-07,-1.73037755583398e-08,-9.963631392162497e-08,-9.873699217218146e-09,1.968056021389271e-07,1.9919006683493067e-08
678.0,-1.7108862311598916e-07,-1.7583652186489304e-08,-1.0054924989844061e-07,-1.002775864972518e-08,1.9844764703786245e-07,2.023836735227194e-08
679.0,-1.721691918338264e-07,-1.7856822176231073e-08,-1.012593828786379e-07,-1.0178046182894181e-08,1.9973906287372907e-07,2.0550035489316302e-08
680.0,-1.731069343424707e-07,-1.812310227927379e-08,-1.0187520584070686e-07,-1.0324453166535314e-08,2.0085957353966192e-07,2.085379802448836e-08
681.0,-1.739877282663782e-07,-1.8382315272820948e-08,-1.0243230480488918e-07,-1.0466874553679093e-08,2.019012299490441e-07,2.1149448908883022e-08
682.0,-1.7470249240314484e-07,-1.863429032230916e-08,-1.0283971837998784e-07,-1.0605209133145129e-08,2.027238726157975e-07,2.143678954542722e-08
683.0,-1.754205380954943e-07,-1.887886332942556e-08,-1.0324881101475558e-07,-1.073935975301548e-08,2.0355019568075457e-07,2.1715629202173412e-08
684.0,-1.7608222266374263e-07,-1.9115877262544576e-08,-1.0363950822545043e-07,-1.086923353311319e-08,2.0431861590030666e-07,2.1985785404859554e-08
685.0,-1.765764656713742e-07,-1.934518246687055e-08,-1.0394316829476224e-07,-1.099474206468502e-08,2.0489858580319012e-07,2.2247084305483787e-08
686.0,-1.7694500488441012e-07,-1.956663695176797e-08,-1.0418300638859179e-07,-1.1115801595617506e-08,2.053378522672069e-07,2.249936102387634e-08
687.0,-1.7735172497257423e-07,-1.9780106652996658e-08,-1.0445443356099648e-07,-1.1232333199671002e-08,2.0582605044380617e-07,2.2742459959533044e-08
688.0,-1.77695442249437e-07,-1.998546566783693e-08,-1.046623063633012e-07,-1.134426292839245e-08,2.0622771047923826e-07,2.297623507129501e-08
689.0,-1.7779840326415108e-07,-2.0182596461379898e-08,-1.046772251100947e-07,-1.1451521944559403e-08,2.0632400165766252e-07,2.3200550122806217e-08
690.0,-1.7773454565050972e-07,-2.0371390042561986e-08,-1.0457903182325978e-07,-1.1554046636210323e-08,2.0621916160891428e-07,2.341527889204546e-08
691.0,-1.7754059576657877e-07,-2.0551746108831815e-08,-1.0440442375914127e-07,-1.1651778710523856e-08,2.0596345997683683e-07,2.362030534360079e-08
692.0,-1.7724766157578564e-07,-2.0723573158640718e-08,-1.0416251894351802e-07,-1.1744665267014262e-08,2.055883359695851e-07,2.3815523762719575e-08
693.0,-1.7703773297350622e-07,-2.0886788571231852e-08,-1.0397527552830077e-07,-1.1832658849700885e-08,2.0531248578102734e-07,2.4000838850508455e-08
694.0,-1.7701794427504858e-07,-2.1041318653452003e-08,-1.039292861076957e-07,-1.1915717478075972e-08,2.0527213426624537e-07,2.417616577995668e-08
695.0,-1.771637628406042e-07,-2.1187098653514345e-08,-1.0400675552746375e-07,-1.1993804656829586e-08,2.0543710487443951e-07,2.4341430212700337e-08
696.0,-1.772976631203571e-07,-2.1324072741795724e-08,-1.0406675374219354e-07,-1.2066889364390812e-08,2.0558295304421034e-07,2.4496568276629978e-08
697.0,-1.7736044530258788e-07,-2.145219395886346e-08,-1.0407181171012692e-07,-1.213494602041433e-08,2.0563965947880865e-07,2.4641526504575364e-08
698.0,-1.774652121089293e-07,-2.1571424131003887e-08,-1.0409549185130818e-07,-1.2197954432387884e-08,2.0574200575631859e-07,2.4776261734391412e-08
699.0,-1.7772598739917989e-07,-2.168173375357766e-08,-1.0421725915588098e-07,-1.2255899721565896e-08,2.0602855069862892e-07,2.490074097082985e-08
700.0,-1.7823904163716264e-07,-2.178310184256128e-08,-1.0451509079023591e-07,-1.2308772228451385e-08,2.066217804749186e-07,2.50149412096194e-08
701.0,-1.7901183177460034e-07,-2.1875515754655396e-08,-1.050308884031903e-07,-1.2356567398055206e-08,2.0754932771286258e-07,2.511884922419901e-08
702.0,-1.7992142657685672e-07,-2.1958970976356603e-08,-1.0567318023402272e-07,-1.2399285645163546e-08,2.0865891009545578e-07,2.521246131556347e-08
703.0,-1.80750299130783e-07,-2.2033470882415463e-08,-1.0625841351252774e-07,-1.2436932199851801e-08,2.096700290410312e-07,2.5295783025706895e-08
704.0,-1.8143546079429917e-07,-2.2099026464158603e-08,-1.0673084552270673e-07,-1.2469516933509452e-08,2.1050011833638375e-07,2.5368828815210467e-08
705.0,-1.8201453176602822e-07,-2.2155656028254746e-08,-1.0711608243452186e-07,-1.249705416570026e-08,2.111945664313497e-07,2.54316217056391e-08
706.0,-1.8247890702649538e-07,-2.2203384866663667e-08,-1.0739411565596768e-07,-1.2519562452283458e-08,2.1173579665968555e-07,2.5484192887600032e-08
707.0,-1.8284278342772797e-07,-2.224224489872327e-08,-1.0759299153006996e-07,-1.2537064355365269e-08,2.1215026579759154e-07,2.5526581295575743e-08
708.0,-1.8312947826226722e-07,-2.2272274286596596e-08,-1.0775571075705148e-07,-1.2549586195830497e-08,2.124798790694487e-07,2.5558833150964714e-08
709.0,-1.8327606869650293e-07,-2.2293517025606665e-08,-1.0784353918213974e-07,-1.2557157789412355e-08,2.1265076134398148e-07,2.558100147513311e-08
710.0,-1.8328156241309568e-07,-2.230602251132162e-08,-1.078442216084774e-07,-1.2559812167486008e-08,2.1265584227790185e-07,2.559314557468395e-08
711.0,-1.8320939096372335e-07,-2.230984508560452e-08,-1.0780708831203967e-07,-1.2557585284009379e-08,2.1257480854423545e-07,2.559533050157438e-08
712.0,-1.8307266223815954e-07,-2.2305043564199766e-08,-1.0773228169280724e-07,-1.2550515710276098e-08,2.1241902969768414e-07,2.5587626491142387e-08
713.0,-1.8277777169561915e-07,-2.229168074878009e-08,-1.0754684359737254e-07,-1.2538644319383156e-08,2.1207083107719833e-07,2.557010838152776e-08
714.0,-1.8230089358917123e-07,-2.2269822926711867e-08,-1.0722871925106237e-07,-1.2522013962542764e-08,2.1149849653279686e-07,2.5542855018375307e-08
715.0,-1.8162879693306433e-07,-2.2239539362101785e-08,-1.0675696678064117e-07,-1.2500669139577599e-08,2.106800176370679e-07,2.5505948649077354e-08
716.0,-1.8075446993337518e-07,-2.2200901781951376e-08,-1.061199705054694e-07,-1.2474655666122784e-08,2.0960349839870787e-07,2.545947431113335e-08
717.0,-1.7978497840465124e-07,-2.2153983861454208e-08,-1.054008272466378e-07,-1.244402034020661e-08,2.0840338971388275e-07,2.5403519219458874e-08
718.0,-1.7891866339880824e-07,-2.2098860712606102e-08,-1.0476746693799388e-07,-1.2408810610982513e-08,2.0733574279660438e-07,2.533817215764455e-08
719.0,-1.782737017036462e-07,-2.203560838034568e-08,-1.0432086132439178e-07,-1.236907425242421e-08,2.0655351564808479e-07,2.5263522878225346e-08
720.0,-1.7785272354853277e-07,-2.1964303350387836e-08,-1.040429118415176e-07,-1.2324859044764147e-08,2.0604979684069727e-07,2.5179661516957786e-08
721.0,-1.7760522531828915e-07,-2.188502207275344e-08,-1.0388457820365016e-07,-1.2276212466349393e-08,2.0575621897991458e-07,2.5086678025911388e-08
722.0,-1.7748145275664484e-07,-2.1797840504741632e-08,-1.0379676285143802e-07,-1.2223181398414456e-08,2.0560504383659175e-07,2.498466162987059e-08
723.0,-1.774435459261925e-07,-2.170283367675272e-08,-1.0374855449746256e-07,-1.2165811845039343e-08,2.0554798600612398e-07,2.487370031013471e-08
724.0,-1.7755067845126593e-07,-2.1600075283969892e-08,-1.0379897617818212e-07,-1.2104148670288327e-08,2.0566592054626757e-07,2.475388031932041e-08
725.0,-1.7795263691777752e-07,-2.1489637306465635e-08,-1.0407745519580569e-07,-1.2038235354223579e-08,2.061534808486757e-07,2.4625285730237313e-08
726.0,-1.7869612124743472e-07,-2.137158965983251e-08,-1.0461398847194658e-07,-1.1968113769169858e-08,2.0706614965485416e-07,2.448799802134423e-08
727.0,-1.7962100205826115e-07,-2.1245999877964926e-08,-1.0526907409658115e-07,-1.1893823977283548e-08,2.0819529855778527e-07,2.4342095700722055e-08
728.0,-1.8057255440906417e-07,-2.1112932829161316e-08,-1.0593282130655357e-07,-1.1815404050166655e-08,2.0935188089859774e-07,2.4187653969946927e-08
729.0,-1.8145904401301038e-07,-2.097245046629961e-08,-1.0655250642921388e-07,-1.173288991098199e-08,2.1043008644313032e-07,2.4024744428743848e-08
730.0,-1.8217220180971605e-07,-2.082461161148782e-08,-1.0705660531684646e-07,-1.164631519928742e-08,2.113003262045919e-07,2.38534348208777e-08
731.0,-1.8269036997087262e-07,-2.0669471775323997e-08,-1.0742096079319197e-07,-1.1555711158627607e-08,2.119316731822471e-07,2.3673788821416847e-08
732.0,-1.8307744027723505e-07,-2.0507083010722897e-08,-1.0768762084834016e-07,-1.1461106546805656e-08,2.124005009938546e-07,2.34858658652932e-08
733.0,-1.8333902739031682e-07,-2.0337493801176907e-08,-1.0786407970975187e-07,-1.1362527568701991e-08,2.1271544056804866e-07,2.3289721016977325e-08
734.0,-1.8342142112104387e-07,-2.0160748983305494e-08,-1.0792114842061995e-07,-1.1259997831505791e-08,2.128153941858737e-07,2.3085404881074623e-08
735.0,-1.832972267995503e-07,-1.997688970359576e-08,-1.0785590744133433e-07,-1.1153538322264807e-08,2.1267526918379452e-07,2.2872963553710643e-08
736.0,-1.8295931010492428e-07,-1.9785953409331138e-08,-1.076569397656657e-07,-1.1043167407731376e-08,2.1228312658753173e-07,2.2652438614691635e-08
737.0,-1.8238940729942144e-07,-1.9587973873829567e-08,-1.0729542504472889e-07,-1.0928900856574558e-08,2.1160861071932607e-07,2.2423867160580146e-08
738.0,-1.8164456030977938e-07,-1.9382981256248625e-08,-1.0679887464670745e-07,-1.0810751884128459e-08,2.107148450298085e-07,2.2187281878993465e-08
739.0,-1.8075050578492124e-07,-1.917100219634287e-08,-1.0619097438879788e-07,-1.0688731219942124e-08,2.0963603789221732e-07,2.1942711164591274e-08
740.0,-1.7969127888428638e-07,-1.8952059944657454e-08,-1.0546332220029431e-07,-1.0562847198472642e-08,2.0835418891059875e-07,2.1690179277342547e-08
741.0,-1.7850738802394073e-07,-1.8726174528690967e-08,-1.046490643863418e-07,-1.0433105873306267e-08,2.0692103386573934e-07,2.1429706543725748e-08
742.0,-1.7733775950490305e-07,-1.849336295554094e-08,-1.0385596595219315e-07,-1.0299511155288753e-08,2.0551093063407097e-07,2.11613096014977e-08
743.0,-1.7629316353962032e-07,-1.8253639451441112e-08,-1.0316555994205334e-07,-1.0162064974883696e-08,2.0426064787169534e-07,2.0885001688544823e-08
744.0,-1.7541537443432897e-07,-1.800701573839836e-08,-1.0259184134164823e-07,-1.0020767468947747e-08,2.032132857315332e-07,2.0600792976091228e-08
745.0,-1.7471958514703179e-07,-1.7753501347832794e-08,-1.0213000356529278e-07,-9.8756171919097e-09,2.0237952233908847e-07,2.030869094617328e-08
746.0,-1.742064772297658e-07,-1.7493103970719186e-08,-1.0177546004574989e-07,-9.726611351068674e-09,2.017576292890282e-07,2.000870081280317e-08
747.0,-1.7383794599645785e-07,-1.72258298432319e-08,-1.0151021342941213e-07,-9.573746065392342e-09,2.0130562560135322e-07,1.9700825985647026e-08
748.0,-1.7366115324934928e-07,-1.695168416632506e-08,-1.0138087490341174e-07,-9.417016646810657e-09,2.0108773693110973e-07,1.9385068574355968e-08
749.0,-1.7383559118566705e-07,-1.6670671557054502e-08,-1.0150985067791662e-07,-9.256417902576287e-09,2.0130340918008144e-07,1.9061429930934613e-08
750.0,-1.744826793464993e-07,-1.6382796528789076e-08,-1.0197903975439626e-07,-9.091944456813713e-09,2.020988123200184e-07,1.8729911226735776e-08
751.0,-1.7551167201534934e-07,-1.6088063996790055e-08,-1.0271552192131495e-07,-8.92359108892033e-09,2.033588588116871e-07,1.8390514059861234e-08
752.0,-1.7674226326924725e-07,-1.5786479804987797e-08,-1.0359564427131485e-07,-8.751353086035128e-09,2.0486552940288592e-07,1.8043241087961545e-08
753.0,-1.7805208021859364e-07,-1.5478051269189844e-08,-1.0453690212075539e-07,-8.57522660637866e-09,2.0647156505236478e-07,1.7688096680706213e-08
754.0,-1.7934620427650927e-07,-1.5162787731452413e-08,-1.0547183339204569e-07,-8.395209049919143e-09,2.0806097334067923e-07,1.7325087585585974e-08
755.0,-1.805670115512248e-07,-1.4840701119972027e-08,-1.0634994247749052e-07,-8.211299432558123e-09,2.095584785340495e-07,1.6954223600252898e-08
756.0,-1.8169720887584173e-07,-1.4511806508630284e-08,-1.0714927445309996e-07,-8.023498759872425e-09,2.1093800683873213e-07,1.6575518244331737e-08
757.0,-1.826712487107418e-07,-1.4176122670265074e-08,-1.0783136673853111e-07,-7.83181039640637e-09,2.121235224067366e-07,1.6188989423562845e-08
758.0,-1.834153619262313e-07,-1.3833672617848925e-08,-1.0836235578293163e-07,-7.636240426581006e-09,2.1303425814022748e-07,1.579466007926638e-08
759.0,-1.8386634136058344e-07,-1.3484484128024369e-08,-1.0871100003528866e-07,-7.436798003471715e-09,2.135998900140146e-07,1.5392558816443205e-08
760.0,-1.839777530043829e-07,-1.3128590241865773e-08,-1.0883772434688854e-07,-7.233495681993003e-09,2.1376029528785514e-07,1.498272050433516e-08
761.0,-1.837571093343815e-07,-1.2766029738289219e-08,-1.0872928453420361e-07,-7.02634973340734e-09,2.135151810674071e-07,1.4565186843935055e-08
762.0,-1.832193366191337e-07,-1.239684757619251e-08,-1.0838553017589181e-07,-6.8153804385268145e-09,2.1287730847289615e-07,1.4140006897735145e-08
763.0,-1.8237379852126256e-07,-1.2021095302146393e-08,-1.0781647050150944e-07,-6.60061235748242e-09,2.1185984446911343e-07,1.3707237577896438e-08
764.0,-1.8119715441966555e-07,-1.1638831421242167e-08,-1.0701484375041925e-07,-6.382074574473295e-09,2.1043903048795575e-07,1.3266944089969614e-08
765.0,-1.7973466766296742e-07,-1.125012172949489e-08,-1.0602304449658373e-07,-6.159800916452536e-09,2.086754339260899e-07,1.2819200330258684e-08
766.0,-1.7818007136405356e-07,-1.0855039606970214e-08,-1.0498584117335508e-07,-5.933830145232539e-09,2.0680948884946298e-07,1.2364089235848217e-08
767.0,-1.7668907746626328e-07,-1.0453666271512717e-08,-1.0401044307772889e-07,-5.704206122976871e-09,2.0502975970601112e-07,1.1901703087172142e-08
768.0,-1.7533302425210007e-07,-1.0046090993574314e-08,-1.0313435967745921e-07,-5.4709779514664384e-09,2.0341672876011706e-07,1.1432143763750539e-08
769.0,-1.7409687642910843e-07,-9.632411273150313e-09,-1.0234121625152248e-07,-5.234200085870246e-09,2.0194911964703668e-07,1.0955522954333267e-08
770.0,-1.729475749973064e-07,-9.21273298021668e-09,-1.0160943469950112e-07,-4.99393242400834e-09,2.0058748943391536e-07,1.0471962323152357e-08
771.0,-1.7183645605045594e-07,-8.787170460324457e-09,-1.0089957837300378e-07,-4.7502403722674325e-09,1.992698987399507e-07,9.981593634299004e-09
772.0,-1.707599312228414e-07,-8.355846607153295e-09,-1.0019899554514211e-07,-4.5031948894239424e-09,1.979868501175897e-07,9.484558836414493e-09
773.0,-1.698537723388016e-07,-7.918892903865313e-09,-9.960540393871842e-08,-4.252872509651628e-09,1.969049021012852e-07,8.981010109929773e-09
774.0,-1.6924609280710712e-07,-7.476449435042672e-09,-9.922152120755978e-08,-3.999355345948222e-09,1.9618651890793656e-07,8.471109879016693e-09
775.0,-1.689399046905793e-07,-7.0286648708469916e-09,-9.905734846271663e-08,-3.742731075113468e-09,1.958393466117728e-07,7.955030790237079e-09
776.0,-1.6884807735317864e-07,-6.575696424818895e-09,-9.905673345467214e-08,-3.4830929052580686e-09,1.9575982649301405e-07,7.432955659608859e-09
777.0,-1.6888727891184452e-07,-6.117709786460552e-09,-9.915814477845508e-08,-3.2205395266316195e-09,1.9584496586369593e-07,6.905077389473907e-09
778.0,-1.690146170935103e-07,-5.654879029437376e-09,-9.93134877946833e-08,-2.9551750463448342e-09,1.960334401300212e-07,6.371598856180139e-09
779.0,-1.6919650877578185e-07,-5.187386495923036e-09,-9.948250383196022e-08,-2.6871089073455093e-09,1.9627589549047842e-07,5.8327327692119985e-09
780.0,-1.6941943173365281e-07,-4.715422657317482e-09,-9.965206793083325e-08,-2.4164557918055457e-09,1.965540090963429e-07,5.288701502047178e-09
781.0,-1.69663339946724e-07,-4.2391859513083215e-09,-9.982257992424692e-08,-2.1433355089000514e-09,1.9685069566707225e-07,4.739736894704527e-09
782.0,-1.6993324118697029e-07,-3.758882595033867e-09,-1.0002268047148988e-07,-1.8678728668170275e-09,1.9718479421347575e-07,4.186080027693108e-09
783.0,-1.7025460521957747e-07,-3.274726373950066e-09,-1.0028600824774081e-07,-1.5901975287316857e-09,1.9759532901549093e-07,3.627980966884774e-09
784.0,-1.7061671885032492e-07,-2.7869384059091523e-09,-1.0060369973197147e-07,-1.3104438524157444e-09,1.9806859708447348e-07,3.065698478719125e-09
785.0,-1.7097935477161652e-07,-2.295746879930068e-09,-1.009322217332409e-07,-1.0287507131314943e-09,1.9854786108675765e-07,2.4994997151151874e-09
786.0,-1.7127113387249704e-07,-1.8013867691834714e-09,-1.012070036665591e-07,-7.452613094865738e-10,1.9893883202917854e-07,1.9296598675144027e-09
787.0,-1.7138624759660548e-07,-1.3040995178310716e-09,-1.0134451546017775e-07,-4.6012295200197557e-10,1.9910790210110487e-07,1.3564617896191057e-09
788.0,-1.71203442700385e-07,-8.041327015514329e-10,-1.0126217553363404e-07,-1.7348683427540762e-10,1.9890863979794473e-07,7.8019558862218e-10
789.0,-1.707109140575147e-07,-3.0173966184893434e-10,-1.0095253571984486e-07,1.1449221319670214e-10,1.9832707996292066e-07,2.0115818504356413e-10
790.0,-1.7002038349422932e-07,2.0282088543094584e-10,-1.0049858778504728e-07,4.036559862496917e-10,1.9750163784210414e-07,-3.8034715831491853e-10
791.0,-1.692482744092283e-07,7.09285266586719e-10,-9.999060064658227e-08,6.938431867882939e-10,1.965784795143297e-07,-9.640113373358217e-10
792.0,-1.6845046629798688e-07,1.2173852903629809e-09,-9.947699705636914e-08,9.848897182162627e-10,1.956303466729078e-07,-1.5495199360398132e-09
793.0,-1.6763667597119447e-07,1.7268487105007544e-09,-9.897076051756937e-08,1.2766289954776593e-09,1.9467220286444935e-07,-2.136553782626487e-09
794.0,-1.6678328096375594e-07,2.2373997086061067e-09,-9.845706452904501e-08,1.568892268383086e-09,1.9367616364620528e-07,-2.724789529765633e-09
795.0,-1.6584751763581984e-07,2.7487593950838155e-09,-9.788822456779922e-08,1.8615089566755607e-09,1.9258116111135966e-07,-3.3139002564127917e-09
796.0,-1.648065770659679e-07,3.260646325604972e-09,-9.722727702110578e-08,2.1543069951045194e-09,1.9134876859060178e-07,-3.9035560880889885e-09
797.0,-1.6372071875991878e-07,3.772777030350846e-09,-9.651205357119608e-08,2.4471131866251872e-09,1.900501255874193e-07,-4.493424832292519e-09
798.0,-1.6269966539306235e-07,4.284866553105875e-09,-9.583372784227606e-08,2.739753561727665e-09,1.8882606946913313e-07,-5.0831726255073834e-09
799.0,-1.6181664035108678e-07,4.7966289971668046e-09,-9.526545775850881e-08,3.032053741829865e-09,1.8777681575863192e-07,-5.672464588146031e-09
800.0,-1.6110388866008574e-07,5.3077780749984104e-09,-9.483586747849326e-08,3.3238393046456305e-09,1.869446567885791e-07,-6.260965483721103e-09
801.0,-1.605706728691203e-07,5.818027658599781e-09,-9.45430433940686e-08,3.614936149465682e-09,1.863365987664656e-07,-6.8483403785829494e-09
802.0,-1.6019954708623718e-07,6.327092327643784e-09,-9.43624444693647e-08,3.905170860361066e-09,1.8592516186054394e-07,-7.434255298681419e-09
803.0,-1.599384840261786e-07,6.834687912604604e-09,-9.424596425500198e-08,4.194371065428402e-09,1.8564110657649965e-07,-8.018377879997122e-09
804.0,-1.597216162663173e-07,7.340532030278735e-09,-9.414565044219003e-08,4.482365790331548e-09,1.8540333923613068e-07,-8.60037800952022e-09
805.0,-1.5950230988770464e-07,7.84434460931721e-09,-9.403467257640408e-08,4.768985804543278e-09,1.851580581721057e-07,-9.179928453913476e-09
806.0,-1.5929449020957165e-07,8.345848403606253e-09,-9.39301037783391e-08,5.054063958842924e-09,1.8492592843335103e-07,-9.75670547326264e-09
807.0,-1.591560050973051e-07,8.844769491549053e-09,-9.387993671339245e-08,5.337435512774516e-09,1.8478115833559433e-07,-1.0330389417578282e-08
808.0,-1.5911710650462485e-07,9.340837759505499e-09,-9.39099493030282e-08,5.618938450910643e-09,1.8476290796721472e-07,-1.090066530396061e-08
809.0,-1.591627617758551e-07,9.833787367835384e-09,-9.400565589845478e-08,5.898413786897504e-09,1.848508806498262e-07,-1.1467223372567471e-08
810.0,-1.5922232468601472e-07,1.0323357198158738e-08,-9.411675022663601e-08,6.17570585437358e-09,1.849586747131415e-07,-1.2029759619729917e-08
811.0,-1.5921337478963515e-07,1.0809291280589095e-08,-9.418017851703375e-08,6.450662583953388e-09,1.849832552892428e-07,-1.2587976306732566e-08
812.0,-1.5905255888737369e-07,1.1291339199804907e-08,-9.413106541455996e-08,6.723135765543849e-09,1.8481984191287913e-07,-1.3141582442908749e-08
813.0,-1.5871380466825347e-07,1.176925647889654e-08,-9.394208017043937e-08,6.992981295310216e-09,1.8443206396671315e-07,-1.3690294241787915e-08
814.0,-1.5823753726773582e-07,1.2242804939962003e-08,-9.364254631438751e-08,7.260059406631121e-09,1.838696404543183e-07,-1.4233835549074944e-08
815.0,-1.5769994085590433e-07,1.2711753040430066e-08,-9.32962219146738e-08,7.524234884382971e-09,1.8323060980498805e-07,-1.4771938241246076e-08
816.0,-1.5714086221141343e-07,1.3175876184076768e-08,-9.294484834554417e-08,7.785377261881452e-09,1.8257052174576988e-07,-1.530434259352896e-08
817.0,-1.565758865618161e-07,1.3634957005684141e-08,-9.260775553354694e-08,8.04336099979271e-09,1.8191262913162431e-07,-1.583079761601181e-08
818.0,-1.560037380526902e-07,1.4088785628280444e-08,-9.228541443528915e-08,8.29806564631833e-09,1.812560730124799e-07,-1.6351061356614226e-08
819.0,-1.5542251284583752e-07,1.4537159891908274e-08,-9.196247124920731e-08,8.5493759779625e-09,1.8059139962239568e-07,-1.686490116966036e-08
820.0,-1.5479546477958905e-07,1.4979885552895187e-08,-9.159644080714013e-08,8.797182120209762e-09,1.7986534931682902e-07,-1.737209394882988e-08
821.0,-1.5408986095422073e-07,1.541677645265441e-08,-9.115627859490605e-08,9.041379647478147e-09,1.7903394196677682e-07,-1.7872426323326028e-08
822.0,-1.5333068281719875e-07,1.5847654655122522e-08,-9.066647557731677e-08,9.281869661766192e-09,1.7813115417242597e-07,-1.836569481619585e-08
823.0,-1.5258135271922768e-07,1.6272350552050243e-08,-9.018498231538885e-08,9.518558849484643e-09,1.772410794168676e-07,-1.8851705963868587e-08
824.0,-1.5190509490559112e-07,1.6690702935505957e-08,-8.976083988587735e-08,9.751359516058542e-09,1.7644309630953193e-07,-1.933027639614983e-08
825.0,-1.5135148692668743e-07,1.710255903713353e-08,-8.942753397522818e-08,9.980189598006485e-09,1.7579691814081903e-07,-1.9801232876127594e-08
826.0,-1.509378301234321e-07,1.7507774533929294e-08,-8.91954852061394e-08,1.0204972652353975e-08,1.7532273994986698e-07,-2.0264412299714927e-08
827.0,-1.5061937744254017e-07,1.7906213520565988e-08,-8.903341414123744e-08,1.042563782341582e-08,1.7496612727846348e-07,-2.071966165487068e-08
828.0,-1.5034500260024952e-07,1.8297748448587704e-08,-8.889958830193834e-08,1.0642119787184198e-08,1.7466183500445417e-07,-2.1166837940897828e-08
829.0,-1.5010976003870802e-07,1.868226003312015e-08,-8.878269326662025e-08,1.085435867377691e-08,1.743998471402807e-07,-2.1605808048605206e-08
830.0,-1.4994179819982634e-07,1.905963712807351e-08,-8.870189094345449e-08,1.1062299968626669e-08,1.742141449605684e-07,-2.2036448602520565e-08
831.0,-1.4990142284398988e-07,1.9429776571151842e-08,-8.869727767535363e-08,1.1265894393320484e-08,1.7417704681636855e-07,-2.24586457667487e-08
832.0,-1.5000597262948556e-07,1.979258300031526e-08,-8.878979888826688e-08,1.1465097767222738e-08,1.7431414231535216e-07,-2.287229501646875e-08
833.0,-1.5024173813382724e-07,2.0147968643661266e-08,-8.898638539922565e-08,1.1659870851232136e-08,1.7461717173260204e-07,-2.3277300877450784e-08
834.0,-1.5059335770062354e-07,2.0495853084991408e-08,-8.927973767225428e-08,1.1850179175225889e-08,1.7506921757514795e-07,-2.3673576636333182e-08
835.0,-1.5103517521375398e-07,2.0836163007596854e-08,-8.964159063651334e-08,1.2035992850926827e-08,1.7563382055769783e-07,-2.4061044024725312e-08
836.0,-1.5148102278095266e-07,2.1168831919019513e-08,-9.000479316012555e-08,1.221728637208217e-08,1.7620261931810344e-07,-2.4439632880470133e-08
837.0,-1.5187228830093602e-07,2.1493799859711405e-08,-9.030637074247672e-08,1.239403840395693e-08,1.7669304612926984e-07,-2.4809280789602324e-08
838.0,-1.5214515289296848e-07,2.181101309861408e-08,-9.05094719172439e-08,1.2566231564212894e-08,1.7703138720453817e-07,-2.516993271265758e-08
839.0,-1.5234732819724428e-07,2.2120423818706337e-08,-9.0653514722705e-08,1.2733852197261256e-08,1.772787864929658e-07,-2.5521540599020166e-08
840.0,-1.5248624829489188e-07,2.2421989795521764e-08,-9.076321265399923e-08,1.2896890144143457e-08,1.7745426647541191e-07,-2.5864062992938673e-08
841.0,-1.5262131705662263e-07,2.27156740715226e-08,-9.08821408546201e-08,1.3055338509914705e-08,1.776311626557039e-07,-2.619746463470006e-08
842.0,-1.5277349713072041e-07,2.3001444629040622e-08,-9.102919855397129e-08,1.3209193430384595e-08,1.778371626374211e-07,-2.65217160602397e-08
843.0,-1.5290959531899517e-07,2.327927406426767e-08,-9.116868075753626e-08,1.335845383991519e-08,1.7802548326486417e-07,-2.683679320219044e-08
844.0,-1.5298065023094942e-07,2.3549139264504215e-08,-9.126341032894558e-08,1.3503121241792883e-08,1.7813503139459565e-07,-2.7142676995043898e-08
845.0,-1.5288917500078103e-07,2.381102109055871e-08,-9.12521370549646e-08,1.3643199482478848e-08,1.7805070162601856e-07,-2.7439352986717817e-08
846.0,-1.5258168224729918e-07,2.4064904065837307e-08,-9.109673378138172e-08,1.377869453080542e-08,1.777070191721523e-07,-2.7726810958398642e-08
847.0,-1.5209890880107935e-07,2.4310776073279745e-08,-9.082642331292856e-08,1.3909614262926109e-08,1.7715393653627443e-07,-2.8005044554065575e-08
848.0,-1.5147710416552052e-07,2.4548628060892865e-08,-9.046604411422354e-08,1.4035968253551971e-08,1.764353088926607e-07,-2.8274050920614665e-08
849.0,-1.5070150112539427e-07,2.4778453756225113e-08,-9.000172250528404e-08,1.4157767573726976e-08,1.755313433417672e-07,-2.8533830359007346e-08
850.0,-1.4973917927818547e-07,2.5000249389731653e-08,-8.939487466941287e-08,1.4275024595122445e-08,1.7439399481652057e-07,-2.8784385986390247e-08
851.0,-1.4854489156779227e-07,2.521401342662071e-08,-8.860274139377289e-08,1.4387752800578545e-08,1.7296251210415209e-07,-2.9025723408695643e-08
852.0,-1.4712588136678306e-07,2.541974630646653e-08,-8.762297368236638e-08,1.4495966600402455e-08,1.712419647308842e-07,-2.9257850402857967e-08
853.0,-1.4560398568785882e-07,2.5617450189642996e-08,-8.654860500501016e-08,1.459968115376214e-08,1.6938471500257472e-07,-2.9480776607495784e-08
854.0,-1.4414454037325886e-07,2.5807128709495336e-08,-8.550229865789127e-08,1.4698912194407395e-08,1.6759561926017425e-07,-2.9694513220736276e-08
855.0,-1.429221572202266e-07,2.5988786729145618e-08,-8.461302798690173e-08,1.4793675859922008e-08,1.660906605730599e-07,-2.98990727038266e-08
856.0,-1.420827379916556e-07,2.6162430101937647e-08,-8.400111832507218e-08,1.4883988523775918e-08,1.6505663365968735e-07,-3.009446848930412e-08
857.0,-1.4174821705292828e-07,2.6328065434773714e-08,-8.377477998811056e-08,1.4969866629610586e-08,1.6465348705612158e-07,-3.0280714692793614e-08
858.0,-1.4194817449242336e-07,2.648569985397283e-08,-8.396136359778428e-08,1.5051326527450306e-08,1.6492057124243417e-07,-3.0457825827956595e-08
859.0,-1.4262965687683593e-07,2.663534077376355e-08,-8.451056517089217e-08,1.5128384311870684e-08,1.6578677464233256e-07,-3.062581652470634e-08
860.0,-1.4370295157994928e-07,2.6776995668078067e-08,-8.533713687086664e-08,1.520105566254653e-08,1.6713158056485396e-07,-3.0784701251477856e-08
861.0,-1.4497687729486675e-07,2.6910671846891506e-08,-8.628797117105069e-08,1.5269355688009585e-08,1.687125037422743e-07,-3.093449404304689e-08
862.0,-1.4626529026839918e-07,2.7036376238901916e-08,-8.72133182339141e-08,1.5333298773835528e-08,1.7029297699749405e-07,-3.1075208236064885e-08
863.0,-1.4742275648849112e-07,2.7154115182827155e-08,-8.80187428636825e-08,1.5392898436815303e-08,1.716996453868441e-07,-3.120685621506156e-08
864.0,-1.4841426705658467e-07,2.726389422996941e-08,-8.868430347030998e-08,1.5448167186923136e-08,1.7289216392872543e-07,-3.132944917212034e-08
865.0,-1.4926773597712106e-07,2.736571796094563e-08,-8.923672256688775e-08,1.5499116399059257e-08,1.739081644380597e-07,-3.144299688372904e-08
866.0,-1.5004339885826834e-07,2.745958981959689e-08,-8.973105181109275e-08,1.5545756196617047e-08,1.7482758134821408e-07,-3.1547507508443846e-08
867.0,-1.5078766024689827e-07,2.7545511967077163e-08,-9.020737666565193e-08,1.5588095348908737e-08,1.7571081152744366e-07,-3.1642987408985657e-08
868.0,-1.5149160265126582e-07,2.7623485158994203e-08,-9.067094117187757e-08,1.562614118439112e-08,1.7655289645554697e-07,-3.1729441002230665e-08
869.0,-1.521231294959735e-07,2.769350864824438e-08,-9.110366092079936e-08,1.5659899521473147e-08,1.7731701430156302e-07,-3.180687064027723e-08
870.0,-1.5263967842460424e-07,2.77555801158606e-08,-9.147035577583562e-08,1.568937461846855e-08,1.7794858081851773e-07,-3.1875276525381716e-08
871.0,-1.530342600142287e-07,2.780969563178603e-08,-9.176404493216328e-08,1.5714569143984477e-08,1.784380135520866e-07,-3.193465666106755e-08
872.0,-1.533164969563794e-07,2.7855849647005484e-08,-9.199009129434721e-08,1.5735484168716374e-08,1.7879632304753312e-07,-3.19850068411345e-08
873.0,-1.5346841127084065e-07,2.7894035017920963e-08,-9.213050009004853e-08,1.57521191792554e-08,1.789988332499358e-07,-3.2026320677640395e-08
874.0,-1.5342011501495723e-07,2.7924243063260888e-08,-9.212878569753169e-08,1.576447211411502e-08,1.7895654457243084e-07,-3.205858966820989e-08
875.0,-1.5308415604597947e-07,2.7946463653178247e-08,-9.191631651639387e-08,1.5772539421756346e-08,1.7855914447110148e-07,-3.20818033022615e-08
876.0,-1.5240898476598375e-07,2.7960685329537986e-08,-9.145537761823253e-08,1.577631613994831e-08,1.777430300537587e-07,-3.2095949204954324e-08
877.0,-1.5144296106051058e-07,2.796689545573865e-08,-9.077584076089273e-08,1.577579599535189e-08,1.7656506936713807e-07,-3.210101331686416e-08
878.0,-1.5030042105346197e-07,2.7965080393781913e-08,-8.996144902628789e-08,1.5770971521784836e-08,1.7516643194333024e-07,-3.209698010663465e-08
879.0,-1.4910398561662763e-07,2.7955225705725683e-08,-8.910414496521302e-08,1.5761834195225592e-08,1.736995888790333e-07,-3.2083832813149066e-08
880.0,-1.4795904770825707e-07,2.793731637616239e-08,-8.828603403898683e-08,1.574837458327461e-08,1.7229713754171144e-07,-3.206155371316927e-08
881.0,-1.4697648820227727e-07,2.791133705198041e-08,-8.759563335791754e-08,1.5730582506527482e-08,1.7109962906929068e-07,-3.203012440992401e-08
882.0,-1.462347146152787e-07,2.7877272295412408e-08,-8.709343522761426e-08,1.5708447209141402e-08,1.702053413332221e-07,-3.19895261378217e-08
883.0,-1.4574204411366143e-07,2.7835106846257043e-08,-8.677528123834932e-08,1.568195753579977e-08,1.6961925850687784e-07,-3.1939740078322705e-08
884.0,-1.454731229644235e-07,2.7784825889177033e-08,-8.660143226146833e-08,1.5651102112296394e-08,1.6929925450148907e-07,-3.188074768202904e-08
885.0,-1.453815530322311e-07,2.7726415322113613e-08,-8.653574154471322e-08,1.5615869527060815e-08,1.6918696913993356e-07,-3.181253099221823e-08
886.0,-1.454598592409706e-07,2.7659862022096082e-08,-8.658341144052173e-08,1.5576248511114887e-08,1.692786394885121e-07,-3.1735072965339444e-08
887.0,-1.456824108569954e-07,2.7585154105042182e-08,-8.673309034867849e-08,1.553222811417178e-08,1.6954643551115558e-07,-3.1648357784375516e-08
888.0,-1.4599528358472114e-07,2.750228117651946e-08,-8.694511495488388e-08,1.548379787484657e-08,1.6992373537414107e-07,-3.155237116142835e-08
889.0,-1.4639459453014148e-07,2.7411234570848374e-08,-8.720471840473198e-08,1.5430947983229387e-08,1.7039964853160093e-07,-3.1447100626381906e-08
890.0,-1.4688565945497611e-07,2.731200757635808e-08,-8.751814986607265e-08,1.537366943436549e-08,1.7098193913248138e-07,-3.133253579901695e-08
891.0,-1.474830230163704e-07,2.7204595645040293e-08,-8.789896330241298e-08,1.5311954171482208e-08,1.7169003997811342e-07,-3.120866864247622e-08
892.0,-1.4812413172415884e-07,2.7088996585273195e-08,-8.831552715526936e-08,1.5245795218091764e-08,1.724540249914425e-07,-3.107549369649303e-08
893.0,-1.487817442857864e-07,2.696521073669526e-08,-8.874911512635197e-08,1.517518679837521e-08,1.732409099157344e-07,-3.09330082892883e-08
894.0,-1.494950299663067e-07,2.6833241126688723e-08,-8.921450683763155e-08,1.5100124445509257e-08,1.7409190737914484e-07,-3.0781212727498424e-08
895.0,-1.5023804247893402e-07,2.6693093608275647e-08,-8.969304723938087e-08,1.5020605097829985e-08,1.749751757564135e-07,-3.062011046391044e-08
896.0,-1.509863112592047e-07,2.654477697953032e-08,-9.017473584504998e-08,1.4936627182930357e-08,1.758645762295124e-07,-3.0449708243142837e-08
897.0,-1.517157684483017e-07,2.6388303084864964e-08,-9.06577470871639e-08,1.4848190689959175e-08,1.7673851165713394e-07,-3.0270016225715716e-08
898.0,-1.5241196854587358e-07,2.622368689874837e-08,-9.113173431163357e-08,1.4755297230525111e-08,1.7757928132153968e-07,-3.008104809119739e-08
899.0,-1.530061949361894e-07,2.6050946592566795e-08,-9.153804728101456e-08,1.4657950088709428e-08,1.782978120697852e-07,-2.9882821121294406e-08
900.0,-1.5345809235844943e-07,2.5870103585433776e-08,-9.183743744645145e-08,1.4556154260754607e-08,1.788393162227626e-07,-2.9675356263868346e-08
901.0,-1.5374368186882315e-07,2.5681182579802975e-08,-9.200516469520803e-08,1.4449916485024739e-08,1.791705055112985e-07,-2.945867817891776e-08
902.0,-1.5386698043462488e-07,2.548421158274269e-08,-9.203829666459828e-08,1.4339245262830954e-08,1.7929332313555303e-07,-2.923281526756665e-08
903.0,-1.5388481447442537e-07,2.5279221913702515e-08,-9.198141591448827e-08,1.4224150870688416e-08,1.7927943830641147e-07,-2.899779968506256e-08
904.0,-1.5385303535342398e-07,2.5066248199555828e-08,-9.189207551829615e-08,1.4104645364530736e-08,1.7920633367859008e-07,-2.8753667338726606e-08
905.0,-1.538730146216638e-07,2.4845328357651506e-08,-9.184501964520919e-08,1.3980742576364936e-08,1.7919936457026746e-07,-2.850045787173261e-08
906.0,-1.5399008190808416e-07,2.4616503567569407e-08,-9.18766069474275e-08,1.3852458103816323e-08,1.7931607911793786e-07,-2.8238214633541747e-08
907.0,-1.5419286461537673e-07,2.4379818232256135e-08,-9.19790753006744e-08,1.3719809292996285e-08,1.7954272413958474e-07,-2.7966984637795374e-08
908.0,-1.5443337285370173e-07,2.41353199292259e-08,-9.211945789511233e-08,1.358281521513029e-08,1.7982119222677797e-07,-2.768681850847795e-08
909.0,-1.547120035000349e-07,2.3883059352544458e-08,-9.229314794356736e-08,1.3441496637406972e-08,1.8014946345834066e-07,-2.739777041520255e-08
910.0,-1.5500005332014233e-07,2.3623090246367343e-08,-9.248149379637027e-08,1.3295875988548181e-08,1.8049333290749285e-07,-2.7099897998537182e-08
911.0,-1.5533406763634794e-07,2.335546933087155e-08,-9.270084096180131e-08,1.3145977319648754e-08,1.8089256060844155e-07,-2.6793262286373595e-08
912.0,-1.5573371532628943e-07,2.3080256221497125e-08,-9.294803363091297e-08,1.2991826260889361e-08,1.813624190541775e-07,-2.64779276024344e-08
913.0,-1.56127922090743e-07,2.2797513342498524e-08,-9.316239414636218e-08,1.2833449974782477e-08,1.8181078004193055e-07,-2.615396146811532e-08
914.0,-1.5650021781277168e-07,2.2507305835892044e-08,-9.33366124666879e-08,1.267087710666804e-08,1.822197612834614e-07,-2.5821434498962297e-08
915.0,-1.5689529750395614e-07,2.2209701466971632e-08,-9.352748364666041e-08,1.2504137733229877e-08,1.8265684924505635e-07,-2.5480420297185184e-08
916.0,-1.5736710598512893e-07,2.1904770527649297e-08,-9.3789077573736e-08,1.2333263309856309e-08,1.8319606196167828e-07,-2.5130995341708546e-08
917.0,-1.5794564765803099e-07,2.1592585738956116e-08,-9.413536551650115e-08,1.2158286617718914e-08,1.8387032021248058e-07,-2.477323887735449e-08
918.0,-1.5864439668888952e-07,2.1273222154114415e-08,-9.456465309420903e-08,1.1979241711492649e-08,1.846903305958648e-07,-2.440723280484181e-08
919.0,-1.5945243833637157e-07,2.09467570636577e-08,-9.506824381888546e-08,1.1796163868686459e-08,1.8564226640025012e-07,-2.4033061573365903e-08
920.0,-1.6029619273605356e-07,2.0613269904126323e-08,-9.55995936580134e-08,1.1609089541591356e-08,1.8663909481470194e-07,-2.365081207758748e-08
921.0,-1.6112088105368905e-07,2.0272842171895028e-08,-9.613109182293744e-08,1.1418056312876254e-08,1.8761962884140625e-07,-2.3260573560894172e-08
922.0,-1.6192181585827914e-07,1.9925557343684624e-08,-9.665782453593952e-08,1.1223102855863497e-08,1.8857733027822546e-07,-2.2862437526796697e-08
923.0,-1.6270808982088436e-07,1.957150080526647e-08,-9.717249052632049e-08,1.1024268900490897e-08,1.8951626686975664e-07,-2.2456497660271082e-08
924.0,-1.6347512758752014e-07,1.921075978978222e-08,-9.765740714706705e-08,1.0821595205911657e-08,1.904234400236589e-07,-2.2042849760755712e-08
925.0,-1.6414879788761993e-07,1.884342332697155e-08,-9.80632322983288e-08,1.0615123540597263e-08,1.9120989874153142e-07,-2.162159168835667e-08
926.0,-1.6466638613765738e-07,1.8469582204429958e-08,-9.835483137654588e-08,1.0404896670692172e-08,1.918037840574186e-07,-2.119282332460858e-08
927.0,-1.6501618742281732e-07,1.8089328941811642e-08,-9.852818973199451e-08,1.0190958357226145e-08,1.921929922849069e-07,-2.075664654888712e-08
928.0,-1.652645524596874e-07,1.7702757778655622e-08,-9.863024771905593e-08,9.973353362625754e-09,1.924585619421051e-07,-2.0313165231281798e-08
929.0,-1.654964747604959e-07,1.730996467625752e-08,-9.872039934133436e-08,9.75212746678927e-09,1.927039190163604e-07,-1.986248524242717e-08
930.0,-1.6575631135717916e-07,1.6911047333748078e-08,-9.882946995498632e-08,9.527327492808656e-09,1.9298294972955943e-07,-1.9404714480473704e-08
931.0,-1.660066233227786e-07,1.6506105218285823e-08,-9.89409680851594e-08,9.299001342248387e-09,1.9325504948812961e-07,-1.8939962915072537e-08
932.0,-1.6624030406420243e-07,1.6095239609035826e-08,-9.905053353909121e-08,9.067198039730669e-09,1.935118779034949e-07,-1.846834264796429e-08
933.0,-1.664681394952794e-07,1.5678553654395252e-08,-9.916728274661502e-08,8.831967786434301e-09,1.9376736421380894e-07,-1.798996798950744e-08
934.0,-1.667055534865236e-07,1.5256152441742353e-08,-9.929665321928294e-08,8.593362021991765e-09,1.9403753993441247e-07,-1.7504955550261285e-08
935.0,-1.6699839559819463e-07,1.4828143078830711e-08,-9.94579896496095e-08,8.351433494166624e-09,1.9437169505232222e-07,-1.7013424346552685e-08
936.0,-1.6741049228830018e-07,1.4394634785825882e-08,-9.968301314944306e-08,8.106236335610945e-09,1.9484089929674174e-07,-1.65154959188068e-08
937.0,-1.6788249694588142e-07,1.395573899688761e-08,-9.993734935431764e-08,7.857826146939852e-09,1.9537657632569678e-07,-1.6011294461309163e-08
938.0,-1.6830729573924508e-07,1.3511569470135634e-08,-1.0015276981356624e-07,7.606260085315788e-09,1.9585178860655547e-07,-1.550094696198762e-08
939.0,-1.6869019045517852e-07,1.3062242404796208e-08,-1.0033685504673429e-07,7.351596957706217e-09,1.9627497251680808e-07,-1.4984583350752917e-08
940.0,-1.6914708121651412e-07,1.2607876564305567e-08,-1.0057943730656937e-07,7.093897317962852e-09,1.9679166215308042e-07,-1.4462336654910728e-08
941.0,-1.6977838158960257e-07,1.2148593404142015e-08,-1.0094327332343944e-07,6.833223566866587e-09,1.9752023512651887e-07,-1.393434316015194e-08
942.0,-1.705244474375922e-07,1.1684517203168542e-08,-1.013951774347932e-07,6.569640054290019e-09,1.9839246251037198e-07,-1.3400742575640819e-08
943.0,-1.7135918212174417e-07,1.1215775197290691e-08,-1.0192166720324192e-07,6.303213182646802e-09,1.9937902483190524e-07,-1.28616782017492e-08
944.0,-1.7223982892722312e-07,1.0742497714263556e-08,-1.0249318739552482e-07,6.034011510819996e-09,2.0042807221388238e-07,-1.2317297099021588e-08
945.0,-1.731032865798232e-07,1.0264818308507986e-08,-1.0304940201155688e-07,5.762105857782726e-09,2.0145452856581773e-07,-1.1767750256989382e-08
946.0,-1.7386290700194262e-07,9.782873894809012e-09,-1.0352751901587798e-07,5.487569405136207e-09,2.0235181646021646e-07,-1.1213192761469634e-08
947.0,-1.7450219713666115e-07,9.296804879762126e-09,-1.0390275244354097e-07,5.210477797786456e-09,2.030930790816514e-07,-1.0653783958975428e-08
948.0,-1.750355064777942e-07,8.806755289802278e-09,-1.0418647398979797e-07,4.930909241959209e-09,2.0369646509049877e-07,-1.008968761682743e-08
949.0,-1.7553742553966245e-07,8.312872894599216e-09,-1.0444291458078236e-07,4.648944599714725e-09,2.0425892923253353e-07,-9.521072077492762e-09
950.0,-1.759627192565727e-07,7.815309324538e-09,-1.0466967574618291e-07,4.364667479075772e-09,2.047403711752484e-07,-8.948110405597044e-09
951.0,-1.763451119435322e-07,7.31422018093522e-09,-1.0487309705375925e-07,4.078164318831119e-09,2.0517301233842648e-07,-8.370980525970445e-09
952.0,-1.7660608696290492e-07,6.809765137578477e-09,-1.0498892111243663e-07,3.789524467030293e-09,2.0545652461944978e-07,-7.789865351010975e-09
953.0,-1.768076093866533e-07,6.3021080321278725e-09,-1.0503183620058643e-07,3.4988402521497597e-09,2.0565168939906666e-07,-7.204952895587842e-09
954.0,-1.7699207340016176e-07,5.7914169458911955e-09,-1.050596046964225e-07,3.2062070458905515e-09,2.058244751856708e-07,-6.61643637767433e-09
955.0,-1.7723172067440895e-07,5.277864270486713e-09,-1.0515173562430924e-07,2.911723316568337e-09,2.060775832496498e-07,-6.02451430290197e-09
956.0,-1.7759322448740456e-07,4.761626759946449e-09,-1.0535623136409544e-07,2.6154906720840124e-09,2.0649283007184167e-07,-5.42939053127516e-09
957.0,-1.7806455884783468e-07,4.242885566893297e-09,-1.0564762127629468e-07,2.317613891520204e-09,2.070468715025981e-07,-4.831274324383817e-09
958.0,-1.786348277216243e-07,3.7218262615475524e-09,-1.0597753929975084e-07,2.018200944496605e-09,2.0770565835134254e-07,-4.230380371601476e-09
959.0,-1.7923136909347992e-07,3.198638832478279e-09,-1.0631562895324631e-07,1.7173629975308457e-09,2.0839121053165264e-07,-3.6269287939517667e-09
960.0,-1.798652849022142e-07,2.673517668203857e-09,-1.0668623393050858e-07,1.4152144067846796e-09,2.0912549634903413e-07,-3.02114512455654e-09
961.0,-1.8055158380880787e-07,2.146661518954669e-09,-1.0710559820992227e-07,1.1118726967207395e-09,2.0992971105532984e-07,-2.413260264832709e-09
962.0,-1.8126674330987136e-07,1.6182734381309114e-09,-1.0755134165207902e-07,8.074585243472523e-10,2.1077220718427044e-07,-1.8035104158715365e-09
963.0,-1.819931127189367e-07,1.0885607032129246e-09,-1.0799272198713794e-07,5.020956288828946e-10,2.1162211859661284e-07,-1.19213698470627e-09
964.0,-1.8277517258025178e-07,5.577347161053461e-10,-1.0844748961347239e-07,1.9591076682772421e-10,2.1252675529261022e-07,-5.793864654449639e-10
965.0,-1.8358813612395775e-07,2.6010883115152455e-11,-1.0890262726326316e-07,-1.1096636742445967e-10,2.1345815971826906e-07,3.4489704490303074e-11
966.0,-1.843889845809521e-07,-5.063915250267452e-10,-1.093566380783173e-07,-4.184032351544352e-10,2.1437857151913918e-07,6.492353125235429e-10
967.0,-1.852446631783744e-07,-1.0392495324939097e-09,-1.0987882170798713e-07,-7.262645606550443e-10,2.1538091999061804e-07,1.2645895627526641e-09
968.0,-1.8624015936385963e-07,-1.5723366362561622e-09,-1.1052167639413746e-07,-1.0344124518025485e-09,2.1656508932153925e-07,1.8802872904952033e-09
969.0,-1.8735318664531153e-07,-2.105423001588025e-09,-1.1124359977632281e-07,-1.3427065332147318e-09,2.1789069516009082e-07,2.4960591984073997e-09
970.0,-1.8845765367703216e-07,-2.6382756741118727e-09,-1.11938589786309e-07,-1.6510040912523407e-09,2.191951986536196e-07,3.1116321128667433e-09
971.0,-1.8942561245960388e-07,-3.1706588071900387e-09,-1.1252439785502943e-07,-1.959160230045123e-09,2.2032658207382284e-07,3.726729259180201e-09
972.0,-1.9021165595378697e-07,-3.702333903415273e-09,-1.129868045096627e-07,-2.2670280376759696e-09,2.2123854106820213e-07,4.341070554100421e-09
973.0,-1.9087358214819883e-07,-4.23306006892811e-09,-1.133863524876988e-07,-2.5744587616398658e-09,2.2201168728819184e-07,4.954372914105548e-09
974.0,-1.915292769660848e-07,-4.7625942793112425e-09,-1.1379214964746254e-07,-2.8813019927071834e-09,2.227826682139832e-07,5.566350577923384e-09
975.0,-1.921946830713006e-07,-5.290691655867244e-09,-1.1419492598752079e-07,-3.187405856357171e-09,2.2356045563152048e-07,6.176715441847658e-09
976.0,-1.9282228742867336e-07,-5.817105751165767e-09,-1.1455374218649617e-07,-3.492617210999923e-09,2.2428329045685984e-07,6.785177406489375e-09
977.0,-1.9329399597589614e-07,-6.341588842839862e-09,-1.1479756063803581e-07,-3.796781852267201e-09,2.248133643909393e-07,7.391444733718497e-09
978.0,-1.9358568516258945e-07,-6.863892234712067e-09,-1.1492084342479281e-07,-4.099744722720446e-09,2.2512711465599818e-07,7.995224412672531e-09
979.0,-1.9377385541974324e-07,-7.38376656443358e-09,-1.1498079145744189e-07,-4.401350126393677e-09,2.2531952744582813e-07,8.596222533832527e-09
980.0,-1.9402892542652594e-07,-7.900962116916878e-09,-1.1508984952557366e-07,-4.7014419476541965e-09,2.2559454196853157e-07,9.194144670283705e-09
981.0,-1.9443372839544892e-07,-8.41522914292327e-09,-1.1529626919859481e-07,-4.99986387391724e-09,2.2604801354771965e-07,9.788696265374651e-09
982.0,-1.9487294100617447e-07,-8.92631818222122e-09,-1.1551887564575924e-07,-5.296459621784617e-09,2.265393426468267e-07,1.037958302605333e-08
983.0,-1.9530228181907638e-07,-9.43398039075386e-09,-1.1573858522961888e-07,-5.591073166188483e-09,2.270207069733765e-07,1.0966511321183093e-08
984.0,-1.9572588422223092e-07,-9.93796787124558e-09,-1.1598676838420197e-07,-5.883548972110038e-09,2.2751165287691234e-07,1.1549188584128783e-08
985.0,-1.9620759315885916e-07,-1.0438034006642917e-08,-1.1630714166765976e-07,-6.173732228412957e-09,2.2808939216038407e-07,1.212732371885799e-08
986.0,-1.9677527914041537e-07,-1.0933933795729345e-08,-1.1669690166971058e-07,-6.461469083286128e-09,2.2877647899226548e-07,1.2700627508731491e-08
987.0,-1.9745408084970162e-07,-1.1425424190180838e-08,-1.1712418797327206e-07,-6.746606880733819e-09,2.2957828610867986e-07,1.3268813027065606e-08
988.0,-1.9813955229319724e-07,-1.1912264432242778e-08,-1.1751554597483338e-07,-7.02899439748744e-09,2.3036750145954143e-07,1.3831596048442383e-08
989.0,-1.98727562752965e-07,-1.2394216392114816e-08,-1.1782390117731634e-07,-7.308482079647196e-09,2.310305518462345e-07,1.4388695459629144e-08
990.0,-1.991972059245395e-07,-1.2871044904034978e-08,-1.180670931161254e-07,-7.584922278298414e-09,2.3155855701104033e-07,1.4939833668854375e-08
991.0,-1.9962826165731418e-07,-1.3342518099962971e-08,-1.183175322716501e-07,-7.85816948328825e-09,2.3205706473877077e-07,1.5484737012078533e-08
992.0,-2.002155820302054e-07,-1.3808407739676482e-08,-1.186738550901234e-07,-8.128080554292755e-09,2.3274398632326789e-07,1.6023136154795474e-08
993.0,-2.0105752368548835e-07,-1.4268489536010009e-08,-1.1919068101939878e-07,-8.394514948248731e-09,2.3373178276051544e-07,1.6554766487799776e-08
994.0,-2.0202776411515355e-07,-1.4722543473881409e-08,-1.1980000831635085e-07,-8.657334942167937e-09,2.3487711567107992e-07,1.7079368515253327e-08
995.0,-2.0288110257060676e-07,-1.5170354121669447e-08,-1.2035476787408683e-07,-8.916405850295646e-09,2.3589406929867988e-07,1.7596688233286064e-08
996.0,-2.0354602253691567e-07,-1.5611710933435593e-08,-1.20799638500535e-07,-9.171596234528654e-09,2.366929148759179e-07,1.8106477497281344e-08
997.0,-2.042040586625049e-07,-1.604640854043763e-08,-1.2123067207048255e-07,-9.422778106977963e-09,2.374787852101754e-07,1.860849437594207e-08
998.0,-2.0492591752685474e-07,-1.6474247030367546e-08,-1.2168742404006228e-07,-9.669827123554156e-09,2.3833266843580047e-07,1.9102503490216973e-08
999.0,-2.0565677348594047e-07,-1.6895032212762024e-08,-1.2212972448633064e-07,-9.912622767469407e-09,2.3918691035203926e-07,1.9588276335188237e-08
1000.0,-2.0637856276706223e-07,-1.730857586907565e-08,-1.2253301624742807e-07,-1.015104852158666e-08,2.40013439708052e-07,2.0065591583076253e-08
1001.0,-2.0688459927142855e-07,-1.7714695985971635e-08,-1.2281755083776158e-07,-1.0384992028601339e-08,2.405938241299758e-07,2.053423536560095e-08
1002.0,-2.0727517449636856e-07,-1.811321697047166e-08,-1.230199003776633e-07,-1.0614345238111838e-08,2.4103297253992084e-07,2.099400153404984e-08
1003.0,-2.0763055305628164e-07,-1.8503969845713245e-08,-1.2319158640416994e-07,-1.0839004539719665e-08,2.4142620720053046e-07,2.144469189553814e-08
1004.0,-2.0813079402992596e-07,-1.8886792426185357e-08,-1.2347116037925154e-07,-1.1058870881393462e-08,2.419990803059514e-07,2.1886116424099115e-08
1005.0,-2.0881691768781518e-07,-1.9261529471442143e-08,-1.2387015198289664e-07,-1.1273849872427507e-08,2.4279275043729314e-07,2.2318093445402867e-08
1006.0,-2.0942400902335123e-07,-1.9628032817424278e-08,-1.2423507783632104e-07,-1.148385187041985e-08,2.4350106800671214e-07,2.2740449794061695e-08
1007.0,-2.0995130167733578e-07,-1.998616148464702e-08,-1.245683702022493e-07,-1.1688792051788188e-08,2.441246155774798e-07,2.315302094263922e-08
1008.0,-2.1052742865679264e-07,-2.0335781762649133e-08,-1.2497113723031195e-07,-1.1888590465436103e-08,2.448256182622202e-07,2.35556511016443e-08
1009.0,-2.1117849639817887e-07,-2.0676767270241933e-08,-1.254215537677128e-07,-1.2083172069283166e-08,2.4561539750289053e-07,2.394819328996761e-08
1010.0,-2.1182966701560613e-07,-2.1008998991256905e-08,-1.2581748543016857e-07,-1.2272466749482878e-08,2.463774491870416e-07,2.433050937541167e-08
1011.0,-2.1249952193713728e-07,-2.1332365285663952e-08,-1.2619374981093223e-07,-1.2456409322274805e-08,2.471455225466487e-07,2.470247008517707e-08
1012.0,-2.130792713384011e-07,-2.164676187612221e-08,-1.265076184642222e-07,-1.2634939518553341e-08,2.4780426429662823e-07,2.506395498640025e-08
1013.0,-2.131772899316431e-07,-2.1952091810233385e-08,-1.2650960640181452e-07,-1.2808001951386357e-08,2.4788956705465003e-07,2.5414852437094037e-08
1014.0,-2.1303463762500918e-07,-2.2248265398994102e-08,-1.2634002811984235e-07,-1.29755460668804e-08,2.476803575848144e-07,2.5755059508120537e-08
1015.0,-2.1298695374039056e-07,-2.2535200132182377e-08,-1.262721371075859e-07,-1.3137526078958986e-08,2.476047153697365e-07,2.6084481877117653e-08
1016.0,-2.1285907936263726e-07,-2.281282057164841e-08,-1.260770019911872e-07,-1.3293900888785057e-08,2.473952265064856e-07,2.6403033695586754e-08
1017.0,-2.1286054374680674e-07,-2.308105822369194e-08,-1.2601082018115495e-07,-1.3444633989704402e-08,2.4736276576500674e-07,2.6710637430605736e-08
1018.0,-2.1321935432527805e-07,-2.333985139188055e-08,-1.2629176850131874e-07,-1.358969335870231e-08,2.4781465624550773e-07,2.700722368283862e-08
1019.0,-2.134722597857408e-07,-2.3589145011788098e-08,-1.2647870163695618e-07,-1.3729051335446132e-08,2.481275229913058e-07,2.729273098266124e-08
1020.0,-2.1348798148745907e-07,-2.3828890469212706e-08,-1.26457114876799e-07,-1.3862684490034376e-08,2.4813004683543187e-07,2.756710556631607e-08
1021.0,-2.134704818468336e-07,-2.405904540347848e-08,-1.264062321343351e-07,-1.3990573480596261e-08,2.480890609082124e-07,2.7830301134059645e-08
1022.0,-2.1380480552668502e-07,-2.4279573497442726e-08,-1.2662580935185463e-07,-1.4112702901892268e-08,2.4848861233528557e-07,2.8082278592284297e-08
1023.0,-2.1403822716981047e-07,-2.4490444255823093e-08,-1.2673394697571005e-07,-1.4229061126058501e-08,2.487445597516406e-07,2.8323005781586086e-08
1024.0,-2.141005899375381e-07,-2.469163277342677e-08,-1.267014693995261e-07,-1.4339640136614861e-08,2.4878168131838184e-07,2.8552457192711004e-08
1025.0,-2.143865573817072e-07,-2.4883119494806912e-08,-1.2687737124816856e-07,-1.4444435356818578e-08,2.491173685651517e-07,2.8770613672243214e-08
1026.0,-2.146014623227721e-07,-2.506488996679491e-08,-1.2699999622778346e-07,-1.4543445473392485e-08,2.4936476630215664e-07,2.897746211980636e-08
1027.0,-2.1465263104480936e-07,-2.523693458526336e-08,-1.2698039746072975e-07,-1.4636672256593099e-08,2.493988238820383e-07,2.9172995178435872e-08
1028.0,-2.148818436797928e-07,-2.5399248337366646e-08,-1.2709462135496175e-07,-1.4724120377508055e-08,2.496542599688377e-07,2.9357210919648513e-08
1029.0,-2.1529729334057723e-07,-2.5551830540383927e-08,-1.2732763551848159e-07,-1.4805797223386633e-08,2.5013046852893765e-07,2.9530112524586695e-08
1030.0,-2.158503771693132e-07,-2.5694684578154694e-08,-1.2766346768611214e-07,-1.4881712711711762e-08,2.507774836499038e-07,2.9691707962450902e-08
1031.0,-2.1643239313251517e-07,-2.5827817635954206e-08,-1.2806967548961712e-07,-1.4951879103619514e-08,2.5148523331814817e-07,2.984200966725806e-08
1032.0,-2.1707507966151063e-07,-2.5951240434512393e-08,-1.2851221477261365e-07,-1.501631081716826e-08,2.522637103425968e-07,2.9981034213787456e-08
1033.0,-2.1773710708050675e-07,-2.6064966963749215e-08,-1.2894466527857418e-07,-1.5075024240863234e-08,2.5305369885380373e-07,3.010880199341412e-08
1034.0,-2.1837172571592678e-07,-2.61690142166934e-08,-1.2933707417561724e-07,-1.5128037547763105e-08,2.537997032079846e-07,3.022533689039819e-08
1035.0,-2.1904935355865351e-07,-2.626340192398034e-08,-1.2978080568548656e-07,-1.5175370510440342e-08,2.546088702673927e-07,3.0330665959109294e-08
1036.0,-2.196201221854599e-07,-2.6348152289293897e-08,-1.3018107611340035e-07,-1.5217044317041918e-08,2.553039573661154e-07,3.042481910262569e-08
1037.0,-2.199633835631154e-07,-2.6423289726130234e-08,-1.3041753818554547e-07,-1.5253081388702318e-08,2.5571981615610556e-07,3.050782875316219e-08
1038.0,-2.2020575973780154e-07,-2.6488840596319227e-08,-1.3055961053942688e-07,-1.5283505198597427e-08,2.560007588385417e-07,3.0579729554848664e-08
1039.0,-2.203095231384511e-07,-2.6544832950837457e-08,-1.3059835655970797e-07,-1.5308340092993328e-08,2.5610977474822847e-07,3.06405580494993e-08
1040.0,-2.2015730513635923e-07,-2.6591296273577293e-08,-1.304309569100104e-07,-1.5327611114732788e-08,2.5589348081841585e-07,3.0690352366170184e-08
1041.0,-2.1991806951893178e-07,-2.6628261228886675e-08,-1.302320441626259e-07,-1.5341343829705454e-08,2.555862723772735e-07,3.072915191548439e-08
1042.0,-2.1995289178899924e-07,-2.665575941384876e-08,-1.302618798104671e-07,-1.5349564156954214e-08,2.556314376951704e-07,3.075699708989121e-08
1043.0,-2.1999336408118353e-07,-2.667382311641502e-08,-1.3028869075282223e-07,-1.5352298203168386e-08,2.556799232983316e-07,3.077392897120029e-08
1044.0,-2.1977741555823105e-07,-2.6682485080628692e-08,-1.3011052764355657e-07,-1.534957210239668e-08,2.554033316014889e-07,3.07799890468795e-08
1045.0,-2.1951867759661958e-07,-2.668177828027346e-08,-1.2990027110915126e-07,-1.5341411861876978e-08,2.5507357810639584e-07,3.07752189367224e-08
1046.0,-2.1941203492970018e-07,-2.6671735702354926e-08,-1.298234805491294e-07,-1.532784321492658e-08,2.549426939017515e-07,3.0759660131577294e-08
1047.0,-2.192228273772967e-07,-2.665239014186953e-08,-1.29692911812751e-07,-1.530889148186567e-08,2.5471336717527417e-07,3.0733353745885293e-08
1048.0,-2.1891067088219973e-07,-2.662377400933331e-08,-1.2948620130293076e-07,-1.528458143995597e-08,2.543394545758834e-07,3.0696340285794834e-08
1049.0,-2.1879167062810456e-07,-2.658591915252878e-08,-1.2942444974073375e-07,-1.5254937203323525e-08,2.542055926350337e-07,3.064865943460106e-08
1050.0,-2.187378225909642e-07,-2.6538856693880712e-08,-1.2938298066256237e-07,-1.5219982113799248e-08,2.541381331421263e-07,3.059034985719985e-08
1051.0,-2.1856580730006403e-07,-2.6482616884791168e-08,-1.2923913489393257e-07,-1.5179738643553994e-08,2.5391684880854365e-07,3.052144902514808e-08
1052.0,-2.183821590368007e-07,-2.6417228978153248e-08,-1.2910051852554894e-07,-1.513422831032899e-08,2.5368821665410497e-07,3.044199306378727e-08
1053.0,-2.1824342380516448e-07,-2.6342721120124495e-08,-1.2899726570259062e-07,-1.5083471605968874e-08,2.5351624522492716e-07,3.0352016622721336e-08
1054.0,-2.182305337689039e-07,-2.625912026207891e-08,-1.289669915166547e-07,-1.5027487938855626e-08,2.534897449008886e-07,3.025155277074385e-08
1055.0,-2.1842233041691195e-07,-2.6166452093472524e-08,-1.2907951080221025e-07,-1.4966295590717754e-08,2.5371210955272234e-07,3.0140632916089036e-08
1056.0,-2.1875469606580378e-07,-2.6064740996154648e-08,-1.2930077483708224e-07,-1.4899911688151335e-08,2.541108172123179e-07,3.001928675263579e-08
1057.0,-2.1907379871288768e-07,-2.5954010020442477e-08,-1.2953043404539955e-07,-1.4828352189043224e-08,2.5450238235915284e-07,2.9887542232435094e-08
1058.0,-2.1938787986286457e-07,-2.5834280883062243e-08,-1.2976432284261818e-07,-1.4751631883939577e-08,2.5489178353475015e-07,2.974542556467158e-08
1059.0,-2.197407768661508e-07,-2.570557398685997e-08,-1.3004015665674107e-07,-1.4669764412264772e-08,2.553359578301678e-07,2.9592961240927335e-08
1060.0,-2.2002053741421168e-07,-2.556790846201e-08,-1.3026929250592456e-07,-1.4582762293175184e-08,2.556934208266467e-07,2.943017208640437e-08
1061.0,-2.2012136739746335e-07,-2.542130222830719e-08,-1.3035256830884467e-07,-1.4490636970735396e-08,2.558226112947037e-07,2.925707933659008e-08
1062.0,-2.2013752182248325e-07,-2.5265772078021792e-08,-1.3034661477950849e-07,-1.4393398873033525e-08,2.5583347806458377e-07,2.9073702738722087e-08
1063.0,-2.200203575580817e-07,-2.5101333778722534e-08,-1.3023444551951702e-07,-1.4291057484807212e-08,2.556755141576177e-07,2.8880060677322545e-08
1064.0,-2.196522773667553e-07,-2.4928002195428084e-08,-1.299426340972687e-07,-1.4183621433127968e-08,2.552101312811438e-07,2.867617032302083e-08
1065.0,-2.1922412594965746e-07,-2.47457914314199e-08,-1.2962637591096282e-07,-1.4071098585680786e-08,2.5468061318090453e-07,2.8462047803854628e-08
1066.0,-2.1897919871838312e-07,-2.4554714987028123e-08,-1.2946224851873023e-07,-1.3953496161168157e-08,2.543862481795559e-07,2.8237708398217076e-08
1067.0,-2.1887369233697385e-07,-2.4354785935673817e-08,-1.2938948022733765e-07,-1.383082085135234e-08,2.542583937468356e-07,2.800316674858547e-08
1068.0,-2.187434552242129e-07,-2.4146017116405804e-08,-1.2929337769862492e-07,-1.3703078954220135e-08,2.5409737645270273e-07,2.7758437095113015e-08
1069.0,-2.186283202809669e-07,-2.392842134210577e-08,-1.292254383777891e-07,-1.3570276517708937e-08,2.5396369101272887e-07,2.750353352808667e-08
1070.0,-2.1855845157292553e-07,-2.3702011622456147e-08,-1.2922335383691586e-07,-1.3432419493375422e-08,2.539024850820007e-07,2.723847025815636e-08
1071.0,-2.1847776740524516e-07,-2.346680140067854e-08,-1.292168771149793e-07,-1.3289513899324962e-08,2.538297385684508e-07,2.696326190313423e-08
1072.0,-2.1842249207926212e-07,-2.3222804802962898e-08,-1.292138304687107e-07,-1.3141565991655419e-08,2.5378061200673315e-07,2.6677923790054346e-08
1073.0,-2.1848704435945e-07,-2.297003689942298e-08,-1.2927666682982508e-07,-1.298858244360788e-08,2.538681648800374e-07,2.63824722710792e-08
1074.0,-2.185222082728977e-07,-2.2708513975335806e-08,-1.2930167418712113e-07,-1.283057053156211e-08,2.539111625274795e-07,2.6076925051744563e-08
1075.0,-2.184239231012297e-07,-2.243825381135528e-08,-1.2922773612311644e-07,-1.2667538326969254e-08,2.537889240420821e-07,2.5761301529952978e-08
1076.0,-2.182559252078553e-07,-2.215927597133706e-08,-1.291112404627759e-07,-1.2499494893280996e-08,2.535850178976938e-07,2.5435623144063604e-08
1077.0,-2.1809455955090762e-07,-2.1871602096375817e-08,-1.2900523434222766e-07,-1.2326450486913082e-08,2.533921612706231e-07,2.5099913728384223e-08
1078.0,-2.1800384202019796e-07,-2.1575256203636645e-08,-1.2894583710509888e-07,-1.2148416761270766e-08,2.532838408629775e-07,2.4754199874349318e-08
1079.0,-2.179827138515389e-07,-2.1270264988555873e-08,-1.2893024442517387e-07,-1.1965406972860888e-08,2.5325771748481223e-07,2.4398511295661124e-08
1080.0,-2.179792945311565e-07,-2.0956658128990684e-08,-1.2893240071421008e-07,-1.1777436188517663e-08,2.5325587218903794e-07,2.403288119567513e-08
1081.0,-2.1795168266003362e-07,-2.063446858991115e-08,-1.2894825042464308e-07,-1.1584521492777405e-08,2.5324017702946835e-07,2.3657346635328112e-08
1082.0,-2.1791764694134574e-07,-2.0303732927257024e-08,-1.2899564608148673e-07,-1.1386682194453444e-08,2.532350243478046e-07,2.3271948899939457e-08
1083.0,-2.1787171376741465e-07,-1.996449158962842e-08,-1.290453107982703e-07,-1.1183940031489989e-08,2.532208046329773e-07,2.2876733863270964e-08
1084.0,-2.1773875392983033e-07,-1.9616789216547896e-08,-1.2900715204433588e-07,-1.097631937321591e-08,2.5308696181649814e-07,2.247175234731048e-08
1085.0,-2.1750892963134927e-07,-1.9260674932121643e-08,-1.2886672269563082e-07,-1.0763847419178304e-08,2.5281765501579957e-07,2.2057060476352526e-08
1086.0,-2.1715011533363082e-07,-1.8896202633038892e-08,-1.2863364927395704e-07,-1.0546554393812168e-08,2.523901509864134e-07,2.163272002408366e-08
1087.0,-2.1653699265600235e-07,-1.8523431269976785e-08,-1.282325003959528e-07,-1.0324473736294049e-08,2.516581875208984e-07,2.119879875253745e-08
1088.0,-2.1566898150693348e-07,-1.814242512161628e-08,-1.2764426776668003e-07,-1.009764228502848e-08,2.506115892729822e-07,2.0755370741954164e-08
1089.0,-2.1478075945546848e-07,-1.775325406061171e-08,-1.270303611328183e-07,-9.866100456316954e-09,2.4953454125992666e-07,2.030251671074978e-08
1090.0,-2.140518727405949e-07,-1.735599381097731e-08,-1.2653667152973114e-07,-9.629892416848319e-09,2.48655853471377e-07,1.9840324324948085e-08
1091.0,-2.1343864427258996e-07,-1.695072619644142e-08,-1.2613694712337864e-07,-9.389066249714541e-09,2.479245536418836e-07,1.9368888496538102e-08
1092.0,-2.128469275691769e-07,-1.6537539379361044e-08,-1.2576570031230805e-07,-9.143674113687546e-09,2.4722626468618523e-07,1.888831167027122e-08
1093.0,-2.123339368775845e-07,-1.611652808978149e-08,-1.254637075898124e-07,-8.89377239548826e-09,2.4663098481763397e-07,1.839870409840334e-08
1094.0,-2.1194895882814535e-07,-1.568779384417266e-08,-1.2526398171508468e-07,-8.639421854741566e-09,2.4619794122504746e-07,1.790018410282258e-08
1095.0,-2.1164139707430252e-07,-1.525144515328386e-08,-1.2511210711885212e-07,-8.380687761247499e-09,2.4585589336699194e-07,1.7392878323893438e-08
1096.0,-2.1141237550870162e-07,-1.4807597718442063e-08,-1.2499567927926059e-07,-8.11764002411738e-09,2.4559949583970246e-07,1.687692195520642e-08
1097.0,-2.1129881187798016e-07,-1.4356374615484876e-08,-1.2494506472504607e-07,-7.850353312231742e-09,2.4547598069911445e-07,1.6352458963259946e-08
1098.0,-2.1121567313209244e-07,-1.3897906465378772e-08,-1.2491275774850763e-07,-7.578907165382385e-09,2.453879736763403e-07,1.5819642290932468e-08
1099.0,-2.1104841003982688e-07,-1.343233159043678e-08,-1.2483028298537757e-07,-7.3033860953708425e-09,2.452020206493991e-07,1.5278634043439453e-08
1100.0,-2.1082056908539037e-07,-1.2959796154927098e-08,-1.2471329054186686e-07,-7.023879676255764e-09,2.449463557337973e-07,1.4729605655323479e-08
1101.0,-2.1064721367203276e-07,-1.2480454288762254e-08,-1.2462884610431324e-07,-6.740482622876181e-09,2.447541581037667e-07,1.4172738036904866e-08
1102.0,-2.105920285239149e-07,-1.1994468192880893e-08,-1.2461181043976755e-07,-6.453294856728387e-09,2.446979889146904e-07,1.3608221698528465e-08
1103.0,-2.1058084444247616e-07,-1.1502008224881926e-08,-1.2462001697244318e-07,-6.162421558241408e-09,2.4469254315634213e-07,1.3036256850880408e-08
1104.0,-2.1052405016486198e-07,-1.1003252963443797e-08,-1.2461043767675317e-07,-5.867973204480261e-09,2.4463878857574756e-07,1.2457053479617447e-08
1105.0,-2.1045420801890646e-07,-1.0498389250063893e-08,-1.246121567460845e-07,-5.5700655913092945e-09,2.445795643175772e-07,1.1870831392555093e-08
1106.0,-2.104468096730816e-07,-9.987612206689062e-09,-1.2466936363808578e-07,-5.268819839072935e-09,2.446023506254662e-07,1.1277820237704443e-08
1107.0,-2.1049081165569472e-07,-9.47112522788222e-09,-1.2476066636735172e-07,-4.964362380900833e-09,2.446867500783375e-07,1.0678259490536514e-08
1108.0,-2.1047345664937378e-07,-8.949139946284007e-09,-1.2480286025462473e-07,-4.65682493282089e-09,2.446933384497241e-07,1.0072398408990129e-08
1109.0,-2.1032381458674365e-07,-8.421876170284373e-09,-1.247512218666147e-07,-4.3463444449691945e-09,2.4453828808497914e-07,9.460495954927212e-09
1110.0,-2.100110559205559e-07,-7.889561793017857e-09,-1.2459790245389346e-07,-4.03306303332187e-09,2.4419107458049486e-07,8.842820680979949e-09
1111.0,-2.0946733081395053e-07,-7.352432672037635e-09,-1.2429154139237397e-07,-3.717127891540375e-09,2.4356713641214653e-07,8.219650582026607e-09
1112.0,-2.0864265008746496e-07,-6.8107324793010225e-09,-1.23773470445121e-07,-3.398691182714483e-09,2.425935436518243e-07,7.591272910870057e-09
1113.0,-2.076350136825944e-07,-6.264712521401208e-09,-1.2310657261649371e-07,-3.07790991099795e-09,2.413866755402029e-07,6.957983958060284e-09
1114.0,-2.066107579329346e-07,-5.714631530288898e-09,-1.2241787551714456e-07,-2.7549457733484592e-09,2.4015441186818283e-07,6.320088796178476e-09
1115.0,-2.05610311235227e-07,-5.160755425022234e-09,-1.2174774351170203e-07,-2.4299649917908814e-09,2.389521147352291e-07,5.67790098925943e-09
1116.0,-2.0459298985531227e-07,-4.603357045343255e-09,-1.2107822656981515e-07,-2.10313812680619e-09,2.3773562721482744e-07,5.031742268346318e-09
1117.0,-2.036163426200055e-07,-4.0427158580895185e-09,-1.2045037403596304e-07,-1.7746398725958768e-09,2.3657537400868854e-07,4.38194217442776e-09
1118.0,-2.0281557558399221e-07,-3.479117637601253e-09,-1.1994689709526885e-07,-1.4446488350766977e-09,2.3562982795531018e-07,3.728837670191484e-09
1119.0,-2.0220825147632127e-07,-2.912854121376094e-09,-1.1957520885952366e-07,-1.1133472935216216e-09,2.349178740302872e-07,3.0727727221387876e-09
1120.0,-2.0173484581442747e-07,-2.3442226422577996e-09,-1.1930011270533392e-07,-7.809209467823796e-10,2.3437035842289483e-07,2.4140978546435106e-09
1121.0,-2.0136229965384e-07,-1.7735257384301645e-09,-1.191111681231316e-07,-4.47558645013374e-10,2.3395351267621476e-07,1.7531696775183555e-09
1122.0,-2.0108190267043025e-07,-1.2010707424355993e-09,-1.1899991821107125e-07,-1.1345210777487003e-10,2.3365554159018364e-07,1.0903503885854529e-09
1123.0,-2.008562069166775e-07,-6.271693503642637e-10,-1.1892606466279432e-07,2.2120437066334162e-10,2.33423702123701e-07,4.260072526559965e-10
1124.0,-2.006526493153471e-07,-5.213717227893035e-11,-1.188521275424792e-07,5.562142280580178e-10,2.33210878602696e-07,-2.3948794177704523e-10
1125.0,-2.004678608114041e-07,5.237067351350601e-10,-1.1877290681527874e-07,8.913789522649549e-10,2.3301151604942486e-07,-9.057594469229595e-10
1126.0,-2.002996643962751e-07,1.1000403527669179e-09,-1.1869111392337484e-07,1.2264984099895308e-09,2.328251190950667e-07,-1.5724281400197978e-09
1127.0,-2.001146117147634e-07,1.6765391992377426e-09,-1.185911320117361e-07,1.5613711855858736e-09,2.326149488179458e-07,-2.2391121265190767e-09
1128.0,-1.998765938732161e-07,2.252876846147153e-09,-1.184579853652501e-07,1.895794929286063e-09,2.3234230582300842e-07,-2.9054273610635233e-09
1129.0,-1.99622930296961e-07,2.8287254475272976e-09,-1.1832160769220668e-07,2.229566714233432e-09,2.3205455640261366e-07,-3.5709882851794965e-09
1130.0,-1.9942045377530082e-07,3.4037562825836455e-09,-1.1822926387905497e-07,2.5624834016691767e-09,2.3183329403114235e-07,-4.235408480559806e-09
1131.0,-1.9928763365928415e-07,3.977640310737008e-09,-1.1819406102453467e-07,2.8943420135805164e-09,2.3170109406515212e-07,-4.898301336735774e-09
1132.0,-1.9916656376905983e-07,4.550048737891038e-09,-1.1817922881962595e-07,3.2249401120624836e-09,2.3158940012007562e-07,-5.5592807318312025e-09
1133.0,-1.9899093652020472e-07,5.120653592734423e-09,-1.1814225521489252e-07,3.554076184573685e-09,2.314195006572457e-07,-6.217961724955271e-09
1134.0,-1.98723234645648e-07,5.689128311745255e-09,-1.1805401012310313e-07,3.881550034177081e-09,2.3114426943832072e-07,-6.873961258623954e-09
1135.0,-1.9833382944312028e-07,6.255148331395309e-09,-1.1787602798019048e-07,4.207163173747873e-09,2.307185858875686e-07,-7.526898869398024e-09
1136.0,-1.9777733478720805e-07,6.818391685855077e-09,-1.1755219224418578e-07,4.53071922300162e-09,2.3007475319327278e-07,-8.176397404690418e-09
1137.0,-1.9703480244603888e-07,7.378539608281663e-09,-1.1706771797792559e-07,4.852024307049177e-09,2.2918892636318337e-07,-8.822083743432878e-09
1138.0,-1.9616931974664187e-07,7.935277133540738e-09,-1.1648885236970052e-07,5.170887455027579e-09,2.2814919402941158e-07,-9.463589518012893e-09
1139.0,-1.9524639015278122e-07,8.488293699984355e-09,-1.158808523443744e-07,5.487120997197684e-09,2.2704520432669519e-07,-1.0100551834613796e-08
1140.0,-1.9432925779661048e-07,9.03728374769396e-09,-1.1528916381287058e-07,5.800540958752504e-09,2.2595453464901384e-07,-1.0732613988833352e-08
1141.0,-1.9348546637099062e-07,9.581947310418124e-09,-1.1475670484706324e-07,6.1109674484573905e-09,2.24957167043319e-07,-1.1359426173238553e-08
1142.0,-1.927699573578412e-07,1.0121990598298883e-08,-1.1431519335303175e-07,6.418225040153223e-09,2.2411653194506858e-07,-1.1980646173352156e-08
1143.0,-1.921590091075176e-07,1.0657126568396122e-08,-1.1395320335949588e-07,6.722143145101827e-09,2.234063950227783e-07,-1.2595940048467058e-08
1144.0,-1.9162709011255608e-07,1.1187075479986442e-08,-1.1365735455570736e-07,7.022556373137899e-09,2.2279797106259172e-07,-1.3204982793648725e-08
1145.0,-1.9116298989596547e-07,1.1711565431626494e-08,-1.1341503013129195e-07,7.319304880610159e-09,2.2227518477249514e-07,-1.3807458979307011e-08
1146.0,-1.9077327192973392e-07,1.2230332877022562e-08,-1.1322338436259294e-07,7.612234703139472e-09,2.2184223233932635e-07,-1.4403063364786128e-08
1147.0,-1.90449081532984e-07,1.274312311682923e-08,-1.1306984148973243e-07,7.901198071286181e-09,2.2148508236734681e-07,-1.499150148252421e-08
1148.0,-1.9018656161051695e-07,1.3249690763601317e-08,-1.1294733585909267e-07,8.186053707296349e-09,2.2119681031809125e-07,-1.55724901894606e-08
1149.0,-1.8995575301605783e-07,1.3749800177237422e-08,-1.128419355594934e-07,8.466667101181e-09,2.2094454174002675e-07,-1.6145758182510315e-08
1150.0,-1.897118689919708e-07,1.4243225868373363e-08,-1.1273065950168082e-07,8.742910764469165e-09,2.2067803431268502e-07,-1.6711046475072462e-08
1151.0,-1.8940877852258176e-07,1.4729752867303429e-08,-1.1258469594099818e-07,9.014664460060751e-09,2.2034291261927042e-07,-1.726810883168588e-08
1152.0,-1.8904140247633094e-07,1.5209177056122462e-08,-1.1239236903659577e-07,9.281815406686325e-09,2.199288441016241e-07,-1.7816712158085605e-08
1153.0,-1.8862490690219058e-07,1.5681305461890714e-08,-1.1216196403596168e-07,9.5442584565573e-09,2.1945309676617558e-07,-1.835663684404642e-08
1154.0,-1.8816695115941862e-07,1.614595650872726e-08,-1.1190438535535474e-07,9.801896244862366e-09,2.1892782593903125e-07,-1.8887677056526214e-08
1155.0,-1.876353197816094e-07,1.6602960226841432e-08,-1.116068479717347e-07,1.0054639309837522e-08,2.1831880758132755e-07,-1.9409640980747263e-08
1156.0,-1.869973996204699e-07,1.705215841661987e-08,-1.1124342075286009e-07,1.0302406182211298e-08,2.1758475618851514e-07,-1.992235100698477e-08
1157.0,-1.8628138487297718e-07,1.7493404766006834e-08,-1.1082095269232539e-07,1.0545123442907932e-08,2.1675340344693293e-07,-2.0425643860976485e-08
1158.0,-1.8548281793817623e-07,1.7926564919553568e-08,-1.1034421038003117e-07,1.0782725747984133e-08,2.158233548869983e-07,-2.0919370676033588e-08
1159.0,-1.846386789849941e-07,1.835151649767708e-08,-1.09829158073671e-07,1.10151558198846e-08,2.1483455434472153e-07,-2.1403397005130535e-08
1160.0,-1.8369714806232285e-07,1.876814906486885e-08,-1.0924693724656542e-07,1.1242364404233305e-08,2.1372771346736007e-07,-2.187760277149089e-08
1161.0,-1.826789018666286e-07,1.9176364045837737e-08,-1.086050034071473e-07,1.146431019153783e-08,2.1252441730837376e-07,-2.2341882156477814e-08
1162.0,-1.8165499403310914e-07,1.957607458886792e-08,-1.0794510764411402e-07,1.1680959703378205e-08,2.1130708251610565e-07,-2.279614342395197e-08
1163.0,-1.8064439276377353e-07,1.996720537602923e-08,-1.0729655025576434e-07,1.189228714288589e-08,2.1010698782710737e-07,-2.3240308680685835e-08
1164.0,-1.7974831856282236e-07,2.0349692380300576e-08,-1.067174435348539e-07,1.2098274209597341e-08,2.0904083519919405e-07,-2.3674313572929844e-08
1165.0,-1.7909616822908703e-07,2.072348257016213e-08,-1.0629084790103605e-07,1.2298909879093929e-08,2.0826229092628033e-07,-2.4098106919818564e-08
1166.0,-1.7868101352680466e-07,2.1088533562778353e-08,-1.0603668675057687e-07,1.2494190148216775e-08,2.0777556047814217e-07,-2.4511650284984668e-08
1167.0,-1.785927902370199e-07,2.1444813227526074e-08,-1.0601180855385195e-07,1.2684117747067608e-08,2.0768699592777288e-07,-2.491491748850769e-08
1168.0,-1.789609609254006e-07,2.1792299242305938e-08,-1.0627407588670312e-07,1.286870181946644e-08,2.0813746597120734e-07,-2.5307894062147678e-08
1169.0,-1.7970947789602842e-07,2.213097860578978e-08,-1.0680444877120276e-07,1.3047957574019195e-08,2.0905187567439716e-07,-2.5690576651674356e-08
1170.0,-1.8081612149223325e-07,2.2460847109472278e-08,-1.0758949108014004e-07,1.322190590843374e-08,2.104042974427509e-07,-2.6062972370965746e-08
1171.0,-1.821647320904285e-07,2.2781908774077006e-08,-1.0854086256173456e-07,1.3390573010187388e-08,2.1204977826732792e-07,-2.642509811337375e-08
1172.0,-1.837181420466516e-07,2.3094175255475928e-08,-1.0963933404217752e-07,1.3553989937065973e-08,2.1394658045008767e-07,-2.6776979826590746e-08
1173.0,-1.8547616324748883e-07,2.339766522577904e-08,-1.1092016913294422e-07,1.3712192181438126e-08,2.1611268138054758e-07,-2.71186517578548e-08
1174.0,-1.872663339119729e-07,2.36924037356026e-08,-1.1228207769109488e-07,1.3865219222373635e-08,2.1834821910759792e-07,-2.745015567675866e-08
1175.0,-1.8879567864615865e-07,2.3978421563701945e-08,-1.134769458954743e-07,1.4013114069841932e-08,2.2027443230031943e-07,-2.7771540083145592e-08
1176.0,-1.8991143614643935e-07,2.4255754560137872e-08,-1.1431796402561201e-07,1.4155922805218876e-08,2.2166404868215376e-07,-2.8082859407556403e-08
1177.0,-1.904534152052939e-07,2.4524442988924066e-08,-1.147280262736583e-07,1.4293694122178456e-08,2.2233988255823403e-07,-2.8384173211424076e-08
1178.0,-1.9035268923606186e-07,2.4784530875682664e-08,-1.1465971638813244e-07,1.4426478871751744e-08,2.2221835401606165e-07,-2.8675545393700843e-08
1179.0,-1.8964824934075697e-07,2.5036065365240128e-08,-1.1414844904023003e-07,1.4554329614915559e-08,2.2135113936075396e-07,-2.8957043409876212e-08
1180.0,-1.8857188258114554e-07,2.527909609336821e-08,-1.1338706529251397e-07,1.467730018555857e-08,2.2003631853820443e-07,-2.9228737508456212e-08
1181.0,-1.8724819428328487e-07,2.5513674576069742e-08,-1.1243487786638529e-07,1.4795445266104351e-08,2.1841128181295895e-07,-2.9490699988991347e-08
1182.0,-1.8573684937295276e-07,2.5739853618986062e-08,-1.1136866756578101e-07,1.4908819977493064e-08,2.1656675028814645e-07,-2.9743004484737883e-08
1183.0,-1.842063700324692e-07,2.5957686748717068e-08,-1.1032593932869261e-07,1.501747948467675e-08,2.1471795371905288e-07,-2.9985725272082245e-08
1184.0,-1.8282975322581052e-07,2.6167227667141815e-08,-1.0946828032931677e-07,1.5121478618299224e-08,2.1309627651103773e-07,-3.021893660800624e-08
1185.0,-1.8156928725809873e-07,2.6368529729238585e-08,-1.0870260368223139e-07,1.5220871512832508e-08,2.1162150675843475e-07,-3.0442712096160717e-08
1186.0,-1.8027006450094252e-07,2.6561645444447276e-08,-1.0785935779245026e-07,1.531571126113818e-08,2.1007364713017617e-07,-3.0657124081567997e-08
1187.0,-1.7908600158378363e-07,2.6746626001300303e-08,-1.0705696244783791e-07,1.540604958521559e-08,2.0864560664395675e-07,-3.0862243073595784e-08
1188.0,-1.782188061849599e-07,2.6923520814869074e-08,-1.0649632345427484e-07,1.5491936522785244e-08,2.076136069415245e-07,-3.1058137196633266e-08
1189.0,-1.7766333405833112e-07,2.7092377096525555e-08,-1.0617633068588095e-07,1.5573420129329594e-08,2.0697263941555103e-07,-3.124487166784593e-08
1190.0,-1.7736668023182744e-07,2.7253239445592547e-08,-1.0603873024095378e-07,1.5650546195268596e-08,2.0664740880923983e-07,-3.1422508301477725e-08
1191.0,-1.7728504751735041e-07,2.7406149462636947e-08,-1.0601483743655216e-07,1.5723357978074065e-08,2.0656508376278838e-07,-3.1591105039389234e-08
1192.0,-1.7735757504300231e-07,2.7551145384424616e-08,-1.060512370004707e-07,1.5791895949309823e-08,2.066460120458757e-07,-3.1750715507841233e-08
1193.0,-1.7767357464448796e-07,2.7688261740877484e-08,-1.0626356829190886e-07,1.585619755680507e-08,2.0702619417136472e-07,-3.1901388600922965e-08
1194.0,-1.7816036496087762e-07,2.781752903472652e-08,-1.0660077644220056e-07,1.5916297002408797e-08,2.0761705416721702e-07,-3.2043168091450433e-08
1195.0,-1.7876452516885077e-07,2.793897344491432e-08,-1.0699529252866657e-07,1.5972225036017814e-08,2.0833806201013682e-07,-3.217609227059505e-08
1196.0,-1.7958697681730307e-07,2.8052616555146254e-08,-1.0752553267212583e-07,1.602400876680715e-08,2.0931608256128564e-07,-3.2300193617920504e-08
1197.0,-1.8073780881644463e-07,2.8158475109299278e-08,-1.083006396368491e-07,1.607167149280595e-08,2.1070164707832815e-07,-3.2415498503881844e-08
1198.0,-1.8221308575872008e-07,2.8256560795652734e-08,-1.0935359702479719e-07,1.611523255014196e-08,2.125083946670729e-07,-3.252202692715245e-08
1199.0,-1.8380208778590035e-07,2.8346880062085127e-08,-1.1053032009100683e-07,1.61547071834094e-08,2.144764768777132e-07,-3.261979228936629e-08
1200.0,-1.853605748752818e-07,2.8429433964461934e-08,-1.1169320160431262e-07,1.6190106438681843e-08,2.1641144609912982e-07,-3.2708801209966826e-08
1201.0,-1.8673149967951552e-07,2.8504218050397327e-08,-1.1270619519609948e-07,1.6221437080675124e-08,2.181085495989146e-07,-3.278905338380933e-08
1202.0,-1.8767735879277048e-07,2.857122228038683e-08,-1.1340010140636902e-07,1.624870153544799e-08,2.1927693449700787e-07,-3.286054148394359e-08
1203.0,-1.8807253419905745e-07,2.8630430987968993e-08,-1.1368453353699515e-07,1.6271897859801137e-08,2.197622608310622e-07,-3.292325111159648e-08
1204.0,-1.879440337249072e-07,2.868182288008851e-08,-1.1358212607948115e-07,1.6291019738201614e-08,2.1959931506615453e-07,-3.297716079478605e-08
1205.0,-1.8739151406987897e-07,2.8725371078224442e-08,-1.1315302025916019e-07,1.63060565076361e-08,2.1890451237736413e-07,-3.302224203625839e-08
1206.0,-1.864594256634211e-07,2.876104320015448e-08,-1.1245347691923868e-07,1.631699321031251e-08,2.177450387263935e-07,-3.3058459410595854e-08
1207.0,-1.8531120621334551e-07,2.8788801481498324e-08,-1.1162503514572375e-07,1.6323810673620544e-08,2.1633398165690274e-07,-3.308577070945893e-08
1208.0,-1.84170093925351e-07,2.880860293547109e-08,-1.1084182122145236e-07,1.6326485616265997e-08,2.1495239665600617e-07,-3.3104127133058395e-08
1209.0,-1.8312029820277687e-07,2.8820399548627188e-08,-1.1013564805983922e-07,1.63249907790442e-08,2.1368880314006788e-07,-3.3113473525165214e-08
1210.0,-1.8201381483951007e-07,2.8824138509822247e-08,-1.0937452038506379e-07,1.6319295078339927e-08,2.1234833293881585e-07,-3.3113748648297e-08
1211.0,-1.808568368399932e-07,2.8819762469188447e-08,-1.0856507211276512e-07,1.6309363780149582e-08,2.1093973147469827e-07,-3.310488549519945e-08
1212.0,-1.7982486216761018e-07,2.8807209823618913e-08,-1.0786083187719342e-07,1.6295158692222312e-08,2.0969248939063169e-07,-3.3086811632381385e-08
1213.0,-1.790536490603456e-07,2.878641502509309e-08,-1.0735921650295577e-07,1.62766383718121e-08,2.0877310796640914e-07,-3.305944957126802e-08
1214.0,-1.7855966613633534e-07,2.8757308908148313e-08,-1.0705732633731202e-07,1.625375834652195e-08,2.081942013919054e-07,-3.302271716250868e-08
1215.0,-1.7828049619916797e-07,2.8719819032908544e-08,-1.0689209901937335e-07,1.62264713458011e-08,2.078698057866728e-07,-3.297652800910652e-08
1216.0,-1.7814789506076512e-07,2.8673870040307794e-08,-1.0680265447038373e-07,1.6194727540817775e-08,2.0771008525466825e-07,-3.292079189431588e-08
1217.0,-1.7820587384920206e-07,2.861938401647467e-08,-1.0683052799331794e-07,1.6158474790659242e-08,2.0777414465156343e-07,-3.2855415220652263e-08
1218.0,-1.7845788072290425e-07,2.8556280863652698e-08,-1.0698603879200075e-07,1.6117658893092054e-08,2.080702470045004e-07,-3.2780301456855015e-08
1219.0,-1.7884911167331818e-07,2.8484478675496135e-08,-1.072159934306649e-07,1.6072223838432623e-08,2.0852403696854572e-07,-3.269535159020479e-08
1220.0,-1.7945128383267672e-07,2.8403894115082188e-08,-1.0756256324517821e-07,1.6022112065419285e-08,2.0921870920419346e-07,-3.2600464582202944e-08
1221.0,-1.8042489037528586e-07,2.8314442794497694e-08,-1.0815479176140563e-07,1.5967264718328512e-08,2.103582659366799e-07,-3.2495537826244565e-08
1222.0,-1.8182399873223343e-07,2.8216039655371525e-08,-1.0907055580933189e-07,1.5907621904928484e-08,2.1202913162944334e-07,-3.2380467606537e-08
1223.0,-1.8351363945123822e-07,2.8108599350210604e-08,-1.1024054233366165e-07,1.584312295519816e-08,2.14079968793577e-07,-3.225514955810566e-08
1224.0,-1.853833903331381e-07,2.799203662483035e-08,-1.1157265485117751e-07,1.577370668104207e-08,2.1636880256161847e-07,-3.211947912825529e-08
1225.0,-1.873403471797097e-07,2.7866266702517766e-08,-1.1297064722581851e-07,1.5699311637477562e-08,2.1876648010157887e-07,-3.197335204027987e-08
1226.0,-1.8916396669899083e-07,2.77312056707944e-08,-1.1426265293656979e-07,1.561987638593771e-08,2.209953849142554e-07,-3.18166647604961e-08
1227.0,-1.9063702724753107e-07,2.7586770871729543e-08,-1.1528854008957534e-07,1.5535339760397615e-08,2.2278672230131113e-07,-3.164931496978006e-08
1228.0,-1.9161923382748913e-07,2.743288129667516e-08,-1.1595198691483066e-07,1.5445641136980275e-08,2.2397052047564433e-07,-3.1471202040692425e-08
1229.0,-1.9206627466239468e-07,2.7269457986051476e-08,-1.1621511927795147e-07,1.5350720707528288e-08,2.2448921535672692e-07,-3.128222752098228e-08
1230.0,-1.9202584244926157e-07,2.709642443442211e-08,-1.1611825284640886e-07,1.525051975735137e-08,2.2440448483141145e-07,-3.108229562378253e-08
1231.0,-1.9163658901422131e-07,2.6913707000592574e-08,-1.1577548716945607e-07,1.5144980947000548e-08,2.2389405011819866e-07,-3.0871313724192334e-08
1232.0,-1.9104209861287025e-07,2.672123532189106e-08,-1.1531260396546728e-07,1.5034048597511804e-08,2.231458717424688e-07,-3.064919286123869e-08
1233.0,-1.90336155739268e-07,2.6518942731195284e-08,-1.1478510747453541e-07,1.4917668978140884e-08,2.222689206334154e-07,-3.041584824348223e-08
1234.0,-1.8945369238687615e-07,2.630676667470044e-08,-1.1412734224336418e-07,1.4795790595210968e-08,2.2117357845492096e-07,-3.017119975583878e-08
1235.0,-1.8841018106785512e-07,2.608464912791953e-08,-1.1334510442717605e-07,1.4668364480342785e-08,2.1987612200425356e-07,-2.991517246457485e-08
1236.0,-1.8733858372921297e-07,2.585253700699778e-08,-1.1255796497633419e-07,1.453534447605224e-08,2.1855214579884821e-07,-2.9647697116937687e-08
1237.0,-1.8645747862366946e-07,2.5610382572129266e-08,-1.1192682347616056e-07,1.4396687516498279e-08,2.1747184909353156e-07,-2.9368710631524555e-08
1238.0,-1.8587621773702434e-07,2.5358143819702857e-08,-1.1152043316586813e-07,1.4252353901054905e-08,2.167643313225784e-07,-2.907815657530187e-08
1239.0,-1.8558192212136948e-07,2.5095784859786076e-08,-1.1130999232056293e-07,1.4102307558371672e-08,2.1640370655020174e-07,-2.8775985623163993e-08
1240.0,-1.855035992592846e-07,2.4823276275678376e-08,-1.1123934885726161e-07,1.394651629867587e-08,2.1630020358829257e-07,-2.8462155996072606e-08
1241.0,-1.855754781093788e-07,2.4540595462517445e-08,-1.1127405097344223e-07,1.3784952052246235e-08,2.163796952016634e-07,-2.8136633874124702e-08
1242.0,-1.8580379443355888e-07,2.424772694228204e-08,-1.114136528035381e-07,1.3617591092237124e-08,2.166472987529167e-07,-2.7799393781333895e-08
1243.0,-1.8618392848279708e-07,2.394466265297793e-08,-1.1163196662888897e-07,1.3444414240335688e-08,2.1708558496298338e-07,-2.7450418939446133e-08
1244.0,-1.867318829562592e-07,2.3631402210297476e-08,-1.1191810575517103e-07,1.326540705407751e-08,2.177026837414177e-07,-2.7089701588719193e-08
1245.0,-1.8750866981331882e-07,2.330795314058764e-08,-1.1233209015748535e-07,1.3080559995014482e-08,2.185817918636171e-07,-2.6717243274251826e-08
1246.0,-1.8857506843550365e-07,2.2974331084527884e-08,-1.1296534782601064e-07,1.288986857731177e-08,2.198220331197636e-07,-2.633305509713129e-08
1247.0,-1.8995035588886822e-07,2.2630559971489683e-08,-1.1385409973141414e-07,1.2693333496737223e-08,2.2145855984350322e-07,-2.593715793035593e-08
1248.0,-1.916122650408303e-07,2.2276672165102517e-08,-1.1497339270916118e-07,1.2490960740384542e-08,2.234594843481305e-07,-2.552958260015825e-08
1249.0,-1.9350123696415533e-07,2.1912708581062172e-08,-1.1626419653409936e-07,1.228276167782517e-08,2.2574342095037428e-07,-2.5110370033974088e-08
1250.0,-1.9549510080207888e-07,2.1538718778659175e-08,-1.1762850805896452e-07,1.2068753134693174e-08,2.281552110862096e-07,-2.467957137684162e-08
1251.0,-1.974139177407519e-07,2.1154761027849146e-08,-1.1893581038091572e-07,1.18489574499508e-08,2.3047338655193466e-07,-2.423724807843409e-08
1252.0,-1.9906641619826804e-07,2.0760902353907443e-08,-1.200503929876806e-07,1.1623402518239713e-08,2.3246405080037348e-07,-2.3783471953200414e-08
1253.0,-2.0033349101833409e-07,2.03572185617904e-08,-1.2087989079145878e-07,1.1392121818780128e-08,2.3397746819159306e-07,-2.331832521618563e-08
1254.0,-2.012049198363286e-07,1.9943794242258673e-08,-1.2141061035697565e-07,1.115515443223287e-08,2.349977788694965e-07,-2.2841900497021703e-08
1255.0,-2.017467676113105e-07,1.952072276161436e-08,-1.2169351215618462e-07,1.0912545046794021e-08,2.356078715631538e-07,-2.235430083432962e-08
1256.0,-2.020671453356604e-07,1.9088106236586158e-08,-1.2181991254633928e-07,1.0664343954566106e-08,2.35947499068968e-07,-2.1855639652385333e-08
1257.0,-2.0219212817917942e-07,1.8646055495499224e-08,-1.218278067594003e-07,1.041060703896783e-08,2.3605861813844354e-07,-2.134604072141604e-08
1258.0,-2.0207487082257725e-07,1.819469002642506e-08,-1.2167963235609758e-07,1.0151395753633162e-08,2.3588172109825795e-07,-2.0825638102354814e-08
1259.0,-2.0169766901112496e-07,1.773413791255634e-08,-1.2134823922094196e-07,9.886777092935435e-09,2.3538764803307813e-07,-2.0294576076333035e-08
1260.0,-2.0115271508192034e-07,1.7264535754622477e-08,-1.2089938024317792e-07,9.616823553973931e-09,2.3468931575172472e-07,-1.975300905866875e-08
1261.0,-2.0059835957597638e-07,1.6786028579781226e-08,-1.2045229018375903e-07,9.341613089598014e-09,2.339838799470707e-07,-1.9201101496647905e-08
1262.0,-2.001657543326818e-07,1.6298769736115275e-08,-1.201000070366609e-07,9.061229051834225e-09,2.3343166215785194e-07,-1.8639027750024525e-08
1263.0,-1.998911381279056e-07,1.5802920771651694e-08,-1.198668620472354e-07,8.775760124938738e-09,2.3307623585239315e-07,-1.806697195291165e-08
1264.0,-1.997736896741653e-07,1.5298651296720993e-08,-1.1974459741825871e-07,8.485300247231011e-09,2.32912635331127e-07,-1.748512785561376e-08
1265.0,-1.997968731570765e-07,1.4786138828485168e-08,-1.197207199765682e-07,8.189948520876286e-09,2.3292024668339327e-07,-1.6893698644968343e-08
1266.0,-1.9996060152127626e-07,1.426556861658506e-08,-1.197905487998474e-07,7.88980910887006e-09,2.3309658457926673e-07,-1.629289674191201e-08
1267.0,-2.0027094906061027e-07,1.3737133449075213e-08,-1.1994312415497532e-07,7.584991118628386e-09,2.334412261570209e-07,-1.5682943575250932e-08
1268.0,-2.0072028300566203e-07,1.320103343811431e-08,-1.2016130009062653e-07,7.275608471792813e-09,2.3393881689309847e-07,-1.5064069330978012e-08
1269.0,-2.013276889090143e-07,1.265747578524617e-08,-1.204639151763942e-07,6.9617797601079625e-09,2.3461541548046314e-07,-1.4436512676922064e-08
1270.0,-2.0217799660826596e-07,1.2106674526524684e-08,-1.209301010302033e-07,6.6436280875129885e-09,2.3558444695630309e-07,-1.3800520463018733e-08
1271.0,-2.0331260412731478e-07,1.1548850258190067e-08,-1.2161938749144507e-07,6.321280898896132e-09,2.369119887443953e-07,-1.315634739804078e-08
1272.0,-2.047825702344852e-07,1.0984229844075814e-08,-1.2256443349123458e-07,5.99486979628391e-09,2.386586294875363e-07,-1.2504255704195736e-08
1273.0,-2.0656257462836614e-07,1.0413046106395244e-08,-1.2374112852431285e-07,5.6645303435601464e-09,2.4079029076266727e-07,-1.1844514751568347e-08
1274.0,-2.085625037534511e-07,9.835537501998719e-09,-1.250706106598054e-07,5.330401861118158e-09,2.4318917661508893e-07,-1.1177400674922698e-08
1275.0,-2.1064915199653367e-07,9.251947786578775e-09,-1.264571431180972e-07,4.99262721212093e-09,2.456918278707081e-07,-1.050319597584981e-08
1276.0,-2.1268264439877616e-07,8.662525669600728e-09,-1.278134648396989e-07,4.651352582256759e-09,2.481334097270765e-07,-9.822189113613516e-09
1277.0,-2.1453563488205152e-07,8.067524462924311e-09,-1.2903862603441674e-07,4.306727255011996e-09,2.503527624035632e-07,-9.134674088277543e-09
1278.0,-2.161305621695142e-07,7.467201726138275e-09,-1.3005943608201953e-07,3.958903384524021e-09,2.5224566758952107e-07,-8.440950019766543e-09
1279.0,-2.1744188076489035e-07,6.861818911547634e-09,-1.3086702640996428e-07,3.6080357680211377e-09,2.537856381120868e-07,-7.741320726414209e-09
1280.0,-2.1848345517494483e-07,6.251641011536776e-09,-1.314926013074036e-07,3.2542816197051877e-09,2.5500063604581445e-07,-7.0360943062883755e-09
1281.0,-2.1928607696342084e-07,5.636936210697225e-09,-1.3195746738359215e-07,2.897800347699325e-09,2.55928030407572e-07,-6.325582724176229e-09
1282.0,-2.1982066196468697e-07,5.0179755446801495e-09,-1.3224880869577849e-07,2.5387533353848994e-09,2.5653629534248327e-07,-5.610101406591552e-09
1283.0,-2.2010436427633007e-07,4.395032567238968e-09,-1.323614772508197e-07,2.17730372810838e-09,2.568374813642017e-07,-4.889968846565153e-09
1284.0,-2.2013399142428725e-07,3.768383026395617e-09,-1.322856848923193e-07,1.813616225871957e-09,2.5682382406587237e-07,-4.165506219334763e-09
1285.0,-2.199880046460656e-07,3.1383045501247488e-09,-1.3209062113550551e-07,1.4478568822502453e-09,2.5659823534101135e-07,-3.4370370093972067e-09
1286.0,-2.1979330404320319e-07,2.505076341431908e-09,-1.3187789146829054e-07,1.0801929094198003e-09,2.5632181873642785e-07,-2.7048866487582136e-09
1287.0,-2.1960350497784997e-07,1.8689788822315557e-09,-1.3168140708397225e-07,7.107924888666814e-10,2.5605798634327226e-07,-1.9693821656467842e-09
1288.0,-2.1940000340114896e-07,1.2302936450321652e-09,-1.3148101586646366e-07,3.398245870663152e-10,2.5578041173182407e-07,-1.230851842479682e-09
1289.0,-2.192167049414051e-07,5.89302811125978e-10,-1.3130416855189342e-07,-3.254122477891939e-11,2.5553228446611417e-07,-4.89624881488756e-10
1290.0,-2.1910158236326804e-07,-5.371100622927191e-11,-1.3116999389439776e-07,-4.0613494799924867e-10,2.5536458386460775e-07,2.5396892382868306e-10
1291.0,-2.1903779524878875e-07,-6.984650352554866e-10,-1.310563988582425e-07,-7.807863318382506e-10,2.5525151405846947e-07,9.995995134028823e-10
1292.0,-2.1907611356952739e-07,-1.344676617346334e-09,-1.3100327365955788e-07,-1.156325048077703e-09,2.5525712770900144e-07,1.7469368833948865e-09
1293.0,-2.1926356626178478e-07,-1.9920634785254493e-09,-1.3103741640374533e-07,-1.5325808659594726e-09,2.554355417470416e-07,2.495651408954261e-09
1294.0,-2.1960412283084096e-07,-2.6403440019915734e-09,-1.3117440621213117e-07,-1.9093838283223034e-09,2.5579815403831255e-07,3.24541416853611e-09
1295.0,-2.2017376638538977e-07,-3.2892375027844324e-09,-1.3147019246873004e-07,-2.2865644296758884e-09,2.5643887948611284e-07,3.995897271035343e-09
1296.0,-2.2105907987457485e-07,-3.9384645052409595e-09,-1.3198766124489225e-07,-2.6639537966858492e-09,2.5746428784569343e-07,4.746774186556041e-09
1297.0,-2.222774372617753e-07,-4.58774702348593e-09,-1.3274292386122877e-07,-3.041383871251264e-09,2.58897553002902e-07,5.497720081118582e-09
1298.0,-2.2372572261453172e-07,-5.236808844734628e-09,-1.3367558641952382e-07,-3.418687596034615e-09,2.6061918840330614e-07,6.248412155041678e-09
1299.0,-2.253918081202011e-07,-5.885375814703142e-09,-1.3478024329938165e-07,-3.795699101970206e-09,2.6261603369088884e-07,6.9985299841514885e-09
1300.0,-2.272464194319479e-07,-6.533176123953514e-09,-1.3601405059182614e-07,-4.172253896951544e-09,2.6484100343986884e-07,7.747755862400824e-09
1301.0,-2.2912465900970513e-07,-7.179940593575935e-09,-1.3724355875377459e-07,-4.548189054602775e-09,2.6708407624887416e-07,8.495775143965133e-09
1302.0,-2.3096532440758377e-07,-7.825402958255849e-09,-1.3841160208249992e-07,-4.923343401793654e-09,2.692633518875985e-07,9.242276582451674e-09
1303.0,-2.3273246782529178e-07,-8.469300144511998e-09,-1.39518974109909e-07,-5.297557703377926e-09,2.713483844004455e-07,9.98695266454145e-09
1304.0,-2.34338360896591e-07,-9.111372541737405e-09,-1.4052231157857253e-07,-5.670674842531341e-09,2.7324162830558297e-07,1.0729499935198004e-08
1305.0,-2.3576582870721285e-07,-9.751364263635378e-09,-1.4141448596849404e-07,-6.04253999504136e-09,2.749246857372619e-07,1.1469619311530572e-08
1306.0,-2.3704614131314639e-07,-1.0389023397715619e-08,-1.4222961217114083e-07,-6.413000795953254e-09,2.764419210065747e-07,1.2207016382488664e-08
1307.0,-2.3822514423621488e-07,-1.1024102240692994e-08,-1.4297547341890482e-07,-6.781907497100139e-09,2.7783665227202356e-07,1.2941401691780606e-08
1308.0,-2.3918865807437406e-07,-1.1656357517900366e-08,-1.435630687385281e-07,-7.149113114228395e-09,2.7896517498971653e-07,1.3672491001733628e-08
1309.0,-2.398820049265282e-07,-1.2285550585171488e-08,-1.4395236663800048e-07,-7.514473562665124e-09,2.797600045543541e-07,1.4400005536229588e-08
1310.0,-2.4031627662846056e-07,-1.2911447612053215e-08,-1.4416541500861246e-07,-7.877847780749405e-09,2.8024200202177445e-07,1.5123672201337652e-08
1311.0,-2.404984062454041e-07,-1.3533819745649282e-08,-1.4420466459830195e-07,-8.239097840552218e-09,2.804183815274744e-07,1.5843223782801304e-08
1312.0,-2.4051514055378753e-07,-1.4152443254859156e-08,-1.441393876894237e-07,-8.598089045724981e-09,2.803991724650595e-07,1.6558399120094207e-08
1313.0,-2.4049032411321836e-07,-1.47670996552295e-08,-1.4405689631458163e-07,-8.954690016626721e-09,2.8033548717183654e-07,1.7268943257308697e-08
1314.0,-2.40345287477739e-07,-1.5377575815057676e-08,-1.4389378806545228e-07,-9.308772763166851e-09,2.8012725582595904e-07,1.7974607571649755e-08
1315.0,-2.4007422401439715e-07,-1.59836640437536e-08,-1.4363948004636473e-07,-9.660212746049406e-09,2.797640671424852e-07,1.8675149880750227e-08
1316.0,-2.3975870677706013e-07,-1.6585162163760534e-08,-1.4334749398603464e-07,-1.0008888927303025e-08,2.793434114266605e-07,1.937033453037706e-08
1317.0,-2.3944329315128687e-07,-1.7181873567542773e-08,-1.4304942974607826e-07,-1.0354683811120635e-08,2.7891975545990154e-07,2.00599324643485e-08
1318.0,-2.3915396164808644e-07,-1.777360726125886e-08,-1.4275890466985963e-07,-1.0697483476105967e-08,2.7852239090333917e-07,2.074372127861419e-08
1319.0,-2.390455673684233e-07,-1.836017789674357e-08,-1.4259405581307227e-07,-1.1037177600025208e-08,2.783448365458087e-07,2.1421485261454956e-08
1320.0,-2.392755929780943e-07,-1.8941405793317272e-08,-1.426706453810933e-07,-1.1373659478087543e-08,2.78581626186072e-07,2.2093015421631104e-08
1321.0,-2.398224128730142e-07,-1.951711695072874e-08,-1.429675919595308e-07,-1.1706826035629049e-08,2.792033704433766e-07,2.2758109506048713e-08
1322.0,-2.406431284518451e-07,-2.008714305422728e-08,-1.4345720139585794e-07,-1.2036577835856736e-08,2.801590332354518e-07,2.3416572008135582e-08
1323.0,-2.4170848304805315e-07,-2.0651321472371707e-08,-1.441423827797106e-07,-1.2362819083036853e-08,2.814249763095017e-07,2.4068214167645426e-08
1324.0,-2.430677628478817e-07,-2.120949524774466e-08,-1.4504689253846959e-07,-1.2685457621202956e-08,2.8305571601884386e-07,2.4712853962073432e-08
1325.0,-2.44555644457467e-07,-2.1761513080281694e-08,-1.460343057868574e-07,-1.3004404928136833e-08,2.8483939633178623e-07,2.5350316089307098e-08
1326.0,-2.4608490942212846e-07,-2.230722930247692e-08,-1.470246264595465e-07,-1.3319576104061229e-08,2.8666011831237766e-07,2.5980431940590665e-08
1327.0,-2.4770391460204877e-07,-2.2846503845319098e-08,-1.4806153438018388e-07,-1.3630889854198713e-08,2.8858178610611144e-07,2.6603039562385473e-08
1328.0,-2.493745592108132e-07,-2.33792021934677e-08,-1.4912948062550946e-07,-1.3938268464112706e-08,2.905637155138638e-07,2.7217983605290638e-08
1329.0,-2.510584633658164e-07,-2.3905195327916537e-08,-1.502008565718027e-07,-1.4241637766566956e-08,2.925587963854586e-07,2.7825115257871306e-08
1330.0,-2.52693007185556e-07,-2.4424359654224548e-08,-1.512555177912711e-07,-1.4540927098526546e-08,2.9450294997297563e-07,2.8424292163039662e-08
1331.0,-2.5430780226098904e-07,-2.4936576914328766e-08,-1.5230461396231743e-07,-1.4836069246880938e-08,2.9642731609118756e-07,2.9015378314556405e-08
1332.0,-2.558123082807562e-07,-2.5441734079997833e-08,-1.5328312835682922e-07,-1.5127000381500837e-08,2.982208150126091e-07,2.9598243931273715e-08
1333.0,-2.571011760293951e-07,-2.5939723226137425e-08,-1.5410013186334393e-07,-1.5413659974346524e-08,2.997463350167905e-07,3.017276530692633e-08
1334.0,-2.5812032222738424e-07,-2.6430441382419263e-08,-1.5474945873339419e-07,-1.5695990703524672e-08,3.009543083676443e-07,3.073882463359286e-08
1335.0,-2.589605497677061e-07,-2.6913790362065538e-08,-1.552820035333191e-07,-1.597393834143866e-08,3.0194878200998647e-07,3.1296309797385925e-08
1336.0,-2.5959147953447115e-07,-2.7389676567067566e-08,-1.5566329318594807e-07,-1.6247451626485746e-08,3.0268597108619054e-07,3.184511414547121e-08
1337.0,-2.6001457591184884e-07,-2.7858010769632404e-08,-1.5589809934657417e-07,-1.6516482118110346e-08,3.031695846658977e-07,3.238513622414063e-08
1338.0,-2.603372035447915e-07,-2.831870787021229e-08,-1.5607446593457475e-07,-1.6780984035411282e-08,3.0353698039330385e-07,3.2916279488345604e-08
1339.0,-2.6050080897954686e-07,-2.877168663305628e-08,-1.5613759535293426e-07,-1.7040914079906824e-08,3.0370976303305594e-07,3.3438451983806176e-08
1340.0,-2.604197614497483e-07,-2.921686940080974e-08,-1.560091940217001e-07,-1.7296231243469942e-08,3.035742426044151e-07,3.395156600352523e-08
1341.0,-2.601255245232581e-07,-2.9654181790256246e-08,-1.5573251611888939e-07,-1.7546896602843796e-08,3.0317965809931956e-07,3.445553772122872e-08
1342.0,-2.5969219179244885e-07,-3.008355237182799e-08,-1.553854465929927e-07,-1.7792873102520628e-08,3.0262959453905003e-07,3.4950286804901076e-08
1343.0,-2.5917262223840165e-07,-3.050491233598716e-08,-1.5495500593765144e-07,-1.8034125328102343e-08,3.019627493302226e-07,3.5435736014165404e-08
1344.0,-2.5849356015406055e-07,-3.0918195149980165e-08,-1.544135207476316e-07,-1.827061927254365e-08,3.0110206912407657e-07,3.591181078574615e-08
1345.0,-2.578273933934172e-07,-3.132333620877161e-08,-1.538705927672801e-07,-1.8502322097895263e-08,3.0025176785923854e-07,3.6378438811624856e-08
1346.0,-2.572709162512732e-07,-3.1720272484158344e-08,-1.5342871412249437e-07,-1.872920189530396e-08,2.9954748315759845e-07,3.683554961473687e-08
1347.0,-2.5697361767662574e-07,-3.2108942176134666e-08,-1.531841813257051e-07,-1.8951227446079845e-08,2.99166899222222e-07,3.7283074127145417e-08
1348.0,-2.568473943947991e-07,-3.2489284370521465e-08,-1.5304137712668364e-07,-1.9168367986604563e-08,2.989853627190289e-07,3.7720944275560305e-08
1349.0,-2.5693260789771966e-07,-3.286123870668764e-08,-1.5302827255370133e-07,-1.938059297972941e-08,2.9905186373251923e-07,3.8149092578846576e-08
1350.0,-2.57303388997987e-07,-3.3224745058892265e-08,-1.5321342809737626e-07,-1.9587871895107336e-08,2.994651708282606e-07,3.856745176180537e-08
1351.0,-2.578938901043326e-07,-3.3579743234380245e-08,-1.5358033279844197e-07,-1.9790174000631218e-08,3.001602524912747e-07,3.89759543890307e-08
1352.0,-2.5874577724849246e-07,-3.3926172690894306e-08,-1.541415938777213e-07,-1.9987468166828144e-08,3.011793621865397e-07,3.937453252207672e-08
1353.0,-2.5971528304358227e-07,-3.426397227574963e-08,-1.5478152325110184e-07,-2.0179722685703287e-08,3.023397892873835e-07,3.9763117402544094e-08
1354.0,-2.6076638885708103e-07,-3.45930799880787e-08,-1.5543342590795817e-07,-2.036690510515595e-08,3.035764474511274e-07,4.0141639163041326e-08
1355.0,-2.619601822545503e-07,-3.4913432765321315e-08,-1.5620647875191906e-07,-2.0548982079723345e-08,3.049977066977897e-07,4.051002656733135e-08
1356.0,-2.633247858235821e-07,-3.522496629452977e-08,-1.571101994335411e-07,-2.072591923806092e-08,3.066326101299117e-07,4.086820678036268e-08
1357.0,-2.64647682088337e-07,-3.552761484860217e-08,-1.5800403517507444e-07,-2.0897681067255032e-08,3.0822665486024347e-07,4.121610516833108e-08
1358.0,-2.659502324059426e-07,-3.5821311147163574e-08,-1.5887284444959793e-07,-2.1064230813794795e-08,3.097904240293444e-07,4.155364512844264e-08
1359.0,-2.670019581957339e-07,-3.610598624149878e-08,-1.5951111184686617e-07,-2.1225530400814753e-08,3.110206431781979e-07,4.18807479476672e-08
1360.0,-2.678185254262333e-07,-3.638156942271159e-08,-1.599632526300132e-07,-2.1381540361065245e-08,3.1195352979803805e-07,4.219733268949543e-08
1361.0,-2.6858961736653253e-07,-3.6647988152144734e-08,-1.604473158639541e-07,-2.1532219784974226e-08,3.1286374626192757e-07,4.250331610754419e-08
1362.0,-2.694329586244715e-07,-3.690516801303708e-08,-1.6103413762180718e-07,-2.1677526283127567e-08,3.1388869471953796e-07,4.279861258478662e-08
1363.0,-2.70113162337271e-07,-3.715303268240698e-08,-1.6148697484785757e-07,-2.1817415962504303e-08,3.1470488320544616e-07,4.30831340971986e-08
1364.0,-2.704812311488114e-07,-3.739150392222002e-08,-1.616803164822267e-07,-2.1951843415850312e-08,3.1512001069682914e-07,4.335679020069716e-08
1365.0,-2.7074939522309105e-07,-3.762050158901684e-08,-1.6183249963719337e-07,-2.208076172365224e-08,3.154282691080363e-07,4.361948804038706e-08
1366.0,-2.709181887994294e-07,-3.783994366133023e-08,-1.6195023265497266e-07,-2.2204122468278314e-08,3.156335579106934e-07,4.387113238131766e-08
1367.0,-2.707515632111024e-07,-3.804974628440025e-08,-1.618040599143944e-07,-2.2321875759975757e-08,3.154155398613653e-07,4.4111625660169136e-08
1368.0,-2.7028964265374267e-07,-3.824982383188284e-08,-1.6141672194713852e-07,-2.2433970274543894e-08,3.1482034408539695e-07,4.434086805751396e-08
1369.0,-2.69787483006545e-07,-3.8440088984424676e-08,-1.6100158921339425e-07,-2.2540353302625773e-08,3.1417637994643286e-07,4.455875759051505e-08
1370.0,-2.694162428013014e-07,-3.862045282512383e-08,-1.6070805179679848e-07,-2.2640970810664077e-08,3.137071720530027e-07,4.476519022610091e-08
1371.0,-2.691278104538508e-07,-3.879082495199183e-08,-1.6049179543675685e-07,-2.273576751363547e-08,3.1334867920927586e-07,4.496006001477558e-08
1372.0,-2.688594828575974e-07,-3.8951113607562494e-08,-1.6028377101962032e-07,-2.282468695969831e-08,3.130116751412394e-07,4.514325924525737e-08
1373.0,-2.68654941154578e-07,-3.9101225825747866e-08,-1.60096637877305e-07,-2.290767162685667e-08,3.1274016509937877e-07,4.531467862008537e-08
1374.0,-2.6852537997335e-07,-3.9241067595924927e-08,-1.599658082523936e-07,-2.298466303166116e-08,3.1256189706948215e-07,4.547420745219018e-08
1375.0,-2.6855045313911585e-07,-3.9370544044054127e-08,-1.599656568596064e-07,-2.3055601849838615e-08,3.125833604908454e-07,4.56217338822028e-08
1376.0,-2.6874875498628104e-07,-3.9489559630390725e-08,-1.601044401222662e-07,-2.3120428048574863e-08,3.1282475134416785e-07,4.575714511598338e-08
1377.0,-2.691001461663234e-07,-3.959801836306202e-08,-1.6031695411478086e-07,-2.317908102997344e-08,3.1323539781349324e-07,4.5880327681501e-08
1378.0,-2.6961069603259613e-07,-3.969582402645988e-08,-1.6060943278106699e-07,-2.3231499784986942e-08,3.138237041930342e-07,4.5991167703802146e-08
1379.0,-2.703041279139562e-07,-3.978288042305383e-08,-1.610555545178416e-07,-2.327762305687801e-08,3.146477605329074e-07,4.6089551196386856e-08
1380.0,-2.7115011286271695e-07,-3.985909162688316e-08,-1.6164746607927327e-07,-2.3317389513025328e-08,3.1567750473436325e-07,4.6175364366890037e-08
1381.0,-2.7212787997998866e-07,-3.992436224665582e-08,-1.6234200113374175e-07,-2.3350737923659635e-08,3.1687301619814667e-07,4.6248493934563525e-08
1382.0,-2.7319664540337296e-07,-3.997859769608636e-08,-1.6306930666898367e-07,-2.337760734590798e-08,3.1816348916423354e-07,4.630882745669447e-08
1383.0,-2.741584373550099e-07,-4.00217044688635e-08,-1.6367499043601352e-07,-2.3397937311355013e-08,3.192997827546552e-07,4.6356253660801616e-08
1384.0,-2.749104379834444e-07,-4.005359041546641e-08,-1.641301693999786e-07,-2.3411668015210275e-08,3.2017879601796697e-07,4.639066277924221e-08
1385.0,-2.7560728578512883e-07,-4.0074165018959484e-08,-1.6458587459577956e-07,-2.3418740505108473e-08,3.210107258243926e-07,4.641194688275358e-08
1386.0,-2.764029726071149e-07,-4.008333966689207e-08,-1.6513497118342269e-07,-2.3419096867567504e-08,3.219754058523715e-07,4.6420000209450107e-08
1387.0,-2.7716664455224027e-07,-4.0081027916510605e-08,-1.656546916584123e-07,-2.3412680410183043e-08,3.228975467865799e-07,4.641471948589261e-08
1388.0,-2.77769760317903e-07,-4.006714575064812e-08,-1.6605905975297652e-07,-2.3399435837743818e-08,3.236226986370207e-07,4.639600423703749e-08
1389.0,-2.783054971755572e-07,-4.0041611821886525e-08,-1.6643257089166141e-07,-2.3379309420605873e-08,3.242741901720548e-07,4.6363757082148745e-08
1390.0,-2.786973438417828e-07,-4.000434768288537e-08,-1.6672359505476297e-07,-2.3352249153864997e-08,3.24759859915676e-07,4.631788401411608e-08
1391.0,-2.7872316687993504e-07,-3.995527800113342e-08,-1.66752197494624e-07,-2.3318204906112535e-08,3.247967043011154e-07,4.6258294660059e-08
1392.0,-2.7836879123999125e-07,-3.9894330756796693e-08,-1.664982426236028e-07,-2.32771285568446e-08,3.2436221841201226e-07,4.6184902521601626e-08
1393.0,-2.778578800100018e-07,-3.9821437422794305e-08,-1.661189389240425e-07,-2.322897412190913e-08,3.237290585549933e-07,4.6097625193757016e-08
1394.0,-2.773295584151958e-07,-3.9736533126710696e-08,-1.6572916268497995e-07,-2.317369786670473e-08,3.2307559383994334e-07,4.599638456193822e-08
1395.0,-2.7674868663396524e-07,-3.96395567946234e-08,-1.6531444541056928e-07,-2.3111258407171647e-08,3.223642371837e-07,4.588110697718505e-08
1396.0,-2.760349794850292e-07,-3.95304512773644e-08,-1.6481314493721477e-07,-2.3041616798919638e-08,3.2149445196363164e-07,4.5751723410228134e-08
1397.0,-2.752659244986688e-07,-3.940916346012046e-08,-1.6427173396560413e-07,-2.2964736615105952e-08,3.2055659682834956e-07,4.560816958548204e-08
1398.0,-2.7456428390582044e-07,-3.927564435660146e-08,-1.6378593120647267e-07,-2.288058401389974e-08,3.197051411189494e-07,4.5450386096451884e-08
1399.0,-2.7402786091645925e-07,-3.912984918925749e-08,-1.6342745766395606e-07,-2.2789127796541797e-08,3.1906081313278585e-07,4.527831850434187e-08
1400.0,-2.7358021781331843e-07,-3.897173745719987e-08,-1.631307951499572e-07,-2.2690339457126773e-08,3.185243976605875e-07,4.509191742186501e-08
1401.0,-2.731414173451352e-07,-3.880127299357741e-08,-1.6282031593817248e-07,-2.258419322529939e-08,3.1798850474744467e-07,4.489113858436859e-08
1402.0,-2.727438813132643e-07,-3.861842401418243e-08,-1.6253698599533184e-07,-2.2470666103069913e-08,3.1750196315971135e-07,4.467594291041708e-08
1403.0,-2.7243954200950604e-07,-3.842316315901938e-08,-1.6234367404555083e-07,-2.2349737896923913e-08,3.17141565476614e-07,4.4446296553922736e-08
1404.0,-2.722447748210177e-07,-3.8215467528472334e-08,-1.622503620624105e-07,-2.222139124633325e-08,3.169264858081917e-07,4.420217094979642e-08
1405.0,-2.721897858631861e-07,-3.799531871556398e-08,-1.622429712661022e-07,-2.208561164967513e-08,3.1687546647460795e-07,4.394354285491661e-08
1406.0,-2.7221655202191997e-07,-3.776270283561723e-08,-1.6225201875108564e-07,-2.1942387488440037e-08,3.1690309052375194e-07,4.367039438599378e-08
1407.0,-2.722180615505332e-07,-3.751761055442113e-08,-1.6221546998707037e-07,-2.1791710050465344e-08,3.1688567613171787e-07,4.3382713055654085e-08
1408.0,-2.721480463346859e-07,-3.7260037115776896e-08,-1.6213743528337154e-07,-2.163357355277745e-08,3.1678558528451995e-07,4.308049180779333e-08
1409.0,-2.7216128554996555e-07,-3.698998236907013e-08,-1.621496860115812e-07,-2.1467975164469002e-08,3.1680322919102996e-07,4.276372905297451e-08
1410.0,-2.723976707669218e-07,-3.6707450797287315e-08,-1.6233558572387174e-07,-2.129491502988224e-08,3.1710145605398415e-07,4.2432428704367184e-08
1411.0,-2.7281840747628294e-07,-3.641245154567651e-08,-1.6263869170862755e-07,-2.1114396292218003e-08,3.1761805285372105e-07,4.208660021446178e-08
1412.0,-2.733374129537669e-07,-3.610499845104753e-08,-1.630008761299706e-07,-2.092642511754568e-08,3.182493156935237e-07,4.172625861254205e-08
1413.0,-2.7389107858100115e-07,-3.57851100715273e-08,-1.6341037223366328e-07,-2.0731010719061038e-08,3.18934589970747e-07,4.135142454267933e-08
1414.0,-2.743667793375648e-07,-3.545280971644563e-08,-1.6380110502700607e-07,-2.0528165381336966e-08,3.1954331727034484e-07,4.096212430183911e-08
1415.0,-2.746663573388597e-07,-3.510812547594104e-08,-1.640738885033688e-07,-2.031790448424812e-08,3.1994038310662515e-07,4.055838987758416e-08
1416.0,-2.7477981488777115e-07,-3.475109024985568e-08,-1.6418880673108038e-07,-2.010024652623234e-08,3.200967212039727e-07,4.0140258984831434e-08
1417.0,-2.747441772560366e-07,-3.438174177553587e-08,-1.6416429235444063e-07,-1.9875213146582327e-08,3.2005355461286586e-07,3.970777510117661e-08
1418.0,-2.745660823005869e-07,-3.400012265426556e-08,-1.6403086974814407e-07,-1.9642829146538173e-08,3.1983223693090296e-07,3.926098750043453e-08
1419.0,-2.741880733292401e-07,-3.360628037622191e-08,-1.6377235459441586e-07,-1.9403122509066643e-08,3.193751456913951e-07,3.8799951284242033e-08
1420.0,-2.7358651200071193e-07,-3.3200267344040645e-08,-1.633782863580402e-07,-1.9156124417354537e-08,3.186566239732127e-07,3.83247274118123e-08
1421.0,-2.7283533941824256e-07,-3.278214089529638e-08,-1.628905492989663e-07,-1.8901869272198525e-08,3.1776162997817497e-07,3.78353827281967e-08
1422.0,-2.720651088167214e-07,-3.235196332442416e-08,-1.6238634872878244e-07,-1.8640394708629094e-08,3.168418370242797e-07,3.733198999167868e-08
1423.0,-2.7131249813461267e-07,-3.1909801904813126e-08,-1.6189252066700632e-07,-1.8371741612249576e-08,3.159424945966612e-07,3.681462790117396e-08
1424.0,-2.705106279116132e-07,-3.145572891197734e-08,-1.6136569952474034e-07,-1.8095954135892256e-08,3.1498395006133886e-07,3.628338112472278e-08
1425.0,-2.6961417029514045e-07,-3.098982164883895e-08,-1.6078061330915272e-07,-1.7813079717284458e-08,3.1391432977805314e-07,3.573834033031795e-08
1426.0,-2.686345545038771e-07,-3.051216247423908e-08,-1.6014841688893888e-07,-1.752316909847381e-08,3.1274916355688284e-07,3.5179602220410507e-08
1427.0,-2.6765558415464685e-07,-3.002283883581748e-08,-1.595301600265664e-07,-1.722627634778104e-08,3.115916938675791e-07,3.46072695714665e-08
1428.0,-2.6678415043779324e-07,-2.9521943308369888e-08,-1.589966607679072e-07,-1.6922458885028037e-08,3.1056999381807647e-07,3.402145127990996e-08
1429.0,-2.6609089967544186e-07,-2.900957363869746e-08,-1.585702249784493e-07,-1.6611777510726554e-08,3.0975616723449123e-07,3.3422262415674646e-08
1430.0,-2.6544669305683666e-07,-2.8485832797805292e-08,-1.5814755928433843e-07,-1.629429643980826e-08,3.0898640319988807e-07,3.280982428439749e-08
1431.0,-2.647192934301934e-07,-2.7950829041088104e-08,-1.5764647877392068e-07,-1.5970083340332458e-08,3.081050414777354e-07,3.218426449902529e-08
1432.0,-2.639798307724206e-07,-2.7404675976870636e-08,-1.5713587885046731e-07,-1.5639209377429294e-08,3.072084560632154e-07,3.154571706128223e-08
1433.0,-2.634310520416294e-07,-2.684749264335625e-08,-1.5676392775554326e-07,-1.5301749262529117e-08,3.065466493457478e-07,3.089432245306968e-08
1434.0,-2.632066789243215e-07,-2.6279403593688082e-08,-1.566240205308489e-07,-1.495778130769608e-08,3.062822875022626e-07,3.0230227737451186e-08
1435.0,-2.6332543114071516e-07,-2.5700538988448742e-08,-1.5671547201612235e-07,-1.4607387484629349e-08,3.064311045809148e-07,2.9553586668419694e-08
1436.0,-2.6370087284621757e-07,-2.5111034694527815e-08,-1.5699487306009008e-07,-1.4250653487625008e-08,3.0689662837348147e-07,2.8864559808165142e-08
1437.0,-2.643131861851389e-07,-2.451103238889063e-08,-1.5748134703230665e-07,-1.3887668799518553e-08,3.07671635115182e-07,2.8163314650080462e-08
1438.0,-2.650362695977293e-07,-2.3900679665413625e-08,-1.580808198231587e-07,-1.3518526759371373e-08,3.0859969183108754e-07,2.7450025745296553e-08
1439.0,-2.6572517115852623e-07,-2.328013014264222e-08,-1.5864590907632703e-07,-1.3143324630446553e-08,3.094808411741869e-07,2.6724874830159468e-08
1440.0,-2.663386852730376e-07,-2.2649543570104562e-08,-1.5912302109288845e-07,-1.2762163666860843e-08,3.1025220565645945e-07,2.598805095179037e-08
1441.0,-2.668499213542841e-07,-2.2009085930699668e-08,-1.595052813441189e-07,-1.2375149177217301e-08,3.1088714239005466e-07,2.5239750588728423e-08
1442.0,-2.6713899696495513e-07,-2.1358929536684446e-08,-1.5972832975719164e-07,-1.1982390583526817e-08,3.11249711688966e-07,2.4480177763663394e-08
1443.0,-2.670503284896153e-07,-2.0699253116912232e-08,-1.5970489392058695e-07,-1.1584001473817952e-08,3.111615835680834e-07,2.3709544145421785e-08
1444.0,-2.666842140730541e-07,-2.0030241893220696e-08,-1.5951067805497487e-07,-1.1180099647007369e-08,3.1074768937084694e-07,2.2928069137669212e-08
1445.0,-2.661610308957174e-07,-1.9352087644213282e-08,-1.5921768727056307e-07,-1.0770807148846338e-08,3.1014829728253845e-07,2.2135979952214015e-08
1446.0,-2.6538012802557187e-07,-1.866498875510468e-08,-1.5871588074367615e-07,-1.0356250298055807e-08,3.0922054128260906e-07,2.1333511665315012e-08
1447.0,-2.64250118661713e-07,-1.7969150252779558e-08,-1.579522120598309e-07,-9.936559702095611e-09,3.078587768885649e-07,2.0520907255978497e-08
1448.0,-2.6287481605380414e-07,-1.7264783825717697e-08,-1.5703854455706434e-07,-9.511870262363432e-09,3.062095253121993e-07,1.9698417625841297e-08
1449.0,-2.6132744197771007e-07,-1.655210782894003e-08,-1.5603975193900776e-07,-9.082321168967447e-09,3.043689145031084e-07,1.8866301600845936e-08
1450.0,-2.596023843948192e-07,-1.5831347274601536e-08,-1.5492617101708905e-07,-8.648055885543317e-09,3.023169139322042e-07,1.8024825915486168e-08
1451.0,-2.577520683694212e-07,-1.510273380927096e-08,-1.5371079736814508e-07,-8.209222124872173e-09,3.001052115113394e-07,1.717426518090313e-08
1452.0,-2.5595552044510583e-07,-1.4366505679268407e-08,-1.5252215862515683e-07,-7.76597181628416e-09,2.979534146775339e-07,1.631490183851363e-08
1453.0,-2.543004120753034e-07,-1.362290768565927e-08,-1.5143925281846382e-07,-7.318461065988905e-09,2.9597727425578425e-07,1.5447026101127433e-08
1454.0,-2.527104671634639e-07,-1.2872191130612061e-08,-1.5041594925158108e-07,-6.866850111549977e-09,2.9408763660383683e-07,1.4570935883643153e-08
1455.0,-2.511285090156523e-07,-1.2114613756811203e-08,-1.4939941996028328e-07,-6.411303271710537e-09,2.922083412993093e-07,1.3686936725392944e-08
1456.0,-2.496445605099096e-07,-1.135043968147486e-08,-1.4843186298130195e-07,-5.951988892682166e-09,2.904383317337536e-07,1.2795341706036386e-08
1457.0,-2.4845837423570494e-07,-1.0579939326268914e-08,-1.4764161160307765e-07,-5.489079291832762e-09,2.8901489443383994e-07,1.1896471356591293e-08
1458.0,-2.4764635445095884e-07,-9.803389344040305e-09,-1.4710243534388212e-07,-5.0227506994591385e-09,2.8804139174249065e-07,1.0990653566745052e-08
1459.0,-2.4716012224368367e-07,-9.021072542828504e-09,-1.4679933500738596e-07,-4.553183199013156e-09,2.8746855616940677e-07,1.0078223489028994e-08
1460.0,-2.4700774185759666e-07,-8.23327780707178e-09,-1.4674693736560496e-07,-4.08056066577922e-09,2.873107867167084e-07,9.159523439782548e-09
1461.0,-2.472503982525742e-07,-7.4403000153319585e-09,-1.4698816169778084e-07,-3.60507070359287e-09,2.8764262395436027e-07,8.23490279611588e-09
1462.0,-2.478467376193505e-07,-6.64243995325186e-09,-1.4748048091095534e-07,-3.12690457876788e-09,2.8840682654590866e-07,7.304717887339679e-09
1463.0,-2.4863639890015943e-07,-5.8400042198706015e-09,-1.4809589737874163e-07,-2.6462571499892676e-09,2.8940016184939144e-07,6.369331878615175e-09
1464.0,-2.495153285098084e-07,-5.033305124892526e-09,-1.4876193805968274e-07,-2.1633267925595807e-09,2.904961503645625e-07,5.429114643933086e-09
1465.0,-2.5044853456390737e-07,-4.222660574072327e-09,-1.494614731423205e-07,-1.6783153150821948e-09,2.9165596242676286e-07,4.484442625002726e-09
1466.0,-2.513189004682559e-07,-3.4083939395737197e-09,-1.5012359659560826e-07,-1.1914278664507352e-09,2.927426924576838e-07,3.535698672260456e-09
1467.0,-2.520058962479643e-07,-2.5908339120051103e-09,-1.506678599244582e-07,-7.028728309039621e-10,2.936116069877959e-07,2.5832718640182386e-09
1468.0,-2.525324103025417e-07,-1.7703143308463934e-09,-1.511042188595546e-07,-2.1286170890926434e-10,2.942874499708872e-07,1.6275572997841399e-09
1469.0,-2.529244022969612e-07,-9.471739901596305e-10,-1.5143529910610631e-07,2.7839101824275684e-10,2.947938315036985e-07,6.689558640013447e-10
1470.0,-2.530078498930166e-07,-1.2175641681774434e-10,-1.5154032982633847e-07,7.70668042018564e-10,2.949193850382892e-07,-2.921260431361329e-10
1471.0,-2.5264317429773975e-07,7.05590381023714e-10,-1.513415011922259e-07,1.2637493999481607e-09,2.945043692415354e-07,-1.2552768105396583e-09
1472.0,-2.518674800805476e-07,1.5345141968644387e-09,-1.5088404151097912e-07,1.7574126697840928e-09,2.9360385131127267e-07,-2.220079958750589e-09
1473.0,-2.507726294120882e-07,2.3646589411315167e-09,-1.502164317379595e-07,2.2514331851418846e-09,2.923215490283561e-07,-3.1861145212497766e-09
1474.0,-2.493689656019038e-07,3.1956649889087223e-09,-1.49319559328287e-07,2.7455842727032814e-09,2.9065651859773813e-07,-4.1529554646990035e-09
1475.0,-2.4767054399021937e-07,4.027169559409228e-09,-1.4820501083312454e-07,3.2396375104925667e-09,2.886267894642799e-07,-5.1201741472507335e-09
1476.0,-2.4575066186194316e-07,4.858807125646611e-09,-1.46941222037289e-07,3.733363006168614e-09,2.863304219593073e-07,-6.087338813057151e-09
1477.0,-2.436764835050953e-07,5.690209851971203e-09,-1.455933641009155e-07,4.226529693737416e-09,2.8385851455193436e-07,-7.054015120157733e-09
1478.0,-2.415122478949261e-07,6.521008056429595e-09,-1.4419968041856634e-07,4.718905646605612e-09,2.812858221028513e-07,-8.019766698067178e-09
1479.0,-2.393030429787002e-07,7.350830694303897e-09,-1.4277021975761528e-07,5.210258404486066e-09,2.7865620759011164e-07,-8.984155730659204e-09
1480.0,-2.371211584029087e-07,8.179305858718693e-09,-1.4133661560555844e-07,5.700355311348072e-09,2.760479716882026e-07,-9.946743559376385e-09
1481.0,-2.3508484685297315e-07,9.006061293885767e-09,-1.3997908096530232e-07,6.1889638613891844e-09,2.736037798126636e-07,-1.0907091301412455e-08
1482.0,-2.3326271229862083e-07,9.830724916399687e-09,-1.38765553048259e-07,6.675852049899757e-09,2.7141733854287634e-07,-1.186476047732463e-08
1483.0,-2.316773006355577e-07,1.0652925340005587e-08,-1.3773618876000704e-07,7.160788725898056e-09,2.695285315581838e-07,-1.2819313642543872e-08
1484.0,-2.3038699158151044e-07,1.1472292399428657e-08,-1.3693472522557926e-07,7.643543943530733e-09,2.68009859636887e-07,-1.3770315017455292e-08
1485.0,-2.295018657338943e-07,1.2288457669169855e-08,-1.3641896191851632e-07,8.12388930945277e-09,2.669854669195761e-07,-1.471733111110402e-08
1486.0,-2.2906603450167928e-07,1.3101054973614105e-08,-1.3619996240554766e-07,8.601598323708635e-09,2.6649892668000957e-07,-1.5659931334118512e-08
1487.0,-2.289738442046163e-07,1.3909720885337534e-08,-1.3621066161095818e-07,9.076446712012386e-09,2.6642515959709e-07,-1.659768859709995e-08
1488.0,-2.2912395854224332e-07,1.4714095209105464e-08,-1.3639231495610193e-07,9.54821274774476e-09,2.666470550318382e-07,-1.7530179891461426e-08
1489.0,-2.2946369541976264e-07,1.551382144968468e-08,-1.3671698857742332e-07,1.0016677562422605e-08,2.6710507760312774e-07,-1.845698685046721e-08
1490.0,-2.2991831602481305e-07,1.6308547262212425e-08,-1.371296473040573e-07,1.0481625443823192e-08,2.6770687741150947e-07,-1.937769628897258e-08
1491.0,-2.304380470330436e-07,1.7097924884435005e-08,-1.3757171807293744e-07,1.0942844121338762e-08,2.68379714460581e-07,-2.0291900721056115e-08
1492.0,-2.309985176474072e-07,1.7881611550622895e-08,-1.3802093346004796e-07,1.1400125038475282e-08,2.6909123588196344e-07,-2.1199198855333622e-08
1493.0,-2.3150916998726512e-07,1.8659269887364628e-08,-1.3843291181425688e-07,1.18532636126789e-08,2.6974092544804215e-07,-2.209919606822096e-08
1494.0,-2.3179330789491193e-07,1.9430568291725924e-08,-1.3870959876538524e-07,1.2302059482864438e-08,2.701268042503735e-07,-2.299150485575438e-08
1495.0,-2.3181473172984024e-07,2.0195181292424567e-08,-1.3881198786258597e-07,1.2746316745127937e-08,2.701977753819237e-07,-2.3875745264773506e-08
1496.0,-2.3163145672355778e-07,2.0952789894716854e-08,-1.3876675544755024e-07,1.3185844177150447e-08,2.7001730344797835e-07,-2.4751545304323472e-08
1497.0,-2.3128971447794466e-07,2.1703081909626e-08,-1.3858987600590122e-07,1.36204554517493e-08,2.696332430443625e-07,-2.561854133805064e-08
1498.0,-2.307412316909785e-07,2.2445752267983885e-08,-1.3825417737034496e-07,1.404996933991702e-08,2.68990210904822e-07,-2.6476378458170262e-08
1499.0,-2.2996471359115755e-07,2.3180503319526366e-08,-1.377545897907062e-07,1.4474209903522314e-08,2.680673357674688e-07,-2.7324710841300964e-08
1500.0,-2.2896067107536222e-07,2.390704511700256e-08,-1.3712149607436608e-07,1.489300667764783e-08,2.6688067293259097e-07,-2.8163202086118217e-08
1501.0,-2.2775971182664723e-07,2.4625095684952234e-08,-1.3637896405238603e-07,1.5306194842323157e-08,2.6546884594497976e-07,-2.8991525532405117e-08
1502.0,-2.2641531884082244e-07,2.5334381272496286e-08,-1.355518561840796e-07,1.5713615383194884e-08,2.638905119945404e-07,-2.980936456070249e-08
1503.0,-2.2496543804206848e-07,2.6034636589197198e-08,-1.3463947078073968e-07,1.611511524047559e-08,2.621778697861004e-07,-3.061641287141016e-08
1504.0,-2.2347521309862284e-07,2.6725605022801863e-08,-1.3367588298784927e-07,1.6510547445344502e-08,2.604043251600404e-07,-3.1412374741894675e-08
1505.0,-2.219305618028633e-07,2.7407038837499235e-08,-1.3267246116999143e-07,1.689977124284772e-08,2.58563640551098e-07,-3.219696525994053e-08
1506.0,-2.2034139289528465e-07,2.807869935122651e-08,-1.3164961579215095e-07,1.7282652200275976e-08,2.5667479572652855e-07,-3.296991053176081e-08
1507.0,-2.1886499787515667e-07,2.8740357090552205e-08,-1.3071786045260048e-07,1.765906229999126e-08,2.549294928724369e-07,-3.373094786277581e-08
1508.0,-2.1770428161593802e-07,2.9391791921761012e-08,-1.2999947487934982e-07,1.8028880015737244e-08,2.5356462234077203e-07,-3.44798259094831e-08
1509.0,-2.1688907081429676e-07,3.0032793156967254e-08,-1.2950170838466057e-07,1.8391990371604217e-08,2.526095040041738e-07,-3.521630480098597e-08
1510.0,-2.162962337154406e-07,3.0663159634387426e-08,-1.2912461591629842e-07,1.8748284983025127e-08,2.5190717964166104e-07,-3.594015622911325e-08
1511.0,-2.1580995071546205e-07,3.128269977229458e-08,-1.2879462968351518e-07,1.909766207944588e-08,2.513204955094669e-07,-3.665116350653715e-08
1512.0,-2.1556469623207342e-07,3.189123159663632e-08,-1.286494132057836e-07,1.944002650862564e-08,2.5103547514209724e-07,-3.734912159285009e-08
1513.0,-2.1575094646952842e-07,3.248858274279816e-08,-1.2884746310171113e-07,1.9775289722865037e-08,2.512969153217845e-07,-3.8033837089166225e-08
1514.0,-2.1634008461057785e-07,3.3074590432509196e-08,-1.2934145597609525e-07,2.0103369747816137e-08,2.520560343323051e-07,-3.8705128202438376e-08
1515.0,-2.1723025429853937e-07,3.36491014273925e-08,-1.3001348107832822e-07,2.042419113488059e-08,2.5316494355402547e-07,-3.936282468129568e-08
1516.0,-2.1828100255083527e-07,3.4211971961128765e-08,-1.3078292575297024e-07,2.073768489853098e-08,2.544617254973814e-07,-4.000676772577634e-08
1517.0,-2.19408688911793e-07,3.47630676525956e-08,-1.3163346104794194e-07,2.1043788440170245e-08,2.5586625576158336e-07,-4.0636809873811176e-08
1518.0,-2.2043860695153406e-07,3.5302263402632216e-08,-1.3246000814259862e-07,2.1342445460351458e-08,2.5717471336014006e-07,-4.1252814867667245e-08
1519.0,-2.2131725750662579e-07,3.58294432772337e-08,-1.3318558990393914e-07,2.1633605861295242e-08,2.583016256788067e-07,-4.185465750375175e-08
1520.0,-2.2205826656629402e-07,3.634450037998204e-08,-1.3377501101308198e-07,2.191722564165296e-08,2.592404816420026e-07,-4.2442223469185604e-08
1521.0,-2.2259903140198212e-07,3.684733671636959e-08,-1.3417822260219925e-07,2.21932667853657e-08,2.5991176233827117e-07,-4.30154091683748e-08
1522.0,-2.2277792943725672e-07,3.733786305236826e-08,-1.3430983150652942e-07,2.2461697146264507e-08,2.6013292118388947e-07,-4.357412154244371e-08
1523.0,-2.2245194269965296e-07,3.7815998769160456e-08,-1.3410891464005203e-07,2.272249032975636e-08,2.5975001019592366e-07,-4.411827788386452e-08
1524.0,-2.2177687092339582e-07,3.8281671715395295e-08,-1.3369976321897514e-07,2.2975625572559544e-08,2.5896062859319484e-07,-4.4647805647947373e-08
1525.0,-2.2093234240683213e-07,3.87348180576967e-08,-1.3319360640806632e-07,2.3221087621013575e-08,2.579760390217599e-07,-4.516264226208411e-08
1526.0,-2.1999971584751865e-07,3.917538212946391e-08,-1.3262067175001668e-07,2.3458866608019277e-08,2.568815243422824e-07,-4.5662734932808365e-08
1527.0,-2.1890671512980742e-07,3.960331627731002e-08,-1.319350173417666e-07,2.3688957928190877e-08,2.5559146842157095e-07,-4.614804044989553e-08
1528.0,-2.1756448649601356e-07,4.001858070381498e-08,-1.3106937235551896e-07,2.391136211034702e-08,2.5399505143593595e-07,-4.661852498591797e-08
1529.0,-2.1591153474831426e-07,4.042114330465516e-08,-1.299909188762216e-07,2.4126084686049562e-08,2.5202267720912923e-07,-4.707416388892902e-08
1530.0,-2.1404476496789115e-07,4.0810979497633826e-08,-1.2877228412755404e-07,2.433313605253308e-08,2.497948409587101e-07,-4.751494146530028e-08
1531.0,-2.1212550535554264e-07,4.1188072040700794e-08,-1.2752841480057064e-07,2.4532531328070066e-08,2.475090434790025e-07,-4.794085074920879e-08
1532.0,-2.1034698735600266e-07,4.155241083573696e-08,-1.2636106223873345e-07,2.4724290197603707e-08,2.453833187888847e-07,-4.8351893254893996e-08
1533.0,-2.0877461281987308e-07,4.190399271471802e-08,-1.2530843407354553e-07,2.490843674636876e-08,2.4349341389050343e-07,-4.87480787076081e-08
1534.0,-2.0736967193402123e-07,4.224282120487594e-08,-1.2436849786134907e-07,2.508499927922297e-08,2.4180509526954136e-07,-4.912942474918832e-08
1535.0,-2.0603294351162482e-07,4.256890626965436e-08,-1.235026575729936e-07,2.525401012353113e-08,2.402134056202037e-07,-4.949595661439359e-08
1536.0,-2.0487280655290263e-07,4.2882264022599294e-08,-1.227735639541816e-07,2.5415505413678267e-08,2.388434945123576e-07,-4.984770677456486e-08
1537.0,-2.0411273669862506e-07,4.318291641182614e-08,-1.223079919843162e-07,2.556952485562968e-08,2.3795220987802949e-07,-5.0184714545772296e-08
1538.0,-2.0387826106527118e-07,4.3470890873343045e-08,-1.221737954970603e-07,2.5716111470392265e-08,2.3768210206314734e-07,-5.0507025659385406e-08
1539.0,-2.040727785229679e-07,4.374621995226791e-08,-1.2231558631226047e-07,2.5855311315749824e-08,2.3792183924347163e-07,-5.081469179391826e-08
1540.0,-2.0451783425134984e-07,4.400894089182646e-08,-1.2264106601100888e-07,2.598717318622604e-08,2.3847091143193806e-07,-5.110777006802994e-08
1541.0,-2.0522269882083943e-07,4.425909519092426e-08,-1.2317349262769284e-07,2.611174829184783e-08,2.393492540147415e-07,-5.138632249565543e-08
1542.0,-2.0623144396381132e-07,4.4496728132006244e-08,-1.2393404173749456e-07,2.622908991691166e-08,2.4060560089239337e-07,-5.165041540535589e-08
1543.0,-2.0754965864011599e-07,4.472188828181113e-08,-1.2489844830598784e-07,2.6339253060568113e-08,2.4223229180039597e-07,-5.19001188270587e-08
1544.0,-2.0910909410976064e-07,4.493462696845914e-08,-1.2600704210607994e-07,2.644229406161036e-08,2.441400989180764e-07,-5.213550585036446e-08
1545.0,-2.107773098836141e-07,4.5134997739047816e-08,-1.2717526935712709e-07,2.6538270210356645e-08,2.461719388919682e-07,-5.23566519594887e-08
1546.0,-2.1233335628645378e-07,4.532305580254101e-08,-1.2826917338004673e-07,2.6627239350933642e-08,2.480694157518629e-07,-5.2563634350644174e-08
1547.0,-2.1360613884635615e-07,4.5498857463194653e-08,-1.291777697309815e-07,2.6709259477578442e-08,2.4962868173653297e-07,-5.275653123822282e-08
1548.0,-2.146513925910254e-07,4.566245955005073e-08,-1.299345325916912e-07,2.6784388328769494e-08,2.5091473273024e-07,-5.293542115648237e-08
1549.0,-2.155549771593046e-07,4.5813918848141174e-08,-1.3057693536155934e-07,2.6852682983067848e-08,2.5202040438536954e-07,-5.310038226357388e-08
1550.0,-2.1631326865834133e-07,4.595329153698483e-08,-1.3109090489515918e-07,2.691419946050425e-08,2.5293527935795635e-07,-5.325149165467246e-08
1551.0,-2.1687258039415624e-07,4.608063264174895e-08,-1.314539177649232e-07,2.6968992333197485e-08,2.536017520100501e-07,-5.338882469071516e-08
1552.0,-2.1710024912524606e-07,4.619599550210506e-08,-1.3160441568460524e-07,2.701711434864958e-08,2.5387445794709295e-07,-5.351245434883297e-08
1553.0,-2.1697211685656193e-07,4.62994312633581e-08,-1.3153595797288364e-07,2.7058616068850075e-08,2.537293986377254e-07,-5.3622450600016454e-08
1554.0,-2.1663269667016039e-07,4.639098839389135e-08,-1.3133789479591318e-07,2.7093545527951756e-08,2.533364716656646e-07,-5.371887981890397e-08
1555.0,-2.162965013208229e-07,4.647071223237479e-08,-1.3113687155619225e-07,2.7121947910872596e-08,2.5294476781537506e-07,-5.380180422986152e-08
1556.0,-2.1596817252611533e-07,4.6538644567560484e-08,-1.3092094294786527e-07,2.71438652547531e-08,2.5255206363565533e-07,-5.3871281392769045e-08
1557.0,-2.1549986482793937e-07,4.6594823252864264e-08,-1.306085947588853e-07,2.715933617477339e-08,2.519896759110398e-07,-5.3927363731174137e-08
1558.0,-2.1484567407081823e-07,4.663928185733071e-08,-1.3018596584091213e-07,2.716839561542404e-08,2.5121116489693565e-07,-5.397009810474604e-08
1559.0,-2.1400920587055783e-07,4.667204935401284e-08,-1.2966347816278923e-07,2.7171074627939457e-08,2.502250142703941e-07,-5.399952542728009e-08
1560.0,-2.1309481715303669e-07,4.6693149846281984e-08,-1.2909351326806373e-07,2.716740017425049e-08,2.491476194254681e-07,-5.401568033087859e-08
1561.0,-2.1220291508694533e-07,4.6702602332130086e-08,-1.2851856201478995e-07,2.71573949575033e-08,2.480868758192314e-07,-5.4018590876386315e-08
1562.0,-2.1136301603386087e-07,4.6700420506153275e-08,-1.279395221154278e-07,2.714107727893447e-08,2.4706850439919326e-07,-5.400827830970631e-08
1563.0,-2.1048714884952524e-07,4.668661259862565e-08,-1.272922095507667e-07,2.7118460920696533e-08,2.4598403696808964e-07,-5.3984756863280626e-08
1564.0,-2.095098804305584e-07,4.666118125089628e-08,-1.2655281846074562e-07,2.7089555054101057e-08,2.447652055713502e-07,-5.394803360180477e-08
1565.0,-2.0860900165620144e-07,4.6624123426275846e-08,-1.258762683115089e-07,2.705436417269242e-08,2.4364431143785817e-07,-5.389810831115929e-08
1566.0,-2.0805705577831013e-07,4.6575430355623815e-08,-1.2545756099269223e-07,2.701288804958913e-08,2.429554240377727e-07,-5.3834973429592664e-08
1567.0,-2.0810665374293436e-07,4.651508751700415e-08,-1.254593262195458e-07,2.6965121718633694e-08,2.4299881042413355e-07,-5.3758614020377635e-08
1568.0,-2.0880347807727961e-07,4.644307464904281e-08,-1.2591888108592908e-07,2.6911055479075776e-08,2.438328465795807e-07,-5.366900778548564e-08
1569.0,-2.100396836735019e-07,4.635936579797672e-08,-1.2678441585478595e-07,2.6850674923764794e-08,2.4533845361317504e-07,-5.356612512025857e-08
1570.0,-2.1158888363626005e-07,4.626392939879857e-08,-1.2790614045687931e-07,2.6783960991123516e-08,2.4724448718831677e-07,-5.344992920956524e-08
1571.0,-2.1325134426375403e-07,4.6156728391326105e-08,-1.2910311371350236e-07,2.6710890041478937e-08,2.492864813840086e-07,-5.3320376166450495e-08
1572.0,-2.1496053886904676e-07,4.603772037240564e-08,-1.3029917862728002e-07,2.6631433958601504e-08,2.5136807518421025e-07,-5.317741521475314e-08
1573.0,-2.1682313980364576e-07,4.590685778575001e-08,-1.315789470990314e-07,2.654556027751446e-08,2.536243152262831e-07,-5.302098891752663e-08
1574.0,-2.1874413984324104e-07,4.576408815107723e-08,-1.3289016725925862e-07,2.6453232339755596e-08,2.5594686024632756e-07,-5.2851033453300774e-08
1575.0,-2.2044623834704957e-07,4.560935433423574e-08,-1.3403205001427665e-07,2.6354409477289384e-08,2.579944465146367e-07,-5.266747894224745e-08
1576.0,-2.2175174112237794e-07,4.544259485986379e-08,-1.3489166393598762e-07,2.624904722617054e-08,2.595565365969918e-07,-5.247024982414537e-08
1577.0,-2.226842856500877e-07,4.526374426783073e-08,-1.3549676888824358e-07,2.613709757085008e-08,2.606677299832949e-07,-5.2259265289673006e-08
1578.0,-2.2329289110778472e-07,4.5072733514252834e-08,-1.3588109594453446e-07,2.6018509219697416e-08,2.613874278812215e-07,-5.203443976600541e-08
1579.0,-2.2366697551012837e-07,4.486949041728625e-08,-1.3609853875828914e-07,2.5893227911902114e-08,2.6182003014664464e-07,-5.179568345697345e-08
1580.0,-2.2385319770057421e-07,4.465394014720556e-08,-1.3618349371802285e-07,2.576119675543885e-08,2.6202327774840754e-07,-5.1542902937201526e-08
1581.0,-2.238324169762107e-07,4.4426005759515195e-08,-1.361348061640344e-07,2.5622356595253797e-08,2.6198022127391884e-07,-5.1276001798716486e-08
1582.0,-2.2350955190819644e-07,4.418560876904651e-08,-1.358955531993722e-07,2.5476646410284314e-08,2.6158004735370423e-07,-5.099488134755797e-08
1583.0,-2.2288273390791424e-07,4.393266976219757e-08,-1.3546240223982764e-07,2.5324003737377633e-08,2.6081943082303314e-07,-5.069944134695645e-08
1584.0,-2.2208003917778552e-07,4.3667109043704096e-08,-1.349153150170812e-07,2.5164365119647662e-08,2.598493525629129e-07,-5.038958080271526e-08
1585.0,-2.2123498433224142e-07,4.338884731361739e-08,-1.3432872443541743e-07,2.4997666576320863e-08,2.5882257339910176e-07,-5.006519878557046e-08
1586.0,-2.203544560985815e-07,4.3097806369537675e-08,-1.3369542338492746e-07,2.482384409069124e-08,2.5774125117368523e-07,-4.972619528454201e-08
1587.0,-2.1932734614593663e-07,4.2793909828634915e-08,-1.329376264902482e-07,2.4642834112447886e-08,2.564700709718002e-07,-4.9372472084663853e-08
1588.0,-2.1813487732780246e-07,4.247708386360595e-08,-1.320560429757256e-07,2.445457407037046e-08,2.549933787242761e-07,-4.90039336620134e-08
1589.0,-2.1698580947304702e-07,4.2147257946481014e-08,-1.3119542723039057e-07,2.4259002891219503e-08,2.535647484151497e-07,-4.862048808867218e-08
1590.0,-2.160966150327459e-07,4.1804365594117163e-08,-1.3050565612904297e-07,2.4056061520589126e-08,2.5244697128363966e-07,-4.822204794015387e-08
1591.0,-2.156389307117479e-07,4.1448345109310484e-08,-1.3010691858605927e-07,2.3845693441547815e-08,2.5184907921702923e-07,-4.780853119794688e-08
1592.0,-2.1570205577248203e-07,4.1079140311727565e-08,-1.3008323468399752e-07,2.3627845187073164e-08,2.5189089862543054e-07,-4.7379862140141674e-08
1593.0,-2.1631838488522792e-07,4.069670125329161e-08,-1.3046932130500455e-07,2.3402466842583205e-08,2.526180663395675e-07,-4.69359722136387e-08
1594.0,-2.1742616945763515e-07,4.0300984913235705e-08,-1.3121827281692422e-07,2.3169512535265218e-08,2.539534884306121e-07,-4.647680088213284e-08
1595.0,-2.1885969953006068e-07,3.989195586871673e-08,-1.3219126097918643e-07,2.292894090737459e-08,2.556835887530833e-07,-4.6002296444897033e-08
1596.0,-2.204935880267822e-07,3.9469586937620146e-08,-1.332868659748021e-07,2.2680715571187964e-08,2.5764861925170336e-07,-4.551241682228281e-08
1597.0,-2.223946317381209e-07,3.903385979092789e-08,-1.3455245674587335e-07,2.242480554380939e-08,2.599302518797774e-07,-4.5007130304756905e-08
1598.0,-2.2451842469906058e-07,3.858476553272363e-08,-1.3597415743360486e-07,2.216118566051293e-08,2.62483322363777e-07,-4.448641626314452e-08
1599.0,-2.266376215587229e-07,3.812230524653322e-08,-1.3739034807058736e-07,2.1889836965733534e-08,2.650296573003709e-07,-4.395026581850492e-08
1600.0,-2.2853635847641662e-07,3.7646490507213754e-08,-1.3864482613368256e-07,2.1610747081169033e-08,2.673036755439406e-07,-4.339868247068821e-08
1601.0,-2.301956416872475e-07,3.715734385798977e-08,-1.3971923915057083e-07,2.1323910550715806e-08,2.6927959306382287e-07,-4.2831682685085966e-08
1602.0,-2.316369075577862e-07,3.665489925247796e-08,-1.406290513761288e-07,2.1029329162120622e-08,2.7098373942708123e-07,-4.224929643737887e-08
1603.0,-2.328774857535132e-07,3.613920246164269e-08,-1.4138895339244062e-07,2.0727012245292326e-08,2.7243854263354054e-07,-4.165156771620256e-08
1604.0,-2.3391662037908212e-07,3.5610311445595925e-08,-1.4201775398736682e-07,2.0416976947189262e-08,2.7365311570889864e-07,-4.103855498361419e-08
1605.0,-2.3477603006138992e-07,3.506829669001882e-08,-1.4253320292090255e-07,2.009924848309666e-08,2.7465523520639077e-07,-4.041033159307239e-08
1606.0,-2.3542664537301583e-07,3.451324150676062e-08,-1.4291209675387773e-07,1.9773860363949868e-08,2.754080114124886e-07,-3.9766986164372425e-08
1607.0,-2.358367816313045e-07,3.394524229788832e-08,-1.431289310682704e-07,1.944085459916167e-08,2.7587112657717064e-07,-3.910862291463401e-08
1608.0,-2.3599064342960663e-07,3.336440878214166e-08,-1.4317916810502318e-07,1.9100281874190107e-08,2.760287267035194e-07,-3.843536194405175e-08
1609.0,-2.35966589670622e-07,3.2770864182414864e-08,-1.431218364655873e-07,1.8752201701853806e-08,2.7597842581271823e-07,-3.774733947471446e-08
1610.0,-2.358203444741136e-07,3.2164745372565554e-08,-1.429747344822152e-07,1.839668254618078e-08,2.7577710123965973e-07,-3.704470804041046e-08
1611.0,-2.3549413871726266e-07,3.1546202981566795e-08,-1.4268909435954935e-07,1.8033801917380033e-08,2.753500808413423e-07,-3.6327636624990694e-08
1612.0,-2.3493282425013362e-07,3.09154014527951e-08,-1.4222995803336858e-07,1.7663646436369965e-08,2.7463210459142967e-07,-3.5596310746590413e-08
1613.0,-2.341923391047107e-07,3.027251905610763e-08,-1.416290753147864e-07,1.7286311867197827e-08,2.73687498197958e-07,-3.485093248483883e-08
1614.0,-2.3346399805057594e-07,2.961774785032682e-08,-1.4101506662367314e-07,1.690190311565468e-08,2.72746562582626e-07,-3.4091720448140934e-08
1615.0,-2.32921522680396e-07,2.8951293593839586e-08,-1.4052287512777983e-07,1.6510534192445398e-08,2.720277819670848e-07,-3.331890967822039e-08
1616.0,-2.327484279335268e-07,2.8273375601249124e-08,-1.4029047215591284e-07,1.611232813942589e-08,2.7175953945217283e-07,-3.253275148938867e-08
1617.0,-2.3301350646209862e-07,2.7584226544399255e-08,-1.4038408263639113e-07,1.5707416917678486e-08,2.720348963854152e-07,-3.173351324046658e-08
1618.0,-2.3371675328398567e-07,2.688409219662232e-08,-1.4080453994425035e-07,1.5295941256560454e-08,2.7285424540314454e-07,-3.0921478037927114e-08
1619.0,-2.347990191303717e-07,2.617323111972339e-08,-1.4149012556030627e-07,1.4878050463317798e-08,2.7413506710316336e-07,-3.009694436963135e-08
1620.0,-2.3617137195897087e-07,2.5451914293974343e-08,-1.4236477871576447e-07,1.445390219338451e-08,2.757619392732999e-07,-2.9260225669453397e-08
1621.0,-2.3786693410798865e-07,2.4720424692212416e-08,-1.4345891077849338e-07,1.4023662182057804e-08,2.777789362491079e-07,-2.841164981408803e-08
1622.0,-2.3991957327773594e-07,2.397905679997608e-08,-1.448034929046882e-07,1.3587503938821966e-08,2.802310710809367e-07,-2.755155855435339e-08
1623.0,-2.4218744362758393e-07,2.3228116084427693e-08,-1.4629698029400284e-07,1.3145608406159408e-08,2.8294445443232845e-07,-2.6680306884292338e-08
1624.0,-2.444946433921569e-07,2.246791841556918e-08,-1.4781100350635956e-07,1.2698163585210776e-08,2.8570215855855027e-07,-2.5798262352294868e-08
1625.0,-2.4679217185130664e-07,2.169878944392056e-08,-1.4930177477667783e-07,1.2245364131104076e-08,2.884395881957792e-07,-2.490580431926861e-08
1626.0,-2.49047018355264e-07,2.092106393937342e-08,-1.507404774753196e-07,1.178741092114538e-08,2.9111356701661046e-07,-2.40033231695413e-08
1627.0,-2.5117659900597555e-07,2.0135085096331074e-08,-1.5208410754363744e-07,1.1324510599337599e-08,2.936311626097498e-07,-2.3091219480662953e-08
1628.0,-2.53155253163162e-07,1.9341203810494738e-08,-1.5333713343501643e-07,1.0856875100862447e-08,2.959727330248053e-07,-2.2169903158574495e-08
1629.0,-2.5501191419641245e-07,1.8539777932749006e-08,-1.5451617180195498e-07,1.0384721160224369e-08,2.981716346845382e-07,-2.1239792544723166e-08
1630.0,-2.566855299701576e-07,1.7731171505546344e-08,-1.5557641987185011e-07,9.908269806719016e-09,3.001524341333964e-07,-2.0301313501640147e-08
1631.0,-2.5808875586674773e-07,1.6915753987000104e-08,-1.5646070791741629e-07,9.427745850761035e-09,3.0181080005007237e-07,-1.935489848326743e-08
1632.0,-2.5918603231700477e-07,1.609389946758435e-08,-1.5714121356924515e-07,8.943377364396446e-09,3.03101897635509e-07,-1.8400985595945712e-08
1633.0,-2.5998154074002855e-07,1.526598588392442e-08,-1.576178795953398e-07,8.45539515904605e-09,3.0402927078439365e-07,-1.7440017655476736e-08
1634.0,-2.6048992138316684e-07,1.4432394233668914e-08,-1.5789378700337142e-07,7.964032263192739e-09,3.04607037207735e-07,-1.6472441245078496e-08
1635.0,-2.6071581991915505e-07,1.3593507794888255e-08,-1.5797280165930072e-07,7.46952340235587e-09,3.04841179666078e-07,-1.549870577839385e-08
1636.0,-2.606808751637324e-07,1.2749711352878942e-08,-1.5786264007111583e-07,6.97210448331042e-09,3.0475421540374483e-07,-1.4519262571029169e-08
1637.0,-2.6038461058142115e-07,1.1901390436698744e-08,-1.5755950877327507e-07,6.472012084129759e-09,3.0434379282731246e-07,-1.3534563923429462e-08
1638.0,-2.5991952898318793e-07,1.1048930567247846e-08,-1.5711569248400004e-07,5.969482951280843e-09,3.037161542815415e-07,-1.2545062217279119e-08
1639.0,-2.593995289956741e-07,1.0192716518276592e-08,-1.5661950783507628e-07,5.46475350470105e-09,3.030144978011433e-07,-1.1551209027090333e-08
1640.0,-2.5895920453822274e-07,9.333131591369036e-09,-1.5618860375876675e-07,4.958059351557324e-09,3.024148633238488e-07,-1.055345424823954e-08
1641.0,-2.5877464483736734e-07,8.470556905746948e-09,-1.5596279138996305e-07,4.449634809247924e-09,3.021402143192044e-07,-9.552245242464614e-09
1642.0,-2.5898196902296444e-07,7.60537070367664e-09,-1.560245341397648e-07,3.939712438166894e-09,3.023496577351169e-07,-8.548026001761335e-09
1643.0,-2.5960493187093814e-07,6.737947672344097e-09,-1.563664218801053e-07,3.4285225848139554e-09,3.0305969468621444e-07,-7.54123633172131e-09
1644.0,-2.6055448561213e-07,5.86865828328306e-09,-1.5692637067576953e-07,2.9162929359910323e-09,3.0416200582267123e-07,-6.5323110556230606e-09
1645.0,-2.6180488119087464e-07,4.9978681507723316e-09,-1.5770150171845465e-07,2.4032480850632884e-09,3.0563304706726946e-07,-5.521679240994199e-09
1646.0,-2.6342462325357197e-07,4.125937411029997e-09,-1.587449884321579e-07,1.889609111554236e-09,3.075589431127183e-07,-4.509763450865466e-09
1647.0,-2.653887329479021e-07,3.2532201244853916e-09,-1.6002709342377575e-07,1.3755931756640126e-09,3.099029690166823e-07,-3.496979022490776e-09
1648.0,-2.67609759532772e-07,2.380063703867219e-09,-1.6147139517141973e-07,8.61413129621396e-10,3.125507876422532e-07,-2.4837333768650225e-09
1649.0,-2.7000566762969136e-07,1.5068083712711604e-09,-1.6301215532976698e-07,3.472771480774515e-10,3.1539819805669695e-07,-1.4704253628890622e-09
1650.0,-2.72390928660049e-07,6.337866477266296e-10,-1.645435985797583e-07,-1.6661162000275936e-10,3.1823169837378005e-07,-4.5744464046453555e-10
1651.0,-2.746585817114955e-07,-2.386771209611349e-10,-1.6599554818197415e-07,-6.800553753161964e-10,3.209234465164618e-07,5.54828892887073e-10
1652.0,-2.768910240258382e-07,-1.1102671981865476e-09,-1.6742280652126684e-07,-1.1928619653407487e-09,3.2357230309396827e-07,1.5660256271277659e-09
1653.0,-2.791586546785352e-07,-1.9806768464383456e-09,-1.6887385319297454e-07,-1.7048451518778345e-09,3.262635940067049e-07,2.5757867117860722e-09
1654.0,-2.814035129361514e-07,-2.849608669369689e-09,-1.7032089126567396e-07,-2.215824846404735e-09,3.2893334141485304e-07,3.583764470463581e-09
1655.0,-2.835330395883906e-07,-3.716774902597882e-09,-1.7170100465035976e-07,-2.725627310825704e-09,3.3146978676219456e-07,4.589622753568743e-09
1656.0,-2.8535644384930503e-07,-4.581897650226398e-09,-1.7288173918827976e-07,-3.2340853215093695e-09,3.3364111825595773e-07,5.593037225611462e-09
1657.0,-2.8672755705838604e-07,-5.44470906465473e-09,-1.7374937655301181e-07,-3.7410382948909975e-09,3.3526338575697513e-07,6.593695584084433e-09
1658.0,-2.876527442352561e-07,-6.304951467939853e-09,-1.7429446168282237e-07,-4.2463323733951465e-09,3.363371234927517e-07,7.591297707801558e-09
1659.0,-2.882333400983095e-07,-7.162377413776929e-09,-1.7458906301226484e-07,-4.749820470985336e-09,3.369863487854194e-07,8.585555733536558e-09
1660.0,-2.8846710728447356e-07,-8.016749690045918e-09,-1.746548371206469e-07,-5.251362278251628e-09,3.3722037915095175e-07,9.576194060870145e-09
1661.0,-2.884043601297792e-07,-8.867841262786355e-09,-1.7452193133704608e-07,-5.7508242275778094e-09,3.3709787815926697e-07,1.0562949286263558e-08
1662.0,-2.880404509630896e-07,-9.715435163371646e-09,-1.7418002648539321e-07,-6.248079419557276e-09,3.366095408889539e-07,1.1545570068479083e-08
1663.0,-2.8744418203996425e-07,-1.0559324321516347e-08,-1.7365627791310345e-07,-6.743007512422008e-09,3.3582832019836734e-07,1.2523816928513812e-08
1664.0,-2.8670153384702246e-07,-1.1399311347526724e-08,-1.7301898734556342e-07,-7.235494576786105e-09,3.348631653262562e-07,1.349746198815567e-08
1665.0,-2.8590927150795586e-07,-1.2235208267862617e-08,-1.7237277062653877e-07,-7.725432918460536e-09,3.3385099009540077e-07,1.4466288652068778e-08
1666.0,-2.8539583417364067e-07,-1.3066836218588162e-08,-1.7191002564531654e-07,-8.212720872448405e-09,3.3317238643237166e-07,1.5430091238933925e-08
1667.0,-2.8518485326034515e-07,-1.3894025101627658e-08,-1.7167524407613044e-07,-8.697262571464268e-09,3.3287053032331285e-07,1.6388674567580903e-08
1668.0,-2.8523818185188787e-07,-1.4716613208899694e-08,-1.7162657148239724e-07,-9.178967692428762e-09,3.328911239804586e-07,1.7341853504239375e-08
1669.0,-2.8555769074345427e-07,-1.5534446819379977e-08,-1.7174216720983182e-07,-9.65775118437262e-09,3.33224499010298e-07,1.828945247700654e-08
1670.0,-2.861352846467158e-07,-1.63473797739566e-08,-1.720616498307459e-07,-1.0133532981053684e-08,3.3388413029423137e-07,1.9231304963402734e-08
1671.0,-2.872084539223829e-07,-1.715527303261635e-08,-1.727377145488429e-07,-1.0606237701364554e-08,3.3515222516349653e-07,2.0167252956491004e-08
1672.0,-2.887159406272932e-07,-1.7957994218066845e-08,-1.7372295735285093e-07,-1.1075794340308303e-08,3.369518664197057e-07,2.1097146414510036e-08
1673.0,-2.903882488636267e-07,-1.875541714939006e-08,-1.7480324837615413e-07,-1.154213595296818e-08,3.3894175122126665e-07,2.2020842698352276e-08
1674.0,-2.921472863071095e-07,-1.9547421368774274e-08,-1.759160953851424e-07,-1.2005199333520797e-08,3.410227404619269e-07,2.293820600055502e-08
1675.0,-2.9411673022061713e-07,-2.0333891663823086e-08,-1.771461120708695e-07,-1.24649246909681e-08,3.4334442767794026e-07,2.3849106768809466e-08
1676.0,-2.961842979348761e-07,-2.1114717587426977e-08,-1.784582838448845e-07,-1.2921255322916093e-08,3.45792564142199e-07,2.4753421126373655e-08
1677.0,-2.9818573399342796e-07,-2.1889792976733077e-08,-1.7974213066540567e-07,-1.3374137288425935e-08,3.48169449396898e-07,2.565103029123419e-08
1678.0,-3.0020976443667635e-07,-2.2659015472383157e-08,-1.810339750329959e-07,-1.3823519080718796e-08,3.505698258255723e-07,2.6541819995422193e-08
1679.0,-3.0227073535837867e-07,-2.34222860389234e-08,-1.8235098342422873e-07,-1.4269351300338474e-08,3.5301484191160904e-07,2.7425679905569317e-08
1680.0,-3.042488787852182e-07,-2.417950848713157e-08,-1.8360158171581986e-07,-1.4711586329271667e-08,3.553546412397245e-07,2.830250304560032e-08
1681.0,-3.05764505062478e-07,-2.4930588998962426e-08,-1.8452572118909938e-07,-1.51501780064984e-08,3.5712977240277707e-07,2.9172185222406494e-08
1682.0,-3.068451211590828e-07,-2.5675435655880775e-08,-1.8516922874189934e-07,-1.5585081305494006e-08,3.583874602326399e-07,3.0034624455428125e-08
1683.0,-3.0787840288315493e-07,-2.6413957971526396e-08,-1.858137429755491e-07,-1.601625201432485e-08,3.5960514184375295e-07,3.088972041128606e-08
1684.0,-3.088160986514099e-07,-2.714606642991867e-08,-1.8641707338895586e-07,-1.6443646419160052e-08,3.6071970841247457e-07,3.173737384492137e-08
1685.0,-3.094896494360011e-07,-2.7871672030735746e-08,-1.8685578499766375e-07,-1.686722099224351e-08,3.615230663389433e-07,3.257748604909655e-08
1686.0,-3.098905998755175e-07,-2.859068584356586e-08,-1.8709316630671768e-07,-1.72869320856174e-08,3.61989000896272e-07,3.340995831455021e-08
1687.0,-3.099522424832024e-07,-2.9303018573403063e-08,-1.8704587569084996e-07,-1.7702735632145084e-08,3.620173369236932e-07,3.423469140355008e-08
1688.0,-3.0948178372791624e-07,-3.00085801400251e-08,-1.8661599690550368e-07,-1.8114586855635163e-08,3.6139245255047547e-07,3.505158504003362e-08
1689.0,-3.0868447302434543e-07,-3.0707279274223004e-08,-1.859633235873348e-07,-1.852243999210306e-08,3.6037267044819815e-07,3.5860537419930626e-08
1690.0,-3.078175056930865e-07,-3.139902313411908e-08,-1.8523214551091627e-07,-1.892624802439951e-08,3.5925278640769177e-07,3.6661444745590676e-08
1691.0,-3.071658451481163e-07,-3.2083716944977286e-08,-1.8463132285539974e-07,-1.9325962432560484e-08,3.5838468411037237e-07,3.745420078844617e-08
1692.0,-3.0685654917039784e-07,-3.276126366594259e-08,-1.8431623068082548e-07,-1.9721532962264093e-08,3.5795728049748065e-07,3.8238696484085435e-08
1693.0,-3.069039683500918e-07,-3.343156368702041e-08,-1.842782417077471e-07,-2.0112907413699285e-08,3.5797837386626166e-07,3.9014819563761566e-08
1694.0,-3.0707575247868046e-07,-3.409451455931781e-08,-1.8434320089855127e-07,-2.05000314529532e-08,3.581590896206202e-07,3.9782454226012317e-08
1695.0,-3.075086633802515e-07,-3.475001076112745e-08,-1.8459765364908787e-07,-2.0882848447718386e-08,3.5866122147042526e-07,4.054148085153117e-08
1696.0,-3.083806791315258e-07,-3.539794350186901e-08,-1.8516661594303319e-07,-2.126129932872662e-08,3.5970170825479246e-07,4.129177576374132e-08
1697.0,-3.0963440095232997e-07,-3.603820056524086e-08,-1.8597052149627036e-07,-2.1635322477855432e-08,3.611903890176246e-07,4.20332110367193e-08
1698.0,-3.1110829429303877e-07,-3.667066619220834e-08,-1.8692267399200713e-07,-2.200485364335055e-08,3.6294415111728443e-07,4.276565435123372e-08
1699.0,-3.128082223663453e-07,-3.7295221003698277e-08,-1.8801727730277662e-07,-2.23698258820865e-08,3.649650401673318e-07,4.348896889874698e-08
1700.0,-3.1460033353414296e-07,-3.7911741962118165e-08,-1.8915660748852758e-07,-2.2730169528273373e-08,3.6708798947440775e-07,4.420301333231967e-08
1701.0,-3.1641536428483885e-07,-3.852010237010922e-08,-1.9028748615701474e-07,-2.3085812187534724e-08,3.692262316567762e-07,4.490764176250007e-08
1702.0,-3.1823237089945167e-07,-3.9120171904304035e-08,-1.9143588611547635e-07,-2.3436678754848436e-08,3.7137520162378073e-07,4.560270379551114e-08
1703.0,-3.202069962515708e-07,-3.9711816681316205e-08,-1.9270027210027685e-07,-2.3782691454473827e-08,3.7371903258460655e-07,4.628804461039156e-08
1704.0,-3.222864741192488e-07,-4.029489935275467e-08,-1.9405736828570497e-07,-2.4123769899693033e-08,3.7620052310727983e-07,4.696350507122291e-08
1705.0,-3.2423948222171095e-07,-4.0869279225741215e-08,-1.9533699296969687e-07,-2.445983116997952e-08,3.785337272342408e-07,4.762892187019466e-08
1706.0,-3.2597436736003793e-07,-4.143481240522393e-08,-1.9648250382253707e-07,-2.4790789903076805e-08,3.8061090694323283e-07,4.8284127697032645e-08
1707.0,-3.2760704671286334e-07,-4.19913519543286e-08,-1.975814085397598e-07,-2.511655839943203e-08,3.8257651529658704e-07,4.8928951430253484e-08
1708.0,-3.2911026837112445e-07,-4.2538748069076834e-08,-1.9860096102386482e-07,-2.5437046736484245e-08,3.8439031005856045e-07,4.956321834581013e-08
1709.0,-3.303776262564284e-07,-4.30768482640182e-08,-1.9943217796636326e-07,-2.5752162890454e-08,3.859048711006891e-07,5.018675033895654e-08
1710.0,-3.311942213674035e-07,-4.360549756566169e-08,-1.9992574099014782e-07,-2.6061812863511895e-08,3.868590365722641e-07,5.079936615556826e-08
1711.0,-3.316118868113005e-07,-4.412453871103322e-08,-2.001276441510047e-07,-2.636590081450918e-08,3.8732094886280285e-07,5.140088162969162e-08
1712.0,-3.3166615569235613e-07,-4.463381234920912e-08,-2.0007907226837762e-07,-2.6664329191818226e-08,3.873423214567715e-07,5.1991109924730165e-08
1713.0,-3.3141085957477667e-07,-4.513315724425209e-08,-1.9981954019199222e-07,-2.6956998867234065e-08,3.869896723255435e-07,5.256986177637943e-08
1714.0,-3.307842839778141e-07,-4.56224104785705e-08,-1.9928958681914022e-07,-2.7243809270303977e-08,3.8617946856514627e-07,5.313694573614452e-08
1715.0,-3.300344637163777e-07,-4.6101407656294645e-08,-1.9868247705390196e-07,-2.752465852285208e-08,3.8522392699419815e-07,5.369216841497213e-08
1716.0,-3.2943123651207884e-07,-4.656998310677793e-08,-1.9820701245565342e-07,-2.7799443573822538e-08,3.844619088758635e-07,5.423533472715314e-08
1717.0,-3.289388645494329e-07,-4.7027970088751854e-08,-1.978206291830542e-07,-2.8068060334855526e-08,3.8384082370358887e-07,5.476624813516242e-08
1718.0,-3.283943886406293e-07,-4.747520099596825e-08,-1.9738962239723712e-07,-2.833040381721687e-08,3.831521075510045e-07,5.5284710896470126e-08
1719.0,-3.279295192892828e-07,-4.7911507565337275e-08,-1.9700148011503327e-07,-2.8586368270817996e-08,3.8255372536261354e-07,5.579052431356825e-08
1720.0,-3.278160648628736e-07,-4.833672108861421e-08,-1.9687511863819562e-07,-2.8835847326087546e-08,3.8239140251970016e-07,5.6283488988507175e-08
1721.0,-3.2801622258660235e-07,-4.875067262860792e-08,-1.969902466703033e-07,-2.9078734139394207e-08,3.8262226746911944e-07,5.6763405083136526e-08
1722.0,-3.28486497988556e-07,-4.915319324068958e-08,-1.9731310378634515e-07,-2.9314921542579772e-08,3.83191649552266e-07,5.723007258600554e-08
1723.0,-3.2916585814002364e-07,-4.9544114200089015e-08,-1.977633606181639e-07,-2.95443021969545e-08,3.840058710072648e-07,5.7683291586521874e-08
1724.0,-3.298433818021973e-07,-4.992326723510203e-08,-1.9815773279197035e-07,-2.9766768751851097e-08,3.847897394473559e-07,5.812286255652433e-08
1725.0,-3.304583790220139e-07,-5.0290484765925484e-08,-1.9847347745849397e-07,-2.9982214007550364e-08,3.854795215317207e-07,5.8548586638930105e-08
1726.0,-3.312222185136715e-07,-5.0645600148411767e-08,-1.989127868529117e-07,-3.0190531082098485e-08,3.863605243949105e-07,5.896026594260228e-08
1727.0,-3.32418183895955e-07,-5.098844792161216e-08,-1.996866692416388e-07,-3.039161358124563e-08,3.877842375052197e-07,5.93577038420716e-08
1728.0,-3.3395596023277907e-07,-5.131886405757189e-08,-2.0070762500601358e-07,-3.058535577045451e-08,3.8962819983999115e-07,5.974070528025311e-08
1729.0,-3.356840358459401e-07,-5.163668621146156e-08,-2.0184669541345457e-07,-3.0771652747664085e-08,3.916961326987417e-07,6.010907707183886e-08
1730.0,-3.3747936804828793e-07,-5.194175396980181e-08,-2.030421700494056e-07,-3.095040061526172e-08,3.9385079240321903e-07,6.0462628204647e-08
1731.0,-3.392189175110971e-07,-5.223390909428738e-08,-2.0424011522302e-07,-3.112149664953626e-08,3.9595896083270167e-07,6.08011701358997e-08
1732.0,-3.407874410027434e-07,-5.2512995758571384e-08,-2.0533977357350963e-07,-3.128483946577658e-08,3.978699568406975e-07,6.112451708022231e-08
1733.0,-3.420728494490932e-07,-5.277886077535217e-08,-2.062256682644481e-07,-3.1440329177158765e-08,3.9942816698542954e-07,6.143248628612906e-08
1734.0,-3.4304901752602035e-07,-5.3031353811221007e-08,-2.06859202281362e-07,-3.158786754563905e-08,4.0059126050632864e-07,6.172489829789816e-08
1735.0,-3.437025548891359e-07,-5.327032758697672e-08,-2.0725261901111125e-07,-3.1727358123236536e-08,4.013540760030778e-07,6.200157720003783e-08
1736.0,-3.440519969061251e-07,-5.349563806147658e-08,-2.0744572654107785e-07,-3.1858706382340296e-08,4.0175304110267535e-07,6.226235084198469e-08
1737.0,-3.4406711717227534e-07,-5.3707144597548695e-08,-2.0742731438039286e-07,-3.1981819833991796e-08,4.0175648329591717e-07,6.250705104123014e-08
1738.0,-3.437995819560724e-07,-5.3904710109009e-08,-2.0721845860049992e-07,-3.209660813345432e-08,4.0141953382706383e-07,6.273551376369995e-08
1739.0,-3.4340409854616283e-07,-5.408820118837454e-08,-2.0691015346907538e-07,-3.2202983172762354e-08,4.009216712861741e-07,6.294757928087856e-08
1740.0,-3.429334020504937e-07,-5.425748821541135e-08,-2.0653789141455992e-07,-3.230085916032342e-08,4.003263903765253e-07,6.314309230383468e-08
1741.0,-3.4235675082372463e-07,-5.441244544717057e-08,-2.0609438802776658e-07,-3.2390152688002534e-08,3.9960360560324967e-07,6.332190209492936e-08
1742.0,-3.415885650587258e-07,-5.4552951090624915e-08,-2.0552129950668352e-07,-3.247078278643754e-08,3.9864991199020135e-07,6.348386255854585e-08
1743.0,-3.4076928627502223e-07,-5.4678887359401655e-08,-2.0491564151070563e-07,-3.254267096959977e-08,3.9763567068880033e-07,6.362883231264586e-08
1744.0,-3.401156631749336e-07,-5.4790140516403034e-08,-2.0445707404892488e-07,-3.260574126981801e-08,3.9683921109886865e-07,6.375667474331509e-08
1745.0,-3.397167361168796e-07,-5.488660090430037e-08,-2.0420072315008309e-07,-3.265992026461707e-08,3.9636523073161005e-07,6.386725804469651e-08
1746.0,-3.395147446377811e-07,-5.4968162965976356e-08,-2.0407760094320881e-07,-3.270513709678092e-08,3.9612867736783873e-07,6.396045524681614e-08
1747.0,-3.394252911931295e-07,-5.503472525697392e-08,-2.0401151314131116e-07,-3.274132348903661e-08,3.9601796145597757e-07,6.403614423378472e-08
1748.0,-3.392732401824583e-07,-5.508619045189846e-08,-2.0388559074380197e-07,-3.276841375467747e-08,3.958227704628085e-07,6.409420775472346e-08
1749.0,-3.3904822212271757e-07,-5.512246534653347e-08,-2.0369540226772287e-07,-3.2786344805316155e-08,3.9553193781234036e-07,6.413453342953563e-08
1750.0,-3.3893445218480256e-07,-5.5143460857181435e-08,-2.0358748235860258e-07,-3.2795056156791187e-08,3.953788383954388e-07,6.415701375134752e-08
1751.0,-3.392024880005673e-07,-5.514909201844687e-08,-2.037329079884742e-07,-3.2794489934052185e-08,3.956834917749477e-07,6.416154608708667e-08
1752.0,-3.398122968567563e-07,-5.5139277980341984e-08,-2.0408000650506963e-07,-3.278459087562275e-08,3.9638497215481506e-07,6.414803267726122e-08
1753.0,-3.406749558704236e-07,-5.5113942005228385e-08,-2.0460075232653363e-07,-3.2765306337991234e-08,3.973926187159226e-07,6.411638063556039e-08
1754.0,-3.4181112132380953e-07,-5.5073011464727174e-08,-2.0538556670668395e-07,-3.273658630001913e-08,3.9877070312657846e-07,6.406650194843637e-08
1755.0,-3.431493133393415e-07,-5.501641783636225e-08,-2.063650630240721e-07,-3.2698383367202334e-08,4.004222652178458e-07,6.399831347438095e-08
1756.0,-3.444473115898905e-07,-5.4944096699379265e-08,-2.073106896566257e-07,-3.2650652775393905e-08,4.0202198012970497e-07,6.391173694221776e-08
1757.0,-3.455667888924152e-07,-5.485598772893677e-08,-2.0808956154028113e-07,-3.259335239342014e-08,4.0338278496663875e-07,6.380669894742888e-08
1758.0,-3.464426087673722e-07,-5.4752034687720294e-08,-2.0867108628530584e-07,-3.252644272391534e-08,4.0443306420349964e-07,6.36831309453546e-08
1759.0,-3.470812616618302e-07,-5.463218541400055e-08,-2.0909198868157564e-07,-3.244988690167613e-08,4.051973123400302e-07,6.354096924006767e-08
1760.0,-3.4747038085702897e-07,-5.449639180524356e-08,-2.0937457671788007e-07,-3.236365068889581e-08,4.0567644613499587e-07,6.338015496782775e-08
1761.0,-3.4762864377368974e-07,-5.434460979657367e-08,-2.0951202076013864e-07,-3.2267702466773916e-08,4.0588293979290585e-07,6.320063407425714e-08
1762.0,-3.4760050890425553e-07,-5.4176799333671386e-08,-2.095054463663315e-07,-3.216201322319208e-08,4.058554494492506e-07,6.300235728472047e-08
1763.0,-3.473423479116722e-07,-5.399292434003311e-08,-2.0929600351438093e-07,-3.204655653638842e-08,4.055262306434503e-07,6.278528006781123e-08
1764.0,-3.467935897893959e-07,-5.379295267890694e-08,-2.088675551265018e-07,-3.192130855483255e-08,4.048350892691221e-07,6.254936259231836e-08
1765.0,-3.45931797193777e-07,-5.357685611062236e-08,-2.082483727405826e-07,-3.178624797378633e-08,4.0377740533469315e-07,6.22945696785387e-08
1766.0,-3.4479245852869767e-07,-5.334461024643056e-08,-2.0745632801910663e-07,-3.164135600931401e-08,4.0239280248711567e-07,6.20208707452859e-08
1767.0,-3.4352910539825476e-07,-5.309619450033846e-08,-2.0658036843645977e-07,-3.148661637076087e-08,4.0085869689838176e-07,6.172823975439214e-08
1768.0,-3.4242378375848315e-07,-5.2831592040729224e-08,-2.0582493250043132e-07,-3.13220152329318e-08,3.99522152730338e-07,6.141665515487401e-08
1769.0,-3.41599062522735e-07,-5.255078974378715e-08,-2.0528904114136548e-07,-3.1147541209353336e-08,3.985392200639137e-07,6.108609982920514e-08
1770.0,-3.409792940500811e-07,-5.22537781508695e-08,-2.049147893173897e-07,-3.096318532808333e-08,3.9781522073933003e-07,6.07365610442862e-08
1771.0,-3.40420142561082e-07,-5.1940551431983714e-08,-2.0459276960094197e-07,-3.0768941011537515e-08,3.9717008300511696e-07,6.036803040971986e-08
1772.0,-3.398164438450646e-07,-5.161110735744609e-08,-2.0422936515551715e-07,-3.05648040617403e-08,3.964654450255804e-07,5.998050384589513e-08
1773.0,-3.391698757959638e-07,-5.1265447279631896e-08,-2.0380853500701068e-07,-3.035077265228935e-08,3.9569448263673507e-07,5.9573981564182506e-08
1774.0,-3.3856999882841965e-07,-5.090357612649415e-08,-2.0337221659505467e-07,-3.012684732816411e-08,3.9495557039933226e-07,5.9148468061260425e-08
1775.0,-3.3811095292990423e-07,-5.0525502408240676e-08,-2.029919713014694e-07,-2.989303101431375e-08,3.943662725234303e-07,5.8703972129245666e-08
1776.0,-3.378656661251478e-07,-5.013123823822176e-08,-2.0275838799599377e-07,-2.9649329033734482e-08,3.940357499630253e-07,5.824050688289587e-08
1777.0,-3.3792277742694665e-07,-4.972079936869967e-08,-2.0278591772449062e-07,-2.9395749135490077e-08,3.9409888598079744e-07,5.77580898046935e-08
1778.0,-3.383619079921907e-07,-4.929420524175669e-08,-2.0314159310252933e-07,-2.9132301532846665e-08,3.9465844426332664e-07,5.7256742808119405e-08
1779.0,-3.3910342341070265e-07,-4.8851479055166093e-08,-2.037364804086117e-07,-2.885899895139401e-08,3.9560041104395596e-07,5.673649231889992e-08
1780.0,-3.399397674602733e-07,-4.839264784262729e-08,-2.043797810852288e-07,-2.8575856686726983e-08,3.9664863597066706e-07,5.619736937349483e-08
1781.0,-3.406978039410813e-07,-4.7917742567381516e-08,-2.049354415611937e-07,-2.8282892670987507e-08,3.9758461843758105e-07,5.5639409733622906e-08
1782.0,-3.4129129904136857e-07,-4.7426798227910705e-08,-2.053643704397201e-07,-2.7980127547343245e-08,3.983142922962311e-07,5.5062654015237094e-08
1783.0,-3.416906685094201e-07,-4.691985397420267e-08,-2.056794063398648e-07,-2.766758475132403e-08,3.988189202366578e-07,5.446714783009376e-08
1784.0,-3.419480061467306e-07,-4.6396953232955835e-08,-2.0591422499049994e-07,-2.7345290597859502e-08,3.99160502756927e-07,5.385294193792589e-08
1785.0,-3.421134985026608e-07,-4.5858143840094327e-08,-2.0607277323447803e-07,-2.7013274372861256e-08,3.9938406794247403e-07,5.32200924072281e-08
1786.0,-3.4212778754483253e-07,-4.5303478179062195e-08,-2.0609297118889813e-07,-2.6671568428262664e-08,3.99406729767777e-07,5.256866078278114e-08
1787.0,-3.4183785110886156e-07,-4.4733013323549025e-08,-2.058880644723038e-07,-2.632020827956007e-08,3.9905264257097175e-07,5.1898714258268255e-08
1788.0,-3.411623243632089e-07,-4.414681118355481e-08,-2.054371753823503e-07,-2.5959232705080326e-08,3.9824133963463153e-07,5.121032585264806e-08
1789.0,-3.401557422677559e-07,-4.3544938654012374e-08,-2.0478207246599212e-07,-2.5588683846419298e-08,3.9704108880718485e-07,5.0503574589327994e-08
1790.0,-3.388859107916753e-07,-4.292746776553157e-08,-2.039370897016779e-07,-2.5208607309738807e-08,3.955173789975524e-07,4.977854567760362e-08
1791.0,-3.3751770314727203e-07,-4.2294475837182573e-08,-2.0300237529857768e-07,-2.4819052267856123e-08,3.9386312890987223e-07,4.903533069625914e-08
1792.0,-3.3625528907121893e-07,-4.164604563156652e-08,-2.021515664585305e-07,-2.442007156328976e-08,3.9234280323462885e-07,4.827402777962628e-08
1793.0,-3.3517275678518477e-07,-4.0982265512701775e-08,-2.014618587509176e-07,-2.4011721812618525e-08,3.910596596714564e-07,4.7494741806738216e-08
1794.0,-3.3412887118222656e-07,-4.0303229607462646e-08,-2.008332947861513e-07,-2.3594063512653592e-08,3.8984114053312805e-07,4.669758459446733e-08
1795.0,-3.3304600884076496e-07,-3.9609037971435925e-08,-2.001898283809922e-07,-2.3167161149010307e-08,3.8858153763653517e-07,4.588267509569081e-08
1796.0,-3.3193598235337074e-07,-3.889979676011176e-08,-1.9950274722513317e-07,-2.2731083307699803e-08,3.872761837904219e-07,4.50501396035891e-08
1797.0,-3.3076398285591946e-07,-3.817561840630618e-08,-1.9872334196258112e-07,-2.2285902790346968e-08,3.858701582080272e-07,4.420011196315831e-08
1798.0,-3.295444530593272e-07,-3.743662180462826e-08,-1.9788236595152942e-07,-2.1831696733586995e-08,3.843916977469026e-07,4.3332733790918106e-08
1799.0,-3.2837062370616454e-07,-3.668293250366023e-08,-1.9706851081546795e-07,-2.1368546733099097e-08,3.829664012262717e-07,4.244815470362365e-08
1800.0,-3.273093861777543e-07,-3.591468290631056e-08,-1.9635156275898957e-07,-2.0896538972601846e-08,3.81687529895798e-07,4.154653255654299e-08
1801.0,-3.265128537682793e-07,-3.5132012478529924e-08,-1.9584481415757526e-07,-2.0415764357956517e-08,3.8074379168716717e-07,4.0628033691537774e-08
1802.0,-3.2609867306465645e-07,-3.433506796624959e-08,-1.9561713270055403e-07,-1.9926318656302636e-08,3.80271491411749e-07,3.969283319478766e-08
1803.0,-3.2604654200130145e-07,-3.352400362001984e-08,-1.9565048200997914e-07,-1.9428302639889297e-08,3.802439462525914e-07,3.874111516353698e-08
1804.0,-3.2615809578140365e-07,-3.269898142641091e-08,-1.957930545887221e-07,-1.892182223397914e-08,3.8041296464360095e-07,3.777307298073898e-08
1805.0,-3.2628046638116803e-07,-3.1860171344817644e-08,-1.959425668107695e-07,-1.8406988667909765e-08,3.805948399943244e-07,3.678890959596101e-08
1806.0,-3.263787686363928e-07,-3.100775154791182e-08,-1.9608952267491375e-07,-1.788391862812215e-08,3.807547787217956e-07,3.5788837810432225e-08
1807.0,-3.2643168938750744e-07,-3.0141908663643435e-08,-1.962102454677872e-07,-1.7352734411728847e-08,3.808623219260622e-07,3.477308056369921e-08
1808.0,-3.264679032805029e-07,-2.9262838016423956e-08,-1.9629709463453437e-07,-1.6813564079010566e-08,3.809381068288222e-07,3.374187121903037e-08
1809.0,-3.264813933090416e-07,-2.8370743864940965e-08,-1.9635147123497898e-07,-1.6266541603106333e-08,3.8097769020397226e-07,3.269545384448894e-08
1810.0,-3.2641940617139653e-07,-2.7465839633959435e-08,-1.9635496695258325e-07,-1.571180701510157e-08,3.809263731644702e-07,3.163408348648235e-08
1811.0,-3.261172727281325e-07,-2.6548348137458464e-08,-1.9620843023926415e-07,-1.5149506542720348e-08,3.8059193852286384e-07,3.055802643259109e-08
1812.0,-3.254725462614738e-07,-2.5618501790531815e-08,-1.9583792078281537e-07,-1.4579792740889433e-08,3.798484824064241e-07,2.9467560460580033e-08
1813.0,-3.245120973188742e-07,-2.4676542807639618e-08,-1.9522364341773013e-07,-1.400282461255771e-08,3.787088225214558e-07,2.8362975070691152e-08
1814.0,-3.2332507785004516e-07,-2.3722723385024307e-08,-1.9442329465824137e-07,-1.3418767718316363e-08,3.772791055339576e-07,2.7244571698593387e-08
1815.0,-3.220543630111372e-07,-2.275730586537586e-08,-1.9357547423326515e-07,-1.2827794273557969e-08,3.757532128394152e-07,2.6112663906697838e-08
1816.0,-3.207850639980192e-07,-2.178056288312386e-08,-1.92757260361609e-07,-1.2230083232118961e-08,3.7424379581541013e-07,2.496757755190326e-08
1817.0,-3.1948254297642364e-07,-2.0792777489020686e-08,-1.9194555422874515e-07,-1.1625820355550315e-08,3.7270925807506116e-07,2.3809650928186125e-08
1818.0,-3.1817335033323957e-07,-1.9794243252941958e-08,-1.911442963353771e-07,-1.1015198267342069e-08,3.711743833884888e-07,2.26392348827667e-08
1819.0,-3.168802701208895e-07,-1.8785264344054097e-08,-1.9035665652089584e-07,-1.0398416491579575e-08,3.69660333649287e-07,2.1456692904853004e-08
1820.0,-3.15623152780109e-07,-1.776615558767905e-08,-1.8958183697903586e-07,-9.775681475630838e-09,3.6818371431012775e-07,2.026240118618147e-08
1821.0,-3.1434172594047016e-07,-1.6737242498320922e-08,-1.8876813819013183e-07,-9.147206596555213e-09,3.6666623878263234e-07,1.9056748652735463e-08
1822.0,-3.129942183488499e-07,-1.5698861288408646e-08,-1.878924148629446e-07,-8.51321215098539e-09,3.650601872059406e-07,1.7840136967130953e-08
1823.0,-3.115902364736467e-07,-1.4651358852353532e-08,-1.8696678798224564e-07,-7.873925328267972e-09,3.633800424818362e-07,1.6612980501214334e-08
1824.0,-3.102495652607118e-07,-1.3595092725522018e-08,-1.860871723241564e-07,-7.229580166652655e-09,3.617778716948577e-07,1.5375706278421107e-08
1825.0,-3.091042718866843e-07,-1.2530431017681105e-08,-1.8535713526557362e-07,-6.580417492294282e-09,3.604201971206073e-07,1.4128753885394147e-08
1826.0,-3.082472453674878e-07,-1.1457752320386886e-08,-1.848440972784804e-07,-5.926684840774073e-09,3.594213468553872e-07,1.2872575352255624e-08
1827.0,-3.0768107379952614e-07,-1.037744558765692e-08,-1.8453322211953171e-07,-5.268636360757346e-09,3.58775909503754e-07,1.1607635000769854e-08
1828.0,-3.0728772644483815e-07,-9.289909989106399e-09,-1.8433528839456592e-07,-4.606532699291572e-09,3.583367764703275e-07,1.0334409259438138e-08
1829.0,-3.0692316470293246e-07,-8.195554734552831e-09,-1.8416854530300952e-07,-3.940640868124302e-09,3.579383775320692e-07,9.053386444352236e-09
1830.0,-3.0656134311635164e-07,-7.094798868928799e-09,-1.8401847173832309e-07,-3.271234090301706e-09,3.5755091250647016e-07,7.76506650443067e-09
1831.0,-3.0622403761337846e-07,-5.988071036209823e-09,-1.8387913208739448e-07,-2.5985916262122778e-09,3.5719000046117374e-07,6.4699607294986735e-09
1832.0,-3.059255548332196e-07,-4.875809210982453e-09,-1.8375248138358113e-07,-1.9229985781787732e-09,3.56868910826702e-07,5.1685914195710175e-09
1833.0,-3.0561817249141754e-07,-3.75846039625678e-09,-1.8362399835381016e-07,-1.2447456726830044e-09,3.565392546809312e-07,3.861491513669219e-09
1834.0,-3.052701758043952e-07,-2.6364802861734218e-09,-1.834791163723981e-07,-5.641290193360788e-10,3.5616634650180294e-07,2.549204176558698e-09
1835.0,-3.047803506378566e-07,-1.5103328923708505e-09,-1.832443786431437e-07,1.185501542159814e-10,3.5562559587190376e-07,1.232282341930359e-09
1836.0,-3.0409676450571244e-07,-3.80490132964929e-10,-1.828557067706793e-07,8.02985792135071e-10,3.5483947311629155e-07,-8.87117892241932e-11
1837.0,-3.0320891707125153e-07,7.525686166521069e-10,-1.8229373729972131e-07,1.4888673254917411e-09,3.5378899650811765e-07,-1.4132072959862937e-09
1838.0,-3.021780583117861e-07,1.8883570116702162e-09,-1.8162180340230982e-07,2.1758800129162835e-09,3.5255929770208657e-07,-2.7406251311922207e-09
1839.0,-3.0109395526833893e-07,3.0263822644898555e-09,-1.8093314818612427e-07,2.863705306841824e-09,3.5127535354999573e-07,-4.07037876154159e-09
1840.0,-3.0005463108606634e-07,4.1661457098350625e-09,-1.8029823004028778e-07,3.5520212451093297e-09,3.5005747155553745e-07,-5.401874853769422e-09
1841.0,-2.989913053114135e-07,5.307143407653942e-09,-1.796640709816888e-07,4.240502867423786e-09,3.4881940750700236e-07,-6.7345140060212985e-09
1842.0,-2.978649881330009e-07,6.448866782693738e-09,-1.7899374558927317e-07,4.92882265587171e-09,3.475087223589506e-07,-8.067691523070971e-09
1843.0,-2.9665083113583623e-07,7.59080329922844e-09,-1.7827387766011782e-07,5.616650998437114e-09,3.4609722776924563e-07,-9.400798233528412e-09
1844.0,-2.9535390476398415e-07,8.732437169017936e-09,-1.7749987206439055e-07,6.303656674188328e-09,3.4458690288838264e-07,-1.0733221346708099e-08
1845.0,-2.9393833103630307e-07,9.873250090194208e-09,-1.7664079646206865e-07,6.989507358553416e-09,3.4293106220807883e-07,-1.2064345346366922e-08
1846.0,-2.9237189934361307e-07,1.1012722014408085e-08,-1.7566706646265917e-07,7.67387014686045e-09,3.4108685956129727e-07,-1.3393552918086945e-08
1847.0,-2.906920549966552e-07,1.215033193923881e-08,-1.745952508264148e-07,8.356412094096491e-09,3.3909493132354117e-07,-1.4720225906679321e-08
1848.0,-2.8902188857482525e-07,1.3285558722578855e-08,-1.7350386501135961e-07,9.036800768642436e-09,3.371012359058311e-07,-1.6043746299636108e-08
1849.0,-2.874607748781788e-07,1.4417881915470273e-08,-1.724825494930915e-07,9.714704817579368e-09,3.352371205179995e-07,-1.7363497232370914e-08
1850.0,-2.860487832573311e-07,1.5546782609697578e-08,-1.7158443639531118e-07,1.0389794541044502e-08,3.335642744900841e-07,-1.8678864010781903e-08
1851.0,-2.848484543238605e-07,1.667174429634252e-08,-1.7084417779089645e-07,1.1061742473046876e-08,3.321541434571303e-07,-1.9989235146550504e-08
1852.0,-2.838260135529236e-07,1.779225373147842e-08,-1.7023441174768283e-07,1.1730223966136931e-08,3.3096368518679503e-07,-2.129400340055654e-08
1853.0,-2.829184977820587e-07,1.8907801805218033e-08,-1.6972142435900395e-07,1.2394917777353937e-08,3.299215638204115e-07,-2.259256682983744e-08
1854.0,-2.821079066045451e-07,2.001788441041578e-08,-1.6928274403082977e-07,1.3055506652942264e-08,3.290007878340205e-07,-2.3884329833628042e-08
1855.0,-2.8133413136621765e-07,2.112200330744652e-08,-1.6887133956478007e-07,1.3711677909418565e-08,3.2812562045348954e-07,-2.5168704194167996e-08
1856.0,-2.8059837976768254e-07,2.221966698162258e-08,-1.68481336021431e-07,1.4363124008675157e-08,3.272940746726328e-07,-2.6445110108136843e-08
1857.0,-2.799244386009203e-07,2.3310391489955644e-08,-1.6813740368049057e-07,1.500954312491082e-08,3.2653924395462277e-07,-2.7712977204755412e-08
1858.0,-2.7931925797308743e-07,2.4393701294111052e-08,-1.6783356958371964e-07,1.56506397012805e-08,3.258640129775754e-07,-2.897174554676455e-08
1859.0,-2.787097760359458e-07,2.5469130076531683e-08,-1.6750195466763707e-07,1.6286124994245762e-08,3.251707921623439e-07,-3.022086661064973e-08
1860.0,-2.779605326325152e-07,2.6536221536821915e-08,-1.6704329940109286e-07,1.6915717603684527e-08,3.242923396815822e-07,-3.1459804242616907e-08
1861.0,-2.7712981025274086e-07,2.7594530165575015e-08,-1.6651823056546e-07,1.7539143986879038e-08,3.233098403101456e-07,-3.2688035586935264e-08
1862.0,-2.763248972137422e-07,2.864362199289837e-08,-1.6604926406094123e-07,1.815613895454572e-08,3.2237835987448876e-07,-3.3905051983346765e-08
1863.0,-2.755497975903687e-07,2.9683075308942134e-08,-1.6562458629576504e-07,1.8766446147102605e-08,3.2149524807955787e-07,-3.51103598303025e-08
1864.0,-2.747650413165159e-07,3.071248135377443e-08,-1.6517246415048703e-07,1.9369818489394278e-08,3.205897235458595e-07,-3.6303481410830443e-08
1865.0,-2.7394283938497743e-07,3.173144497397454e-08,-1.646929540660702e-07,1.9966018622114913e-08,3.196379958160673e-07,-3.748395567787446e-08
1866.0,-2.7316373363284185e-07,3.273958524333836e-08,-1.642709381438623e-07,2.055481930818824e-08,3.187528297770842e-07,-3.865133899597264e-08
1867.0,-2.723700317092126e-07,3.373653604510923e-08,-1.6387096940517765e-07,2.1136003812379393e-08,3.1786652668544725e-07,-3.980520583616823e-08
1868.0,-2.714708581680325e-07,3.4721946613163015e-08,-1.6339245835494953e-07,2.170936625242767e-08,3.168493684414756e-07,-4.094514942106664e-08
1869.0,-2.7046255439422406e-07,3.569548202959095e-08,-1.6281180841015708e-07,2.2274711920001345e-08,3.1568604385882236e-07,-4.2070782316971e-08
1870.0,-2.6936983767156253e-07,3.6656823676139916e-08,-1.621297985726633e-07,2.283185756978689e-08,3.1439812504596195e-07,-4.318173697004821e-08
1871.0,-2.6815708874250443e-07,3.760566963699242e-08,-1.6133628168157887e-07,2.3380631675037584e-08,3.129498682372197e-07,-4.4277666183503455e-08
1872.0,-2.6681858122934443e-07,3.8541735050406216e-08,-1.6047092918358707e-07,2.3920874647926616e-08,3.1135682809645284e-07,-4.535824353278366e-08
1873.0,-2.653733074953202e-07,3.946475240679676e-08,-1.595644761875903e-07,2.4452439023086724e-08,3.096511172142381e-07,-4.6423163715903565e-08
1874.0,-2.639602160459109e-07,4.037447179094578e-08,-1.5870665338868495e-07,2.497518960278184e-08,3.0799804785881376e-07,-4.747214283610684e-08
1875.0,-2.62726319311124e-07,4.1270661066169725e-08,-1.5797330853162261e-07,2.548900356225689e-08,3.065626935346144e-07,-4.8504918614255135e-08
1876.0,-2.616616465722643e-07,4.215310599849116e-08,-1.5735241828962465e-07,2.5993770513955323e-08,3.0533031429666717e-07,-4.9521250528591563e-08
1877.0,-2.607659981140875e-07,4.302161031913112e-08,-1.5685719099989281e-07,2.6489392529483315e-08,3.043075486096478e-07,-5.052091987985796e-08
1878.0,-2.59962817564241e-07,4.3875995723976745e-08,-1.5641054165738133e-07,2.6975784118431e-08,3.0338906383964185e-07,-5.150372978015343e-08
1879.0,-2.5924755374384656e-07,4.4716101809068524e-08,-1.5598870949096177e-07,2.7452872163426868e-08,3.025587077094696e-07,-5.2469505064392216e-08
1880.0,-2.5862021536815494e-07,4.554178594157926e-08,-1.5561741603664636e-07,2.7920595811091912e-08,3.018297466635678e-07,-5.3418092123735677e-08
1881.0,-2.5812470132169363e-07,4.635292306620998e-08,-1.5535773402464148e-07,2.8378906318866217e-08,3.012712846483793e-07,-5.4349358660918965e-08
1882.0,-2.57784203774869e-07,4.7149405447393645e-08,-1.552111317110194e-07,2.8827766857994523e-08,3.009039566420797e-07,-5.526319336795433e-08
1883.0,-2.5748795547120285e-07,4.793114234816441e-08,-1.5509254534806782e-07,2.9267152273273457e-08,3.005889965306159e-07,-5.615950552725551e-08
1884.0,-2.5715821663774285e-07,4.869805964700805e-08,-1.5496191065056397e-07,2.969704880047355e-08,3.0023914158013715e-07,-5.703822453778038e-08
1885.0,-2.5683475879390016e-07,4.945009939444641e-08,-1.548503436310522e-07,3.011745374264744e-08,2.999045218855091e-07,-5.7899299368317646e-08
1886.0,-2.566227494255058e-07,5.0187219311517104e-08,-1.5482204857031334e-07,3.05283751068142e-08,2.997083619891417e-07,-5.874269794053669e-08
1887.0,-2.5652916017804284e-07,5.0909392232682474e-08,-1.5485126864112075e-07,3.092983120276368e-08,2.996433303469585e-07,-5.956840644487038e-08
1888.0,-2.5640609890853483e-07,5.1616605496036226e-08,-1.5483243318015205e-07,3.132185020595161e-08,2.995282456163018e-07,-6.037642859270396e-08
1889.0,-2.562000288863775e-07,5.230886028396784e-08,-1.5475279913079731e-07,3.1704469686651995e-08,2.993106807987272e-07,-6.116678480869437e-08
1890.0,-2.559881877445269e-07,5.298617091769021e-08,-1.5468724516576327e-07,3.207773610769611e-08,2.9909546315800265e-07,-6.193951136733835e-08
1891.0,-2.5577554194078367e-07,5.364856410923109e-08,-1.5462142899380638e-07,3.2441704293254835e-08,2.9887943080645127e-07,-6.269465947814085e-08
1892.0,-2.554707574514703e-07,5.4296078174633786e-08,-1.5448488419056439e-07,3.279643687121517e-08,2.985479649171973e-07,-6.343229432390785e-08
1893.0,-2.550852343657928e-07,5.492876221221072e-08,-1.542865657316872e-07,3.314200369176434e-08,2.981154493761262e-07,-6.415249405680441e-08
1894.0,-2.546528765634548e-07,5.554667524974923e-08,-1.5406582240529154e-07,3.347848122482937e-08,2.976312570538602e-07,-6.485534875688385e-08
1895.0,-2.54155550979962e-07,5.614988536458804e-08,-1.538103311798933e-07,3.3805951939030796e-08,2.970734960773117e-07,-6.554095935781673e-08
1896.0,-2.5352128794897677e-07,5.6738468780473216e-08,-1.5346859473519547e-07,3.412450366480014e-08,2.9635393200243464e-07,-6.620943654453485e-08
1897.0,-2.5280875182165374e-07,5.731250894507176e-08,-1.5305633901951943e-07,3.443422894428895e-08,2.9553089163686523e-07,-6.686089962746824e-08
1898.0,-2.520805132688597e-07,5.787209559197881e-08,-1.526100904952754e-07,3.4735224370666917e-08,2.946768143082654e-07,-6.749547539800166e-08
1899.0,-2.513848401247687e-07,5.841732379101153e-08,-1.5217273996448455e-07,3.502758991937587e-08,2.9385520351502057e-07,-6.811329696972422e-08
1900.0,-2.5077424647967916e-07,5.89482929905471e-08,-1.517946698614825e-07,3.531142827388106e-08,2.931370745842418e-07,-6.871450261000266e-08
1901.0,-2.502661845121823e-07,5.946510605564386e-08,-1.5150746156267214e-07,3.558684414844714e-08,2.925537113410976e-07,-6.929923456638522e-08
1902.0,-2.4986650400127264e-07,5.996786830568471e-08,-1.5130520472639297e-07,3.585394361046765e-08,2.9210706050883754e-07,-6.986763789234502e-08
1903.0,-2.495546904124346e-07,6.0456686555301e-08,-1.5117685477072929e-07,3.6112833404892896e-08,2.917738592218574e-07,-7.041985927689573e-08
1904.0,-2.4934830955558596e-07,6.093166816236738e-08,-1.5112400666983383e-07,3.636362028332829e-08,2.915699656517665e-07,-7.095604588265408e-08
1905.0,-2.4919550870028395e-07,6.139292008689536e-08,-1.511114761376664e-07,3.6606410340407495e-08,2.914328049086064e-07,-7.147634419697328e-08
1906.0,-2.4906286617831785e-07,6.184054796468794e-08,-1.5110433083942443e-07,3.6841308360074584e-08,2.9131568805573945e-07,-7.198089890081569e-08
1907.0,-2.4887139332685493e-07,6.227465519964089e-08,-1.5105418570138252e-07,3.7068417174430516e-08,2.911259820667985e-07,-7.246985176006448e-08
1908.0,-2.4861629915884365e-07,6.269534207858126e-08,-1.5095075807380898e-07,3.728783703780588e-08,2.9085425142242163e-07,-7.294334054398175e-08
1909.0,-2.483367814859472e-07,6.310270491251761e-08,-1.5082084987849687e-07,3.749966501871188e-08,2.9054790619942723e-07,-7.340149797550155e-08
1910.0,-2.481207538596042e-07,6.349683520813843e-08,-1.5072444298214194e-07,3.770399441229466e-08,2.9031322086349296e-07,-7.384445071800025e-08
1911.0,-2.4798178897833534e-07,6.387781887334008e-08,-1.5066087580284382e-07,3.790091417587698e-08,2.9016145016624035e-07,-7.427231840311792e-08
1912.0,-2.4784688153201007e-07,6.424573546049483e-08,-1.5057787260130961e-07,3.809050839011982e-08,2.9000305584989697e-07,-7.468521270411746e-08
1913.0,-2.4770759389503016e-07,6.460065745108698e-08,-1.5048122513350304e-07,3.8272855748276064e-08,2.8983383375814703e-07,-7.508323645916675e-08
1914.0,-2.4766635534079207e-07,6.494264958524953e-08,-1.5046637874549518e-07,3.8448029075940256e-08,2.8979088098243235e-07,-7.546648284881137e-08
1915.0,-2.4781779954519134e-07,6.527176823962224e-08,-1.5060468741556754e-07,3.861609488362263e-08,2.899921268637503e-07,-7.583503463177144e-08
1916.0,-2.481708735041499e-07,6.558806085682332e-08,-1.5088760758896758e-07,3.877711295439093e-08,2.904407901444545e-07,-7.618896344304197e-08
1917.0,-2.4867389256111316e-07,6.58915654296748e-08,-1.512747974247164e-07,3.893113596872735e-08,2.9107175949821213e-07,-7.652832915809629e-08
1918.0,-2.4927621823656043e-07,6.618231004313931e-08,-1.5173586583039356e-07,3.907820916863397e-08,2.9182598574770635e-07,-7.685317932677723e-08
1919.0,-2.498790215299529e-07,6.646031247669858e-08,-1.5221494613359976e-07,3.921837006287788e-08,2.925900121795365e-07,-7.716354868019253e-08
1920.0,-2.504180608708939e-07,6.672557986961958e-08,-1.5265610768533389e-07,3.9351648175086495e-08,2.9327988752039407e-07,-7.74594587135941e-08
1921.0,-2.5083891541655134e-07,6.69781084511998e-08,-1.5301978388559956e-07,3.947806483617511e-08,2.938285482177445e-07,-7.774091734779948e-08
1922.0,-2.511964934392985e-07,6.721788333765355e-08,-1.5333134222028644e-07,3.959763302230801e-08,2.9429607340784237e-07,-7.80079186712007e-08
1923.0,-2.514042024837071e-07,6.744487839679715e-08,-1.535439899391644e-07,3.9710357239259816e-08,2.9458416432813733e-07,-7.826044276380152e-08
1924.0,-2.513739752879607e-07,6.765905618111914e-08,-1.5360220100013589e-07,3.981623345366038e-08,2.945887160163444e-07,-7.849845560403593e-08
1925.0,-2.510306626596348e-07,6.786036792919309e-08,-1.534483463350167e-07,3.991524907118033e-08,2.9421554783574336e-07,-7.872190905836297e-08
1926.0,-2.503158545302808e-07,6.804875363472213e-08,-1.5301381547927484e-07,4.000738296125714e-08,2.9337902917003167e-07,-7.893074095282349e-08
1927.0,-2.492531337994208e-07,6.822414218181523e-08,-1.5229562204399638e-07,4.009260552748571e-08,2.9209772543208853e-07,-7.912487522490879e-08
1928.0,-2.4789868707797424e-07,6.838645154441421e-08,-1.513359306759554e-07,4.017087882232322e-08,2.904415999276636e-07,-7.930422215326286e-08
1929.0,-2.463554218123942e-07,6.853558904715032e-08,-1.5021669472203847e-07,4.024215670430775e-08,2.8854124355034025e-07,-7.946867866195838e-08
1930.0,-2.447639483593722e-07,6.8671451684345e-08,-1.4905695369660243e-07,4.030638503559149e-08,2.865787254172586e-07,-7.961812869539823e-08
1931.0,-2.433551668512557e-07,6.879392649341816e-08,-1.480451118640591e-07,4.0363501917268694e-08,2.848492450052207e-07,-7.975244365934114e-08
1932.0,-2.423474833590511e-07,6.890289097865483e-08,-1.4735497616547022e-07,4.041343795975829e-08,2.8362967350260064e-07,-7.987148292316937e-08
1933.0,-2.4183087334039843e-07,6.899821358112683e-08,-1.470493638938697e-07,4.045611658539522e-08,2.8302948030580053e-07,-7.997509437832894e-08
1934.0,-2.418017163441366e-07,6.907975419056959e-08,-1.4711275388157308e-07,4.049145436039406e-08,2.8303751055573995e-07,-8.006311504788152e-08
1935.0,-2.4213303081999094e-07,6.91473646951607e-08,-1.4743550146023576e-07,4.0519361353460224e-08,2.8348832728157585e-07,-8.013537174228924e-08
1936.0,-2.4263383430200847e-07,6.920088956540339e-08,-1.4785907752334904e-07,4.053974151851282e-08,2.841363833692374e-07,-8.01916817568724e-08
1937.0,-2.4316003853497303e-07,6.924016646864596e-08,-1.4826831726266754e-07,4.0552493099217614e-08,2.847986977572626e-07,-8.023185360678047e-08
1938.0,-2.4367279412296217e-07,6.926502691112398e-08,-1.486321370147703e-07,4.055750905327798e-08,2.854258971244007e-07,-8.025568779575163e-08
1939.0,-2.4420907061839525e-07,6.927529690476779e-08,-1.4897314694339858e-07,4.055467749467228e-08,2.8606130231563965e-07,-8.026297761536421e-08
1940.0,-2.447862118837296e-07,6.927079765634748e-08,-1.4930898911691415e-07,4.05438821522448e-08,2.86728902902203e-07,-8.02535099718789e-08
1941.0,-2.4545654606078493e-07,6.92513462768258e-08,-1.4969893888383545e-07,4.0525002843248875e-08,2.8750424050270376e-07,-8.022706623812503e-08
1942.0,-2.462533857106042e-07,6.921675650904797e-08,-1.5019680495165222e-07,4.0497915960605486e-08,2.8844377301585183e-07,-8.01834231281904e-08
1943.0,-2.4716402485802647e-07,6.916683947211568e-08,-1.5079386975203057e-07,4.046249497277867e-08,2.8953211624759607e-07,-8.012235359293264e-08
1944.0,-2.481626359962519e-07,6.910140442096425e-08,-1.5146175560976083e-07,4.041861093527996e-08,2.9073244971450834e-07,-8.004362773453408e-08
1945.0,-2.492286442223879e-07,6.902025951978029e-08,-1.5218299934116608e-07,4.036613301289279e-08,2.9201811996758516e-07,-7.994701373846433e-08
1946.0,-2.503339037174257e-07,6.892321262795275e-08,-1.5294334010373944e-07,4.030492901174779e-08,2.9335768037072676e-07,-7.98322788212828e-08
1947.0,-2.5141908817361003e-07,6.881007209723457e-08,-1.5370840898698557e-07,4.023486592037314e-08,2.9468259685865385e-07,-7.96991901926966e-08
1948.0,-2.5239802299570346e-07,6.868064757869796e-08,-1.5441398257265426e-07,4.015581045878518e-08,2.9588585641440794e-07,-7.954751603017789e-08
1949.0,-2.531481148593251e-07,6.853475083788909e-08,-1.5496270405757073e-07,4.0067629634567374e-08,2.968120747302311e-07,-7.937702646423264e-08
1950.0,-2.5358475430614646e-07,6.837219657632926e-08,-1.5527528153536085e-07,3.997019130471116e-08,2.973476764200357e-07,-7.918749457210072e-08
1951.0,-2.536701511207662e-07,6.819280325717594e-08,-1.5531959907111315e-07,3.986336474176236e-08,2.974436474783815e-07,-7.897869737726257e-08
1952.0,-2.533854087799492e-07,6.799639393246382e-08,-1.5508301644262534e-07,3.974702120254242e-08,2.9707727508432136e-07,-7.875041685164965e-08
1953.0,-2.5274405728026306e-07,6.778279706891976e-08,-1.5457312002586931e-07,3.962103449741147e-08,2.962640847707003e-07,-7.850244091693314e-08
1954.0,-2.5185930394022726e-07,6.75518473689147e-08,-1.538710661802556e-07,3.948528155773305e-08,2.951430398784704e-07,-7.823456444073911e-08
1955.0,-2.50903045215245e-07,6.730338658272176e-08,-1.531166155532837e-07,3.933964299891647e-08,2.939337273209309e-07,-7.794659022315287e-08
1956.0,-2.500716173164941e-07,6.703726430792498e-08,-1.5246447186700873e-07,3.918400367617867e-08,2.928843269432029e-07,-7.763832996847701e-08
1957.0,-2.495128553214876e-07,6.675333877160473e-08,-1.5202869507735528e-07,3.901825323000928e-08,2.921804050541464e-07,-7.730960523693799e-08
1958.0,-2.4929499826964463e-07,6.645147759083243e-08,-1.5186033239245056e-07,3.8842286618255744e-08,2.9190676031330226e-07,-7.69602483709221e-08
1959.0,-2.494061670937908e-07,6.613155850704968e-08,-1.519435157415483e-07,3.865600463177615e-08,2.920449762627634e-07,-7.659010339037322e-08
1960.0,-2.497353391167634e-07,6.579347009007539e-08,-1.5218917011339261e-07,3.845931439072906e-08,2.9245389910816363e-07,-7.619902685219267e-08
1961.0,-2.5019091842715113e-07,6.543711240776157e-08,-1.5251260980508885e-07,3.82521298187664e-08,2.930112486116884e-07,-7.578688866881991e-08
1962.0,-2.50723598091418e-07,6.50623976576756e-08,-1.5286739793451964e-07,3.8034372092645785e-08,2.9365075172929093e-07,-7.535357288160798e-08
1963.0,-2.513235641127265e-07,6.466925075759851e-08,-1.532349980654102e-07,3.780597006506314e-08,2.943543757283557e-07,-7.4898978385108e-08
1964.0,-2.5195975887626343e-07,6.425760989207348e-08,-1.5359739008458106e-07,3.7566860658807744e-08,2.9508622186367797e-07,-7.442301959891194e-08
1965.0,-2.526548664866235e-07,6.38274270126989e-08,-1.5398067464145182e-07,3.731698923065034e-08,2.958792485498268e-07,-7.392562708425828e-08
1966.0,-2.534782549967751e-07,6.337866829032866e-08,-1.5445205973907417e-07,3.7056309903684754e-08,2.968276680396433e-07,-7.340674810316462e-08
1967.0,-2.544869150966633e-07,6.291131451780796e-08,-1.5505481797128962e-07,3.6784785867152053e-08,2.9800266195375853e-07,-7.286634711841028e-08
1968.0,-2.5566549320676923e-07,6.242536146233147e-08,-1.5577921544385198e-07,3.6502389643080516e-08,2.9938605241554357e-07,-7.230440623324201e-08
1969.0,-2.5700836248088166e-07,6.192082016695355e-08,-1.5662063186649977e-07,3.6209103319370735e-08,3.0097063097811705e-07,-7.172092557020713e-08
1970.0,-2.5848563782460143e-07,6.139771720119277e-08,-1.5756639393238459e-07,3.590491874923533e-08,3.0272428620519763e-07,-7.111592358901786e-08
1971.0,-2.6005630424097426e-07,6.085609486104555e-08,-1.5859400175066707e-07,3.558983771715669e-08,3.046002934449748e-07,-7.048943734379973e-08
1972.0,-2.616395667620619e-07,6.029601131903571e-08,-1.5965327793132644e-07,3.526387207174283e-08,3.0650355960356613e-07,-6.98415226804567e-08
1973.0,-2.6314788705017467e-07,5.971754072516794e-08,-1.6067642458206244e-07,3.492704382602984e-08,3.083240565954053e-07,-6.917225437517918e-08
1974.0,-2.644983896626929e-07,5.912077325981071e-08,-1.61586110936085e-07,3.457938522589106e-08,3.09950753155411e-07,-6.848172621531337e-08
1975.0,-2.656234491665854e-07,5.8505815139602655e-08,-1.623200293759952e-07,3.422093878726207e-08,3.1129344465275454e-07,-6.777005102389491e-08
1976.0,-2.6643786367464006e-07,5.787278857745848e-08,-1.6282187814686822e-07,3.385175730287628e-08,3.1225005877145914e-07,-6.703736062912647e-08
1977.0,-2.669200276916861e-07,5.722183169765489e-08,-1.630634583055235e-07,3.347190381913481e-08,3.1278745597847697e-07,-6.62838057799607e-08
1978.0,-2.670866405818373e-07,5.6553098406822415e-08,-1.6305498136415242e-07,3.3081451583618206e-08,3.1292523152496926e-07,-6.550955600875718e-08
1979.0,-2.670591186249016e-07,5.586675822148047e-08,-1.6288727297530947e-07,3.268048396360516e-08,3.1281438032488575e-07,-6.471479944174712e-08
1980.0,-2.6698030564098474e-07,5.5162996052561334e-08,-1.6268201158409212e-07,3.226909433581853e-08,3.1264024132091553e-07,-6.389974255780031e-08
1981.0,-2.6696444750673454e-07,5.4442011947206126e-08,-1.6254286235029003e-07,3.18473859474953e-08,3.125543126139861e-07,-6.306460989578597e-08
1982.0,-2.671112373231477e-07,5.370402078801039e-08,-1.6254946613725174e-07,3.141547174879673e-08,3.1268313361262145e-07,-6.220964371068664e-08
1983.0,-2.67454380725729e-07,5.294925194986819e-08,-1.6272779591874897e-07,3.097347419655375e-08,3.130689721674079e-07,-6.133510357858934e-08
1984.0,-2.6797949317924896e-07,5.217794891462122e-08,-1.6305495753599075e-07,3.0521525029384874e-08,3.1368762797035985e-07,-6.044126595074905e-08
1985.0,-2.686502309501293e-07,5.139036884386041e-08,-1.6348521666986748e-07,3.0059765014328516e-08,3.144842804643045e-07,-5.952842365709438e-08
1986.0,-2.6941249001155576e-07,5.0586782110441944e-08,-1.639650216850308e-07,2.95883436652873e-08,3.1538487298917693e-07,-5.85968853598097e-08
1987.0,-2.702048407243751e-07,4.976747178955286e-08,-1.6444622434608203e-07,2.9107418933776296e-08,3.163118977410854e-07,-5.7646974957962306e-08
1988.0,-2.710062475819175e-07,4.8932733110477736e-08,-1.6490846045658092e-07,2.8617156872688004e-08,3.172367988720591e-07,-5.667903094452822e-08
1989.0,-2.7183759428173193e-07,4.808287287056502e-08,-1.653658889405607e-07,2.8117731274024268e-08,3.181847810470849e-07,-5.569340571759032e-08
1990.0,-2.7277434425099223e-07,4.7218208813260215e-08,-1.6588145268503496e-07,2.7609323281793783e-08,3.1925303322984466e-07,-5.4690464847926426e-08
1991.0,-2.738710474098349e-07,4.633906897245781e-08,-1.6649976372629105e-07,2.709212098153122e-08,3.205113444642339e-07,-5.367058630566761e-08
1992.0,-2.751223430741412e-07,4.544579098581971e-08,-1.672236633470936e-07,2.6566318968159026e-08,3.2195660770021094e-07,-5.2634159649182814e-08
1993.0,-2.765263405202223e-07,4.453872138010956e-08,-1.6806028024785036e-07,2.6032117894183118e-08,3.2359090654480996e-07,-5.158158517982949e-08
1994.0,-2.780831158399888e-07,4.36182148319893e-08,-1.6902330916834796e-07,2.548972400048418e-08,3.2542141656242534e-07,-5.0513273066689605e-08
1995.0,-2.798430368267102e-07,4.2684633408104187e-08,-1.701434953343961e-07,2.4939348632228457e-08,3.275071514715383e-07,-4.942964244587158e-08
1996.0,-2.8177948695196076e-07,4.173834578863068e-08,-1.713999431413038e-07,2.4381207742665688e-08,3.2981452329415756e-07,-4.83311204993824e-08
1997.0,-2.838286459472261e-07,4.0779726478760774e-08,-1.7274403300848729e-07,2.3815521387794794e-08,3.3226375246221666e-07,-4.7218141518940745e-08
1998.0,-2.858652178167054e-07,3.980915501283081e-08,-1.740816895634545e-07,2.3242513215047483e-08,3.3469890558330087e-07,-4.60911459603905e-08
1999.0,-2.877836089154595e-07,3.882701515595616e-08,-1.7533060649166377e-07,2.266240994925287e-08,3.369869836256896e-07,-4.495057949456339e-08
2000.0,-2.895409781517033e-07,3.7833694108091524e-08,-1.7644950799089454e-07,2.2075440879192133e-08,3.3906991447085644e-07,-4.3796892060513784e-08
2001.0,-2.9105191416689546e-07,3.682958171539449e-08,-1.7737973044551492e-07,2.1481837348025983e-08,3.408442247026307e-07,-4.263053692699858e-08
2002.0,-2.9229747268433304e-07,3.5815069693627755e-08,-1.7810620439595581e-07,2.088183225077961e-08,3.422858930513824e-07,-4.1451969767902983e-08
2003.0,-2.9334354237353644e-07,3.479055086810494e-08,-1.786721589014384e-07,2.0275659541908746e-08,3.4347368781138914e-07,-4.026164775703226e-08
2004.0,-2.9425317651932126e-07,3.375641843438461e-08,-1.7913294639293476e-07,1.9663553755759886e-08,3.4449026746067136e-07,-3.906002868732345e-08
2005.0,-2.9508955366741585e-07,3.271306524356841e-08,-1.7955813319536773e-07,1.9045749542495168e-08,3.454257776719047e-07,-3.7847570119107494e-08
2006.0,-2.959607014324517e-07,3.166088311568834e-08,-1.8003096650953676e-07,1.8422481221796625e-08,3.464157699856442e-07,-3.6624728561601914e-08
2007.0,-2.9691855532587574e-07,3.060026218429413e-08,-1.805843415497721e-07,1.77939823564109e-08,3.4752170135082194e-07,-3.539195869136312e-08
2008.0,-2.979597402558154e-07,2.953159027499128e-08,-1.812115597438213e-07,1.7160485347355276e-08,3.487372021997388e-07,-3.414971261099464e-08
2009.0,-2.9908453189064765e-07,2.8455252320341448e-08,-1.8190128378559045e-07,1.652222105238443e-08,3.500566157910656e-07,-3.2898439151003024e-08
2010.0,-3.0027412681321586e-07,2.737162981322077e-08,-1.8263712397992293e-07,1.587941842911325e-08,3.5145536030781633e-07,-3.1638583217317055e-08
2011.0,-3.014697815412193e-07,2.62811003004361e-08,-1.8337793816769477e-07,1.523230420400139e-08,3.528618672924936e-07,-3.037058518663464e-08
2012.0,-3.0262311645490314e-07,2.5184036918117534e-08,-1.8408248730894528e-07,1.458110256822401e-08,3.542133717785452e-07,-2.909488035142734e-08
2013.0,-3.037298579866565e-07,2.408080797013312e-08,-1.8473725317547096e-07,1.3926034901275775e-08,3.554991973878599e-07,-2.781189841610722e-08
2014.0,-3.048729036309039e-07,2.2971776550505377e-08,-1.8538330978645767e-07,1.3267319522979923e-08,3.5681151735295786e-07,-2.6522063045542448e-08
2015.0,-3.0599465375424906e-07,2.185730021054895e-08,-1.8601084031399928e-07,1.26051714744e-08,3.5809602181608065e-07,-2.5225791466794818e-08
2016.0,-3.0714333668080407e-07,2.0737730671196154e-08,-1.8665142918761202e-07,1.1939802327982315e-08,3.5941032996450714e-07,-2.3923494124648836e-08
2017.0,-3.0836618460095e-07,1.96134135807354e-08,-1.8734617475424375e-07,1.1271420027094377e-08,3.608161484750853e-07,-2.261557439121067e-08
2018.0,-3.096347833825286e-07,1.848468831795764e-08,-1.881102736078777e-07,1.0600228754972022e-08,3.6229707991809155e-07,-2.130242832957967e-08
2019.0,-3.1105387410246266e-07,1.7351887840488204e-08,-1.889981485758696e-07,9.926428832945934e-09,3.6397089548376965e-07,-1.998444451133547e-08
2020.0,-3.126484524468287e-07,1.6215338577873523e-08,-1.900009487243448e-07,9.250216647685711e-09,3.658543635567957e-07,-1.8662003887336786e-08
2021.0,-3.1434164823873623e-07,1.5075360368788672e-08,-1.9106105200727974e-07,8.571784607072047e-09,3.6785186884338896e-07,-1.7335479711088517e-08
2022.0,-3.15985450152767e-07,1.3932266441525295e-08,-1.9210486222609457e-07,7.89132112417778e-09,3.697987057835027e-07,-1.6005237513689195e-08
2023.0,-3.1754142625073367e-07,1.2786363436698728e-08,-1.9309167059722299e-07,7.20901062869837e-09,3.7164088935338723e-07,-1.4671635129110122e-08
2024.0,-3.1899424166037527e-07,1.163795147086974e-08,-1.9399600906244707e-07,6.525033605013902e-09,3.733520828181289e-07,-1.3335022768266682e-08
2025.0,-3.2023771068256934e-07,1.0487324239503553e-08,-1.9475539721203194e-07,5.839566655884806e-09,3.748090928545215e-07,-1.1995743140015973e-08
2026.0,-3.212571046684598e-07,9.33476915738962e-09,-1.953473471594247e-07,5.15278259058195e-09,3.759876505181873e-07,-1.065413161685489e-08
2027.0,-3.2210132840104766e-07,8.18056753432768e-09,-1.9579581110595878e-07,4.464850536035446e-09,3.769419920947517e-07,-9.310516442708074e-09
2028.0,-3.2277637243560697e-07,7.0249947835636136e-09,-1.961165856101399e-07,3.775936069364749e-09,3.776854534583891e-07,-7.965218979805609e-09
2029.0,-3.2334505428721627e-07,5.868320660150757e-09,-1.963627786066846e-07,3.0862013699395054e-09,3.78299306045016e-07,-6.618553991275787e-09
2030.0,-3.2396896736119896e-07,4.7108095261386315e-09,-1.9665618788966555e-07,2.395805388930639e-09,3.7898489158326226e-07,-5.270829955746251e-09
2031.0,-3.247069817607917e-07,3.5527206392704714e-09,-1.9704126005826161e-07,1.7049040341585328e-09,3.798155896873516e-07,-3.922349409978825e-09
2032.0,-3.255137169949629e-07,2.3943084617173787e-09,-1.974968883849959e-07,1.0136503679409803e-09,3.8074164583564056e-07,-2.5734093153781304e-09
2033.0,-3.264437461181213e-07,1.2358229852981468e-09,-1.9804061866801614e-07,3.221948155925005e-10,3.818188130802921e-07,-1.2243014441200818e-09
2034.0,-3.2749137493515157e-07,7.751006962948489e-11,-1.9866064880635914e-07,-3.693146177712567e-10,3.830361001799694e-07,1.2468721935611138e-10
2035.0,-3.286535248392397e-07,-1.0803882102842986e-09,-1.993723617171872e-07,-1.0607321244211123e-09,3.84398852763566e-07,1.473274065668364e-09
2036.0,-3.2995397722390685e-07,-2.2376332103903667e-09,-2.001942454865624e-07,-1.7519138674018845e-09,3.8593699357771916e-07,2.821180440649244e-09
2037.0,-3.313508955826716e-07,-3.393989361052744e-09,-2.0108350645697826e-07,-2.4427177522076947e-09,3.87592560006603e-07,4.1681312221573e-09
2038.0,-3.3276201559517826e-07,-4.549223810636555e-09,-2.0195857244886817e-07,-3.1330031986912034e-09,3.892529049455513e-07,5.513854397109846e-09
2039.0,-3.341109911236817e-07,-5.703106071976276e-09,-2.0275415779646977e-07,-3.822630914998939e-09,3.9081888758529144e-07,6.858080642030705e-09
2040.0,-3.3540555884059575e-07,-6.85540767425447e-09,-2.0348493980082427e-07,-4.511462675166463e-09,3.923047407652849e-07,8.200542910120326e-09
2041.0,-3.366933563481167e-07,-8.005901822576542e-09,-2.0423036908856496e-07,-5.1993611018494634e-09,3.937924070713037e-07,9.540976027567678e-09
2042.0,-3.3804391810776657e-07,-9.154363067285753e-09,-2.0505332769260587e-07,-5.886189455510559e-09,3.953739467484695e-07,1.0879116301536108e-08
2043.0,-3.3959435111197145e-07,-1.0300566984822412e-08,-2.0600660052827457e-07,-6.5718114312247995e-09,3.971939611428868e-07,1.2214701141968606e-08
2044.0,-3.4126414640012204e-07,-1.144428987169089e-08,-2.0702230019153944e-07,-7.256090964107852e-09,3.991484064790937e-07,1.3547468699069893e-08
2045.0,-3.4294584162763986e-07,-1.2585308452860543e-08,-2.0804575863453412e-07,-7.938892044212596e-09,4.011170502178997e-07,1.4877157518037656e-08
2046.0,-3.4458845384055525e-07,-1.3723399605700404e-08,-2.0908279610432068e-07,-8.620078541587176e-09,4.030593233595092e-07,1.620350621234258e-08
2047.0,-3.4635764020740645e-07,-1.485834010034196e-08,-2.1024147783821334e-07,-9.29951404204866e-09,4.0517291855902604e-07,1.752625315660939e-08
2048.0,-3.481437005486976e-07,-1.5989906357190782e-08,-2.1142420067454815e-07,-9.977061694108206e-09,4.073134282866363e-07,1.8845136199940656e-08
2049.0,-3.497587637013577e-07,-1.7117874222170906e-08,-2.12450067010872e-07,-1.065258406739151e-08,4.0922637226702067e-07,2.0159892400361314e-08
2050.0,-3.512388083160012e-07,-1.824201876019301e-08,-2.1331969257687433e-07,-1.1325943022837145e-08,4.1094280831806365e-07,2.1470257780949788e-08
2051.0,-3.525272266463597e-07,-1.9362114067287025e-08,-2.1406811337443266e-07,-1.1996999594927599e-08,4.1243254320029455e-07,2.2775967108165003e-08
2052.0,-3.5366815689941156e-07,-2.047793310183194e-08,-2.1475337048937337e-07,-1.2665613886211951e-08,4.1376342919737707e-07,2.4076753692873188e-08
2053.0,-3.5473503101624004e-07,-2.158924753534022e-08,-2.153911108915274e-07,-1.3331644974406834e-08,4.150063528202659e-07,2.5372349214614325e-08
2054.0,-3.558045329615789e-07,-2.2695827623297917e-08,-2.1601394209480596e-07,-1.3994950832403627e-08,4.1624378536543393e-07,2.6662483569706908e-08
2055.0,-3.5690648794717283e-07,-2.3797442096611135e-08,-2.1664551089206618e-07,-1.4655388261553483e-08,4.1751349502557373e-07,2.7946884743854238e-08
2056.0,-3.580017271104241e-07,-2.4893858074251225e-08,-2.172383446186199e-07,-1.5312812838639353e-08,4.187573700684978e-07,2.9225278709971192e-08
2057.0,-3.5886536366158683e-07,-2.5984840997718596e-08,-2.1769976973895488e-07,-1.5967078876971547e-08,4.197350819032845e-07,3.049738935198785e-08
2058.0,-3.597097694985063e-07,-2.707015458795421e-08,-2.1818601866896437e-07,-1.661803940205654e-08,4.2070923096038933e-07,3.176293841540104e-08
2059.0,-3.6079052648241294e-07,-2.8149560825315442e-08,-2.1884368783808839e-07,-1.7265546142284775e-08,4.219743638019156e-07,3.3021645485332335e-08
2060.0,-3.6194009556123063e-07,-2.9222819953195545e-08,-2.1956519880017566e-07,-1.7909449535059717e-08,4.2333144142507703e-07,3.427322799280683e-08
2061.0,-3.6297072997237834e-07,-3.028969050580037e-08,-2.2019742852708024e-07,-1.854959874874483e-08,4.245405261534166e-07,3.5517401249887384e-08
2062.0,-3.6390372491756917e-07,-3.134992936050172e-08,-2.2073635122521473e-07,-1.9185841720740328e-08,4.2561773666178813e-07,3.6753878514184396e-08
2063.0,-3.6473058775965406e-07,-3.2403291815069516e-08,-2.2120717646512134e-07,-1.981802521192145e-08,4.2656888841917906e-07,3.7982371083120115e-08
2064.0,-3.6548432776062345e-07,-3.344953168994701e-08,-2.216140971567082e-07,-2.0445994877577628e-08,4.2742438149597613e-07,3.920258841816008e-08
2065.0,-3.662757435268782e-07,-3.448840145557304e-08,-2.2203842321710798e-07,-2.1069595354885728e-08,4.2832111981655426e-07,4.041423829903238e-08
2066.0,-3.6732532124328365e-07,-3.551965238456637e-08,-2.2265398508247713e-07,-2.168867036682536e-08,4.2953776166897074e-07,4.1617027007729255e-08
2067.0,-3.6861260477305535e-07,-3.654303472836534e-08,-2.2339069223609176e-07,-2.230306284229574e-08,4.3102047953118997e-07,4.2810659541818196e-08
2068.0,-3.6994336488627155e-07,-3.7558297917659305e-08,-2.24166593051911e-07,-2.2912615052020748e-08,4.3256069477459245e-07,4.399483985628133e-08
2069.0,-3.7131994330696916e-07,-3.856519078566673e-08,-2.2501645216554955e-07,-2.35171687596361e-08,4.341784242021497e-07,4.5169271132760585e-08
2070.0,-3.727741325065814e-07,-3.9563461813022026e-08,-2.2594206125492455e-07,-2.4116565387150163e-08,4.3590178814746606e-07,4.6333656074731136e-08
2071.0,-3.7430345563305156e-07,-4.0552859392746087e-08,-2.2693173849785975e-07,-2.4710646193767722e-08,4.377226186028143e-07,4.748769722677511e-08
2072.0,-3.760390275553416e-07,-4.153313211350679e-08,-2.2807068747465742e-07,-2.529925246687499e-08,4.3979721319027225e-07,4.863109731579894e-08
2073.0,-3.779048079466385e-07,-4.250402905913783e-08,-2.2930278430199902e-07,-2.5882225723812727e-08,4.4203145901376163e-07,4.976355961174519e-08
2074.0,-3.7959956218636126e-07,-4.3465300122186814e-08,-2.3040251319328409e-07,-2.6459407922922394e-08,4.4405083683949814e-07,5.0884788305107436e-08
2075.0,-3.811351914767558e-07,-4.441669632911805e-08,-2.3136541202339878e-07,-2.70306416822464e-08,4.458631943351911e-07,5.19944888983784e-08
2076.0,-3.825945432828215e-07,-4.5357970174713845e-08,-2.3227142421922142e-07,-2.759577050420686e-08,4.475808296370794e-07,5.309236860846263e-08
2077.0,-3.838673133110815e-07,-4.628887596320357e-08,-2.330610348044715e-07,-2.8154639004579908e-08,4.490785679285965e-07,5.4178136777068324e-08
2078.0,-3.8497707507967327e-07,-4.7209170153699525e-08,-2.3370670537703475e-07,-2.8707093144121336e-08,4.50362268041061e-07,5.5251505286156074e-08
2079.0,-3.860494968838113e-07,-4.8118611707623104e-08,-2.3430461741635877e-07,-2.925298046127663e-08,4.515892689013658e-07,5.631218897565104e-08
2080.0,-3.87112462238437e-07,-4.9016962435950304e-08,-2.349075184093774e-07,-2.9792150304513646e-08,4.528107779476514e-07,5.735990606080472e-08
2081.0,-3.8805933098851053e-07,-4.9903987344279976e-08,-2.3546115152095481e-07,-3.032445406293967e-08,4.5390747762382634e-07,5.839437854680537e-08
2082.0,-3.889843926407899e-07,-5.077945497391986e-08,-2.3603600275701186e-07,-3.0849745393997094e-08,4.549965409930413e-07,5.94153326384684e-08
2083.0,-3.899042434196698e-07,-5.164313773738565e-08,-2.3662798422086073e-07,-3.1367880447167614e-08,4.5609003711229325e-07,6.042249914307999e-08
2084.0,-3.9087452086139507e-07,-5.249481224691187e-08,-2.3723968589628441e-07,-3.1878718082749474e-08,4.5723687474086433e-07,6.141561386471097e-08
2085.0,-3.9181012931321924e-07,-5.333425963477513e-08,-2.3781429837888002e-07,-3.238212008490524e-08,4.583348316960872e-07,6.239441798855908e-08
2086.0,-3.9262258880179424e-07,-5.416126586442801e-08,-2.3830285451886812e-07,-3.287795136830846e-08,4.5928286241624954e-07,6.335865845411538e-08
2087.0,-3.932901553871382e-07,-5.497562203163413e-08,-2.3871050466861554e-07,-3.3366080177847076e-08,4.600650512303498e-07,6.430808831618128e-08
2088.0,-3.937452540681008e-07,-5.577712465498065e-08,-2.3896010127588685e-07,-3.384637828096896e-08,4.6058360272911945e-07,6.524246709298828e-08
2089.0,-3.9412743817190954e-07,-5.656557595531926e-08,-2.3914545525804964e-07,-3.431872115237653e-08,4.610064926771989e-07,6.616156110088445e-08
2090.0,-3.9461052331324353e-07,-5.734078412384015e-08,-2.393572667291899e-07,-3.4782988150887455e-08,4.6152937744592213e-07,6.706514377524047e-08
2091.0,-3.950949134662318e-07,-5.8102563578607105e-08,-2.395480154654406e-07,-3.523906268836749e-08,4.620424681350408e-07,6.795299597737956e-08
2092.0,-3.9554363880089927e-07,-5.885073520946128e-08,-2.3973354157380555e-07,-3.568683239070228e-08,4.625223682713905e-07,6.882490628743507e-08
2093.0,-3.9602781859437997e-07,-5.9585126611233845e-08,-2.3999942179442346e-07,-3.6126189250801525e-08,4.630742441145704e-07,6.968067128308169e-08
2094.0,-3.967552143907538e-07,-6.030557230519142e-08,-2.404654543541884e-07,-3.655702977361862e-08,4.639378567049894e-07,7.05200958040659e-08
2095.0,-3.9772114748815035e-07,-6.101191394857596e-08,-2.4111500061818614e-07,-3.6979255113123436e-08,4.6510058555370465e-07,7.134299320238577e-08
2096.0,-3.988212495115162e-07,-6.170400053199918e-08,-2.4183860228288445e-07,-3.7392771201090485e-08,4.664164433379962e-07,7.21491855778432e-08
2097.0,-3.9979679793133993e-07,-6.238168856432048e-08,-2.424355045743676e-07,-3.779748886746883e-08,4.6756010684657523e-07,7.293850399853068e-08
2098.0,-4.005118525302054e-07,-6.304484224449408e-08,-2.428175487206863e-07,-3.819332395199765e-08,4.683696253856561e-07,7.3710788705638e-08
2099.0,-4.011953739085916e-07,-6.36933336197289e-08,-2.4320507895081445e-07,-3.858019740663324e-08,4.69155026055489e-07,7.446588930179327e-08
2100.0,-4.0219990531109584e-07,-6.432704272917502e-08,-2.438661003550946e-07,-3.8958035388264906e-08,4.703567143505613e-07,7.520366492199424e-08
2101.0,-4.034834315130853e-07,-6.494585773222956e-08,-2.4471580752083444e-07,-3.932676934111653e-08,4.718948039088253e-07,7.592398438604259e-08
2102.0,-4.0478303156565865e-07,-6.554967502044466e-08,-2.455193347378204e-07,-3.9686336068155093e-08,4.7342269313330016e-07,7.66267263312583e-08
2103.0,-4.059352562146845e-07,-6.613839931192065e-08,-2.4618413559107655e-07,-4.003667779076085e-08,4.7475263122473277e-07,7.731177932413333e-08
2104.0,-4.06925407800407e-07,-6.671194372699676e-08,-2.4675827238473946e-07,-4.0377742195865606e-08,4.758969767752563e-07,7.797904194949741e-08
2105.0,-4.078420383496484e-07,-6.727022984401959e-08,-2.473555630183588e-07,-4.0709482469744976e-08,4.769904640570138e-07,7.86284228757308e-08
2106.0,-4.088560179305034e-07,-6.781318773398542e-08,-2.4805503393010575e-07,-4.103185731766053e-08,4.782201828196443e-07,7.925984089457766e-08
2107.0,-4.099533483792328e-07,-6.834075597291253e-08,-2.4878345540602087e-07,-4.13448309685858e-08,4.795361879265257e-07,7.987322493418482e-08
2108.0,-4.1103658346419714e-07,-6.885288163089926e-08,-2.4944358607836836e-07,-4.164837316431368e-08,4.80804716679814e-07,8.046851404410867e-08
2109.0,-4.119469481783655e-07,-6.934952023695923e-08,-2.499937801769825e-07,-4.194245913233148e-08,4.818684241996423e-07,8.10456573511948e-08
2110.0,-4.1261454061802816e-07,-6.983063571889782e-08,-2.504350988391524e-07,-4.222706954196642e-08,4.826681032137948e-07,8.160461398544375e-08
2111.0,-4.129702407956737e-07,-7.02962003177058e-08,-2.506881673219885e-07,-4.2502190443448694e-08,4.831034847919171e-07,8.214535297523128e-08
2112.0,-4.1313798501696475e-07,-7.07461944761911e-08,-2.5077383287996913e-07,-4.2767813189708017e-08,4.832913302772858e-07,8.266785311154928e-08
2113.0,-4.132820691782335e-07,-7.11806067018365e-08,-2.5077612073043376e-07,-4.302393434090346e-08,4.83415692166532e-07,8.317210278125636e-08
2114.0,-4.133145412726913e-07,-7.159943340413861e-08,-2.5066650562177717e-07,-4.327055555187324e-08,4.833866020775583e-07,8.365809976965382e-08
2115.0,-4.131775956928152e-07,-7.20026787069336e-08,-2.504613081238949e-07,-4.350768344286728e-08,4.831631116399803e-07,8.412585103300652e-08
2116.0,-4.129825033061252e-07,-7.23903542364276e-08,-2.5028276104399616e-07,-4.3735329454076294e-08,4.829037259255718e-07,8.457537244188933e-08
2117.0,-4.130107262440008e-07,-7.276247888581401e-08,-2.5030704602080345e-07,-4.395350968458544e-08,4.829404489999338e-07,8.500668849643875e-08
2118.0,-4.1340093494268704e-07,-7.311907855746471e-08,-2.505893453574881e-07,-4.416224471645081e-08,4.834204722787215e-07,8.541983201471587e-08
2119.0,-4.140905490168656e-07,-7.346018588372475e-08,-2.510450979875678e-07,-4.4361559424619687e-08,4.842464496603736e-07,8.581484379543436e-08
2120.0,-4.1484822309312275e-07,-7.378583992732284e-08,-2.5151333296613565e-07,-4.4551482773397714e-08,4.85137099038257e-07,8.619177225628415e-08
2121.0,-4.1537613693076736e-07,-7.409608586235238e-08,-2.5181679666475e-07,-4.473204760012165e-08,4.857458535222135e-07,8.655067304900795e-08
2122.0,-4.15679189166851e-07,-7.439097463670006e-08,-2.5198765414569113e-07,-4.490329038664131e-08,4.860935775632703e-07,8.689160865229359e-08
2123.0,-4.16092308191951e-07,-7.467056261672135e-08,-2.5227377534187134e-07,-4.506525101916177e-08,4.865951773926109e-07,8.721464794345148e-08
2124.0,-4.168606121957019e-07,-7.49349112148945e-08,-2.5279493014174204e-07,-4.521797253695089e-08,4.875223550828655e-07,8.751986574976408e-08
2125.0,-4.1780227787169277e-07,-7.518408650112239e-08,-2.533628138817745e-07,-4.536150087037671e-08,4.886219999681409e-07,8.78073423803208e-08
2126.0,-4.1866340075302766e-07,-7.541815879829765e-08,-2.5383645738119576e-07,-4.549588456870372e-08,4.896039115713087e-07,8.807716313908662e-08
2127.0,-4.193660734785887e-07,-7.563720226270553e-08,-2.542508865666093e-07,-4.562117451805177e-08,4.904196334821394e-07,8.832941781990506e-08
2128.0,-4.1991093219229114e-07,-7.584129444982579e-08,-2.5462911731888305e-07,-4.573742364991517e-08,4.91081641238188e-07,8.856420018412095e-08
2129.0,-4.204605208307788e-07,-7.603051586612076e-08,-2.550298041775756e-07,-4.584468664065683e-08,4.917593421544143e-07,8.878160742154052e-08
2130.0,-4.211425785605183e-07,-7.620494950746305e-08,-2.554771728474625e-07,-4.5943019602434806e-08,4.925745195630145e-07,8.898173959552421e-08
2131.0,-4.2190296473121336e-07,-7.636468038495854e-08,-2.559222460757349e-07,-4.6032479766083863e-08,4.934554769028675e-07,8.916469907312926e-08
2132.0,-4.2253365141464716e-07,-7.650979503905383e-08,-2.562922006010826e-07,-4.611312515656104e-08,4.941865828477541e-07,8.933058994137786e-08
2133.0,-4.2292943382149506e-07,-7.664038104297994e-08,-2.565773422474882e-07,-4.6185014261672265e-08,4.946728601281406e-07,8.947951741092197e-08
2134.0,-4.230411642103249e-07,-7.675652649677926e-08,-2.567154680499506e-07,-4.624820569492734e-08,4.948400328919764e-07,8.961158720861005e-08
2135.0,-4.229748980788539e-07,-7.685831951338792e-08,-2.566976600865134e-07,-4.6302757853521405e-08,4.947741435227876e-07,8.972690496073213e-08
2136.0,-4.228584407350855e-07,-7.69458476984943e-08,-2.565641743640379e-07,-4.6348728572607176e-08,4.946053340472666e-07,8.982557556901781e-08
2137.0,-4.226725531103481e-07,-7.701919762614753e-08,-2.5632633561534224e-07,-4.638617477719434e-08,4.943230497183083e-07,8.990770258176788e-08
2138.0,-4.2225209083424087e-07,-7.707845431233042e-08,-2.5594799347994357e-07,-4.641515213317895e-08,4.937673577508919e-07,8.997338756279212e-08
2139.0,-4.216008602647703e-07,-7.712370068892189e-08,-2.5547683234206087e-07,-4.64357146991532e-08,4.929662232237903e-07,9.002272946108243e-08
2140.0,-4.2096456782936276e-07,-7.715501708064028e-08,-2.550584107530174e-07,-4.644791458076179e-08,4.922052013780605e-07,9.005582398435273e-08
2141.0,-4.206386102489912e-07,-7.717248068766957e-08,-2.5484834031974657e-07,-4.6451801589444256e-08,4.918175647493001e-07,9.007276297970954e-08
2142.0,-4.207207303652538e-07,-7.717616507671063e-08,-2.548955424785948e-07,-4.644742290742382e-08,4.919122589797185e-07,9.007363382476286e-08
2143.0,-4.210405081250812e-07,-7.716613968316523e-08,-2.5508831098808304e-07,-4.643482276077161e-08,4.92285644605832e-07,9.005851883244038e-08
2144.0,-4.212516523799392e-07,-7.714246932705615e-08,-2.552180873166554e-07,-4.641404210229561e-08,4.925334777722233e-07,9.002749467263825e-08
2145.0,-4.21183414395232e-07,-7.710521374513268e-08,-2.551878987011591e-07,-4.63851183058912e-08,4.924594726524597e-07,8.998063181365135e-08
2146.0,-4.210790443825996e-07,-7.705442714142952e-08,-2.551583623972009e-07,-4.6348084873860836e-08,4.923549040269474e-07,8.991799398610369e-08
2147.0,-4.2126476909598587e-07,-7.699015775835472e-08,-2.5531249926713517e-07,-4.63029711585732e-08,4.925936235514272e-07,8.983963767186444e-08
2148.0,-4.2175797727861397e-07,-7.691244747018385e-08,-2.556189414304466e-07,-4.6249802099692486e-08,4.931742436666477e-07,8.974561162019286e-08
2149.0,-4.222896963779199e-07,-7.682133140063125e-08,-2.5591354714527004e-07,-4.618859797806531e-08,4.93781663571492e-07,8.963595639310415e-08
2150.0,-4.226006251328851e-07,-7.671683756595941e-08,-2.5608000153720667e-07,-4.6119374187210035e-08,4.941338437609804e-07,8.951070394169593e-08
2151.0,-4.226931566569947e-07,-7.659898654488837e-08,-2.5615310868254415e-07,-4.604214102321849e-08,4.942508672449507e-07,8.936987721493395e-08
2152.0,-4.2278180074906135e-07,-7.64677911763903e-08,-2.5625413929697416e-07,-4.595690349376e-08,4.943790397574032e-07,8.92134898021828e-08
2153.0,-4.2308463775453387e-07,-7.632325628630721e-08,-2.564760938489341e-07,-4.586366114677543e-08,4.947530671151947e-07,8.904154561058811e-08
2154.0,-4.235677569797147e-07,-7.616537844360749e-08,-2.5677709641902524e-07,-4.5762407919361683e-08,4.953222405648792e-07,8.88540385782676e-08
2155.0,-4.240538184069331e-07,-7.599414574699539e-08,-2.5707433524979617e-07,-4.565313200727431e-08,4.958919789123684e-07,8.865095242414299e-08
2156.0,-4.243340973597576e-07,-7.580953764250758e-08,-2.572905109243795e-07,-4.553581575541809e-08,4.962437235813149e-07,8.843226043514697e-08
2157.0,-4.24355053499359e-07,-7.561152477267954e-08,-2.57388566501926e-07,-4.541043556965837e-08,4.963124878505076e-07,8.819792529147636e-08
2158.0,-4.2422675949893573e-07,-7.54000688578504e-08,-2.5737902080436026e-07,-4.5276961850274205e-08,4.961978474612513e-07,8.794789893054366e-08
2159.0,-4.2408594531917476e-07,-7.517512261019719e-08,-2.5728655657364374e-07,-4.5135358947387454e-08,4.960294963112384e-07,8.768212245030628e-08
2160.0,-4.2391808457997726e-07,-7.493662968113803e-08,-2.571070702311884e-07,-4.4985585138736155e-08,4.957928882071848e-07,8.740052605271084e-08
2161.0,-4.235964737586695e-07,-7.468452464280582e-08,-2.568247785689204e-07,-4.4827592630207434e-08,4.953715166092557e-07,8.710302902806814e-08
2162.0,-4.2302345351630244e-07,-7.441873300435602e-08,-2.5643661612229085e-07,-4.466132757959508e-08,4.94680280901827e-07,8.678953978125313e-08
2163.0,-4.223026887628656e-07,-7.413917126392493e-08,-2.559899615200978e-07,-4.448673014409114e-08,4.9383238182141e-07,8.645995590069187e-08
2164.0,-4.216518291466631e-07,-7.384574699708832e-08,-2.5557504899909045e-07,-4.4303734552049606e-08,4.930607170456944e-07,8.611416427114158e-08
2165.0,-4.2124839913504353e-07,-7.353835898267436e-08,-2.5529349149955305e-07,-4.411226919956537e-08,4.925697722920777e-07,8.575204123127586e-08
2166.0,-4.2104039096879653e-07,-7.32168973667455e-08,-2.5513711617020096e-07,-4.391225677238624e-08,4.923108356260337e-07,8.537345277704004e-08
2167.0,-4.207451243937177e-07,-7.288124386547834e-08,-2.5493947919397186e-07,-4.37036143936186e-08,4.919558900478564e-07,8.497825481163928e-08
2168.0,-4.201933837127969e-07,-7.253127200754112e-08,-2.5460013662603753e-07,-4.3486253797600516e-08,4.913081612247112e-07,8.456629344286633e-08
2169.0,-4.1956083583760684e-07,-7.216684741640684e-08,-2.5423145917635726e-07,-4.326008153020715e-08,4.905761202949967e-07,8.413740532828074e-08
2170.0,-4.1915768253519836e-07,-7.17878281328537e-08,-2.540114240473512e-07,-4.302499917572694e-08,4.901172985876355e-07,8.369141806852696e-08
2171.0,-4.1904770015088744e-07,-7.139406497769477e-08,-2.539427314124376e-07,-4.2780903610304685e-08,4.899876384552548e-07,8.322815064882549e-08
2172.0,-4.1903678815735645e-07,-7.098540195454341e-08,-2.539016524805149e-07,-4.252768728178965e-08,4.899570174633377e-07,8.274741392838782e-08
2173.0,-4.189168256174547e-07,-7.056167669216166e-08,-2.5379071728892644e-07,-4.226523851565458e-08,4.897969323785448e-07,8.224901117719537e-08
2174.0,-4.1861348529237397e-07,-7.012272092566777e-08,-2.5359923720713606e-07,-4.19934418464727e-08,4.894382731056797e-07,8.173273865925743e-08
2175.0,-4.183156272069555e-07,-6.96683610156101e-08,-2.5345162200929305e-07,-4.171217837426197e-08,4.891070319109e-07,8.119838626114188e-08
2176.0,-4.182226696208824e-07,-6.919841850365769e-08,-2.534300314743776e-07,-4.142132614483368e-08,4.89016341483515e-07,8.064573816426266e-08
2177.0,-4.1837286975099364e-07,-6.871271070341464e-08,-2.5352853010029985e-07,-4.112076055311791e-08,4.891958439301182e-07,8.007457355911538e-08
2178.0,-4.186084585217076e-07,-6.821105132463676e-08,-2.5366748558630636e-07,-4.081035476828217e-08,4.89469339989339e-07,7.948466739937528e-08
2179.0,-4.187152334161892e-07,-6.769325112891858e-08,-2.537698267635058e-07,-4.048998017931631e-08,4.896136963672008e-07,7.887579119351845e-08
2180.0,-4.186326855171174e-07,-6.715911861474004e-08,-2.538110575461827e-07,-4.015950685963458e-08,4.89564478200763e-07,7.824771383141018e-08
2181.0,-4.184340706980816e-07,-6.660846072962642e-08,-2.5378654386343236e-07,-3.9818804049152684e-08,4.893819381292214e-07,7.760020244314049e-08
2182.0,-4.182389031492928e-07,-6.604108360709065e-08,-2.5370129271007347e-07,-3.9467740652238646e-08,4.89170855663219e-07,7.693302328728395e-08
2183.0,-4.1803243951143987e-07,-6.545679332599068e-08,-2.5353801869076875e-07,-3.910618574991154e-08,4.889096515773914e-07,7.624594266571694e-08
2184.0,-4.1768774748651705e-07,-6.485539668993943e-08,-2.532744526884123e-07,-3.873400912466926e-08,4.884782521105472e-07,7.55387278621332e-08
2185.0,-4.1706597034285586e-07,-6.423670202444263e-08,-2.52868324238098e-07,-3.835108179635917e-08,4.877360075091973e-07,7.481114810144801e-08
2186.0,-4.161962201681968e-07,-6.360051998950483e-08,-2.523331631421044e-07,-3.795727656755838e-08,4.867148229750086e-07,7.406297552736402e-08
2187.0,-4.1533747335842364e-07,-6.294666440552758e-08,-2.5180714366412893e-07,-3.7552468576994325e-08,4.857077870243039e-07,7.329398619547662e-08
2188.0,-4.1465358868730817e-07,-6.227495309041366e-08,-2.5136554954174883e-07,-3.713653585960244e-08,4.848940483318894e-07,7.250396107940814e-08
2189.0,-4.1411978815575345e-07,-6.158520870587397e-08,-2.5100393903632057e-07,-3.6709359911877124e-08,4.84250117556945e-07,7.169268708756127e-08
2190.0,-4.1352512568371136e-07,-6.087725961099674e-08,-2.506100107019238e-07,-3.627082626121822e-08,4.835373894909758e-07,7.085995808815977e-08
2191.0,-4.1267794162469507e-07,-6.015094072118063e-08,-2.500799661242503e-07,-3.582082503800683e-08,4.825381569993211e-07,7.000557594029757e-08
2192.0,-4.116595315462046e-07,-5.940609437056039e-08,-2.494676512310168e-07,-3.5359251549165066e-08,4.813498508606405e-07,6.912935152875048e-08
2193.0,-4.1069369835500247e-07,-5.8642571176068116e-08,-2.4889288485763217e-07,-3.4886006851965525e-08,4.80225969728069e-07,6.82311058003228e-08
2194.0,-4.099259842266223e-07,-5.7860230901274704e-08,-2.484112217177037e-07,-3.440099832685757e-08,4.79319775952805e-07,6.731067079950377e-08
2195.0,-4.0927132245738296e-07,-5.7058943318136794e-08,-2.4796706341034813e-07,-3.3904140248065505e-08,4.785297064157739e-07,6.636789070118552e-08
2196.0,-4.085097354417089e-07,-5.6238589064729685e-08,-2.4744792578856867e-07,-3.339535435068586e-08,4.776093381914972e-07,6.540262283814138e-08
2197.0,-4.0754950436650006e-07,-5.539906049697811e-08,-2.468324830223745e-07,-3.287457039296862e-08,4.7646917338309585e-07,6.441473872088318e-08
2198.0,-4.065551108684007e-07,-5.4540262532311796e-08,-2.462293165333973e-07,-3.2341726712413575e-08,4.753061481758063e-07,6.340412504741515e-08
2199.0,-4.0573664418508404e-07,-5.366211348307581e-08,-2.457345281009493e-07,-3.179677077424971e-08,4.743497472704816e-07,6.237068470028661e-08
2200.0,-4.051786241382471e-07,-5.276454587741756e-08,-2.453737784069432e-07,-3.1239659710792635e-08,4.7368555877107186e-07,6.131433772821565e-08
2201.0,-4.047405537527249e-07,-5.184750726525119e-08,-2.450801157016791e-07,-3.067036085009226e-08,4.7315872491629146e-07,6.023502230940865e-08
2202.0,-4.0425148735423466e-07,-5.0910961006768444e-08,-2.4479041806080293e-07,-3.008885223219306e-08,4.725903234329853e-07,5.913269569354222e-08
2203.0,-4.036389229800097e-07,-4.995488704083623e-08,-2.444735984208357e-07,-2.9495123111240407e-08,4.7190223613508576e-07,5.800733511921698e-08
2204.0,-4.029968576069187e-07,-4.897928263050677e-08,-2.4415418932444144e-07,-2.8889174441587317e-08,4.711875798508767e-07,5.68589387035546e-08
2205.0,-4.02435890861641e-07,-4.7984163082780587e-08,-2.4384782733311017e-07,-2.8271019345994296e-08,4.7054905073613837e-07,5.568752630050376e-08
2206.0,-4.019691854095786e-07,-4.696956243970778e-08,-2.435440080855722e-07,-2.76406835639751e-08,4.699924572726944e-07,5.449314032435329e-08
2207.0,-4.014800487617265e-07,-4.59355341378901e-08,-2.4321133454408006e-07,-2.6998205878325726e-08,4.694017285912257e-07,5.327584653492283e-08
2208.0,-4.0085063275629995e-07,-4.48821516334566e-08,-2.428176378022062e-07,-2.6343638517883032e-08,4.686594019210214e-07,5.203573478091548e-08
2209.0,-4.000390501357476e-07,-4.3809508989633096e-08,-2.4234378907805887e-07,-2.56770475345952e-08,4.6771973845265696e-07,5.0772919697975006e-08
2210.0,-3.991599712149796e-07,-4.271772142411225e-08,-2.418316181335145e-07,-2.4998513153047384e-08,4.6670248997559174e-07,4.9487541358096806e-08
2211.0,-3.983583198585716e-07,-4.160692581355647e-08,-2.413430144204698e-07,-2.4308130090671383e-08,4.6576367570915525e-07,4.8179765867192755e-08
2212.0,-3.9766463232060456e-07,-4.0477281152723626e-08,-2.4089883141065194e-07,-2.360600784697393e-08,4.6494021849448484e-07,4.6849785907799965e-08
2213.0,-3.969432092187919e-07,-3.932896896588839e-08,-2.404450565735017e-07,-2.289227096024113e-08,4.6408806984832955e-07,4.549782122414343e-08
2214.0,-3.9602607072863893e-07,-3.816219366843667e-08,-2.3989369420107653e-07,-2.216705923031475e-08,4.6301796208592656e-07,4.412411904700934e-08
2215.0,-3.9493135847723515e-07,-3.6977182876739146e-08,-2.3925358012821807e-07,-2.14305279061895e-08,4.6174999026837464e-07,4.272895445616042e-08
2216.0,-3.9384302659428716e-07,-3.5774187664661225e-08,-2.386214653510299e-07,-2.0682847837349605e-08,4.60491621338783e-07,4.131263067832747e-08
2217.0,-3.9285583942894053e-07,-3.4553482765341185e-08,-2.380275421764999e-07,-1.9924205587946324e-08,4.5933954914420655e-07,3.987547931914108e-08
2218.0,-3.9185100224325975e-07,-3.331536671715589e-08,-2.3738382257110224e-07,-1.9154803513111687e-08,4.58146578266733e-07,3.841786052771322e-08
2219.0,-3.90600538260899e-07,-3.2060161953088386e-08,-2.3656787559445114e-07,-1.8374859796904623e-08,4.566542896469667e-07,3.694016309293549e-08
2220.0,-3.890095275210781e-07,-3.0788214833010085e-08,-2.355503921358526e-07,-1.7584608451590334e-08,4.5476631332754447e-07,3.544280447092121e-08
2221.0,-3.872125239612334e-07,-2.9499895618688497e-08,-2.3442118760041986e-07,-1.678429927815982e-08,4.5264426640400515e-07,3.3926230743381204e-08
2222.0,-3.85454850315714e-07,-2.819559839162196e-08,-2.333033881363189e-07,-1.597419778819644e-08,4.505617743970247e-07,3.2390916507074436e-08
2223.0,-3.8390641765584377e-07,-2.687574091407074e-08,-2.322970833051885e-07,-1.5154585087379756e-08,4.487160264905198e-07,3.083736469479914e-08
2224.0,-3.8254016265781843e-07,-2.5540764433880505e-08,-2.3139963359342097e-07,-1.4325757721071866e-08,4.470825052196067e-07,2.9266106328664155e-08
2225.0,-3.8115629458213007e-07,-2.419113343386929e-08,-2.3051291596354329e-07,-1.3488027482550892e-08,4.4543947436839845e-07,2.7677700206591735e-08
2226.0,-3.796671309980182e-07,-2.2827335326671287e-08,-2.2960352644152415e-07,-1.2641721184539523e-08,4.4369461312331707e-07,2.6072732523150767e-08
2227.0,-3.781623484216956e-07,-2.1449880096009184e-08,-2.2871377189370712e-07,-1.1787180394728252e-08,4.419465479191557e-07,2.445181642591312e-08
2228.0,-3.7678950956521184e-07,-2.0059299885410757e-08,-2.2789250640753433e-07,-1.0924761136019774e-08,4.4034682807430435e-07,2.2815591508577543e-08
2229.0,-3.756050426378943e-07,-1.865614853540025e-08,-2.2715211057955376e-07,-1.0054833552227914e-08,4.3895014454463985e-07,2.116472324212127e-08
2230.0,-3.7451829332235675e-07,-1.7241001070183687e-08,-2.2645278681399095e-07,-9.177781539954967e-09,4.3765833327941293e-07,1.9499902345225507e-08
2231.0,-3.7338428061917117e-07,-1.5814453134814896e-08,-2.2574529175145575e-07,-8.294002347349595e-09,4.363218511161753e-07,1.782184409518151e-08
2232.0,-3.721647052201682e-07,-1.4377120383783695e-08,-2.2502350061071041e-07,-7.403906140419214e-09,4.3490475237540584e-07,1.6131287580430753e-08
2233.0,-3.709282442171391e-07,-1.2929637821921435e-08,-2.2429408559621056e-07,-6.507915537541915e-09,4.3346925979987305e-07,1.442899489583808e-08
2234.0,-3.6982177489819357e-07,-1.1472659098478906e-08,-2.236124083399016e-07,-5.606465112797505e-09,4.321697055005372e-07,1.2715750281749303e-08
2235.0,-3.6890257029686957e-07,-1.0006855755201925e-08,-2.2302292905507226e-07,-4.7000008687178765e-09,4.310781057487617e-07,1.099235920784897e-08
2236.0,-3.6813638400190474e-07,-8.53291642921059e-09,-2.2253557142859481e-07,-3.788979679045917e-09,4.3017028927745473e-07,9.259647402812336e-09
2237.0,-3.673273024362711e-07,-7.051546011485247e-09,-2.220591567014818e-07,-2.8738687020910523e-09,4.2923142497967345e-07,7.518459830741895e-09
2238.0,-3.663412498633445e-07,-5.563464761783433e-09,-2.2150728233583106e-07,-1.9551447652846953e-09,4.2810207600436014e-07,5.769659615405311e-09
2239.0,-3.6526375228607133e-07,-4.069407380869158e-09,-2.209091218424719e-07,-1.0332937215755267e-09,4.268705293731491e-07,4.014126913359071e-09
2240.0,-3.642004559462064e-07,-2.5701220410371234e-09,-2.2030630544844776e-07,-1.088097783685488e-10,4.2564872880318745e-07,2.252757737162218e-09
2241.0,-3.631198962905646e-07,-1.0663693760587756e-09,-2.1967590925486835e-07,8.178052001950378e-10,4.2439788428905197e-07,4.864627300562317e-10
2242.0,-3.619630882939484e-07,4.410785681392948e-10,-2.1897811605664508e-07,1.7460424166994397e-09,4.2304691536401754e-07,-1.2838341062935956e-09
2243.0,-3.6059002066213264e-07,1.951439420539212e-09,-2.1813261315284382e-07,2.6753868885945194e-09,4.214344550722039e-07,-3.0571967291405575e-09
2244.0,-3.590041709744529e-07,3.4639216080707668e-09,-2.1714967614328007e-07,3.605318219786781e-09,4.195687984421454e-07,-4.83267841493613e-09
2245.0,-3.5721373237151965e-07,4.977725512598381e-09,-2.160239536697084e-07,4.535311394272913e-09,4.1745418809000347e-07,-6.6093231600836454e-09
2246.0,-3.553699610275851e-07,6.4920446595603795e-09,-2.1482346435064414e-07,5.464837590221647e-09,4.1525525889067296e-07,-8.386167119377485e-09
2247.0,-3.536905094914111e-07,8.006066935704651e-09,-2.1372314783218993e-07,6.3933650127290625e-09,4.1324878756457845e-07,-1.0162240079022919e-08
2248.0,-3.520985789179365e-07,9.518975833130082e-09,-2.1271124588106982e-07,7.320359743309487e-09,4.113629582258316e-07,-1.1936566960846038e-08
2249.0,-3.5048533859882713e-07,1.1029951716646027e-08,-2.1171885077053698e-07,8.245286604049131e-09,4.094689784883971e-07,-1.3708169354065136e-08
2250.0,-3.488862187067676e-07,1.2538173111309134e-08,-2.1074074751936678e-07,9.16761003424652e-09,4.0759447526742555e-07,-1.5476067070810317e-08
2251.0,-3.4741931566328876e-07,1.404281800688521e-08,-2.0984812887370197e-07,1.0086794977292276e-08,4.0587734364921346e-07,-1.7239279721445717e-08
2252.0,-3.461213491096071e-07,1.5543065175909334e-08,-2.0906548091337296e-07,1.100230777549646e-08,4.043616742706886e-07,-1.8996828305661695e-08
2253.0,-3.449377536934861e-07,1.7038095501974847e-08,-2.0835658195994533e-07,1.191361707054978e-08,4.0298203330811103e-07,-2.0747736815256877e-08
2254.0,-3.4386008741782437e-07,1.8527093314864898e-08,-2.077237191838721e-07,1.2820194707300237e-08,4.0173237762293194e-07,-2.24910338445125e-08
2255.0,-3.428305796332465e-07,2.0009247729139226e-08,-2.0713676732175834e-07,1.3721516638532531e-08,4.005476834387836e-07,-2.422575420406391e-08
2256.0,-3.41749604851338e-07,2.148375398279302e-08,-2.0651803327165208e-07,1.4617063828445982e-08,3.993025049789155e-07,-2.59509405341815e-08
2257.0,-3.4064543433243166e-07,2.2949814772601582e-08,-2.0585491573854586e-07,1.5506323152530805e-08,3.9801452016886876e-07,-2.766564491337326e-08
2258.0,-3.395849750426061e-07,2.4406641582748384e-08,-2.052105100985857e-07,1.638878829153604e-08,3.967736240346744e-07,-2.9368930458203115e-08
2259.0,-3.385964817137488e-07,2.5853456003299047e-08,-2.0463248462387895e-07,1.7263960617203863e-08,3.9562865314872113e-07,-3.1059872910180385e-08
2260.0,-3.3760396857263064e-07,2.7289491035031286e-08,-2.0407809664391152e-07,1.8131350067413232e-08,3.9449247030303567e-07,-3.273756220551331e-08
2261.0,-3.3643486753442975e-07,2.8713992377059197e-08,-2.0339778428191124e-07,1.8990476008332385e-08,3.931400243471786e-07,-3.440110402343679e-08
2262.0,-3.351359801617715e-07,3.0126219693601665e-08,-2.026283566075593e-07,1.984086808112442e-08,3.9163040752790313e-07,-3.6049621308718724e-08
2263.0,-3.337946824222282e-07,3.152544785613796e-08,-2.0183320691147255e-07,2.0682067030683693e-08,3.900711902018982e-07,-3.768225576382446e-08
2264.0,-3.3241666476391263e-07,3.2910968157076006e-08,-2.0100683038870581e-07,2.1513625513805805e-08,3.8846439331768545e-07,-3.929816930607916e-08
2265.0,-3.3101344584784975e-07,3.428208949093897e-08,-2.001795884193358e-07,2.2335108884116337e-08,3.8683558387485767e-07,-4.0896545485024694e-08
2266.0,-3.294979591950131e-07,3.563813949896446e-08,-1.9929655573069915e-07,2.3146095951010723e-08,3.8508183836659734e-07,-4.247659085503517e-08
2267.0,-3.2774995907536297e-07,3.69784656729177e-08,-1.982589037108351e-07,2.3946179709795407e-08,3.830491203155599e-07,-4.403753629814301e-08
2268.0,-3.2585715396826753e-07,3.8302436413854416e-08,-1.9709199339246197e-07,2.4734968040174878e-08,3.8082560136066677e-07,-4.557863829194791e-08
2269.0,-3.2385382557620357e-07,3.9609442041539974e-08,-1.958033307297713e-07,2.5512084370206123e-08,3.78444506718243e-07,-4.709918011744391e-08
2270.0,-3.217235783753436e-07,4.089889575025373e-08,-1.9439405976595658e-07,2.6277168302850253e-08,3.7589241992214497e-07,-4.859847300162308e-08
2271.0,-3.195245274756342e-07,4.217023450679645e-08,-1.9294817645010287e-07,2.7029876202302842e-08,3.732625382407768e-07,-5.007585718981711e-08
2272.0,-3.1741664507922707e-07,4.342291988669186e-08,-1.9158804002994412e-07,2.7769881737392402e-08,3.707550453545676e-07,-5.153070294294256e-08
2273.0,-3.155771840929189e-07,4.465643884484472e-08,-1.9041807733377603e-07,2.8496876379513804e-08,3.6857564121291025e-07,-5.29624114551386e-08
2274.0,-3.13965224443824e-07,4.587030441729655e-08,-1.894312208344795e-07,2.9210569852817244e-08,3.666856277343061e-07,-5.437041568774196e-08
2275.0,-3.128317453693352e-07,4.7064056351208224e-08,-1.8876002812195924e-07,2.991069053470618e-08,3.6536837455837283e-07,-5.575418111613357e-08
2276.0,-3.121481555456995e-07,4.8237261660786507e-08,-1.88350787189151e-07,3.0596985805102114e-08,3.645716528274724e-07,-5.7113206386703386e-08
2277.0,-3.1176485278117116e-07,4.9389515107539186e-08,-1.8815206301314724e-07,3.126922234339483e-08,3.6414080002901164e-07,-5.844702388198997e-08
2278.0,-3.116149530496548e-07,5.052043960396102e-08,-1.8817423434736025e-07,3.192718637249332e-08,3.6402392975785786e-07,-5.975520019292162e-08
2279.0,-3.1195208954892806e-07,5.162968654048137e-08,-1.8857620505408068e-07,3.257068384989876e-08,3.645203578492443e-07,-6.103733649797207e-08
2280.0,-3.1253438671774436e-07,5.271693603620825e-08,-1.891765322309391e-07,3.319954060621228e-08,3.653293079236323e-07,-6.229306884989947e-08
2281.0,-3.1319811247265683e-07,5.378189711464346e-08,-1.8976807672488327e-07,3.3813602431938595e-08,3.6620346885344516e-07,-6.352206837151774e-08
2282.0,-3.1376488854317763e-07,5.482430780608727e-08,-1.9024096173381189e-07,3.44127351138277e-08,3.6693327568362937e-07,-6.472404136261128e-08
2283.0,-3.1413257974011177e-07,5.584393517886766e-08,-1.9057685819723336e-07,3.49968244222866e-08,3.674218509213981e-07,-6.589872932061048e-08
2284.0,-3.142095180569404e-07,5.684057530179807e-08,-1.907424718727846e-07,3.556577605157752e-08,3.675735461288187e-07,-6.704590887797183e-08
2285.0,-3.139952643033128e-07,5.781405314038276e-08,-1.9069943052452132e-07,3.611951551459434e-08,3.6736806993434253e-07,-6.816539165934272e-08
2286.0,-3.135180730723386e-07,5.876422238925593e-08,-1.9046587457216546e-07,3.66579879939825e-08,3.668389721928848e-07,-6.925702406155012e-08
2287.0,-3.1303424137540947e-07,5.96909652431814e-08,-1.9022235676902088e-07,3.7181158151254294e-08,3.662990326062011e-07,-7.032068695925688e-08
2288.0,-3.125230887135455e-07,6.059419210867868e-08,-1.8997606900106323e-07,3.768900989536937e-08,3.657343130910079e-07,-7.135629533881207e-08
2289.0,-3.116780434297972e-07,6.147384125800709e-08,-1.8951802117916916e-07,3.8181546112018405e-08,3.647742906344889e-07,-7.236379786241556e-08
2290.0,-3.1032526751073597e-07,6.232987842685555e-08,-1.8867344417361487e-07,3.865878835458239e-08,3.631796252434104e-07,-7.334317636425143e-08
2291.0,-3.087801474233043e-07,6.316229635667232e-08,-1.8772223242535802e-07,3.9120776497455e-08,3.6136521137142914e-07,-7.429444527974338e-08
2292.0,-3.073431077554867e-07,6.397111428214948e-08,-1.8683582492240447e-07,3.956756835212612e-08,3.596768151538768e-07,-7.521765100857679e-08
2293.0,-3.058870221145371e-07,6.475637736398029e-08,-1.8589634206978012e-07,3.9999239246151295e-08,3.5794457712476104e-07,-7.6112871211651e-08
2294.0,-3.0437819384387943e-07,6.551815606666282e-08,-1.849307264961686e-07,4.0415881564893685e-08,3.561537006547355e-07,-7.69802140417076e-08
2295.0,-3.0290174769798117e-07,6.625654548085385e-08,-1.8403450113835262e-07,4.08176042557396e-08,3.544265316927244e-07,-7.781981730705377e-08
2296.0,-3.012908384170121e-07,6.69716645895962e-08,-1.8307427672448195e-07,4.1204532294363974e-08,3.5255121629660884e-07,-7.863184756758045e-08
2297.0,-2.995179038817186e-07,6.766365547765451e-08,-1.8196718284957392e-07,4.157680611256415e-08,3.504611681483538e-07,-7.941649916217023e-08
2298.0,-2.9783789504134184e-07,6.833268248320918e-08,-1.809007204589541e-07,4.1934580987190824e-08,3.484716378490881e-07,-8.017399316660729e-08
2299.0,-2.9648403442050775e-07,6.897893129127768e-08,-1.8009334080970607e-07,4.227802638978938e-08,3.468953647287057e-07,-8.09045762812488e-08
2300.0,-2.9556790039075853e-07,6.96026079684697e-08,-1.7961637380214945e-07,4.260732529672544e-08,3.458647502698632e-07,-8.160851964800239e-08
2301.0,-2.9479743954285986e-07,7.020393793903505e-08,-1.7917784553289628e-07,4.292267345980787e-08,3.449785945400621e-07,-8.228611759658062e-08
2302.0,-2.940271596474364e-07,7.078316490262444e-08,-1.7866052122450515e-07,4.322427863773319e-08,3.4405167119860195e-07,-8.293768632055915e-08
2303.0,-2.9344062735248144e-07,7.134054969473322e-08,-1.782570129837957e-07,4.351235978904524e-08,3.433408866693901e-07,-8.356356248442715e-08
2304.0,-2.9302891962901256e-07,7.187636909141221e-08,-1.7799504613280615e-07,4.3787146227715994e-08,3.428530066759895e-07,-8.416410176355762e-08
2305.0,-2.928048019323892e-07,7.23909145604887e-08,-1.7790964834674128e-07,4.40488767428978e-08,3.426171259723116e-07,-8.473967731981928e-08
2306.0,-2.9303375403966214e-07,7.288449096222752e-08,-1.7819246420081036e-07,4.429779868486502e-08,3.4295967008459505e-07,-8.529067821638189e-08
2307.0,-2.9393987804882116e-07,7.33574152030616e-08,-1.7898093990220687e-07,4.453416701964424e-08,3.4414361646794097e-07,-8.581750777611456e-08
2308.0,-2.9516289824782493e-07,7.381001484671147e-08,-1.7996431087019538e-07,4.47582433553121e-08,3.456997102819732e-07,-8.632058188881598e-08
2309.0,-2.961359818476339e-07,7.424262668766393e-08,-1.8071924821894125e-07,4.497029494339271e-08,3.469235743239157e-07,-8.680032727330649e-08
2310.0,-2.9683511125477846e-07,7.465559529255338e-08,-1.812585010557699e-07,4.517059365918372e-08,3.478012758438664e-07,-8.725717970110889e-08
2311.0,-2.975577266944862e-07,7.504927151544926e-08,-1.81835308199485e-07,4.5359414965155665e-08,3.487186258627323e-07,-8.769158218900199e-08
2312.0,-2.9831779542466297e-07,7.54240109933802e-08,-1.8245005706241102e-07,4.5537036861787544e-08,3.4968776128012844e-07,-8.810398316812321e-08
2313.0,-2.9884171551253225e-07,7.578017262861539e-08,-1.8287948491679806e-07,4.570373883032428e-08,3.503587831550775e-07,-8.84948346375239e-08
2314.0,-2.9901050879743707e-07,7.611811706428745e-08,-1.830205421521347e-07,4.585980077197564e-08,3.505763871411814e-07,-8.88645903101527e-08
2315.0,-2.9891464679854263e-07,7.643820515988982e-08,-1.8297444877302116e-07,4.600550194803084e-08,3.5047056220813814e-07,-8.921370375917471e-08
2316.0,-2.9862420658499644e-07,7.674079647302973e-08,-1.8282893581023085e-07,4.614111992524904e-08,3.5014687850674916e-07,-8.954262657234647e-08
2317.0,-2.980200010660461e-07,7.70262477535885e-08,-1.8252731422141455e-07,4.626692953071846e-08,3.4947409270543804e-07,-8.985180652188224e-08
2318.0,-2.9730708192565736e-07,7.72949114561581e-08,-1.8216289793260287e-07,4.638320182017602e-08,3.48675812677555e-07,-9.014168575690263e-08
2319.0,-2.966730352077507e-07,7.754713427631887e-08,-1.8179838588705532e-07,4.649020306356502e-08,3.4794474120256213e-07,-9.04126990251848e-08
2320.0,-2.958857522744607e-07,7.778325571602392e-08,-1.8126510886729008e-07,4.658819375139713e-08,3.4699483871045406e-07,-9.066527193056834e-08
2321.0,-2.947115864543326e-07,7.80036066830848e-08,-1.8046538417804125e-07,4.667742762529131e-08,3.455758586431604e-07,-9.089981923203841e-08
2322.0,-2.9343898098888044e-07,7.820850812952644e-08,-1.7962289461381786e-07,4.675815073589711e-08,3.4405060650032176e-07,-9.111674319022885e-08
2323.0,-2.9248452138030956e-07,7.839826973341362e-08,-1.7902539826974984e-07,4.683060053128538e-08,3.429246104797836e-07,-9.131643196688177e-08
2324.0,-2.9211327415290533e-07,7.857318862866125e-08,-1.788103987654388e-07,4.689500497881924e-08,3.424957279193212e-07,-9.149925808268646e-08
2325.0,-2.920786362492489e-07,7.873354818733929e-08,-1.787957778082161e-07,4.695158172351098e-08,3.424585521129032e-07,-9.166557693891611e-08
2326.0,-2.921755205415044e-07,7.887961685907044e-08,-1.788516352657643e-07,4.700053728592641e-08,3.4257034641214507e-07,-9.181572540838391e-08
2327.0,-2.9240720077206017e-07,7.90116470722741e-08,-1.789971328658435e-07,4.704206630280409e-08,3.428439071028452e-07,-9.195002050142897e-08
2328.0,-2.9282320036794207e-07,7.912987420220684e-08,-1.7928307849413017e-07,4.7076350813691504e-08,3.4334799971465743e-07,-9.206875811287943e-08
2329.0,-2.935394918107681e-07,7.923451561095302e-08,-1.798138256486892e-07,4.7103559597044346e-08,3.442360311573168e-07,-9.217221185619035e-08
2330.0,-2.948524416984677e-07,7.932576976470709e-08,-1.8076622138041287e-07,4.712384755937226e-08,3.458531323664725e-07,-9.226063199118447e-08
2331.0,-2.9690584844865864e-07,7.940381543383853e-08,-1.8223151579399577e-07,4.713735518112899e-08,3.483696430396816e-07,-9.233424445201252e-08
2332.0,-2.9925649398798715e-07,7.946881098131368e-08,-1.838932514180991e-07,4.714420802311792e-08,3.512423338823246e-07,-9.239324998205827e-08
2333.0,-3.012937120489001e-07,7.952089374503104e-08,-1.853347044306064e-07,4.71445162971875e-08,3.537327431643638e-07,-9.243782338250055e-08
2334.0,-3.030019553457164e-07,7.956017951946067e-08,-1.8661930734076293e-07,4.7138374504892936e-08,3.558608587856687e-07,-9.246811288105163e-08
2335.0,-3.0455123713191146e-07,7.958676214162677e-08,-1.8781053118255286e-07,4.712586114757265e-08,3.5780476752224867e-07,-9.248423962697313e-08
2336.0,-3.057692538471768e-07,7.960071318591497e-08,-1.8872659658664137e-07,4.7107038510915615e-08,3.593223689911833e-07,-9.248629731779937e-08
2337.0,-3.064875130215361e-07,7.960208177142645e-08,-1.8919901799419048e-07,4.708195252658042e-08,3.6018170976340855e-07,-9.247435196228288e-08
2338.0,-3.0650712901092447e-07,7.959089448466475e-08,-1.891448208612978e-07,4.70506327127835e-08,3.601699368258988e-07,-9.24484417829412e-08
2339.0,-3.05897080096762e-07,7.9567155419261e-08,-1.8867643224174113e-07,4.701309219502622e-08,3.594048131219129e-07,-9.240857726027232e-08
2340.0,-3.0468374136172205e-07,7.953084633326322e-08,-1.8781423165303845e-07,4.696932780731051e-08,3.5791949913576646e-07,-9.235474131927211e-08
2341.0,-3.031856312812886e-07,7.948192692329084e-08,-1.8672679180653518e-07,4.691932027334375e-08,3.560736185029644e-07,-9.22868896573983e-08
2342.0,-3.018747941063715e-07,7.942033521364927e-08,-1.8573646796971044e-07,4.686303446640065e-08,3.5443818480889933e-07,-9.220495121166214e-08
2343.0,-3.009718737290168e-07,7.934598805737266e-08,-1.8502697493594233e-07,4.680041974573826e-08,3.532973962965211e-07,-9.21088287611651e-08
2344.0,-3.0021584918049626e-07,7.925878174516634e-08,-1.8446849685271882e-07,4.673141036678382e-08,3.523608696070947e-07,-9.199839966019382e-08
2345.0,-2.9940824596008664e-07,7.915859271737813e-08,-1.839651091878336e-07,4.665592596175223e-08,3.5140924738456626e-07,-9.187351669597493e-08
2346.0,-2.988066101355935e-07,7.904527837344471e-08,-1.8367915657901968e-07,4.657387208690351e-08,3.5074694984034375e-07,-9.173400906437531e-08
2347.0,-2.986800336224338e-07,7.891867797272346e-08,-1.837561731249382e-07,4.648514083231083e-08,3.5067947422998746e-07,-9.157968345619891e-08
2348.0,-2.9893778720480046e-07,7.877861362021767e-08,-1.840813827064247e-07,4.6389611489761655e-08,3.51069446232525e-07,-9.141032524625838e-08
2349.0,-2.992370360666019e-07,7.862489133041626e-08,-1.8437383440816912e-07,4.6287151274242674e-08,3.514776160273877e-07,-9.122569977706565e-08
2350.0,-2.992270003165931e-07,7.845730216227928e-08,-1.8438526140640565e-07,4.617761609434086e-08,3.514750664590235e-07,-9.10255537287616e-08
2351.0,-2.9867237831548987e-07,7.827562341828037e-08,-1.8391333672651555e-07,4.6060851366811026e-08,3.507553349480401e-07,-9.080961656675953e-08
2352.0,-2.975754759271254e-07,7.807961990035042e-08,-1.8296800023687165e-07,4.5936692870500926e-08,3.493257118849614e-07,-9.057760205848947e-08
2353.0,-2.964774855479524e-07,7.786904521555368e-08,-1.8197202002190327e-07,4.580496763479403e-08,3.478688193955996e-07,-9.03292098506025e-08
2354.0,-2.9616354489669927e-07,7.764364312438862e-08,-1.8156883320463724e-07,4.5665494857749136e-08,3.473903949695106e-07,-9.006412709805633e-08
2355.0,-2.970315007705393e-07,7.74031489247736e-08,-1.8208898894256365e-07,4.551808684921451e-08,3.4840222781165445e-07,-8.978203013669806e-08
2356.0,-2.9862152768622696e-07,7.714729086507054e-08,-1.8320469792609817e-07,4.53625499943913e-08,3.503409455656716e-07,-8.948258619131219e-08
2357.0,-3.0044998118594624e-07,7.687579157990365e-08,-1.845472400452408e-07,4.519868573360954e-08,3.5260158111238125e-07,-8.916545511159822e-08
2358.0,-3.025399808870288e-07,7.658836954299595e-08,-1.86117797215668e-07,4.502629155442251e-08,3.5520455300507664e-07,-8.88302911291169e-08
2359.0,-3.0487057223194114e-07,7.628474053170312e-08,-1.8786507624546367e-07,4.484516199246597e-08,3.5810522571689053e-07,-8.847674462881232e-08
2360.0,-3.070984038039404e-07,7.596461909830569e-08,-1.8948135205310024e-07,4.4655089637815376e-08,3.608498474362972e-07,-8.810446392919201e-08
2361.0,-3.0884185110713336e-07,7.562772004338107e-08,-1.9067356844815198e-07,4.445586614376671e-08,3.6295963783874486e-07,-8.771309706556985e-08
2362.0,-3.0999564892830733e-07,7.527375988668848e-08,-1.913805313391581e-07,4.42472832350423e-08,3.64312791609272e-07,-8.730229357091085e-08
2363.0,-3.105218723681302e-07,7.490245833095499e-08,-1.9161330068462323e-07,4.402913371237826e-08,3.6488284451076236e-07,-8.687170624875583e-08
2364.0,-3.103682213595471e-07,7.451353971376627e-08,-1.9137400475432997e-07,4.380121245029764e-08,3.646264424388324e-07,-8.642099293246597e-08
2365.0,-3.097880990760027e-07,7.410673444247828e-08,-1.9083353795801283e-07,4.3563317384645996e-08,3.638490147557027e-07,-8.594981822466368e-08
2366.0,-3.0917822779752413e-07,7.368178040673125e-08,-1.9026392832077743e-07,4.331525048620744e-08,3.6303104407759904e-07,-8.545785521032537e-08
2367.0,-3.0874753005616373e-07,7.323842436282552e-08,-1.898113335951912e-07,4.3056818716474585e-08,3.624270680798644e-07,-8.49447871365789e-08
2368.0,-3.0837410486261874e-07,7.277642328396424e-08,-1.8945081284305054e-07,4.278783496145628e-08,3.6192015560992723e-07,-8.441030905194306e-08
2369.0,-3.08045023628134e-07,7.229554567022056e-08,-1.8920102691499796e-07,4.2508118939299105e-08,3.615090111847109e-07,-8.385412939756349e-08
2370.0,-3.0795708114150777e-07,7.179557281206271e-08,-1.8917689120767633e-07,4.221749807748521e-08,3.614214437359773e-07,-8.327597154297209e-08
2371.0,-3.08350750127806e-07,7.127630000137407e-08,-1.8950192826050483e-07,4.191580835544903e-08,3.6192701739277515e-07,-8.267557525902716e-08
2372.0,-3.090649140086166e-07,7.073753768412684e-08,-1.9004053811166877e-07,4.1602895108620244e-08,3.628174846902037e-07,-8.20526981209667e-08
2373.0,-3.09733257014555e-07,7.017911254919559e-08,-1.90511093789425e-07,4.1278613790133795e-08,3.636332869219861e-07,-8.14071168349077e-08
2374.0,-3.101667075261494e-07,6.960086854820453e-08,-1.9076349382085578e-07,4.094283068673069e-08,3.641347237388266e-07,-8.073862848162113e-08
2375.0,-3.1028508926111975e-07,6.900266784176865e-08,-1.9073612060604983e-07,4.059542358568516e-08,3.642212299161413e-07,-8.004705167197125e-08
2376.0,-3.100510472947571e-07,6.838439166799366e-08,-1.9039878038085156e-07,4.023628238992366e-08,3.6384522464791456e-07,-7.933222760901182e-08
2377.0,-3.0968770295403125e-07,6.774594112964246e-08,-1.899242376840471e-07,3.986530967885052e-08,3.6328733727011557e-07,-7.859402105237659e-08
2378.0,-3.0979277597376065e-07,6.708723789697254e-08,-1.897797811262203e-07,3.948242121277903e-08,3.6330143045389285e-07,-7.783232118131072e-08
2379.0,-3.107986999151269e-07,6.640822482391869e-08,-1.9031111875289497e-07,3.908754637930513e-08,3.644367624018076e-07,-7.704704235349052e-08
2380.0,-3.1250978817232156e-07,6.570886647605558e-08,-1.9139887376395937e-07,3.8680628580469635e-08,3.6646404541458273e-07,-7.623812475769254e-08
2381.0,-3.1457748048135947e-07,6.498914956961662e-08,-1.9278064673777795e-07,3.8261625560130366e-08,3.6894900593799684e-07,-7.54055349593916e-08
2382.0,-3.1690735327605246e-07,6.424908332173429e-08,-1.9438561089935025e-07,3.7830509671584236e-08,3.71774173773739e-07,-7.454926633944872e-08
2383.0,-3.195703492109292e-07,6.348869971294685e-08,-1.9623417821246214e-07,3.738726808609776e-08,3.7501074757067376e-07,-7.366933942712282e-08
2384.0,-3.223847559047366e-07,6.270805366382923e-08,-1.9816291495222682e-07,3.693190294357928e-08,3.784183818237693e-07,-7.276580212963366e-08
2385.0,-3.250211312172402e-07,6.190722312830303e-08,-1.999273888664277e-07,3.646443144711758e-08,3.815883862969132e-07,-7.183872986135493e-08
2386.0,-3.2726916923686566e-07,6.108630910672743e-08,-2.013968946890099e-07,3.5984885903492525e-08,3.8427310382508475e-07,-7.088822557638127e-08
2387.0,-3.290492121971189e-07,6.024543558224601e-08,-2.025212940404142e-07,3.5493313712017705e-08,3.863783878367791e-07,-6.991441970866489e-08
2388.0,-3.3027188116319106e-07,5.938474938406253e-08,-2.032373001559229e-07,3.4989777304199875e-08,3.8779494022194474e-07,-6.891747002415067e-08
2389.0,-3.3108723078434377e-07,5.850441998135199e-08,-2.036316186504461e-07,3.4474354036708206e-08,3.8869601297498026e-07,-6.789756138937195e-08
2390.0,-3.317070393499266e-07,5.760463921141899e-08,-2.038696069184276e-07,3.3947136040063424e-08,3.893486568351918e-07,-6.685490546084521e-08
2391.0,-3.322920444637223e-07,5.6685620945535626e-08,-2.040717396456504e-07,3.3408230025316006e-08,3.899529173321858e-07,-6.578974029937503e-08
2392.0,-3.3290077920689054e-07,5.5747600695672516e-08,-2.0429686949097192e-07,3.2857757050818735e-08,3.9058947717567364e-07,-6.470232991310829e-08
2393.0,-3.3351115158453126e-07,5.479083516511898e-08,-2.0457349590718987e-07,3.229585225104114e-08,3.9125439736689124e-07,-6.359296373290952e-08
2394.0,-3.341705266252104e-07,5.3815601745796845e-08,-2.049525845704281e-07,3.172266452924193e-08,3.92014671647719e-07,-6.246195602339613e-08
2395.0,-3.3510135458159063e-07,5.282219796492243e-08,-2.0556225185930366e-07,3.11383562157205e-08,3.931268971106972e-07,-6.130964523279587e-08
2396.0,-3.363529489236461e-07,5.181094088356689e-08,-2.0641523654219007e-07,3.054310269331113e-08,3.946397802127925e-07,-6.013639328466927e-08
2397.0,-3.3765467553903417e-07,5.078216644960473e-08,-2.0730634464616315e-07,2.9937091991759046e-08,3.962153460479846e-07,-5.894258481447596e-08
2398.0,-3.3869470031366866e-07,4.973622880751465e-08,-2.0799905094126547e-07,2.9320524352614504e-08,3.9746409298581044e-07,-5.772862635393987e-08
2399.0,-3.3932352573595725e-07,4.8673499567491255e-08,-2.083499391625221e-07,2.8693611766286425e-08,3.9818356604323526e-07,-5.649494546616725e-08
2400.0,-3.3956758044295654e-07,4.759436703633221e-08,-2.083505271643915e-07,2.8056577482900708e-08,3.983918722282918e-07,-5.524198983447779e-08
2401.0,-3.395929519395269e-07,4.6499235412582586e-08,-2.08142461086136e-07,2.7409655498612067e-08,3.983047289626316e-07,-5.3970226307925585e-08
2402.0,-3.3988804432061315e-07,4.5388523948466017e-08,-2.0809935137588997e-07,2.6753090019035984e-08,3.9853384136752703e-07,-5.26801399065379e-08
2403.0,-3.408367284518654e-07,4.426266608123878e-08,-2.0853248594576712e-07,2.6087134901524083e-08,3.995691093621881e-07,-5.137223278941902e-08
2404.0,-3.4231135191686857e-07,4.3122108536791634e-08,-2.0938830852523793e-07,2.5412053078123245e-08,4.012736290839637e-07,-5.0047023189089056e-08
2405.0,-3.44158443923992e-07,4.196731040860188e-08,-2.1053119521330377e-07,2.4728115961244536e-08,4.0344568244328224e-07,-4.8705044315761474e-08
2406.0,-3.4635462974053066e-07,4.079874221548634e-08,-2.1193383351048034e-07,2.403560283431234e-08,4.0605107970444814e-07,-4.734684323568764e-08
2407.0,-3.4879539667631576e-07,3.961688494198677e-08,-2.1356756392532095e-07,2.333480022993859e-08,4.0898573704175127e-07,-4.5972979728164725e-08
2408.0,-3.5149311279625284e-07,3.8422229065587146e-08,-2.1541251411794082e-07,2.2626001298437925e-08,4.1224987517501006e-07,-4.4584025126258806e-08
2409.0,-3.543693156138339e-07,3.721527357527523e-08,-2.1736646720060815e-07,2.190950516973376e-08,4.1572321671021705e-07,-4.318056114668414e-08
2410.0,-3.5720877804290563e-07,3.5996524986183283e-08,-2.1926125348681325e-07,2.1185616311874287e-08,4.19134356014291e-07,-4.1763178714557635e-08
2411.0,-3.5968893155602366e-07,3.476649635514669e-08,-2.2086020586009614e-07,2.0454643889458583e-08,4.220845389450766e-07,-4.0332476788878656e-08
2412.0,-3.6159977878647e-07,3.352570630198467e-08,-2.2202532290460653e-07,1.9716901125250555e-08,4.2432257072811813e-07,-3.8889061194542876e-08
2413.0,-3.6317164214816344e-07,3.227467804112762e-08,-2.2292297760517776e-07,1.8972704668128116e-08,4.2613178197002893e-07,-3.7433543466478117e-08
2414.0,-3.6456570141896183e-07,3.101393842790195e-08,-2.2365896869269708e-07,1.8222373970286616e-08,4.277049040258721e-07,-3.5966539711102776e-08
2415.0,-3.6583264478862176e-07,2.9744017023363187e-08,-2.242802818325229e-07,1.746623067631186e-08,4.291097398241082e-07,-3.448866948979126e-08
2416.0,-3.669582686049999e-07,2.8465445181078588e-08,-2.2483277656304423e-07,1.6704598026388518e-08,4.3035816283024894e-07,-3.300055472843017e-08
2417.0,-3.6795026384095486e-07,2.7178755158736836e-08,-2.2534239398075417e-07,1.5937800275542527e-08,4.314702668615831e-07,-3.15028186565113e-08
2418.0,-3.6889080341773184e-07,2.5884479256933802e-08,-2.2589128231831346e-07,1.5166162130453434e-08,4.325590090075476e-07,-2.9996084778566744e-08
2419.0,-3.699639353205164e-07,2.4583148986969418e-08,-2.265948133572948e-07,1.4390008205029148e-08,4.3384158730839825e-07,-2.848097588013447e-08
2420.0,-3.7120687819414133e-07,2.3275294269008432e-08,-2.2744640773564306e-07,1.3609662495621064e-08,4.3534631594914003e-07,-2.6958113069866353e-08
2421.0,-3.7253037955820023e-07,2.196144266151748e-08,-2.28332158250244e-07,1.2825447876474439e-08,4.369375907209074e-07,-2.5428114858868043e-08
2422.0,-3.7373138019047847e-07,2.0642118622495705e-08,-2.290834873186487e-07,1.2037685615754934e-08,4.383541817995506e-07,-2.3891596277890182e-08
2423.0,-3.745245866493274e-07,1.9317842802664098e-08,-2.2949881650635717e-07,1.124669491226004e-08,4.3924750742908966e-07,-2.2349168032568934e-08
2424.0,-3.746960472728045e-07,1.798913137046456e-08,-2.2944038727268357e-07,1.0452792452709655e-08,4.3936319731368345e-07,-2.080143569653409e-08
2425.0,-3.7457683206565395e-07,1.6656495368448224e-08,-2.2912453909174069e-07,9.656291989316125e-09,4.3909663803580153e-07,-1.924899894186978e-08
2426.0,-3.7465463707808677e-07,1.5320440100421072e-08,-2.2893422545189335e-07,8.857503937176453e-09,4.3906375011764664e-07,-1.769245080615062e-08
2427.0,-3.7522538111345316e-07,1.3981464548594269e-08,-2.290969769724871e-07,8.056734990934073e-09,4.396356576640121e-07,-1.6132376995123677e-08
2428.0,-3.763300853165674e-07,1.2640060819989225e-08,-2.2967261974204956e-07,7.254287760150603e-09,4.4087849275458083e-07,-1.4569355220104394e-08
2429.0,-3.778283571009844e-07,1.1296713621487442e-08,-2.3057666916070918e-07,6.4504604229239915e-09,4.4262836306643987e-07,-1.3003954569324977e-08
2430.0,-3.797380493386626e-07,9.951899763184937e-09,-2.318094547287819e-07,5.645546397483019e-09,4.4490067365333104e-07,-1.1436734912804585e-08
2431.0,-3.819407822513998e-07,8.606087690077695e-09,-2.3327142655016342e-07,4.8398340317559524e-09,4.4754253383512e-07,-9.868246340762974e-09
2432.0,-3.8438936963980375e-07,7.259737042524315e-09,-2.3491751233173375e-07,4.033606311220364e-09,4.5049020532328554e-07,-8.299028636118924e-09
2433.0,-3.8707740013244063e-07,5.913298246361452e-09,-2.3671567440930463e-07,3.2271405856564548e-09,4.537215271555246e-07,-6.72961078214564e-09
2434.0,-3.89935339295544e-07,4.567212133944948e-09,-2.385844388858027e-07,2.420708315716336e-09,4.571346664933479e-07,-5.160510506845333e-09
2435.0,-3.9272484118890727e-07,3.221909597722297e-09,-2.403592799932186e-07,1.6145748404596934e-09,4.604404243392525e-07,-3.5922338660134582e-09
2436.0,-3.9519186274816764e-07,1.877811278179733e-09,-2.419008135468026e-07,8.089991671726001e-10,4.6334934118542946e-07,-2.0252748672525448e-09
2437.0,-3.973846274818449e-07,5.353272881318421e-10,-2.432433772181497e-07,4.233784867694841e-12,4.6592046823398484e-07,-4.6011513734432353e-10
2438.0,-3.99373668150127e-07,-8.051430246766196e-10,-2.444256840122838e-07,-7.994754971425199e-10,4.6823417412290676e-07,1.1027763646129138e-09
2439.0,-4.012891021837328e-07,-2.1432112748025343e-09,-2.4553475980182426e-07,-1.6018896842951154e-09,4.70446874580293e-07,2.6629435860393723e-09
2440.0,-4.032340146231661e-07,-3.4785001945310627e-09,-2.4665825505698624e-07,-2.402776704299412e-09,4.726922522496778e-07,4.219943569682629e-09
2441.0,-4.051890247075418e-07,-4.810643746152724e-09,-2.4782973148673726e-07,-3.2019114861883976e-09,4.7497128497651016e-07,5.77334659076062e-09
2442.0,-4.0698020470353313e-07,-6.139287190101588e-09,-2.489771541019925e-07,-3.999076010195781e-09,4.770980090979809e-07,7.3227362412274865e-09
2443.0,-4.087115306333766e-07,-7.464087108370727e-09,-2.501363378648591e-07,-4.794059328024901e-09,4.791798230238002e-07,8.867709460437283e-09
2444.0,-4.104102749730165e-07,-8.784711383067745e-09,-2.512903066465011e-07,-5.586657553369232e-09,4.812311419867999e-07,1.0407876512015346e-08
2445.0,-4.1215282302331513e-07,-1.0100839130457464e-08,-2.5244493850884453e-07,-6.3766738228612936e-09,4.833201801133721e-07,1.1942860907325019e-08
2446.0,-4.1369369171984083e-07,-1.1412160591351428e-08,-2.534254162078753e-07,-7.163918227966663e-09,4.851462791250959e-07,1.347229927653246e-08
2447.0,-4.1468024566948536e-07,-1.2718376979238805e-08,-2.539651463712156e-07,-7.94820771870214e-09,4.862694743862272e-07,1.4995841188917722e-08
2448.0,-4.1499378365672523e-07,-1.4019200288100958e-08,-2.539883486168959e-07,-8.729365980436296e-09,4.865489920931526e-07,1.6513148924745085e-08
2449.0,-4.1480740693711216e-07,-1.5314353062397556e-08,-2.536638124134294e-07,-9.507223285415794e-09,4.862206439241411e-07,1.8023897201672192e-08
2450.0,-4.146769524149274e-07,-1.660356813222693e-08,-2.5337937566149993e-07,-1.0281616321028882e-08,4.859609890461821e-07,1.952777285930877e-08
2451.0,-4.1498523149774424e-07,-1.7886588317105562e-08,-2.5341220240282514e-07,-1.10523879971349e-08,4.862411816042393e-07,2.1024474506078763e-08
2452.0,-4.156393230703159e-07,-1.9163166102137067e-08,-2.5369653675055837e-07,-1.1819387235022176e-08,4.869476148843712e-07,2.251371213293882e-08
2453.0,-4.1654663708590167e-07,-2.0433063290520216e-08,-2.541714522463767e-07,-1.2582468740683544e-08,4.879694949529182e-07,2.3995206698725522e-08
2454.0,-4.1756918585378333e-07,-2.1696050636373693e-08,-2.5477852297339787e-07,-1.3341492765115984e-08,4.891585844520135e-07,2.5468689691936557e-08
2455.0,-4.188834184515322e-07,-2.295190746175041e-08,-2.5561108799032617e-07,-1.4096324854271122e-08,4.907141189707504e-07,2.6933902673620134e-08
2456.0,-4.205503840309932e-07,-2.4200421261504237e-08,-2.567145570148144e-07,-1.4846835591127592e-08,4.927118724893163e-07,2.839059680578649e-08
2457.0,-4.2259292092061695e-07,-2.5441387299385582e-08,-2.5804847068877645e-07,-1.5592900332147225e-08,4.951502701574899e-07,2.983853236940186e-08
2458.0,-4.2467232971854507e-07,-2.667460819840717e-08,-2.5937879963300325e-07,-1.633439894013654e-08,4.976182767218607e-07,3.1277478275614386e-08
2459.0,-4.2653682783000413e-07,-2.7899893528168758e-08,-2.605587196141679e-07,-1.7071215515285807e-08,4.998244810553572e-07,3.270721157342997e-08
2460.0,-4.282251183929109e-07,-2.9117059391485576e-08,-2.616237643887631e-07,-1.7803238125921136e-08,5.018204321423846e-07,3.412751695663985e-08
2461.0,-4.298969137617181e-07,-3.032592801235554e-08,-2.6266435312893854e-07,-1.853035854029563e-08,5.037895581157809e-07,3.553818627242764e-08
2462.0,-4.316520641201027e-07,-3.152632732703206e-08,-2.637090058266178e-07,-1.9252471960568744e-08,5.058319327733357e-07,3.693901803376274e-08
2463.0,-4.334058401611607e-07,-3.2718090579741197e-08,-2.6471970371311215e-07,-1.996947675997617e-08,5.078554359458599e-07,3.8329816937415744e-08
2464.0,-4.3501919978761183e-07,-3.3901055924387935e-08,-2.656387575322716e-07,-2.0681274224069923e-08,5.097113434946716e-07,3.971039338920218e-08
2465.0,-4.3656359065280537e-07,-3.507506603343284e-08,-2.665233184290239e-07,-2.1387768296805495e-08,5.114904182387868e-07,4.1080563037867685e-08
2466.0,-4.3806274864499617e-07,-3.6239967714985254e-08,-2.6747668681326164e-07,-2.2088865332166257e-08,5.13266743262223e-07,4.244014631886709e-08
2467.0,-4.397049208904047e-07,-3.739561153905105e-08,-2.68576865455894e-07,-2.2784473851941727e-08,5.152416424488129e-07,4.378896800915965e-08
2468.0,-4.4151560628369335e-07,-3.854185147378923e-08,-2.6977493743085557e-07,-2.3474504310214075e-08,5.17411390923972e-07,4.512685679403825e-08
2469.0,-4.4339244779922904e-07,-3.967854453256745e-08,-2.710091068641729e-07,-2.415886886505626e-08,5.196564237731587e-07,4.64536448469296e-08
2470.0,-4.450155857149696e-07,-4.080555043256618e-08,-2.720600004862961e-07,-2.4837481157911853e-08,5.215894126550507e-07,4.776916742305029e-08
2471.0,-4.4625045252100204e-07,-4.192273126566979e-08,-2.7279498325538665e-07,-2.5510256101117424e-08,5.23026356185332e-07,4.9073262467788864e-08
2472.0,-4.47045012799685e-07,-4.3029951182405584e-08,-2.732063046628763e-07,-2.6177109674049015e-08,5.239188184982621e-07,5.036577024071483e-08
2473.0,-4.476283546606119e-07,-4.4127076089746204e-08,-2.734674923315916e-07,-2.6837958728421274e-08,5.245527745215878e-07,5.1646532956186035e-08
2474.0,-4.482830645441416e-07,-4.5213973363658546e-08,-2.7376373816501154e-07,-2.7492720803327225e-08,5.252659234056289e-07,5.291539444161445e-08
2475.0,-4.488988772921587e-07,-4.629051157733639e-08,-2.7401004101812454e-07,-2.814131395065723e-08,5.259198652008829e-07,5.417219981452343e-08
2476.0,-4.497831431193866e-07,-4.735656024606768e-08,-2.7447347919484777e-07,-2.8783656571556873e-08,5.269160906782778e-07,5.541679517955213e-08
2477.0,-4.511442393551057e-07,-4.8411989589641886e-08,-2.7530493555694147e-07,-2.941966726456029e-08,5.285110521505757e-07,5.6649027346511225e-08
2478.0,-4.5260454442641596e-07,-4.945667031309351e-08,-2.762443218201627e-07,-3.0049264685963853e-08,5.302469226438991e-07,5.7868743570464244e-08
2479.0,-4.5409233617732525e-07,-5.049047340641573e-08,-2.771762284692336e-07,-3.067236742289281e-08,5.320023603363145e-07,5.9075791314611636e-08
2480.0,-4.556123035376336e-07,-5.1513269963682224e-08,-2.781173571997364e-07,-3.1288893879374543e-08,5.33790066890191e-07,6.027001803651498e-08
2481.0,-4.57467316902771e-07,-5.252493102181042e-08,-2.7927778539771353e-07,-3.189876217558641e-08,5.359780102307105e-07,6.14512709979481e-08
2482.0,-4.5941035248242557e-07,-5.35253274190061e-08,-2.805406145167666e-07,-3.250189006030844e-08,5.382944439258792e-07,6.261939709842516e-08
2483.0,-4.6127521970140695e-07,-5.451432967276275e-08,-2.8177135598383973e-07,-3.3098194836492905e-08,5.405274510730727e-07,6.377424273225181e-08
2484.0,-4.630413252271204e-07,-5.5491807877164754e-08,-2.8292498178983383e-07,-3.3687593299774155e-08,5.426359868170058e-07,6.491565366879364e-08
2485.0,-4.6455534427614076e-07,-5.645763161917336e-08,-2.838676355781944e-07,-3.4270001689691864e-08,5.444194177509453e-07,6.60434749555696e-08
2486.0,-4.6576969053857553e-07,-5.741166991356795e-08,-2.845801940487558e-07,-3.484533565339564e-08,5.458271626341327e-07,6.715755084377022e-08
2487.0,-4.6670834148720974e-07,-5.835379115626979e-08,-2.8509297063383787e-07,-3.541351022163904e-08,5.46895490855948e-07,6.825772473586816e-08
2488.0,-4.675051071406644e-07,-5.928386309588043e-08,-2.855064208245883e-07,-3.597443979694682e-08,5.477909651816749e-07,6.934383915511673e-08
2489.0,-4.684917371822195e-07,-6.020175282340167e-08,-2.8605431544315163e-07,-3.6528038153936036e-08,5.489185542424886e-07,7.041573573689907e-08
2490.0,-4.696925133829133e-07,-6.110732678024747e-08,-2.868009239959113e-07,-3.7074218451872346e-08,5.503324696334632e-07,7.147325524206431e-08
2491.0,-4.7093225682970363e-07,-6.200045078479157e-08,-2.875811041941345e-07,-3.76128932596338e-08,5.517971384596296e-07,7.251623759254858e-08
2492.0,-4.720476018404973e-07,-6.288099007781141e-08,-2.8831014485530826e-07,-3.8143974593330895e-08,5.53128988600176e-07,7.354452192971861e-08
2493.0,-4.728672592380079e-07,-6.374880938729278e-08,-2.888529800348927e-07,-3.866737396689699e-08,5.541114408982217e-07,7.455794669599807e-08
2494.0,-4.7311037158770386e-07,-6.460377301315742e-08,-2.889716225890071e-07,-3.9183002456024806e-08,5.543807557677113e-07,7.555634974045245e-08
2495.0,-4.7305949350817666e-07,-6.544574493256726e-08,-2.8885891216468007e-07,-3.969077077588398e-08,5.542785901829287e-07,7.653956844911713e-08
2496.0,-4.7310718745419145e-07,-6.627458892653242e-08,-2.8880794976371416e-07,-4.0190589373105464e-08,5.542927409478997e-07,7.750743990094269e-08
2497.0,-4.7337584321849313e-07,-6.709016872857855e-08,-2.888783464244371e-07,-4.068236853254263e-08,5.545587326656541e-07,7.845980105026768e-08
2498.0,-4.7371059998246867e-07,-6.78923481961854e-08,-2.889423559582216e-07,-4.116601849929732e-08,5.548778402517424e-07,7.939648893668163e-08
2499.0,-4.7425623213304124e-07,-6.868099150557402e-08,-2.891750828654116e-07,-4.164144961641536e-08,5.55464852413946e-07,8.031734092298154e-08
2500.0,-4.7506575320821476e-07,-6.945596337019016e-08,-2.896433809601584e-07,-4.210857247850687e-08,5.563998184806676e-07,8.12221949616519e-08
2501.0,-4.7582959623870824e-07,-7.021712928291758e-08,-2.901030385776826e-07,-4.2567298101335854e-08,5.572912861768938e-07,8.211088988992013e-08
2502.0,-4.765490226182889e-07,-7.09643557816734e-08,-2.905287314475258e-07,-4.301753810716139e-08,5.581271492724171e-07,8.298326575297733e-08
2503.0,-4.775792359912323e-07,-7.169751073760614e-08,-2.911897795110363e-07,-4.345920492531305e-08,5.593508866012953e-07,8.383916415442968e-08
2504.0,-4.793254593377094e-07,-7.241646366465332e-08,-2.923710752250619e-07,-4.3892212007157986e-08,5.614568029666797e-07,8.467842863248037e-08
2505.0,-4.813367108363886e-07,-7.312108604873308e-08,-2.9373814361410844e-07,-4.431647405427992e-08,5.638857386143542e-07,8.550090505975492e-08
2506.0,-4.831518886500019e-07,-7.381125169436551e-08,-2.949070448954316e-07,-4.473190725835679e-08,5.660440907164565e-07,8.630644206409986e-08
2507.0,-4.847843690786169e-07,-7.448683708607174e-08,-2.959087654214043e-07,-4.513842955091542e-08,5.679594016795323e-07,8.709489146714229e-08
2508.0,-4.863133641203055e-07,-7.514772176151821e-08,-2.968720495544197e-07,-4.5535960860882226e-08,5.697663573155673e-07,8.786610873693781e-08
2509.0,-4.877349808612985e-07,-7.579378869308072e-08,-2.9776934327985227e-07,-4.592442337765297e-08,5.714472795919898e-07,8.861995345068222e-08
2510.0,-4.889877195796144e-07,-7.64249246743053e-08,-2.985399190219562e-07,-4.630374181727474e-08,5.72918033534735e-07,8.935628976322579e-08
2511.0,-4.904512324460653e-07,-7.70410207076336e-08,-2.9944076741783565e-07,-4.667384368926285e-08,5.746365674055618e-07,9.007498687699956e-08
2512.0,-4.921756303760683e-07,-7.764197238973076e-08,-3.005221640706157e-07,-4.703465956155727e-08,5.766718496976996e-07,9.077591950892757e-08
2513.0,-4.937675984612033e-07,-7.822768029079445e-08,-3.0152590610454943e-07,-4.738612332115197e-08,5.785536391228679e-07,9.145896834994908e-08
2514.0,-4.949673438336966e-07,-7.879805032433663e-08,-3.023051459716264e-07,-4.772817242800542e-08,5.799836831693726e-07,9.212402051291e-08
2515.0,-4.960021542654847e-07,-7.935299410411695e-08,-3.030314712493265e-07,-4.8060748159964947e-08,5.812453953396388e-07,9.277096996480797e-08
2516.0,-4.970986555719037e-07,-7.989242928517505e-08,-3.0380133886342975e-07,-4.8383795846614e-08,5.825824635762791e-07,9.339971793969528e-08
2517.0,-4.979251846531918e-07,-8.041627988624761e-08,-3.0433056021073046e-07,-4.869726509017718e-08,5.835636892320256e-07,9.401017332895238e-08
2518.0,-4.981353234484454e-07,-8.092447659125538e-08,-3.043759996546047e-07,-4.900110997188656e-08,5.837666910957041e-07,9.460225304612339e-08
2519.0,-4.97847818942132e-07,-8.14169570279841e-08,-3.0409494077010546e-07,-4.9295289242513284e-08,5.833748227575577e-07,9.51758823640377e-08
2520.0,-4.975257124062438e-07,-8.18936660225419e-08,-3.038151473871986e-07,-4.9579766496086865e-08,5.829540962093375e-07,9.573099522249833e-08
2521.0,-4.973345361786174e-07,-8.235455582862418e-08,-3.0362696855357196e-07,-4.9854510326137954e-08,5.826928667051214e-07,9.626753450536396e-08
2522.0,-4.972683249199195e-07,-8.279958633102085e-08,-3.0349929688866517e-07,-5.011949446408381e-08,5.825698328789234e-07,9.678545228634396e-08
2523.0,-4.972729393259989e-07,-8.32287252231301e-08,-3.0339181604499554e-07,-5.0374697899605866e-08,5.825177853327734e-07,9.72847100432268e-08
2524.0,-4.973644079642181e-07,-8.364194815848267e-08,-3.0334106113083514e-07,-5.062010498303686e-08,5.825694410776953e-07,9.776527884055409e-08
2525.0,-4.974398298412952e-07,-8.403923887643103e-08,-3.0335499184852566e-07,-5.085570550987931e-08,5.826410862546133e-07,9.822713948093576e-08
2526.0,-4.975835505294235e-07,-8.442058930222688e-08,-3.0350257415601156e-07,-5.108149478762302e-08,5.828406319713758e-07,9.867028262528427e-08
2527.0,-4.980921314567954e-07,-8.478599962170814e-08,-3.039121410919332e-07,-5.1297473685023054e-08,5.834880983552764e-07,9.909470888224093e-08
2528.0,-4.990160699241963e-07,-8.513547833075256e-08,-3.045229308856756e-07,-5.1503648663949306e-08,5.84594948214396e-07,9.950042886698625e-08
2529.0,-5.000498312784929e-07,-8.546904225954012e-08,-3.0512621748690627e-07,-5.1700031793836075e-08,5.857916373246686e-07,9.988746322948518e-08
2530.0,-5.009337825379045e-07,-8.578671657152082e-08,-3.0563311441411667e-07,-5.188664074866042e-08,5.868102377380657e-07,1.002558426520418e-07
2531.0,-5.016851368361275e-07,-8.608853473683118e-08,-3.061075361382448e-07,-5.2063498786278915e-08,5.876987325176997e-07,1.006056078158556e-07
2532.0,-5.025144374642965e-07,-8.637453847976581e-08,-3.0664507934263785e-07,-5.223063470986698e-08,5.886866437631408e-07,1.0093680933611009e-07
2533.0,-5.035012388687754e-07,-8.66447776998051e-08,-3.0724173570584323e-07,-5.238808281114022e-08,5.898397932506172e-07,1.0124950766500097e-07
2534.0,-5.045768669276196e-07,-8.689931036563065e-08,-3.078595170596943e-07,-5.25358827949951e-08,5.910797720128146e-07,1.0154377296202924e-07
2535.0,-5.056835596928266e-07,-8.713820238152721e-08,-3.085296309546237e-07,-5.267407968518749e-08,5.923735271942906e-07,1.0181968493084794e-07
2536.0,-5.067524647961452e-07,-8.736152742557929e-08,-3.092521125153125e-07,-5.28027237106753e-08,5.936623027211277e-07,1.0207733262196207e-07
2537.0,-5.076728809699782e-07,-8.756936675913032e-08,-3.099382130528072e-07,-5.292187017228997e-08,5.948053883269089e-07,1.0231681420065295e-07
2538.0,-5.084474153926877e-07,-8.776180900708887e-08,-3.1053991560170413e-07,-5.303157928947683e-08,5.957800041973697e-07,1.0253823667963695e-07
2539.0,-5.091593258260696e-07,-8.793894990884522e-08,-3.1103801051424185e-07,-5.313191602695969e-08,5.966471847417998e-07,1.0274171561618089e-07
2540.0,-5.097436753115359e-07,-8.81008920397975e-08,-3.1135266898019154e-07,-5.322294990134238e-08,5.973098852364669e-07,1.0292737477368024e-07
2541.0,-5.100073685870843e-07,-8.824774450377333e-08,-3.114121732289421e-07,-5.3304754767857126e-08,5.975659441838153e-07,1.0309534574805335e-07
2542.0,-5.098620949745003e-07,-8.837962259695812e-08,-3.1124762188416977e-07,-5.337740858769906e-08,5.973562069823478e-07,1.03245767559702e-07
2543.0,-5.095644114855302e-07,-8.84966474442907e-08,-3.110437191561344e-07,-5.344099317663485e-08,5.969958833016145e-07,1.0337878621221675e-07
2544.0,-5.093669764727471e-07,-8.859894560964245e-08,-3.1090184100801554e-07,-5.349559393582491e-08,5.967534427744522e-07,1.0349455421943995e-07
2545.0,-5.092616343488343e-07,-8.868664868143296e-08,-3.107606527524842e-07,-5.354129956603446e-08,5.965899726938057e-07,1.0359323010290936e-07
2546.0,-5.090935207840985e-07,-8.875989283563194e-08,-3.1053579192807934e-07,-5.3578201766614104e-08,5.963293477372623e-07,1.0367497786206581e-07
2547.0,-5.087216648075321e-07,-8.881881837833865e-08,-3.10206616949138e-07,-5.360639492079759e-08,5.95840479863173e-07,1.0373996641990169e-07
2548.0,-5.081897066910868e-07,-8.886356927031317e-08,-3.0986020717327367e-07,-5.362597576898929e-08,5.952059525712397e-07,1.0378836904694781e-07
2549.0,-5.077598479175105e-07,-8.889429263595488e-08,-3.0964825066537305e-07,-5.363704307179406e-08,5.947285954932208e-07,1.038203627666419e-07
2550.0,-5.076851548185823e-07,-8.89111382592803e-08,-3.096463199181443e-07,-5.3639697264575024e-08,5.946638208786689e-07,1.0383612774518689e-07
2551.0,-5.079497469445693e-07,-8.891425806943766e-08,-3.097765294973742e-07,-5.363404010530771e-08,5.949575141541533e-07,1.0383584666898648e-07
2552.0,-5.082731449612687e-07,-8.890380561821082e-08,-3.098895304670668e-07,-5.362017431743531e-08,5.952924583613654e-07,1.0381970411263869e-07
2553.0,-5.084380013398171e-07,-8.887993555181723e-08,-3.099229911041057e-07,-5.359820322932905e-08,5.954506374346604e-07,1.0378788590029104e-07
2554.0,-5.084262183624455e-07,-8.884280307911912e-08,-3.0990686018805835e-07,-5.356823041183185e-08,5.954321804453953e-07,1.0374057846293534e-07
2555.0,-5.08504777216312e-07,-8.879256343815722e-08,-3.099657060051664e-07,-5.3530359315222155e-08,5.955298878738937e-07,1.0367796819396859e-07
2556.0,-5.089219864973238e-07,-8.872937136269708e-08,-3.1021288818267045e-07,-5.348469290678399e-08,5.960147853325588e-07,1.0360024080508028e-07
2557.0,-5.096944008936566e-07,-8.865338055025082e-08,-3.1066149225322803e-07,-5.3431333310008143e-08,5.969078195763111e-07,1.0350758068424822e-07
2558.0,-5.1065269197903e-07,-8.85647431328018e-08,-3.1126310508222677e-07,-5.337038144628325e-08,5.980392064161507e-07,1.034001702573384e-07
2559.0,-5.115976463992977e-07,-8.846360915123272e-08,-3.119369622328616e-07,-5.3301936679770743e-08,5.991968125819484e-07,1.0327818935452376e-07
2560.0,-5.124464495659398e-07,-8.835012603425526e-08,-3.126232999278722e-07,-5.322609646601069e-08,6.002788446468271e-07,1.0314181458248836e-07
2561.0,-5.132516271710852e-07,-8.822443808248964e-08,-3.1327347192744437e-07,-5.314295600469061e-08,6.013048320172073e-07,1.0299121870319482e-07
2562.0,-5.140420771126974e-07,-8.808668595826115e-08,-3.138231186583518e-07,-5.3052607896942315e-08,6.022658938100267e-07,1.0282657001988991e-07
2563.0,-5.146990337406843e-07,-8.793700618167631e-08,-3.141829429537113e-07,-5.29551418075208e-08,6.030141100974745e-07,1.0264803177101187e-07
2564.0,-5.149392623415849e-07,-8.777553063361318e-08,-3.1424937042834333e-07,-5.285064413226679e-08,6.032537697482758e-07,1.0245576153275107e-07
2565.0,-5.146890481311228e-07,-8.760238606640426e-08,-3.1405334703638044e-07,-5.273919767135686e-08,6.029380739768177e-07,1.0224991063119013e-07
2566.0,-5.141817504550339e-07,-8.741769362319391e-08,-3.1373635833720215e-07,-5.262088130899028e-08,6.023399165286093e-07,1.0203062356520006e-07
2567.0,-5.137001190952395e-07,-8.722156836719562e-08,-3.134155525524873e-07,-5.249576970033201e-08,6.017616811830446e-07,1.0179803744156501e-07
2568.0,-5.133651025945873e-07,-8.701411882232877e-08,-3.131384178761687e-07,-5.236393296670535e-08,6.01331354007041e-07,1.0155228142411601e-07
2569.0,-5.130192496094477e-07,-8.679544652694935e-08,-3.128333883606338e-07,-5.222543640018645e-08,6.008772581343347e-07,1.0129347619893725e-07
2570.0,-5.125105004971653e-07,-8.656564560258403e-08,-3.124659229136739e-07,-5.208034017888302e-08,6.00251585672332e-07,1.0102173345794253e-07
2571.0,-5.117754904027105e-07,-8.632480233972174e-08,-3.120242651893923e-07,-5.1928699094275066e-08,5.993941062805965e-07,1.0073715540329306e-07
2572.0,-5.110114548873002e-07,-8.607299480281094e-08,-3.1159509630840354e-07,-5.177056229205385e-08,5.985183464769301e-07,1.0043983427523805e-07
2573.0,-5.104272253753095e-07,-8.581029245664933e-08,-3.112396338433854e-07,-5.160597302791426e-08,5.978344771584369e-07,1.0012985190600273e-07
2574.0,-5.101185481110049e-07,-8.553675581632958e-08,-3.1098456032552235e-07,-5.1434968439733283e-08,5.974381389631382e-07,9.980727930231704e-08
2575.0,-5.099124895102669e-07,-8.525243612281366e-08,-3.107640915572807e-07,-5.125757933750083e-08,5.971474420609871e-07,9.947217625906525e-08
2576.0,-5.09580520530184e-07,-8.49573750460495e-08,-3.105032071876179e-07,-5.1073830012261454e-08,5.967282032698053e-07,9.91245910063458e-08
2577.0,-5.091527668921181e-07,-8.465160441732829e-08,-3.102479706473815e-07,-5.088373806518044e-08,5.962301093744914e-07,9.87645598919711e-08
2578.0,-5.089140115988044e-07,-8.433514599232056e-08,-3.1013422764625265e-07,-5.0687314257671734e-08,5.959670379805629e-07,9.839210710112273e-08
2579.0,-5.091066526685672e-07,-8.400801124593598e-08,-3.102626292966759e-07,-5.0484562383323593e-08,5.961983587108235e-07,9.80072444145229e-08
2580.0,-5.096890637878992e-07,-8.36702011998291e-08,-3.106105190414654e-07,-5.027547916213433e-08,5.968767345810974e-07,9.760997100609071e-08
2581.0,-5.103805599676603e-07,-8.332170628303214e-08,-3.110497440311777e-07,-5.0060054157334825e-08,5.976957915652106e-07,9.720027328063822e-08
2582.0,-5.109481808207583e-07,-8.296250622585563e-08,-3.1147735396475085e-07,-4.983826971483853e-08,5.984030293346827e-07,9.677812475174692e-08
2583.0,-5.114440167763856e-07,-8.259256998688182e-08,-3.119217628078097e-07,-4.96101009251423e-08,5.990577337865653e-07,9.634348595958404e-08
2584.0,-5.119998788688518e-07,-8.221185571261583e-08,-3.1239903003354996e-07,-4.9375515607318665e-08,5.997808182391479e-07,9.589630442809947e-08
2585.0,-5.126715938025272e-07,-8.182031072916567e-08,-3.128705817617705e-07,-4.913447431460398e-08,6.005998368497716e-07,9.543651466080849e-08
2586.0,-5.132888837716676e-07,-8.141787156520426e-08,-3.132324474242054e-07,-4.888693036100487e-08,6.013152620073119e-07,9.49640381742221e-08
2587.0,-5.135789494375986e-07,-8.100446400542459e-08,-3.13386294609197e-07,-4.863282986832018e-08,6.016430062373449e-07,9.447878356793722e-08
2588.0,-5.1346941752628e-07,-8.058000317373445e-08,-3.1334888701828323e-07,-4.8372111833007025e-08,6.015300223017751e-07,9.398064663044628e-08
2589.0,-5.130639585265717e-07,-8.014439364554793e-08,-3.131493699071175e-07,-4.810470821240442e-08,6.010799891962637e-07,9.346951047986362e-08
2590.0,-5.125618057905124e-07,-7.96975295887055e-08,-3.128371237337557e-07,-4.78305440299548e-08,6.00488693266776e-07,9.294524573898244e-08
2591.0,-5.120678832626346e-07,-7.923929493277343e-08,-3.124568394574645e-07,-4.754953749921883e-08,5.998689803555631e-07,9.240771074434208e-08
2592.0,-5.115281473261346e-07,-7.876956356670664e-08,-3.120236396342291e-07,-4.726160016664537e-08,5.991826075559093e-07,9.185675178927308e-08
2593.0,-5.107303892304405e-07,-7.8288199565087e-08,-3.114690903943673e-07,-4.696663707322022e-08,5.982127754859233e-07,9.129220340116493e-08
2594.0,-5.096779258917383e-07,-7.779505744335233e-08,-3.1081344614714013e-07,-4.666454693526371e-08,5.969728523535769e-07,9.071388865345206e-08
2595.0,-5.085850862535102e-07,-7.728998244260032e-08,-3.1015593261740637e-07,-4.6355222344766634e-08,5.956974840447654e-07,9.012161951301963e-08
2596.0,-5.077333184860811e-07,-7.677281084467499e-08,-3.096243453709624e-07,-4.6038549989738965e-08,5.946934991634643e-07,8.951519722388014e-08
2597.0,-5.070883625640787e-07,-7.624337031830518e-08,-3.0917270896213545e-07,-4.5714410895088885e-08,5.939077128770966e-07,8.889441272804794e-08
2598.0,-5.063871390126318e-07,-7.570148029705885e-08,-3.086581633476859e-07,-4.5382680684545724e-08,5.93041142214067e-07,8.825904712453071e-08
2599.0,-5.054129931375551e-07,-7.514695238979726e-08,-3.079948690670742e-07,-4.5043229864090535e-08,5.918641170098982e-07,8.760887216726398e-08
2600.0,-5.043209966165696e-07,-7.45795908241707e-08,-3.07295038526334e-07,-4.4695924127265464e-08,5.905674460476391e-07,8.694365080264435e-08
2601.0,-5.034378649931837e-07,-7.399919292349649e-08,-3.067392537470237e-07,-4.4340624682599856e-08,5.895240908547979e-07,8.626313774707634e-08
2602.0,-5.030115240306499e-07,-7.340554961710182e-08,-3.064447405554116e-07,-4.397718860321768e-08,5.890067676365956e-07,8.55670801046373e-08
2603.0,-5.030231345903857e-07,-7.279844598389727e-08,-3.0641424318689214e-07,-4.36054691984742e-08,5.890008169441984e-07,8.48552180245814e-08
2604.0,-5.032411660582659e-07,-7.217766182857384e-08,-3.0654845570299294e-07,-4.322531640721601e-08,5.892568429043255e-07,8.412728539795326e-08
2605.0,-5.034374906537353e-07,-7.154297228940731e-08,-3.0674380263606693e-07,-4.2836577211977766e-08,5.895261380561207e-07,8.338301059208636e-08
2606.0,-5.035912911954821e-07,-7.089414847623851e-08,-3.0696818933972914e-07,-4.2439096073142676e-08,5.89774243108704e-07,8.262211722125793e-08
2607.0,-5.038074161883843e-07,-7.023095813680855e-08,-3.0722032993979465e-07,-4.203271538182248e-08,5.900900301943189e-07,8.184432495129777e-08
2608.0,-5.041185249798907e-07,-6.955316634928765e-08,-3.074621810483791e-07,-4.161727592997386e-08,5.904815661838454e-07,8.104935033553426e-08
2609.0,-5.044104448015396e-07,-6.886053623855932e-08,-3.076342454250147e-07,-4.1192617396074655e-08,5.908203836895823e-07,8.023690767912284e-08
2610.0,-5.044911818852249e-07,-6.815282971361264e-08,-3.0768404608860767e-07,-4.0758578844541194e-08,5.909152433449382e-07,7.940670992855069e-08
2611.0,-5.04309856277918e-07,-6.742980822326257e-08,-3.0762545032148036e-07,-4.031499923697987e-08,5.907299288376609e-07,7.855846958295109e-08
2612.0,-5.03981838761991e-07,-6.66912335273594e-08,-3.0749632694282436e-07,-3.986171795333157e-08,5.903826597091464e-07,7.769189962379357e-08
2613.0,-5.036370334804419e-07,-6.593686848066244e-08,-3.073053979618656e-07,-3.9398575320980476e-08,5.89988872021736e-07,7.680671445953417e-08
2614.0,-5.032951404526642e-07,-6.516647782662606e-08,-3.0705257560159627e-07,-3.8925413149951926e-08,5.895653336033598e-07,7.59026308819006e-08
2615.0,-5.027860270623297e-07,-6.437982899846586e-08,-3.0667358243141596e-07,-3.8442075272409265e-08,5.889333367796734e-07,7.497936903063278e-08
2616.0,-5.019664379712907e-07,-6.357669292502386e-08,-3.0613426124648235e-07,-3.794840808476804e-08,5.879527963693303e-07,7.403665336368565e-08
2617.0,-5.009087922086541e-07,-6.275684483912764e-08,-3.054943421426648e-07,-3.744426109087052e-08,5.867166361993771e-07,7.307421363011636e-08
2618.0,-4.99751904220469e-07,-6.192006508632765e-08,-3.0480702035984297e-07,-3.6929487444795337e-08,5.853710664464298e-07,7.209178584310672e-08
2619.0,-4.98754929675882e-07,-6.106613993208511e-08,-3.0419371414847074e-07,-3.6403944492004886e-08,5.8420056111188e-07,7.108911325080109e-08
2620.0,-4.979449653580437e-07,-6.019486236565242e-08,-3.0365370849716466e-07,-3.586749430764836e-08,5.83227882743533e-07,7.006594730284328e-08
2621.0,-4.971289147420732e-07,-5.930603289902528e-08,-3.0308932957856527e-07,-3.532000423093168e-08,5.822373223841079e-07,6.902204861066195e-08
2622.0,-4.960567076411904e-07,-5.839946035944376e-08,-3.023834474064069e-07,-3.4761347394535285e-08,5.80954392754888e-07,6.795718789967458e-08
2623.0,-4.947750394113104e-07,-5.7474962673982645e-08,-3.0157936263541796e-07,-3.4191403248108336e-08,5.794414997150693e-07,6.687114695165805e-08
2624.0,-4.935650419479742e-07,-5.653236764480476e-08,-3.0082402736886227e-07,-3.3610058074893124e-08,5.780151780667421e-07,6.576371953557619e-08
2625.0,-4.926182981812577e-07,-5.557151371365309e-08,-3.001981188910374e-07,-3.301720550053727e-08,5.76881008777994e-07,6.463471232515762e-08
2626.0,-4.919285608584456e-07,-5.4592250714122655e-08,-2.997101796048396e-07,-3.241274699312765e-08,5.760381070268065e-07,6.348394580147596e-08
2627.0,-4.913625820945899e-07,-5.35944406101782e-08,-2.9932415482325503e-07,-3.1796592353429215e-08,5.7535392302766e-07,6.23112551386933e-08
2628.0,-4.908077178011894e-07,-5.257795821927375e-08,-2.9901174586344226e-07,-3.116866019423631e-08,5.747175306335415e-07,6.111649107099518e-08
2629.0,-4.902838696418943e-07,-5.154269191830154e-08,-2.987767281775744e-07,-3.052887840765384e-08,5.741478956954612e-07,5.989952073858836e-08
2630.0,-4.898850294449142e-07,-5.048854433046885e-08,-2.9862289153970156e-07,-2.987718461903287e-08,5.737272639728539e-07,5.866022851047409e-08
2631.0,-4.896450458563573e-07,-4.9415432991088636e-08,-2.9852168481614427e-07,-2.9213526626201218e-08,5.734696742087968e-07,5.7398516781569637e-08
2632.0,-4.893981537940073e-07,-4.8323290990185104e-08,-2.9836773034197517e-07,-2.853786282256616e-08,5.731787290596228e-07,5.611430674164596e-08
2633.0,-4.889344771413784e-07,-4.721206758976914e-08,-2.980779548605872e-07,-2.7850162602632304e-08,5.72631984883296e-07,5.480753911349153e-08
2634.0,-4.88225833567002e-07,-4.608172881364082e-08,-2.9766819931165145e-07,-2.7150406748480057e-08,5.718136247446672e-07,5.347817485771566e-08
2635.0,-4.874307590607696e-07,-4.493225800763268e-08,-2.9722098550399867e-07,-2.6438587795791127e-08,5.70901969783365e-07,5.2126195841674695e-08
2636.0,-4.866557593991017e-07,-4.376365636831854e-08,-2.967538969972372e-07,-2.5714710378085616e-08,5.699971083605278e-07,5.075160547013908e-08
2637.0,-4.859021264652652e-07,-4.2575943438367617e-08,-2.962554326024769e-07,-2.497879154794274e-08,5.690941555225702e-07,4.935442927550842e-08
2638.0,-4.850992738059112e-07,-4.13691575669119e-08,-2.957098058226082e-07,-2.4230861074108526e-08,5.681246295547018e-07,4.793471546561025e-08
2639.0,-4.84059655747604e-07,-4.0143356333508475e-08,-2.9504282063330667e-07,-2.3470961713541593e-08,5.668897744092289e-07,4.649253542737718e-08
2640.0,-4.827658860034889e-07,-3.88986169345108e-08,-2.9426053441139466e-07,-2.269914945760992e-08,5.653778938027319e-07,4.502798418498052e-08
2641.0,-4.813746543319564e-07,-3.7635036530912586e-08,-2.9344456239921435e-07,-2.1915493751821567e-08,5.637652605782631e-07,4.354118081129978e-08
2642.0,-4.800626740714131e-07,-3.635273255698479e-08,-2.92656016184778e-07,-2.112007768864635e-08,5.622345727947907e-07,4.203226879191689e-08
2643.0,-4.787950277640451e-07,-3.505184298927761e-08,-2.918402347007465e-07,-2.0312998173154486e-08,5.607275641537159e-07,4.050141634112702e-08
2644.0,-4.774025031684115e-07,-3.373252657579258e-08,-2.9090864267500294e-07,-1.949436606135758e-08,5.590536543253051e-07,3.8948816669739854e-08
2645.0,-4.7572421987829294e-07,-3.2394963025336216e-08,-2.898081626206972e-07,-1.8664306271281177e-08,5.570478475861789e-07,3.73746882046961e-08
2646.0,-4.7383820134250243e-07,-3.1039353157242774e-08,-2.8860584538881184e-07,-1.7822957866923726e-08,5.548116572712659e-07,3.577927476073981e-08
2647.0,-4.720135226843336e-07,-2.9665919011794748e-08,-2.8743958485621945e-07,-1.6970474115358964e-08,5.526466145188892e-07,3.4162845664560735e-08
2648.0,-4.7042276136999295e-07,-2.8274903921767788e-08,-2.863933637325955e-07,-1.610702251731e-08,5.507437999696774e-07,3.252569583194143e-08
2649.0,-4.689981542155275e-07,-2.6866572545568658e-08,-2.8543132842007157e-07,-1.523278481155525e-08,5.49026695071577e-07,3.086814579849661e-08
2650.0,-4.6766389004415654e-07,-2.5441210862414384e-08,-2.845379488136679e-07,-1.4347956953514746e-08,5.474224679041977e-07,2.9190541704568288e-08
2651.0,-4.66396550574677e-07,-2.3999126129920606e-08,-2.8374721179613704e-07,-1.3452749068311613e-08,5.459287706194272e-07,2.7493255234744043e-08
2652.0,-4.6526806345148497e-07,-2.254064680433866e-08,-2.8310671167097734e-07,-1.2547385378514601e-08,5.446317848427954e-07,2.5776683512309824e-08
2653.0,-4.643623276734399e-07,-2.1066122423522013e-08,-2.826289155627437e-07,-1.1632104106653702e-08,5.436096717999668e-07,2.4041248948753246e-08
2654.0,-4.6365438291506855e-07,-1.95759234525257e-08,-2.8224745254878947e-07,-1.0707157352473589e-08,5.428066057691581e-07,2.22873990482167e-08
2655.0,-4.6303468331787556e-07,-1.8070441091566105e-08,-2.8188185675903643e-07,-9.77281094476174e-09,5.420871693050917e-07,2.0515606166581665e-08
2656.0,-4.6230975671301966e-07,-1.655008704590733e-08,-2.8143469772701213e-07,-8.829344267474249e-09,5.412354388219106e-07,1.872636722466942e-08
2657.0,-4.6134292035204805e-07,-1.501529325711501e-08,-2.808653996322352e-07,-7.877050059795015e-09,5.401135647894166e-07,1.6920203374890328e-08
2658.0,-4.6027089246891695e-07,-1.3466511595041179e-08,-2.802404314578011e-07,-6.916234189712824e-09,5.388728921348594e-07,1.5097659620581575e-08
2659.0,-4.5932325819231234e-07,-1.1904213509883398e-08,-2.796714102665243e-07,-5.947215400688247e-09,5.377675643220481e-07,1.3259304387249101e-08
2660.0,-4.585610275525953e-07,-1.0328889643693715e-08,-2.7919023767863926e-07,-4.970325031005797e-09,5.368662820527539e-07,1.1405729044969541e-08
2661.0,-4.5786829716565336e-07,-8.741049400793297e-09,-2.787472653253964e-07,-3.985906705462961e-09,5.360442290294356e-07,9.537547381304888e-09
2662.0,-4.5696297858166535e-07,-7.141220476671829e-09,-2.781959592412786e-07,-2.994315999133209e-09,5.349842572752984e-07,7.655395024233614e-09
2663.0,-4.557019175760457e-07,-5.529948345122602e-09,-2.7746114809878986e-07,-1.995920073057713e-09,5.335250007139157e-07,5.759928814808803e-09
2664.0,-4.542965649223518e-07,-3.9077957035886804e-09,-2.7665052007574964e-07,-9.91097281871379e-10,5.319030730860947e-07,3.85182612952457e-09
2665.0,-4.5292756827020053e-07,-2.27534187697022e-09,-2.758217188536527e-07,1.9763246447175873e-11,5.303027462596631e-07,1.931784152702234e-09
2666.0,-4.5152714159280016e-07,-6.331821804591831e-10,-2.749196771623108e-07,1.0362620583014044e-09,5.286374830505247e-07,5.190995871558487e-13
2667.0,-4.499844142163978e-07,1.018072757693609e-09,-2.7390953637185245e-07,2.057989849049424e-09,5.267944638595947e-07,-1.9412346087446384e-09
2668.0,-4.482522168586245e-07,2.6777977122252423e-09,-2.7280885128710963e-07,3.0845279635571578e-09,5.247425266349809e-07,-3.892725217149187e-09
2669.0,-4.462135254762467e-07,4.345353614119222e-09,-2.7154484681657376e-07,4.115448921627635e-09,5.223438658111891e-07,-5.853184552905106e-09
2670.0,-4.440494692781183e-07,6.020088339135268e-09,-2.7020086468265703e-07,5.150316966971322e-09,5.197965356189228e-07,-7.821828984580669e-09
2671.0,-4.420833865925733e-07,7.701337529354986e-09,-2.6894544352673577e-07,6.188688638168532e-09,5.174643681404075e-07,-9.797860420546453e-09
2672.0,-4.402998622365928e-07,9.388425445211658e-09,-2.67777707813055e-07,7.23011335988856e-09,5.15333745729092e-07,-1.1780467344069713e-08
2673.0,-4.384849922184353e-07,1.108066584525173e-08,-2.6659221018243695e-07,8.27413405248001e-09,5.131671218333828e-07,-1.3768825881659607e-08
2674.0,-4.3645786217128e-07,1.2777362890715676e-08,-2.6529626068194645e-07,9.320287757937127e-09,5.107617559909389e-07,-1.576210090113886e-08
2675.0,-4.3422598480780117e-07,1.447781207192454e-08,-2.6389601616438885e-07,1.0368106280178016e-08,5.081272608606432e-07,-1.7759447135795578e-08
2676.0,-4.321066409268548e-07,1.6181301153413497e-08,-2.6257702571974573e-07,1.141711683754142e-08,5.05631133899919e-07,-1.9760010330914474e-08
2677.0,-4.3046630129883745e-07,1.7887111134764178e-08,-2.6155230735402935e-07,1.246684272541926e-08,5.036971769189481e-07,-2.1762928409001702e-08
2678.0,-4.2918799483815384e-07,1.9594517224160354e-08,-2.6073914417834576e-07,1.3516803986996057e-08,5.021824730315181e-07,-2.3767332650107492e-08
2679.0,-4.2792148703674204e-07,2.1302789821826016e-08,-2.5994906911741555e-07,1.456651809016169e-08,5.006898417211473e-07,-2.5772348883815147e-08
2680.0,-4.2646942936819254e-07,2.3011195510689557e-08,-2.5908291084730806e-07,1.5615500608792756e-08,4.989991271322485e-07,-2.7777098689689784e-08
2681.0,-4.249618685281398e-07,2.4718998051830787e-08,-2.58194260416289e-07,1.666326590674624e-08,4.972492994613893e-07,-2.97807006032392e-08
2682.0,-4.23637308427649e-07,2.6425459382487846e-08,-2.574162843299588e-07,1.7709327823063204e-08,4.957133370508253e-07,-3.178227132470716e-08
2683.0,-4.226238175114583e-07,2.81298406146172e-08,-2.5681970407254173e-07,1.8753200357032127e-08,4.945374116564553e-07,-3.378092692828363e-08
2684.0,-4.217839116305022e-07,2.983140303220977e-08,-2.5633208061703883e-07,1.9794398351907785e-08,4.935664126171749e-07,-3.577578406957117e-08
2685.0,-4.2088341346835367e-07,3.1529409085763746e-08,-2.558360956972372e-07,2.0832438176217924e-08,4.925392934521865e-07,-3.7765961189386455e-08
2686.0,-4.198594846793746e-07,3.32231233824894e-08,-2.5525934152503815e-07,2.1866838401709033e-08,4.913647507819685e-07,-3.9750579712186696e-08
2687.0,-4.185051113020366e-07,3.491181367095746e-08,-2.544722360053875e-07,2.2897120477074726e-08,4.897985780742036e-07,-4.172876523757585e-08
2688.0,-4.172003434388394e-07,3.659475181899117e-08,-2.537211510611481e-07,2.392280939666916e-08,4.882935070849084e-07,-4.3699648723450656e-08
2689.0,-4.1589937121999654e-07,3.827121478364209e-08,-2.5295157907168075e-07,2.49434343634326e-08,4.86782074789166e-07,-4.5662367659393845e-08
2690.0,-4.1463122056606405e-07,3.9940485572090425e-08,-2.52169615591602e-07,2.5958529445252973e-08,4.852922460700566e-07,-4.761606722892112e-08
2691.0,-4.131936433698913e-07,4.1601854192284596e-08,-2.512653476949289e-07,2.696763422396231e-08,4.835941086009407e-07,-4.955990145915263e-08
2692.0,-4.117353306215543e-07,4.3254618592088865e-08,-2.5038960838053015e-07,2.7970294436127682e-08,4.818930778367707e-07,-5.149303435642018e-08
2693.0,-4.101427255182033e-07,4.489808558564899e-08,-2.494348731729712e-07,2.8966062604746706e-08,4.800362603494828e-07,-5.3414641026245164e-08
2694.0,-4.0833423704811356e-07,4.653157176561705e-08,-2.4829027557571326e-07,2.99544986609022e-08,4.778963382273698e-07,-5.532390877603508e-08
2695.0,-4.0672498007043867e-07,4.8154404399807974e-08,-2.472628156113821e-07,3.09351705543758e-08,4.7598750970731055e-07,-5.722003819875833e-08
2696.0,-4.0517883254098663e-07,4.9765922310799674e-08,-2.463036990474343e-07,3.190765485217152e-08,4.7416811206968143e-07,-5.910224423578063e-08
2697.0,-4.036968628828852e-07,5.136547673694746e-08,-2.4542349232048455e-07,3.2871537323865317e-08,4.7244454455974614e-07,-6.096975721699245e-08
2698.0,-4.0214241557590125e-07,5.2952432173265945e-08,-2.4449272820192824e-07,3.382641351267925e-08,4.706327831216636e-07,-6.282182387633313e-08
2699.0,-4.0052284581981734e-07,5.452616719063987e-08,-2.434972846271366e-07,3.477188929117986e-08,4.687317757997573e-07,-6.465770834082426e-08
2700.0,-3.9887527471249573e-07,5.6086075231854614e-08,-2.42444168935263e-07,3.5707581400517246e-08,4.667768844187545e-07,-6.647669309125933e-08
2701.0,-3.973290131215057e-07,5.7631565382987396e-08,-2.414534228944998e-07,3.663311797215262e-08,4.649409640971419e-07,-6.827807989275533e-08
2702.0,-3.961387470829969e-07,5.916206311877358e-08,-2.4076054541688485e-07,3.754813903106889e-08,4.6356396232874103e-07,-7.006119069345883e-08
2703.0,-3.952305477061824e-07,6.067701102065996e-08,-2.4027058651010513e-07,3.8452296979523506e-08,4.6253339401824687e-07,-7.182536848981638e-08
2704.0,-3.943793314697963e-07,6.217586946637538e-08,-2.3978973436034057e-07,3.9345257060484e-08,4.615562520377838e-07,-7.356997815696189e-08
2705.0,-3.934043972669832e-07,6.365811728997777e-08,-2.392402370376967e-07,4.0226697799976514e-08,4.6043773825225447e-07,-7.52944072429306e-08
2706.0,-3.9240661396655607e-07,6.512325241145713e-08,-2.3866151993567897e-07,4.1096311427663503e-08,4.592845216014864e-07,-7.699806672555634e-08
2707.0,-3.914625332640531e-07,6.657079243506998e-08,-2.3808523244572832e-07,4.195380427503665e-08,4.581784508881298e-07,-7.868039173102765e-08
2708.0,-3.906707440187729e-07,6.800027521564651e-08,-2.3765254754393172e-07,4.279889715066011e-08,4.572771190277317e-07,-8.034084221315902e-08
2709.0,-3.9002042594160624e-07,6.941125939214205e-08,-2.3735745871555913e-07,4.3631325691926137e-08,4.5656817219291615e-07,-8.197890359247455e-08
2710.0,-3.8925368275877226e-07,7.080332488770394e-08,-2.3697943769829255e-07,4.445084069279097e-08,4.5571667012856335e-07,-8.35940873542023e-08
2711.0,-3.884121966557519e-07,7.217607337548579e-08,-2.3653910137533263e-07,4.5257208406941825e-08,4.547689314260555e-07,-8.518593160423722e-08
2712.0,-3.8776409645724375e-07,7.352912870936477e-08,-2.3620233731425078e-07,4.605021082580085e-08,4.540402390251526e-07,-8.67540015820401e-08
2713.0,-3.871891130491356e-07,7.48621373185946e-08,-2.3591823154756053e-07,4.682964593069689e-08,4.5340139086719253e-07,-8.829789012929705e-08
2714.0,-3.8629563929581945e-07,7.617476856526279e-08,-2.354526165843085e-07,4.759532791842875e-08,4.52396126857164e-07,-8.981721811296767e-08
2715.0,-3.850787210074591e-07,7.746671506321323e-08,-2.3474721508320862e-07,4.834708739930632e-08,4.5098988498863557e-07,-9.131163480110122e-08
2716.0,-3.834980840389246e-07,7.873769295684833e-08,-2.3374737333214934e-07,4.908477156659113e-08,4.491198225431664e-07,-9.278081818950404e-08
2717.0,-3.8176643642195973e-07,7.998744215794892e-08,-2.3261086207204684e-07,4.980824433607176e-08,4.470496897798085e-07,-9.422447527700849e-08
2718.0,-3.8010342318095525e-07,8.12157265383652e-08,-2.31551007506825e-07,5.051738645431758e-08,4.4507806213214563e-07,-9.564234228675043e-08
2719.0,-3.7858102613919087e-07,8.242233407616572e-08,-2.306470658630655e-07,5.121209557397537e-08,4.4330763849029716e-07,-9.703418483054222e-08
2720.0,-3.7697837085293173e-07,8.360707695261185e-08,-2.2974875454884192e-07,5.189228629432865e-08,4.4147160985467065e-07,-9.839979801316483e-08
2721.0,-3.75399597463133e-07,8.47697915971672e-08,-2.2884565609171403e-07,5.255789016524033e-08,4.3965349093067523e-07,-9.973900647321667e-08
2722.0,-3.738059507069069e-07,8.591033867766553e-08,-2.2786270342800563e-07,5.320885565254926e-08,4.377811101422876e-07,-1.0105166435705717e-07
2723.0,-3.7208026673618555e-07,8.702860303274626e-08,-2.2673654444249625e-07,5.384514806298937e-08,4.357214540049584e-07,-1.0233765522236949e-07
2724.0,-3.7027886201634885e-07,8.812449354372575e-08,-2.2556128499717776e-07,5.446674942674471e-08,4.335715961011519e-07,-1.0359689186794111e-07
2725.0,-3.68697496297421e-07,8.919794294320927e-08,-2.2457461310021465e-07,5.507365833584833e-08,4.317077722546791e-07,-1.0482931608642645e-07
2726.0,-3.673179828633799e-07,9.024890755796826e-08,-2.2378034982006856e-07,5.566588973678375e-08,4.301164324928943e-07,-1.0603489833712243e-07
2727.0,-3.661403505106353e-07,9.127736698391368e-08,-2.2311522998585964e-07,5.6243474675859885e-08,4.287646931869437e-07,-1.0721363733615922e-07
2728.0,-3.6524483496003235e-07,9.228332369138891e-08,-2.2260181704869542e-07,5.680645999620395e-08,4.2773281194965873e-07,-1.0836555956198653e-07
2729.0,-3.6459713526060256e-07,9.326680255947416e-08,-2.222412635866089e-07,5.735490798554309e-08,4.269920962744049e-07,-1.0949071867460562e-07
2730.0,-3.6393788165056673e-07,9.422785033852152e-08,-2.2191103753177455e-07,5.788889597431188e-08,4.2625730524969374e-07,-1.1058919484763826e-07
2731.0,-3.632796385794057e-07,9.516653504070589e-08,-2.2160238669077792e-07,5.8408515884013775e-08,4.2553462091048795e-07,-1.1166109401301054e-07
2732.0,-3.6282458318326327e-07,9.608294525895944e-08,-2.2142856895279728e-07,5.8913873726166974e-08,4.250556308421198e-07,-1.1270654701873637e-07
2733.0,-3.62476869159023e-07,9.69771894152412e-08,-2.2127811509509154e-07,5.940508905256756e-08,4.246804503333819e-07,-1.1372570870099397e-07
2734.0,-3.621869091724461e-07,9.784939493966723e-08,-2.2112900523174606e-07,5.988229435799698e-08,4.243552687674224e-07,-1.147187568723836e-07
2735.0,-3.620025547379502e-07,9.869970738258061e-08,-2.2109266359371382e-07,6.034563443688031e-08,4.2417898996976e-07,-1.1568589122892533e-07
2736.0,-3.6187024335387896e-07,9.952828946216665e-08,-2.2115438193248682e-07,6.079526569576069e-08,4.240982594552067e-07,-1.1662733217899178e-07
2737.0,-3.616960217583953e-07,1.0033532005070507e-07,-2.212050097261109e-07,6.123135542378802e-08,4.2397602347748204e-07,-1.1754331959795975e-07
2738.0,-3.615845210469537e-07,1.0112099310299194e-07,-2.2127656475190438e-07,6.165408102372135e-08,4.2391825151691526e-07,-1.1843411151289758e-07
2739.0,-3.614211715741167e-07,1.0188551653085141e-07,-2.2126578039238787e-07,6.20636292062096e-08,4.2377329886940673e-07,-1.1929998272207468e-07
2740.0,-3.609700896661794e-07,1.0262911102798882e-07,-2.210106694600089e-07,6.246019515033801e-08,4.232553858473285e-07,-1.201412233544781e-07
2741.0,-3.6012168565247027e-07,1.0335200884971206e-07,-2.2049700845738762e-07,6.28439816336093e-08,4.2226361341682507e-07,-1.209581373748514e-07
2742.0,-3.592391851076071e-07,1.0405445255227328e-07,-2.1996902364873616e-07,6.32151981346714e-08,4.2123528280731167e-07,-1.2175104104003714e-07
2743.0,-3.5853868363133756e-07,1.0473669369677042e-07,-2.1955800537376557e-07,6.357405991222081e-08,4.2042324553216467e-07,-1.2252026131262658e-07
2744.0,-3.582874752022791e-07,1.0539899152271766e-07,-2.1942568420585395e-07,6.392078706361595e-08,4.2013991214359877e-07,-1.2326613423811835e-07
2745.0,-3.5820458815782885e-07,1.0604161159656247e-07,-2.1942053612944434e-07,6.425560356684197e-08,4.2006654074402614e-07,-1.2398900329198946e-07
2746.0,-3.581013952591583e-07,1.066648244405998e-07,-2.1943020225845267e-07,6.45787363095821e-08,4.199835984294403e-07,-1.2468921770328728e-07
2747.0,-3.57878650020238e-07,1.072689041479022e-07,-2.1939881203469902e-07,6.489041410926263e-08,4.1977728245171293e-07,-1.2536713076155457e-07
2748.0,-3.5765622319328116e-07,1.0785412698903041e-07,-2.1939641879631377e-07,6.519086672804017e-08,4.195864184760151e-07,-1.2602309811407617e-07
2749.0,-3.5741018501733723e-07,1.0842077001639988e-07,-2.1935014848928347e-07,6.548032388677811e-08,4.193525104210036e-07,-1.266574760605718e-07
2750.0,-3.571875772934163e-07,1.0896910967224914e-07,-2.1927365509433194e-07,6.575901428211062e-08,4.191227757962675e-07,-1.2727061985254705e-07
2751.0,-3.571591645906702e-07,1.0949942040618895e-07,-2.1934546357016416e-07,6.602716461071573e-08,4.19136136881462e-07,-1.2786288200455413e-07
2752.0,-3.572056417600056e-07,1.1001197330831021e-07,-2.194865085097808e-07,6.628499860491575e-08,4.1924956520310374e-07,-1.2843461062461214e-07
2753.0,-3.5706790658951437e-07,1.1050703476379384e-07,-2.1948987187492275e-07,6.653273608369368e-08,4.1913398069339134e-07,-1.2898614777099172e-07
2754.0,-3.566571632751536e-07,1.1098486513489633e-07,-2.1926750462530897e-07,6.67705920231584e-08,4.1866761362695526e-07,-1.2951782784248e-07
2755.0,-3.5609322981966507e-07,1.1144571747607666e-07,-2.1889469739577727e-07,6.699877565040701e-08,4.179919579027684e-07,-1.3002997600910605e-07
2756.0,-3.555918358377763e-07,1.118898362878871e-07,-2.1852152903845123e-07,6.7217489564624e-08,4.173693955811599e-07,-1.305229066901285e-07
2757.0,-3.550464003077014e-07,1.1231745631508391e-07,-2.181203632017903e-07,6.74269288891306e-08,4.1669465945070313e-07,-1.3099692208587869e-07
2758.0,-3.5464669795315373e-07,1.1272880139423923e-07,-2.179004866820211e-07,6.762728045796942e-08,4.1623899680993024e-07,-1.3145231076983695e-07
2759.0,-3.546394400366637e-07,1.1312408335596457e-07,-2.1805560547483172e-07,6.781872204048814e-08,4.163140395284716e-07,-1.3188934634711075e-07
2760.0,-3.5500535347510187e-07,1.1350350098669686e-07,-2.184655420733872e-07,6.800142160727968e-08,4.1684048995917004e-07,-1.323082861852915e-07
2761.0,-3.553916675391733e-07,1.1386723905484271e-07,-2.188292207438991e-07,6.817553664073675e-08,4.173601145385797e-07,-1.3270937022348352e-07
2762.0,-3.556197146065143e-07,1.1421546740591365e-07,-2.190202463975277e-07,6.834121349337445e-08,4.1765446214407006e-07,-1.330928198651039e-07
2763.0,-3.5566597519909315e-07,1.1454834013109061e-07,-2.1906690923778616e-07,6.849858679694642e-08,4.177183221230766e-07,-1.3345883695982093e-07
2764.0,-3.5556016438065274e-07,1.1486599481341679e-07,-2.1900415707321041e-07,6.864777892521404e-08,4.1759532002854654e-07,-1.3380760287970668e-07
2765.0,-3.554286943235896e-07,1.151685518555241e-07,-2.1894499316332805e-07,6.878889951302395e-08,4.17452352706104e-07,-1.34139277694323e-07
2766.0,-3.5549917438981726e-07,1.1545611389245956e-07,-2.1901325962525586e-07,6.892204503411228e-08,4.175481659443871e-07,-1.344539994490472e-07
2767.0,-3.557760985678504e-07,1.1572876529280517e-07,-2.1918700990330997e-07,6.904729843979681e-08,4.1787507418188334e-07,-1.3475188355049125e-07
2768.0,-3.562147824487383e-07,1.1598657175088802e-07,-2.1945366508735464e-07,6.916472886044809e-08,4.183884347771515e-07,-1.3503302226238925e-07
2769.0,-3.5666307307558043e-07,1.162295799724593e-07,-2.1978451687776346e-07,6.927439137134939e-08,4.1894364961759323e-07,-1.3529748431482415e-07
2770.0,-3.5718289176367435e-07,1.1645781745577345e-07,-2.2025741629183582e-07,6.937632682425858e-08,4.196343022206547e-07,-1.3554531462912868e-07
2771.0,-3.578039873830541e-07,1.1667129236951194e-07,-2.2083857900700998e-07,6.947056174566548e-08,4.2046803845839235e-07,-1.3577653416021238e-07
2772.0,-3.5845799166434045e-07,1.1686999352845766e-07,-2.214052245014253e-07,6.955710830238732e-08,4.213222106945691e-07,-1.3599113985742534e-07
2773.0,-3.5894422233118117e-07,1.1705389046723177e-07,-2.2179278923173396e-07,6.963596433475444e-08,4.219395645114698e-07,-1.3618910474435814e-07
2774.0,-3.59020635262719e-07,1.1722293361174836e-07,-2.218809827120305e-07,6.97071134572012e-08,4.2205092943115605e-07,-1.363703781171888e-07
2775.0,-3.5869491317452873e-07,1.1737705454732554e-07,-2.2170081287464782e-07,6.977052522559171e-08,4.2167913295130257e-07,-1.3653488586032308e-07
2776.0,-3.5793056761546094e-07,1.1751616638162328e-07,-2.2121961376631027e-07,6.982615537008203e-08,4.2077596027867553e-07,-1.3668253087714364e-07
2777.0,-3.5683313003020967e-07,1.1764016419978057e-07,-2.2046284824106532e-07,6.987394609176834e-08,4.194445733845171e-07,-1.368131936327143e-07
2778.0,-3.555580069813935e-07,1.1774892560833071e-07,-2.1952359247068287e-07,6.991382642081762e-08,4.178661316496171e-07,-1.3692673280432004e-07
2779.0,-3.542599560230064e-07,1.1784231136372518e-07,-2.18527828638182e-07,6.99457126332558e-08,4.1623854738688134e-07,-1.3702298603481215e-07
2780.0,-3.529542082214565e-07,1.1792016608063339e-07,-2.1756134482853184e-07,6.996950872312447e-08,4.146198401726992e-07,-1.3710177078292043e-07
2781.0,-3.5174149110028807e-07,1.1798231901464072e-07,-2.1674193000087438e-07,6.998510692633928e-08,4.131575253846382e-07,-1.3716288526403195e-07
2782.0,-3.5086468255784986e-07,1.1802858491356383e-07,-2.1622736756654604e-07,6.999238829230893e-08,4.121411165501192e-07,-1.3720610947444837e-07
2783.0,-3.505230054545727e-07,1.1805876493134993e-07,-2.1609137289269054e-07,6.99912232992087e-08,4.117788955150012e-07,-1.3723120629183265e-07
2784.0,-3.5061668426927817e-07,1.18072647598424e-07,-2.162077961387343e-07,6.998147250874748e-08,4.1191973781205387e-07,-1.3723792264443946e-07
2785.0,-3.5086508712312003e-07,1.1807000984237979e-07,-2.1638637839882513e-07,6.996298725630323e-08,4.1222490720294203e-07,-1.372259907417697e-07
2786.0,-3.511036526099298e-07,1.1805061805304874e-07,-2.1656739528086444e-07,6.993561037240804e-08,4.125229830867275e-07,-1.37195129359463e-07
2787.0,-3.513229795970574e-07,1.1801422918619097e-07,-2.1675925272746088e-07,6.989917693171381e-08,4.1281037975797273e-07,-1.3714504517149887e-07
2788.0,-3.5156046082618353e-07,1.1796059190030268e-07,-2.169378390953769e-07,6.98535150257416e-08,4.1310626193231467e-07,-1.3707543412308158e-07
2789.0,-3.5191669664480507e-07,1.1788944772130381e-07,-2.17141920388908e-07,6.979844655589973e-08,4.1351659575834997e-07,-1.3698598283790696e-07
2790.0,-3.525064048298665e-07,1.178005322301497e-07,-2.1746027849267602e-07,6.973378804344157e-08,4.14185632498509e-07,-1.3687637005384706e-07
2791.0,-3.532879297996061e-07,1.1769357626869555e-07,-2.1791582140162635e-07,6.965935145322131e-08,4.1508994996173653e-07,-1.3674626808142776e-07
2792.0,-3.5410101219268686e-07,1.1756830715942638e-07,-2.1844096677325897e-07,6.957494502829296e-08,4.160576676384193e-07,-1.365953442798151e-07
2793.0,-3.549448384931875e-07,1.1742444993493916e-07,-2.190421357906036e-07,6.948037413257915e-08,4.170914715319221e-07,-1.3642326254535425e-07
2794.0,-3.5597287270650035e-07,1.1726172857331147e-07,-2.1978209664708093e-07,6.937544209900492e-08,4.183549403431315e-07,-1.3622968480800377e-07
2795.0,-3.5721242727659863e-07,1.170798672357026e-07,-2.2062553116375394e-07,6.925995108063741e-08,4.198527637185777e-07,-1.3601427253126552e-07
2796.0,-3.585310915654727e-07,1.1687859150269462e-07,-2.2148571555968832e-07,6.913370290248663e-08,4.214267027801116e-07,-1.357766882114063e-07
2797.0,-3.5969305307859134e-07,1.1665762960598486e-07,-2.2224935015968672e-07,6.89964999116946e-08,4.228165868073311e-07,-1.355165968718954e-07
2798.0,-3.6056321707500505e-07,1.1641671365207509e-07,-2.2285018236312126e-07,6.884814582386295e-08,4.238726663595491e-07,-1.3523366754902123e-07
2799.0,-3.611848427703679e-07,1.1615558083456046e-07,-2.233039609889076e-07,6.868844656323614e-08,4.2464002359691783e-07,-1.34927574764598e-07
2800.0,-3.616051062471648e-07,1.1587397463150046e-07,-2.2360334424320616e-07,6.851721109437154e-08,4.2515492284668316e-07,-1.3459799998152526e-07
2801.0,-3.6178025833444316e-07,1.1557164598417144e-07,-2.236788616827301e-07,6.833425224279535e-08,4.253436122527507e-07,-1.342446330377376e-07
2802.0,-3.616866233735472e-07,1.1524835445327281e-07,-2.2350993318653867e-07,6.813938750197901e-08,4.2517514480553676e-07,-1.3386717355380248e-07
2803.0,-3.613573967276018e-07,1.1490386934841723e-07,-2.2317252240666718e-07,6.793243982379326e-08,4.2471772146580343e-07,-1.3346533230912446e-07
2804.0,-3.608314990549699e-07,1.1453797082650365e-07,-2.2274677768940876e-07,6.771323838942356e-08,4.2404657489628617e-07,-1.330388325814266e-07
2805.0,-3.602878527603215e-07,1.1415045095438158e-07,-2.2234581729951852e-07,6.748161935758708e-08,4.2337335688164643e-07,-1.325874114439419e-07
2806.0,-3.6003494249814416e-07,1.137411147310897e-07,-2.2213122261027785e-07,6.723742658679441e-08,4.230454347679204e-07,-1.3211082101458998e-07
2807.0,-3.601395738156432e-07,1.133097810649172e-07,-2.221369815452734e-07,6.698051232836872e-08,4.2313750861647595e-07,-1.316088296513686e-07
2808.0,-3.604303269177933e-07,1.1285628370060289e-07,-2.222677588092914e-07,6.671073788697631e-08,4.234536304817479e-07,-1.3108122308826853e-07
2809.0,-3.606598837080366e-07,1.1238047209215702e-07,-2.223957393659992e-07,6.642797424553503e-08,4.237161981851106e-07,-1.305278055062227e-07
2810.0,-3.6077764772879384e-07,1.1188221221704843e-07,-2.2249132126950233e-07,6.613210265154053e-08,4.238666053618409e-07,-1.2994840053391215e-07
2811.0,-3.608811668526224e-07,1.1136138732782958e-07,-2.2255401793680463e-07,6.582301516207305e-08,4.2398762657502853e-07,-1.29342852173648e-07
2812.0,-3.610736417219984e-07,1.1081789863766025e-07,-2.2259773296839924e-07,6.550061514500883e-08,4.2417440454258533e-07,-1.2871102564801724e-07
2813.0,-3.6143760670515057e-07,1.102516659366337e-07,-2.2270010249791916e-07,6.516481773425759e-08,4.2453795966124254e-07,-1.280528081635123e-07
2814.0,-3.620196021153488e-07,1.0966262813630827e-07,-2.2297221560774183e-07,6.481555023717896e-08,4.2517620023794927e-07,-1.2736810958796393e-07
2815.0,-3.627805168493481e-07,1.0905074374040096e-07,-2.234210851326246e-07,6.445275249269903e-08,4.260594849165074e-07,-1.2665686303926064e-07
2816.0,-3.6367206833476384e-07,1.0841599124020042e-07,-2.2398462325157187e-07,6.407637717905011e-08,4.271141354954595e-07,-1.2591902538356155e-07
2817.0,-3.647516179372534e-07,1.077583694338931e-07,-2.2466896483497312e-07,6.368639007048565e-08,4.283922111195096e-07,-1.2515457764197444e-07
2818.0,-3.661804903326571e-07,1.0707789766964916e-07,-2.2555005178837018e-07,6.328277024276675e-08,4.3007089806449543e-07,-1.2436352530546159e-07
2819.0,-3.6792928698181626e-07,1.0637461601296679e-07,-2.266242238729843e-07,6.286551022766322e-08,4.321232452263824e-07,-1.2354589855852406e-07
2820.0,-3.697366097732413e-07,1.0564858533940562e-07,-2.2777220552716582e-07,6.243461611714395e-08,4.342641341595223e-07,-1.227017524129803e-07
2821.0,-3.714589028591675e-07,1.0489988735442826e-07,-2.2891644446687565e-07,6.199010761833518e-08,4.363306716937197e-07,-1.2183116675386723e-07
2822.0,-3.731673915430278e-07,1.0412862454259049e-07,-2.3007501825933474e-07,6.153201806068383e-08,4.383929928021896e-07,-1.2093424630012485e-07
2823.0,-3.749116131990249e-07,1.033349200487569e-07,-2.3124416273501147e-07,6.10603943570648e-08,4.404912944775546e-07,-1.2001112048325412e-07
2824.0,-3.766132435495395e-07,1.0251891749435787e-07,-2.3233300902592013e-07,6.057529692080531e-08,4.425112001971736e-07,-1.1906194324754992e-07
2825.0,-3.7803331048857913e-07,1.0168078073194448e-07,-2.3318252638515613e-07,6.00767995407651e-08,4.4416581864245084e-07,-1.1808689277580326e-07
2826.0,-3.7909644312605906e-07,1.0082069354144303e-07,-2.33769501589709e-07,5.956498921670579e-08,4.453788197302722e-07,-1.1708617114453874e-07
2827.0,-3.7984241625654835e-07,9.993885927156734e-08,-2.3416562940081764e-07,5.903996595721463e-08,4.462216973437016e-07,-1.1606000391291957e-07
2828.0,-3.8044454181429543e-07,9.903550042983028e-08,-2.3446416348715804e-07,5.8501842542428424e-08,4.4689091885606935e-07,-1.1500863964942681e-07
2829.0,-3.8107120883812406e-07,9.811085822452838e-08,-2.3476691501933544e-07,5.7950744253750535e-08,4.4758325548778636e-07,-1.1393234940033505e-07
2830.0,-3.819631482354646e-07,9.716519206198495e-08,-2.352363576846317e-07,5.7386808572690306e-08,4.485888881667484e-07,-1.1283142610389761e-07
2831.0,-3.8301254536021734e-07,9.619877900225149e-08,-2.3584092960493575e-07,5.681018485089544e-08,4.497994597375955e-07,-1.1170618395405118e-07
2832.0,-3.8401132687604367e-07,9.521191317640005e-08,-2.3645976286734705e-07,5.6221033953406235e-08,4.509744101657894e-07,-1.1055695771736997e-07
2833.0,-3.848640574843909e-07,9.420490516849264e-08,-2.3702269859315894e-07,5.561952787713541e-08,4.519956884658658e-07,-1.0938410200694776e-07
2834.0,-3.8567747215334514e-07,9.317808136528295e-08,-2.3755263514613212e-07,5.500584934656532e-08,4.529661874703957e-07,-1.0818799051685271e-07
2835.0,-3.865071654257646e-07,9.213178327668435e-08,-2.3803632194507873e-07,5.438019138864981e-08,4.5392629301528735e-07,-1.0696901522078002e-07
2836.0,-3.8734160538733686e-07,9.106636683002758e-08,-2.3845930471888543e-07,5.374275688890796e-08,4.5485861459474814e-07,-1.057275855385181e-07
2837.0,-3.8822452509690297e-07,8.998220164113796e-08,-2.388974074118977e-07,5.3093758130704226e-08,4.558401618493505e-07,-1.0446412747385375e-07
2838.0,-3.892431776342242e-07,8.887967026528981e-08,-2.394570382258099e-07,5.243341631972808e-08,4.570010114766325e-07,-1.0317908272757464e-07
2839.0,-3.9029192300255033e-07,8.775916743114867e-08,-2.4007421192684397e-07,5.176196109572092e-08,4.582176474049465e-07,-1.0187290778929157e-07
2840.0,-3.9141296891143096e-07,8.662109926089002e-08,-2.4072195556334997e-07,5.107963003355071e-08,4.595118846366264e-07,-1.0054607301189605e-07
2841.0,-3.9280448907441645e-07,8.546588247978109e-08,-2.415115939319312e-07,5.0386668135805864e-08,4.6111085070789147e-07,-9.919906167259039e-08
2842.0,-3.944058166865938e-07,8.429394361862593e-08,-2.424490700009274e-07,4.968332731916303e-08,4.62965981234619e-07,-9.783236902456729e-08
2843.0,-3.961735079716089e-07,8.310571821259284e-08,-2.4354924361980057e-07,4.8969865896874776e-08,4.650480432023206e-07,-9.644650134356538e-08
2844.0,-3.9806266244335475e-07,8.190165000005655e-08,-2.447992695081558e-07,4.824654805981156e-08,4.6731206445288664e-07,-9.504197497366968e-08
2845.0,-4.000078625415737e-07,8.068219012517831e-08,-2.461176827200928e-07,4.75136433585696e-08,4.6965966810296453e-07,-9.361931537684421e-08
2846.0,-4.0209781132505285e-07,7.944779634799815e-08,-2.474944272717883e-07,4.6771426189207135e-08,4.721611392342537e-07,-9.217905619075376e-08
2847.0,-4.042512160573608e-07,7.819893226580989e-08,-2.4885790068929214e-07,4.60201752851843e-08,4.7470970120625996e-07,-9.072173829943574e-08
2848.0,-4.062117047870517e-07,7.693606654951817e-08,-2.50055936151794e-07,4.526017321804408e-08,4.77007253939343e-07,-8.924790892130239e-08
2849.0,-4.078358186998532e-07,7.565967219852998e-08,-2.510262084309822e-07,4.449170590927643e-08,4.788989583762054e-07,-8.775812071877877e-08
2850.0,-4.0912566857953525e-07,7.437022581750659e-08,-2.5179385954032796e-07,4.3715062155653366e-08,4.803997922489831e-07,-8.625293093360794e-08
2851.0,-4.102905682840108e-07,7.306820691800027e-08,-2.5246062793082835e-07,4.293053317011586e-08,4.817413404287041e-07,-8.473290055148976e-08
2852.0,-4.1142564570495477e-07,7.175409724764185e-08,-2.5307971493471193e-07,4.213841214004675e-08,4.830325082799024e-07,-8.319859349928526e-08
2853.0,-4.125888542066969e-07,7.042838014915157e-08,-2.53699151478437e-07,4.133899380449586e-08,4.843478317041111e-07,-8.165057587754296e-08
2854.0,-4.1383087277802044e-07,6.90915399510444e-08,-2.544212780175581e-07,4.053257405165065e-08,4.857840857544694e-07,-8.00894152306185e-08
2855.0,-4.150789646162334e-07,6.774406139150778e-08,-2.552016851037342e-07,3.971944953758203e-08,4.872560383891305e-07,-7.851567985618634e-08
2856.0,-4.161591312529245e-07,6.638642907655569e-08,-2.5589691154959127e-07,3.889991732704593e-08,4.885403277783812e-07,-7.692993815549286e-08
2857.0,-4.171739104580352e-07,6.501912697321022e-08,-2.565344982830009e-07,3.8074274556890475e-08,4.897387266452999e-07,-7.53327580252792e-08
2858.0,-4.1820841568951383e-07,6.364263793813383e-08,-2.571304390935891e-07,3.7242818122402865e-08,4.909321151259053e-07,-7.372470629190939e-08
2859.0,-4.1928843806660065e-07,6.225744328183451e-08,-2.576830774175809e-07,3.640584438673165e-08,4.921416083646298e-07,-7.210634818787959e-08
2860.0,-4.2029682319200123e-07,6.086402236830077e-08,-2.582126171352117e-07,3.5563648913340976e-08,4.93277989812138e-07,-7.047824687056386e-08
2861.0,-4.212749098869706e-07,5.9462852249698577e-08,-2.58763093105574e-07,3.4716526221298276e-08,4.943995227079402e-07,-6.884096298277987e-08
2862.0,-4.2228923911868943e-07,5.805440733558218e-08,-2.593438176851093e-07,3.3864769563072684e-08,4.955677726072679e-07,-6.719505425453872e-08
2863.0,-4.234508252237701e-07,5.663915909593915e-08,-2.5998761607470833e-07,3.3008670724430515e-08,4.968945178756774e-07,-6.554107514518372e-08
2864.0,-4.248410467450059e-07,5.5217575797306514e-08,-2.6076697369481483e-07,3.214851984595927e-08,4.984870405229654e-07,-6.387957652502339e-08
2865.0,-4.2650517427522683e-07,5.379012227116106e-08,-2.617684056044345e-07,3.128460526573231e-08,5.004291776627631e-07,-6.221110539552432e-08
2866.0,-4.284373195106994e-07,5.23572597137946e-08,-2.629975223572556e-07,3.041721338263728e-08,5.027188414169179e-07,-6.053620464714275e-08
2867.0,-4.304435549523644e-07,5.0919445516923846e-08,-2.6431731398046665e-07,2.9546628539924225e-08,5.051190913733887e-07,-5.8855412853922983e-08
2868.0,-4.324997620874793e-07,4.94771331283306e-08,-2.656941449075134e-07,2.8673132928570943e-08,5.075917876048242e-07,-5.7169264104052974e-08
2869.0,-4.3452318693182335e-07,4.803077194186422e-08,-2.6701944128015853e-07,2.7797006510095883e-08,5.100095901088099e-07,-5.5478287865614426e-08
2870.0,-4.3669201572893446e-07,4.658080721614181e-08,-2.683596390523624e-07,2.6918526958457735e-08,5.125590819346724e-07,-5.3783008886773194e-08
2871.0,-4.3889699842536434e-07,4.512768002124189e-08,-2.6967423408241764e-07,2.6037969620654172e-08,5.151259727044763e-07,-5.208394712960705e-08
2872.0,-4.4080351528641426e-07,4.367182721259435e-08,-2.708383477906251e-07,2.5155607495563906e-08,5.173597875007446e-07,-5.038161773665392e-08
2873.0,-4.4252637408648265e-07,4.221368143112082e-08,-2.7193773660671994e-07,2.4271711230465864e-08,5.19403238681581e-07,-4.867653102907856e-08
2874.0,-4.4419905873005483e-07,4.0753671128473616e-08,-2.729819281177548e-07,2.3386549134519494e-08,5.213750443352211e-07,-4.696919253510225e-08
2875.0,-4.459435136300316e-07,3.929222061596454e-08,-2.7399245136616734e-07,2.250038720830625e-08,5.233903712854677e-07,-4.5260103047024145e-08
2876.0,-4.474164886081322e-07,3.782975013547775e-08,-2.7480556445691473e-07,2.1613489188322506e-08,5.25071054748702e-07,-4.354975870480095e-08
2877.0,-4.486616776017138e-07,3.636667595033793e-08,-2.75503077865058e-07,2.07261166050869e-08,5.264971480088989e-07,-4.183865110375677e-08
2878.0,-4.4990412284562353e-07,3.4903410453768285e-08,-2.7628776851085224e-07,1.9838528853289104e-08,5.279665243007327e-07,-4.012726742358462e-08
2879.0,-4.5115038897758364e-07,3.344036229223324e-08,-2.7711764905014036e-07,1.895098327217261e-08,5.294628078436688e-07,-3.84160905753894e-08
2880.0,-4.523294953040491e-07,3.1977936500633863e-08,-2.778616030735259e-07,1.8063735234119973e-08,5.308568948262851e-07,-3.670559936312575e-08
2881.0,-4.533862248135012e-07,3.0516534646020863e-08,-2.784437852926258e-07,1.7177038239202933e-08,5.320620362502145e-07,-3.499626865541833e-08
2882.0,-4.543003494089648e-07,2.9056554976223025e-08,-2.788810035125877e-07,1.629114401327498e-08,5.330698093057752e-07,-3.328856956342784e-08
2883.0,-4.5481723738582946e-07,2.759839256956397e-08,-2.7906356893370177e-07,1.5406302607023742e-08,5.336058422930664e-07,-3.158296962015052e-08
2884.0,-4.5512720145413077e-07,2.6142439481667245e-08,-2.791350008773952e-07,1.4522762493273052e-08,5.339074060343163e-07,-2.9879932956324555e-08
2885.0,-4.5556624407583346e-07,2.4689084885242488e-08,-2.793098659165105e-07,1.3640770659741862e-08,5.343730943261093e-07,-2.81799204679826e-08
2886.0,-4.5638902196332154e-07,2.3238715198722266e-08,-2.797692028183585e-07,1.276057269444511e-08,5.353146235759462e-07,-2.648338997065777e-08
2887.0,-4.575360911113213e-07,2.1791714199698224e-08,-2.8047163999622704e-07,1.1882412860973064e-08,5.366596831434242e-07,-2.4790796335345427e-08
2888.0,-4.5862043188127366e-07,2.0348463119294522e-08,-2.811100026645086e-07,1.1006534161014562e-08,5.379177763720084e-07,-2.310259160155113e-08
2889.0,-4.598322425192203e-07,1.8909340713909203e-08,-2.8176402913637766e-07,1.0133178381690522e-08,5.392927399617211e-07,-2.141922506310992e-08
2890.0,-4.61122757297594e-07,1.7474723311130716e-08,-2.8249490199860894e-07,9.262586125521285e-09,5.407749688668471e-07,-1.9741143322917713e-08
2891.0,-4.6275983706101087e-07,1.6044984827077252e-08,-2.8353613500120556e-07,8.394996821152023e-09,5.427148483763414e-07,-1.8068790313248315e-08
2892.0,-4.6447065170374113e-07,1.4620496752894282e-08,-2.846905361175711e-07,7.530648713292708e-09,5.447767319269501e-07,-1.640260727891837e-08
2893.0,-4.664745404531212e-07,1.3201628108662788e-08,-2.859546234662558e-07,6.66977883068377e-09,5.471458156402905e-07,-1.4743032721189526e-08
2894.0,-4.687577401102372e-07,1.1788745363503338e-08,-2.8735980757421675e-07,5.812622931262267e-09,5.498267708309114e-07,-1.3090502300940663e-08
2895.0,-4.708397229741257e-07,1.0382212321184168e-08,-2.8864198332867463e-07,4.959415424060118e-09,5.522718889009853e-07,-1.1445448700275964e-08
2896.0,-4.725559225177145e-07,8.982389971035608e-09,-2.8976121831114643e-07,4.11038926769885e-09,5.543200010316497e-07,-9.808301442329212e-09
2897.0,-4.7443661443935525e-07,7.589636304416442e-09,-2.9097885419215874e-07,3.2657758456422733e-09,5.565597853848758e-07,-8.179486669558375e-09
2898.0,-4.763396695001143e-07,6.204306097361155e-09,-2.9215084422495874e-07,2.425804818624063e-09,5.587947713792911e-07,-6.559426881284468e-09
2899.0,-4.782223194388369e-07,4.8267506603598895e-09,-2.9326365783011177e-07,1.5907039548806716e-09,5.60981425551112e-07,-4.948540631615845e-09
2900.0,-4.800145933653299e-07,3.4573175564912174e-09,-2.943654602988177e-07,7.606989389952505e-10,5.630852813389974e-07,-3.347242189219234e-09
2901.0,-4.815593094009696e-07,2.0963502893445888e-09,-2.9536508093508385e-07,-6.398683970334148e-11,5.649246848089817e-07,-1.7559411606557832e-09
2902.0,-4.831537440130873e-07,7.441879623350557e-10,-2.9642220478187653e-07,-8.831325181374731e-10,5.668365406725405e-07,-1.7504207919679978e-10
2903.0,-4.847443617617131e-07,-5.988350888676144e-10,-2.97416160408015e-07,-1.6965200087513602e-09,5.687121141066161e-07,1.3950560388261886e-09
2904.0,-4.85851505874213e-07,-1.9323896889960367e-09,-2.9799638373573245e-07,-2.503934265888201e-09,5.699592358053463e-07,2.9539601679929858e-09
2905.0,-4.867633744826128e-07,-3.2561522390832765e-09,-2.9840382288759404e-07,-3.3051635680855667e-09,5.709495811817633e-07,4.5012837758938025e-09
2906.0,-4.874971981233545e-07,-4.569805153732987e-09,-2.9875986626293205e-07,-4.0999998150969e-09,5.717612927328731e-07,6.036647351139526e-09
2907.0,-4.879955868841712e-07,-5.873037317875647e-09,-2.9901381455588183e-07,-4.888238838447137e-09,5.723189269224686e-07,7.559678955052345e-09
2908.0,-4.884959327045024e-07,-7.16554456109443e-09,-2.992678301144691e-07,-5.66968072431769e-09,5.728782684046101e-07,9.07001479477337e-09
2909.0,-4.890411630653624e-07,-8.447030147536926e-09,-2.9953626135004185e-07,-6.444130147513613e-09,5.734834182745678e-07,1.0567299815444254e-08
2910.0,-4.901072162138975e-07,-9.71720527930821e-09,-3.001481289066632e-07,-7.211396715181825e-09,5.747120867626737e-07,1.2051188308973148e-08
2911.0,-4.916399580640052e-07,-1.0975789611053738e-08,-3.011040936029552e-07,-7.97129531881936e-09,5.765184503115525e-07,1.3521344536667657e-08
2912.0,-4.933110896720994e-07,-1.2222511773190272e-08,-3.021695815369485e-07,-8.723646492936894e-09,5.785000321518476e-07,1.4977443362714074e-08
2913.0,-4.944727089867262e-07,-1.3457109900947988e-08,-3.028704122359782e-07,-9.468276778538195e-09,5.798566603400043e-07,1.6419170895122638e-08
2914.0,-4.955708935577841e-07,-1.467933216607306e-08,-3.034947860663939e-07,-1.0205019089359627e-08,5.811192611772103e-07,1.78462251303787e-08
2915.0,-4.970414229921172e-07,-1.5888937307734436e-08,-3.043156500820432e-07,-1.0933713078603008e-08,5.828020170305567e-07,1.925831659766875e-08
2916.0,-4.988248858694977e-07,-1.7085695158892386e-08,-3.053069492359173e-07,-1.1654205503697839e-08,5.848406620734064e-07,2.0655168998203032e-08
2917.0,-5.008565755332262e-07,-1.8269387164121783e-08,-3.065500309845648e-07,-1.2366350586445364e-08,5.872224712589837e-07,2.2036519834835186e-08
2918.0,-5.028065825085637e-07,-1.9439806884645186e-08,-3.0782184445854455e-07,-1.3070010365727307e-08,5.895496139764672e-07,2.34021210268876e-08
2919.0,-5.046521026202955e-07,-2.059676048613507e-08,-3.0908476382485173e-07,-1.376505503981552e-08,5.917830142102337e-07,2.4751739504848195e-08
2920.0,-5.066735645764542e-07,-2.1740067204713774e-08,-3.1048004793532424e-07,-1.4451363295209747e-08,5.942356108535835e-07,2.6085157779435316e-08
2921.0,-5.090180413003242e-07,-2.286955978653004e-08,-3.120267298428736e-07,-1.5128822618874868e-08,5.970427509866075e-07,2.740217447945646e-08
2922.0,-5.115070464273286e-07,-2.398508489633552e-08,-3.136178453322369e-07,-1.5797329590758422e-08,5.999963428685579e-07,2.8702604852928735e-08
2923.0,-5.135999685268455e-07,-2.5086503490628908e-08,-3.1492188286297296e-07,-1.6456790153553394e-08,6.024622145634835e-07,2.998628122609682e-08
2924.0,-5.149604515863881e-07,-2.6173691151193817e-08,-3.157556086319513e-07,-1.7107119856839405e-08,6.040578375293138e-07,3.1253053415291693e-08
2925.0,-5.156957779001159e-07,-2.724653837523591e-08,-3.1613224932280914e-07,-1.7748244072990533e-08,6.048815870944531e-07,3.250278908703061e-08
2926.0,-5.162166477334917e-07,-2.830495081882017e-08,-3.163106872261512e-07,-1.8380098182574155e-08,6.054189278926485e-07,3.3735374062356604e-08
2927.0,-5.170379460545105e-07,-2.9348849490892897e-08,-3.167275194476682e-07,-1.9002627727359945e-08,6.063370013744337e-07,3.495071256211972e-08
2928.0,-5.181687623978526e-07,-3.037817089580048e-08,-3.1739251392381984e-07,-1.961578852948127e-08,6.076486437241545e-07,3.61487273906587e-08
2929.0,-5.187814677426461e-07,-3.1392867122850975e-08,-3.177649468555366e-07,-2.0219546775713742e-08,6.083656570873442e-07,3.732936005610252e-08
2930.0,-5.188532761629672e-07,-3.2392905882081063e-08,-3.1778229486745246e-07,-2.0813879066243096e-08,6.084359531752449e-07,3.8492570826250016e-08
2931.0,-5.188432188052428e-07,-3.337827048598497e-08,-3.1775098280339975e-07,-2.139877242768244e-08,6.084110228888949e-07,3.9638338719695344e-08
2932.0,-5.189517519738063e-07,-3.434895977752558e-08,-3.177581863050838e-07,-2.1974224290465525e-08,6.085073424705566e-07,4.0766661432538173e-08
2933.0,-5.189670949506953e-07,-3.530498800526176e-08,-3.176872487020699e-07,-2.2540242431078304e-08,6.084833881294171e-07,4.187755520163226e-08
2934.0,-5.190260037313266e-07,-3.624638464686974e-08,-3.1761915711414623e-07,-2.3096844879881886e-08,6.084980866980698e-07,4.29710546058551e-08
2935.0,-5.195786454414986e-07,-3.717319418268852e-08,-3.178742381815258e-07,-2.3644059795514387e-08,6.091026186927026e-07,4.404721230730526e-08
2936.0,-5.201921591535541e-07,-3.808547582117907e-08,-3.1820754162192877e-07,-2.41819253070317e-08,6.097999032386838e-07,4.510609873464473e-08
2937.0,-5.207227716103047e-07,-3.8983303178355585e-08,-3.185036665659391e-07,-2.471048932505973e-08,6.104070694949923e-07,4.614780171100637e-08
2938.0,-5.211084117273668e-07,-3.9866763913339675e-08,-3.1868796120104737e-07,-2.5229809323290622e-08,6.108322137768268e-07,4.717242602899708e-08
2939.0,-5.215617106119064e-07,-4.073595932222019e-08,-3.1886567319894255e-07,-2.5739952091672783e-08,6.113116517137824e-07,4.8180092975363284e-08
2940.0,-5.22678261838383e-07,-4.159100389238462e-08,-3.19502971454777e-07,-2.6240993462628605e-08,6.125966978092726e-07,4.917093980786256e-08
2941.0,-5.240795644539942e-07,-4.243202481942862e-08,-3.20415551230413e-07,-2.67330180115889e-08,6.142682763651218e-07,5.0145119186811235e-08
2942.0,-5.255090001904383e-07,-4.3259161488657184e-08,-3.21411685752504e-07,-2.7216118733063822e-08,6.160074520810771e-07,5.110279856366286e-08
2943.0,-5.269867941332107e-07,-4.407256492308309e-08,-3.2243636850781687e-07,-2.7690396693390497e-08,6.178027945285677e-07,5.204415952883763e-08
2944.0,-5.284180683018391e-07,-4.4872397199731895e-08,-3.2335532353100493e-07,-2.8155960661226478e-08,6.195032850305864e-07,5.296939712090489e-08
2945.0,-5.29847428321073e-07,-4.565883083600674e-08,-3.2422797460740505e-07,-2.8612926716817744e-08,6.211779751540412e-07,5.3878719099151244e-08
2946.0,-5.311053814099909e-07,-4.6432048147866665e-08,-3.249945187133729e-07,-2.9061417841074132e-08,6.226510767326985e-07,5.4772345181569304e-08
2947.0,-5.320877156655968e-07,-4.71922405816363e-08,-3.25571494139143e-07,-2.950156348553917e-08,6.237901369517051e-07,5.56505062503853e-08
2948.0,-5.328415038641232e-07,-4.793960802139363e-08,-3.259798408150605e-07,-2.99334991244427e-08,6.246462397693535e-07,5.65134435274067e-08
2949.0,-5.335276452578253e-07,-4.867435807406805e-08,-3.263448664497792e-07,-3.035736579016628e-08,6.254220336000996e-07,5.7361407721702777e-08
2950.0,-5.341943448561315e-07,-4.939670533461008e-08,-3.2673943171912523e-07,-3.077330959362172e-08,6.261966578610975e-07,5.819465815241542e-08
2951.0,-5.346990064880597e-07,-5.010687063384948e-08,-3.27042013706369e-07,-3.1181481231229834e-08,6.26785055875166e-07,5.901346184981339e-08
2952.0,-5.352039108286188e-07,-5.0805080271924135e-08,-3.2732853355588176e-07,-3.1582035480378966e-08,6.273652803957932e-07,5.981809263802936e-08
2953.0,-5.353773695898623e-07,-5.149156524042473e-08,-3.273805173897859e-07,-3.1975130685432404e-08,6.275403819957436e-07,6.060883020324257e-08
2954.0,-5.351527750940832e-07,-5.216656043665035e-08,-3.2710652908551907e-07,-3.2360928236535464e-08,6.272058466414945e-07,6.138595915137804e-08
2955.0,-5.347232299585114e-07,-5.283030387359643e-08,-3.2670982005877924e-07,-3.273959204363981e-08,6.266324594051149e-07,6.214976805967321e-08
2956.0,-5.344750821090205e-07,-5.3483035889482504e-08,-3.2646390182855534e-07,-3.3111288008302766e-08,6.262924976339481e-07,6.29005485266946e-08
2957.0,-5.348351466150092e-07,-5.412499836075194e-08,-3.266139269875179e-07,-3.3476183495917704e-08,6.266779805904354e-07,6.363859422554508e-08
2958.0,-5.354978054178394e-07,-5.4756433922520014e-08,-3.269951100726143e-07,-3.3834446811072653e-08,6.274421898619213e-07,6.43641999650612e-08
2959.0,-5.360144865879102e-07,-5.537758520040508e-08,-3.2729351773230775e-07,-3.4186246678715184e-08,6.280386744315109e-07,6.507766076375467e-08
2960.0,-5.362965220107041e-07,-5.598869405756237e-08,-3.274205707809452e-07,-3.4531751733730245e-08,6.283455973358114e-07,6.577927094111621e-08
2961.0,-5.364590613538001e-07,-5.659000086057628e-08,-3.2746930332672175e-07,-3.487113002143177e-08,6.285097207918814e-07,6.646932323070588e-08
2962.0,-5.36671094494845e-07,-5.71817437676731e-08,-3.2756234762121306e-07,-3.5204548511342525e-08,6.287391790284865e-07,6.714810791922181e-08
2963.0,-5.370845048563444e-07,-5.7764158042497785e-08,-3.277789506622719e-07,-3.5532172626493466e-08,6.292048997377919e-07,6.781591201547879e-08
2964.0,-5.376311520977062e-07,-5.833747539645137e-08,-3.280892155732573e-07,-3.5854165790312155e-08,6.298331438415909e-07,6.847301845293261e-08
2965.0,-5.384846919198605e-07,-5.8901923362306914e-08,-3.2860944901291766e-07,-3.617068899298685e-08,6.308327301373957e-07,6.91197053290535e-08
2966.0,-5.394230136734901e-07,-5.945772470151551e-08,-3.29164451515207e-07,-3.648190037899216e-08,6.319227989413717e-07,6.97562451844852e-08
2967.0,-5.401488206019378e-07,-6.000509684729429e-08,-3.2956769582814793e-07,-3.678795485725244e-08,6.327524117149922e-07,7.038290432454463e-08
2968.0,-5.408661643835355e-07,-6.054425138527243e-08,-3.299725799682518e-07,-3.708900373521218e-08,6.335756555501971e-07,7.099994218523928e-08
2969.0,-5.41483857877112e-07,-6.107539357317504e-08,-3.3034033022905085e-07,-3.7385194377888214e-08,6.342944916340665e-07,7.160761074562589e-08
2970.0,-5.420765630398394e-07,-6.159872190075683e-08,-3.306959000665133e-07,-3.7676669892802383e-08,6.349856522141948e-07,7.220615398801278e-08
2971.0,-5.426522835944025e-07,-6.211442769095766e-08,-3.31037357054198e-07,-3.79635688415337e-08,6.35654963526321e-07,7.279580740722083e-08
2972.0,-5.43165302208104e-07,-6.262269474303588e-08,-3.313089450701634e-07,-3.824602497848534e-08,6.362343613844866e-07,7.337679756985842e-08
2973.0,-5.434805189358238e-07,-6.312369901823918e-08,-3.3145175312720987e-07,-3.8524167017330623e-08,6.365778342935396e-07,7.394934172433025e-08
2974.0,-5.436344971132545e-07,-6.361760836839189e-08,-3.314976050744489e-07,-3.8798118425481364e-08,6.367331690917919e-07,7.451364746208185e-08
2975.0,-5.43688203416548e-07,-6.410458230760598e-08,-3.31500331351986e-07,-3.906799724680821e-08,6.367804427122351e-07,7.50699124303769e-08
2976.0,-5.436922090734653e-07,-6.458477182715504e-08,-3.314640133478264e-07,-3.933391595272939e-08,6.367649569125429e-07,7.561832409670123e-08
2977.0,-5.43671600142237e-07,-6.505831925337137e-08,-3.3137128495341894e-07,-3.959598132166429e-08,6.366990947793946e-07,7.615905956467221e-08
2978.0,-5.438324420514729e-07,-6.5525358148228e-08,-3.3138843770486037e-07,-3.9854294346714397e-08,6.368453671592004e-07,7.669228544109329e-08
2979.0,-5.442667219135444e-07,-6.598601325203901e-08,-3.316089222521468e-07,-4.0108950171280196e-08,6.373309516254062e-07,7.721815775351815e-08
2980.0,-5.447504023980976e-07,-6.644040046745198e-08,-3.3188708678522083e-07,-4.036003805214753e-08,6.378887358212794e-07,7.773682191737644e-08
2981.0,-5.451858429983414e-07,-6.68886268836212e-08,-3.321483045687357e-07,-4.060764134938245e-08,6.383965065957815e-07,7.824841275136744e-08
2982.0,-5.455943214716097e-07,-6.733079083914948e-08,-3.3238278077107886e-07,-4.08518375421675e-08,6.388673387920072e-07,7.875305453946524e-08
2983.0,-5.460233484105848e-07,-6.776698202208677e-08,-3.325954530952746e-07,-4.109269826950433e-08,6.393443770216156e-07,7.925086113751357e-08
2984.0,-5.464634153934389e-07,-6.819728160498227e-08,-3.3282969381931427e-07,-4.133028939450563e-08,6.39842066022015e-07,7.974193612203537e-08
2985.0,-5.470049716238545e-07,-6.862176241270994e-08,-3.3318305790730474e-07,-4.156467109080602e-08,6.404883988470644e-07,8.02263729785444e-08
2986.0,-5.477813200260861e-07,-6.904048912052681e-08,-3.3372761308603227e-07,-4.179589794943978e-08,6.414347155444753e-07,8.070425532632994e-08
2987.0,-5.487607260823424e-07,-6.945351847958281e-08,-3.343848622300305e-07,-4.2024019104364705e-08,6.426130799937207e-07,8.11756571763916e-08
2988.0,-5.497783379243559e-07,-6.98608995668874e-08,-3.3502720558908905e-07,-4.2249078374661316e-08,6.438163164565659e-07,8.164064321894151e-08
2989.0,-5.507232103407755e-07,-7.02626740565649e-08,-3.355892189138565e-07,-4.2471114421316385e-08,6.449156365442401e-07,8.209926913668012e-08
2990.0,-5.515260947802636e-07,-7.065887650911161e-08,-3.3606812309405765e-07,-4.2690160916419774e-08,6.458504599236041e-07,8.255158193990898e-08
2991.0,-5.52147252225188e-07,-7.104953467531754e-08,-3.3646135559617374e-07,-4.290624672257157e-08,6.465855178933722e-07,8.299762031948418e-08
2992.0,-5.526188901067153e-07,-7.143466981153865e-08,-3.3677412669685935e-07,-4.311939608031601e-08,6.471510257391316e-07,8.343741501364385e-08
2993.0,-5.530686262994466e-07,-7.181429700309911e-08,-3.3705985659493454e-07,-4.3329628801484146e-08,6.476837595034747e-07,8.387098918485759e-08
2994.0,-5.535048289151412e-07,-7.218842549275708e-08,-3.373141904128296e-07,-4.353696046643431e-08,6.481885980841088e-07,8.429835880303207e-08
2995.0,-5.537416618156543e-07,-7.255705901136915e-08,-3.3740645700996996e-07,-4.374140262331815e-08,6.48438852369584e-07,8.471953303165248e-08
2996.0,-5.536568083580606e-07,-7.292019610812674e-08,-3.372853882993576e-07,-4.3942962987665165e-08,6.483033970306516e-07,8.51345146137278e-08
2997.0,-5.533106972460677e-07,-7.327783047800053e-08,-3.37017268828288e-07,-4.41416456407619e-08,6.478683254916914e-07,8.554330025472841e-08
2998.0,-5.529225963196716e-07,-7.362995128430641e-08,-3.367321884939489e-07,-4.4337451225493693e-08,6.473885728747541e-07,8.594588100004046e-08
2999.0,-5.527900299173716e-07,-7.397654347457857e-08,-3.365945893812894e-07,-4.4530377138505226e-08,6.472037814914306e-07,8.63422426047927e-08
3000.0,-5.528087410888727e-07,-7.431758808818423e-08,-3.365490726936482e-07,-4.4720417717706173e-08,6.471960928151674e-07,8.673236589421166e-08
3001.0,-5.527417685363689e-07,-7.465306255432486e-08,-3.364492981300371e-07,-4.490756442429191e-08,6.470870056622273e-07,8.711622711291566e-08
3002.0,-5.525076460927147e-07,-7.498294097923561e-08,-3.36247265877998e-07,-4.509180601856259e-08,6.467819747034866e-07,8.749379826176019e-08
3003.0,-5.522345147002117e-07,-7.530719442152396e-08,-3.360542263214361e-07,-4.527312872891041e-08,6.464482982069621e-07,8.786504742100159e-08
3004.0,-5.52095337905123e-07,-7.562579115468435e-08,-3.3596388418488665e-07,-4.545151641340719e-08,6.462824410528015e-07,8.822993905866115e-08
3005.0,-5.52079779100878e-07,-7.593869691588823e-08,-3.3590626412338676e-07,-4.562695071346288e-08,6.462391977970732e-07,8.858843432304467e-08
3006.0,-5.521139275488363e-07,-7.624587514017698e-08,-3.358276650794467e-07,-4.5799411199040336e-08,6.462275215635084e-07,8.894049131840407e-08
3007.0,-5.522568990168342e-07,-7.654728717917729e-08,-3.358361648914121e-07,-4.5968875504901546e-08,6.463540919346465e-07,8.928606536271644e-08
3008.0,-5.526317318621521e-07,-7.684289250342126e-08,-3.360747665714925e-07,-4.613531945733124e-08,6.467983300744095e-07,8.962510922650762e-08
3009.0,-5.533331237372874e-07,-7.713264888729672e-08,-3.365997784388064e-07,-4.629871719073775e-08,6.476704074372378e-07,8.995757335157586e-08
3010.0,-5.542413211712116e-07,-7.74165125755885e-08,-3.372636071807822e-07,-4.645904125347785e-08,6.487913245583691e-07,9.028340604838803e-08
3011.0,-5.551489252464403e-07,-7.769443843051745e-08,-3.378462386655068e-07,-4.661626270220292e-08,6.498695332008636e-07,9.060255367084868e-08
3012.0,-5.558580801617863e-07,-7.796638005816086e-08,-3.3824853296060553e-07,-4.677035118399606e-08,6.50684466797194e-07,9.091496076710848e-08
3013.0,-5.563993608209694e-07,-7.823228991316582e-08,-3.3857458006658625e-07,-4.69212750055795e-08,6.513163555364233e-07,9.122057020510748e-08
3014.0,-5.567961569308277e-07,-7.849211938076268e-08,-3.388763544914797e-07,-4.706900118892967e-08,6.518121999520828e-07,9.151932327165996e-08
3015.0,-5.572098332046194e-07,-7.874581883524906e-08,-3.3920751935090365e-07,-4.7213495512742206e-08,6.523377494857349e-07,9.181115974408248e-08
3016.0,-5.577694825453783e-07,-7.899333767434155e-08,-3.3960218989714797e-07,-4.735472253933613e-08,6.530210127108297e-07,9.209601793363593e-08
3017.0,-5.58292081356826e-07,-7.92346243290689e-08,-3.399111265511845e-07,-4.749264562676859e-08,6.536280456490772e-07,9.237383470038399e-08
3018.0,-5.583586727420098e-07,-7.946962624919997e-08,-3.3987107431188157e-07,-4.762722692614378e-08,6.536640991978459e-07,9.264454543945371e-08
3019.0,-5.578177259130124e-07,-7.969828986455803e-08,-3.3943013118264975e-07,-4.7758427364342074e-08,6.529727630594061e-07,9.290808403911528e-08
3020.0,-5.569102368846446e-07,-7.992056052296252e-08,-3.387831396806096e-07,-4.788620661265953e-08,6.518612027715428e-07,9.316438281156925e-08
3021.0,-5.560725221814833e-07,-8.013638240594466e-08,-3.3820689292196615e-07,-4.8010523042121905e-08,6.508460281396872e-07,9.341337239781703e-08
3022.0,-5.55575807678621e-07,-8.034569842377328e-08,-3.378695646455432e-07,-4.8131333666497086e-08,6.502463539240501e-07,9.365498164845954e-08
3023.0,-5.553708577188399e-07,-8.054845009166725e-08,-3.37743825962189e-07,-4.824859407425125e-08,6.500059088800172e-07,9.388913748267369e-08
3024.0,-5.551248186130842e-07,-8.074457738933806e-08,-3.375930713311881e-07,-4.836225835086496e-08,6.49717358588359e-07,9.411576472793393e-08
3025.0,-5.546078786361486e-07,-8.0934018606196e-08,-3.3728098675078755e-07,-4.847227899304167e-08,6.49113520941348e-07,9.433478594326922e-08
3026.0,-5.538603994048596e-07,-8.111671017467753e-08,-3.368289295396787e-07,-4.8578606816415156e-08,6.482399785602215e-07,9.454612122898852e-08
3027.0,-5.530546748899745e-07,-8.12925864942188e-08,-3.363000389139392e-07,-4.868119085839958e-08,6.472767488417705e-07,9.474968802588734e-08
3028.0,-5.523988020755821e-07,-8.146157974841575e-08,-3.357718183216729e-07,-4.8779978277830986e-08,6.46441915808049e-07,9.494540090696156e-08
3029.0,-5.519946568027789e-07,-8.162361971786186e-08,-3.353564653613139e-07,-4.887491425301486e-08,6.458808404020449e-07,9.513317136459611e-08
3030.0,-5.518791135333823e-07,-8.177863359103422e-08,-3.351918276134347e-07,-4.896594187971319e-08,6.45696613939725e-07,9.531290759605032e-08
3031.0,-5.520298980710159e-07,-8.192654577540327e-08,-3.353273782535915e-07,-4.905300207047276e-08,6.458958576819667e-07,9.54845142898271e-08
3032.0,-5.52460336381011e-07,-8.206727771068383e-08,-3.357298049566637e-07,-4.913603345651714e-08,6.464726793998795e-07,9.564789241519909e-08
3033.0,-5.531215525322875e-07,-8.22007476858454e-08,-3.362594798023144e-07,-4.921497229321118e-08,6.47312822082686e-07,9.58029390167982e-08
3034.0,-5.538517025699408e-07,-8.232687066118617e-08,-3.3674696604812926e-07,-4.9289752369879515e-08,6.481899625744309e-07,9.594954701578931e-08
3035.0,-5.54401514321623e-07,-8.24455580964762e-08,-3.3707114473202626e-07,-4.936030492454475e-08,6.48828171161724e-07,9.608760501878063e-08
3036.0,-5.546985888671419e-07,-8.255671778591638e-08,-3.372699875214824e-07,-4.9426558563966065e-08,6.491853117361323e-07,9.621699713530644e-08
3037.0,-5.549302198454287e-07,-8.26602537004584e-08,-3.374849892046061e-07,-4.948843918921784e-08,6.494949321096578e-07,9.63376028044725e-08
3038.0,-5.552283945803316e-07,-8.275606583789332e-08,-3.3776084026881925e-07,-4.954586992695223e-08,6.498930337889083e-07,9.644929663118699e-08
3039.0,-5.557371420134016e-07,-8.284405008103676e-08,-3.381250843620398e-07,-4.959877106643383e-08,6.505169818598591e-07,9.655194823230276e-08
3040.0,-5.561530213166188e-07,-8.292409806430974e-08,-3.383627592973282e-07,-4.9647060002414395e-08,6.509958064372651e-07,9.66454220929619e-08
3041.0,-5.56179095112519e-07,-8.299609704902962e-08,-3.383176379323505e-07,-4.9690651183928323e-08,6.509946312960695e-07,9.6729577433453e-08
3042.0,-5.557350230139813e-07,-8.30599298077869e-08,-3.3800187394794623e-07,-4.97294560691358e-08,6.504511377472359e-07,9.680426808696772e-08
3043.0,-5.550560467776355e-07,-8.311547451838771e-08,-3.3758479320300516e-07,-4.9763383086417186e-08,6.496542985822017e-07,9.686934238877281e-08
3044.0,-5.545462552630775e-07,-8.316260466797838e-08,-3.37300194039325e-07,-4.979233760201849e-08,6.490708513908698e-07,9.692464307747962e-08
3045.0,-5.544609606999984e-07,-8.32011889681137e-08,-3.3726862554150916e-07,-4.9816221894647986e-08,6.489815734788037e-07,9.697000720926961e-08
3046.0,-5.546674676643049e-07,-8.323109128166056e-08,-3.373967828596003e-07,-4.9834935137512303e-08,6.492246057945901e-07,9.700526608609157e-08
3047.0,-5.547265201771845e-07,-8.325217056253113e-08,-3.374372502390477e-07,-4.984837338835162e-08,6.492960881114085e-07,9.703024519897053e-08
3048.0,-5.542697162491672e-07,-8.326428080932143e-08,-3.3717990123582897e-07,-4.985642958809179e-08,6.487720741125775e-07,9.704476418766876e-08
3049.0,-5.533270999169559e-07,-8.326727103400626e-08,-3.3661192443135146e-07,-4.985899356878765e-08,6.476715735400828e-07,9.704863681803235e-08
3050.0,-5.522010795427912e-07,-8.326098524692012e-08,-3.3586021601361704e-07,-4.985595207159035e-08,6.463188972550141e-07,9.704167097845467e-08
3051.0,-5.511930333407244e-07,-8.324526245932545e-08,-3.3510299113359565e-07,-4.984718877552775e-08,6.450641632194674e-07,9.702366869697902e-08
3052.0,-5.503244546178898e-07,-8.321993670491022e-08,-3.344196134458244e-07,-4.983258433792285e-08,6.43966989222066e-07,9.699442618061503e-08
3053.0,-5.496007590422014e-07,-8.318483708153709e-08,-3.3391214888933707e-07,-4.981201644727162e-08,6.430850002259878e-07,9.695373387842605e-08
3054.0,-5.490784817374639e-07,-8.313978781447142e-08,-3.3364073129260596e-07,-4.9785359889345384e-08,6.42497717260212e-07,9.690137656983307e-08
3055.0,-5.488949509219188e-07,-8.308460834214251e-08,-3.336282029808846e-07,-4.9752486627168966e-08,6.423343716257366e-07,9.683713347937504e-08
3056.0,-5.490399099944421e-07,-8.301911342525373e-08,-3.3377892472152837e-07,-4.971326589536302e-08,6.425365307552286e-07,9.676077841887586e-08
3057.0,-5.493667901007582e-07,-8.294311327977214e-08,-3.3397803815560234e-07,-4.9667564309142546e-08,6.429192795646087e-07,9.667207995762352e-08
3058.0,-5.496097790630428e-07,-8.285641373402115e-08,-3.341127257083798e-07,-4.961524598805443e-08,6.431968771084089e-07,9.657080162079523e-08
3059.0,-5.495964432028488e-07,-8.275881640979933e-08,-3.3413117454805796e-07,-4.9556172694335716e-08,6.431950654242359e-07,9.645670211600182e-08
3060.0,-5.493973158771093e-07,-8.265011892717881e-08,-3.340828363534998e-07,-4.9490203985596013e-08,6.429998073397623e-07,9.632953558750095e-08
3061.0,-5.492544974811109e-07,-8.253011513241152e-08,-3.3407312415023593e-07,-4.941719738137962e-08,6.428727364593451e-07,9.618905189736013e-08
3062.0,-5.49277558339889e-07,-8.239859534819138e-08,-3.3410961434998665e-07,-4.933700854304519e-08,6.429114017474935e-07,9.60349969326351e-08
3063.0,-5.494323768867604e-07,-8.22553466453799e-08,-3.341660364392096e-07,-4.9249491466309486e-08,6.430729948310116e-07,9.58671129374616e-08
3064.0,-5.495500044333523e-07,-8.21001531351923e-08,-3.341996302613781e-07,-4.915449868573576e-08,6.431909516151012e-07,9.568513886883023e-08
3065.0,-5.495005706290801e-07,-8.193279628076578e-08,-3.3419112370480786e-07,-4.9051881490404296e-08,6.431442950728606e-07,9.54888107747263e-08
3066.0,-5.492573709603432e-07,-8.175305522699408e-08,-3.341246593707714e-07,-4.8941490149987054e-08,6.429019735184378e-07,9.527786219327846e-08
3067.0,-5.48932437616223e-07,-8.156070714752091e-08,-3.3401161578239247e-07,-4.882317415046071e-08,6.425656235318328e-07,9.50520245715714e-08
3068.0,-5.485302767838096e-07,-8.135552760783742e-08,-3.337999729402519e-07,-4.869678243873119e-08,6.421120513457411e-07,9.481102770284412e-08
3069.0,-5.479165059302238e-07,-8.113729094351613e-08,-3.333987967785168e-07,-4.856216367550687e-08,6.413791820476774e-07,9.455460018090312e-08
3070.0,-5.470418473763061e-07,-8.090577065272638e-08,-3.328148192177638e-07,-4.841916649584064e-08,6.403284209464973e-07,9.428246987071912e-08
3071.0,-5.459687154180104e-07,-8.066073980229954e-08,-3.321189911004163e-07,-4.826763977685577e-08,6.390499686759642e-07,9.399436439433019e-08
3072.0,-5.447837023858648e-07,-8.04019714467324e-08,-3.3134650903599017e-07,-4.810743291226609e-08,6.376360964026331e-07,9.369001163132688e-08
3073.0,-5.43673610145512e-07,-8.012923905961726e-08,-3.3057769337208054e-07,-4.793839609338367e-08,6.36288146773032e-07,9.336914023332318e-08
3074.0,-5.426961651455731e-07,-7.984231697704908e-08,-3.2985768937121573e-07,-4.776038059636366e-08,6.350789107670232e-07,9.303148015189969e-08
3075.0,-5.417366466531348e-07,-7.954098085256989e-08,-3.2917674461230284e-07,-4.757323907545495e-08,6.33905295387676e-07,9.26767631795233e-08
3076.0,-5.407886439351417e-07,-7.922500812316116e-08,-3.285835043498331e-07,-4.737682586200182e-08,6.327870706169859e-07,9.230472350289331e-08
3077.0,-5.400517364140267e-07,-7.889417848568769e-08,-3.2820397463662054e-07,-4.717099726887424e-08,6.319602257825099e-07,9.191509826803743e-08
3078.0,-5.395956474280039e-07,-7.854827438303847e-08,-3.280205860267671e-07,-4.6955611899897986e-08,6.314752311695135e-07,9.15076281562908e-08
3079.0,-5.393856412211351e-07,-7.818708149901134e-08,-3.2793964548083476e-07,-4.673053096371789e-08,6.312537374413165e-07,9.10820579700493e-08
3080.0,-5.392900254141964e-07,-7.781038926076107e-08,-3.2786486685310035e-07,-4.649561859137153e-08,6.31133189135103e-07,9.063813722691409e-08
3081.0,-5.390473101218873e-07,-7.741799134739579e-08,-3.27681963910309e-07,-4.6250742156692816e-08,6.308307792282803e-07,9.017562076056107e-08
3082.0,-5.386232553306058e-07,-7.70096862030848e-08,-3.27424460905279e-07,-4.5995772598519586e-08,6.303346641126851e-07,8.969426932640411e-08
3083.0,-5.382783343638176e-07,-7.658527755285079e-08,-3.2726789488124464e-07,-4.5730584743558106e-08,6.299586020251546e-07,8.919385020989578e-08
3084.0,-5.382357051580966e-07,-7.614457491907213e-08,-3.273120429414522e-07,-4.545505762866287e-08,6.29945114880289e-07,8.867413783513413e-08
3085.0,-5.384845339212463e-07,-7.56873941366179e-08,-3.2749846751167766e-07,-4.5169074821224524e-08,6.302545830812175e-07,8.813491437132185e-08
3086.0,-5.386008748442528e-07,-7.52135578644815e-08,-3.2756526521793283e-07,-4.48725247363227e-08,6.303886938709237e-07,8.757597033455717e-08
3087.0,-5.382135566528445e-07,-7.472289609177713e-08,-3.2732149816971923e-07,-4.456530094930208e-08,6.299311039542136e-07,8.699710518243515e-08
3088.0,-5.374768468069391e-07,-7.421524663602955e-08,-3.2689943893493556e-07,-4.424730250247778e-08,6.29082350753465e-07,8.63981278990196e-08
3089.0,-5.366830213432427e-07,-7.36904556318298e-08,-3.264776672201597e-07,-4.3918434204773096e-08,6.281849509432941e-07,8.577885756791725e-08
3090.0,-5.360552391281415e-07,-7.314837800813854e-08,-3.2614851018519797e-07,-4.3578606923234244e-08,6.274775454888828e-07,8.513912393143845e-08
3091.0,-5.355012546864879e-07,-7.258887795277553e-08,-3.258142156764565e-07,-4.322773786553933e-08,6.26830516892459e-07,8.447876793413778e-08
3092.0,-5.346167240710686e-07,-7.201182936291923e-08,-3.252320664726138e-07,-4.286575085281189e-08,6.257722738493036e-07,8.379764224937169e-08
3093.0,-5.332937505903024e-07,-7.14171162807402e-08,-3.2435960041488077e-07,-4.2492576582256357e-08,6.241885731090987e-07,8.30956117878747e-08
3094.0,-5.317137689309082e-07,-7.080463331360489e-08,-3.233285907761063e-07,-4.21081528793499e-08,6.223029083042872e-07,8.237255418773489e-08
3095.0,-5.300051067053113e-07,-7.0174286038601e-08,-3.222097878785579e-07,-4.171242493954445e-08,6.202616871437843e-07,8.162836028553337e-08
3096.0,-5.284033315899883e-07,-6.952599139143473e-08,-3.211383465401285e-07,-4.1305345559640597e-08,6.18336412039536e-07,8.086293456877454e-08
3097.0,-5.2699133451517e-07,-6.885967804000896e-08,-3.201826709736677e-07,-4.088687535917247e-08,6.166334482055865e-07,8.007619561004857e-08
3098.0,-5.256190745983602e-07,-6.817528674318855e-08,-3.1928353062815606e-07,-4.045698299227708e-08,6.149938085151892e-07,7.926807648360495e-08
3099.0,-5.242158203633274e-07,-6.74727706953861e-08,-3.1842297636142103e-07,-4.001564535060466e-08,6.1334771393889e-07,7.843852516516777e-08
3100.0,-5.228379495320068e-07,-6.675209585765865e-08,-3.176214611183559e-07,-3.9562847757859624e-08,6.117539652783564e-07,7.758750491588989e-08
3101.0,-5.21595317964918e-07,-6.601324127600353e-08,-3.168888361437805e-07,-3.909858415655167e-08,6.103115681317893e-07,7.671499465133546e-08
3102.0,-5.20452826641149e-07,-6.525619938748559e-08,-3.1616502574327576e-07,-3.862285728748888e-08,6.08959332190589e-07,7.582098929630764e-08
3103.0,-5.193734971126185e-07,-6.4480976314727e-08,-3.1543677739276355e-07,-3.8135678862469125e-08,6.076587776334042e-07,7.490550012621317e-08
3104.0,-5.182439677120509e-07,-6.368759214915273e-08,-3.1467697438058995e-07,-3.7637069730528006e-08,6.062989429936785e-07,7.396855509548604e-08
3105.0,-5.171723990310406e-07,-6.287608122321824e-08,-3.14001838627731e-07,-3.712706003798645e-08,6.05032598279727e-07,7.301019915339041e-08
3106.0,-5.162229011063113e-07,-6.20464923716621e-08,-3.1344702450253337e-07,-3.6605689382414485e-08,6.039330433053885e-07,7.203049454730045e-08
3107.0,-5.153913419791989e-07,-6.119888918163204e-08,-3.1297141817043794e-07,-3.607300696049167e-08,6.02975409099521e-07,7.102952111331747e-08
3108.0,-5.146614352330436e-07,-6.033335023133706e-08,-3.1253733560887564e-07,-3.552907170960431e-08,6.021262152286939e-07,7.000737655384507e-08
3109.0,-5.139338880022493e-07,-5.944996931668857e-08,-3.120794999506016e-07,-3.4973952442882404e-08,6.012667091453892e-07,6.896417670150893e-08
3110.0,-5.131847799072498e-07,-5.8548855665221356e-08,-3.1162100973258777e-07,-3.440772797725352e-08,6.00388434295007e-07,6.790005576859611e-08
3111.0,-5.122538410812227e-07,-5.763013413644156e-08,-3.110850668175402e-07,-3.383048725398524e-08,5.993145388686479e-07,6.68151665810107e-08
3112.0,-5.112661801004448e-07,-5.6693945407643894e-08,-3.105305322187446e-07,-3.324232945110778e-08,5.981825125783578e-07,6.570968079561114e-08
3113.0,-5.102952735508426e-07,-5.574044614417549e-08,-3.0996872979471846e-07,-3.264336408705563e-08,5.970610351202634e-07,6.458378909971265e-08
3114.0,-5.095473228217129e-07,-5.476980915310041e-08,-3.095113288442697e-07,-3.203371111484135e-08,5.961843145183548e-07,6.343770139150324e-08
3115.0,-5.08673334065346e-07,-5.378222351923064e-08,-3.089541930484385e-07,-3.141350100607548e-08,5.951480943356594e-07,6.2271646940134e-08
3116.0,-5.074238946939369e-07,-5.277789472253629e-08,-3.08172251856087e-07,-3.0782874824172e-08,5.936742757779009e-07,6.108587452429607e-08
3117.0,-5.058195769874763e-07,-5.175704473603078e-08,-3.07190149650971e-07,-3.01419842861299e-08,5.917932345898992e-07,5.988065254819514e-08
3118.0,-5.040086424462631e-07,-5.0719912103343286e-08,-3.0606795348164795e-07,-2.9490991812356076e-08,5.896628730121723e-07,5.8656269133972166e-08
3119.0,-5.02323962620066e-07,-4.966675199533267e-08,-3.0498002079326625e-07,-2.883007056408438e-08,5.87658214020179e-07,5.741303218978679e-08
3120.0,-5.007390661559974e-07,-4.859783624524249e-08,-3.0393157308961083e-07,-2.8159404468038637e-08,5.857593477662186e-07,5.6151269452952543e-08
3121.0,-4.991864610698338e-07,-4.751345336202614e-08,-3.0291814437366504e-07,-2.747918822806962e-08,5.839062639724027e-07,5.487132850766607e-08
3122.0,-4.974964222387301e-07,-4.641390852157082e-08,-3.018679246707956e-07,-2.6789627323558176e-08,5.819166040640101e-07,5.357357677698986e-08
3123.0,-4.956166676506335e-07,-4.5299523535616154e-08,-3.007183082270881e-07,-2.609093799441577e-08,5.797131895653923e-07,5.225840148882569e-08
3124.0,-4.936862248589025e-07,-4.4170636798199905e-08,-2.9950971353054356e-07,-2.538334721253037e-08,5.774358467523323e-07,5.092620961565595e-08
3125.0,-4.91786222397983e-07,-4.302760320947001e-08,-2.9826722844350506e-07,-2.4667092639500142e-08,5.751669567211319e-07,4.957742778783266e-08
3126.0,-4.901300513088236e-07,-4.187079407667307e-08,-2.971723560285522e-07,-2.394242257046813e-08,5.731831089482231e-07,4.8212502180154197e-08
3127.0,-4.885846791313764e-07,-4.07005969920602e-08,-2.961806028073388e-07,-2.3209595863815552e-08,5.713474758509296e-07,4.683189837138119e-08
3128.0,-4.87317814990007e-07,-3.951741568733847e-08,-2.9540589067955647e-07,-2.2468881856386202e-08,5.698625211880641e-07,4.543610117620291e-08
3129.0,-4.860900628261833e-07,-3.832166986414859e-08,-2.9469479317922875e-07,-2.1720560263804628e-08,5.684439904733897e-07,4.402561444898215e-08
3130.0,-4.851135722294675e-07,-3.7113794999880246e-08,-2.941589727217808e-07,-2.096492106532359e-08,5.67331190041556e-07,4.2600960858395695e-08
3131.0,-4.843054674241731e-07,-3.589424212796499e-08,-2.9371680068668304e-07,-2.0202264372505704e-08,5.66410932788702e-07,4.1162681631873374e-08
3132.0,-4.835618246795681e-07,-3.466347759163217e-08,-2.932843251729489e-07,-1.9432900280925863e-08,5.655508232507361e-07,3.971133626854487e-08
3133.0,-4.825050613499471e-07,-3.3421982769995725e-08,-2.926284366350229e-07,-1.865714870398884e-08,5.643071292795917e-07,3.824750221925531e-08
3134.0,-4.815040948596971e-07,-3.217025377527545e-08,-2.920389160082637e-07,-1.7875339187903005e-08,5.631455600730045e-07,3.6771774532127704e-08
3135.0,-4.805230340715338e-07,-3.0908801119957714e-08,-2.915059060804026e-07,-1.7087810706843482e-08,5.620303190692376e-07,3.528476546214764e-08
3136.0,-4.79585749016409e-07,-2.963814935277071e-08,-2.9100177459384646e-07,-1.6294911437377403e-08,5.60967488787361e-07,3.378710404332597e-08
3137.0,-4.787558203073194e-07,-2.835883666248689e-08,-2.905549981863098e-07,-1.5496998511308777e-08,5.600261980025407e-07,3.227943562215683e-08
3138.0,-4.779268103771717e-07,-2.7071414448767635e-08,-2.9009634580634547e-07,-1.4694437746230292e-08,5.590795345275051e-07,3.076242135132801e-08
3139.0,-4.7673382143342824e-07,-2.5776446859533547e-08,-2.89414879700578e-07,-1.3887603353246674e-08,5.577061135496184e-07,2.92367376429632e-08
3140.0,-4.751389903745462e-07,-2.4474510294681176e-08,-2.884502451477866e-07,-1.3076877621560813e-08,5.558422474947017e-07,2.770307558108088e-08
3141.0,-4.7293406878201605e-07,-2.3166192876372215e-08,-2.8704825735803574e-07,-1.226265057988985e-08,5.53229911941679e-07,2.6162140293444226e-08
3142.0,-4.704700036772813e-07,-2.1852093886581593e-08,-2.8543618312004693e-07,-1.1445319634994005e-08,5.502870514506425e-07,2.4614650283533665e-08
3143.0,-4.679385891687149e-07,-2.053282317307971e-08,-2.837666400051786e-07,-1.0625289187938652e-08,5.47256821988576e-07,2.3061336723967423e-08
3144.0,-4.6565029303280436e-07,-1.9209000525505173e-08,-2.8227306292372134e-07,-9.802970229043104e-09,5.445257362640224e-07,2.150294271327831e-08
3145.0,-4.6330250391690697e-07,-1.788125502361856e-08,-2.807868600129826e-07,-8.9787799127707e-09,5.417476081088184e-07,1.9940222498483604e-08
3146.0,-4.6100030529072633e-07,-1.6550224360190588e-08,-2.793904906317479e-07,-8.15314111406479e-09,5.390550321939233e-07,1.8373940666323805e-08
3147.0,-4.5866186189347236e-07,-1.5216554141255006e-08,-2.7801414674566427e-07,-7.326481967824901e-09,5.363418400109266e-07,1.680487130638194e-08
3148.0,-4.562754652437384e-07,-1.3880897166649544e-08,-2.765615685490497e-07,-6.499235393348313e-09,5.335481247101339e-07,1.5233797149527435e-08
3149.0,-4.5389848128685184e-07,-1.2543912693877037e-08,-2.7503369294523683e-07,-5.671838605637928e-09,5.307234341628467e-07,1.3661508685261475e-08
3150.0,-4.5147775849796457e-07,-1.120626568834692e-08,-2.734139521176626e-07,-4.8447326155027664e-09,5.278137508922497e-07,1.208880326157739e-08
3151.0,-4.490477297780515e-07,-9.868626063001702e-09,-2.7184133863378257e-07,-4.018361720352128e-09,5.24920543519711e-07,1.0516484170889706e-08
3152.0,-4.467901961596743e-07,-8.531667910194483e-09,-2.7042974748425763e-07,-3.193172987505903e-09,5.222582959693408e-07,8.945359725425529e-09
3153.0,-4.447785387634573e-07,-7.196068728458799e-09,-2.6918311503421055e-07,-2.3696157317074597e-09,5.198918137113503e-07,7.376242325209979e-09
3154.0,-4.432507458435042e-07,-5.862508646504977e-09,-2.682072039877914e-07,-1.548140988331324e-09,5.180794610499161e-07,5.809947521413931e-09
3155.0,-4.422203864762331e-07,-4.531669646395155e-09,-2.675778920796512e-07,-7.292009835298454e-10,5.168721297816109e-07,4.247293077377018e-09
3156.0,-4.412578726714633e-07,-3.2042347874096647e-09,-2.670544843319522e-07,8.675139772422055e-11,5.157776728362233e-07,2.689098029094288e-09
3157.0,-4.40171444529569e-07,-1.880887431651857e-09,-2.6647729926831953e-07,8.992631450505125e-10,5.14549367509654e-07,1.1361817463970943e-09
3158.0,-4.3940133016839855e-07,-5.62310471977844e-10,-2.660998107972823e-07,1.707881657185219e-09,5.136950829627508e-07,-4.106370044926855e-10
3159.0,-4.390831946088358e-07,7.508144375828171e-10,-2.6599330499310625e-07,2.512155277552202e-09,5.133677922202136e-07,-1.9505409968607086e-09
3160.0,-4.385178233867748e-07,2.057807649109914e-09,-2.6575000881823296e-07,3.311633831054305e-09,5.127581775211055e-07,-3.482715478107387e-09
3161.0,-4.3791939109694145e-07,3.3579922862546655e-09,-2.65508240476775e-07,4.105869162439997e-09,5.121210978467778e-07,-5.0063491036555914e-09
3162.0,-4.376758823421145e-07,4.6506950085420875e-09,-2.654715862554502e-07,4.894415676715037e-09,5.11893876787888e-07,-6.52063487096829e-09
3163.0,-4.374070725898793e-07,5.935246775250669e-09,-2.654114729799817e-07,5.6768308821059385e-09,5.116328733975676e-07,-8.024771054569168e-09
3164.0,-4.3646964405230637e-07,7.21098360956226e-09,-2.648981570763098e-07,6.452675936036096e-09,5.105651611710031e-07,-9.517962142897867e-09
3165.0,-4.3505387276043805e-07,8.477247363508656e-09,-2.640522869246098e-07,7.221516194442999e-09,5.089159875991045e-07,-1.0999419777620334e-08
3166.0,-4.336228111440077e-07,9.733386483953574e-09,-2.631629969912508e-07,7.982921764549167e-09,5.07231214861476e-07,-1.2468363695656681e-08
3167.0,-4.3192248845580483e-07,1.0978756779457556e-08,-2.6203190453544245e-07,8.73646806091191e-09,5.051908105145283e-07,-1.3924022673705197e-08
3168.0,-4.2987585900655656e-07,1.2212722187407901e-08,-2.6070979330938826e-07,9.4817363642396e-09,5.02755259031717e-07,-1.5365635474467814e-08
3169.0,-4.274832628853309e-07,1.3434655540291453e-08,-2.59269340094348e-07,1.0218314382100755e-08,4.999625293559984e-07,-1.679245179316421e-08
3170.0,-4.251355885109831e-07,1.4643939329478802e-08,-2.5787627368212274e-07,1.0945796810290572e-08,4.972327836604874e-07,-1.8203733202297884e-08
3171.0,-4.2328045776751644e-07,1.583996646440215e-08,-2.5678327859879335e-07,1.1663785893278788e-08,4.950797896256963e-07,-1.9598754092045366e-08
3172.0,-4.214075825653696e-07,1.7022141024575106e-08,-2.556636782835575e-07,1.2371891981858217e-08,4.928978261638685e-07,-2.097680260311025e-08
3173.0,-4.1892787742969784e-07,1.818987900153602e-08,-2.5414738569207174e-07,1.3069734085853673e-08,4.899912857815602e-07,-2.2337181548435534e-08
3174.0,-4.1574896444962484e-07,1.9342609027503637e-08,-2.520878312206598e-07,1.375694041953752e-08,4.862051790041642e-07,-2.3679209319806726e-08
3175.0,-4.127759584415802e-07,2.0479773087316616e-08,-2.500621407580672e-07,1.443314893723144e-08,4.826127496325315e-07,-2.5002220775105145e-08
3176.0,-4.102982799070176e-07,2.1600827210099366e-08,-2.483252442286865e-07,1.5098007856464768e-08,4.795936878399196e-07,-2.6305568101804763e-08
3177.0,-4.0807169533751964e-07,2.2705242137083046e-08,-2.468949020367761e-07,1.5751176166028906e-08,4.769482164631572e-07,-2.7588621652276963e-08
3178.0,-4.0634774833847587e-07,2.3792503962133618e-08,-2.459541439542301e-07,1.6392324116334737e-08,4.74986245598762e-07,-2.8850770746608408e-08
3179.0,-4.0516938115686685e-07,2.4862114741801847e-08,-2.453737435875736e-07,1.7021133689650603e-08,4.736776345461318e-07,-3.009142443895006e-08
3180.0,-4.0444555170215946e-07,2.5913593072091638e-08,-2.4502856585395527e-07,1.763729904805768e-08,4.728796912282343e-07,-3.1310012243875904e-08
3181.0,-4.035186228906751e-07,2.6946474629604898e-08,-2.445374077258977e-07,1.8240526957278245e-08,4.7183240965080894e-07,-3.250598481978983e-08
3182.0,-4.02505008517684e-07,2.796031267522255e-08,-2.439789218156019e-07,1.8830537184875465e-08,4.7067610537621777e-07,-3.367881460702589e-08
3183.0,-4.0192030001384715e-07,2.895467851898109e-08,-2.437225191109782e-07,1.9407062871662216e-08,4.700431830002665e-07,-3.482799641888957e-08
3184.0,-4.015467481854884e-07,2.992916194527526e-08,-2.4358553114833814e-07,1.9969850875472295e-08,4.696527461467228e-07,-3.5953047984454814e-08
3185.0,-4.0119346148004276e-07,3.088337159794505e-08,-2.4342207705085883e-07,2.0518662086731798e-08,4.6926591729007213e-07,-3.705351044244399e-08
3186.0,-4.0067286102840605e-07,3.181693532517639e-08,-2.4311396694398635e-07,2.10532717155142e-08,4.686610102066632e-07,-3.812894878596318e-08
3187.0,-4.003613869041356e-07,3.2729500484447605e-08,-2.429852106050623e-07,2.1573469549963393e-08,4.6832793285964635e-07,-3.917895225822755e-08
3188.0,-4.004126978318645e-07,3.362073420797459e-08,-2.432253262407702e-07,2.2079060186116562e-08,4.684964118431657e-07,-4.020313469967717e-08
3189.0,-3.999138865062868e-07,3.449032362923918e-08,-2.4314234253752787e-07,2.2569863229250412e-08,4.680270455381823e-07,-4.120113484704333e-08
3190.0,-3.992076246933651e-07,3.533797607122272e-08,-2.4282656427287996e-07,2.3045713466905827e-08,4.672595295228229e-07,-4.217261658497409e-08
3191.0,-3.985391461430732e-07,3.616341919690783e-08,-2.4249830692102403e-07,2.3506461013713533e-08,4.665178237409724e-07,-4.311726915075987e-08
3192.0,-3.9783077603050554e-07,3.696640112245999e-08,-2.4215987692866037e-07,2.3951971428045224e-08,4.6573676293711045e-07,-4.4034807292520424e-08
3193.0,-3.9671184290379635e-07,3.7746690493269816e-08,-2.416275703825965e-07,2.4382125800357848e-08,4.645042185697812e-07,-4.4924971380934964e-08
3194.0,-3.948445434082126e-07,3.850407652274547e-08,-2.405336558403137e-07,2.4796820812896298e-08,4.6234040819632714e-07,-4.578752747424336e-08
3195.0,-3.925658404735355e-07,3.923836899341124e-08,-2.390324371909225e-07,2.519596877018598e-08,4.59613364836278e-07,-4.6622267335840485e-08
3196.0,-3.905032863460445e-07,3.994939821952299e-08,-2.3758675928020612e-07,2.5579497599501356e-08,4.570998630850062e-07,-4.742900840336215e-08
3197.0,-3.8814708865075875e-07,4.063701497008877e-08,-2.3600075278740196e-07,2.594735082026494e-08,4.542626087895419e-07,-4.820759370776647e-08
3198.0,-3.854493333538267e-07,4.1301090350928214e-08,-2.3423198884653385e-07,2.6299487481147645e-08,4.510385938940394e-07,-4.8957891740600606e-08
3199.0,-3.829767800389572e-07,4.1941515644254094e-08,-2.326947102643251e-07,2.6635882063534025e-08,4.4812726120378574e-07,-4.9679796267459315e-08
3200.0,-3.8133104461601786e-07,4.255820210423786e-08,-2.3178650636335174e-07,2.6956524350007303e-08,4.462492018144923e-07,-5.037322608561847e-08
3201.0,-3.800751632865307e-07,4.3151080707145965e-08,-2.3117419171991838e-07,2.726141925660928e-08,4.4485799606688036e-07,-5.103812472398611e-08
3202.0,-3.7939394299801865e-07,4.372010185490547e-08,-2.308709272508258e-07,2.7550586627836183e-08,4.441183952880582e-07,-5.167446008385235e-08
3203.0,-3.7853097778484113e-07,4.426523503135776e-08,-2.3039839568139708e-07,2.7824060993625284e-08,4.431355569973025e-07,-5.228222401941476e-08
3204.0,-3.776172278202594e-07,4.478646841094996e-08,-2.2981481459516395e-07,2.8081891287938777e-08,4.420516030443361e-07,-5.286143185765747e-08
3205.0,-3.7662209230460153e-07,4.5283808420153735e-08,-2.2915911268572842e-07,2.832414052893208e-08,4.408606348255718e-07,-5.341212185782225e-08
3206.0,-3.7617611017837227e-07,4.5757279252461615e-08,-2.2892517534400803e-07,2.8550885461085907e-08,4.4035803816351043e-07,-5.393435461139214e-08
3207.0,-3.765201456729095e-07,4.620692233837599e-08,-2.293440203582353e-07,2.8762216160079187e-08,4.4086970838517315e-07,-5.4428212384198254e-08
3208.0,-3.7731240543070754e-07,4.663279577236866e-08,-2.3010068261886119e-07,2.8958235601581175e-08,4.4194001338821145e-07,-5.4893798402949445e-08
3209.0,-3.778510029722737e-07,4.703497369932877e-08,-2.305592678580881e-07,2.9139059195533356e-08,4.4263862963190506e-07,-5.533123608915006e-08
3210.0,-3.776078799228033e-07,4.7413545663501416e-08,-2.3041375211974024e-07,2.9304814287849338e-08,4.4235529627855857e-07,-5.5740668243971544e-08
3211.0,-3.775198109401412e-07,4.7768615923310516e-08,-2.3042861428679284e-07,2.9455639631754812e-08,4.4228786320044045e-07,-5.6122256188129796e-08
3212.0,-3.7788353507428596e-07,4.810030273573452e-08,-2.308750895047007e-07,2.9591684831204995e-08,4.4283097569393523e-07,-5.6476178861168365e-08
3213.0,-3.7852063591858887e-07,4.840873761406746e-08,-2.315496864385702e-07,2.971310975895668e-08,4.4372641245029926e-07,-5.680263188476022e-08
3214.0,-3.787870720278752e-07,4.8694064562961205e-08,-2.3193360919326889e-07,2.982008395194659e-08,4.4415407800544477e-07,-5.7101826594733386e-08
3215.0,-3.78330550956929e-07,4.8956439294613983e-08,-2.3168798898853815e-07,2.991278598663831e-08,4.4363648410486535e-07,-5.7373989046506186e-08
3216.0,-3.776551447537413e-07,4.919602842984102e-08,-2.312674342724863e-07,2.999140283694062e-08,4.4284086816140635e-07,-5.7619358998475897e-08
3217.0,-3.7628765382768936e-07,4.941300868753912e-08,-2.304855332285749e-07,3.005612921717023e-08,4.412663361857638e-07,-5.7838188877646794e-08
3218.0,-3.743727006316755e-07,4.960756606576208e-08,-2.293757801336005e-07,3.010716691235041e-08,4.3905371822836436e-07,-5.8030742731436835e-08
3219.0,-3.7255456408757937e-07,4.977989501730031e-08,-2.282872765962951e-07,3.014472409793453e-08,4.3693475929278005e-07,-5.819729516922125e-08
3220.0,-3.711486184498902e-07,4.993019762235773e-08,-2.2741196276099274e-07,3.016901465085714e-08,4.3527864384101056e-07,-5.8338130296818044e-08
3221.0,-3.696520234908185e-07,5.005868276068902e-08,-2.2637161561922525e-07,3.018025745367564e-08,4.3345902554787677e-07,-5.8453540646851554e-08
3222.0,-3.673885167476687e-07,5.0165565285434656e-08,-2.2477450405122834e-07,3.017867569349448e-08,4.3069467132706404e-07,-5.854382610778623e-08
3223.0,-3.647320296479295e-07,5.025106520088514e-08,-2.2303696656233996e-07,3.016449615737368e-08,4.27521861317557e-07,-5.8609292854423144e-08
3224.0,-3.6292198256349106e-07,5.031540684652902e-08,-2.2198273991191897e-07,3.0137948526024955e-08,4.2542766981781707e-07,-5.865025228280967e-08
3225.0,-3.624160811038779e-07,5.035881809000483e-08,-2.2177391893751786e-07,3.009926466780457e-08,4.248871461501246e-07,-5.8667019952847706e-08
3226.0,-3.6250067962650956e-07,5.0381529532003745e-08,-2.2191128165593987e-07,3.0048677935334186e-08,4.250310102285046e-07,-5.865991454241723e-08
3227.0,-3.630298909124141e-07,5.038377372674608e-08,-2.2233530284909708e-07,2.998642246750992e-08,4.257037568413967e-07,-5.862925681754876e-08
3228.0,-3.6366215630523335e-07,5.0365784422341467e-08,-2.2287805637177804e-07,2.9912732500162366e-08,4.2652642584092425e-07,-5.85753686240257e-08
3229.0,-3.639635543090103e-07,5.032779582606693e-08,-2.232308720789833e-07,2.982784168915862e-08,4.2696778697507297e-07,-5.849857190669188e-08
3230.0,-3.647444842685976e-07,5.027004190029704e-08,-2.2390812039196906e-07,2.973198245024588e-08,4.2798759933183784e-07,-5.839918776360247e-08
3231.0,-3.6641613498922254e-07,5.019275569544887e-08,-2.251605050462846e-07,2.962538532039644e-08,4.3006747960423386e-07,-5.8277535542932814e-08
3232.0,-3.6870842753944366e-07,5.0096168726838226e-08,-2.2675655561577024e-07,2.9508278345805788e-08,4.3285614244612157e-07,-5.813393199121996e-08
3233.0,-3.705950625404464e-07,4.99805104027579e-08,-2.2804108718021965e-07,2.938088650200273e-08,4.351361141317667e-07,-5.796869046202555e-08
3234.0,-3.718750851144925e-07,4.984600751134989e-08,-2.2898797487347355e-07,2.9243431151729572e-08,4.367225338422161e-07,-5.778212019443584e-08
3235.0,-3.730954690334132e-07,4.969288377391234e-08,-2.2999091162101415e-07,2.9096129546316554e-08,4.3828763208825287e-07,-5.757452567090772e-08
3236.0,-3.747711770640816e-07,4.952135947213257e-08,-2.312888482264297e-07,2.8939194376192817e-08,4.403952389296524e-07,-5.734620606380024e-08
3237.0,-3.7665573981993106e-07,4.9331651156372777e-08,-2.3260078428621878e-07,2.877283337594792e-08,4.4268800660269043e-07,-5.709745477949999e-08
3238.0,-3.7827715652916094e-07,4.91239714415676e-08,-2.3365024112709243e-07,2.859724898899016e-08,4.4461898557139434e-07,-5.6828559108373916e-08
3239.0,-3.793683604619291e-07,4.8898528896534574e-08,-2.3441174436256151e-07,2.841263809634635e-08,4.4594755164107705e-07,-5.653979998787396e-08
3240.0,-3.797132644700607e-07,4.865552803154925e-08,-2.3479948073334977e-07,2.821919181351211e-08,4.464447999105387e-07,-5.623145188497656e-08
3241.0,-3.7931831078918954e-07,4.8395169387901625e-08,-2.347317466927512e-07,2.80170953585009e-08,4.4607328299887463e-07,-5.5903782802774866e-08
3242.0,-3.7851702860969283e-07,4.8117649731857945e-08,-2.3427140406762081e-07,2.780652799337155e-08,4.4514967338112863e-07,-5.555705441448529e-08
3243.0,-3.777221772305328e-07,4.7823162354049974e-08,-2.3371039785391456e-07,2.7587663040571158e-08,4.4417856008232664e-07,-5.519152232644191e-08
3244.0,-3.770831945165698e-07,4.7511897473866665e-08,-2.3328439778536048e-07,2.7360667974451292e-08,4.434110348614472e-07,-5.4807436469906743e-08
3245.0,-3.759207941461673e-07,4.7184042746991005e-08,-2.325731693481048e-07,2.7125704587340083e-08,4.420483260596146e-07,-5.4405041619792907e-08
3246.0,-3.737539372578036e-07,4.6839783872852286e-08,-2.3114674402302526e-07,2.6882929228613455e-08,4.3945514320366775e-07,-5.39845780367364e-08
3247.0,-3.712662352411966e-07,4.6479305297483943e-08,-2.2941130500830909e-07,2.663249311433095e-08,4.364265852303076e-07,-5.354628222740184e-08
3248.0,-3.693919070069107e-07,4.61027910061215e-08,-2.2798762630560354e-07,2.6374542704207968e-08,4.3408379226903383e-07,-5.309038781650727e-08
3249.0,-3.6810528511455054e-07,4.57104253988866e-08,-2.2697722568132406e-07,2.6109220142017117e-08,4.3245827764913375e-07,-5.261712652285541e-08
3250.0,-3.6728588978518495e-07,4.530239424212399e-08,-2.2639325462925353e-07,2.583666375497752e-08,4.3145432038272725e-07,-5.2126729230715076e-08
3251.0,-3.669029678410318e-07,4.4878885687407524e-08,-2.262566373700814e-07,2.5557008607318584e-08,4.310566711751179e-07,-5.1619427147232585e-08
3252.0,-3.66973624918443e-07,4.444009134989485e-08,-2.264811553021051e-07,2.5270387102988144e-08,4.3123468679219014e-07,-5.109545303615226e-08
3253.0,-3.6728001127916965e-07,4.3986207437549167e-08,-2.2683848351079394e-07,2.4976929632385312e-08,4.3168310632535033e-07,-5.0555042517941594e-08
3254.0,-3.6803431460730174e-07,4.351743592271538e-08,-2.2744497409077358e-07,2.467676525799822e-08,4.3264358653240084e-07,-4.999843542638979e-08
3255.0,-3.693684994532376e-07,4.3033985747590404e-08,-2.2841639735204922e-07,2.4370022433878207e-08,4.342892342294771e-07,-4.942587721181972e-08
3256.0,-3.7093652527353527e-07,4.25360740552229e-08,-2.2952489743544024e-07,2.40568297539505e-08,4.362058967102043e-07,-4.88376203811709e-08
3257.0,-3.721385752747386e-07,4.2023927437775896e-08,-2.3037151837546066e-07,2.3737316724219176e-08,4.3767357206727423e-07,-4.8233925965324824e-08
3258.0,-3.7290963213199024e-07,4.149778319384771e-08,-2.3092365004917514e-07,2.3411614553946694e-08,4.386197965081492e-07,-4.761506500410825e-08
3259.0,-3.7361229510146643e-07,4.095789058664348e-08,-2.3141394381309688e-07,2.3079856960857648e-08,4.394753240423362e-07,-4.6981320039391835e-08
3260.0,-3.7443133719949895e-07,4.0404512094710665e-08,-2.3189898543107823e-07,2.2742180985327627e-08,4.4042702655601e-07,-4.6332986606586655e-08
3261.0,-3.7512767740721653e-07,3.983792464680485e-08,-2.3224498942042704e-07,2.2398727808378923e-08,4.412012119972326e-07,-4.567037471464397e-08
3262.0,-3.754181007870061e-07,3.925842083225815e-08,-2.3233948176493158e-07,2.2049643568130082e-08,4.414978880870436e-07,-4.499381030440564e-08
3263.0,-3.7539419865673107e-07,3.86663100779969e-08,-2.323257542874435e-07,2.169508016915076e-08,4.414703393098554e-07,-4.43036366748584e-08
3264.0,-3.754506602976493e-07,3.806191978311494e-08,-2.3246798883103104e-07,2.1335196078970376e-08,4.4159321116734256e-07,-4.360021586653365e-08
3265.0,-3.7568762918660514e-07,3.744559640167045e-08,-2.3276193626686759e-07,2.0970157105792723e-08,4.41949446994284e-07,-4.2883929990988456e-08
3266.0,-3.7590825816002926e-07,3.681770646416101e-08,-2.3296841805686697e-07,2.0600137151290953e-08,4.422457488374833e-07,-4.215518249502849e-08
3267.0,-3.759676900222386e-07,3.6178637527960046e-08,-2.3299525388209563e-07,2.0225318932205395e-08,4.423104026272051e-07,-4.1414399348107725e-08
3268.0,-3.7584958283154446e-07,3.552879904687781e-08,-2.3292571801891704e-07,1.984589466434121e-08,4.4217338118579014e-07,-4.066203014117167e-08
3269.0,-3.752420671410128e-07,3.486862314994416e-08,-2.3255769805718973e-07,1.9462066702463657e-08,4.4146312629473305e-07,-3.9898549085102575e-08
3270.0,-3.7392967326688176e-07,3.419856531950511e-08,-2.316466599927569e-07,1.907404812952138e-08,4.398676796893321e-07,-3.9124455896884776e-08
3271.0,-3.724396960419485e-07,3.351910495879621e-08,-2.3050927351608852e-07,1.8682063288605402e-08,4.380021145665097e-07,-3.834027656165741e-08
3272.0,-3.7123167774544275e-07,3.2830745839334516e-08,-2.295127196627611e-07,1.8286348251096406e-08,4.364505092776195e-07,-3.754656395899654e-08
3273.0,-3.703216045758406e-07,3.213401641879353e-08,-2.2876945937611026e-07,1.7887151214592553e-08,4.3528560320651893e-07,-3.674389834211682e-08
3274.0,-3.6961102013732816e-07,3.142947002052776e-08,-2.2827167373007384e-07,1.7484732824472312e-08,4.3441945540512535e-07,-3.593288765924812e-08
3275.0,-3.6922174616316195e-07,3.071768486661245e-08,-2.2805927182845132e-07,1.707936641334738e-08,4.339766460383529e-07,-3.5114167707247136e-08
3276.0,-3.692476737704453e-07,2.99992639571534e-08,-2.2809876731866296e-07,1.667133815319746e-08,4.3401946066643e-07,-3.428840210854296e-08
3277.0,-3.696291785426631e-07,2.9274834789681676e-08,-2.283216858772752e-07,1.6260947115635325e-08,4.344611856909257e-07,-3.345628210376222e-08
3278.0,-3.704621746036807e-07,2.8545048913647242e-08,-2.288381029252884e-07,1.5848505236502236e-08,4.3544127062387284e-07,-3.261852615379482e-08
3279.0,-3.716727162150768e-07,2.781058131632927e-08,-2.2965066513724874e-07,1.5434337181812726e-08,4.368981986420564e-07,-3.177587934660058e-08
3280.0,-3.7300552956087696e-07,2.7072129637849155e-08,-2.3056704971657904e-07,1.5018780112926217e-08,4.3851372783300375e-07,-3.092911260567254e-08
3281.0,-3.742759979719068e-07,2.6330413214363145e-08,-2.3142017864519193e-07,1.460218334969338e-08,4.400429771534132e-07,-3.007902169871343e-08
3282.0,-3.754985870019212e-07,2.5586171949885243e-08,-2.322148457967188e-07,1.4184907931181496e-08,4.415007626820516e-07,-2.922642604670032e-08
3283.0,-3.7680128385508826e-07,2.4840165018515858e-08,-2.3303000154517584e-07,1.376732607440328e-08,4.430374579366709e-07,-2.83721673350709e-08
3284.0,-3.7807956004831667e-07,2.4093169400108345e-08,-2.3378550138841714e-07,1.3349820532244388e-08,4.445220066383241e-07,-2.751710793023901e-08
3285.0,-3.79199740316305e-07,2.3345978253584005e-08,-2.3441366793497398e-07,1.293278385250073e-08,4.4580512645177306e-07,-2.6662129106025723e-08
3286.0,-3.80094551027943e-07,2.2599399133203628e-08,-2.349051926170409e-07,1.251661754059744e-08,4.4682470526995554e-07,-2.5808129085873358e-08
3287.0,-3.809320405639971e-07,2.1854252054119234e-08,-2.3540628811546949e-07,1.2101731129169902e-08,4.478005582986182e-07,-2.4956020907893643e-08
3288.0,-3.81938386695424e-07,2.111136741446746e-08,-2.3606002698406403e-07,1.1688541158248865e-08,4.490002979633981e-07,-2.4106730120894196e-08
3289.0,-3.8309807023906295e-07,2.0371583782133794e-08,-2.3680746408238917e-07,1.1277470070312097e-08,4.503797358518987e-07,-2.3261192320539347e-08
3290.0,-3.841839437968009e-07,1.9635745555120584e-08,-2.3748766156406198e-07,1.086894502494897e-08,4.516610366928167e-07,-2.24203505357396e-08
3291.0,-3.85115407924852e-07,1.89047005051945e-08,-2.380931165835154e-07,1.0463396638330115e-08,4.52771696979368e-07,-2.1585152476229895e-08
3292.0,-3.8588380524284815e-07,1.8179297215165403e-08,-2.38639609684288e-07,1.0061257653077949e-08,4.537126562693283e-07,-2.075654765308465e-08
3293.0,-3.8616917941158846e-07,1.746038242075415e-08,-2.388327544067259e-07,9.662961544490379e-09,4.540569564547195e-07,-1.9935484384620246e-08
3294.0,-3.859213725115884e-07,1.6748798268545653e-08,-2.3853895826653204e-07,9.26894106938127e-09,4.536916798577097e-07,-1.9122906700757268e-08
3295.0,-3.854429110744517e-07,1.604537950200693e-08,-2.3799939030677564e-07,8.879626764074958e-09,4.530010457868112e-07,-1.8319751159470305e-08
3296.0,-3.850662907006752e-07,1.5350950588004452e-08,-2.3753967520745434e-07,8.495445398345853e-09,4.5243910698749264e-07,-1.7526943589473135e-08
3297.0,-3.8479648822864476e-07,1.466632279671274e-08,-2.3725364474425081e-07,8.116818392353603e-09,4.5205932055154964e-07,-1.6745395773812983e-08
3298.0,-3.846723092837401e-07,1.3992291248297727e-08,-2.3712761471061938e-07,7.744160203915413e-09,4.518874762460599e-07,-1.597600208961855e-08
3299.0,-3.8488819584237e-07,1.332963194030292e-08,-2.3720224770484855e-07,7.377876693796807e-09,4.521104175033206e-07,-1.5219636119888716e-08
3300.0,-3.8535137333872704e-07,1.2679098770266421e-08,-2.3737440336957238e-07,7.0183634770931615e-09,4.5259505996984043e-07,-1.447714725392434e-08
3301.0,-3.858646345222816e-07,1.2041420568741124e-08,-2.3756638581340361e-07,6.666004269206133e-09,4.531327662434674e-07,-1.3749357293781353e-08
3302.0,-3.866421978832024e-07,1.1417298158558466e-08,-2.3801614731921994e-07,6.321169235375988e-09,4.5403069892754834e-07,-1.3037057084931135e-08
3303.0,-3.8786042247385133e-07,1.0807401456842943e-08,-2.3884659128281527e-07,5.984213353195897e-09,4.55503459360096e-07,-1.2341003190126551e-08
3304.0,-3.893270707489016e-07,1.0212366636924957e-08,-2.398614821486067e-07,5.655474797990724e-09,4.5728448326664945e-07,-1.1661914626256352e-08
3305.0,-3.9098190819653045e-07,9.632793367886269e-09,-2.4093614296727406e-07,5.33527336137252e-09,4.592570930589389e-07,-1.1000469684695723e-08
3306.0,-3.927197648051495e-07,9.069242149976138e-09,-2.4199791737178344e-07,5.023908913664686e-09,4.6129362198158824e-07,-1.0357302856288978e-08
3307.0,-3.944258849947202e-07,8.522231764526084e-09,-2.430168207501193e-07,4.721659921192838e-09,4.6328064272249047e-07,-9.733001882592994e-09
3308.0,-3.9593792805492356e-07,7.992236857238499e-09,-2.4391559377834326e-07,4.428782029652699e-09,4.6503941742681084e-07,-9.12810495533182e-09
3309.0,-3.9728684717021956e-07,7.479685673808529e-09,-2.4469842717367296e-07,4.145506724872295e-09,4.6659849892142035e-07,-8.543098086141006e-09
3310.0,-3.9872410380337175e-07,6.98495796675106e-09,-2.4552657598708727e-07,3.872040082284797e-09,4.682565647908686e-07,-7.978412668604728e-09
3311.0,-4.006116893634504e-07,6.5083830920439006e-09,-2.466455079480623e-07,3.6085616163219083e-09,4.7045056301974525e-07,-7.434423254311653e-09
3312.0,-4.0286328922833903e-07,6.050238313770335e-09,-2.480282226685615e-07,3.355223240730658e-09,4.7309283343547056e-07,-6.911445564182099e-09
3313.0,-4.050270099031916e-07,5.6107473343477405e-09,-2.4939320154848676e-07,3.112148350509938e-09,4.7565097259411154e-07,-6.409734755650723e-09
3314.0,-4.0683409506525603e-07,5.190079067154397e-09,-2.505939999120077e-07,2.879431035749644e-09,4.778193525794713e-07,-5.929483965412569e-09
3315.0,-4.084896767925228e-07,4.788346667394378e-09,-2.517489957332142e-07,2.6571354371222673e-09,4.798347349856423e-07,-5.470823146333132e-09
3316.0,-4.1013442511617093e-07,4.405606835857335e-09,-2.528770340626263e-07,2.445295252113318e-09,4.818267749115679e-07,-5.033818215767786e-09
3317.0,-4.1157481535381013e-07,4.041859408835527e-09,-2.537440820932213e-07,2.243913400277971e-09,4.835078984162041e-07,-4.618470530929498e-09
3318.0,-4.124786323056462e-07,3.6970472458679894e-09,-2.5414832209580407e-07,2.0529618548829957e-09,4.84489413437331e-07,-4.224716705101318e-09
3319.0,-4.1288318225474185e-07,3.371056425210097e-09,-2.542113981957028e-07,1.8723816472449697e-09,4.848669478954165e-07,-3.8524287764318655e-09
3320.0,-4.130734803098335e-07,3.0637167549991935e-09,-2.541769598407573e-07,1.702083048927274e-09,4.850109555970548e-07,-3.5014147388083043e-09
3321.0,-4.1329976280257696e-07,2.7748026060349145e-09,-2.542005772820932e-07,1.5419459357342339e-09,4.852160626187223e-07,-3.1714194419123462e-09
3322.0,-4.138283184740299e-07,2.504034069954089e-09,-2.5441753664923183e-07,1.3918203361728906e-09,4.857799503125941e-07,-2.8621258650791178e-09
3323.0,-4.1473039164019454e-07,2.251078444391678e-09,-2.548503858362805e-07,1.2515271657674534e-09,4.867751194452425e-07,-2.5731567670403185e-09
3324.0,-4.1568020850424325e-07,2.0155520445030357e-09,-2.5532473109379783e-07,1.12085914732355e-09,4.878327111318503e-07,-2.304076711071834e-09
3325.0,-4.1650018468841754e-07,1.7970223379844536e-09,-2.5579209582404783e-07,9.995819159510508e-10,4.887760224597201e-07,-2.0543944624836557e-09
3326.0,-4.1744281335798217e-07,1.5950103984579864e-09,-2.564151139333726e-07,8.874353063574206e-10,4.89905310317914e-07,-1.8235657527762872e-09
3327.0,-4.186537076594776e-07,1.4089936697703218e-09,-2.5722718802190236e-07,7.841348186094172e-10,4.913621405793109e-07,-1.6109964021267972e-09
3328.0,-4.201786286406328e-07,1.2384090313865556e-09,-2.581969478221424e-07,6.893732572206094e-10,4.931690823956758e-07,-1.4160457891470438e-09
3329.0,-4.219463961840919e-07,1.0826561526317046e-09,-2.5924860755366375e-07,6.028225370488386e-10,4.952258088703134e-07,-1.2380306540696404e-09
3330.0,-4.2370809051617275e-07,9.411011210402518e-10,-2.602724744477092e-07,5.241356480722468e-10,4.972628147408517e-07,-1.076229218651682e-09
3331.0,-4.2529050177375627e-07,8.130803275007198e-10,-2.6119928102363854e-07,4.529487696441807e-10,4.990962585576445e-07,-9.298856031258138e-10
3332.0,-4.2670067838812553e-07,6.97904588215213e-10,-2.6203841294036856e-07,3.888835232983801e-10,5.007370555423212e-07,-7.98214517455045e-10
