time_seconds,dir_raw,dir_bp,ortho_raw,ortho_bp,mag_raw,mag_bp
0.0,-4.1662922611873654e-08,1.3741599105966711e-08,-3.660982213216091e-08,1.6886957112768676e-08,5.5462403455957726e-08,-2.163352014337296e-08
1.0,-4.190023672467902e-08,1.3561913167177981e-08,-3.6870222430707145e-08,1.6704894726006993e-08,5.581257151998966e-08,-2.1378897252774106e-08
2.0,-4.2083419693472734e-08,1.3378981691728044e-08,-3.706800118241649e-08,1.6519211174370204e-08,5.608075360367939e-08,-2.111943652954954e-08
3.0,-4.2291996765753126e-08,1.319292528355249e-08,-3.730099810972387e-08,1.6330014013723207e-08,5.639128878130111e-08,-2.0855298687251242e-08
4.0,-4.2557275842236564e-08,1.3003864601962375e-08,-3.757202288179329e-08,1.6137410364639782e-08,5.6769522021435146e-08,-2.0586644159992457e-08
5.0,-4.286690744037536e-08,1.2811920073320742e-08,-3.787592456339084e-08,1.5941506661244856e-08,5.7202774539644334e-08,-2.031363272129986e-08
6.0,-4.316400778470175e-08,1.2617211612811182e-08,-3.815929083827996e-08,1.5742408412578407e-08,5.7613045791020543e-08,-2.0036423118930494e-08
7.0,-4.3406456012862193e-08,1.2419858357014076e-08,-3.832864836628147e-08,1.5540219976941556e-08,5.7906871001484715e-08,-1.9755172726490642e-08
8.0,-4.362952682468446e-08,1.2219978407939643e-08,-3.8484480671674426e-08,1.533504434960754e-08,5.817723664384845e-08,-1.9470037212592184e-08
9.0,-4.386454222071734e-08,1.2017688589098973e-08,-3.87149851760471e-08,1.5126982964204833e-08,5.850596671634989e-08,-1.918117022818071e-08
10.0,-4.415182769390569e-08,1.1813104214125225e-08,-3.901196880817803e-08,1.4916135508009098e-08,5.891788861629881e-08,-1.8888723112570923e-08
11.0,-4.4452435982167415e-08,1.1606338868389014e-08,-3.933605549621966e-08,1.4702599751317677e-08,5.935776551345548e-08,-1.8592844618631777e-08
12.0,-4.4718310748814716e-08,1.1397504203985808e-08,-3.962919171984769e-08,1.448647139102617e-08,5.975115189346563e-08,-1.829368065747815e-08
13.0,-4.498761244087213e-08,1.118670974840905e-08,-3.991719450813225e-08,1.426784390847941e-08,6.014372527978439e-08,-1.7991374062946157e-08
14.0,-4.52266402939383e-08,1.0974062727159535e-08,-4.021411069421443e-08,1.404680844162584e-08,6.05196141032295e-08,-1.7686064376053152e-08
15.0,-4.54474301248009e-08,1.0759667900479186e-08,-4.0536969517224186e-08,1.3823453671463061e-08,6.089921840704545e-08,-1.7377887649569174e-08
16.0,-4.573120282458376e-08,1.0543627414336334e-08,-4.092290951940303e-08,1.3597865722722563e-08,6.136796750191801e-08,-1.7066976272754438e-08
17.0,-4.606062931067356e-08,1.03260406657314e-08,-4.133875493306238e-08,1.3370128078703285e-08,6.189082510284598e-08,-1.6753458816248294e-08
18.0,-4.638210499008366e-08,1.0107004182337325e-08,-4.170713059636899e-08,1.3140321510125813e-08,6.237615254160617e-08,-1.643745989702918e-08
19.0,-4.6650499241351895e-08,9.8866115164381e-09,-4.199064411458675e-08,1.2908524017839404e-08,6.276530309514368e-08,-1.61191000633005e-08
20.0,-4.689846522243357e-08,9.664953153079593e-09,-4.22153671186809e-08,1.2674810789170843e-08,6.309994660207579e-08,-1.5798495699091853e-08
21.0,-4.720207918973429e-08,9.442116432298233e-09,-4.2527090252098e-08,1.243925416765708e-08,6.353416156009329e-08,-1.5475758948297508e-08
22.0,-4.7524452956304586e-08,9.218185485245068e-09,-4.292425651031273e-08,1.2201923635855301e-08,6.403956141135831e-08,-1.515099765780577e-08
23.0,-4.780064588594257e-08,8.993241183976271e-09,-4.3272864791443766e-08,1.1962885810877795e-08,6.447823333786257e-08,-1.4824315339307613e-08
24.0,-4.814951520826227e-08,8.767361104636873e-09,-4.365634713454636e-08,1.1722204452256245e-08,6.499424943733633e-08,-1.4495811149311302e-08
25.0,-4.840818454421303e-08,8.540619503721877e-09,-4.394332370205589e-08,1.1479940481699643e-08,6.537865117031899e-08,-1.4165579886831132e-08
26.0,-4.8636158017645315e-08,8.31308730705747e-09,-4.421723001635236e-08,1.1236152014269833e-08,6.57315700180391e-08,-1.383371200816068e-08
27.0,-4.889050034262432e-08,8.084832111104573e-09,-4.4525529332983815e-08,1.099089440045771e-08,6.612717887627258e-08,-1.3500293658083586e-08
28.0,-4.918189461244893e-08,7.855918196148648e-09,-4.48461759255947e-08,1.0744220278603145e-08,6.655853253204598e-08,-1.3165406716819654e-08
29.0,-4.955948973428548e-08,7.626406550905251e-09,-4.5226876729809184e-08,1.0496179637064543e-08,6.709406383172883e-08,-1.2829128861953717e-08
30.0,-4.9843216415323965e-08,7.396354908041418e-09,-4.5506480972346e-08,1.024681988551154e-08,6.74921183036309e-08,-1.2491533644551227e-08
31.0,-5.003399650149731e-08,7.165817790088007e-09,-4.566297102936989e-08,9.996185934686185e-09,6.773852470449087e-08,-1.215269057862721e-08
32.0,-5.035707562051073e-08,6.934846565195882e-09,-4.593874106118001e-08,9.74432028395411e-09,6.816306181016213e-08,-1.1812665243102857e-08
33.0,-5.0665275586059266e-08,6.703489512168903e-09,-4.6262014649633976e-08,9.491263115948479e-09,6.860863028551351e-08,-1.147151939535676e-08
34.0,-5.0967245507349546e-08,6.47179189418988e-09,-4.660135306810975e-08,9.237052397598907e-09,6.906045338965756e-08,-1.1129311095458414e-08
35.0,-5.131174246608694e-08,6.239796040642858e-09,-4.6957916735590466e-08,8.981723986836779e-09,6.955530791429707e-08,-1.0786094840161753e-08
36.0,-5.1574634868378766e-08,6.007541436425965e-09,-4.728126488939832e-08,8.72531174427682e-09,6.996757085498997e-08,-1.0441921705735521e-08
37.0,-5.181222292871546e-08,5.775064818142034e-09,-4.7600284214244226e-08,8.467847649189302e-09,7.035832219497375e-08,-1.0096839498712124e-08
38.0,-5.2132521882741756e-08,5.542400276548875e-09,-4.796488176084246e-08,8.209361919095877e-09,7.084087605462079e-08,-9.75089291364528e-09
39.0,-5.241897407803897e-08,5.309579364647934e-09,-4.8363769405979085e-08,7.949883132343196e-09,7.132182719580899e-08,-9.40412369697901e-09
40.0,-5.2716554982401576e-08,5.076631210790384e-09,-4.8772749408620975e-08,7.689438353032322e-09,7.181793824727013e-08,-9.056570816146913e-09
41.0,-5.310295528304643e-08,4.843582636183876e-09,-4.922143123642364e-08,7.428053257707164e-09,7.2406306028931e-08,-8.708270633041079e-09
42.0,-5.3378431452699715e-08,4.610458276190836e-09,-4.956991693505497e-08,7.1657522632302864e-09,7.284527170172963e-08,-8.359257081012641e-09
43.0,-5.3633514823792083e-08,4.377280704818731e-09,-4.984377835470788e-08,6.90255865529694e-09,7.321855060725507e-08,-8.009561844588512e-09
44.0,-5.398851948834604e-08,4.144070561813253e-09,-5.021394074156138e-08,6.638494717057232e-09,7.373059121789651e-08,-7.65921454110955e-09
45.0,-5.4321668413459534e-08,3.9108466817765115e-09,-5.064220086337112e-08,6.3735818573326166e-09,7.426625187464272e-08,-7.308242903514849e-09
46.0,-5.460382779265416e-08,3.6776262247444792e-09,-5.0997918721318314e-08,6.107840737928828e-09,7.471523086704624e-08,-6.9566729635166604e-09
47.0,-5.4952881051173463e-08,3.444424807671349e-09,-5.141728298685422e-08,5.841291399564097e-09,7.525660187368725e-08,-6.604529234431834e-09
48.0,-5.5218582539762195e-08,3.211256636282555e-09,-5.178789257154204e-08,5.573953385948359e-09,7.570388150354055e-08,-6.251834892957679e-09
49.0,-5.549088274992009e-08,2.9781346367724326e-09,-5.2125055480245486e-08,5.305845865564686e-09,7.613316936253245e-08,-5.89861195920119e-09
50.0,-5.583457912683443e-08,2.7450705868371296e-09,-5.249290603581702e-08,5.036987750717415e-09,7.663553621105453e-08,-5.544881474290444e-09
51.0,-5.613068160270629e-08,2.512075245549184e-09,-5.282784037996535e-08,4.767397813422727e-09,7.708069885772629e-08,-5.190663674916499e-09
52.0,-5.637073713371521e-08,2.279158481597756e-09,-5.310002580694029e-08,4.497094797728117e-09,7.74420605723798e-08,-4.835978164174226e-09
53.0,-5.671138672558307e-08,2.0463293994379818e-09,-5.345489544061888e-08,4.226097528058318e-09,7.793335121054488e-08,-4.4808440780925935e-09
54.0,-5.705043626402784e-08,1.8135964629141713e-09,-5.378465635363927e-08,3.954425013198765e-09,7.840625955237867e-08,-4.125280247269766e-09
55.0,-5.7362211175471245e-08,1.5809676159445662e-09,-5.409304934533843e-08,3.6820965455447726e-09,7.884466537703471e-08,-3.769305353057041e-09
56.0,-5.7613399467859594e-08,1.3484503998798474e-09,-5.434632568968034e-08,3.409131795266e-09,7.9201180005174e-08,-3.412938077768205e-09
57.0,-5.7902401068288256e-08,1.1160520671724754e-09,-5.46570945586522e-08,3.1355508990620796e-09,7.962465720533029e-08,-3.0561972484272933e-09
58.0,-5.824738413817698e-08,8.837796910190883e-10,-5.5088596462304906e-08,2.8613745432168123e-09,8.017176073360884e-08,-2.6991019736077563e-09
59.0,-5.852294515662493e-08,6.516402706640447e-10,-5.547413647888355e-08,2.5866240406958348e-09,8.063693277824453e-08,-2.3416717729607446e-09
60.0,-5.882771589305058e-08,4.1964083207940776e-10,-5.5834736445437017e-08,2.3113214020756376e-09,8.110621401054847e-08,-1.9839266990797264e-09
61.0,-5.914509054738559e-08,1.8778852376529456e-10,-5.6227894645877186e-08,2.03548940013794e-09,8.160709449653445e-08,-1.6258874514012643e-09
62.0,-5.941559552691267e-08,-4.3909292556164745e-11,-5.6626778086044105e-08,1.7591516280098548e-09,8.207804205890738e-08,-1.267575481895151e-09
63.0,-5.973903102751699e-08,-2.754449565501831e-10,-5.7021858748673715e-08,1.4823325507750357e-09,8.258476980206662e-08,-9.090130923497019e-10
64.0,-6.01248120457587e-08,-5.068104293486692e-10,-5.75020141502236e-08,1.2050575505236343e-09,8.319540044299521e-08,-5.502235231094329e-10
65.0,-6.03606960247749e-08,-7.379972192357721e-10,-5.7871617539784204e-08,9.273529648484824e-10,8.362139523630501e-08,-1.9123103317197482e-10
66.0,-6.067998348235903e-08,-9.689963130457904e-10,-5.8212315676153814e-08,6.492461188306695e-10,8.408765719057434e-08,1.6793902840249107e-10
67.0,-6.103527955270138e-08,-1.1997981133507697e-09,-5.8627605409311556e-08,3.7076535058830007e-10,8.463156306075378e-08,5.272601597737789e-10
68.0,-6.135438360144185e-08,-1.4303923814876917e-09,-5.9061344148680917e-08,9.194003048810142e-11,8.516221438972687e-08,8.867046522628312e-10
69.0,-6.166919894190492e-08,-1.6607681864490417e-09,-5.944477723951458e-08,-1.8719942585864052e-10,8.565495688628743e-08,1.2462435448840425e-09
70.0,-6.195317386881172e-08,-1.890913859636128e-09,-5.98566722714855e-08,-4.666215506757779e-10,8.614532470096817e-08,1.6058465873706084e-09
71.0,-6.227674362313529e-08,-2.120816955452178e-09,-6.030886640084887e-08,-7.462938230228045e-10,8.66922843329045e-08,1.9654822115683653e-09
72.0,-6.254994425192173e-08,-2.350464217692262e-09,-6.067005584031726e-08,-1.0261826735512638e-09,8.71398370527839e-08,2.3251175110519175e-09
73.0,-6.279675160425491e-08,-2.5798415516685322e-09,-6.09847872062863e-08,-1.3062534948470651e-09,8.753614272197807e-08,2.684718228799893e-09
74.0,-6.317470871430864e-08,-2.8089340019914847e-09,-6.137883910850572e-08,-1.5864706571886847e-09,8.808181260308836e-08,3.044248752753168e-09
75.0,-6.344897823806761e-08,-3.0377257359100163e-09,-6.164763544092011e-08,-1.8667975295550337e-09,8.846583405423455e-08,3.403672119069443e-09
76.0,-6.370531130395207e-08,-3.2662000320948875e-09,-6.189855020211077e-08,-2.1471965057222724e-09,8.882453042632238e-08,3.7629500228782285e-09
77.0,-6.409735892054513e-08,-3.494339274731956e-09,-6.226941529074992e-08,-2.427629035293523e-09,8.93641510967405e-08,4.122042836330283e-09
78.0,-6.438829683319547e-08,-3.7221249527739463e-09,-6.258044357720927e-08,-2.7080556595068642e-09,8.978955778596953e-08,4.48090963372368e-09
79.0,-6.464989055210424e-08,-3.949537664182914e-09,-6.287925023718e-08,-2.9884360516633105e-09,9.0185411563007e-08,4.8395082234741725e-09
80.0,-6.500000990228294e-08,-4.176557124980621e-09,-6.324330574514203e-08,-3.2687290620071187e-09,9.069022554206377e-08,5.197795186679987e-09
81.0,-6.530181123620693e-08,-4.4031621829108996e-09,-6.365780418071676e-08,-3.5488927668762313e-09,9.119562809608628e-08,5.555725922011582e-09
82.0,-6.556300219395794e-08,-4.629330835507006e-09,-6.403152767731068e-08,-3.8288845219221585e-09,9.164356929635128e-08,5.913254696635861e-09
83.0,-6.582381822939354e-08,-4.855040252347347e-09,-6.437677732562541e-08,-4.1086610191776656e-09,9.207140981395581e-08,6.270334702862706e-09
84.0,-6.610844224819168e-08,-5.080266801274813e-09,-6.478333695880689e-08,-4.388178347729102e-09,9.255920745123528e-08,6.626918120180669e-09
85.0,-6.639495164773024e-08,-5.3049860783471494e-09,-6.512957963222821e-08,-4.667392057729923e-09,9.300619198405659e-08,6.982956182328899e-09
86.0,-6.67513853913615e-08,-5.529172941277602e-09,-6.553460954461521e-08,-4.946257227473536e-09,9.354428095736928e-08,7.338399249033345e-09
87.0,-6.705784494354106e-08,-5.7528015461159725e-09,-6.59330694763316e-08,-5.224728533226861e-09,9.404214065536132e-08,7.693196882017101e-09
88.0,-6.736968877207872e-08,-5.975845386911123e-09,-6.630514223782136e-08,-5.502760321511419e-09,9.452537676425559e-08,8.047297924877872e-09
89.0,-6.76710003311154e-08,-6.198277338088448e-09,-6.66624415252004e-08,-5.780306683506598e-09,9.499076479276594e-08,8.400650586411581e-09
90.0,-6.79700646044612e-08,-6.420069699271115e-09,-6.70437105276811e-08,-6.057321531240607e-09,9.547140306737995e-08,8.753202526951277e-09
91.0,-6.830688448200561e-08,-6.64119424227234e-09,-6.746564422399626e-08,-6.333758675228582e-09,9.600751855035572e-08,9.104900947285074e-09
92.0,-6.856523021570027e-08,-6.8616222599874226e-09,-6.783707773294623e-08,-6.609571903214016e-09,9.645237119883453e-08,9.455692679715478e-09
93.0,-6.879957242800216e-08,-7.0813246169182505e-09,-6.819365307164649e-08,-6.884715059669117e-09,9.686978623663828e-08,9.805524280824894e-09
94.0,-6.909371799701525e-08,-7.300271801069103e-09,-6.858464249304141e-08,-7.1591421257124134e-09,9.735396783156488e-08,1.015434212551827e-08
95.0,-6.936368637799895e-08,-7.518433976960112e-09,-6.893001255892095e-08,-7.4328072991080835e-09,9.778889312860841e-08,1.0502092501923456e-08
96.0,-6.967674448521421e-08,-7.735781039512076e-09,-6.929246608444739e-08,-7.705665074020797e-09,9.826644685813221e-08,1.0848721706741602e-08
97.0,-6.997223986338064e-08,-7.952282668562895e-09,-6.962551489519964e-08,-7.977670320211724e-09,9.871082349935158e-08,1.119417614065294e-08
98.0,-7.019954881282153e-08,-8.167908383782067e-09,-6.987623013543498e-08,-8.24877836137496e-09,9.904879702179116e-08,1.1538402403397163e-08
99.0,-7.046736125171371e-08,-8.382627599756002e-09,-7.013674659106517e-08,-8.51894505232803e-09,9.942239297139661e-08,1.1881347388162298e-08
100.0,-7.082754271969804e-08,-8.596409681024023e-09,-7.051580669381607e-08,-8.788126854783584e-09,9.994508392807666e-08,1.222295837493047e-08
101.0,-7.11180766499453e-08,-8.809223996852283e-09,-7.08822529976727e-08,-9.056280911439888e-09,1.004095344895771e-07,1.2563183122441551e-08
102.0,-7.134084398230378e-08,-9.021039975540375e-09,-7.114778693972923e-08,-9.323365118133469e-09,1.0075476964654583e-07,1.2901969958445183e-08
103.0,-7.160242418424723e-08,-9.2318271580639e-09,-7.145503418126697e-08,-9.589338193799291e-09,1.0115695259796484e-07,1.323926786791902e-08
104.0,-7.185118852670591e-08,-9.44155525086634e-09,-7.182127510774183e-08,-9.854159747983045e-09,1.0159177550767667e-07,1.3575026578937716e-08
105.0,-7.214291164459041e-08,-9.650194177624362e-09,-7.22253941098927e-08,-1.0117790345647434e-08,1.0208382464861171e-07,1.3909196645883004e-08
106.0,-7.241204674768298e-08,-9.857714129821077e-09,-7.262179244071909e-08,-1.0380191569010032e-08,1.025545184352767e-07,1.424172952968942e-08
107.0,-7.270394425384907e-08,-1.0064085615970752e-08,-7.303757926235832e-08,-1.0641326076144947e-08,1.0305508961022773e-07,1.4572577674823044e-08
108.0,-7.297613877077502e-08,-1.026927950934678e-08,-7.339829732888603e-08,-1.0901157656077062e-08,1.0350278682562596e-07,1.490169458269401e-08
109.0,-7.321007033933569e-08,-1.0473267094073004e-08,-7.369679722035727e-08,-1.1159651280098458e-08,1.0387941239547391e-07,1.5229034881210145e-08
110.0,-7.341271932026494e-08,-1.0676020109447647e-08,-7.400140727975568e-08,-1.1416773149042929e-08,1.042383597212671e-07,1.5554554390189985e-08
111.0,-7.377252705942361e-08,-1.0877510792378397e-08,-7.44895123222511e-08,-1.1672490736265546e-08,1.0483831930520531e-07,1.5878210182368102e-08
112.0,-7.416303554608206e-08,-1.107771191781659e-08,-7.499105868224998e-08,-1.1926772826088484e-08,1.0546949665042538e-07,1.619996063974234e-08
113.0,-7.439630977934542e-08,-1.1276596837087089e-08,-7.529698757557934e-08,-1.21795895474911e-08,1.0585106162311872e-07,1.65197655050308e-08
114.0,-7.456225276092354e-08,-1.1474139514020537e-08,-7.556685770182536e-08,-1.2430912402843717e-08,1.0615968876985169e-07,1.6837585928028754e-08
115.0,-7.475865618222777e-08,-1.1670314558807998e-08,-7.587074125903204e-08,-1.2680714291513156e-08,1.065139711651365e-07,1.7153384506685535e-08
116.0,-7.50057163878548e-08,-1.1865097259514487e-08,-7.618063943559683e-08,-1.2928969528203697e-08,1.0690812558300572e-07,1.746712532275854e-08
117.0,-7.537448926120405e-08,-1.2058463611204646e-08,-7.664580135846588e-08,-1.3175653855936245e-08,1.0749833718373868e-07,1.7778773971941114e-08
118.0,-7.567785603734833e-08,-1.225039034264779e-08,-7.703417126414536e-08,-1.3420744453607664e-08,1.0798796894452316e-07,1.8088297588398946e-08
119.0,-7.582859962163013e-08,-1.2440854940580957e-08,-7.723187746278004e-08,-1.3664219938111339e-08,1.0823464979849732e-07,1.8395664863685625e-08
120.0,-7.601936111156782e-08,-1.2629835671519935e-08,-7.744796182151958e-08,-1.3906060361040883e-08,1.0852248639852712e-07,1.8700846060045084e-08
121.0,-7.627993253711551e-08,-1.2817311601121308e-08,-7.770321470979002e-08,-1.4146247200042715e-08,1.0888717869475094e-07,1.900381301814927e-08
122.0,-7.65718623785272e-08,-1.3003262611112209e-08,-7.803127591299308e-08,-1.4384763344927404e-08,1.0932579809324862e-07,1.930453915936057e-08
123.0,-7.676452476457207e-08,-1.3187669413816468e-08,-7.82722422709714e-08,-1.4621593078690098e-08,1.0963273312499439e-07,1.960299948264579e-08
124.0,-7.6950723404412e-08,-1.3370513564315094e-08,-7.85140757825209e-08,-1.4856722053624231e-08,1.09935771832674e-07,1.9899170556299416e-08
125.0,-7.718828579084125e-08,-1.3551777470286388e-08,-7.878280514073133e-08,-1.5090137262740004e-08,1.1029397920635119e-07,2.0193030504658528e-08
126.0,-7.755448974688939e-08,-1.3731444399576945e-08,-7.91748533124359e-08,-1.532182700672084e-08,1.1083030396487287e-07,2.0484558990011572e-08
127.0,-7.783705391339879e-08,-1.3909498485558963e-08,-7.948860482331899e-08,-1.5551780856667327e-08,1.1125216968075329e-07,2.0773737189917942e-08
128.0,-7.79364183467468e-08,-1.4085924730332452e-08,-7.964695657169951e-08,-1.5779989612890088e-08,1.1143483744257592e-07,2.1060547770166167e-08
129.0,-7.809688920557001e-08,-1.426070900583491e-08,-7.983746019846194e-08,-1.600644526002233e-08,1.116832313041133e-07,2.1344974853608052e-08
130.0,-7.832664306040016e-08,-1.4433838052926673e-08,-8.011999183543672e-08,-1.623114091872992e-08,1.1204586607645004e-07,2.162700398511524e-08
131.0,-7.863165654709015e-08,-1.4605299478525593e-08,-8.054728396766908e-08,-1.6454070794300132e-08,1.1256465860076982e-07,2.1906622092911078e-08
132.0,-7.888315736725993e-08,-1.4775081750866846e-08,-8.094055214957763e-08,-1.6675230122387423e-08,1.1302179213986296e-07,2.2183817446530173e-08
133.0,-7.914352953553028e-08,-1.4943174192962248e-08,-8.13235276481139e-08,-1.6894615112186268e-08,1.1347781464442687e-07,2.2458579611651293e-08
134.0,-7.93545506250215e-08,-1.5109566974330523e-08,-8.16273861420358e-08,-1.7112222887292072e-08,1.1384276381606395e-07,2.2730899402040864e-08
135.0,-7.957430325777892e-08,-1.5274251101068754e-08,-8.192399256201632e-08,-1.7328051424506236e-08,1.142086261902413e-07,2.3000768828840096e-08
136.0,-7.977877980458459e-08,-1.5437218404336145e-08,-8.223111805372163e-08,-1.7542099490843497e-08,1.1457142088441382e-07,2.326818104743087e-08
137.0,-7.999177795148249e-08,-1.5598461527323954e-08,-8.254929301232394e-08,-1.7754366579007525e-08,1.1494812010935104e-07,2.3533130302123366e-08
138.0,-8.021509378952629e-08,-1.575797391078867e-08,-8.284097183230976e-08,-1.7964852841612666e-08,1.1531299963917355e-07,2.37956118689191e-08
139.0,-8.045128305211868e-08,-1.5915749777227772e-08,-8.310926777332917e-08,-1.8173559024443564e-08,1.156700451048198e-07,2.40556219966148e-08
140.0,-8.065515363919751e-08,-1.6071784113779356e-08,-8.33425521651332e-08,-1.8380486399059558e-08,1.1597945856900913e-07,2.431315784652483e-08
141.0,-8.088794867244786e-08,-1.6226072653927983e-08,-8.362050996080228e-08,-1.8585636695066682e-08,1.1634109302624414e-07,2.456821743111214e-08
142.0,-8.112688559824832e-08,-1.637861185810033e-08,-8.38970591193755e-08,-1.8789012032395547e-08,1.1670598997374239e-07,2.4820799551829786e-08
143.0,-8.131384221510274e-08,-1.652939889323605e-08,-8.409629351224801e-08,-1.8990614853937302e-08,1.1697917557531679e-07,2.50709037364864e-08
144.0,-8.147683067116773e-08,-1.667843161142174e-08,-8.424866659861863e-08,-1.9190447858901065e-08,1.1720201261012259e-07,2.5318530176458902e-08
145.0,-8.163460271659595e-08,-1.6825708527679114e-08,-8.438946406952308e-08,-1.9388513937264243e-08,1.1741290391876773e-07,2.5563679664083714e-08
146.0,-8.184135366628986e-08,-1.6971228797001666e-08,-8.461118444769156e-08,-1.9584816105690105e-08,1.1771601294459483e-07,2.5806353530562234e-08
147.0,-8.204305276815482e-08,-1.7114992190735867e-08,-8.484480092108004e-08,-1.977935744528241e-08,1.1802416172486014e-07,2.6046553584714283e-08
148.0,-8.225102923753447e-08,-1.7256999072402126e-08,-8.51071377122592e-08,-1.9972141041532574e-08,1.1835732634783197e-07,2.628428205290249e-08
149.0,-8.246990559901413e-08,-1.7397250373047538e-08,-8.538072968078403e-08,-2.0163169926791135e-08,1.1870616803828441e-07,2.6519541520431308e-08
150.0,-8.26893775951465e-08,-1.753574756621775e-08,-8.566411206778479e-08,-2.0352447025563977e-08,1.1906247630313552e-07,2.6752334874698546e-08
151.0,-8.286842789750892e-08,-1.767249264263044e-08,-8.58889923210926e-08,-2.0539975102898048e-08,1.1934862941876348e-07,2.6982665250348545e-08
152.0,-8.303931034459033e-08,-1.7807488084628877e-08,-8.61414559683027e-08,-2.0725756716083898e-08,1.196489761713163e-07,2.7210535976646146e-08
153.0,-8.324738276499488e-08,-1.794073684049121e-08,-8.645544663510307e-08,-2.0909794169863792e-08,1.2001946088071184e-07,2.7435950527261108e-08
154.0,-8.337215753884131e-08,-1.807224229866885e-08,-8.665413601949279e-08,-2.109208947529597e-08,1.202491411277691e-07,2.7658912472623498e-08
155.0,-8.355919228764108e-08,-1.8202008262025218e-08,-8.69251934737525e-08,-2.1272644312386863e-08,1.205741592390852e-07,2.7879425434981267e-08
156.0,-8.374915205777711e-08,-1.8330038922143033e-08,-8.721191448179955e-08,-2.1451459996564592e-08,1.2091252415683576e-07,2.8097493046261348e-08
157.0,-8.39736967739313e-08,-1.8456338833763748e-08,-8.756883250471414e-08,-2.1628537449029115e-08,1.2132552153656228e-07,2.8313118908805156e-08
158.0,-8.420055533364668e-08,-1.858091288941711e-08,-8.79793277813734e-08,-2.180387717097734e-08,1.217788800874636e-07,2.8526306559018685e-08
159.0,-8.440117249541856e-08,-1.870376629429244e-08,-8.831904860229223e-08,-2.1977479221667585e-08,1.2216305605466594e-07,2.8737059433948525e-08
160.0,-8.455764174963853e-08,-1.8824904541398235e-08,-8.853596143720832e-08,-2.2149343200259843e-08,1.224279839165501e-07,2.8945380840771588e-08
161.0,-8.470479306854628e-08,-1.8944333387054135e-08,-8.870870274457765e-08,-2.2319468231349692e-08,1.2265453889445382e-07,2.9151273929171047e-08
162.0,-8.486098754256766e-08,-1.906205882675952e-08,-8.890213201717678e-08,-2.248785295410507e-08,1.229023038185182e-07,2.935474166656497e-08
163.0,-8.502011142330623e-08,-1.9178087071484518e-08,-8.912685740825044e-08,-2.2654495514913265e-08,1.231747379047425e-07,2.9555786816153764e-08
164.0,-8.518501523613331e-08,-1.9292424524430915e-08,-8.935137087162648e-08,-2.2819393563445887e-08,1.2345101983142629e-07,2.9754411917754082e-08
165.0,-8.533981976643901e-08,-1.9405077758310602e-08,-8.952056361477556e-08,-2.2982544252048598e-08,1.236802981386905e-07,2.9950619271386076e-08
166.0,-8.547984592377489e-08,-1.951605349318809e-08,-8.966190744030822e-08,-2.3143944238358295e-08,1.2387922224887713e-07,3.0144410923577435e-08
167.0,-8.565649814440413e-08,-1.9625358574931227e-08,-8.986825857093539e-08,-2.330358969104375e-08,1.241504714970298e-07,3.033578865634065e-08
168.0,-8.583142641072072e-08,-1.973299995431064e-08,-9.008894034934212e-08,-2.3461476298555573e-08,1.244309082702778e-07,3.0524753978770547e-08
169.0,-8.599043932466799e-08,-1.9838984666784162e-08,-9.030275410770727e-08,-2.3617599280757205e-08,1.2469540109677843e-07,3.0711308121195627e-08
170.0,-8.612556917642067e-08,-1.994331981299758e-08,-9.050521571074555e-08,-2.377195340329029e-08,1.2493521415842294e-07,3.089545203180014e-08
171.0,-8.626116931864658e-08,-2.0046012540028235e-08,-9.073636671186325e-08,-2.3924532994506344e-08,1.2519615639583325e-07,3.107718637561474e-08
172.0,-8.641117549279542e-08,-2.014707002339342e-08,-9.09932247467049e-08,-2.4075331964773626e-08,1.2548568922331756e-07,3.1256511535754016e-08
173.0,-8.656315769739464e-08,-2.024649944984066e-08,-9.124934237381144e-08,-2.422434382794459e-08,1.257760818049166e-07,3.14334276167584e-08
174.0,-8.668163051228639e-08,-2.034430800093139e-08,-9.145996920922883e-08,-2.4371561724746586e-08,1.260104401866037e-07,3.1607934449877925e-08
175.0,-8.680456831111627e-08,-2.044050283742288e-08,-9.168178265184235e-08,-2.4516978447837668e-08,1.2625601906403874e-07,3.17800316001151e-08
176.0,-8.69742749209923e-08,-2.0535091084445622e-08,-9.196476398465325e-08,-2.466058646825132e-08,1.265782063105072e-07,3.1949718374826374e-08
177.0,-8.717696864390945e-08,-2.0628079817464628e-08,-9.229788192066657e-08,-2.4802377962939805e-08,1.269595324069149e-07,3.211699383366475e-08
178.0,-8.737075343767664e-08,-2.071947604900347e-08,-9.261232229718086e-08,-2.494234484311494e-08,1.2732121110617895e-07,3.228185679963185e-08
179.0,-8.753396260607893e-08,-2.0809286716100576e-08,-9.286531563179601e-08,-2.508047878308003e-08,1.2761724592278084e-07,3.244430587099742e-08
180.0,-8.766281342498239e-08,-2.089751866845979e-08,-9.307619087961516e-08,-2.521677124924918e-08,1.2785908714769486e-07,3.2604339433840976e-08
181.0,-8.777471691145955e-08,-2.098417865725352e-08,-9.3247844126787e-08,-2.5351213529062223e-08,1.2806077214815013e-07,3.276195567497621e-08
182.0,-8.789868216618757e-08,-2.1069273324536428e-08,-9.338721250473636e-08,-2.5483796759524742e-08,1.2824722135764678e-07,3.2917152595034e-08
183.0,-8.803473205976076e-08,-2.1152809193229735e-08,-9.352095618753165e-08,-2.561451195512972e-08,1.284378577175129e-07,3.306992802150095e-08
184.0,-8.817341895506203e-08,-2.123479265763896e-08,-9.36787940969408e-08,-2.5743350034947345e-08,1.286478459737353e-07,3.322027962153391e-08
185.0,-8.830788403302314e-08,-2.1315229974470165e-08,-9.386513842579713e-08,-2.587030184869801e-08,1.2887570210898532e-07,3.33682049143931e-08
186.0,-8.844657634066166e-08,-2.1394127254311654e-08,-9.403926218287673e-08,-2.599535820164944e-08,1.290975588393689e-07,3.35137012833566e-08
187.0,-8.856833380588292e-08,-2.147149045354977e-08,-9.416189274136233e-08,-2.6118509878200632e-08,1.2927030516629148e-07,3.36567659869958e-08
188.0,-8.866961456743816e-08,-2.154732536669e-08,-9.42687419236421e-08,-2.6239747664034342e-08,1.2941752683235869e-07,3.3797396169706884e-08
189.0,-8.877276783114674e-08,-2.1621637619057408e-08,-9.441251569430875e-08,-2.6359062366735803e-08,1.295929296996205e-07,3.393558887140698e-08
190.0,-8.88758303896342e-08,-2.169443265985369e-08,-9.457577754279356e-08,-2.647644483478855e-08,1.2978247541664091e-07,3.4071341036315215e-08
191.0,-8.898280853819607e-08,-2.1765715755551142e-08,-9.473597248343957e-08,-2.6591885974866833e-08,1.2997247669306097e-07,3.4204649520747285e-08
192.0,-8.910572849019083e-08,-2.183549198360546e-08,-9.49141594208669e-08,-2.6705376767348244e-08,1.301865143105742e-07,3.4335511099855957e-08
193.0,-8.925722327912666e-08,-2.190376622646959e-08,-9.514709284341727e-08,-2.6816908279970566e-08,1.3046003673176602e-07,3.446392247325069e-08
194.0,-8.940942658464124e-08,-2.197054316589024e-08,-9.540618443881765e-08,-2.692647167955493e-08,1.3075314753904797e-07,3.458988026942714e-08
195.0,-8.953176694470599e-08,-2.2035827277467328e-08,-9.565103363529115e-08,-2.7034058241715206e-08,1.3101548583179297e-07,3.4713381048935125e-08
196.0,-8.963299605313502e-08,-2.209962282545705e-08,-9.587558517931694e-08,-2.7139659358474108e-08,1.3124862595447532e-07,3.4834421306214035e-08
197.0,-8.972230289283623e-08,-2.2161933857801203e-08,-9.607283869839112e-08,-2.724326654371159e-08,1.3145372559178734e-07,3.4952997470029645e-08
198.0,-8.981984916944796e-08,-2.2222764201369732e-08,-9.625951728764459e-08,-2.734487143638345e-08,1.3165675057995593e-07,3.5069105902458275e-08
199.0,-8.992614147773637e-08,-2.2282117457409225e-08,-9.643682068183335e-08,-2.7444465801467147e-08,1.3185890680683628e-07,3.5182742896381836e-08
200.0,-9.003478576574686e-08,-2.233999699719567e-08,-9.659719191201788e-08,-2.7542041528617112e-08,1.3205029395336893e-07,3.5293904671479526e-08
201.0,-9.01406617681566e-08,-2.2396405957895056e-08,-9.674158350791995e-08,-2.763759062854144e-08,1.3222810927946093e-07,3.54025873687273e-08
202.0,-9.023879649072697e-08,-2.2451347238639895e-08,-9.6874567562244e-08,-2.7731105227144722e-08,1.323923042796167e-07,3.550878704344284e-08
203.0,-9.033710202110967e-08,-2.2504823496834172e-08,-9.700413466928737e-08,-2.7822577557515833e-08,1.3255411779537297e-07,3.561249965694203e-08
204.0,-9.042775298007122e-08,-2.255683714470378e-08,-9.711575683912788e-08,-2.7911999949874296e-08,1.3269758375894188e-07,3.571372106690091e-08
205.0,-9.050112803610233e-08,-2.2607390346114157e-08,-9.719894628057446e-08,-2.799936481962228e-08,1.3280846860746864e-07,3.58124470165452e-08
206.0,-9.057447708515909e-08,-2.2656485013681462e-08,-9.72848906849455e-08,-2.808466465368126e-08,1.3292135214039845e-07,3.590867312281533e-08
207.0,-9.06539794620631e-08,-2.2704122806207993e-08,-9.738985837226544e-08,-2.8167891995320318e-08,1.3305235250110416e-07,3.600239486367881e-08
208.0,-9.07396516536263e-08,-2.2750305126475734e-08,-9.750016438658804e-08,-2.8249039427707304e-08,1.3319146533330557e-07,3.609360756478116e-08
209.0,-9.082884483424536e-08,-2.2795033119433903e-08,-9.760254751634001e-08,-2.832809955643259e-08,1.3332717778308677e-07,3.618230638564174e-08
210.0,-9.091761743462712e-08,-2.2838307670816766e-08,-9.76939185937109e-08,-2.8405064991268473e-08,1.3345454241120393e-07,3.626848630561071e-08
211.0,-9.100291589736464e-08,-2.2880129406227243e-08,-9.778443943453397e-08,-2.8479928327435513e-08,1.3357891786262105e-07,3.635214210980871e-08
212.0,-9.108493237430793e-08,-2.292049869072037e-08,-9.788940842636595e-08,-2.8552682126650903e-08,1.337116344515171e-07,3.6433268375272646e-08
213.0,-9.11726708574534e-08,-2.2959415628919075e-08,-9.801935008102447e-08,-2.8623318898233223e-08,1.338665339119078e-07,3.651185945752942e-08
214.0,-9.126564171069163e-08,-2.299688006569299e-08,-9.815852201888742e-08,-2.8691831080533006e-08,1.340317604219117e-07,3.658790947781429e-08
215.0,-9.134650288955548e-08,-2.303289158742943e-08,-9.828087746410752e-08,-2.8758211022949894e-08,1.3417643036415333e-07,3.666141231114338e-08
216.0,-9.140940329666059e-08,-2.3067449523924505e-08,-9.838168378573098e-08,-2.882245096878576e-08,1.3429309258322672e-07,3.673236157544063e-08
217.0,-9.146285906425078e-08,-2.310055295092138e-08,-9.84776403895049e-08,-2.8884543039170642e-08,1.3439977769658568e-07,3.6800750621909456e-08
218.0,-9.151935026485702e-08,-2.3132200693322195e-08,-9.857609450936167e-08,-2.8944479218284865e-08,1.3451036347293166e-07,3.686657252682934e-08
219.0,-9.158128549957567e-08,-2.316239132909959e-08,-9.867826873677377e-08,-2.9002251340086337e-08,1.3462738419297067e-07,3.692982008494643e-08
220.0,-9.164452349774699e-08,-2.3191123193931974e-08,-9.87764112309053e-08,-2.9057851076736298e-08,1.3474233968128211e-07,3.699048580461481e-08
221.0,-9.170792872326139e-08,-2.321839438658398e-08,-9.886973674488875e-08,-2.9111269928898925e-08,1.3485388031018758e-07,3.704856190482971e-08
222.0,-9.177122764492118e-08,-2.3244202775049015e-08,-9.896113642438031e-08,-2.9162499218070462e-08,1.349639386868239e-07,3.710404031427671e-08
223.0,-9.183562418857427e-08,-2.326854600346532e-08,-9.905487255434942e-08,-2.9211530081072263e-08,1.3507645852206614e-07,3.715691267250154e-08
224.0,-9.190437330608425e-08,-2.3291421499810774e-08,-9.915410978389438e-08,-2.9258353466818816e-08,1.3519597375595424e-07,3.7207170333283746e-08
225.0,-9.197038261521406e-08,-2.331282648437474e-08,-9.92547976585989e-08,-2.9302960135447594e-08,1.3531469298135468e-07,3.725480437027511e-08
226.0,-9.203069359364768e-08,-2.33327579789985e-08,-9.935669799399083e-08,-2.9345340659871798e-08,1.354304323244852e-07,3.729980558494e-08
227.0,-9.20802632198292e-08,-2.335121281706875e-08,-9.945641586683873e-08,-2.938548542979048e-08,1.355372772771779e-07,3.734216451681104e-08
228.0,-9.212391358093264e-08,-2.3368187654242377e-08,-9.955730764787951e-08,-2.9423384658164073e-08,1.3564097079998237e-07,3.738187145604914e-08
229.0,-9.217932805949403e-08,-2.338367897987416e-08,-9.966747042955415e-08,-2.945902839013683e-08,1.3575946811668744e-07,3.7418916458273715e-08
230.0,-9.225003078094929e-08,-2.3397683129112832e-08,-9.977407904038227e-08,-2.9492406514362154e-08,1.3588574254660618e-07,3.745328936160555e-08
231.0,-9.231729905523345e-08,-2.341019629562451e-08,-9.986704246900402e-08,-2.9523508776662375e-08,1.359996686626819e-07,3.7484979805842725e-08
232.0,-9.236699219372646e-08,-2.342121454489577e-08,-9.995066717338741e-08,-2.9552324795931863e-08,1.3609480928867634e-07,3.751397725366867e-08
233.0,-9.241268805748604e-08,-2.3430733828062507e-08,-1.0004156962561961e-07,-2.9578844082171625e-08,1.3619258631499704e-07,3.7540271013772327e-08
234.0,-9.24593572537713e-08,-2.343874999620552e-08,-1.0013257574492673e-07,-2.960305605652494e-08,1.3629110561256006e-07,3.7563850265743025e-08
235.0,-9.251072624616441e-08,-2.3445258815049577e-08,-1.0022538043941154e-07,-2.9624950073166772e-08,1.3639413973781114e-07,3.758470408658763e-08
236.0,-9.256861305262376e-08,-2.345025597999928e-08,-1.0033238612150441e-07,-2.964451544288475e-08,1.3651203546691785e-07,3.76028214787043e-08
237.0,-9.262745453986199e-08,-2.34537371314423e-08,-1.0045053062956999e-07,-2.9661741458176395e-08,1.3663877355383565e-07,3.7618191399135614e-08
238.0,-9.267182818351039e-08,-2.3455697870248474e-08,-1.0054933377579012e-07,-2.9676617419676915e-08,1.3674149429353666e-07,3.763080278991508e-08
239.0,-9.270593728794019e-08,-2.345613377339219e-08,-1.0061827178386995e-07,-2.9689132663724652e-08,1.3681530406065038e-07,3.76406446093148e-08
240.0,-9.273784429275622e-08,-2.345504040962566e-08,-1.0066700478761348e-07,-2.9699276590868074e-08,1.3687276433599526e-07,3.764770586380025e-08
241.0,-9.277709392407907e-08,-2.345241335513244e-08,-1.0073185630066206e-07,-2.9707038695119208e-08,1.3694705557541069e-07,3.765197564049968e-08
242.0,-9.28243761022518e-08,-2.3448248209092825e-08,-1.0082125213861648e-07,-2.9712408593762644e-08,1.3704484551259407e-07,3.7653443140000734e-08
243.0,-9.286164953659082e-08,-2.3442540609095932e-08,-1.0089681201641554e-07,-2.9715376057535883e-08,1.3712568187517796e-07,3.7652097709293915e-08
244.0,-9.288087160497227e-08,-2.3435286246336877e-08,-1.0091973730308457e-07,-2.9715931041005137e-08,1.3715556746783173e-07,3.764792887469093e-08
245.0,-9.288815483454727e-08,-2.3426480880541566e-08,-1.0091099848785756e-07,-2.9714063712970734e-08,1.3715407002485642e-07,3.7640926374556575e-08
246.0,-9.29002459959527e-08,-2.341612035456669e-08,-1.0091829245884032e-07,-2.9709764486748102e-08,1.3716762540379764e-07,3.7631080191704706e-08
247.0,-9.290892172275633e-08,-2.340420060862775e-08,-1.0094028120299914e-07,-2.9703024050182876e-08,1.3718967929485733e-07,3.761838058532179e-08
248.0,-9.291653124687826e-08,-2.339071769411281e-08,-1.009658951167669e-07,-2.969383339527016e-08,1.3721367918572142e-07,3.7602818122293536e-08
249.0,-9.292213076772526e-08,-2.337566778694361e-08,-1.0098202556096947e-07,-2.9682183847257063e-08,1.3722934042255878e-07,3.758438370781919e-08
250.0,-9.293623656758676e-08,-2.3359047200448338e-08,-1.0101164030218435e-07,-2.9668067093114037e-08,1.3726068462558507e-07,3.756306861520506e-08
251.0,-9.297359743198896e-08,-2.3340852397711644e-08,-1.0107538703230112e-07,-2.965147520926477e-08,1.3733289366781365e-07,3.7538864514732505e-08
252.0,-9.302395925780971e-08,-2.3321080003367872e-08,-1.0116214764488429e-07,-2.963240068846722e-08,1.3743084483522615e-07,3.751176350149839e-08
253.0,-9.30565587087262e-08,-2.3299726814803108e-08,-1.0122418747648965e-07,-2.9610836465740937e-08,1.374985790798804e-07,3.7481758122127434e-08
254.0,-9.30617853334148e-08,-2.3276789812732123e-08,-1.0123753679813774e-07,-2.9586775943239664e-08,1.375119440135906e-07,3.744884140025932e-08
255.0,-9.306307741097086e-08,-2.3252266171117835e-08,-1.0124005138389958e-07,-2.9560213013974753e-08,1.3751466969532735e-07,3.741300686071918e-08
256.0,-9.306332393599348e-08,-2.322615326640483e-08,-1.0125193911081354e-07,-2.9531142084304905e-08,1.3752358865196745e-07,3.737424855229033e-08
257.0,-9.306919282470183e-08,-2.319844868604362e-08,-1.0127399058257325e-07,-2.9499558095120484e-08,1.37543796012618e-07,3.7332561069020873e-08
258.0,-9.307870502128779e-08,-2.3169150236288333e-08,-1.0128458205471702e-07,-2.9465456541664668e-08,1.3755803099215475e-07,3.7287939570010325e-08
259.0,-9.308179085842916e-08,-2.3138255949256427e-08,-1.0127980150376192e-07,-2.9428833491948065e-08,1.375565991948542e-07,3.724037979763715e-08
260.0,-9.306825018984277e-08,-2.3105764089244777e-08,-1.0126051949721493e-07,-2.9389685603727497e-08,1.375332396268081e-07,3.7189878094202146e-08
261.0,-9.303761819290379e-08,-2.30716731583023e-08,-1.0121016620623369e-07,-2.9348010140033693e-08,1.374754383244585e-07,3.713643141697735e-08
262.0,-9.301633788205699e-08,-2.303598190106478e-08,-1.0116686316452572e-07,-2.9303804983246154e-08,1.374291574431673e-07,3.7080037351663384e-08
263.0,-9.300510703247333e-08,-2.2998689308862818e-08,-1.0115520455988847e-07,-2.925706864772545e-08,1.3741297370945256e-07,3.702069412427119e-08
264.0,-9.301075393208791e-08,-2.2959794623117868e-08,-1.0116213164379495e-07,-2.9207800291022553e-08,1.3742189500124028e-07,3.695840061145318e-08
265.0,-9.302012168865836e-08,-2.2919297338043905e-08,-1.0115831423906929e-07,-2.91559997236909e-08,1.3742542551748965e-07,3.68931563493156e-08
266.0,-9.301070577616422e-08,-2.287719720267359e-08,-1.0112719568688977e-07,-2.9101667417730333e-08,1.37396146585247e-07,3.682496154074712e-08
267.0,-9.298323139228515e-08,-2.2833494222228856e-08,-1.0108736971103927e-07,-2.9044804513693722e-08,1.3734823491857324e-07,3.6753817061300745e-08
268.0,-9.29491904000379e-08,-2.2788188658857113e-08,-1.010513634436272e-07,-2.8985412826488176e-08,1.3729868917742272e-07,3.667972446366794e-08
269.0,-9.291258720733886e-08,-2.2741281031756124e-08,-1.0101109372551154e-07,-2.8923494849903197e-08,1.372442709812888e-07,3.6602685980785295e-08
270.0,-9.288953489727803e-08,-2.2692772116712485e-08,-1.0099061804880183e-07,-2.8859053759897266e-08,1.3721359490703394e-07,3.6522704527614904e-08
271.0,-9.288196706203067e-08,-2.264266294507956e-08,-1.009980067079308e-07,-2.8792093416671925e-08,1.3721391024341293e-07,3.643978370163861e-08
272.0,-9.287584745720778e-08,-2.2590954802220668e-08,-1.0101659424222031e-07,-2.8722618365558382e-08,1.3722345044922864e-07,3.635392778210288e-08
273.0,-9.28680620182476e-08,-2.2537649225441816e-08,-1.010212729302129e-07,-2.8650633836736684e-08,1.372216255823609e-07,3.6265141728047056e-08
274.0,-9.285608251752286e-08,-2.2482748001436858e-08,-1.0100315975258845e-07,-2.8576145743803583e-08,1.3720018345653886e-07,3.617343117514324e-08
275.0,-9.282837612478723e-08,-2.2426253163266715e-08,-1.0096015913563239e-07,-2.8499160681203306e-08,1.3714977632740485e-07,3.607880243137451e-08
276.0,-9.277210338831665e-08,-2.2368166986894454e-08,-1.0088163703014796e-07,-2.8419685920536906e-08,1.3705388669050956e-07,3.5981262471578745e-08
277.0,-9.270159281871138e-08,-2.2308491987299348e-08,-1.0078396699142456e-07,-2.833772940576969e-08,1.36934266396891e-07,3.58808189308897e-08
278.0,-9.264175471201952e-08,-2.2247230914194727e-08,-1.0071858781712795e-07,-2.8253299747361513e-08,1.3684563803058725e-07,3.577748009711152e-08
279.0,-9.261705374852269e-08,-2.2184386747375695e-08,-1.00721730705855e-07,-2.8166406215349097e-08,1.3683123065089898e-07,3.5671254902067256e-08
280.0,-9.260032485247649e-08,-2.211996269172228e-08,-1.0072613980394163e-07,-2.8077058731411695e-08,1.3682315375179514e-07,3.55621529119631e-08
281.0,-9.257590699585094e-08,-2.2053962171880807e-08,-1.006869469466487e-07,-2.7985267859951382e-08,1.367777753933061e-07,3.545018431680828e-08
282.0,-9.255020327891827e-08,-2.1986388826642333e-08,-1.0060109795206884e-07,-2.7891044798218752e-08,1.366971873746159e-07,3.53353599189273e-08
283.0,-9.25250738248451e-08,-2.1917246503032634e-08,-1.0050879170608873e-07,-2.7794401365515912e-08,1.3661224870600353e-07,3.521769112059934e-08
284.0,-9.247669929823843e-08,-2.1846539250124732e-08,-1.0040869684313503e-07,-2.7695349991511707e-08,1.3650584718184568e-07,3.509718991085932e-08
285.0,-9.241234980028601e-08,-2.177427131258315e-08,-1.0029715237502845e-07,-2.7593903703708412e-08,1.3638020813208234e-07,3.497386885149719e-08
286.0,-9.235524559003672e-08,-2.1700447123948385e-08,-1.002116338105763e-07,-2.7490076114102023e-08,1.362786224577466e-07,3.484774106229354e-08
287.0,-9.230536557325308e-08,-2.1625071299670022e-08,-1.0015042453681566e-07,-2.7383881405078393e-08,1.3619980928223176e-07,3.471882020552978e-08
288.0,-9.225228478348946e-08,-2.1548148629897113e-08,-1.0006784105509592e-07,-2.7275334314584184e-08,1.3610311113711538e-07,3.458712046980884e-08
289.0,-9.220584570868162e-08,-2.14696840720338e-08,-9.998012978629234e-08,-2.7164450120605106e-08,1.3600714810235918e-07,3.445265655321691e-08
290.0,-9.217753926815675e-08,-2.1389682743066905e-08,-9.994139996138962e-08,-2.7051244624975343e-08,1.3595948724445466e-07,3.431544364584982e-08
291.0,-9.213425142262643e-08,-2.130814991167067e-08,-9.990895925848786e-08,-2.6935734136532068e-08,1.359062928098693e-07,3.4175497411719134e-08
292.0,-9.206397338923367e-08,-2.1225090990092678e-08,-9.9841294301517e-08,-2.681793545361932e-08,1.3580890708644871e-07,3.4032833970045055e-08
293.0,-9.200741032944215e-08,-2.114051152582427e-08,-9.979749807098592e-08,-2.6697865845936197e-08,1.3573836663507772e-07,3.388746987593597e-08
294.0,-9.195073233381201e-08,-2.1054417193059642e-08,-9.973975620414244e-08,-2.6575543035717698e-08,1.3565749571765695e-07,3.3739422100450184e-08
295.0,-9.187837979318658e-08,-2.096681378394913e-08,-9.96324970997664e-08,-2.645098517823268e-08,1.3552959511396763e-07,3.358870801003311e-08
296.0,-9.180346505210935e-08,-2.087770719965409e-08,-9.952022420045559e-08,-2.6324210841582898e-08,1.3539627476589896e-07,3.343534534532452e-08
297.0,-9.173505827186901e-08,-2.078710344121264e-08,-9.943389570055139e-08,-2.6195238985789187e-08,1.3528643882640763e-07,3.32793521993328e-08
298.0,-9.166338682531361e-08,-2.0695008600227217e-08,-9.936237600760567e-08,-2.606408894115483e-08,1.3518527379179985e-07,3.31207469949773e-08
299.0,-9.160477229541719e-08,-2.06014288493862e-08,-9.931563357823414e-08,-2.5930780385900268e-08,1.3511117415055388e-07,3.2959548462003825e-08
300.0,-9.153708863118837e-08,-2.0506370432832636e-08,-9.922901764158887e-08,-2.579533332306817e-08,1.3500161679472135e-07,3.279577561328222e-08
301.0,-9.145096935281316e-08,-2.040983965639366e-08,-9.908349606069233e-08,-2.5657768056703356e-08,1.3483626732885484e-07,3.2629447720499236e-08
302.0,-9.13806218749702e-08,-2.031184287768465e-08,-9.896490180127948e-08,-2.551810516731967e-08,1.3470140995102158e-07,3.246058428926603e-08
303.0,-9.131777964355159e-08,-2.0212386496102744e-08,-9.886393272096061e-08,-2.5376365486675504e-08,1.345845981978728e-07,3.2289205033666616e-08
304.0,-9.124902863866247e-08,-2.011147694272522e-08,-9.876326365065857e-08,-2.5232570071890085e-08,1.3446400066348218e-07,3.2115329850282036e-08
305.0,-9.117151503201804e-08,-2.0009120670129063e-08,-9.866671286939965e-08,-2.508674017894287e-08,1.3434048303354447e-07,3.1938978791732765e-08
306.0,-9.108127319024106e-08,-1.99053241421492e-08,-9.853106230917064e-08,-2.49388972356078e-08,1.341796130778778e-07,3.1760172039789945e-08
307.0,-9.098142675356691e-08,-1.9800093823594965e-08,-9.836504130666945e-08,-2.4789062813883652e-08,1.3398993008945653e-07,3.1578929878113566e-08
308.0,-9.090185043580945e-08,-1.9693436169946278e-08,-9.823575429501741e-08,-2.4637258601991047e-08,1.3384098712489124e-07,3.139527266468448e-08
309.0,-9.082207746979876e-08,-1.958535761705365e-08,-9.811118167890598e-08,-2.4483506376015704e-08,1.336953766080242e-07,3.120922080400516e-08
310.0,-9.073020276750832e-08,-1.9475864570867948e-08,-9.798392376636489e-08,-2.432782797128509e-08,1.335395784435685e-07,3.102079471915067e-08
311.0,-9.063694034194825e-08,-1.9364963397227476e-08,-9.786450395898871e-08,-2.4170245253571194e-08,1.333885905528985e-07,3.083001482375666e-08
312.0,-9.05268208173382e-08,-1.9252660411731014e-08,-9.771100989430792e-08,-2.4010780090215794e-08,1.3320115142843172e-07,3.06369014940344e-08
313.0,-9.043533596986286e-08,-1.9138961869726592e-08,-9.759466021441732e-08,-2.3849454321277148e-08,1.3305362713714175e-07,3.044147504090537e-08
314.0,-9.035442069538213e-08,-1.9023873956446593e-08,-9.749214438525833e-08,-2.36862897307989e-08,1.3292343493919407e-07,3.02437556823498e-08
315.0,-9.026344241491735e-08,-1.8907402777319966e-08,-9.735766569318738e-08,-2.3521308018303315e-08,1.3276296210094717e-07,3.004376351606447e-08
316.0,-9.017110669251593e-08,-1.8789554348492e-08,-9.721181479238616e-08,-2.335453077061213e-08,1.3259323292454363e-07,2.984151849252579e-08
317.0,-9.006739534744845e-08,-1.867033458758187e-08,-9.704703304858064e-08,-2.318597943409995e-08,1.3240189699625108e-07,2.9637040388554754e-08
318.0,-8.995194242245041e-08,-1.8549749304707874e-08,-9.688029678489585e-08,-2.3015675287486924e-08,1.3220114920340646e-07,2.943034878148182e-08
319.0,-8.98398358206709e-08,-1.8427804193810653e-08,-9.674130249659463e-08,-2.2843639415279558e-08,1.320230120434416e-07,2.9221463024011147e-08
320.0,-8.973523901723013e-08,-1.830450482430486e-08,-9.661068495203651e-08,-2.266989268196935e-08,1.3185612450084022e-07,2.9010402219884342e-08
321.0,-8.963594452793266e-08,-1.8179856633089734e-08,-9.646469470436791e-08,-2.2494455707098312e-08,1.3168158518115404e-07,2.8797185200443272e-08
322.0,-8.953070182449174e-08,-1.8053864916947927e-08,-9.629374150832426e-08,-2.2317348841298222e-08,1.3148471859063327e-07,2.8581830502189128e-08
323.0,-8.941481377533478e-08,-1.7926534825360636e-08,-9.61173901581347e-08,-2.21385921434075e-08,1.3127666058096119e-07,2.8364356345431573e-08
324.0,-8.93235720944574e-08,-1.7797871353764922e-08,-9.598010829170445e-08,-2.1958205358766072e-08,1.3111400275867198e-07,2.8144780614117827e-08
325.0,-8.921618180335322e-08,-1.7667879337277314e-08,-9.58229376124553e-08,-2.1776207898784376e-08,1.3092578992791863e-07,2.792312083692703e-08
326.0,-8.909328094719449e-08,-1.753656344490583e-08,-9.565030682778808e-08,-2.1592618821877317e-08,1.3071569877480566e-07,2.7699394169709875e-08
327.0,-8.897918085670753e-08,-1.7403928174270982e-08,-9.549700179245502e-08,-2.1407456815847217e-08,1.3052575216132189e-07,2.747361737934748e-08
328.0,-8.884919358576049e-08,-1.7269977846855055e-08,-9.533242426029709e-08,-2.122074018179256e-08,1.3031673076080916e-07,2.724580682909714e-08
329.0,-8.872113618774158e-08,-1.713471660379785e-08,-9.51690910244718e-08,-2.1032486819610873e-08,1.3010993771756248e-07,2.7015978465485518e-08
330.0,-8.86161118651696e-08,-1.6998148402255687e-08,-9.503117141818063e-08,-2.0842714215155535e-08,1.2993744196039832e-07,2.678414780680263e-08
331.0,-8.850871457966036e-08,-1.6860277012338483e-08,-9.488124229350969e-08,-2.0651439429096808e-08,1.2975454788061755e-07,2.655032993324157e-08
332.0,-8.837911658066133e-08,-1.6721106014637294e-08,-9.46975877158529e-08,-2.045867908752809e-08,1.2953185464116455e-07,2.6314539478720403e-08
333.0,-8.824689307074252e-08,-1.658063879835182e-08,-9.451924307124493e-08,-2.026444937434927e-08,1.293112580071826e-07,2.607679062441392e-08
334.0,-8.812412927161617e-08,-1.6438878560024876e-08,-9.435931128121133e-08,-2.0068766025450737e-08,1.291105796801527e-07,2.5837097094015005e-08
335.0,-8.800867887237551e-08,-1.629582830288822e-08,-9.420597674170139e-08,-1.98716443247133e-08,1.289197176956221e-07,2.5595472150737788e-08
336.0,-8.789410901877126e-08,-1.6151490836821913e-08,-9.4050235308063e-08,-1.9673099101831534e-08,1.2872770160966002e-07,2.535192859606706e-08
337.0,-8.77638053342622e-08,-1.6005868778926885e-08,-9.388108050678579e-08,-1.947314473195971e-08,1.285151462041415e-07,2.5106478770250933e-08
338.0,-8.761181272132212e-08,-1.5858964554708025e-08,-9.367844017171834e-08,-1.9271795137172046e-08,1.282633224321054e-07,2.485913455452657e-08
339.0,-8.746854049390684e-08,-1.571078039986349e-08,-9.35009958347166e-08,-1.9069063789722186e-08,1.2803586137570175e-07,2.4609907375062576e-08
340.0,-8.735184575670019e-08,-1.556131836267421e-08,-9.338312302598073e-08,-1.8864963717081145e-08,1.2787006148112933e-07,2.43588082085964e-08
341.0,-8.721867447714082e-08,-1.5410580306986098e-08,-9.322705880887572e-08,-1.8659507508727232e-08,1.2766511532796665e-07,2.4105847589739925e-08
342.0,-8.706198237340423e-08,-1.5258567915774974e-08,-9.300761109887201e-08,-1.845270732465665e-08,1.2739781982870023e-07,2.3851035619921167e-08
343.0,-8.693297931516852e-08,-1.5105282695281998e-08,-9.282418278466764e-08,-1.824457490557934e-08,1.271757516284174e-07,2.359438197792538e-08
344.0,-8.68011824362025e-08,-1.495072597970414e-08,-9.262865971471079e-08,-1.803512158476245e-08,1.269429551919546e-07,2.333589593199532e-08
345.0,-8.665618542180731e-08,-1.4794898936421729e-08,-9.23931321172855e-08,-1.782435830148275e-08,1.2667195954235816e-07,2.307558635344757e-08
346.0,-8.651972335793623e-08,-1.46378025717419e-08,-9.216501568876101e-08,-1.7612295616047973e-08,1.2641223297942086e-07,2.2813461731759167e-08
347.0,-8.64042350168237e-08,-1.4479437737133887e-08,-9.199873164666972e-08,-1.739894372634487e-08,1.2621195844070581e-07,2.2549530191074813e-08
348.0,-8.627423406237789e-08,-1.4319805135929507e-08,-9.18364057994614e-08,-1.718431248586714e-08,1.2600463837975693e-07,2.2283799508080185e-08
349.0,-8.61002094343366e-08,-1.4158905330460134e-08,-9.161599663631836e-08,-1.6968411423169834e-08,1.2572484601025576e-07,2.2016277131180514e-08
350.0,-8.591923406076063e-08,-1.3996738749600357e-08,-9.138267637043285e-08,-1.675124976268849e-08,1.2543089062193186e-07,2.1746970200916966e-08
351.0,-8.576942028826195e-08,-1.3833305696688325e-08,-9.119908736532345e-08,-1.6532836446852454e-08,1.2519451662454079e-07,2.147588557154696e-08
352.0,-8.562453759908273e-08,-1.3668606357792754e-08,-9.101717286796873e-08,-1.6313180159412954e-08,1.2496274323147055e-07,2.1203029833707876e-08
353.0,-8.548396102092681e-08,-1.3502640810295715e-08,-9.082743769595059e-08,-1.60922893498968e-08,1.2472822868236012e-07,2.0928409338076504e-08
354.0,-8.532171172359604e-08,-1.3335409031758344e-08,-9.061410126409708e-08,-1.587017225908636e-08,1.2446168020456925e-07,2.065203021992742e-08
355.0,-8.51636365872821e-08,-1.3166910909033766e-08,-9.04014781505369e-08,-1.5646836945415978e-08,1.2419851951038972e-07,2.037389842448446e-08
356.0,-8.501265297278238e-08,-1.2997146247588777e-08,-9.017861814231143e-08,-1.5422291312164815e-08,1.2393278152098236e-07,2.009401973294999e-08
357.0,-8.487692881864461e-08,-1.2826114780993165e-08,-8.99814634747198e-08,-1.519654313531635e-08,1.2369622797295639e-07,1.9812399789088066e-08
358.0,-8.472610310561457e-08,-1.2653816180533068e-08,-8.979097121386559e-08,-1.4969600091944843e-08,1.2345416582275574e-07,1.9529044126228708e-08
359.0,-8.456270317314107e-08,-1.2480250064902772e-08,-8.959915426265397e-08,-1.474146978897855e-08,1.2320251301224188e-07,1.924395819455175e-08
360.0,-8.438685841771765e-08,-1.2305416009927847e-08,-8.940177539940031e-08,-1.4512159792178709e-08,1.2293827442329235e-07,1.8957147388500032e-08
361.0,-8.421032610117507e-08,-1.212931355827218e-08,-8.921584483678746e-08,-1.4281677655163108e-08,1.2268188942141372e-07,1.866861707416419e-08
362.0,-8.404992823951574e-08,-1.1951942229081587e-08,-8.905285295290888e-08,-1.4050030948294065e-08,1.224532607002368e-07,1.8378372616474977e-08
363.0,-8.389253219887038e-08,-1.1773301527516741e-08,-8.888309872834288e-08,-1.3817227287243434e-08,1.2222177464875418e-07,1.8086419406034334e-08
364.0,-8.373156312746488e-08,-1.1593390954128192e-08,-8.869194535743308e-08,-1.358327436104272e-08,1.219722748621773e-07,1.7792762885413042e-08
365.0,-8.354617153649713e-08,-1.1412210014025485e-08,-8.845265793422374e-08,-1.334817995942504e-08,1.2167101328596962e-07,1.7497408574741682e-08
366.0,-8.335885270938093e-08,-1.1229758225791737e-08,-8.819335114984561e-08,-1.3111951999267958e-08,1.2135388544280005e-07,1.7200362096423142e-08
367.0,-8.320299052511082e-08,-1.104603513009489e-08,-8.798774583929081e-08,-1.2874598549951621e-08,1.2109740315217878e-07,1.690162919879879e-08
368.0,-8.307495813486554e-08,-1.0861040297946195e-08,-8.781932166190831e-08,-1.2636127857453956e-08,1.20887062691867e-07,1.6601215778605755e-08
369.0,-8.289518452220257e-08,-1.067477333855605e-08,-8.757880416709884e-08,-1.2396548367011925e-08,1.2058879946458154e-07,1.6299127902067874e-08
370.0,-8.269666557092492e-08,-1.0487233906737062e-08,-8.732196681016102e-08,-1.215586874418499e-08,1.2026580721112822e-07,1.5995371824468146e-08
371.0,-8.252497044058948e-08,-1.0298421709804756e-08,-8.711868873523265e-08,-1.191409789416442e-08,1.200001528047632e-07,1.568995400805665e-08
372.0,-8.236977921960431e-08,-1.010833651392825e-08,-8.692507791341342e-08,-1.1671244979180232e-08,1.1975286927226148e-07,1.538288113815541e-08
373.0,-8.21793534333537e-08,-9.916978149885756e-09,-8.667905558590316e-08,-1.1427319433866263e-08,1.1944331211075886e-07,1.5074160137329903e-08
374.0,-8.196169182239643e-08,-9.724346518182692e-09,-8.641354586058636e-08,-1.1182330978452346e-08,1.1910088091441283e-07,1.4763798177505562e-08
375.0,-8.177458124536408e-08,-9.530441593493244e-09,-8.61918882932855e-08,-1.0936289629661855e-08,1.1881129468790775e-07,1.4451802689916458e-08
376.0,-8.161577355614291e-08,-9.335263428389206e-09,-8.599305113821121e-08,-1.06892057092018e-08,1.1855774684611126e-07,1.4138181372782527e-08
377.0,-8.143480234590328e-08,-9.138812156322671e-09,-8.5750647041416e-08,-1.0441089849741894e-08,1.1825734861368167e-07,1.3822942196620169e-08
378.0,-8.124463576897334e-08,-8.941087993830963e-09,-8.549361925347387e-08,-1.0191952998287201e-08,1.1794002617555713e-07,1.3506093407098803e-08
379.0,-8.108042148791128e-08,-8.742091241934e-09,-8.527715136819047e-08,-9.9418064168573e-09,1.1766999317638553e-07,1.3187643525363359e-08
380.0,-8.090070166555385e-08,-8.541822286696439e-09,-8.505281352821914e-08,-9.690661680393201e-09,1.1738357900083369e-07,1.2867601345750622e-08
381.0,-8.06907131112311e-08,-8.340281598930053e-09,-8.481303172269694e-08,-9.438530671821782e-09,1.1706511663341134e-07,1.2545975930835622e-08
382.0,-8.0481476899541e-08,-8.137469733015789e-09,-8.459786347836395e-08,-9.185425574215714e-09,1.1676500601222635e-07,1.222277660375367e-08
383.0,-8.029297055012208e-08,-7.933387324829972e-09,-8.44078356654343e-08,-8.931358859995618e-09,1.1649739843226429e-07,1.1898012937753222e-08
384.0,-8.008164920081384e-08,-7.728035088764149e-09,-8.417856521558686e-08,-8.676343277130309e-09,1.1618563327914953e-07,1.1571694742945444e-08
385.0,-7.988293784788603e-08,-7.521413813833151e-09,-8.395335579503005e-08,-8.42039183230174e-09,1.158855025810223e-07,1.1243832050227615e-08
386.0,-7.971428261921432e-08,-7.313524358869992e-09,-8.375122714787686e-08,-8.163517771013594e-09,1.1562281307022088e-07,1.0914435092369658e-08
387.0,-7.95282725785107e-08,-7.1043676468098465e-09,-8.350159430570159e-08,-7.905734554637603e-09,1.1531375629523076e-07,1.0583514282266534e-08
388.0,-7.93013861521974e-08,-6.893944658068735e-09,-8.31976652293509e-08,-7.647055834408538e-09,1.1493720609652503e-07,1.0251080188374174e-08
389.0,-7.909258853411316e-08,-6.682256423026272e-09,-8.29168018412485e-08,-7.3874954223979096e-09,1.1458984941349473e-07,9.917143507363112e-09
390.0,-7.891576114804622e-08,-6.46930401362625e-09,-8.267133529138437e-08,-7.127067259515842e-09,1.1429018783970904e-07,9.581715034041193e-09
391.0,-7.870015800159891e-08,-6.2550885341137115e-09,-8.239214058236577e-08,-6.8657853806088345e-09,1.1393936852212652e-07,9.244805628613592e-09
392.0,-7.84881771243029e-08,-6.039611110932039e-09,-8.213784764843357e-08,-6.603663876736958e-09,1.1360906638386405e-07,8.906426181363221e-09
393.0,-7.830166182110077e-08,-5.82287288180843e-09,-8.191736902696256e-08,-6.340716854726553e-09,1.1332080829329445e-07,8.566587574847152e-09
394.0,-7.807971380557888e-08,-5.60487498406124e-09,-8.164598419568847e-08,-6.07695839410457e-09,1.1297127264594179e-07,8.225300643715618e-09
395.0,-7.783497973923303e-08,-5.385618542167707e-09,-8.134550730232171e-08,-5.812402501528802e-09,1.1258497070781203e-07,7.882576132269465e-09
396.0,-7.762607714956182e-08,-5.165104654636077e-09,-8.109250064503026e-08,-5.547063062835177e-09,1.1225774589975499e-07,7.538424649880868e-09
397.0,-7.739969470899055e-08,-4.943334380230983e-09,-8.083576243100854e-08,-5.280953792828876e-09,1.119157416490075e-07,7.192856624409525e-09
398.0,-7.718770983489165e-08,-4.7203087236053055e-09,-8.060603493009744e-08,-5.014088182950116e-09,1.1160320522595898e-07,6.845882253752429e-09
399.0,-7.700700926926984e-08,-4.496028620394749e-09,-8.040956098187557e-08,-4.74647944694706e-09,1.1133632369489922e-07,6.497511455668624e-09
400.0,-7.681096364509088e-08,-4.270494921833416e-09,-8.018991853875335e-08,-4.478140464689035e-09,1.1104209639294176e-07,6.147753816022127e-09
401.0,-7.657344980316338e-08,-4.0437083789505375e-09,-7.992349794483378e-08,-4.209083724253591e-09,1.1068540436071701e-07,5.796618535587823e-09
402.0,-7.634197846106971e-08,-3.815669626410897e-09,-7.966198538322811e-08,-3.939321262423252e-09,1.1033643818135549e-07,5.4441143755681576e-09
403.0,-7.61062183551875e-08,-3.5863791660650013e-09,-7.940754825908058e-08,-3.6688646037324237e-09,1.0998961402262347e-07,5.090249601974194e-09
404.0,-7.587077957560417e-08,-3.3558373502792635e-09,-7.916749686365243e-08,-3.397724698211399e-09,1.0965339827413619e-07,4.735031929031964e-09
405.0,-7.567221005366775e-08,-3.1240443651205146e-09,-7.898560744346028e-08,-3.1259118579817075e-09,1.0938468612021897e-07,4.3784684617829405e-09
406.0,-7.548198197038225e-08,-2.891000213472237e-09,-7.880583824393383e-08,-2.8534356928648086e-09,1.0912327773443289e-07,4.020565638054971e-09
407.0,-7.526088219300675e-08,-2.6567046981623872e-09,-7.855648555266104e-08,-2.5803050451748183e-09,1.0879026523938198e-07,3.6613291699876486e-09
408.0,-7.50281833328259e-08,-2.4211574051849827e-09,-7.82727403725314e-08,-2.3065279238775863e-09,1.0842439845186988e-07,3.3007639853058893e-09
409.0,-7.47780676824128e-08,-2.1843576871009718e-09,-7.79762339697676e-08,-2.032111438313865e-09,1.0803727352364761e-07,2.9388741685485536e-09
410.0,-7.452826880638419e-08,-1.9463046467086103e-09,-7.767755375032159e-08,-1.7570617317036279e-09,1.0764880495347247e-07,2.5756629024757444e-09
411.0,-7.430715862066783e-08,-1.706997121078768e-09,-7.740211725726365e-08,-1.4813839146690358e-09,1.0729697842057008e-07,2.21113240989646e-09
412.0,-7.408024507715716e-08,-1.4664336660555705e-09,-7.715346395098521e-08,-1.2050819990331743e-09,1.069604586299425e-07,1.8452838961754929e-09
413.0,-7.383734756949423e-08,-1.2246125413269194e-09,-7.689097669683065e-08,-9.281588321684761e-10,1.0660289017419204e-07,1.4781174926928398e-09
414.0,-7.36165191861371e-08,-9.815316961724018e-10,-7.661553888538286e-08,-6.506160321826913e-10,1.0625127150194723e-07,1.1096322015406701e-09
415.0,-7.337118196337755e-08,-7.371887559988429e-10,-7.633485668567808e-08,-3.7245392424210187e-10,1.0587889632937278e-07,7.398258417527746e-10
416.0,-7.311994307257486e-08,-4.915810097763012e-10,-7.607488444749677e-08,-9.367147834230082e-11,1.0551736406220814e-07,3.686949973702806e-10
417.0,-7.289386602660208e-08,-2.447053984898762e-10,-7.578998524604419e-08,1.8573375115373445e-10,1.0515530213878808e-07,-3.765032344531225e-12
418.0,-7.260806245135143e-08,3.4414952748533834e-12,-7.543062699455483e-08,4.657656838823366e-10,1.0469818633448725e-07,-3.775602802275037e-10
419.0,-7.233722770783046e-08,2.5286345649294363e-10,-7.513366778733044e-08,7.464297694164347e-10,1.0429641675355607e-07,-7.526981557408575e-10
420.0,-7.212462899142125e-08,5.035646454868183e-10,-7.488648878783977e-08,1.0277330404355797e-09,1.0397090126627456e-07,-1.129187486383616e-09
421.0,-7.184730815845697e-08,7.555496042180146e-10,-7.45478496988472e-08,1.3096841627910752e-09,1.0353462022115206e-07,-1.5070385556583138e-09
422.0,-7.159891166064192e-08,1.008823260965265e-09,-7.427655530911625e-08,1.5922934821334244e-09,1.0316690757978845e-07,-1.8862631372736987e-09
423.0,-7.139392868560357e-08,1.2633909332738182e-09,-7.406649861485537e-08,1.875573066778143e-09,1.0287341381634723e-07,-2.2668745252727296e-09
424.0,-7.110591074277473e-08,1.5192583290655218e-09,-7.375970793865871e-08,2.159536746498516e-09,1.0245264788064621e-07,-2.6488875597880753e-09
425.0,-7.081496306016177e-08,1.7764315458042917e-09,-7.344645636120362e-08,2.4442001469484715e-09,1.020251975995649e-07,-3.032318648142093e-09
426.0,-7.05973960402062e-08,2.034917067616959e-09,-7.320954589773443e-08,2.729580719435041e-09,1.0170363778257987e-07,-3.4171857810245245e-09
427.0,-7.030656062889662e-08,2.2947217602754674e-09,-7.291859327462902e-08,3.0156977657766694e-09,1.0129231813230205e-07,-3.8035085434981505e-09
428.0,-7.006444782686749e-08,2.555852863953164e-09,-7.266009550976893e-08,3.302572458001803e-09,1.0093818072846656e-07,-4.191308120601213e-09
429.0,-6.983034447904934e-08,2.8183179836761974e-09,-7.239333051078933e-08,3.5902278526614206e-09,1.0058365330662374e-07,-4.580607297335779e-09
430.0,-6.955656636775664e-08,3.0821250774001477e-09,-7.20985579294453e-08,3.878688899549269e-09,1.0018142532614375e-07,-4.971430452852732e-09
431.0,-6.930101242863529e-08,3.347282441651554e-09,-7.180467838374671e-08,4.167982444643989e-09,9.979249551658264e-08,-5.3638035486663536e-09
432.0,-6.904862440149095e-08,3.6137986946836e-09,-7.152720975234228e-08,4.458137227107885e-09,9.94175752404661e-08,-5.757754110753517e-09
433.0,-6.879128541803503e-08,3.88168275710442e-09,-7.125891507420157e-08,4.749183870198108e-09,9.904581731207952e-08,-6.153311205415004e-09
434.0,-6.855908626923757e-08,4.150943829945504e-09,-7.102478882803354e-08,5.0411548659680046e-09,9.871610272969409e-08,-6.550505408799102e-09
435.0,-6.825768508744723e-08,4.42159137014625e-09,-7.072476294889274e-08,5.334084553658909e-09,9.829091345426691e-08,-6.9493687700107985e-09
436.0,-6.798606658198203e-08,4.693635063438821e-09,-7.044402457190291e-08,5.628009091705341e-09,9.790028522520532e-08,-7.3499347677523675e-09
437.0,-6.77455913866698e-08,4.96708479462477e-09,-7.023513068360465e-08,5.92296642329858e-09,9.758298383669487e-08,-7.752238260462972e-09
438.0,-6.748745345896978e-08,5.241950615241953e-09,-6.997465697156091e-08,6.218996235474127e-09,9.721630003586965e-08,-8.156315429945111e-09
439.0,-6.720120468428625e-08,5.518242708627173e-09,-6.963924335801064e-08,6.516139911707802e-09,9.677616507433824e-08,-8.562203718485296e-09
440.0,-6.690365075834315e-08,5.795971352386801e-09,-6.935392014850716e-08,6.814440478022417e-09,9.636422948770906e-08,-8.969941759493902e-09
441.0,-6.6655321762088e-08,6.075146878293968e-09,-6.914452559125817e-08,7.113942542622059e-09,9.604112316319316e-08,-9.379569301705107e-09
442.0,-6.639404304120688e-08,6.355779629636809e-09,-6.88574924856411e-08,7.414692229084542e-09,9.565314016156372e-08,-9.791127126992213e-09
443.0,-6.607950986392552e-08,6.637879916048378e-09,-6.854395759314791e-08,7.716737103155197e-09,9.520911587861684e-08,-1.020465696186755e-08
444.0,-6.588184475742054e-08,6.921457965854803e-09,-6.838000522757515e-08,8.020126093196404e-09,9.495389714784783e-08,-1.0620201382748917e-08
445.0,-6.554480205811508e-08,7.2065238759841394e-09,-6.801545637813433e-08,8.324909404356482e-09,9.44575215806734e-08,-1.1037803715085587e-08
446.0,-6.519285233874683e-08,7.493087559483411e-09,-6.762675816562869e-08,8.631138426528207e-09,9.393341480034714e-08,-1.1457507926445653e-08
447.0,-6.497554674855799e-08,7.781158690695899e-09,-6.743243412266064e-08,8.938865636171485e-09,9.364269777714124e-08,-1.1879358513673145e-08
448.0,-6.475506469927339e-08,8.070746648155266e-09,-6.722656202551303e-08,9.24814449207814e-09,9.334146477304304e-08,-1.2303400384229065e-08
449.0,-6.44381844827624e-08,8.361860455258266e-09,-6.684094611131286e-08,9.559029325159617e-09,9.284391038991168e-08,-1.2729678731836553e-08
450.0,-6.408070410413025e-08,8.654508718783187e-09,-6.651085061870621e-08,9.871575222341345e-09,9.235816091989353e-08,-1.3158238906556304e-08
451.0,-6.378405278950616e-08,8.94869956532564e-09,-6.622880144302457e-08,1.0185837904648769e-08,9.194922256786123e-08,-1.358912627942257e-08
452.0,-6.354008827424984e-08,9.244440575726682e-09,-6.590505273462721e-08,1.050187359956982e-08,9.154681203544695e-08,-1.4022386101772093e-08
453.0,-6.320841677842637e-08,9.541738717571842e-09,-6.556041420857639e-08,1.0819738907778168e-08,9.106850093657717e-08,-1.4458063359400754e-08
454.0,-6.296994825572e-08,9.84060027584456e-09,-6.526601929734976e-08,1.1139490664302578e-08,9.069105610946476e-08,-1.489620262168644e-08
455.0,-6.265012614248278e-08,1.0141030781823366e-08,-6.489877092674678e-08,1.1461185794230017e-08,9.020470483002179e-08,-1.533684788582231e-08
456.0,-6.231963300962207e-08,1.0443034940317704e-08,-6.453151894791898e-08,1.17848811630341e-08,8.971094468446758e-08,-1.578004241631116e-08
457.0,-6.200679938950238e-08,1.0746616555342223e-08,-6.415608451437738e-08,1.2110633421626249e-08,8.922357508386404e-08,-1.6225828579878538e-08
458.0,-6.164040372569346e-08,1.1051778454333708e-08,-6.377633472720579e-08,1.2438498846235436e-08,8.869588627835611e-08,-1.6674247675971292e-08
459.0,-6.142088632143938e-08,1.1358522411019881e-08,-6.351588839603739e-08,1.2768533173234824e-08,8.835606009351626e-08,-1.712533976301992e-08
460.0,-6.111945421993781e-08,1.1666849067055622e-08,-6.321488901783745e-08,1.3100791429050612e-08,8.793014203150464e-08,-1.7579143480659286e-08
461.0,-6.076146610856092e-08,1.197675785255033e-08,-6.278889512489894e-08,1.343532775530976e-08,8.737506002668813e-08,-1.803569586812249e-08
462.0,-6.046831294015398e-08,1.2288246905618573e-08,-6.244805367261463e-08,1.377219522940716e-08,8.692626920169847e-08,-1.8495032179045065e-08
463.0,-6.012083422768377e-08,1.2601312991094441e-08,-6.208467524804195e-08,1.4111445680697877e-08,8.642350148476667e-08,-1.8957185692939445e-08
464.0,-5.984051695828718e-08,1.2915951418557818e-08,-6.174957546678517e-08,1.4453129502546648e-08,8.598777552747397e-08,-1.9422187523623427e-08
465.0,-5.952556775268292e-08,1.3232155959828974e-08,-6.145569152182784e-08,1.479729546049564e-08,8.55575551117802e-08,-1.989006642491153e-08
466.0,-5.9208362185314556e-08,1.354991876609678e-08,-6.109459806113993e-08,1.514399049684308e-08,8.50774944678064e-08,-2.0360848593906026e-08
467.0,-5.8886567066984696e-08,1.3869230284855055e-08,-6.074253618149061e-08,1.5493259531958567e-08,8.46007298000093e-08,-2.083455747225352e-08
468.0,-5.8572385303046204e-08,1.4190079176830362e-08,-6.047898476468916e-08,1.5845145262694233e-08,8.419282581227457e-08,-2.1311213545761857e-08
469.0,-5.820909040887834e-08,1.451245223309316e-08,-6.01464743565927e-08,1.6199687958283676e-08,8.370123406352643e-08,-2.1790834142799994e-08
470.0,-5.7901287708883586e-08,1.4836334292552198e-08,-5.98480679875335e-08,1.6556925254151706e-08,8.327274680342511e-08,-2.2273433231930342e-08
471.0,-5.76462092505281e-08,1.5161708160040387e-08,-5.957237877995958e-08,1.6916891944086697e-08,8.289724817180996e-08,-2.2759021219247747e-08
472.0,-5.734093155851383e-08,1.548855452520883e-08,-5.9216716516430346e-08,1.7279619771252457e-08,8.242937551010223e-08,-2.3247604745921824e-08
473.0,-5.6951714177966295e-08,1.581685188245386e-08,-5.8731998195393764e-08,1.764513721853661e-08,8.181042329576656e-08,-2.3739186486457703e-08
474.0,-5.6599243708488345e-08,1.6146576452108725e-08,-5.833488765649708e-08,1.8013469298747982e-08,8.127996989584207e-08,-2.4233764948204476e-08
475.0,-5.6377662482898216e-08,1.647770210313638e-08,-5.8067432362474136e-08,1.8384637345187895e-08,8.093372305909384e-08,-2.4731334272651107e-08
476.0,-5.602117209013713e-08,1.6810200277563615e-08,-5.766732937007024e-08,1.8758658803132308e-08,8.039833704143964e-08,-2.5231884039058985e-08
477.0,-5.5681322636003117e-08,1.7144039916899756e-08,-5.73059644737306e-08,1.9135547022775536e-08,7.990233572780677e-08,-2.5735399070990645e-08
478.0,-5.5349468564003246e-08,1.747918739078571e-08,-5.692643352539495e-08,1.951531105420082e-08,7.939888226063887e-08,-2.6241859246304107e-08
479.0,-5.5021763478713126e-08,1.7815606428119495e-08,-5.658546538278575e-08,1.989795544495682e-08,7.892597385458031e-08,-2.6751239311190937e-08
480.0,-5.465032898444022e-08,1.8153258050903577e-08,-5.6122274882941525e-08,2.028348004083132e-08,7.833497428444076e-08,-2.726350869884205e-08
481.0,-5.4289210293934076e-08,1.8492100511057676e-08,-5.568939054345634e-08,2.0671879790424236e-08,7.777291670909998e-08,-2.777863135332998e-08
482.0,-5.400649119580159e-08,1.883208923043864e-08,-5.541260800212555e-08,2.106314455413211e-08,7.737737535532866e-08,-2.8296565559300264e-08
483.0,-5.366932778749778e-08,1.9173176744307788e-08,-5.5028180651062186e-08,2.145725891816669e-08,7.686675101061457e-08,-2.8817263778069024e-08
484.0,-5.331520686047142e-08,1.9515312648484775e-08,-5.4591768716694133e-08,2.1854202014240933e-08,7.630709334126076e-08,-2.93406724907287e-08
485.0,-5.2982243703425524e-08,1.9858443550425558e-08,-5.416294682203393e-08,2.2253947345566227e-08,7.576769071507756e-08,-2.986673204886837e-08
486.0,-5.257792301538444e-08,2.0202513024459608e-08,-5.368383268478105e-08,2.2656462619813278e-08,7.514247720390419e-08,-3.039537653351744e-08
487.0,-5.2263905370164565e-08,2.0547461571417787e-08,-5.330530140901235e-08,2.306170958969653e-08,7.465233394105754e-08,-3.0926533622922525e-08
488.0,-5.198797731198468e-08,2.089322658287845e-08,-5.304361939961755e-08,2.3469643901850094e-08,7.427230536345911e-08,-3.1460124469768296e-08
489.0,-5.1659512195767476e-08,2.1239742310255778e-08,-5.2666592920136424e-08,2.3880214954672734e-08,7.377313338960202e-08,-3.199606358845559e-08
490.0,-5.125532770433594e-08,2.1586939838950215e-08,-5.222621100864355e-08,2.429336576582919e-08,7.31757182021347e-08,-3.2534258753052407e-08
491.0,-5.0869846557333176e-08,2.1934747067775563e-08,-5.1859738184334425e-08,2.4709032850101903e-08,7.264415828760312e-08,-3.307461090653277e-08
492.0,-5.0577319637978846e-08,2.2283088693869733e-08,-5.1495590791539314e-08,2.5127146108288673e-08,7.217936777730842e-08,-3.361701408191227e-08
493.0,-5.0227483144871243e-08,2.2631886203287514e-08,-5.1117164653891045e-08,2.554762872783796e-08,7.16642490040978e-08,-3.4161355335879124e-08
494.0,-4.9932305484778894e-08,2.2981057867465566e-08,-5.074883943634312e-08,2.5970397095905125e-08,7.119466156363843e-08,-3.470751469550585e-08
495.0,-4.957796684301741e-08,2.333051874574152e-08,-5.031708599778639e-08,2.639536072550019e-08,7.063840272540118e-08,-3.525536511861065e-08
496.0,-4.923040489157593e-08,2.3680180694099963e-08,-4.996212388252985e-08,2.6822422195379742e-08,7.014161809255445e-08,-3.5804772468316995e-08
497.0,-4.890649471511743e-08,2.402995238030676e-08,-4.961415540905012e-08,2.7251477104312667e-08,6.966641688987017e-08,-3.6355595502334145e-08
498.0,-4.853126919779349e-08,2.4379739305579494e-08,-4.918767013140091e-08,2.7682414040321163e-08,6.90992835194708e-08,-3.6907685877450844e-08
499.0,-4.8253317952440256e-08,2.4729443832926452e-08,-4.882106491299609e-08,2.811511456546521e-08,6.864312837173341e-08,-3.746088816969876e-08
500.0,-4.78683793991852e-08,2.507896522226976e-08,-4.8396582602583393e-08,2.854945321669974e-08,6.80706320957358e-08,-3.801503991060183e-08
501.0,-4.7527597163421476e-08,2.5428199672450336e-08,-4.799862478310768e-08,2.898529752328924e-08,6.754806046955033e-08,-3.8569971639882756e-08
502.0,-4.719506088712855e-08,2.5777040370192923e-08,-4.7623087376380546e-08,2.9422508041214665e-08,6.704723874551545e-08,-3.912550697494822e-08
503.0,-4.683894774815123e-08,2.6125377546088975e-08,-4.721198922086334e-08,2.986093840495341e-08,6.650457843145054e-08,-3.968146269742096e-08
504.0,-4.645757029075881e-08,2.6473098537633662e-08,-4.672555965756775e-08,3.030043539695442e-08,6.589069556950904e-08,-4.023764885692997e-08
505.0,-4.6161215988549387e-08,2.682008785933145e-08,-4.637225088643948e-08,3.074083903506822e-08,6.54312120766259e-08,-4.079386889231018e-08
506.0,-4.585904475606917e-08,2.7166227279862752e-08,-4.599706150687499e-08,3.118198267812575e-08,6.49521489498723e-08,-4.134991977030088e-08
507.0,-4.545643050857251e-08,2.751139590628212e-08,-4.5494579950511316e-08,3.162369314979098e-08,6.431208190887734e-08,-4.190559214176827e-08
508.0,-4.509627718474185e-08,2.7855470275196056e-08,-4.5024366041035435e-08,3.206579088074135e-08,6.372493823708433e-08,-4.24606705154113e-08
509.0,-4.481869972372543e-08,2.8198324450845276e-08,-4.455331088781822e-08,3.250809006915647e-08,6.319583337524752e-08,-4.301493344884259e-08
510.0,-4.436822251263628e-08,2.853983012999232e-08,-4.4047887060028046e-08,3.295039885942074e-08,6.252004097394524e-08,-4.356815375686676e-08
511.0,-4.410490775375031e-08,2.8879856753492245e-08,-4.3743990374434105e-08,3.339251953887237e-08,6.211907582897067e-08,-4.4120098736711775e-08
512.0,-4.382614690601194e-08,2.9218271624401373e-08,-4.3354850445820325e-08,3.38342487523607e-08,6.164717519730151e-08,-4.467053040990338e-08
513.0,-4.3380275926985234e-08,2.955494003245747e-08,-4.272095496804518e-08,3.427537773430563e-08,6.088454921310593e-08,-4.5219205780411674e-08
514.0,-4.298432212945791e-08,2.988972538474324e-08,-4.216427568204395e-08,3.471569255788668e-08,6.021194310699837e-08,-4.576587710863722e-08
515.0,-4.270959594321333e-08,3.0222489342323745e-08,-4.1877333697981634e-08,3.515497440092249e-08,5.981488663605953e-08,-4.6310292200744753e-08
516.0,-4.244921211760122e-08,3.0553091962627965e-08,-4.1547321430468465e-08,3.559299982793847e-08,5.9397942114620156e-08,-4.685219471279476e-08
517.0,-4.215423285436337e-08,3.088139184732684e-08,-4.1050747648374575e-08,3.602954108786197e-08,5.8839979860894065e-08,-4.739132446907179e-08
518.0,-4.1782956566871476e-08,3.120724629544357e-08,-4.0465997608318816e-08,3.646436642672999e-08,5.816624813330779e-08,-4.792741779396065e-08
519.0,-4.138530584896216e-08,3.153051146141518e-08,-4.003627367132889e-08,3.689724041474114e-08,5.758165289133063e-08,-4.846020785667437e-08
520.0,-4.110289741898754e-08,3.1851042517805937e-08,-3.9782084751416313e-08,3.732792428693018e-08,5.7201944402307537e-08,-4.898942502809018e-08
521.0,-4.083000068599851e-08,3.2168693822353835e-08,-3.938491310861991e-08,3.775617629669346e-08,5.672971299585588e-08,-4.9514797248903055e-08
522.0,-4.047106882953955e-08,3.2483319089014e-08,-3.877980156441474e-08,3.818175208134717e-08,5.60515871459561e-08,-5.0036050408264694e-08
523.0,-4.016742033430276e-08,3.2794771562646836e-08,-3.828343934919598e-08,3.860440503885607e-08,5.5489128527272136e-08,-5.0552908732036273e-08
524.0,-3.9829181480710574e-08,3.3102904196984657e-08,-3.7928449159174704e-08,3.902388671482715e-08,5.4999372296813336e-08,-5.106509517974602e-08
525.0,-3.963108846649632e-08,3.340756983549656e-08,-3.77951406560495e-08,3.943994719882171e-08,5.476400122571235e-08,-5.15723318493072e-08
526.0,-3.9265876938809896e-08,3.3708621394758285e-08,-3.732943035239522e-08,3.985233552900347e-08,5.417836710540553e-08,-5.207434038852148e-08
527.0,-3.895081518434651e-08,3.4005912049921586e-08,-3.686706957772845e-08,4.0260800104108305e-08,5.3631584190420755e-08,-5.257084241236434e-08
528.0,-3.859733124778053e-08,3.429929542186562e-08,-3.6403184189293114e-08,4.0665089101687324e-08,5.3056062788059346e-08,-5.3061559925021035e-08
529.0,-3.8351474412889885e-08,3.458862576560131e-08,-3.6119641111387324e-08,4.106495090153823e-08,5.268267327744454e-08,-5.354621574561093e-08
530.0,-3.8207735170159296e-08,3.4873758159489886e-08,-3.585119279225779e-08,4.146013451320182e-08,5.239407458349336e-08,-5.402453393650858e-08
531.0,-3.786281288498117e-08,3.515454869482886e-08,-3.5241074489156254e-08,4.185039000636469e-08,5.172548627817196e-08,-5.4496240233142964e-08
532.0,-3.752034705151175e-08,3.543085466535261e-08,-3.477249470307253e-08,4.2235468942975374e-08,5.1155672517728606e-08,-5.4961062474132236e-08
533.0,-3.722534089312113e-08,3.5702534756187257e-08,-3.447357789509997e-08,4.261512480984946e-08,5.0736117091265483e-08,-5.5418731030587907e-08
534.0,-3.701330109073808e-08,3.5969449231791436e-08,-3.4264771048286846e-08,4.2989113450510787e-08,5.043866565072028e-08,-5.586897923340044e-08
535.0,-3.674814313958663e-08,3.623146012240742e-08,-3.3863262707822805e-08,4.335719349499343e-08,4.997145770764118e-08,-5.631154379730172e-08
536.0,-3.640338072652405e-08,3.6488431408542596e-08,-3.3267267052217164e-08,4.371912678631249e-08,4.931447237316644e-08,-5.67461652404885e-08
537.0,-3.607881945977276e-08,3.6740229202999447e-08,-3.276416769837365e-08,4.407467880229743e-08,4.873573533433171e-08,-5.717258829858355e-08
538.0,-3.579645549423027e-08,3.698672192997267e-08,-3.2379558076445214e-08,4.442361907147001e-08,4.8268229791202176e-08,-5.75905623317072e-08
539.0,-3.560248462708415e-08,3.7227780500736103e-08,-3.2157275745015035e-08,4.476572158164433e-08,4.797527795607541e-08,-5.7999841723435636e-08
540.0,-3.545188040354752e-08,3.7463278485451104e-08,-3.186428006174413e-08,4.5100765179934556e-08,4.766726516175122e-08,-5.8400186270437007e-08
541.0,-3.52755760157919e-08,3.7693092280642247e-08,-3.1478781525873245e-08,4.542853396287618e-08,4.72787473353469e-08,-5.8791361561604714e-08
542.0,-3.5023674432865803e-08,3.791710127190269e-08,-3.105675817904885e-08,4.574881765539431e-08,4.6810041651031406e-08,-5.917313934554086e-08
543.0,-3.4773004808918984e-08,3.813518799140767e-08,-3.066956812125543e-08,4.606141197738434e-08,4.636576616627218e-08,-5.954529788527929e-08
544.0,-3.451859556524717e-08,3.834723826982773e-08,-3.032631490373916e-08,4.6366118996704587e-08,4.594800121265182e-08,-5.990762229917351e-08
545.0,-3.429690201284252e-08,3.855314138224487e-08,-2.9990434996518545e-08,4.6662747467421494e-08,4.555989112101702e-08,-6.025990488691346e-08
546.0,-3.41393596725581e-08,3.875279018768721e-08,-2.9702901055417286e-08,4.6951113152197786e-08,4.525216248932415e-08,-6.060194543968062e-08
547.0,-3.398686609923374e-08,3.894608126191234e-08,-2.9493257738821832e-08,4.7231039127773044e-08,4.4999547989905605e-08,-6.093355153350317e-08
548.0,-3.3780664127069926e-08,3.91329150230877e-08,-2.9246003105387608e-08,4.750235607255334e-08,4.4681785623520583e-08,-6.125453880493426e-08
549.0,-3.352317373694902e-08,3.9313195850034854e-08,-2.8886571704078712e-08,4.7764902535398944e-08,4.42519739922701e-08,-6.15647312082398e-08
550.0,-3.330329592654557e-08,3.948683219272421e-08,-2.862201432807243e-08,4.8018525184774155e-08,4.391274557309587e-08,-6.186396125334906e-08
551.0,-3.312471275052076e-08,3.965373667472642e-08,-2.8535817930830376e-08,4.826307903749992e-08,4.372115620367344e-08,-6.215207022388894e-08
552.0,-3.2994053184021155e-08,3.981382618734862e-08,-2.8459711420847356e-08,4.8498427666429074e-08,4.3572499580216025e-08,-6.24289083746924e-08
553.0,-3.290380945486504e-08,3.996702197520998e-08,-2.8246482763893965e-08,4.87244433864439e-08,4.336501429923695e-08,-6.269433510824601e-08
554.0,-3.2772465574648635e-08,4.011324971304045e-08,-2.7920055767349794e-08,4.894100741825469e-08,4.3053037220310626e-08,-6.29482191296171e-08
555.0,-3.257072908602332e-08,4.025243957351762e-08,-2.7607683514285775e-08,4.914801002955229e-08,4.269703247557249e-08,-6.319043857947398e-08
556.0,-3.2380637615680996e-08,4.0384526285987475e-08,-2.7381362663336795e-08,4.934535065313661e-08,4.2405715578200414e-08,-6.342088114488243e-08
557.0,-3.227549363882254e-08,4.050944918594391e-08,-2.7242520572734463e-08,4.953293798171225e-08,4.2235795443977785e-08,-6.363944414762962e-08
558.0,-3.223340128144514e-08,4.062715225517179e-08,-2.715828879840121e-08,4.971069003911556e-08,4.214931563653239e-08,-6.384603460989774e-08
559.0,-3.2170542146880976e-08,4.0737584152489876e-08,-2.7059348456370813e-08,4.987853422781679e-08,4.203750850023753e-08,-6.404056929718526e-08
560.0,-3.204441087478749e-08,4.0840698235063175e-08,-2.6890234455789752e-08,5.003640735262329e-08,4.183215243565099e-08,-6.42229747384532e-08
561.0,-3.188467370685011e-08,4.093645257028676e-08,-2.6625783230982414e-08,5.018425562059091e-08,4.1539917549936985e-08,-6.439318722355047e-08
562.0,-3.1754075424661465e-08,4.1024809938273557e-08,-2.6346380591069085e-08,5.0322034617228465e-08,4.126079345243558e-08,-6.455115277804647e-08
563.0,-3.168100801143048e-08,4.1105737825007625e-08,-2.612770545751264e-08,5.0449709259156243e-08,4.106511002170648e-08,-6.469682711566941e-08
564.0,-3.165970113849781e-08,4.117920840625357e-08,-2.6034545949626953e-08,5.056725372345797e-08,4.098944082300022e-08,-6.483017556862153e-08
565.0,-3.164568923574862e-08,4.124519852234484e-08,-2.60379214994666e-08,5.067465135405111e-08,4.0980763819357504e-08,-6.495117299612102e-08
566.0,-3.1582975457133955e-08,4.130368964400673e-08,-2.5979761425487524e-08,5.077189454549362e-08,4.0895382898943195e-08,-6.505980367160482e-08
567.0,-3.147020921634436e-08,4.1354667829403186e-08,-2.5805741016293737e-08,5.085898460474417e-08,4.069779278438218e-08,-6.515606114911438e-08
568.0,-3.137968246358369e-08,4.13981236726274e-08,-2.5654818991416306e-08,5.093593159149153e-08,4.0532137977137065e-08,-6.523994810947204e-08
569.0,-3.1380191473084906e-08,4.1434052243885167e-08,-2.5670218256612642e-08,5.1002754137765334e-08,4.0542280673755884e-08,-6.531147618693815e-08
570.0,-3.143418172979473e-08,4.1462453021648805e-08,-2.5777596820986126e-08,5.105947924763495e-08,4.065208824755593e-08,-6.537066577712058e-08
571.0,-3.144954405231992e-08,4.148332981708929e-08,-2.5783759446951215e-08,5.110614207789709e-08,4.066787518812677e-08,-6.541754582698873e-08
572.0,-3.141750024027168e-08,4.149669069112426e-08,-2.5703314518454867e-08,5.114278570074462e-08,4.059211374863452e-08,-6.545215360792462e-08
573.0,-3.1403080746894574e-08,4.150254786444773e-08,-2.5736960257427555e-08,5.116946084949544e-08,4.060227338078973e-08,-6.547453447281816e-08
574.0,-3.143973534291966e-08,4.1500917620931656e-08,-2.5955863125481926e-08,5.11862256485384e-08,4.076964298373956e-08,-6.548474159828051e-08
575.0,-3.1491602714428524e-08,4.149182020481063e-08,-2.6169585748414548e-08,5.119314532872284e-08,4.0945918719293915e-08,-6.548283571310718e-08
576.0,-3.15352224056209e-08,4.1475279712079356e-08,-2.6237207836898868e-08,5.119029192947907e-08,4.102269283273103e-08,-6.546888481417394e-08
577.0,-3.1576532583121875e-08,4.145132397654913e-08,-2.6244537223996112e-08,5.1177743989005454e-08,4.1059142027990246e-08,-6.544296387098952e-08
578.0,-3.1609585893210834e-08,4.141998445102309e-08,-2.6307292844141017e-08,5.1155586223890044e-08,4.112468330732368e-08,-6.54051545201575e-08
579.0,-3.164226541896298e-08,4.138129608406008e-08,-2.642455686208134e-08,5.1123909199550853e-08,4.122487314961042e-08,-6.535554475101585e-08
580.0,-3.1695431612632774e-08,4.1335297192803715e-08,-2.6547461326464905e-08,5.1082808992881956e-08,4.134450493102113e-08,-6.529422858372678e-08
581.0,-3.177742294302455e-08,4.1282029332357555e-08,-2.6674727912623375e-08,5.103238684848647e-08,4.148910360699965e-08,-6.522130574108709e-08
582.0,-3.188535391274172e-08,4.122153716218956e-08,-2.683531663549843e-08,5.097274882986322e-08,4.167505264625652e-08,-6.513688131531884e-08
583.0,-3.198453943364932e-08,4.115386831004999e-08,-2.697846447630159e-08,5.090400546689054e-08,4.184313932153914e-08,-6.504106543108374e-08
584.0,-3.205463067201819e-08,4.107907323388535e-08,-2.702912955954151e-08,5.082627140091709e-08,4.192938339954417e-08,-6.493397290593961e-08
585.0,-3.212030402766075e-08,4.0997205082226606e-08,-2.7017772977200316e-08,5.073966502872595e-08,4.197230024047878e-08,-6.481572290942337e-08
586.0,-3.2197780441833856e-08,4.0908319553521477e-08,-2.6996963956027464e-08,5.0644308146585264e-08,4.2018247562500567e-08,-6.468643862190247e-08
587.0,-3.22950237108266e-08,4.081247475487038e-08,-2.701639066626793e-08,5.0540325595541204e-08,4.210527189219019e-08,-6.454624689428941e-08
588.0,-3.241960788713527e-08,4.0709731060613045e-08,-2.7121045922950948e-08,5.042784490905036e-08,4.2267979695159525e-08,-6.439527790966476e-08
589.0,-3.254496283577879e-08,4.060015097120023e-08,-2.7253912168734296e-08,5.03069959639957e-08,4.2449385560727565e-08,-6.423366484780822e-08
590.0,-3.2645829539657e-08,4.0483798972772343e-08,-2.734540997806345e-08,5.01779106360824e-08,4.25854626979761e-08,-6.406154355359484e-08
591.0,-3.274518450835373e-08,4.036074139785264e-08,-2.7446113007312256e-08,5.00407224605681e-08,4.272629433611443e-08,-6.387905221017393e-08
592.0,-3.286490396492425e-08,4.023104628754835e-08,-2.7584669035074505e-08,4.989556629924319e-08,4.290706093871138e-08,-6.368633101781081e-08
593.0,-3.3023885820382404e-08,4.0094783255637114e-08,-2.7783966946581806e-08,4.974257801453942e-08,4.3156990789052984e-08,-6.348352187923301e-08
594.0,-3.3210652672366336e-08,3.995202335490096e-08,-2.797776332830182e-08,4.9581894151608825e-08,4.3424678372775815e-08,-6.32707680922864e-08
595.0,-3.3372968166744954e-08,3.9802838946054405e-08,-2.8136350999075077e-08,4.9413651629179554e-08,4.365099370921268e-08,-6.304821405067056e-08
596.0,-3.352639921239131e-08,3.9647303569597494e-08,-2.8335309917859597e-08,4.923798743995873e-08,4.389657426599239e-08,-6.281600495348576e-08
597.0,-3.366855910735822e-08,3.9485491820907374e-08,-2.8562553516797706e-08,4.905503836131452e-08,4.415191202842304e-08,-6.257428652428509e-08
598.0,-3.382356159042921e-08,3.931747922886238e-08,-2.8823908079789184e-08,4.8864940676928616e-08,4.443929562508495e-08,-6.232320474028294e-08
599.0,-3.402496731585991e-08,3.914334213827189e-08,-2.9149555616503342e-08,4.866782991006724e-08,4.480396180568139e-08,-6.20629055723265e-08
600.0,-3.426204733814053e-08,3.896315759636365e-08,-2.9469165788165164e-08,4.846384056907147e-08,4.519203049268031e-08,-6.179353473618914e-08
601.0,-3.44526930873279e-08,3.877700324355899e-08,-2.9660923592245148e-08,4.825310590561565e-08,4.546161511995165e-08,-6.1515237455694e-08
602.0,-3.462487724315011e-08,3.858495720874443e-08,-2.981639116161894e-08,4.803575768622218e-08,4.569353680780119e-08,-6.122815823812001e-08
603.0,-3.4813297050684255e-08,3.838709800922477e-08,-3.004411466833723e-08,4.7811925977453274e-08,4.59849375093995e-08,-6.09324406622802e-08
604.0,-3.501122025628689e-08,3.8183504455517425e-08,-3.03117710653833e-08,4.7581738945126256e-08,4.6309707502363275e-08,-6.062822717959505e-08
605.0,-3.522368866026859e-08,3.79742555611218e-08,-3.057057332278568e-08,4.73453226678228e-08,4.663977054102378e-08,-6.03156589284142e-08
606.0,-3.5456567709646336e-08,3.775943045737112e-08,-3.082660314512875e-08,4.710280096488706e-08,4.698348279146616e-08,-5.999487556177063e-08
607.0,-3.567809067628325e-08,3.753910831344959e-08,-3.10611438097963e-08,4.685429523903263e-08,4.730455378795932e-08,-5.966601508868455e-08
608.0,-3.586576449721157e-08,3.731336826163239e-08,-3.123312632136166e-08,4.659992433360367e-08,4.755902903524815e-08,-5.932921372906654e-08
609.0,-3.607720602816222e-08,3.708228932778278e-08,-3.1382988055495e-08,4.63398044044604e-08,4.781690845391206e-08,-5.8984605782203254e-08
610.0,-3.634476500313788e-08,3.6845950367115854e-08,-3.1594290711423056e-08,4.6074048806386266e-08,4.815746202501985e-08,-5.86323235087435e-08
611.0,-3.655786787182258e-08,3.660443000521661e-08,-3.179862551050405e-08,4.5802767993845414e-08,4.845235069313889e-08,-5.827249702604158e-08
612.0,-3.675336202046964e-08,3.635780658427858e-08,-3.199787680652211e-08,4.552606943585845e-08,4.873062425141982e-08,-5.790525421665956e-08
613.0,-3.704087411793289e-08,3.6106158114510037e-08,-3.228939020327726e-08,4.524405754471255e-08,4.9138895745835066e-08,-5.7530720649782893e-08
614.0,-3.732160513969518e-08,3.584956223063745e-08,-3.25798758804563e-08,4.495683361818013e-08,4.9541402105605165e-08,-5.7149019515263966e-08
615.0,-3.751811936125726e-08,3.5588096153420303e-08,-3.2782832143363194e-08,4.46644957948865e-08,4.982292006441889e-08,-5.6760271569975316e-08
616.0,-3.7776243022591416e-08,3.532183665607741e-08,-3.307667557905791e-08,4.4367139022440144e-08,5.0210666239994594e-08,-5.636459509612754e-08
617.0,-3.809384771513713e-08,3.505086003551249e-08,-3.340509459326402e-08,4.406485503791853e-08,5.0665980485222776e-08,-5.5962105871184674e-08
618.0,-3.8319416278964624e-08,3.477524208821579e-08,-3.3650448080790873e-08,4.375773236028599e-08,5.0997356009881345e-08,-5.555291714899267e-08
619.0,-3.8607425312253696e-08,3.4495058090709126e-08,-3.39815640487684e-08,4.344585629430946e-08,5.1432285428919024e-08,-5.513713965172305e-08
620.0,-3.8963797133195754e-08,3.4210382784394195e-08,-3.4348150754204276e-08,4.3129308945531054e-08,5.1942015240750697e-08,-5.471488157222548e-08
621.0,-3.921460850486724e-08,3.392129036465758e-08,-3.4712739266362647e-08,4.2808169245853245e-08,5.237136419422814e-08,-5.428624858637712e-08
622.0,-3.9513351202113967e-08,3.3627854474080266e-08,-3.511720561566456e-08,4.248251298929188e-08,5.286324860878741e-08,-5.385134387501349e-08
623.0,-3.9872910084781665e-08,3.333014819959371e-08,-3.552323830924298e-08,4.2152412877452724e-08,5.340177355298559e-08,-5.341026815502287e-08
624.0,-4.014051638301375e-08,3.302824407341877e-08,-3.590770519812381e-08,4.181793857428579e-08,5.385744468585901e-08,-5.296311971918258e-08
625.0,-4.047200363732628e-08,3.272221407761771e-08,-3.6298721015071145e-08,4.1479156769667996e-08,5.436524832785848e-08,-5.250999448430934e-08
626.0,-4.083583990399653e-08,3.241212965208273e-08,-3.6694358315769726e-08,4.113613125135616e-08,5.490028918749822e-08,-5.205098604728715e-08
627.0,-4.1098162734121146e-08,3.209806170577804e-08,-3.7051323509285083e-08,4.0788922984839395e-08,5.533407226935323e-08,-5.158618574852334e-08
628.0,-4.145227475160773e-08,3.1780080631044935e-08,-3.744278158357428e-08,4.043759020060329e-08,5.5859224616870805e-08,-5.1115682742368604e-08
629.0,-4.178248574904231e-08,3.1458256320771594e-08,-3.783528698675376e-08,4.008218848829847e-08,5.636741130067037e-08,-5.063956407401866e-08
630.0,-4.206991882638178e-08,3.113265818822148e-08,-3.8207777580678837e-08,3.9722770897283975e-08,5.683055813304121e-08,-5.0157914762396e-08
631.0,-4.248368656867285e-08,3.080335518930653e-08,-3.8610097841118574e-08,3.935938804299272e-08,5.74073451725995e-08,-4.9670817888490134e-08
632.0,-4.276802034741678e-08,3.04704158470842e-08,-3.8891482118108556e-08,3.8992088218541804e-08,5.780701467625026e-08,-4.917835468861393e-08
633.0,-4.3095032570272807e-08,3.013390827825065e-08,-3.916262192316111e-08,3.8620917510985995e-08,5.8231372885493034e-08,-4.868060465201375e-08
634.0,-4.345584145304393e-08,2.9793900221396294e-08,-3.94700570421902e-08,3.824591992158918e-08,5.870515785947466e-08,-4.817764562225126e-08
635.0,-4.373093953624618e-08,2.945045906678393e-08,-3.977795377807514e-08,3.786713748946918e-08,5.9115824273146203e-08,-4.76695539017586e-08
636.0,-4.4155269385282025e-08,2.9103651887405292e-08,-4.018309149311783e-08,3.7484610417959053e-08,5.970233376034059e-08,-4.715640435895802e-08
637.0,-4.44455294235091e-08,2.8753545471068974e-08,-4.048950737189916e-08,3.7098377203024914e-08,6.01232508515224e-08,-4.6638270537333294e-08
638.0,-4.4802856230541366e-08,2.8400206353271852e-08,-4.082025568952208e-08,3.67084747630868e-08,6.06101410736893e-08,-4.611522476584509e-08
639.0,-4.517015944616176e-08,2.8043700850607115e-08,-4.11804574329544e-08,3.631493856960366e-08,6.112424542502791e-08,-4.55873382700935e-08
640.0,-4.545790058263499e-08,2.7684095094464538e-08,-4.15109907558886e-08,3.591780277780557e-08,6.155958965844554e-08,-4.505468128364808e-08
641.0,-4.59160413579518e-08,2.7321455064783005e-08,-4.19494843861834e-08,3.551710035698556e-08,6.219358563591414e-08,-4.451732315898945e-08
642.0,-4.6202691811325636e-08,2.6955846623621844e-08,-4.229206693184828e-08,3.5112863219800217e-08,6.263631259884534e-08,-4.3975332477536174e-08
643.0,-4.6643056583750564e-08,2.658733554832585e-08,-4.2731590280120635e-08,3.470512235007161e-08,6.32579128279068e-08,-4.342877715826684e-08
644.0,-4.700339287233568e-08,2.6215987564069015e-08,-4.3170587077367983e-08,3.429390792863234e-08,6.382020471696834e-08,-4.287772456448772e-08
645.0,-4.738790346237032e-08,2.584186837557276e-08,-4.3632685312045005e-08,3.387924945680859e-08,6.441602768022006e-08,-4.232224160834064e-08
646.0,-4.777421311330521e-08,2.5465043697805787e-08,-4.411676721161051e-08,3.346117587719174e-08,6.502818302704556e-08,-4.1762394852691935e-08
647.0,-4.81761965043237e-08,2.5085579285484245e-08,-4.4627168432898046e-08,3.303971569140554e-08,6.566985664642083e-08,-4.119825061008934e-08
648.0,-4.8587979140091164e-08,2.4703540961201795e-08,-4.5151168776014217e-08,3.261489707463054e-08,6.63281219299782e-08,-4.062987503851957e-08
649.0,-4.89547984372507e-08,2.4318994642030618e-08,-4.564996496092544e-08,3.2186747986698924e-08,6.693647429440517e-08,-4.0057334233741614e-08
650.0,-4.9378958616452806e-08,2.393200636444475e-08,-4.616281354397067e-08,3.175529627961871e-08,6.759650071076728e-08,-3.9480694318009755e-08
651.0,-4.975851713995283e-08,2.3542642307427375e-08,-4.6655145621854466e-08,3.132056980142504e-08,6.821006260782514e-08,-3.890002152503339e-08
652.0,-5.015036319555577e-08,2.315096881363321e-08,-4.7147039217154685e-08,3.088259649628799e-08,6.883242139856825e-08,-3.831538228104926e-08
653.0,-5.0576634991195135e-08,2.2757052408486426e-08,-4.767460047572225e-08,3.0441404500830595e-08,6.950441379906977e-08,-3.772684328190388e-08
654.0,-5.095182281644739e-08,2.2360959817103522e-08,-4.815831054771902e-08,2.99970222366282e-08,7.010927986457423e-08,-3.71344715660625e-08
655.0,-5.135620148588593e-08,2.1962757978940404e-08,-4.862536226446501e-08,2.95494784988718e-08,7.072400785030053e-08,-3.65383345834748e-08
656.0,-5.1777673454322937e-08,2.1562514060072053e-08,-4.9092440418396777e-08,2.9098802541184075e-08,7.135121004283204e-08,-3.5938500260237705e-08
657.0,-5.2121021526518874e-08,2.1160295463023388e-08,-4.946898096713781e-08,2.864502415657759e-08,7.185945284299684e-08,-3.533503705900303e-08
658.0,-5.261934901690246e-08,2.0756169834080214e-08,-4.997334172862633e-08,2.818817375454246e-08,7.256811127822372e-08,-3.472801403508246e-08
659.0,-5.295210850353449e-08,2.0350205068020285e-08,-5.035684694232323e-08,2.772828243424695e-08,7.307350976203797e-08,-3.4117500888207405e-08
660.0,-5.345817230550942e-08,1.994246931021643e-08,-5.086392275421847e-08,2.7265382053831755e-08,7.37896661070684e-08,-3.350356800990655e-08
661.0,-5.374792136358941e-08,1.953303095607582e-08,-5.123632085268781e-08,2.6799505295778075e-08,7.425631034077954e-08,-3.288628652647189e-08
662.0,-5.426177099310259e-08,1.9121958647791955e-08,-5.174582583256093e-08,2.63306857283317e-08,7.497979916218528e-08,-3.226572833749294e-08
663.0,-5.458090751586653e-08,1.8709321268398234e-08,-5.212471912430239e-08,2.5858957862970272e-08,7.547225853943283e-08,-3.16419661499506e-08
664.0,-5.509078079835028e-08,1.8295187933125184e-08,-5.263039909442213e-08,2.5384357207909546e-08,7.619024240550775e-08,-3.101507350787639e-08
665.0,-5.542533043634279e-08,1.7879627978077367e-08,-5.3039496503148875e-08,2.490692031765623e-08,7.671476678766174e-08,-3.0385124817599654e-08
666.0,-5.598613350699111e-08,1.746271094626072e-08,-5.3654216777832e-08,2.4426684838630628e-08,7.754496839321828e-08,-2.9752195368626138e-08
667.0,-5.6301772993760935e-08,1.7044506571006247e-08,-5.410586392806671e-08,2.3943689550901483e-08,7.80854285615662e-08,-2.9116361350214044e-08
668.0,-5.682973117093759e-08,1.662508475685101e-08,-5.47094146791105e-08,2.3457974406096535e-08,7.888433557742569e-08,-2.847769986373813e-08
669.0,-5.71753095701677e-08,1.62045155579512e-08,-5.517303779123406e-08,2.2969580561573638e-08,7.945489364134504e-08,-2.7836288930956096e-08
670.0,-5.7674398701301754e-08,1.5782869154115045e-08,-5.5763878487047336e-08,2.2478550410956647e-08,8.022435047711449e-08,-2.719220749831277e-08
671.0,-5.8090906640551054e-08,1.5360215824555044e-08,-5.631442788478491e-08,2.1984927611156018e-08,8.090654004659857e-08,-2.6545535437436294e-08
672.0,-5.855046161795663e-08,1.493662591947004e-08,-5.687122789366228e-08,2.148875710600627e-08,8.162409642874267e-08,-2.589635354199549e-08
673.0,-5.898489302547105e-08,1.4512169829577744e-08,-5.739182731834269e-08,2.0990085146660008e-08,8.229847779980338e-08,-2.5244743521098877e-08
674.0,-5.940404659843246e-08,1.408691795372731e-08,-5.7908855780053337e-08,2.0488959308881095e-08,8.295948607617908e-08,-2.4590787989423235e-08
675.0,-5.988218784724886e-08,1.3660940664728795e-08,-5.849827318382683e-08,1.998542850737728e-08,8.371334652767641e-08,-2.3934570454262563e-08
676.0,-6.02779786362806e-08,1.3234308273542484e-08,-5.8987408083077675e-08,1.9479543007306546e-08,8.433830103123632e-08,-2.3276175299686605e-08
677.0,-6.076280856248673e-08,1.2807090991975838e-08,-5.952248618990019e-08,1.8971354433081446e-08,8.505906927910902e-08,-2.2615687767994118e-08
678.0,-6.117119558113338e-08,1.2379358894039718e-08,-5.99854142330214e-08,1.8460915774583223e-08,8.567476343435351e-08,-2.195319393863889e-08
679.0,-6.161267684934302e-08,1.1951181876118292e-08,-6.046618895860778e-08,1.794828139088307e-08,8.632660051061684e-08,-2.1288780704797734e-08
680.0,-6.200278138135396e-08,1.1522629616109155e-08,-6.093240041693537e-08,1.7433507011552514e-08,8.693159563469268e-08,-2.0622535747739013e-08
681.0,-6.246892628181122e-08,1.1093771531691471e-08,-6.143398996460991e-08,1.691664973563108e-08,8.761564856676093e-08,-1.9954547509140897e-08
682.0,-6.293667945134196e-08,1.0664676737880999e-08,-6.200973159953271e-08,1.639776802830848e-08,8.835288582387706e-08,-1.9284905161501168e-08
683.0,-6.332090748961683e-08,1.0235414004032888e-08,-6.241511514570863e-08,1.58769217153721e-08,8.891110124141236e-08,-1.8613698576775604e-08
684.0,-6.376356156967411e-08,9.806051710454498e-09,-6.295668125710918e-08,1.535417197546742e-08,8.96065594639079e-08,-1.7941018293381052e-08
685.0,-6.422273413075885e-08,9.376657804792564e-09,-6.34366257024066e-08,1.4829581330219947e-08,9.027051046569622e-08,-1.7266955481699763e-08
686.0,-6.470308142048076e-08,8.947299758360066e-09,-6.403842155167094e-08,1.4303213632270798e-08,9.103520297189916e-08,-1.6591601908224952e-08
687.0,-6.511901420869215e-08,8.518044522569477e-09,-6.448786470103496e-08,1.3775134051285356e-08,9.164698961346652e-08,-1.591504989849252e-08
688.0,-6.552532205716943e-08,8.088958485639859e-09,-6.505543721779805e-08,1.324540905800496e-08,9.23351381776983e-08,-1.5237392298951377e-08
689.0,-6.6000099802066e-08,7.660107429744463e-09,-6.564818021137508e-08,1.2714106406424392e-08,9.308972413187104e-08,-1.4558722437932937e-08
690.0,-6.644531125310493e-08,7.23155648876394e-09,-6.632897604774701e-08,1.2181295114192052e-08,9.388563495585781e-08,-1.3879134085888497e-08
691.0,-6.689626347311517e-08,6.803370106807781e-09,-6.688504063101508e-08,1.1647045441343952e-08,9.459766766087302e-08,-1.3198721415071428e-08
692.0,-6.731060644971087e-08,6.3756119976637465e-09,-6.748951159041283e-08,1.1111428867494858e-08,9.53181615188854e-08,-1.2517578958847031e-08
693.0,-6.77736241572191e-08,5.948345105331405e-09,-6.806092223143878e-08,1.0574518067617511e-08,9.604974370813256e-08,-1.1835801570815894e-08
694.0,-6.820489631409465e-08,5.521631565791082e-09,-6.86773180130773e-08,1.0036386886542245e-08,9.67909184308412e-08,-1.1153484383933323e-08
695.0,-6.865523510812821e-08,5.095532670153768e-09,-6.924132264773952e-08,9.497110312304592e-09,9.750847178456202e-08,-1.0470722769800515e-08
696.0,-6.905784266653114e-08,4.670108829330914e-09,-6.979903088843997e-08,8.956764448459221e-09,9.818803565975219e-08,-9.787612298291483e-09
697.0,-6.954478951048948e-08,4.245419540355911e-09,-7.043901996406365e-08,8.415426485464334e-09,9.898552056516168e-08,-9.104248697664841e-09
698.0,-6.998561660753744e-08,3.821523354481091e-09,-7.102809274073252e-08,7.873174671223149e-09,9.97144748284988e-08,-8.420727815291402e-09
699.0,-7.040192498419806e-08,3.3984778471656087e-09,-7.155560964589025e-08,7.33008828084794e-09,1.0038245022550342e-07,-7.737145579107868e-09
700.0,-7.085456815714153e-08,2.9763395900598156e-09,-7.20953060584506e-08,6.786247585687385e-09,1.010846327806392e-07,-7.053597959882527e-09
701.0,-7.125387305184638e-08,2.5551641250813468e-09,-7.261058720953173e-08,6.24173382163007e-09,1.0173205885954365e-07,-6.37018093435201e-09
702.0,-7.169383628435888e-08,2.135005940666223e-09,-7.314780291201028e-08,5.696629156667474e-09,1.0242366539048851e-07,-5.686990449259178e-09
703.0,-7.209726518575543e-08,1.7159184502661387e-09,-7.367637007427152e-08,5.151016657670301e-09,1.0308357364093542e-07,-5.004122386293001e-09
704.0,-7.255304840247945e-08,1.2979539731510421e-09,-7.42163851763511e-08,4.604980256304729e-09,1.0378832622764967e-07,-4.3216725279037075e-09
705.0,-7.293183851286855e-08,8.811637175644729e-10,-7.472709361022734e-08,4.058604713991464e-09,1.0441834890620909e-07,-3.639736523942083e-09
706.0,-7.3386280829979e-08,4.65597766268084e-10,-7.525902241678484e-08,3.5119755857895937e-09,1.0511644338155028e-07,-2.9584098590497115e-09
707.0,-7.378034000415923e-08,5.1305064501541935e-11,-7.577327862384742e-08,2.965179183070668e-09,1.0575976704085799e-07,-2.2777878207081895e-09
708.0,-7.422944439672285e-08,-3.6166658962598363e-10,-7.630104707778695e-08,2.418302534835389e-09,1.0645121042342745e-07,-1.5979654678402462e-09
709.0,-7.461528522823002e-08,-7.732705523053581e-10,-7.682117615648298e-08,1.8714333475167333e-09,1.0709310853530918e-07,-9.190375998433603e-10
710.0,-7.5064373966649e-08,-1.1834613387594447e-09,-7.738872118134843e-08,1.3246599631091387e-09,1.0781314578978493e-07,-2.410987259288915e-10
711.0,-7.546888980414224e-08,-1.5921946255467233e-09,-7.79638524017745e-08,7.78071315464082e-10,1.0850767534877633e-07,4.3575696536520663e-10
712.0,-7.59230778246689e-08,-1.999427250453528e-09,-7.857323221227563e-08,2.317568845968633e-10,1.0926145965826613e-07,1.1114356366210185e-09
713.0,-7.631370854688235e-08,-2.4051172099992653e-09,-7.91237989294924e-08,-3.141933511432992e-10,1.0992887550235947e-07,1.7858438320787525e-09
714.0,-7.678362834440122e-08,-2.8092236545865195e-09,-7.973008285533378e-08,-8.596889651791001e-10,1.1069151590727053e-07,2.4588885083966855e-09
715.0,-7.716780153765868e-08,-3.211706881335983e-09,-8.0223255843892e-08,-1.4046391352182774e-09,1.1131325335444126e-07,3.1304770657621446e-09
716.0,-7.762119644261212e-08,-3.612528324654837e-09,-8.079757465861981e-08,-1.948952698298155e-09,1.1204150216726756e-07,3.800517379483102e-09
717.0,-7.800974799465621e-08,-4.01165054459685e-09,-8.127896981846572e-08,-2.492538208479663e-09,1.1265785244243221e-07,4.468917832191013e-09
718.0,-7.841173410572111e-08,-4.409037213083243e-09,-8.179660061780059e-08,-3.035303997301854e-09,1.1330968148439163e-07,5.1355873467869265e-09
719.0,-7.881327240832903e-08,-4.80465309806434e-09,-8.231871978514604e-08,-3.5771582370990243e-09,1.1396448365510578e-07,5.800435420263687e-09
720.0,-7.920370245773078e-08,-5.198464045713839e-09,-8.284979553796479e-08,-4.11800900727018e-09,1.1461812729099756e-07,6.463372158534772e-09
721.0,-7.95926067276298e-08,-5.590436960758707e-09,-8.334917238339568e-08,-4.657764363573565e-09,1.1524785283334413e-07,7.124308312395191e-09
722.0,-7.998157469657485e-08,-5.98053978505786e-09,-8.385224632700972e-08,-5.196332410497424e-09,1.1588033269295224e-07,7.78315531473025e-09
723.0,-8.036669865707502e-08,-6.368741474552041e-09,-8.434594948869556e-08,-5.7336213767318514e-09,1.1650341389069544e-07,8.439825319074358e-09
724.0,-8.072134871639491e-08,-6.755011974714656e-09,-8.481582726427295e-08,-6.2695396937355955e-09,1.1708826027026287e-07,9.094231239603922e-09
725.0,-8.113220484329275e-08,-7.139322194638985e-09,-8.537606180358814e-08,-6.803996077355606e-09,1.1777736026853429e-07,9.746286792625164e-09
726.0,-8.151006261614135e-08,-7.521643979900932e-09,-8.59204819653181e-08,-7.336899612415471e-09,1.1843234156614416e-07,1.0395906539589378e-08
727.0,-8.191088715636674e-08,-7.901950084338056e-09,-8.64828128138706e-08,-7.868159840141807e-09,1.1911620522389902e-07,1.104300593163381e-08
728.0,-8.231803977354346e-08,-8.280214140884979e-09,-8.710850753212984e-08,-8.397686848246338e-09,1.1985053924214862e-07,1.1687501355608319e-08
729.0,-8.270167287105501e-08,-8.656410631603673e-09,-8.768745272946799e-08,-8.925391363428364e-09,1.2053487487799405e-07,1.2329310181507193e-08
730.0,-8.310646781861664e-08,-9.03051485704452e-09,-8.829564679402324e-08,-9.45118484601012e-09,1.2125512870003342e-07,1.2968350811185116e-08
731.0,-8.348373695121758e-08,-9.402502905071723e-09,-8.890745432921232e-08,-9.974979586368059e-09,1.2195929554831426e-07,1.3604542728197962e-08
732.0,-8.386557884265677e-08,-9.772351619284207e-09,-8.95093316272133e-08,-1.049668880277949e-08,1.2265951150630075e-07,1.4237806548574833e-08
733.0,-8.425711203741137e-08,-1.0140038567161524e-08,-9.016134557005007e-08,-1.1016226740266076e-08,1.2340311650799941e-07,1.4868064072298499e-08
734.0,-8.466565404319226e-08,-1.0505542008062388e-08,-9.07968766145073e-08,-1.1533508769985693e-08,1.2414646904971394e-07,1.549523833524733e-08
735.0,-8.500096462804585e-08,-1.0868840861202174e-08,-9.134574248392813e-08,-1.2048451488702364e-08,1.2477663506297328e-07,1.6119253661334538e-08
736.0,-8.54218403234519e-08,-1.1229914673734249e-08,-9.196065724192959e-08,-1.256097281785157e-08,1.2551355817047404e-07,1.674003571456987e-08
737.0,-8.577613430649222e-08,-1.1588743589059213e-08,-9.249597669735987e-08,-1.3070992101715825e-08,1.2614694178522098e-07,1.7357511550765878e-08
738.0,-8.611270613245736e-08,-1.1945308315485633e-08,-9.292920573333863e-08,-1.3578430204231681e-08,1.266934703750913e-07,1.7971609668614693e-08
739.0,-8.651081609412081e-08,-1.2299590095365402e-08,-9.350111049299947e-08,-1.4083209603963418e-08,1.2738358985636607e-07,1.8582260059870778e-08
740.0,-8.68359205374869e-08,-1.265157067482641e-08,-9.392861691215337e-08,-1.4585254486797153e-08,1.279181854570444e-07,1.9189394258387672e-08
741.0,-8.719237740151264e-08,-1.3001232274224097e-08,-9.440313868125383e-08,-1.508449083592979e-08,1.285086116561838e-07,1.9792945387770872e-08
742.0,-8.75457450422168e-08,-1.3348557559431452e-08,-9.493692679218846e-08,-1.5580846518747537e-08,1.2914053408493468e-07,2.0392848207422024e-08
743.0,-8.792020947390178e-08,-1.369352961408354e-08,-9.540014769826577e-08,-1.6074251370206986e-08,1.2973492750522386e-07,2.0989039156760317e-08
744.0,-8.821623251331623e-08,-1.4036131912888274e-08,-9.579645694757222e-08,-1.6564637272347867e-08,1.3022697432771573e-07,2.158145639741531e-08
745.0,-8.858295724722964e-08,-1.4376348296109154e-08,-9.632634950795804e-08,-1.705193822957966e-08,1.3086522045292938e-07,2.2170039853190862e-08
746.0,-8.894893982480667e-08,-1.4714162945318518e-08,-9.684624058259317e-08,-1.7536090439394918e-08,1.3149565852505776e-07,2.2754731247602575e-08
747.0,-8.922826683077645e-08,-1.5049560360511616e-08,-9.726012704935894e-08,-1.801703235816961e-08,1.3198945380325535e-07,2.3335474138790483e-08
748.0,-8.963470357614689e-08,-1.5382525338661865e-08,-9.789746556465584e-08,-1.8494704761715394e-08,1.327339212453497e-07,2.3912213951605528e-08
749.0,-8.993522535027942e-08,-1.5713042953786535e-08,-9.836187485345871e-08,-1.896905080025155e-08,1.3327941770390885e-07,2.4484898006662617e-08
750.0,-9.030626788031348e-08,-1.604109853857997e-08,-9.895580123375769e-08,-1.9440016047467606e-08,1.3396817762545662e-07,2.505347554614716e-08
751.0,-9.067476569590838e-08,-1.6366677667658348e-08,-9.953444680965706e-08,-1.990754854335264e-08,1.3464404641762788e-07,2.5617897756156687e-08
752.0,-9.101906084385547e-08,-1.668976614244663e-08,-1.0009698260537991e-07,-2.0371598830476613e-08,1.3529181558246306e-07,2.6178117785357043e-08
753.0,-9.127867073299711e-08,-1.701034997772524e-08,-1.0052749362110536e-07,-2.0832119983424312e-08,1.357850238594974e-07,2.6734090759734925e-08
754.0,-9.171412332364959e-08,-1.7328415389841886e-08,-1.0121147102359895e-07,-2.1289067631105447e-08,1.3658419485352767e-07,2.7285773793237462e-08
755.0,-9.199465400566709e-08,-1.7643948786582425e-08,-1.0169356881584157e-07,-2.174239997169508e-08,1.3712985927260594e-07,2.7833125994104332e-08
756.0,-9.237199785627759e-08,-1.795693675868394e-08,-1.0229441051168298e-07,-2.2192077779997154e-08,1.3782863421616303e-07,2.8376108466719343e-08
757.0,-9.274280021731585e-08,-1.8267366072962563e-08,-1.0285270182763817e-07,-2.2638064407070225e-08,1.3849153499544296e-07,2.8914684308835634e-08
758.0,-9.299696604458951e-08,-1.8575223667019478e-08,-1.0313889410584753e-07,-2.308032577200915e-08,1.3887428549186407e-07,2.944881860406317e-08
759.0,-9.335464604132149e-08,-1.88804966454808e-08,-1.0362075958392225e-07,-2.35188303458405e-08,1.394716880024381e-07,2.9978478409549495e-08
760.0,-9.374413068030663e-08,-1.9183172277721532e-08,-1.0412918144409034e-07,-2.3953549127559558e-08,1.4011012977377007e-07,3.050363273883305e-08
761.0,-9.397144140610436e-08,-1.9483237997019304e-08,-1.0433752060945434e-07,-2.4384455612410014e-08,1.4041705739285812e-07,3.102425253990025e-08
762.0,-9.42935318160032e-08,-1.978068140108069e-08,-1.0461793605032188e-07,-2.4811525752579792e-08,1.408409836864428e-07,3.1540310668528816e-08
763.0,-9.464970787687044e-08,-2.0075490253880792e-08,-1.0503175804088549e-07,-2.523473791055401e-08,1.4138683601501245e-07,3.205178185704949e-08
764.0,-9.486009530657036e-08,-2.0367652488755526e-08,-1.0520390168744509e-07,-2.565407280542633e-08,1.4165556329291562e-07,3.2558642678701956e-08
765.0,-9.514426116408181e-08,-2.0657156212684796e-08,-1.0541863673663165e-07,-2.6069513452518324e-08,1.4200534991284275e-07,3.3060871507796235e-08
766.0,-9.548420970562077e-08,-2.094398971170276e-08,-1.0584941530222824e-07,-2.648104509668978e-08,1.4255291306364298e-07,3.355844847591469e-08
767.0,-9.575704293385279e-08,-2.1228141457368157e-08,-1.0617894620479351e-07,-2.688865513973947e-08,1.4298034791045993e-07,3.405135542440014e-08
768.0,-9.605315712257756e-08,-2.150960011422256e-08,-1.0653986629027834e-07,-2.7292333062295247e-08,1.434466873175012e-07,3.4539575853371854e-08
769.0,-9.635027223287018e-08,-2.1788354548157904e-08,-1.0698084072779945e-07,-2.7692070340575557e-08,1.439731754257542e-07,3.5023094867495284e-08
770.0,-9.666646455519512e-08,-2.2064393835607483e-08,-1.0744820780339559e-07,-2.808786035837649e-08,1.445320820086754e-07,3.5501899118705494e-08
771.0,-9.69588135057986e-08,-2.2337707273467268e-08,-1.080706132361442e-07,-2.847969831460181e-08,1.4519045754349182e-07,3.597597674605295e-08
772.0,-9.715103468921349e-08,-2.260828438964741e-08,-1.0868622998816413e-07,-2.8867581126613452e-08,1.4577729634694447e-07,3.644531731280627e-08
773.0,-9.750270621444734e-08,-2.287611495414749e-08,-1.0941150271892575e-07,-2.925150732964213e-08,1.4655256615410842e-07,3.690991174091439e-08
774.0,-9.77798106926997e-08,-2.3141188990542744e-08,-1.1008456039796055e-07,-2.963147697246829e-08,1.4723960682205184e-07,3.7369752242905144e-08
775.0,-9.811506512802382e-08,-2.3403496787762022e-08,-1.1060118867978197e-07,-3.000749150957104e-08,1.4784853378528003e-07,3.7824832251283854e-08
776.0,-9.850374327324829e-08,-2.3663028912031507e-08,-1.1116705894709256e-07,-3.0379553689952055e-08,1.48529803183699e-07,3.827514634549859e-08
777.0,-9.87084755321721e-08,-2.3919776218852697e-08,-1.1153720111400922e-07,-3.074766744287558e-08,1.4894264122215758e-07,3.872069017656083e-08
778.0,-9.90124219002464e-08,-2.417372986488091e-08,-1.1196632533627682e-07,-3.1111837760822025e-08,1.4946543981757581e-07,3.916146038945147e-08
779.0,-9.933421646346474e-08,-2.4424881319572584e-08,-1.1235470909198852e-07,-3.1472070580027444e-08,1.4996955429538303e-07,3.959745454349944e-08
780.0,-9.965976091597106e-08,-2.467322237647588e-08,-1.1266758771777408e-07,-3.182837265906617e-08,1.5041959070536932e-07,4.002867103098871e-08
781.0,-9.992705596317819e-08,-2.4918745164048657e-08,-1.1284761115837316e-07,-3.218075145602599e-08,1.5073154897903602e-07,4.045510899432475e-08
782.0,-1.0010310236285846e-07,-2.5161442155900674e-08,-1.1287546050620101e-07,-3.25292150049169e-08,1.508691508796807e-07,4.087676824216891e-08
783.0,-1.0031454295011955e-07,-2.5401306180372862e-08,-1.1296400259652728e-07,-3.2873771792042394e-08,1.510757207823931e-07,4.129364916502613e-08
784.0,-1.0047631165965853e-07,-2.5638330429385466e-08,-1.1287903955992107e-07,-3.321443063313674e-08,1.5111971008673575e-07,4.1705752650840215e-08
785.0,-1.0071730330296624e-07,-2.587250846650495e-08,-1.1283621750846073e-07,-3.3551200552126063e-08,1.5124809805825116e-07,4.211308000120343e-08
786.0,-1.0099266614660429e-07,-2.610383423419504e-08,-1.1303803228168707e-07,-3.3884090662394234e-08,1.5158204167220866e-07,4.251563284881575e-08
787.0,-1.011688009477929e-07,-2.63323020602272e-08,-1.1333844016081507e-07,-3.4213110051422846e-08,1.5192342907958864e-07,4.291341307682685e-08
788.0,-1.0139656062002622e-07,-2.6557906663231617e-08,-1.1371486924316443e-07,-3.4538267669625493e-08,1.5235594505158187e-07,4.3306422740661755e-08
789.0,-1.0161391800211916e-07,-2.6780643157372037e-08,-1.139337206662594e-07,-3.48595722241152e-08,1.5266394805781298e-07,4.3694663992871755e-08
790.0,-1.0179606577120914e-07,-2.7000507056127616e-08,-1.1410813097190164e-07,-3.517703207803996e-08,1.5291535096384863e-07,4.4078139011474994e-08
791.0,-1.0215682469394416e-07,-2.721749427516249e-08,-1.1473493984059946e-07,-3.549065515600349e-08,1.536233161072082e-07,4.445684993216152e-08
792.0,-1.0245570347677813e-07,-2.7431601134258794e-08,-1.1542987181367703e-07,-3.5800448855962144e-08,1.543412662959696e-07,4.4830798784640244e-08
793.0,-1.0263624355966172e-07,-2.764282435828292e-08,-1.1601170571418074e-07,-3.610641996785879e-08,1.5489646333842447e-07,4.519998743330445e-08
794.0,-1.0280658135908283e-07,-2.785116107714991e-08,-1.1668434135581052e-07,-3.640857459912842e-08,1.5551343571659984e-07,4.5564417522294684e-08
795.0,-1.0308309783546576e-07,-2.8056608824749018e-08,-1.1744601671748178e-07,-3.670691810709962e-08,1.5626801304860574e-07,4.5924090424954706e-08
796.0,-1.0343423526015805e-07,-2.8259165536794694e-08,-1.1808221321574219e-07,-3.700145503823248e-08,1.5697786500580814e-07,4.6279007197614116e-08
797.0,-1.0372061196028959e-07,-2.845882954756954e-08,-1.1854252991716496e-07,-3.7292189074082525e-08,1.5751284628429175e-07,4.662916853759495e-08
798.0,-1.0385577331462059e-07,-2.865559958552993e-08,-1.1878757898153847e-07,-3.757912298386524e-08,1.5778628131454616e-07,4.697457474533151e-08
799.0,-1.0405799860668807e-07,-2.884947476775276e-08,-1.191071926642806e-07,-3.786225858351517e-08,1.5816001523266098e-07,4.731522569051214e-08
800.0,-1.0428479221835651e-07,-2.9040454593214618e-08,-1.193213823302841e-07,-3.814159670118051e-08,1.5847053407253862e-07,4.7651120782195784e-08
801.0,-1.0452032606078632e-07,-2.9228538934911194e-08,-1.1944987518552885e-07,-3.841713714915765e-08,1.5872230858228943e-07,4.798225894291507e-08
802.0,-1.0473741421379579e-07,-2.9413728030842323e-08,-1.1945734920693063e-07,-3.8688878702339104e-08,1.5887096718953657e-07,4.8308638586840966e-08
803.0,-1.0497973987333431e-07,-2.959602247390579e-08,-1.1934323605744535e-07,-3.8956819083314784e-08,1.5894512819377656e-07,4.863025760214606e-08
804.0,-1.0503529762617703e-07,-2.977542320076128e-08,-1.1902660083940031e-07,-3.9220954954320876e-08,1.5874427691983583e-07,4.8947113337756235e-08
805.0,-1.0504952466239281e-07,-2.995193147974518e-08,-1.188349334352301e-07,-3.948128191626485e-08,1.586100376279832e-07,4.9259202594719365e-08
806.0,-1.052471528817378e-07,-3.0125548897936156e-08,-1.1897285860651419e-07,-3.973779451505776e-08,1.5884427680819195e-07,4.9566521622433995e-08
807.0,-1.0545426062935626e-07,-3.0296277347487214e-08,-1.1924554628450768e-07,-3.9990486255447004e-08,1.591857449446239e-07,4.98690661199631e-08
808.0,-1.0558302593333124e-07,-3.046411901134829e-08,-1.1955502073057733e-07,-4.023934962246095e-08,1.595029101525338e-07,5.016683124260204e-08
809.0,-1.0572635891770155e-07,-3.0629076348504295e-08,-1.199157583092747e-07,-4.048437611045925e-08,1.5986823343267114e-07,5.0459811613781884e-08
810.0,-1.0589858998044654e-07,-3.079115207884783e-08,-1.202885561990552e-07,-4.072555625964189e-08,1.602618111475719e-07,5.074800134227989e-08
811.0,-1.0607482547886349e-07,-3.0950349167796576e-08,-1.207459134067168e-07,-4.096287969972169e-08,1.607216357706507e-07,5.103139404459139e-08
812.0,-1.0629569033304698e-07,-3.1106670810752894e-08,-1.2134538300567765e-07,-4.119633520031904e-08,1.6131793378348738e-07,5.1309982872199244e-08
813.0,-1.0654199619763993e-07,-3.126012041748842e-08,-1.2197258171531278e-07,-4.142591072750244e-08,1.6195217702790097e-07,5.158376054336539e-08
814.0,-1.0676605013970608e-07,-3.141070159652043e-08,-1.2255863149346347e-07,-4.165159350577937e-08,1.6254109516053103e-07,5.185271937896932e-08
815.0,-1.0696986899039196e-07,-3.155841813953201e-08,-1.2323144195358626e-07,-4.187337008474935e-08,1.6318253937778306e-07,5.211685134183809e-08
816.0,-1.0718092999240092e-07,-3.170327400587683e-08,-1.239240559058885e-07,-4.209122640956912e-08,1.6384420461585367e-07,5.237614807895909e-08
817.0,-1.0738450814673506e-07,-3.184527330720314e-08,-1.2440598884388976e-07,-4.230514789435726e-08,1.643419686207459e-07,5.263060096594485e-08
818.0,-1.0756228660535605e-07,-3.1984420292230594e-08,-1.246506383389967e-07,-4.251511949768355e-08,1.646433331115843e-07,5.288020115313221e-08
819.0,-1.0767741884243343e-07,-3.2120719331717796e-08,-1.2472046666267556e-07,-4.272112579934771e-08,1.6477142146963594e-07,5.312493961274579e-08
820.0,-1.0779972556274053e-07,-3.2254174903666895e-08,-1.2472520370676587e-07,-4.292315107774713e-08,1.6485495828484025e-07,5.3364807186632106e-08
821.0,-1.0794294330596088e-07,-3.2384791578822656e-08,-1.2473222606168566e-07,-4.312117938725095e-08,1.6495395487182883e-07,5.359979463416751e-08
822.0,-1.0807685657532318e-07,-3.2512574006535605e-08,-1.2475186396410098e-07,-4.3315194635123776e-08,1.6505645849139178e-07,5.3829892680045165e-08
823.0,-1.0819778448190043e-07,-3.2637526901070247e-08,-1.246032095142402e-07,-4.350518065766029e-08,1.6502339345693209e-07,5.405509206174315e-08
824.0,-1.0830070049094864e-07,-3.2759655028448465e-08,-1.2427867565611983e-07,-4.369112129529461e-08,1.6484608260334607e-07,5.427538357655878e-08
825.0,-1.0836336433728277e-07,-3.28789631939257e-08,-1.240198038987561e-07,-4.387300046652704e-08,1.6469222959684712e-07,5.449075812815839e-08
826.0,-1.0842675174371763e-07,-3.299545623020234e-08,-1.2400763810260784e-07,-4.4050802240560836e-08,1.647247850248442e-07,5.4701206772632446e-08
827.0,-1.0855683227339874e-07,-3.3109138986474105e-08,-1.2425700184059973e-07,-4.4224510908555475e-08,1.6499814647337596e-07,5.490672076405705e-08
828.0,-1.0870149691477593e-07,-3.3220016318422615e-08,-1.2461477634506668e-07,-4.439411105337685e-08,1.653628069278096e-07,5.5107291599541026e-08
829.0,-1.088120157033412e-07,-3.3328093079238766e-08,-1.2496591413058145e-07,-4.4559587617665703e-08,1.657001341457394e-07,5.530291106368764e-08
830.0,-1.0885470658195118e-07,-3.3433374111759095e-08,-1.2520747763589135e-07,-4.472092596996593e-08,1.6591039630169327e-07,5.5493571272331025e-08
831.0,-1.0892162730091748e-07,-3.353586424177955e-08,-1.2548931432876387e-07,-4.487811196857065e-08,1.6616705120024026e-07,5.567926471533402e-08
832.0,-1.0911419087711316e-07,-3.363556827259321e-08,-1.2600092555437037e-07,-4.5031132022667995e-08,1.6667975249359194e-07,5.585998429816437e-08
833.0,-1.0938214725642048e-07,-3.3732490980777694e-08,-1.2661210349595997e-07,-4.517997315030547e-08,1.6731730003229474e-07,5.6035723381905226e-08
834.0,-1.0958625898394025e-07,-3.382663711323501e-08,-1.2709060347171341e-07,-4.5324623032645576e-08,1.6781290072249965e-07,5.620647582130489e-08
835.0,-1.0970191463566259e-07,-3.391801138546363e-08,-1.2748854257005338e-07,-4.54650700639601e-08,1.6818988840404916e-07,5.6372236000437346e-08
836.0,-1.0977478639984106e-07,-3.4006618481024226e-08,-1.2787385926527062e-07,-4.5601303396816334e-08,1.685296045581457e-07,5.6532998865536144e-08
837.0,-1.098384131981156e-07,-3.409246305214951e-08,-1.2813086271157292e-07,-4.573331298194623e-08,1.6876609550822677e-07,5.6688759954586224e-08
838.0,-1.0996108779082192e-07,-3.4175549721444034e-08,-1.2828969060685314e-07,-4.586108960236182e-08,1.6896652196261527e-07,5.683951542330914e-08
839.0,-1.1011371819913407e-07,-3.425588308461855e-08,-1.2840732999119808e-07,-4.5984624901379445e-08,1.6915517530098435e-07,5.698526206725133e-08
840.0,-1.1023958509936982e-07,-3.4333467714202624e-08,-1.2843903228476616e-07,-4.610391140433501e-08,1.69261192058689e-07,5.7125997339774807e-08
841.0,-1.102980897171868e-07,-3.4408308164177986e-08,-1.282950713998865e-07,-4.621894253390424e-08,1.6919011182915674e-07,5.726171936584859e-08
842.0,-1.1032664620769239e-07,-3.4480408975475e-08,-1.280633295380751e-07,-4.6329712619076806e-08,1.6903308917432391e-07,5.7392426951640615e-08
843.0,-1.103525784362791e-07,-3.4549774682275896e-08,-1.2782773105290968e-07,-4.643621689796247e-08,1.6887160919962284e-07,5.7518119590008735e-08
844.0,-1.1040856018329492e-07,-3.4616409819070456e-08,-1.2757673598096098e-07,-4.653845151472067e-08,1.6871832658399643e-07,5.7638797462076235e-08
845.0,-1.1049455439504641e-07,-3.4680318928410015e-08,-1.2735275010944402e-07,-4.6636413510992244e-08,1.686053661998881e-07,5.775446143514322e-08
846.0,-1.1059496907162014e-07,-3.4741506569302116e-08,-1.27281267650603e-07,-4.6730100812266627e-08,1.6861722414598412e-07,5.786511305722412e-08
847.0,-1.1068518923629256e-07,-3.4799977326180764e-08,-1.2737997415190883e-07,-4.681951220963514e-08,1.6875090794189776e-07,5.797075454850944e-08
848.0,-1.1073741013056804e-07,-3.4855735818377144e-08,-1.2758062632733935e-07,-4.690464733736235e-08,1.6893664557017174e-07,5.807138879002944e-08
849.0,-1.1077975942130891e-07,-3.4908786710004804e-08,-1.2784041254765288e-07,-4.698550664666011e-08,1.6916065197851765e-07,5.816701930975403e-08
850.0,-1.1085422713108528e-07,-3.49591347201627e-08,-1.2811760365105673e-07,-4.7062091375982395e-08,1.6941894828536597e-07,5.825765026630568e-08
851.0,-1.109622730088855e-07,-3.5006784633349055e-08,-1.283967427517796e-07,-4.7134403518086084e-08,1.6970076482021258e-07,5.8343286430400383e-08
852.0,-1.110747158694636e-07,-3.505174130996814e-08,-1.2872503012129055e-07,-4.720244578403512e-08,1.7002272167333763e-07,5.842393316407298e-08
853.0,-1.1116053014181837e-07,-3.5094009696801314e-08,-1.2905852268818574e-07,-4.7266221564269066e-08,1.703313410381867e-07,5.8499596397693514e-08
854.0,-1.112432489736026e-07,-3.513359483730378e-08,-1.2934295495758974e-07,-4.732573488681897e-08,1.7060088053513683e-07,5.857028260474582e-08
855.0,-1.1133049801492767e-07,-3.5170501881581893e-08,-1.2956111680728633e-07,-4.738099037273495e-08,1.7082319156544028e-07,5.8635998774320856e-08
856.0,-1.1142873448943824e-07,-3.5204736095902035e-08,-1.2976899439742784e-07,-4.7431993188793584e-08,1.7104489111586287e-07,5.869675238127818e-08
857.0,-1.1153119316986704e-07,-3.5236302871582975e-08,-1.299821189432171e-07,-4.747874899757917e-08,1.712733437954162e-07,5.875255135404846e-08
858.0,-1.1158096249741511e-07,-3.526520773312755e-08,-1.3005862110893052e-07,-4.75212639050783e-08,1.713638121559097e-07,5.880340404008718e-08
859.0,-1.1159743859567861e-07,-3.5291456345457485e-08,-1.299821937306156e-07,-4.755954440599011e-08,1.713165461598486e-07,5.88493191690424e-08
860.0,-1.1161658758362947e-07,-3.531505452012723e-08,-1.2984314479158598e-07,-4.7593597327029174e-08,1.7122355233198145e-07,5.889030581376401e-08
861.0,-1.1165889945985441e-07,-3.533600822040738e-08,-1.2970135904177837e-07,-4.762342976858076e-08,1.7114366002242146e-07,5.892637334935374e-08
862.0,-1.1169974267755123e-07,-3.5354323565144175e-08,-1.2952426139967166e-07,-4.7649049045148105e-08,1.7103615642711817e-07,5.895753141052688e-08
863.0,-1.1171482308669489e-07,-3.537000683131739e-08,-1.2930521149645546e-07,-4.767046262510235e-08,1.7088019024285587e-07,5.8983789847619984e-08
864.0,-1.1172098718370549e-07,-3.538306445523344e-08,-1.2905574192645375e-07,-4.768767807029834e-08,1.706955286511311e-07,5.900515868162879e-08
865.0,-1.1174573602557025e-07,-3.539350303230457e-08,-1.2881209289494766e-07,-4.770070297615007e-08,1.70527607137006e-07,5.9021648058692664e-08
866.0,-1.1176203337792678e-07,-3.5401329315377666e-08,-1.286296372193796e-07,-4.770954491276454e-08,1.704005154803178e-07,5.9033268204453805e-08
867.0,-1.117622945856489e-07,-3.5406550211588105e-08,-1.2857228660900777e-07,-4.7714211367709474e-08,1.7035739894386214e-07,5.9040029378710155e-08
868.0,-1.1177681544238816e-07,-3.5409172777724276e-08,-1.286643525333364e-07,-4.7714709690939536e-08,1.7043641654078618e-07,5.9041941830748565e-08
869.0,-1.1178773126618857e-07,-3.540920421409709e-08,-1.2883048772227568e-07,-4.77110470423282e-08,1.7056902247594966e-07,5.903901575569231e-08
870.0,-1.1177365180636833e-07,-3.540665185691598e-08,-1.290061583392177e-07,-4.7703230342157266e-08,1.7069252510750016e-07,5.9031261252129853e-08
871.0,-1.117750521306693e-07,-3.540152316917881e-08,-1.2921776711138921e-07,-4.769126622481161e-08,1.7085342728803264e-07,5.9018688281216395e-08
872.0,-1.1181859760345247e-07,-3.5393825730086946e-08,-1.2947757599413023e-07,-4.7675160995824654e-08,1.7107846578490992e-07,5.90013066273654e-08
873.0,-1.1186359480386265e-07,-3.538356722299967e-08,-1.2972830586155393e-07,-4.765492059232796e-08,1.7129768586922492e-07,5.89791258605796e-08
874.0,-1.1190857526766074e-07,-3.53707554219434e-08,-1.299290599832137e-07,-4.76305505468838e-08,1.7147912364646382e-07,5.89521553004151e-08
875.0,-1.119466694343707e-07,-3.535539817669273e-08,-1.3005468142701648e-07,-4.760205595462505e-08,1.7159917528511322e-07,5.892040398153261e-08
876.0,-1.1197903887483207e-07,-3.533750339644346e-08,-1.301357846483775e-07,-4.7569441443596024e-08,1.7168176255321948e-07,5.8883880620768286e-08
877.0,-1.1199838675923779e-07,-3.531707903210351e-08,-1.30174976617492e-07,-4.7532711148179034e-08,1.7172409025537563e-07,5.884259358565391e-08
878.0,-1.1197931421014218e-07,-3.529413305723672e-08,-1.3011267462059717e-07,-4.749186868550327e-08,1.7166442528345569e-07,5.879655086433102e-08
879.0,-1.1192730481335289e-07,-3.5268673447707074e-08,-1.2994028114610146e-07,-4.7446917134758447e-08,1.7149984905856068e-07,5.874576003683164e-08
880.0,-1.1187169732251867e-07,-3.524070816008506e-08,-1.2974016333489047e-07,-4.7397859019371806e-08,1.7131195709577684e-07,5.8690228247734675e-08
881.0,-1.1183102668899103e-07,-3.52102451088932e-08,-1.2959306819326777e-07,-4.734469629204492e-08,1.7117401045152495e-07,5.8629962180245935e-08
882.0,-1.118355372753399e-07,-3.5177292142781206e-08,-1.2953481155764113e-07,-4.7287430322681215e-08,1.7113285716932777e-07,5.8564968031784645e-08
883.0,-1.1185919596146121e-07,-3.514185701973209e-08,-1.2947374573857307e-07,-4.722606188925897e-08,1.711021056466613e-07,5.849525149118429e-08
884.0,-1.1185015297288103e-07,-3.510394738140774e-08,-1.293034150723349e-07,-4.716059117171688e-08,1.709673356797298e-07,5.8420817717630244e-08
885.0,-1.1177363551384545e-07,-3.506357072674842e-08,-1.2899490493822885e-07,-4.709101774892079e-08,1.7068400949123697e-07,5.834167132146097e-08
886.0,-1.1169036745473093e-07,-3.5020734384945526e-08,-1.2872270463426538e-07,-4.7017340598772626e-08,1.7042380370867545e-07,5.825781634695744e-08
887.0,-1.1166729929623642e-07,-3.497544548791216e-08,-1.286558361512924e-07,-4.693955810150486e-08,1.7035818121799562e-07,5.816925625723555e-08
888.0,-1.1168388558413511e-07,-3.4927710942380244e-08,-1.287479739486841e-07,-4.68576680461727e-08,1.7043864319766576e-07,5.807599392133513e-08
889.0,-1.116940202550154e-07,-3.4877537401754666e-08,-1.289198539727865e-07,-4.677166764030941e-08,1.7057515325829955e-07,5.797803160356522e-08
890.0,-1.116901351683186e-07,-3.482493123785409e-08,-1.291272530568044e-07,-4.668155352265207e-08,1.7072941684406142e-07,5.787537095512032e-08
891.0,-1.1165025518011795e-07,-3.476989851266656e-08,-1.2925043550715554e-07,-4.658732177878511e-08,1.7079652970881705e-07,5.77680130079365e-08
892.0,-1.115847093058342e-07,-3.4712444950248156e-08,-1.2927704558240993e-07,-4.648896795949945e-08,1.707738324960356e-07,5.7655958170718395e-08
893.0,-1.115307363130924e-07,-3.4652575908894754e-08,-1.2932088447326073e-07,-4.638648710163434e-08,1.7077176670482447e-07,5.753920622704625e-08
894.0,-1.1145623510233627e-07,-3.459029635372044e-08,-1.2930471808558774e-07,-4.627987375115962e-08,1.707108738844148e-07,5.7417756335466975e-08
895.0,-1.113750793535484e-07,-3.452561082977933e-08,-1.292300890465281e-07,-4.6169121988266166e-08,1.7060136053379758e-07,5.729160703148334e-08
896.0,-1.1135982416754509e-07,-3.445852343586936e-08,-1.2921623285255812e-07,-4.6054225454258786e-08,1.7058090535353915e-07,5.716075623137563e-08
897.0,-1.1136569852410183e-07,-3.438903779915546e-08,-1.2915624272857862e-07,-4.5935177380082875e-08,1.7053930292904522e-07,5.702520123781852e-08
898.0,-1.1132633156996086e-07,-3.4317157050746904e-08,-1.2897940572520472e-07,-4.581197061636237e-08,1.7037969128406072e-07,5.68849387472877e-08
899.0,-1.1124261892203613e-07,-3.4242883802359156e-08,-1.2873071379704282e-07,-4.5684597664878164e-08,1.7013675951812853e-07,5.6739964859287984e-08
900.0,-1.1116083376006003e-07,-3.4166220124187445e-08,-1.2849411375193132e-07,-4.55530507114714e-08,1.6990429138525598e-07,5.6590275087473083e-08
901.0,-1.1110920258849966e-07,-3.408716752411661e-08,-1.2828282194843332e-07,-4.541732166040999e-08,1.6971074599713982e-07,5.6435864372767434e-08
902.0,-1.1105166192182381e-07,-3.400572692839063e-08,-1.2800645431132462e-07,-4.5277402170305594e-08,1.6946422619820472e-07,5.6276727098635204e-08
903.0,-1.1099622582166901e-07,-3.3921898663862474e-08,-1.277565495894084e-07,-4.5133283691706274e-08,1.6923917427606976e-07,5.611285710866924e-08
904.0,-1.1091136351004671e-07,-3.383568244194141e-08,-1.275041071335803e-07,-4.4984957506515305e-08,1.6899298178205284e-07,5.594424772668896e-08
905.0,-1.1082760112413048e-07,-3.374707734435081e-08,-1.2727784683141952e-07,-4.483241476939819e-08,1.68767317526148e-07,5.577089177954195e-08
906.0,-1.1074855374437753e-07,-3.3656081810804114e-08,-1.2704225103854494e-07,-4.467564655133707e-08,1.685377575067734e-07,5.5592781622798504e-08
907.0,-1.1069731767343605e-07,-3.356269362870119e-08,-1.2688525896642489e-07,-4.451464388547497e-08,1.6838576270893666e-07,5.540990916951125e-08
908.0,-1.1063046573278612e-07,-3.346690992494065e-08,-1.2678437354141092e-07,-4.434939781536242e-08,1.6826579367934882e-07,5.522226592218574e-08
909.0,-1.105261001610458e-07,-3.336872715993614e-08,-1.2669687310395972e-07,-4.4179899445678866e-08,1.681312477534453e-07,5.502984300807146e-08
910.0,-1.1045051043212517e-07,-3.326814112391634e-08,-1.266826127610532e-07,-4.4006139995453506e-08,1.680708173083119e-07,5.483263121784165e-08
911.0,-1.1037604569219539e-07,-3.316514693558002e-08,-1.2665946584611287e-07,-4.3828110853759874e-08,1.6800443967665926e-07,5.463062104768629e-08
912.0,-1.1027463392432324e-07,-3.3059739043169225e-08,-1.265816920864582e-07,-4.364580363781087e-08,1.678791817308341e-07,5.442380274480111e-08
913.0,-1.1019080797813885e-07,-3.29519112280144e-08,-1.265262625921304e-07,-4.3459210253339964e-08,1.6778232710392298e-07,5.421216635621806e-08
914.0,-1.1012142542288217e-07,-3.2841656610595876e-08,-1.2649372957418414e-07,-4.3268322957123465e-08,1.6771222960402806e-07,5.399570178089335e-08
915.0,-1.1001767186158418e-07,-3.272896765915645e-08,-1.2635713944608717e-07,-4.307313442147976e-08,1.6754108394910525e-07,5.377439882494765e-08
916.0,-1.0988722265459216e-07,-3.261383620088938e-08,-1.261209763431248e-07,-4.2873637800573293e-08,1.6727732176383911e-07,5.354824725994044e-08
917.0,-1.097859252952027e-07,-3.249625343571619e-08,-1.2594730161574752e-07,-4.2669826798354025e-08,1.6707983773397647e-07,5.331723688405535e-08
918.0,-1.0969952923822746e-07,-3.237620995265804e-08,-1.2577980622319185e-07,-4.246169573797392e-08,1.668968135364855e-07,5.308135758607466e-08
919.0,-1.0959778679042742e-07,-3.225369574879311e-08,-1.255436931635323e-07,-4.224923963253763e-08,1.6665201397672676e-07,5.284059941202498e-08
920.0,-1.094731789941239e-07,-3.212870025078023e-08,-1.2524174176908875e-07,-4.203245425706145e-08,1.6634263073678558e-07,5.25949526343806e-08
921.0,-1.0935609168205573e-07,-3.20012123389156e-08,-1.2494087800463127e-07,-4.1811336221530606e-08,1.660390851111338e-07,5.2344407823713974e-08
922.0,-1.0925564361552453e-07,-3.187122037367588e-08,-1.2465678134176983e-07,-4.1585883044958985e-08,1.6575918917614288e-07,5.208895592268441e-08
923.0,-1.0915853340676129e-07,-3.173871222468705e-08,-1.2437623427008493e-07,-4.135609323036367e-08,1.6548423812170775e-07,5.1828588322252747e-08
924.0,-1.0905615355216725e-07,-3.160367530204383e-08,-1.2406887453519921e-07,-4.112196634056796e-08,1.6518574471189965e-07,5.15632969400008e-08
925.0,-1.0897066796133892e-07,-3.1466096589889894e-08,-1.2380059867533877e-07,-4.088350307473852e-08,1.6492784697652687e-07,5.129307430041902e-08
926.0,-1.0887707205253783e-07,-3.1325962682154735e-08,-1.2356666805046768e-07,-4.0640705345545385e-08,1.6469043163410552e-07,5.101791361700294e-08
927.0,-1.0873843889203094e-07,-3.1183259820330785e-08,-1.232900466580089e-07,-4.039357635680773e-08,1.64391251888931e-07,5.073780887597151e-08
928.0,-1.0863124849658234e-07,-3.1037973933162815e-08,-1.2310823330197174e-07,-4.014212068145602e-08,1.6418399817478843e-07,5.0452754921388646e-08
929.0,-1.0852878556955048e-07,-3.089009067811334e-08,-1.2298741883243203e-07,-3.988634433960268e-08,1.640256153418286e-07,5.016274754143447e-08
930.0,-1.0838936889689954e-07,-3.073959548446056e-08,-1.228451376317219e-07,-3.962625487647256e-08,1.6382668625600917e-07,4.9867783555537405e-08
931.0,-1.0823635840373491e-07,-3.0586473597879836e-08,-1.2270894371446683e-07,-3.936186143990369e-08,1.6362333008474661e-07,4.956786090204386e-08
932.0,-1.08108366342341e-07,-3.0430710126355184e-08,-1.2262933525575281e-07,-3.909317485709231e-08,1.634789672663662e-07,4.926297872607205e-08
933.0,-1.079769979817069e-07,-3.0272290087263996e-08,-1.2250473840902387e-07,-3.882020771022809e-08,1.6329863142661333e-07,4.8953137467172964e-08
934.0,-1.0780800649423661e-07,-3.011119845547485e-08,-1.2225502821205936e-07,-3.854297441064851e-08,1.6299956499142197e-07,4.863833894640686e-08
935.0,-1.0767204083883541e-07,-2.9947420212295214e-08,-1.220288641939904e-07,-3.8261491271136744e-08,1.6274001374854063e-07,4.83185864524381e-08
936.0,-1.0751649995310864e-07,-2.9780940395102387e-08,-1.2173890506783636e-07,-3.797577657599583e-08,1.6241969944955103e-07,4.7993884826255403e-08
937.0,-1.0736780017839287e-07,-2.9611744147487635e-08,-1.2142431400630205e-07,-3.7685850648549896e-08,1.6208549764568185e-07,4.766424054413583e-08
938.0,-1.0721742702002324e-07,-2.9439816769739472e-08,-1.2111044175866503e-07,-3.7391735915747774e-08,1.6175078287221056e-07,4.7329661798486884e-08
939.0,-1.0705455782966666e-07,-2.926514376948804e-08,-1.2074999686251253e-07,-3.709345696957127e-08,1.6137298440074235e-07,4.699015857621894e-08
940.0,-1.068959157579652e-07,-2.908771091232831e-08,-1.2036507505974736e-07,-3.679104062497645e-08,1.609797754373903e-07,4.664574273431707e-08
941.0,-1.0673459346910441e-07,-2.8907504272235566e-08,-1.1998873182539338e-07,-3.648451597411895e-08,1.6059131112261697e-07,4.6296428072295834e-08
942.0,-1.0656989515855919e-07,-2.872451028158259e-08,-1.1963101755052552e-07,-3.617391443663151e-08,1.6021461517065301e-07,4.59422304012312e-08
943.0,-1.0642317635478626e-07,-2.8538715780563738e-08,-1.1931110317775495e-07,-3.585926980573164e-08,1.598781780198124e-07,4.558316760906873e-08
944.0,-1.0626018429049644e-07,-2.835010806582723e-08,-1.1896194071492339e-07,-3.554061828993888e-08,1.5950915366871962e-07,4.521925972190609e-08
945.0,-1.0611191575415901e-07,-2.815867493811337e-08,-1.1865617675910212e-07,-3.521799855017489e-08,1.591823700919955e-07,4.48505289609414e-08
946.0,-1.0597094896036552e-07,-2.7964404748693485e-08,-1.1841100949760985e-07,-3.48914517320063e-08,1.5890566130192923e-07,4.4476999794767704e-08
947.0,-1.058145348564743e-07,-2.7767286444403163e-08,-1.181587825499486e-07,-3.456102149277345e-08,1.5861340952321166e-07,4.409869898668116e-08
948.0,-1.0564607763607903e-07,-2.7567309611063697e-08,-1.179092046083019e-07,-3.42267540233284e-08,1.583151106219834e-07,4.37156556366566e-08
949.0,-1.0548398005072457e-07,-2.7364464515088708e-08,-1.1769195343291905e-07,-3.388869806408736e-08,1.5804513896415178e-07,4.332790121763321e-08
950.0,-1.0530866370594971e-07,-2.7158742143078313e-08,-1.1746115335942164e-07,-3.354690491508785e-08,1.5775625883006474e-07,4.29354696057465e-08
951.0,-1.0511591741479975e-07,-2.6950134239211352e-08,-1.1721996576175009e-07,-3.3201428439732626e-08,1.5744801195042402e-07,4.25383971041429e-08
952.0,-1.0491774457555003e-07,-2.6738633340256474e-08,-1.1698171298313298e-07,-3.2852325061902216e-08,1.571383285493659e-07,4.2136722460020675e-08
953.0,-1.047169121137781e-07,-2.6524232808034873e-08,-1.1674358843527521e-07,-3.249965375612653e-08,1.5682696554926276e-07,4.17304868745562e-08
954.0,-1.0449898324438323e-07,-2.6306926859180314e-08,-1.1645833790374649e-07,-3.214347603052486e-08,1.5646910866497925e-07,4.131973400539842e-08
955.0,-1.0430170035991004e-07,-2.6086710592055596e-08,-1.1615958174504559e-07,-3.1783855902251626e-08,1.5611499969302241e-07,4.0904509961445016e-08
956.0,-1.0409102169095519e-07,-2.586358001069761e-08,-1.1578039627035963e-07,-3.142085986522282e-08,1.5569213518090247e-07,4.048486328965153e-08
957.0,-1.038678518749947e-07,-2.563753204567562e-08,-1.1535052793498757e-07,-3.105455684994381e-08,1.55223306716505e-07,4.00608449536684e-08
958.0,-1.0363948274583201e-07,-2.5408564571759087e-08,-1.1489846012124882e-07,-3.068501817530978e-08,1.547346067370122e-07,3.963250830414696e-08
959.0,-1.0342823122955203e-07,-2.517667642230231e-08,-1.1448459948104617e-07,-3.0312317492302655e-08,1.5428584683505236e-07,3.919990904060348e-08
960.0,-1.0320407731190251e-07,-2.4941867400263057e-08,-1.1405818810261703e-07,-2.993653071955858e-08,1.538192180680071e-07,3.876310516477526e-08
961.0,-1.0297923908053619e-07,-2.4704138285781305e-08,-1.1360818628902702e-07,-2.955773597082392e-08,1.5333474385633709e-07,3.83221569254429e-08
962.0,-1.0276926873387104e-07,-2.4463490840251948e-08,-1.1320031570449807e-07,-2.9176013474353777e-08,1.5289157619598483e-07,3.7877126754725516e-08
963.0,-1.025447734781526e-07,-2.4219927806832374e-08,-1.1279884795656336e-07,-2.8791445484334828e-08,1.5244346712146615e-07,3.742807919588314e-08
964.0,-1.0232107572338833e-07,-2.3973452907332175e-08,-1.1241025900388113e-07,-2.8404116184433898e-08,1.5200548959334003e-07,3.697508082267997e-08
965.0,-1.0209749623513176e-07,-2.3724070835438357e-08,-1.1201946298333709e-07,-2.801411158358603e-08,1.5156602133907842e-07,3.6518200150377274e-08
966.0,-1.0187761018132235e-07,-2.3471787246236006e-08,-1.1162289091648514e-07,-2.7621519404142117e-08,1.5112483989341732e-07,3.60575075384347e-08
967.0,-1.0165814665064055e-07,-2.3216608741990654e-08,-1.1124655413530249e-07,-2.7226428962497606e-08,1.5069895350473384e-07,3.559307508500605e-08
968.0,-1.0145307324793684e-07,-2.295854285416597e-08,-1.109239448626731e-07,-2.6828931042321987e-08,1.5032247874269697e-07,3.5124976513320115e-08
969.0,-1.0124566918179312e-07,-2.2697598021658262e-08,-1.1062608022693876e-07,-2.6429117760504408e-08,1.4996271254697342e-07,3.46532870500407e-08
970.0,-1.0098093264354624e-07,-2.2433783565238527e-08,-1.1025536725273177e-07,-2.6027082425925358e-08,1.4951051724074526e-07,3.417808329570389e-08
971.0,-1.0074403894444472e-07,-2.2167109658204158e-08,-1.0992643136031877e-07,-2.5622919391160045e-08,1.4910795315627758e-07,3.369944308733609e-08
972.0,-1.0049095891528914e-07,-2.1897587293255534e-08,-1.095988368532419e-07,-2.521672389721795e-08,1.4869545340493053e-07,3.3217445353365885e-08
973.0,-1.0023380583867869e-07,-2.1625228245627322e-08,-1.0926007187883613e-07,-2.480859191142621e-08,1.4827197692036878e-07,3.2732169960956314e-08
974.0,-9.998773500830005e-08,-2.1350045032519716e-08,-1.0894429837426944e-07,-2.4398619958572307e-08,1.4787294309761972e-07,3.2243697555901635e-08
975.0,-9.97054053764046e-08,-2.1072050868890402e-08,-1.0855743801108098e-07,-2.3986904945434526e-08,1.4739703256444093e-07,3.1752109395253906e-08
976.0,-9.944004850104271e-08,-2.07912596196829e-08,-1.081791755619399e-07,-2.357354397884657e-08,1.4693895763598822e-07,3.1257487172869227e-08
977.0,-9.917873117215592e-08,-2.050768574858202e-08,-1.0778163885005743e-07,-2.3158634177465633e-08,1.4646945889885366e-07,3.0759912838091764e-08
978.0,-9.891528116034998e-08,-2.0221344263400803e-08,-1.0738968639345536e-07,-2.2742272477440408e-08,1.4600266295761792e-07,3.025946840782407e-08
979.0,-9.865645594908656e-08,-1.993225065821689e-08,-1.0701116172351366e-07,-2.2324555432205235e-08,1.4554890942171313e-07,2.9756235772264135e-08
980.0,-9.838378856041885e-08,-1.9640420852388254e-08,-1.0661149819901627e-07,-2.190557900665745e-08,1.4507026366468096e-07,2.9250296494621715e-08
981.0,-9.811330617393033e-08,-1.9345871126590472e-08,-1.0623082384586535e-07,-2.148543836600635e-08,1.4460708413957687e-07,2.874173160515839e-08
982.0,-9.782714444073193e-08,-1.9048618056029414e-08,-1.0582035703254888e-07,-2.1064227659613715e-08,1.4411140881944062e-07,2.823062138992818e-08
983.0,-9.757586227898685e-08,-1.874867844099523e-08,-1.05478398029768e-07,-2.0642039800177778e-08,1.4368973989263804e-07,2.7717045174627436e-08
984.0,-9.728495559135908e-08,-1.8446069234935282e-08,-1.050694584392442e-07,-2.021896623864442e-08,1.431920168205224e-07,2.720108110399495e-08
985.0,-9.702424730306802e-08,-1.8140807470235275e-08,-1.0471993111549338e-07,-1.9795096735262156e-08,1.4275842720330236e-07,2.6682805917235973e-08
986.0,-9.669940539969168e-08,-1.7832910181910036e-08,-1.0421814525263251e-07,-1.9370519127230808e-08,1.4216960576914015e-07,2.616229471997624e-08
987.0,-9.644924192642179e-08,-1.752239432941692e-08,-1.0389699878210479e-07,-1.894531909342801e-08,1.4176403854331367e-07,2.5639620753286307e-08
988.0,-9.614283144609992e-08,-1.7209276716817203e-08,-1.0340844822098738e-07,-1.8519579916732874e-08,1.411975608923391e-07,2.5114855160350107e-08
989.0,-9.58817303053916e-08,-1.6893573911522828e-08,-1.0305461331516774e-07,-1.809338224450026e-08,1.4076064624707645e-07,2.4588066751385123e-08
990.0,-9.557520319614099e-08,-1.6575302161877467e-08,-1.0257849555883602e-07,-1.766680384777219e-08,1.402033067266881e-07,2.405932176745363e-08
991.0,-9.526832633888205e-08,-1.6254477313832974e-08,-1.021360523378867e-07,-1.7239919379843552e-08,1.3967042346387892e-07,2.352868364383478e-08
992.0,-9.49924080229092e-08,-1.593111472699441e-08,-1.0172614829662141e-07,-1.6812800134827762e-08,1.3918249469404217e-07,2.299621277365591e-08
993.0,-9.464768169209492e-08,-1.5605229190319055e-08,-1.0121541799135159e-07,-1.6385513806893028e-08,1.3857396757274485e-07,2.246196627250758e-08
994.0,-9.439623677165443e-08,-1.52768348377674e-08,-1.0089759454323666e-07,-1.595812425086092e-08,1.3817009119654522e-07,2.192599774479005e-08
995.0,-9.403310241573593e-08,-1.494594506421592e-08,-1.004095304124597e-07,-1.5530691244874948e-08,1.3756561397231124e-07,2.138835705255764e-08
996.0,-9.373212322971725e-08,-1.4612572441952817e-08,-1.0007301726178142e-07,-1.5103270255858176e-08,1.3711425786192953e-07,2.0849090087642482e-08
997.0,-9.336991119157645e-08,-1.4276728638089069e-08,-9.965860590932518e-08,-1.4675912208486443e-08,1.3656419021e-07,2.030823854785068e-08
998.0,-9.304320022773815e-08,-1.3938424333226763e-08,-9.931748128078066e-08,-1.4248663258408377e-08,1.3609187777592456e-07,1.976583971803275e-08
999.0,-9.270637904568169e-08,-1.3597669141735188e-08,-9.897587793794571e-08,-1.3821564570446663e-08,1.356123044909596e-07,1.9221926256836326e-08
1000.0,-9.235530867846009e-08,-1.3254471533990615e-08,-9.858368524295891e-08,-1.3394652102518446e-08,1.3508606899742267e-07,1.8676525989953812e-08
1001.0,-9.20266526593938e-08,-1.2908838760939272e-08,-9.822698127104346e-08,-1.296795639601731e-08,1.3460105738557419e-07,1.8129661710681046e-08
1002.0,-9.168413711568846e-08,-1.256077678134266e-08,-9.780284206117873e-08,-1.254150237340662e-08,1.3405736426579567e-07,1.7581350988605987e-08
1003.0,-9.133332479205336e-08,-1.2210290192061936e-08,-9.730934988350093e-08,-1.211530914378315e-08,1.334574306373396e-07,1.703160598724898e-08
1004.0,-9.104723852626506e-08,-1.1857382161732849e-08,-9.689806394763689e-08,-1.1689389817181569e-08,1.3296177811709247e-07,1.648043329147837e-08
1005.0,-9.069992476518074e-08,-1.1502054368175215e-08,-9.635824309295327e-08,-1.1263751328400574e-08,1.3233059874560427e-07,1.592783374552447e-08
1006.0,-9.040000839566353e-08,-1.1144306939871532e-08,-9.593363442528258e-08,-1.0838394271138682e-08,1.3181587056185532e-07,1.5373802302411173e-08
1007.0,-9.000832632000133e-08,-1.078413840183969e-08,-9.536379183550103e-08,-1.041331274322887e-08,1.311325726132627e-07,1.481832788561481e-08
1008.0,-8.967987680241762e-08,-1.0421545626214323e-08,-9.492749930561928e-08,-9.988494203754293e-09,1.3058985576113924e-07,1.426139326374457e-08
1009.0,-8.941940571327578e-08,-1.0056523787841142e-08,-9.461179054093272e-08,-9.563919342810992e-09,1.3018149264575492e-07,1.3702974939016416e-08
1010.0,-8.902350964734573e-08,-9.689066325178327e-09,-9.4141401604797e-08,-9.139561964657488e-09,1.2956769954755982e-07,1.3143043050262178e-08
1011.0,-8.868797990446708e-08,-9.319164906788427e-09,-9.378080791100363e-08,-8.715388884956197e-09,1.2907516303292326e-07,1.2581561291179211e-08
1012.0,-8.831752806859328e-08,-8.946809403693669e-09,-9.341973203347287e-08,-8.291359842771538e-09,1.285582828811611e-07,1.201848684448507e-08
1013.0,-8.800201126146767e-08,-8.571987867857958e-09,-9.311403083300807e-08,-7.867427427946033e-09,1.2811938465366536e-07,1.1453770332599257e-08
1014.0,-8.754078428818701e-08,-8.194686517049164e-09,-9.265214237497155e-08,-7.4435370244318365e-09,1.2746689138934427e-07,1.0887355785431153e-08
1015.0,-8.737806284075944e-08,-7.814889726324762e-09,-9.26416944130315e-08,-7.019626770112693e-09,1.2734759286897109e-07,1.0319180625810122e-08
1016.0,-8.691956063233697e-08,-7.432580026373016e-09,-9.219056287812499e-08,-6.595627533611303e-09,1.2670481405338955e-07,9.749175673052916e-09
1017.0,-8.657479783069633e-08,-7.047738108930095e-09,-9.191398099572812e-08,-6.171462908543459e-09,1.2626708011951892e-07,9.177265165125809e-09
1018.0,-8.613479507424415e-08,-6.660342839482586e-09,-9.146712709462435e-08,-5.747049225655269e-09,1.2564011406165706e-07,8.603366799828296e-09
1019.0,-8.584929281352238e-08,-6.2703712774548914e-09,-9.12510080275375e-08,-5.322295583264741e-09,1.252870605554445e-07,8.027391795402423e-09
1020.0,-8.541920076821086e-08,-5.87779870407065e-09,-9.075355425491871e-08,-4.897103896423416e-09,1.2463004240463208e-07,7.449244970955377e-09
1021.0,-8.501138690220067e-08,-5.482598658065959e-09,-9.032506960438003e-08,-4.471368965214232e-09,1.2403851862253014e-07,6.8688248470705644e-09
1022.0,-8.462010803178543e-08,-5.0847429794192795e-09,-8.985715026221808e-08,-4.0449785626068874e-09,1.2342961612416153e-07,6.286023766971805e-09
1023.0,-8.418213531813379e-08,-4.684201861248137e-09,-8.93014837355377e-08,-3.6178135422984446e-09,1.2272484224511796e-07,5.700728038594899e-09
1024.0,-8.375759294465546e-08,-4.280943910006282e-09,-8.870829065754648e-08,-3.189747966971965e-09,1.2200202952109587e-07,5.112818097907753e-09
1025.0,-8.33989307336136e-08,-3.874936214094823e-09,-8.821634275846257e-08,-2.7606492574047973e-09,1.2139812509750153e-07,4.522168693800465e-09
1026.0,-8.301435877600127e-08,-3.466144420977273e-09,-8.760464045853844e-08,-2.3303783628465606e-09,1.2068950572796482e-07,3.928649094837216e-09
1027.0,-8.262321829488606e-08,-3.0545328228613397e-09,-8.697550429870304e-08,-1.898789953061747e-09,1.1996388852241373e-07,3.3321233181195213e-09
1028.0,-8.22489644169977e-08,-2.6400644509803784e-09,-8.635898691988775e-08,-1.465732632390327e-09,1.192592418619953e-07,2.7324503804549916e-09
1029.0,-8.178067736896999e-08,-2.2227011784769244e-09,-8.572350683466734e-08,-1.0310491761201628e-09,1.1847615293788375e-07,2.1294845719563515e-09
1030.0,-8.142410506950526e-08,-1.8024038318594485e-09,-8.528652339911957e-08,-5.945767893857313e-10,1.1791384973733325e-07,1.5230757521118715e-09
1031.0,-8.098477571882867e-08,-1.3791323109727538e-09,-8.488462756306436e-08,-1.5614738870705454e-10,1.173197932778145e-07,9.130696682694778e-10
1032.0,-8.064018341968904e-08,-9.528457173904888e-10,-8.464922771067585e-08,2.8441209383738377e-10,1.1691163729062622e-07,2.9930829636329935e-10
1033.0,-8.016127248100524e-08,-5.235024911058204e-10,-8.429552993127754e-08,7.272793839447786e-10,1.1632525939007776e-07,-3.183697964129763e-10
1034.0,-7.973437796127136e-08,-9.106055536318852e-11,-8.397774441115669e-08,1.1726365162115173e-09,1.1580083153957244e-07,-9.401290674106425e-10
1035.0,-7.934322632241475e-08,3.445225305588733e-10,-8.36864999104181e-08,1.6206694634676053e-09,1.1532032704821097e-07,-1.5661365933607468e-09
1036.0,-7.891127901116235e-08,7.832894108374035e-10,-8.327230929805474e-08,2.0715677448743925e-09,1.1472256731353428e-07,-2.196561644912733e-09
1037.0,-7.854226669046227e-08,1.2252827651248132e-09,-8.29459008144795e-08,2.5255240134581386e-09,1.1423182620794072e-07,-2.831575241664183e-09
1038.0,-7.8076524273607e-08,1.6705451333909366e-09,-8.245832228137573e-08,2.9827336238602022e-09,1.1355755613831415e-07,-3.4713496885743617e-09
1039.0,-7.772337851097433e-08,2.1191187339138067e-09,-8.214286957575201e-08,3.443394181182799e-09,1.130856957766949e-07,-4.1160580947512766e-09
1040.0,-7.724736147962652e-08,2.571045274778527e-09,-8.174475260580572e-08,3.9077050718983565e-09,1.1246937109341578e-07,-4.765873875691199e-09
1041.0,-7.682167743605639e-08,3.026365759274652e-09,-8.14076010352549e-08,4.375866977871949e-09,1.119319776936186e-07,-5.4209702401320106e-09
1042.0,-7.634940593637118e-08,3.4851202856118034e-09,-8.099087368818036e-08,4.848081374620492e-09,1.1130477711047077e-07,-6.081519662756939e-09
1043.0,-7.594193085491696e-08,3.947347841400989e-09,-8.055815736707217e-08,5.324550014998312e-09,1.1071040411971655e-07,-6.747693344052475e-09
1044.0,-7.55247662187486e-08,4.413086093375793e-09,-8.013886516888835e-08,5.805474399555295e-09,1.1011915375153359e-07,-7.419660658684624e-09
1045.0,-7.498796453231371e-08,4.8823711728538674e-09,-7.944826523054171e-08,6.291055234861584e-09,1.0924844013917105e-07,-8.097588593809637e-09
1046.0,-7.469700527562573e-08,5.3552374574645285e-09,-7.912544609800509e-08,6.781491881133166e-09,1.0881396425714471e-07,-8.781641178781646e-09
1047.0,-7.411090277575916e-08,5.831717349692397e-09,-7.835491040719678e-08,7.276981790528918e-09,1.078513694635254e-07,-9.471978907761047e-09
1048.0,-7.371602400718658e-08,6.31184105280915e-09,-7.79557979002643e-08,7.777719937525171e-09,1.0729006767494818e-07,-1.0168758156766749e-08
1049.0,-7.334040763584682e-08,6.795636344785964e-09,-7.755150278898615e-08,8.28389824281145e-09,1.0673823577810487e-07,-1.0872130596754231e-08
1050.0,-7.294054388262694e-08,7.283128350796957e-09,-7.717486985581168e-08,8.795704992191696e-09,1.061898464032927e-07,-1.1582242604340427e-08
1051.0,-7.231348694847206e-08,7.774339314939088e-09,-7.644631068448593e-08,9.313324252017572e-09,1.0522964797012194e-07,-1.2299234671833647e-08
1052.0,-7.201797280753652e-08,8.269288371804808e-09,-7.61944752708521e-08,9.83693528272073e-09,1.0484362865290175e-07,-1.3023240818259397e-08
1053.0,-7.149431116570959e-08,8.76799131854994e-09,-7.575355941147333e-08,1.036671195204578e-08,1.0416351709003938e-07,-1.3754388003098082e-08
1054.0,-7.102042828832644e-08,9.270460388101573e-09,-7.532778378838145e-08,1.0902822149614625e-08,1.0352862524310107e-07,-1.4492795544467429e-08
1055.0,-7.063871737544858e-08,9.776704024149778e-09,-7.51510465524241e-08,1.1445427204474248e-08,1.0313829642946947e-07,-1.52385745434916e-08
1056.0,-7.009447347550157e-08,1.0286726658562555e-08,-7.466712083348259e-08,1.199468130729074e-08,1.0241295887420539e-07,-1.59918273165971e-08
1057.0,-6.957171772015158e-08,1.0800528491855355e-08,-7.42186649776988e-08,1.2550730938848056e-08,1.0172823667794674e-07,-1.6752646837459696e-08
1058.0,-6.915175324029299e-08,1.131810527733452e-08,-7.381117053673059e-08,1.311371430648715e-08,1.0114372878339367e-07,-1.7521116190294047e-08
1059.0,-6.846640318580732e-08,1.1839448109518994e-08,-7.316754402353354e-08,1.3683760790078988e-08,1.002054782117088e-07,-1.829730803612829e-08
1060.0,-6.808107902434024e-08,1.2364543217428074e-08,-7.276543671774771e-08,1.426099039906574e-08,9.964859307508063e-08,-1.9081284093642383e-08
1061.0,-6.750971018321117e-08,1.2893371763305682e-08,-7.214066309602085e-08,1.4845513242031727e-08,9.880200524764034e-08,-1.9873094636074868e-08
1062.0,-6.696592938504331e-08,1.342590964733528e-08,-7.156217192438863e-08,1.543742901018321e-08,9.800806165279652e-08,-2.067277800562128e-08
1063.0,-6.657003967514008e-08,1.3962127318884115e-08,-7.113623487486898e-08,1.6036826476026363e-08,9.742655743955161e-08,-2.148036014666076e-08
1064.0,-6.58577528900306e-08,1.4501989594800088e-08,-7.011467789697079e-08,1.6643783008437398e-08,9.619413533225556e-08,-2.229585415905668e-08
1065.0,-6.533025881383381e-08,1.5045455485269523e-08,-6.938596333605496e-08,1.7258364105220267e-08,9.530191301728875e-08,-2.311925987268315e-08
1066.0,-6.469190036439976e-08,1.5592478027728585e-08,-6.825074601313208e-08,1.7880622944148694e-08,9.403832359259969e-08,-2.39505634442351e-08
1067.0,-6.440740848989712e-08,1.6143004129307423e-08,-6.772373584151836e-08,1.8510599953398584e-08,9.346025179035326e-08,-2.4789736977291564e-08
1068.0,-6.390225840147146e-08,1.6696974418274907e-08,-6.679719537217021e-08,1.9148322402202568e-08,9.244113769527238e-08,-2.563673816652739e-08
1069.0,-6.327854634724517e-08,1.7254323104942883e-08,-6.607341855591198e-08,1.9793804012507645e-08,9.148699944519542e-08,-2.6491509966912464e-08
1070.0,-6.245728029208308e-08,1.7814977852478344e-08,-6.505273640600162e-08,2.0447044592389547e-08,9.018187387381435e-08,-2.7353980288696795e-08
1071.0,-6.217076764514218e-08,1.8378859658057733e-08,-6.469894262006726e-08,2.110802969197155e-08,8.97282426315205e-08,-2.8224061718952233e-08
1072.0,-6.15478047694129e-08,1.894588274478178e-08,-6.39347001452073e-08,2.1776730282607398e-08,8.874558104261494e-08,-2.9101651270425363e-08
1073.0,-6.113229111814888e-08,1.9515954464755523e-08,-6.338174884934489e-08,2.2453102460115783e-08,8.805908871068072e-08,-2.9986630158452465e-08
1074.0,-6.052621945307202e-08,2.0088975213727017e-08,-6.264474552986066e-08,2.313708717289101e-08,8.710790655148607e-08,-3.0878863606692974e-08
1075.0,-5.989855869636962e-08,2.0664838357666344e-08,-6.187265667867425e-08,2.382860997575503e-08,8.611656622496935e-08,-3.177820068244399e-08
1076.0,-5.9461315066178244e-08,2.124343017165127e-08,-6.15966340017371e-08,2.4527580810454582e-08,8.561421207803801e-08,-3.268447416230231e-08
1077.0,-5.8801580299361333e-08,2.1824629791407317e-08,-6.115683405527594e-08,2.523389381374303e-08,8.48397559954459e-08,-3.3597500428938504e-08
1078.0,-5.838027722360195e-08,2.2408309177829443e-08,-6.096866585203475e-08,2.5947427154017034e-08,8.441229166704152e-08,-3.451707939974195e-08
1079.0,-5.7946004272668716e-08,2.2994333094791038e-08,-6.042218995971904e-08,2.666804289749623e-08,8.371726494992842e-08,-3.5442994488079555e-08
1080.0,-5.7340527576110745e-08,2.3582559100522074e-08,-5.975091713072977e-08,2.7395586904928784e-08,8.281369573126207e-08,-3.6375012597877184e-08
1081.0,-5.6641419110547986e-08,2.4172837552809838e-08,-5.8757821982946545e-08,2.8129888759769544e-08,8.161330775698524e-08,-3.731288415217383e-08
1082.0,-5.610858411220221e-08,2.4765011628241555e-08,-5.8261183571994835e-08,2.8870761728711266e-08,8.088596121877857e-08,-3.8256343156213974e-08
1083.0,-5.548204817795721e-08,2.5358917355669243e-08,-5.771368108420383e-08,2.961800275536206e-08,8.00570212680334e-08,-3.9205107295541366e-08
1084.0,-5.4915572644809174e-08,2.5954383664036794e-08,-5.724062238088301e-08,3.037139248776427e-08,7.932344526971934e-08,-4.015887806944726e-08
1085.0,-5.4471940930111984e-08,2.655123244467083e-08,-5.673235849157354e-08,3.1130695340345555e-08,7.864955720606459e-08,-4.1117340960012405e-08
1086.0,-5.383552079130105e-08,2.7149278628100143e-08,-5.581331767590125e-08,3.189565959077755e-08,7.754604908608612e-08,-4.2080165636863254e-08
1087.0,-5.3194863042227425e-08,2.774833027543237e-08,-5.4764583687361146e-08,3.2666017512085155e-08,7.634692580930365e-08,-4.3047006197632503e-08
1088.0,-5.2498502628450794e-08,2.834818868427832e-08,-5.362113161822002e-08,3.344148554020074e-08,7.504211173899578e-08,-4.4017501443971135e-08
1089.0,-5.199007682699097e-08,2.8948648509175397e-08,-5.2560580776628285e-08,3.4221764477000686e-08,7.392957960148894e-08,-4.499127519281154e-08
1090.0,-5.1534511713580144e-08,2.9549497896423053e-08,-5.1695146552344085e-08,3.500653972871332e-08,7.299447975446816e-08,-4.59679366224399e-08
1091.0,-5.0909717830283086e-08,3.0150518633207654e-08,-5.0679259316899206e-08,3.579548157945974e-08,7.18344394734765e-08,-4.694708065281372e-08
1092.0,-5.039117226268708e-08,3.0751486310860845e-08,-4.988046552190095e-08,3.6588245499589686e-08,7.090367467691187e-08,-4.792828835946047e-08
1093.0,-4.9631719234444205e-08,3.135217050206067e-08,-4.8835633634225495e-08,3.738447248840235e-08,6.962920843024854e-08,-4.891112742021254e-08
1094.0,-4.885478011029676e-08,3.195233495174763e-08,-4.796622274372275e-08,3.8183789450791783e-08,6.846567069653136e-08,-4.989515259396847e-08
1095.0,-4.855720986407519e-08,3.255173778148974e-08,-4.772237884032027e-08,3.898580960732506e-08,6.808250929543423e-08,-5.087990623061912e-08
1096.0,-4.787140039930193e-08,3.3150131706995956e-08,-4.707971891504403e-08,3.9790132937244123e-08,6.714291406626495e-08,-5.1864918811239004e-08
1097.0,-4.7345356329886457e-08,3.3747264268448077e-08,-4.6432925601691544e-08,4.0596346653871987e-08,6.631439772731214e-08,-5.2849709517615756e-08
1098.0,-4.673838790991702e-08,3.434287807329629e-08,-4.564342781510078e-08,4.140402571188995e-08,6.532839663676274e-08,-5.3833786830164116e-08
1099.0,-4.61083985436872e-08,3.493671105113877e-08,-4.4828464926260914e-08,4.22127333459231e-08,6.430844177795402e-08,-5.481664915323601e-08
1100.0,-4.5484792710048794e-08,3.552849672028083e-08,-4.4170762325546065e-08,4.3022021639824697e-08,6.340285965393034e-08,-5.5797785466791376e-08
1101.0,-4.511672957452362e-08,3.6117964465543854e-08,-4.3813960848293476e-08,4.383143212599049e-08,6.289024131545759e-08,-5.677667600334095e-08
1102.0,-4.4740378873919795e-08,3.6704839826871196e-08,-4.3481971245817874e-08,4.4640496413965304e-08,6.238896797675067e-08,-5.775279294901437e-08
1103.0,-4.411625906253214e-08,3.728884479825563e-08,-4.2630654131792234e-08,4.544873684752507e-08,6.134832504133217e-08,-5.872560116754451e-08
1104.0,-4.3520617803993744e-08,3.786969813648738e-08,-4.178392828957378e-08,4.6255667189320516e-08,6.033192220830976e-08,-5.969455894588287e-08
1105.0,-4.2804349370539896e-08,3.844711567918947e-08,-4.089734512158216e-08,4.7060793332047044e-08,5.920139494158089e-08,-6.065911876006463e-08
1106.0,-4.210046908315057e-08,3.902081067156818e-08,-4.0061902017995976e-08,4.786361403496353e-08,5.8115449669780816e-08,-6.161872805982857e-08
1107.0,-4.1710562309615895e-08,3.9590494101266975e-08,-3.960941394320905e-08,4.8663621684430295e-08,5.752109770431049e-08,-6.257283007037764e-08
1108.0,-4.126824429406817e-08,4.0155875040677575e-08,-3.8970944721272716e-08,4.946030307698398e-08,5.676092423122956e-08,-6.352086460955089e-08
1109.0,-4.072418557932167e-08,4.0716660996034616e-08,-3.8213479908177916e-08,5.025314022331722e-08,5.584558476542034e-08,-6.446226891857247e-08
1110.0,-4.000337142096022e-08,4.1272558262598206e-08,-3.6993948140939814e-08,5.1041611171379025e-08,5.4486896811048443e-08,-6.539647850444129e-08
1111.0,-3.9482998787088164e-08,4.1823272285205864e-08,-3.6043909801275476e-08,5.182519084665414e-08,5.346092617027587e-08,-6.632292799192019e-08
1112.0,-3.891400904287856e-08,4.2368508023452194e-08,-3.4784906455254117e-08,5.2603351907520524e-08,5.219472978079314e-08,-6.72410519829796e-08
1113.0,-3.832243081203224e-08,4.290797032073261e-08,-3.363126417632589e-08,5.337556561343571e-08,5.098696532880555e-08,-6.815028592145574e-08
1114.0,-3.802585349377274e-08,4.3441364276371096e-08,-3.3074553179579524e-08,5.414130270357977e-08,5.039733725067925e-08,-6.905006696061152e-08
1115.0,-3.75974435751214e-08,4.396839562004115e-08,-3.218793782899798e-08,5.4900034283494615e-08,4.949374814123372e-08,-6.99398348312461e-08
1116.0,-3.6906851630380544e-08,4.448877108768188e-08,-3.120729936967326e-08,5.5651232717207295e-08,4.833230008198795e-08,-7.08190327079836e-08
1117.0,-3.61712926555402e-08,4.5002198798103075e-08,-3.0241733742220056e-08,5.639437252230254e-08,4.714790421755847e-08,-7.168710807137697e-08
1118.0,-3.5743079523919974e-08,4.550838862946391e-08,-2.9584222030476504e-08,5.712893126540957e-08,4.6398210385765946e-08,-7.254351356348394e-08
1119.0,-3.534493867030086e-08,4.600705259480191e-08,-2.9211434396381186e-08,5.785439045558749e-08,4.585381760662258e-08,-7.33877078346055e-08
1120.0,-3.493079900329654e-08,4.649790521578868e-08,-2.874817756071124e-08,5.857023643313077e-08,4.523956710746561e-08,-7.421915637893149e-08
1121.0,-3.442202570203001e-08,4.6980663893896895e-08,-2.7983696304634265e-08,5.9275961251366674e-08,4.436173026721586e-08,-7.50373323569056e-08
1122.0,-3.381317109640847e-08,4.745504927817569e-08,-2.708560434272478e-08,5.997106354906845e-08,4.332390220427546e-08,-7.584171740219567e-08
1123.0,-3.337962511951176e-08,4.79207856288452e-08,-2.6527473065418583e-08,6.065504941115322e-08,4.263691124314294e-08,-7.663180241122525e-08
1124.0,-3.2914524328298e-08,4.8377601175934785e-08,-2.589818196008231e-08,6.132743321537319e-08,4.1881759043713216e-08,-7.740708831328983e-08
1125.0,-3.248019603274699e-08,4.8825228472207106e-08,-2.5302909142932428e-08,6.198773846274906e-08,4.1172810754442876e-08,-7.816708681935115e-08
1126.0,-3.222965014315626e-08,4.9263404739633516e-08,-2.4905174672573693e-08,6.263549858954088e-08,4.073104557731926e-08,-7.891132114768214e-08
1127.0,-3.198802686621427e-08,4.969187220871394e-08,-2.4405760981616176e-08,6.327025775860119e-08,4.023524613924245e-08,-7.963932672461922e-08
1128.0,-3.1516936199738055e-08,5.011037844996299e-08,-2.3725105505190136e-08,6.389157162800514e-08,3.9448674231851724e-08,-8.035065185876371e-08
1129.0,-3.098531867196108e-08,5.051867669690987e-08,-2.2982189304410205e-08,6.449900809489713e-08,3.8578115537526284e-08,-8.104485838705263e-08
1130.0,-3.045553864655659e-08,5.0916526159978676e-08,-2.22235367330903e-08,6.509214801253222e-08,3.7701795967551945e-08,-8.172152229118967e-08
1131.0,-3.019258734693331e-08,5.130369233063124e-08,-2.187564952793597e-08,6.567058587852849e-08,3.7284532623747375e-08,-8.238023428299231e-08
1132.0,-2.999423109883992e-08,5.1679947275171805e-08,-2.1544802275563768e-08,6.623393049238927e-08,3.693010160158991e-08,-8.302060035728012e-08
1133.0,-2.973615031987009e-08,5.2045069917635485e-08,-2.0990367971540635e-08,6.678180558040575e-08,3.639827170933517e-08,-8.364224231100758e-08
1134.0,-2.9277142071792994e-08,5.239884631120952e-08,-2.0076998910600885e-08,6.731385038610787e-08,3.549981595935704e-08,-8.42447982274287e-08
1135.0,-2.881104640972687e-08,5.274106989766167e-08,-1.9246978594233966e-08,6.782972022448984e-08,3.4648558126281905e-08,-8.482792292416188e-08
1136.0,-2.8373234678413795e-08,5.3071541754271666e-08,-1.8547490765463692e-08,6.832908699829463e-08,3.389763796802521e-08,-8.539128836410222e-08
1137.0,-2.819590835811958e-08,5.33900708277815e-08,-1.8116212321950265e-08,6.881163967471366e-08,3.351427154263479e-08,-8.59345840282088e-08
1138.0,-2.805259149973871e-08,5.36964741549046e-08,-1.7655723938414525e-08,6.927708472094912e-08,3.314622870917167e-08,-8.64575172492914e-08
1139.0,-2.7805970109762157e-08,5.3990577068964924e-08,-1.7141544281229493e-08,6.97251464972057e-08,3.266503503886592e-08,-8.695981350603462e-08
1140.0,-2.737490545356991e-08,5.4272213392272263e-08,-1.6516127188115348e-08,7.015556760581755e-08,3.197136071370586e-08,-8.744121667662499e-08
1141.0,-2.695492981596992e-08,5.454122561387367e-08,-1.5927266117099492e-08,7.056810919536982e-08,3.130888128548782e-08,-8.790148925147782e-08
1142.0,-2.673391302776551e-08,5.47974650523518e-08,-1.5598347113954247e-08,7.096255121883816e-08,3.0951745321767157e-08,-8.83404125046932e-08
1143.0,-2.6537554737027236e-08,5.504079200337306e-08,-1.5365464497985037e-08,7.133869264494502e-08,3.066495248096033e-08,-8.875778662400695e-08
1144.0,-2.629833664724579e-08,5.5271075871726154e-08,-1.5111894166586204e-08,7.169635162212042e-08,3.0331037827841845e-08,-8.915343079914925e-08
1145.0,-2.607885382643893e-08,5.548819528763684e-08,-1.4750398430463108e-08,7.203536559465357e-08,2.996132291401995e-08,-8.95271832686775e-08
1146.0,-2.588094275002284e-08,5.5692038207195024e-08,-1.4344877799499223e-08,7.235559137082256e-08,2.959051734445556e-08,-8.987890132550811e-08
1147.0,-2.5728935038049627e-08,5.588250199678258e-08,-1.4029979261698244e-08,7.265690514298751e-08,2.9305603837420934e-08,-9.020846128152703e-08
1148.0,-2.564065101906543e-08,5.605949350144336e-08,-1.3837280460338164e-08,7.29392024598275e-08,2.9136117023714012e-08,-9.051575839180971e-08
1149.0,-2.558191933288434e-08,5.6222929097190705e-08,-1.3874673743252686e-08,7.32023981510951e-08,2.9102253662489905e-08,-9.08007067391301e-08
1150.0,-2.55436753415772e-08,5.637273472730017e-08,-1.3985656910353583e-08,7.34464262054566e-08,2.9121777919110984e-08,-9.10632390795822e-08
1151.0,-2.5442668999398066e-08,5.6508845922684405e-08,-1.3829828587885729e-08,7.367123960217477e-08,2.8958480011617197e-08,-9.130330665027493e-08
1152.0,-2.5255351698838524e-08,5.663120780649039e-08,-1.3485856376060923e-08,7.387681009756805e-08,2.863042283354839e-08,-9.152087894018267e-08
1153.0,-2.5098791545108412e-08,5.67397750830953e-08,-1.3259118941677528e-08,7.406312796733652e-08,2.838579877569693e-08,-9.171594342533915e-08
1154.0,-2.5081962090611754e-08,5.683451201170763e-08,-1.3312141639021391e-08,7.423020170598331e-08,2.8395738013516258e-08,-9.188850526964886e-08
1155.0,-2.50789728706291e-08,5.6915392364808894e-08,-1.338082125657003e-08,7.437805768468513e-08,2.8425362930770592e-08,-9.203858699266835e-08
1156.0,-2.4992709374282995e-08,5.698239937169911e-08,-1.3274102581006808e-08,7.450673976908412e-08,2.8299069263819697e-08,-9.216622810578088e-08
1157.0,-2.4859190289605593e-08,5.7035525647439135e-08,-1.3086664307770945e-08,7.461630889858466e-08,2.80934178155508e-08,-9.227148471825537e-08
1158.0,-2.4793900765818222e-08,5.707477310750994e-08,-1.298445542752269e-08,7.470684262883852e-08,2.7988097433276255e-08,-9.235442911473848e-08
1159.0,-2.4780134139090748e-08,5.710015286853681e-08,-1.2840169802408319e-08,7.477843463918898e-08,2.790922801701991e-08,-9.241514930577898e-08
1160.0,-2.4793812170020857e-08,5.711168513545385e-08,-1.2603384627607461e-08,7.48311942069243e-08,2.7813277872154632e-08,-9.245374855302838e-08
1161.0,-2.4834044820565282e-08,5.7109399075514916e-08,-1.2401595958499989e-08,7.486524565026732e-08,2.7758410697799838e-08,-9.24703448708063e-08
1162.0,-2.488462730321217e-08,5.709333267959034e-08,-1.2365209495213136e-08,7.488072774210715e-08,2.778746267438396e-08,-9.24650705057663e-08
1163.0,-2.4924142083548873e-08,5.70635326112224e-08,-1.2487911704717192e-08,7.487779309656494e-08,2.7877603866647946e-08,-9.243807139644597e-08
1164.0,-2.4960483652192167e-08,5.7020054043945136e-08,-1.262206716923231e-08,7.48566075305783e-08,2.797038297513934e-08,-9.238950661453515e-08
1165.0,-2.501520218745057e-08,5.6962960487404714e-08,-1.2687613806794396e-08,7.481734940278743e-08,2.8048812534390676e-08,-9.231954778974572e-08
1166.0,-2.510490879070737e-08,5.689232360284463e-08,-1.277036441871271e-08,7.476020893210386e-08,2.8166267995182816e-08,-9.222837852021242e-08
1167.0,-2.5205320053345304e-08,5.6808223008547644e-08,-1.2920031766672224e-08,7.4685387498432e-08,2.83237599877451e-08,-9.211619377039571e-08
1168.0,-2.5322375474257086e-08,5.6710746075853073e-08,-1.309678426819616e-08,7.459309692809346e-08,2.850874353293963e-08,-9.198319925849298e-08
1169.0,-2.5483040122509237e-08,5.6599987716394007e-08,-1.3236614082590137e-08,7.448355876657312e-08,2.8715732382386474e-08,-9.182961083539437e-08
1170.0,-2.5666704789317762e-08,5.647605016122443e-08,-1.3381134700285457e-08,7.435700354126392e-08,2.8945370970315288e-08,-9.165565385724358e-08
1171.0,-2.5866450648059924e-08,5.633904273252886e-08,-1.3634620987801327e-08,7.42136700169352e-08,2.923997535240945e-08,-9.146156255368142e-08
1172.0,-2.6067831143672393e-08,5.618908160862712e-08,-1.400271054663449e-08,7.405380444668699e-08,2.959066952922568e-08,-9.124757939385913e-08
1173.0,-2.6318108053979827e-08,5.6026289583001916e-08,-1.445751356132785e-08,7.387765982117753e-08,3.002769571440567e-08,-9.101395445230972e-08
1174.0,-2.6551134568730816e-08,5.585079581808687e-08,-1.4830911290730775e-08,7.36854951189246e-08,3.0412475673650415e-08,-9.076094477675601e-08
1175.0,-2.6789329254928163e-08,5.56627355945556e-08,-1.51928208624863e-08,7.347757456047499e-08,3.079756431422051e-08,-9.048881375990977e-08
1176.0,-2.7006320485467583e-08,5.546225005684921e-08,-1.561336980537842e-08,7.325416686920834e-08,3.119484994102854e-08,-9.019783051727774e-08
1177.0,-2.7293146964701975e-08,5.5249485955669574e-08,-1.6172729017105425e-08,7.301554454148672e-08,3.172495918196814e-08,-8.988826927293285e-08
1178.0,-2.7548973713376057e-08,5.5024595388148975e-08,-1.662405918478882e-08,7.276198312878086e-08,3.2176160374408357e-08,-8.956040875513465e-08
1179.0,-2.7740610780702113e-08,5.478773553638558e-08,-1.694485894654374e-08,7.249376053429708e-08,3.2506456761767646e-08,-8.92145316035923e-08
1180.0,-2.7967130389328076e-08,5.4539068405007624e-08,-1.7341149211036466e-08,7.221115632649575e-08,3.290707884594299e-08,-8.88509237900564e-08
1181.0,-2.8302540228120066e-08,5.42787605584e-08,-1.783048787784569e-08,7.191445107173226e-08,3.3450860696346164e-08,-8.846987405380368e-08
1182.0,-2.864355347353964e-08,5.400698285819537e-08,-1.8203256998972073e-08,7.160392568807052e-08,3.393835177144215e-08,-8.807167335344472e-08
1183.0,-2.890145850420467e-08,5.372391020160024e-08,-1.8307355117985757e-08,7.127986082211742e-08,3.4211892012665764e-08,-8.765661433634095e-08
1184.0,-2.9184274802362964e-08,5.342972126109329e-08,-1.834326698868516e-08,7.094253625051162e-08,3.4470238460997404e-08,-8.722499082676645e-08
1185.0,-2.9457919215047923e-08,5.3124598225998116e-08,-1.8504587306900078e-08,7.059223030747545e-08,3.4787767331045796e-08,-8.677709733379287e-08
1186.0,-2.9730711559317058e-08,5.2808726546395635e-08,-1.87316240712887e-08,7.022921933961308e-08,3.5139563887040363e-08,-8.631322857971816e-08
1187.0,-3.0084932572949086e-08,5.248229467980393e-08,-1.9019290545263523e-08,6.985377718892471e-08,3.5592647847049024e-08,-8.583367904970818e-08
1188.0,-3.039682539007771e-08,5.214549384101788e-08,-1.9293052683222456e-08,6.946617470481007e-08,3.6002623177102946e-08,-8.533874256318187e-08
1189.0,-3.071849141722538e-08,5.1798517755467754e-08,-1.954687528504806e-08,6.906667928565825e-08,3.641024647485062e-08,-8.482871186734376e-08
1190.0,-3.1044993020756806e-08,5.144156241642598e-08,-1.9814455159972155e-08,6.865555445046078e-08,3.68293934914137e-08,-8.430387825315505e-08
1191.0,-3.135961434974632e-08,5.107482584636377e-08,-1.9993948024987773e-08,6.823305944073978e-08,3.719117327795304e-08,-8.376453119393135e-08
1192.0,-3.171337828455911e-08,5.0698507862734325e-08,-2.0186297550184307e-08,6.77994488529529e-08,3.759288457945363e-08,-8.321095800666405e-08
1193.0,-3.212810398278698e-08,5.0312809848438027e-08,-2.0496881442122472e-08,6.735497230142243e-08,3.8109542300862094e-08,-8.26434435360833e-08
1194.0,-3.258936748240515e-08,4.9917934527208046e-08,-2.0946033518765006e-08,6.689987411174322e-08,3.874020125234862e-08,-8.206226986141739e-08
1195.0,-3.301620901674518e-08,4.951408574414105e-08,-2.144489862077048e-08,6.643439304455033e-08,3.9369451795682006e-08,-8.146771602575494e-08
1196.0,-3.3459376602706925e-08,4.9101468251586164e-08,-2.189224854176608e-08,6.595876204947551e-08,3.9985002549158735e-08,-8.086005778788121e-08
1197.0,-3.3797023152315475e-08,4.868028750059327e-08,-2.2310068625852608e-08,6.547320804908326e-08,4.0496641046491756e-08,-8.02395673964333e-08
1198.0,-3.430415490557337e-08,4.8250749438108114e-08,-2.290254461079222e-08,6.497795175254822e-08,4.1246837374941863e-08,-7.960651338619653e-08
1199.0,-3.4729323472593165e-08,4.781306031008724e-08,-2.3553310635193725e-08,6.447320749881072e-08,4.196289254498479e-08,-7.89611603963446e-08
1200.0,-3.526951569687853e-08,4.7367426470690227e-08,-2.426373185704378e-08,6.39591831289263e-08,4.280966504333901e-08,-7.83037690104073e-08
1201.0,-3.56729794037669e-08,4.6914054197693026e-08,-2.490808377608733e-08,6.343607988730188e-08,4.3508322157239787e-08,-7.763459561773347e-08
1202.0,-3.6130139907664116e-08,4.6453149514251196e-08,-2.5556329219522667e-08,6.290409235148509e-08,4.425508979681333e-08,-7.69538922961963e-08
1203.0,-3.6571248390737665e-08,4.5984918017126455e-08,-2.622945705077484e-08,6.236340839013546e-08,4.500489557854205e-08,-7.626190671586301e-08
1204.0,-3.7090446713961e-08,4.5509564711473975e-08,-2.6973265773722055e-08,6.181420914875715e-08,4.58612941808343e-08,-7.555888206331803e-08
1205.0,-3.763864708794529e-08,4.5027293852272515e-08,-2.7660632048731593e-08,6.125666906271014e-08,4.670950995189534e-08,-7.484505698628942e-08
1206.0,-3.811569279643656e-08,4.4538308792465494e-08,-2.821222680471358e-08,6.069095589694232e-08,4.74208369668116e-08,-7.412066555818307e-08
1207.0,-3.8693237669473746e-08,4.404281183786762e-08,-2.874498125637892e-08,6.011723081179767e-08,4.820208075151899e-08,-7.33859372620772e-08
1208.0,-3.911043569559958e-08,4.354100410887799e-08,-2.9195801484749317e-08,5.953564845415851e-08,4.8805952553315874e-08,-7.264109699367084e-08
1209.0,-3.9690640524225884e-08,4.303308540902446e-08,-2.974152497892124e-08,5.894635707307553e-08,4.9597431922379995e-08,-7.188636508261614e-08
1210.0,-4.0109964793977326e-08,4.25192541003473e-08,-3.016541083589175e-08,5.834949865893597e-08,5.018726219542401e-08,-7.112195733159833e-08
1211.0,-4.071579987052765e-08,4.1999706985612737e-08,-3.0760657368511524e-08,5.774520910512322e-08,5.1029348426565486e-08,-7.034808507246619e-08
1212.0,-4.127227476447004e-08,4.1474639197330586e-08,-3.1377434969726004e-08,5.713361839103449e-08,5.184538638599673e-08,-6.956495523865955e-08
1213.0,-4.174081261187901e-08,4.094424409353542e-08,-3.1862413041316984e-08,5.6514850785249006e-08,5.251198722497068e-08,-6.877277045313384e-08
1214.0,-4.232494849043533e-08,4.040871316027689e-08,-3.2268883468078435e-08,5.5889025067577344e-08,5.322294716562049e-08,-6.797172913094186e-08
1215.0,-4.276006282388778e-08,3.986823592075123e-08,-3.260490348544476e-08,5.525625476867114e-08,5.377269478088296e-08,-6.716202559559967e-08
1216.0,-4.3353278134095063e-08,3.932299985099334e-08,-3.3169968563506735e-08,5.461664842583428e-08,5.45871188054126e-08,-6.634385020833854e-08
1217.0,-4.3916103753538493e-08,3.877319030203764e-08,-3.3774645205597587e-08,5.3970309853655165e-08,5.540172224448942e-08,-6.551738950933036e-08
1218.0,-4.447466403489919e-08,3.8218990428447783e-08,-3.443259136148846e-08,5.331733842807978e-08,5.6245880639246866e-08,-6.468282636997432e-08
1219.0,-4.511763293524318e-08,3.766058112310927e-08,-3.5119597216470844e-08,5.2657829382565676e-08,5.717505496566214e-08,-6.384034015534745e-08
1220.0,-4.561513813894358e-08,3.709814095817525e-08,-3.5749168902921014e-08,5.199187411499487e-08,5.795467112049278e-08,-6.299010689594685e-08
1221.0,-4.62194042483155e-08,3.653184613205145e-08,-3.6460755359346564e-08,5.131956050407074e-08,5.8869516818497196e-08,-6.213229946788332e-08
1222.0,-4.676491530131166e-08,3.596187042230188e-08,-3.7133502425734655e-08,5.064097323397792e-08,5.971477460010123e-08,-6.126708778071978e-08
1223.0,-4.734976771780808e-08,3.5388385144352214e-08,-3.793951193487022e-08,4.995619412614083e-08,6.067459986507154e-08,-6.039463897218391e-08
1224.0,-4.7977025352530234e-08,3.481155911586327e-08,-3.881404708749869e-08,4.9265302476975597e-08,6.171162947927962e-08,-5.951511760902104e-08
1225.0,-4.852821089418313e-08,3.42315586266444e-08,-3.968593105529994e-08,4.856837540058954e-08,6.26893960436399e-08,-5.862868589329113e-08
1226.0,-4.917069132415186e-08,3.3648547413974055e-08,-4.063262397380196e-08,4.7865488175438254e-08,6.378688749493432e-08,-5.773550387344902e-08
1227.0,-4.978522316623213e-08,3.306268664319297e-08,-4.151594538981396e-08,4.7156714593997675e-08,6.482393205693057e-08,-5.683572965957758e-08
1228.0,-5.032207114896714e-08,3.247413489343342e-08,-4.227083748309379e-08,4.644212731454269e-08,6.572012284105864e-08,-5.592951964216405e-08
1229.0,-5.098415759019481e-08,3.188304814834508e-08,-4.308052364843107e-08,4.572179821414191e-08,6.674815235648735e-08,-5.5017028713819604e-08
1230.0,-5.162323779561717e-08,3.1289579791674685e-08,-4.385798509087824e-08,4.499579874197928e-08,6.773833136957637e-08,-5.409841049334085e-08
1231.0,-5.215776857636634e-08,3.069388060755288e-08,-4.460684961682393e-08,4.426420027210177e-08,6.863092492166876e-08,-5.31738175515006e-08
1232.0,-5.291961185927008e-08,3.009609878533715e-08,-4.5446595542397716e-08,4.352707445467088e-08,6.9755848254681e-08,-5.2243401637937516e-08
1233.0,-5.3428072577244023e-08,2.9496379928854517e-08,-4.6037975903745476e-08,4.2784493564768425e-08,7.052697473047532e-08,-5.130731390849079e-08
1234.0,-5.395264746077544e-08,2.889486706988102e-08,-4.673657928722097e-08,4.203653084777665e-08,7.138064171396479e-08,-5.036570515229961e-08
1235.0,-5.477627285088715e-08,2.829170068568724e-08,-4.7630264357612084e-08,4.1283260860320337e-08,7.258844364091883e-08,-4.941872601795812e-08
1236.0,-5.525335367018158e-08,2.768701872047082e-08,-4.81337930624548e-08,4.0524759805728424e-08,7.327888595210349e-08,-4.8466527237987503e-08
1237.0,-5.582609766130453e-08,2.7080956610489132e-08,-4.8704328153847953e-08,3.976110586294714e-08,7.408552328901522e-08,-4.750925985086148e-08
1238.0,-5.666338273591087e-08,2.6473647312697435e-08,-4.9511105881805406e-08,3.8992379507817085e-08,7.524685075613244e-08,-4.654707541979932e-08
1239.0,-5.705472083672447e-08,2.5865221336690483e-08,-5.0002196383402975e-08,3.821866382561661e-08,7.586475342951402e-08,-4.558012624752451e-08
1240.0,-5.7604623265872235e-08,2.525580677973769e-08,-5.071377325027715e-08,3.7440044813776386e-08,7.674750431697174e-08,-4.460856558617885e-08
1241.0,-5.842389119714575e-08,2.4645529364694512e-08,-5.1622040100895994e-08,3.665661167368775e-08,7.796272241779682e-08,-4.3632547841583735e-08
1242.0,-5.8962676630081035e-08,2.4034512480566538e-08,-5.230581487380981e-08,3.58684570905605e-08,7.881938533759806e-08,-4.2652228771053e-08
1243.0,-5.951372683554723e-08,2.342287722549904e-08,-5.306327276188849e-08,3.507567750033202e-08,7.973452575928894e-08,-4.1667765673984554e-08
1244.0,-6.02630221002709e-08,2.2810742451962317e-08,-5.3948138664661194e-08,3.427837334268527e-08,8.088283809337585e-08,-4.067931757448855e-08
1245.0,-6.076155564804786e-08,2.2198224813901495e-08,-5.461720066490816e-08,3.347664929929537e-08,8.17007053411515e-08,-3.968704539534486e-08
1246.0,-6.137793842619921e-08,2.1585438815617893e-08,-5.5509354307536896e-08,3.267061451649007e-08,8.275590456934156e-08,-3.869111212261976e-08
1247.0,-6.201003793782078e-08,2.0972496862147923e-08,-5.648311504624637e-08,3.186038281157907e-08,8.3878406579867e-08,-3.7691682960312694e-08
1248.0,-6.262963794800847e-08,2.035950931090609e-08,-5.751435550038764e-08,3.1046072862178606e-08,8.503159788057373e-08,-3.668892547444673e-08
1249.0,-6.336927721450891e-08,1.9746584524361207e-08,-5.865869266707957e-08,3.02278083779291e-08,8.635107133151374e-08,-3.568300972606124e-08
1250.0,-6.395353979726792e-08,1.9133828923518655e-08,-5.9529924836820847e-08,2.940571825406868e-08,8.737200469073759e-08,-3.4674108392606367e-08
1251.0,-6.446477129884443e-08,1.8521347041985814e-08,-6.028982170447339e-08,2.8579936706376927e-08,8.826420191543969e-08,-3.366239687727186e-08
1252.0,-6.516203177042712e-08,1.7909241580400107e-08,-6.122584998713432e-08,2.775060338703844e-08,8.941305883984301e-08,-3.2648053405803317e-08
1253.0,-6.580440478631822e-08,1.7297613461000666e-08,-6.21297022024292e-08,2.6917863480994345e-08,9.050038444694118e-08,-3.163125911036792e-08
1254.0,-6.64917991222147e-08,1.6686561882126324e-08,-6.306273152290043e-08,2.6081867782357438e-08,9.164097040973743e-08,-3.061219810003297e-08
1255.0,-6.715336117735227e-08,1.6076184372424657e-08,-6.384174580653657e-08,2.524277275046886e-08,9.265712290505437e-08,-2.9591057517419445e-08
1256.0,-6.76157218826301e-08,1.5466576844558806e-08,-6.440399395735152e-08,2.4400740545170758e-08,9.33796566890656e-08,-2.8568027581087326e-08
1257.0,-6.826405241078248e-08,1.4857833648197815e-08,-6.5203501861677e-08,2.3555939040863708e-08,9.440062238443014e-08,-2.7543301613200705e-08
1258.0,-6.897382950898923e-08,1.4250047622073663e-08,-6.59707612288285e-08,2.2708541818911736e-08,9.544386043243544e-08,-2.6517076052010956e-08
1259.0,-6.942052810376964e-08,1.364331014488549e-08,-6.647328543163411e-08,2.1858728137959826e-08,9.61140333056613e-08,-2.548955044869194e-08
1260.0,-6.995308715618265e-08,1.303771118483065e-08,-6.716189893118951e-08,2.1006682881742235e-08,9.69750229220071e-08,-2.4460927448066992e-08
1261.0,-7.077464175830883e-08,1.243333934754341e-08,-6.810606352491977e-08,2.015259648399092e-08,9.822161577207615e-08,-2.3431412752785747e-08
1262.0,-7.118131031824682e-08,1.183028192222629e-08,-6.854388977239889e-08,1.9296664830100603e-08,9.88182359878647e-08,-2.2401215070542772e-08
1263.0,-7.164684398541787e-08,1.1228624925766301e-08,-6.910603267407112e-08,1.8439089135274198e-08,9.954352819254798e-08,-2.1370546043978554e-08
1264.0,-7.238236301998491e-08,1.0628453144639124e-08,-6.99865077835593e-08,1.7580075798957574e-08,1.006842477654528e-07,-2.033962016296837e-08
1265.0,-7.305853985672961e-08,1.0029850174418553e-08,-7.07950488371134e-08,1.6719836235477764e-08,1.0173243920130207e-07,-1.930865465908629e-08
1266.0,-7.351974415370499e-08,9.432898456727418e-09,-7.150598885230508e-08,1.5858586680924208e-08,1.0255856484064223e-07,-1.827786938212993e-08
1267.0,-7.411285660174904e-08,8.83767931348869e-09,-7.246759005374859e-08,1.4996547976456362e-08,1.0365455668647461e-07,-1.724748665870796e-08
1268.0,-7.487481926138351e-08,8.244272978359362e-09,-7.362132546651079e-08,1.4133945328378942e-08,1.0500637182033648e-07,-1.6217731133017502e-08
1269.0,-7.53429073574452e-08,7.652758625253984e-09,-7.448414139632487e-08,1.3271008045489864e-08,1.059454624258174e-07,-1.5188829590070262e-08
1270.0,-7.593932505045586e-08,7.063214393889766e-09,-7.556634820660157e-08,1.240796925436996e-08,1.0713101357870255e-07,-1.4161010761758686e-08
1271.0,-7.659587172859084e-08,6.475717412309543e-09,-7.671571553014012e-08,1.1545065593440341e-08,1.0840769610670693e-07,-1.3134505116280097e-08
1272.0,-7.733029661061153e-08,5.890343816363812e-09,-7.793172619730004e-08,1.0682536886755545e-08,1.0978765286668669e-07,-1.2109544631555131e-08
1273.0,-7.793948522683003e-08,5.307168766156441e-09,-7.885547141650573e-08,9.82062579862449e-09,1.1087266899350177e-07,-1.1086362553380892e-08
1274.0,-7.849667973958141e-08,4.726266459480511e-09,-7.972486414098423e-08,8.959577470251735e-09,1.1188289722936569e-07,-1.0065193139146235e-08
1275.0,-7.909809837669535e-08,4.147710142287928e-09,-8.068029827557055e-08,8.099639139666588e-09,1.129859269849321e-07,-9.04627138800265e-09
1276.0,-7.97770109417506e-08,3.571572116247966e-09,-8.17185971668799e-08,7.241059746258553e-09,1.142028922476265e-07,-8.029832758429846e-09
1277.0,-8.026423600759891e-08,2.9979237434569743e-09,-8.247289003115998e-08,6.384089521269603e-09,1.1508312288070456e-07,-7.016112874163939e-09
1278.0,-8.081878052901281e-08,2.4268354483654287e-09,-8.332051289194897e-08,5.528979565612735e-09,1.1607748771736136e-07,-6.005347219474338e-09
1279.0,-8.150410724105939e-08,1.8583767169911121e-09,-8.419689453975643e-08,4.675981416393928e-09,1.1718377254253669e-07,-4.997770824783935e-09
1280.0,-8.20760111264196e-08,1.2926160934876224e-09,-8.483815147619644e-08,3.825346603513983e-09,1.1804229559070006e-07,-3.993617943630176e-09
1281.0,-8.250935004672222e-08,7.296211741382765e-10,-8.525099452760809e-08,2.9773261977219468e-09,1.1864031740128987e-07,-2.9931217219628098e-09
1282.0,-8.304430243466498e-08,1.6945859884471026e-10,-8.585736713251357e-08,2.132170351487482e-09,1.1944807933904725e-07,-1.99651386077359e-09
1283.0,-8.368509515910283e-08,-3.878059598213008e-10,-8.664326761609331e-08,1.2901278340628126e-09,1.2045850312444556e-07,-1.004024273057483e-09
1284.0,-8.41326212031035e-08,-9.421078099345094e-10,-8.722242289538329e-08,4.514455621244403e-10,1.211860099444073e-07,-1.5880736121672025e-11
1285.0,-8.472240478618609e-08,-1.4933832558301338e-09,-8.805376902620843e-08,-3.836318725747859e-10,1.221939119288487e-07,9.676914597077264e-10
1286.0,-8.538102114208357e-08,-2.0415696159388186e-09,-8.897711323285762e-08,-1.2148626770516297e-09,1.233160389021545e-07,1.9464698648803255e-09
1287.0,-8.562668718514743e-08,-2.5866052427589794e-09,-8.927304018246929e-08,-2.042008330868541e-09,1.2369965748426253e-07,2.920235225753975e-09
1288.0,-8.625797726091733e-08,-3.1284295448750408e-09,-9.047599348888102e-08,-2.864834058185942e-09,1.2500537604017267e-07,3.888771839830288e-09
1289.0,-8.684043523166096e-08,-3.666983010920538e-09,-9.155665046944872e-08,-3.6831092963431543e-09,1.2618986265310343e-07,4.851867909781495e-09
1290.0,-8.721644650933058e-08,-4.202207235372662e-09,-9.236370648868508e-08,-4.496608159124296e-09,1.2703449459907685e-07,5.809315894875327e-09
1291.0,-8.793521033556573e-08,-4.734044946048381e-09,-9.377712612002043e-08,-5.30510989277112e-09,1.2855641018669743e-07,6.760912858321503e-09
1292.0,-8.85202276201813e-08,-5.262440033152548e-09,-9.479731735706487e-08,-6.108399322722857e-09,1.297010488624698e-07,7.706460808987593e-09
1293.0,-8.897348463543509e-08,-5.787337579707436e-09,-9.561123953671924e-08,-6.906267289004e-09,1.3060547497681676e-07,8.64576703587103e-09
1294.0,-8.956239538893129e-08,-6.3086838931734246e-09,-9.659227223624e-08,-7.698511068152484e-09,1.3172505351512735e-07,9.578644433676612e-09
1295.0,-9.01781136986024e-08,-6.8264265380539475e-09,-9.748797771824691e-08,-8.484934779583844e-09,1.3280059483990073e-07,1.0504911817836643e-08
1296.0,-9.079108395648738e-08,-7.340514369265009e-09,-9.84304519696666e-08,-9.265349774320568e-09,1.3390883018287773e-07,1.1424394227323245e-08
1297.0,-9.122996816324225e-08,-7.85089756604091e-09,-9.918974375189293e-08,-1.0039575004072272e-08,1.3476465544285852e-07,1.2336923213634506e-08
1298.0,-9.178725460246007e-08,-8.357527666143773e-09,-1.002007700978691e-07,-1.08074373687293e-08,1.3588632909775303e-07,1.324233711438663e-08
1299.0,-9.22245389223253e-08,-8.860357600145934e-09,-1.0091807521594998e-07,-1.1568772040427257e-08,1.36710729223158e-07,1.4140481310011584e-08
1300.0,-9.260465333449375e-08,-9.359341725560585e-09,-1.0153879927143894e-07,-1.2323422762451492e-08,1.3742543278697482e-07,1.5031208462142732e-08
1301.0,-9.317528590346846e-08,-9.854435860603573e-09,-1.0242685959116482e-07,-1.3071242121376218e-08,1.38466225011377e-07,1.5914378732365466e-08
1302.0,-9.366257641696407e-08,-1.0345597317376164e-08,-1.0298461113056323e-07,-1.381209179097016e-08,1.392067108683233e-07,1.6789859980112644e-08
1303.0,-9.411570459083585e-08,-1.0832784934262054e-08,-1.036211449423341e-07,-1.454584274654427e-08,1.3998252580157887e-07,1.76575279385895e-08
1304.0,-9.463396574704852e-08,-1.1315959107333072e-08,-1.0432385175174197e-07,-1.5272375448562814e-08,1.4085117506550306e-07,1.8517266367718663e-08
1305.0,-9.512154763857694e-08,-1.1795081820557316e-08,-1.0503726291521964e-07,-1.59915799944847e-08,1.4170721726813718e-07,1.9368967183199928e-08
1306.0,-9.551985141742492e-08,-1.227011667460295e-08,-1.0575637615639621e-07,-1.6703356237943624e-08,1.4250773000977912e-07,2.0212530560881255e-08
1307.0,-9.610997192543991e-08,-1.2741028914030417e-08,-1.0686419552041748e-07,-1.740761387451432e-08,1.4372572138533474e-07,2.1047865015737092e-08
1308.0,-9.661661470872218e-08,-1.32077854526658e-08,-1.0773398174956927e-07,-1.8104272493449683e-08,1.4471137156903115e-07,2.1874887454849707e-08
1309.0,-9.701772515913198e-08,-1.3670354896948397e-08,-1.0862287797008818e-07,-1.8793261594916058e-08,1.456412325324032e-07,2.2693523203892697e-08
1310.0,-9.748263721243156e-08,-1.4128707567047672e-08,-1.0964320255879567e-07,-1.9474520572410095e-08,1.4671229132298237e-07,2.35037060067308e-08
1311.0,-9.791705862793876e-08,-1.4582815515548902e-08,-1.1044989033093255e-07,-2.0147998660216488e-08,1.4760395876961507e-07,2.4305377997881888e-08
1312.0,-9.840473363942337e-08,-1.5032652543512976e-08,-1.1125023800795386e-07,-2.0813654845966717e-08,1.4852645238970815e-07,2.5098489647738077e-08
1313.0,-9.894270094901181e-08,-1.5478194213722573e-08,-1.1203059892272993e-07,-2.1471457748583454e-08,1.4946743179057823e-07,2.5882999680613202e-08
1314.0,-9.946743018129922e-08,-1.5919417860933644e-08,-1.1250667092399524e-07,-2.2121385462143042e-08,1.5017163736628763e-07,2.6658874965871005e-08
1315.0,-9.990374996715623e-08,-1.6356302598959647e-08,-1.128338353029168e-07,-2.2763425366453492e-08,1.5070578504711032e-07,2.7426090382590484e-08
1316.0,-1.0037603362378356e-07,-1.6788829324427834e-08,-1.1309338011911141e-07,-2.339757390542011e-08,1.5121329555567776e-07,2.8184628658436196e-08
1317.0,-1.0080007761814613e-07,-1.721698071706474e-08,-1.1321794451957246e-07,-2.402383633454398e-08,1.5158812159618995e-07,2.8934480183615965e-08
1318.0,-1.0124744434514277e-07,-1.7640741236391135e-08,-1.1352891104987606e-07,-2.4642226439155037e-08,1.5211791028867526e-07,2.967564280101446e-08
1319.0,-1.0160984270646267e-07,-1.8060097114733718e-08,-1.1386699898252584e-07,-2.525276622520814e-08,1.526114464649314e-07,3.040812157377742e-08
1320.0,-1.0203039058076513e-07,-1.8475036346490676e-08,-1.1433001885496896e-07,-2.5855485584657115e-08,1.532369205297504e-07,3.113192853178019e-08
1321.0,-1.0229911417969362e-07,-1.8885548673618687e-08,-1.1462011416385476e-07,-2.6450421937566513e-08,1.536322861018643e-07,3.184708239854167e-08
1322.0,-1.0265586208868527e-07,-1.9291625567338652e-08,-1.1502764991899728e-07,-2.7037619853225057e-08,1.5417388321975472e-07,3.2553608300242973e-08
1323.0,-1.0305472139537919e-07,-1.9693260206084598e-08,-1.1531177318557795e-07,-2.7617130652595e-08,1.546514811991188e-07,3.3251537458579714e-08
1324.0,-1.0360093424810479e-07,-2.0090447449742023e-08,-1.1578734573913785e-07,-2.8189011994470677e-08,1.553700840264778e-07,3.394090686922126e-08
1325.0,-1.0401804517723434e-07,-2.0483183810238707e-08,-1.1617435297095469e-07,-2.8753327447729014e-08,1.5593663460108766e-07,3.4621758967668603e-08
1326.0,-1.0448279263997051e-07,-2.0871467418564116e-08,-1.1668444481471862e-07,-2.9310146052035222e-08,1.566266695667318e-07,3.5294141284296895e-08
1327.0,-1.0479962253562292e-07,-2.125529798830778e-08,-1.1714207737156812e-07,-2.9859541869321435e-08,1.5717896543283231e-07,3.5958106090345445e-08
1328.0,-1.0522016002934009e-07,-2.1634676775824698e-08,-1.1793660488479407e-07,-3.040159352828822e-08,1.580516524695391e-07,3.6613710036578886e-08
1329.0,-1.055527089621755e-07,-2.200960653715886e-08,-1.1864651897064427e-07,-3.093638376409286e-08,1.5880293080766858e-07,3.726101378629576e-08
1330.0,-1.0592800750441889e-07,-2.2380091481880927e-08,-1.1959383208748342e-07,-3.146399895529231e-08,1.5976053156904993e-07,3.790008164430653e-08
1331.0,-1.062466278567431e-07,-2.2746137224022504e-08,-1.2045643825453478e-07,-3.198452866001167e-08,1.6061786777285336e-07,3.853098118344875e-08
1332.0,-1.0652229343044439e-07,-2.310775073031398e-08,-1.2103252995665503e-07,-3.249806515322161e-08,1.6123235502029453e-07,3.915378287015973e-08
1333.0,-1.0682699752573299e-07,-2.3464940265955934e-08,-1.2161768306317988e-07,-3.300470296694079e-08,1.6187300032438713e-07,3.976855969059268e-08
1334.0,-1.0715523537929705e-07,-2.3817715338173332e-08,-1.221416857377644e-07,-3.3504538435136025e-08,1.6248334026618037e-07,4.037538677874425e-08
1335.0,-1.0750040319029708e-07,-2.416608663781599e-08,-1.2225851027392043e-07,-3.399766924507057e-08,1.6279889440802335e-07,4.0974341048055574e-08
1336.0,-1.0795440130717537e-07,-2.451006597927734e-08,-1.226063158221713e-07,-3.448419399684155e-08,1.6335991381326289e-07,4.156550082794868e-08
1337.0,-1.0826622051651746e-07,-2.484966623900701e-08,-1.2272590670103778e-07,-3.496421177283936e-08,1.6365580552037564e-07,4.214894550675851e-08
1338.0,-1.0858318971740388e-07,-2.5184901292893212e-08,-1.2273092035719468e-07,-3.543782171884403e-08,1.6386942332518836e-07,4.272475518250852e-08
1339.0,-1.0894960852936286e-07,-2.5515785952791965e-08,-1.2297361860758027e-07,-3.590512263843364e-08,1.642940293259132e-07,4.3293010322950964e-08
1340.0,-1.0917914494701364e-07,-2.5842335902481383e-08,-1.2330388322878694e-07,-3.636621260231163e-08,1.6469345254338236e-07,4.385379143624364e-08
1341.0,-1.0949054357611843e-07,-2.616456763332174e-08,-1.2374226572575697e-07,-3.6821188574055996e-08,1.652281073532519e-07,4.4407178753560697e-08
1342.0,-1.0976277181606875e-07,-2.648249837990318e-08,-1.2438418971194576e-07,-3.727014605365713e-08,1.6588939907975943e-07,4.495325192483475e-08
1343.0,-1.1002995750630795e-07,-2.6796146055961472e-08,-1.2502580180873135e-07,-3.771317874004684e-08,1.6654741867334992e-07,4.549208972870582e-08
1344.0,-1.10223925042785e-07,-2.710552919083694e-08,-1.2529861750931737e-07,-3.815037821364314e-08,1.6688036793339024e-07,4.602376979761629e-08
1345.0,-1.1070230815368731e-07,-2.7410666866741636e-08,-1.259248031681981e-07,-3.858183363975388e-08,1.676665055504628e-07,4.654836835885082e-08
1346.0,-1.1095754123835455e-07,-2.771157865708477e-08,-1.260433858674137e-07,-3.900763149350653e-08,1.6792412297994262e-07,4.7065959992178915e-08
1347.0,-1.1124573501275492e-07,-2.8008284566086915e-08,-1.263155815778294e-07,-3.942785530680167e-08,1.6831886319683057e-07,4.7576617404619695e-08
1348.0,-1.1166188740308058e-07,-2.83008049698924e-08,-1.272936330509733e-07,-3.984258543762104e-08,1.6932822007490095e-07,4.808041122271061e-08
1349.0,-1.1175834171983645e-07,-2.8589160559368032e-08,-1.277184892845007e-07,-4.025189886185295e-08,1.6971134154523338e-07,4.8577409802522915e-08
1350.0,-1.1220763396213584e-07,-2.8873372284757024e-08,-1.2865496422376221e-07,-4.065586898762844e-08,1.707121932926825e-07,4.906767905752815e-08
1351.0,-1.125814443891926e-07,-2.9153461302338433e-08,-1.294676049423682e-07,-4.105456549199922e-08,1.7157051713587037e-07,4.955128230428714e-08
1352.0,-1.128152583296238e-07,-2.9429448923224973e-08,-1.3007560605016177e-07,-4.144805417964605e-08,1.7218288475134989e-07,5.002828012581572e-08
1353.0,-1.1304264743716708e-07,-2.9701356564416252e-08,-1.3049170947965205e-07,-4.1836396863194507e-08,1.726462463609492e-07,5.049873025238804e-08
1354.0,-1.132229838496368e-07,-2.9969205702211646e-08,-1.3081630544087286e-07,-4.2219651264639134e-08,1.7300968135053846e-07,5.096268745947451e-08
1355.0,-1.1349055137332975e-07,-3.023301782807701e-08,-1.312366033762169e-07,-4.2597870937335726e-08,1.7350259743516483e-07,5.1420203482474495e-08
1356.0,-1.1387840159748919e-07,-3.049281440704965e-08,-1.3150582052479098e-07,-4.2971105208004496e-08,1.7395997005718748e-07,5.187132694788596e-08
1357.0,-1.141165633100627e-07,-3.0748616838753746e-08,-1.315091558012904e-07,-4.333939913818403e-08,1.741184886256127e-07,5.23161033205456e-08
1358.0,-1.1438536354213547e-07,-3.100044642108429e-08,-1.3171911565634797e-07,-4.370279350457719e-08,1.7445325110744387e-07,5.2754574866565224e-08
1359.0,-1.1458605317371529e-07,-3.124832431660351e-08,-1.3202224478925384e-07,-4.406132479772853e-08,1.748137200025306e-07,5.318678063158082e-08
1360.0,-1.1461731516670959e-07,-3.1492271521682065e-08,-1.3201922999250826e-07,-4.441502523846048e-08,1.7483193651000846e-07,5.36127564339147e-08
1361.0,-1.1498797272690986e-07,-3.1732308838406984e-08,-1.3250402350339918e-07,-4.476392281146835e-08,1.7544101606076593e-07,5.40325348722245e-08
1362.0,-1.1541805358672441e-07,-3.196845684926657e-08,-1.3304386976831228e-07,-4.510804131543132e-08,1.7613062872957566e-07,5.444614534717337e-08
1363.0,-1.1551998374548234e-07,-3.220073589460773e-08,-1.335254479484238e-07,-4.544740042894075e-08,1.7656135447595472e-07,5.485361409660409e-08
1364.0,-1.1566558194564536e-07,-3.2429166052843823e-08,-1.3410094391874683e-07,-4.5782015791485527e-08,1.7709203823640318e-07,5.5254964243643054e-08
1365.0,-1.159577590614802e-07,-3.265376712337591e-08,-1.3439710620788414e-07,-4.61118990986777e-08,1.7750713800749982e-07,5.5650215857106774e-08
1366.0,-1.1617502582161876e-07,-3.2874558612176704e-08,-1.34092088807658e-07,-4.643705821085774e-08,1.7741850215085975e-07,5.603938602354286e-08
1367.0,-1.1654692003149059e-07,-3.309155971997459e-08,-1.3428795353487288e-07,-4.675749727419058e-08,1.7781012072829498e-07,5.642248893020741e-08
1368.0,-1.169563390301942e-07,-3.3304789332962274e-08,-1.3521109165637313e-07,-4.7073216853343287e-08,1.787759059444361e-07,5.6799535958257975e-08
1369.0,-1.1691380505385318e-07,-3.351426601594399e-08,-1.3549175199856212e-07,-4.738421407481151e-08,1.7896047796038723e-07,5.717053578541556e-08
1370.0,-1.1694587898070097e-07,-3.372000800782987e-08,-1.357989134753712e-07,-4.7690482779929767e-08,1.792140717456643e-07,5.753549449732215e-08
1371.0,-1.1727429669039502e-07,-3.3922033219387514e-08,-1.3652969202415655e-07,-4.7992013686568847e-08,1.7998226987244558e-07,5.7894415706796054e-08
1372.0,-1.1752079359661494e-07,-3.412035923316418e-08,-1.3705536923425132e-07,-4.82887945585031e-08,1.80541715854024e-07,5.8247300680174565e-08
1373.0,-1.1775899405597201e-07,-3.431500330549414e-08,-1.374525889497047e-07,-4.858081038142942e-08,1.809983284178363e-07,5.8594148469932485e-08
1374.0,-1.1788400694490164e-07,-3.4505982370502494e-08,-1.3762792394622636e-07,-4.886804354464041e-08,1.8121281561504938e-07,5.893495605277863e-08
1375.0,-1.1792184359538105e-07,-3.4693313046012764e-08,-1.3761681992574548e-07,-4.9150474027398755e-08,1.8122899967557226e-07,5.926971847246284e-08
1376.0,-1.181495102309249e-07,-3.4877011641263963e-08,-1.3754523944808916e-07,-4.942807958912417e-08,1.8132291543718242e-07,5.959842898657329e-08
1377.0,-1.1843171113246065e-07,-3.505709416634085e-08,-1.3769655009265858e-07,-4.9700835962578233e-08,1.816216124506735e-07,5.992107921665808e-08
1378.0,-1.1871292054932425e-07,-3.5233576343218174e-08,-1.380299745473712e-07,-4.996871704930146e-08,1.8205776934505738e-07,6.023765930105468e-08
1379.0,-1.1891115409001785e-07,-3.5406473618313704e-08,-1.3824965329478633e-07,-5.0231695116610816e-08,1.8235358291831997e-07,6.054815804984721e-08
1380.0,-1.1887881662397959e-07,-3.557580117644111e-08,-1.3813051874533855e-07,-5.048974099550243e-08,1.8224218296205216e-07,6.085256310139575e-08
1381.0,-1.1893802326357061e-07,-3.574157395605383e-08,-1.3795215443590525e-07,-5.074282427882813e-08,1.82145684251243e-07,6.115086107989944e-08
1382.0,-1.1926711993015537e-07,-3.590380666567558e-08,-1.3829950588906126e-07,-5.099091351912785e-08,1.8262365461678985e-07,6.144303775346735e-08
1383.0,-1.1948329178834705e-07,-3.6062513801417004e-08,-1.38894024892533e-07,-5.123397642550065e-08,1.8321519360420647e-07,6.172907819217285e-08
1384.0,-1.1957158066455698e-07,-3.621770966547835e-08,-1.395588684893756e-07,-5.147198005888123e-08,1.8377714949540242e-07,6.200896692555529e-08
1385.0,-1.1960253659681896e-07,-3.6369408385536685e-08,-1.397210199760579e-07,-5.1704891025061713e-08,1.8392044525702788e-07,6.228268809900923e-08
1386.0,-1.1970094468405357e-07,-3.651762393491476e-08,-1.3943036297758837e-07,-5.1932675664775344e-08,1.8376382200617428e-07,6.255022562848347e-08
1387.0,-1.1996561288807328e-07,-3.6662370153429265e-08,-1.3954157156159663e-07,-5.215530024015175e-08,1.8402064685651783e-07,6.281156335290489e-08
1388.0,-1.2016010739190897e-07,-3.680366076881484e-08,-1.3996153358508678e-07,-5.2372731116861005e-08,1.8446593802630465e-07,6.306668518374695e-08
1389.0,-1.2023180528952793e-07,-3.694150941861621e-08,-1.40402930184913e-07,-5.258493494127408e-08,1.8484769354170614e-07,6.331557525116659e-08
1390.0,-1.2027274207127014e-07,-3.7075929672435536e-08,-1.4071651147085085e-07,-5.279187881197039e-08,1.8511258489327075e-07,6.355821804613136e-08
1391.0,-1.2040825209114203e-07,-3.720693505441877e-08,-1.409174929245527e-07,-5.299353044492255e-08,1.853534110389808e-07,6.379459855795481e-08
1392.0,-1.2062158866177342e-07,-3.733453906586249e-08,-1.4115026769623285e-07,-5.31898583316944e-08,1.8566896811801444e-07,6.402470240666038e-08
1393.0,-1.2078869393583602e-07,-3.745875520781975e-08,-1.4161435785142729e-07,-5.33808318900081e-08,1.8613042452107923e-07,6.42485159696066e-08
1394.0,-1.2083289580022694e-07,-3.757959700357953e-08,-1.4192459094064525e-07,-5.356642160607047e-08,1.8639522048898675e-07,6.446602650182808e-08
1395.0,-1.2077501290730375e-07,-3.769707802089036e-08,-1.4185301135116735e-07,-5.374659916809531e-08,1.863031952816532e-07,6.467722224957969e-08
1396.0,-1.2084910494536416e-07,-3.781121189379639e-08,-1.4181904613164154e-07,-5.3921337590518285e-08,1.8632538209214628e-07,6.488209255661383e-08
1397.0,-1.2111017130833623e-07,-3.7922012343951656e-08,-1.4203089847286687e-07,-5.409061132847125e-08,1.866559661927375e-07,6.508062796277196e-08
1398.0,-1.2143656019647509e-07,-3.802949320127233e-08,-1.4232914297140908e-07,-5.425439638215817e-08,1.8709469017406112e-07,6.527282029452404e-08
1399.0,-1.215975090063104e-07,-3.813366842377722e-08,-1.422881639179252e-07,-5.441267039084752e-08,1.8716804157674485e-07,6.545866274713815e-08
1400.0,-1.2147075564850063e-07,-3.8234552116458124e-08,-1.4184069224709717e-07,-5.4565412716262454e-08,1.867456196406049e-07,6.563814995820649e-08
1401.0,-1.2141399560738897e-07,-3.833215854902004e-08,-1.4154069005734016e-07,-5.471260451521164e-08,1.8648089787229977e-07,6.581127807229927e-08
1402.0,-1.2164817006499185e-07,-3.842650217233711e-08,-1.4189424353550084e-07,-5.485422880135555e-08,1.8690172184512695e-07,6.597804479656102e-08
1403.0,-1.2193577245134257e-07,-3.851759763347901e-08,-1.4270604950517018e-07,-5.499027049603568e-08,1.8770548518537672e-07,6.613844944709352e-08
1404.0,-1.22079406472686e-07,-3.860545978916854e-08,-1.43508443642415e-07,-5.512071646810351e-08,1.88409274934626e-07,6.629249298598024e-08
1405.0,-1.2197568385885482e-07,-3.869010371753515e-08,-1.4370675589792103e-07,-5.5245555562682244e-08,1.8849323368105276e-07,6.644017804880703e-08
1406.0,-1.2182051289943985e-07,-3.877154472803711e-08,-1.4337555018228976e-07,-5.536477861880531e-08,1.8814033526375167e-07,6.658150896254661e-08
1407.0,-1.219881984038107e-07,-3.884979836943803e-08,-1.4343236744152055e-07,-5.5478378475919104e-08,1.8829223186230187e-07,6.671649175371561e-08
1408.0,-1.2234873386640643e-07,-3.892488043573809e-08,-1.4399357613215091e-07,-5.5586349969314674e-08,1.889533345724237e-07,6.684513414678167e-08
1409.0,-1.2257281548078147e-07,-3.89968069699708e-08,-1.4445604269719414e-07,-5.568868991464855e-08,1.8945089961945094e-07,6.696744555287687e-08
1410.0,-1.2256417397660258e-07,-3.906559426578331e-08,-1.4446525237188368e-07,-5.578539708181308e-08,1.8945233143310468e-07,6.70834370489551e-08
1411.0,-1.2247844471957592e-07,-3.9131258866729664e-08,-1.4412971684196751e-07,-5.587647215852319e-08,1.891410708912053e-07,6.719312134761921e-08
1412.0,-1.2254421544177774e-07,-3.9193817563227224e-08,-1.4377772056262117e-07,-5.5961917704106545e-08,1.889156363788451e-07,6.72965127579491e-08
1413.0,-1.227359389954774e-07,-3.925328738715619e-08,-1.436828230422238e-07,-5.604173809411448e-08,1.8896789240102286e-07,6.73936271377806e-08
1414.0,-1.2283013509084562e-07,-3.9309685604113515e-08,-1.4380242496780937e-07,-5.611593945649702e-08,1.8912001351802466e-07,6.748448183800108e-08
1415.0,-1.2269826743516177e-07,-3.93630297033633e-08,-1.4376753587619362e-07,-5.618452960018948e-08,1.8900785487249756e-07,6.756909563952826e-08
1416.0,-1.224837803126544e-07,-3.941333738555583e-08,-1.4359285309406555e-07,-5.6247517937037083e-08,1.8873575151351817e-07,6.764748868371752e-08
1417.0,-1.2238758842486597e-07,-3.9460626548317466e-08,-1.4347468664521745e-07,-5.630491539803955e-08,1.8858342320680713e-07,6.771968239700631e-08
1418.0,-1.2250462047558308e-07,-3.950491526984025e-08,-1.4347600249542403e-07,-5.6356734344938386e-08,1.8866039682438276e-07,6.778569941065252e-08
1419.0,-1.2268467178278009e-07,-3.954622179061625e-08,-1.4330333207579482e-07,-5.640298847819541e-08,1.886461599780764e-07,6.784556347645447e-08
1420.0,-1.2266544210937091e-07,-3.9584564493465255e-08,-1.4271819431810329e-07,-5.644369274242081e-08,1.8818951532247305e-07,6.789929937935095e-08
1421.0,-1.2250241057665257e-07,-3.961996188199897e-08,-1.420864326612259e-07,-5.647886323030036e-08,1.8760435747467018e-07,6.794693284778952e-08
1422.0,-1.2249306247102965e-07,-3.965243255765655e-08,-1.4192516435695968e-07,-5.650851708603772e-08,1.874761388318033e-07,6.798849046272224e-08
1423.0,-1.2269683360988104e-07,-3.968199519543817e-08,-1.4231461621661e-07,-5.653267240926158e-08,1.8790413238343598e-07,6.802399956603215e-08
1424.0,-1.2289324163861082e-07,-3.970866851845213e-08,-1.429294593374708e-07,-5.65513481602393e-08,1.8849822064663557e-07,6.805348816910562e-08
1425.0,-1.2290387341185038e-07,-3.9732471271377275e-08,-1.4335051634617457e-07,-5.656456406709569e-08,1.8882460813239096e-07,6.807698486214979e-08
1426.0,-1.2273193517042813e-07,-3.9753422192928444e-08,-1.4330755077063273e-07,-5.6572340535581395e-08,1.8868010498872332e-07,6.80945187247279e-08
1427.0,-1.2268511667690163e-07,-3.9771539987404494e-08,-1.4327634699495828e-07,-5.657469856179534e-08,1.8862595118976777e-07,6.810611923787544e-08
1428.0,-1.229206887942702e-07,-3.9786843295395134e-08,-1.4375268708732847e-07,-5.657165964815618e-08,1.8914103409489226e-07,6.811181619807552e-08
1429.0,-1.2315605263379936e-07,-3.979935066372134e-08,-1.4432303255262902e-07,-5.6563245722839134e-08,1.8972757054662977e-07,6.81116396333123e-08
1430.0,-1.231351695329952e-07,-3.980908051468178e-08,-1.444216601309556e-07,-5.654947906283923e-08,1.897890562990941e-07,6.810561972137827e-08
1431.0,-1.229379996969815e-07,-3.9816051114677134e-08,-1.4404780174226417e-07,-5.653038222079133e-08,1.893766642336739e-07,6.809378671058901e-08
1432.0,-1.2280772843098475e-07,-3.982028054229121e-08,-1.4353086873197807e-07,-5.650597795567503e-08,1.8889904298681564e-07,6.807617084306308e-08
1433.0,-1.2285172351633733e-07,-3.98217866559217e-08,-1.4313512755603774e-07,-5.647628916755702e-08,1.8862717384146374e-07,6.805280228075233e-08
1434.0,-1.2294506826493468e-07,-3.9820587061068495e-08,-1.4298108713672875e-07,-5.644133883655486e-08,1.8857115656820443e-07,6.802371103444373e-08
1435.0,-1.2287173314917688e-07,-3.9816699077397475e-08,-1.4287127884926587e-07,-5.640114996622551e-08,1.8844008365288743e-07,6.798892689597521e-08
1436.0,-1.2267724130987645e-07,-3.98101397057015e-08,-1.4273576109946617e-07,-5.635574553157267e-08,1.8821052848351907e-07,6.79484793739046e-08
1437.0,-1.225703131213507e-07,-3.980092559488149e-08,-1.427498873413091e-07,-5.6305148431830824e-08,1.8815156654841436e-07,6.790239763284503e-08
1438.0,-1.2266155860474193e-07,-3.978907300906946e-08,-1.4300274485401498e-07,-5.624938144812841e-08,1.884028741689655e-07,6.78507104366381e-08
1439.0,-1.2278785946340243e-07,-3.977459779500972e-08,-1.4308319726263896e-07,-5.6188467206067797e-08,1.885461741073086e-07,6.779344609548422e-08
1440.0,-1.2272988433870147e-07,-3.975751534980328e-08,-1.4260732000836995e-07,-5.612242814319557e-08,1.8814747468345323e-07,6.77306324170939e-08
1441.0,-1.2251331751866879e-07,-3.973784058910551e-08,-1.4186357455425735e-07,-5.6051286481279874e-08,1.8744275594095784e-07,6.766229666187241e-08
1442.0,-1.223694104934836e-07,-3.971558791585397e-08,-1.41447967269559e-07,-5.5975064203262805e-08,1.8703422165265084e-07,6.758846550210427e-08
1443.0,-1.224959623458144e-07,-3.969077118959086e-08,-1.4174320088489178e-07,-5.589378303470269e-08,1.8734032077511228e-07,6.750916498505715e-08
1444.0,-1.2273570401677425e-07,-3.9663403696431325e-08,-1.424281010353745e-07,-5.580746442944827e-08,1.8801547012157288e-07,6.742442049986066e-08
1445.0,-1.2281467243191457e-07,-3.963349811971113e-08,-1.428726409541392e-07,-5.571612955918996e-08,1.8840391529309802e-07,6.733425674793135e-08
1446.0,-1.226478845706147e-07,-3.960106651132887e-08,-1.42812035378026e-07,-5.561979930643002e-08,1.8824925242470787e-07,6.723869771662529e-08
1447.0,-1.2240849897593442e-07,-3.956612026378718e-08,-1.4252264501912748e-07,-5.5518494260331004e-08,1.8787374740710732e-07,6.713776665573003e-08
1448.0,-1.2237579138929533e-07,-3.952867008293623e-08,-1.426001840221236e-07,-5.5412234714860294e-08,1.8791127374721253e-07,6.703148605637619e-08
1449.0,-1.2254797132627004e-07,-3.9488725961428286e-08,-1.4304154896671584e-07,-5.530104066864588e-08,1.8835840837876515e-07,6.691987763194996e-08
1450.0,-1.2261572798766274e-07,-3.944629715289638e-08,-1.431598016382596e-07,-5.518493182598307e-08,1.8849229574454847e-07,6.68029623006096e-08
1451.0,-1.2247056999092898e-07,-3.940139214687156e-08,-1.428047392976195e-07,-5.5063927598475347e-08,1.881282383901048e-07,6.668076016904254e-08
1452.0,-1.222648304544105e-07,-3.935401864445567e-08,-1.4228415455563859e-07,-5.493804710685798e-08,1.8759922548789638e-07,6.655329051715067e-08
1453.0,-1.2222932002647902e-07,-3.9304183534774246e-08,-1.4202292808462857e-07,-5.48073091826411e-08,1.8737801038506894e-07,6.642057178342287e-08
1454.0,-1.222643932485834e-07,-3.925189287224565e-08,-1.4181502304422278e-07,-5.467173236931118e-08,1.872433780337176e-07,6.62826215508384e-08
1455.0,-1.2223060527616347e-07,-3.919715185471446e-08,-1.4152342540929563e-07,-5.453133492292937e-08,1.8700053691301997e-07,6.613945653322732e-08
1456.0,-1.2202646856862565e-07,-3.9139964802505524e-08,-1.410591518591353e-07,-5.438613481205098e-08,1.8651579920893668e-07,6.599109256208397e-08
1457.0,-1.2182931577453537e-07,-3.908033513846264e-08,-1.4071556708739053e-07,-5.4236149716959366e-08,1.8612698085666505e-07,6.583754457388578e-08
1458.0,-1.2171208199629469e-07,-3.901826536904277e-08,-1.405325358722065e-07,-5.4081397028260815e-08,1.8591187305426667e-07,6.567882659801407e-08
1459.0,-1.217170427225689e-07,-3.8953757066541967e-08,-1.4054009642161525e-07,-5.3921893844923816e-08,1.8592083581816368e-07,6.55149517454029e-08
1460.0,-1.2170250765497492e-07,-3.888681085252832e-08,-1.403567969349151e-07,-5.3757656971866334e-08,1.857727935283803e-07,6.534593219805658e-08
1461.0,-1.2160657919535467e-07,-3.881742638255061e-08,-1.3984250689380584e-07,-5.358870291720335e-08,1.8532157682779468e-07,6.517177919957675e-08
1462.0,-1.214676324245989e-07,-3.8745602332180786e-08,-1.3929739735296653e-07,-5.3415047889270104e-08,1.8481923773283916e-07,6.499250304683417e-08
1463.0,-1.2140401475790874e-07,-3.867133638443831e-08,-1.3906325763146654e-07,-5.323670779353654e-08,1.8460098705698775e-07,6.480811308291246e-08
1464.0,-1.2142991093200273e-07,-3.8594625218635686e-08,-1.391667091288351e-07,-5.305369822952057e-08,1.8469595609732205e-07,6.461861769143743e-08
1465.0,-1.21451053214372e-07,-3.851546450067649e-08,-1.393635065266574e-07,-5.2866034487784856e-08,1.848581761196564e-07,6.442402429238183e-08
1466.0,-1.2133940169301027e-07,-3.843384887483039e-08,-1.3934595324838206e-07,-5.267373154706631e-08,1.8477160249864691e-07,6.422433933940178e-08
1467.0,-1.2115427519554522e-07,-3.8349771957005305e-08,-1.3915370922212844e-07,-5.247680407155106e-08,1.8450504922205944e-07,6.401956831872932e-08
1468.0,-1.2105927330030575e-07,-3.8263226329538224e-08,-1.3909986364135651e-07,-5.2275266408286314e-08,1.8440205995878162e-07,6.380971574962796e-08
1469.0,-1.2105407840024007e-07,-3.8174203537530566e-08,-1.391630484182116e-07,-5.20691325847214e-08,1.8444631723724106e-07,6.359478518641988e-08
1470.0,-1.2102383900591818e-07,-3.808269408676113e-08,-1.3908245394267382e-07,-5.1858416306393165e-08,1.843656654652552e-07,6.337477922211278e-08
1471.0,-1.209255102163631e-07,-3.7988687443215376e-08,-1.3879059837518248e-07,-5.1643130954812235e-08,1.840809854885315e-07,6.314969949368726e-08
1472.0,-1.2073155944425373e-07,-3.789217203427734e-08,-1.382818343442782e-07,-5.142328958566496e-08,1.835700824084899e-07,6.291954668915231e-08
1473.0,-1.2056590995013217e-07,-3.7793135251640253e-08,-1.3781571393811642e-07,-5.119890492751943e-08,1.8311010253499427e-07,6.268432055653548e-08
1474.0,-1.2050263667462424e-07,-3.7691563456004827e-08,-1.3746680940784906e-07,-5.09699893813045e-08,1.8280593298443677e-07,6.244401991504173e-08
1475.0,-1.2042151886770824e-07,-3.758744198364668e-08,-1.3707987019107026e-07,-5.073655502090786e-08,1.8246159326829985e-07,6.219864266867757e-08
1476.0,-1.2023716458586797e-07,-3.7480755154945184e-08,-1.3654356960379754e-07,-5.0498613595301836e-08,1.8193713790151862e-07,6.194818582269037e-08
1477.0,-1.199775140903192e-07,-3.7371486284974045e-08,-1.359437274417452e-07,-5.025617653265002e-08,1.8131547346558222e-07,6.169264550320736e-08
1478.0,-1.1975022706778304e-07,-3.725961769626024e-08,-1.3552830920027237e-07,-5.000925494687245e-08,1.8085364104012457e-07,6.143201698048007e-08
1479.0,-1.1966513516203925e-07,-3.71451307338217e-08,-1.3536996600060913e-07,-4.975785964715038e-08,1.8067864364211726e-07,6.116629469614153e-08
1480.0,-1.19561870431939e-07,-3.702800578259225e-08,-1.3509180460391512e-07,-4.9502001150830924e-08,1.8040187507985096e-07,6.08954722948647e-08
1481.0,-1.1944642197558863e-07,-3.6908222287332965e-08,-1.347406014262642e-07,-4.924168970015057e-08,1.8006242638452302e-07,6.061954266077033e-08
1482.0,-1.19234118772793e-07,-3.678575877511394e-08,-1.3414246896603643e-07,-4.897693528314018e-08,1.7947416822436747e-07,6.033849795887822e-08
1483.0,-1.1903835037130328e-07,-3.666059288043224e-08,-1.3367159285015973e-07,-4.870774765901012e-08,1.789922445085821e-07,6.005232968183225e-08
1484.0,-1.1900986701673943e-07,-3.65327013730122e-08,-1.3360459751032838e-07,-4.843413638824286e-08,1.7892327105001978e-07,5.976102870206193e-08
1485.0,-1.189583108129888e-07,-3.6402060188313824e-08,-1.3355462867570278e-07,-4.815611086753958e-08,1.7885166633885328e-07,5.946458532946539e-08
1486.0,-1.1882780298622109e-07,-3.626864446075246e-08,-1.3339844089077513e-07,-4.7873680369674275e-08,1.7864823199411126e-07,5.916298937461292e-08
1487.0,-1.1864865145927439e-07,-3.6132428559611097e-08,-1.332192717667935e-07,-4.7586854088211647e-08,1.7839528262591237e-07,5.8856230217379824e-08
1488.0,-1.1843783959131216e-07,-3.599338612760708e-08,-1.3294346104530952e-07,-4.7295641186954694e-08,1.7804911030882216e-07,5.854429688083513e-08
1489.0,-1.1831424509556321e-07,-3.585149012206018e-08,-1.3279196983684294e-07,-4.700005085391187e-08,1.7785378220797558e-07,5.822717811014327e-08
1490.0,-1.182420629186609e-07,-3.570671285859535e-08,-1.3268736544225224e-07,-4.670009235951424e-08,1.7772766355091252e-07,5.7904862456181105e-08
1491.0,-1.1813728406639967e-07,-3.5559026057300835e-08,-1.3250232266948103e-07,-4.6395775118768735e-08,1.7751981128705742e-07,5.75773383635288e-08
1492.0,-1.17923554449062e-07,-3.540840089124881e-08,-1.3205764891333072e-07,-4.6087108757003326e-08,1.7704572101696615e-07,5.724459426245972e-08
1493.0,-1.1773231728406941e-07,-3.525480803727425e-08,-1.316380093263625e-07,-4.577410317884463e-08,1.766053907231721e-07,5.690661866453423e-08
1494.0,-1.1757997728234493e-07,-3.509821772889899e-08,-1.3126364646620647e-07,-4.5456768640066766e-08,1.7622484484692272e-07,5.656340026139365e-08
1495.0,-1.174230143119459e-07,-3.493859981128167e-08,-1.3082045702272893e-07,-4.5135115821956974e-08,1.7579009148908e-07,5.621492802634992e-08
1496.0,-1.1726083265495291e-07,-3.47759237980684e-08,-1.303828325860401e-07,-4.480915590785138e-08,1.7535616871981503e-07,5.586119131836836e-08
1497.0,-1.170275773787477e-07,-3.46101589300128e-08,-1.298686874984245e-07,-4.4478900661498446e-08,1.7481799066372495e-07,5.550217998803815e-08
1498.0,-1.1679787273455311e-07,-3.444127423522784e-08,-1.2943947452770388e-07,-4.4144362506904714e-08,1.743454061377155e-07,5.51378844851189e-08
1499.0,-1.1660763685195086e-07,-3.426923859092562e-08,-1.2915485661513237e-07,-4.38055546093072e-08,1.7400666067559556e-07,5.476829596723941e-08
1500.0,-1.1643104802505633e-07,-3.409402078649392e-08,-1.2888481151773767e-07,-4.346249095689653e-08,1.7368789129981323e-07,5.439340640930463e-08
1501.0,-1.1627178816975281e-07,-3.3915589587748945e-08,-1.286060149346957e-07,-4.311518644288863e-08,1.7337426510752698e-07,5.401320871314136e-08
1502.0,-1.1603916819091786e-07,-3.373391380219231e-08,-1.2813709596160017e-07,-4.276365694751243e-08,1.7287048306727339e-07,5.362769681688338e-08
1503.0,-1.1585822609627705e-07,-3.354896234508735e-08,-1.278031324797313e-07,-4.240791941945351e-08,1.725015049957762e-07,5.3236865803568645e-08
1504.0,-1.156918401357121e-07,-3.336070430615732e-08,-1.2752377924474256e-07,-4.204799195627229e-08,1.7218279863810148e-07,5.28407120083975e-08
1505.0,-1.1552791015501107e-07,-3.316910901669574e-08,-1.272975337224258e-07,-4.168389388329828e-08,1.719050904324722e-07,5.2439233124081905e-08
1506.0,-1.1537127356242571e-07,-3.297414611686808e-08,-1.2708227076219103e-07,-4.131564583049076e-08,1.7164042153726756e-07,5.203242830370117e-08
1507.0,-1.1515962303199068e-07,-3.2775785622974346e-08,-1.2674094532205693e-07,-4.094326980675137e-08,1.7124545540830806e-07,5.1620298260471734e-08
1508.0,-1.149461436034116e-07,-3.257399799443575e-08,-1.2640575415556743e-07,-4.0566789271179746e-08,1.7085382820684432e-07,5.120284536384081e-08
1509.0,-1.1474641409270347e-07,-3.2368754200265467e-08,-1.2606519295133012e-07,-4.018622920078262e-08,1.7046751133570959e-07,5.078007373132846e-08
1510.0,-1.1457837431616547e-07,-3.216002578478373e-08,-1.257730029430304e-07,-3.980161615417991e-08,1.7013833233649276e-07,5.035198931556994e-08
1511.0,-1.143482848131594e-07,-3.194778493234058e-08,-1.2532718071667226e-07,-3.941297833089564e-08,1.6965386074622895e-07,4.9918599986048676e-08
1512.0,-1.1412578188041422e-07,-3.173200453081393e-08,-1.248561789929381e-07,-3.902034562587565e-08,1.6915602124232078e-07,4.947991560505678e-08
1513.0,-1.1386058373918928e-07,-3.151265823365848e-08,-1.24276567869952e-07,-3.86237496789357e-08,1.6854939291188124e-07,4.903594809747422e-08
1514.0,-1.1361672402898648e-07,-3.128972052028975e-08,-1.2375327290703453e-07,-3.8223223918909595e-08,1.6799890634846954e-07,4.858671151401747e-08
1515.0,-1.133924252827434e-07,-3.106316675459862e-08,-1.2321983371144096e-07,-3.781880360233297e-08,1.6745438044846036e-07,4.81322220876686e-08
1516.0,-1.1315238540587913e-07,-3.083297324140253e-08,-1.2264483584267794e-07,-3.7410525846558894e-08,1.6686886492667836e-07,4.767249828305289e-08
1517.0,-1.1285564119334346e-07,-3.059911728064993e-08,-1.219658272988422e-07,-3.6998429657252164e-08,1.6616876595152196e-07,4.720756083858287e-08
1518.0,-1.1255498233442296e-07,-3.0361577219204733e-08,-1.2137951031776506e-07,-3.658255595024797e-08,1.655343153949739e-07,4.673743280122701e-08
1519.0,-1.1227437965444231e-07,-3.012033250004694e-08,-1.2092988824208284e-07,-3.6162947567785604e-08,1.6501386062095662e-07,4.6262139553792876e-08
1520.0,-1.1203926397751474e-07,-2.9875363708733664e-08,-1.206070645853874e-07,-3.57396492891373e-08,1.6461731591945922e-07,4.578170883463198e-08
1521.0,-1.11796885748916e-07,-2.962665261697046e-08,-1.202286536022834e-07,-3.5312707835646954e-08,1.6417512847619164e-07,4.529617074968078e-08
1522.0,-1.1151984624646616e-07,-2.9374182223146003e-08,-1.197170501343603e-07,-3.4882171870177645e-08,1.636118828193979e-07,4.480555777674889e-08
1523.0,-1.1126298710140148e-07,-2.9117936789684617e-08,-1.1922751767812212e-07,-3.444809199094781e-08,1.6307867202799254e-07,4.430990476195955e-08
1524.0,-1.1100342889314163e-07,-2.8857901877072528e-08,-1.187637070493297e-07,-3.401052071971872e-08,1.6256253977510857e-07,4.3809248908242756e-08
1525.0,-1.1077386577462711e-07,-2.8594064374415686e-08,-1.1842703057096671e-07,-3.35695124842816e-08,1.621598313655752e-07,4.330362975578009e-08
1526.0,-1.1052722972970663e-07,-2.8326412526390412e-08,-1.1813378912595152e-07,-3.312512359517982e-08,1.617771944526735e-07,4.279308915429955e-08
1527.0,-1.1025591667435108e-07,-2.805493595645257e-08,-1.1780693737195591e-07,-3.267741221658989e-08,1.61353158180004e-07,4.2277671227121966e-08
1528.0,-1.0994078386561412e-07,-2.7779625686178076e-08,-1.1736242014337428e-07,-3.222643833127806e-08,1.6081328806692432e-07,4.175742232686738e-08
1529.0,-1.0966427255176825e-07,-2.7500474150617523e-08,-1.1697898281981534e-07,-3.177226369955205e-08,1.603444264571337e-07,4.123239098274665e-08
1530.0,-1.0938525396575471e-07,-2.721747520955983e-08,-1.165683452264421e-07,-3.1314951812141675e-08,1.5985403621424028e-07,4.070262783939027e-08
1531.0,-1.0906362313267692e-07,-2.693062415461382e-08,-1.1599316245003433e-07,-3.085456783696918e-08,1.5921459614616568e-07,4.016818558720351e-08
1532.0,-1.0876320896691105e-07,-2.663991771203121e-08,-1.1538389955989548e-07,-3.039117855980628e-08,1.5856506520172724e-07,3.9629118884281554e-08
1533.0,-1.0844273279353445e-07,-2.6345354041209293e-08,-1.1469973959510327e-07,-2.992485231885718e-08,1.5784757381383602e-07,3.9085484269967345e-08
1534.0,-1.0814599882280618e-07,-2.6046932728826928e-08,-1.140989601272624e-07,-2.945565893335051e-08,1.572072827941028e-07,3.8537340070184924e-08
1535.0,-1.0783018261628641e-07,-2.5744654778582172e-08,-1.1349379140657145e-07,-2.8983669626261384e-08,1.5655091494750208e-07,3.7984746294727236e-08
1536.0,-1.074856803284785e-07,-2.5438522596514794e-08,-1.1283516861138043e-07,-2.8508956941312502e-08,1.558362818833744e-07,3.742776452671559e-08
1537.0,-1.0714525652821827e-07,-2.5128539971911337e-08,-1.1217765394366808e-07,-2.8031594654417584e-08,1.551255363916691e-07,3.686645780447587e-08
1538.0,-1.067894116191237e-07,-2.4814712053804425e-08,-1.114978289834534e-07,-2.7551657679730445e-08,1.5438829068935913e-07,3.6300890496094015e-08
1539.0,-1.0648035775329134e-07,-2.4497045323091594e-08,-1.1099383509516336e-07,-2.706922197044836e-08,1.5381059136613846e-07,3.573112816691948e-08
1540.0,-1.0613317280583345e-07,-2.4175547560310778e-08,-1.1050389003841588e-07,-2.658436441448987e-08,1.5321670954388498e-07,3.5157237440279574e-08
1541.0,-1.0582708170892019e-07,-2.3850227809120105e-08,-1.1014248217644518e-07,-2.6097162725123973e-08,1.5274402640697611e-07,3.457928585165098e-08
1542.0,-1.0544814987856199e-07,-2.3521096335538914e-08,-1.0965069886792467e-07,-2.5607695326575653e-08,1.5212688150039746e-07,3.3997341696509564e-08
1543.0,-1.0511370548971222e-07,-2.318816458301556e-08,-1.0924846649551512e-07,-2.5116041234576253e-08,1.516051401285578e-07,3.3411473872051226e-08
1544.0,-1.047828659950234e-07,-2.2851445123396312e-08,-1.0884172776948198e-07,-2.4622279931773945e-08,1.510826618443594e-07,3.2821751712949926e-08
1545.0,-1.0449959708669354e-07,-2.2510951603878448e-08,-1.085312513471326e-07,-2.4126491237873267e-08,1.5066253120884357e-07,3.222824482129665e-08
1546.0,-1.0417423798592118e-07,-2.2166698690039333e-08,-1.0822318786962715e-07,-2.3628755174336434e-08,1.502149468349004e-07,3.1631022890848156e-08
1547.0,-1.0381419701666061e-07,-2.1818702005043187e-08,-1.0777914927206922e-07,-2.312915182345486e-08,1.4964535582511407e-07,3.103015552570807e-08
1548.0,-1.0346314865961048e-07,-2.146697806513952e-08,-1.0744625936198737e-07,-2.262776118159074e-08,1.49162065490674e-07,3.042571205356858e-08
1549.0,-1.0311063369794482e-07,-2.111154421158216e-08,-1.0702488864589021e-07,-2.2124663006397494e-08,1.4861402885076818e-07,2.9817761333661666e-08
1550.0,-1.027865858260757e-07,-2.075241853911595e-08,-1.0668353722653734e-07,-2.1619936657855124e-08,1.4814337427285503e-07,2.9206371559603136e-08
1551.0,-1.0244272519166486e-07,-2.0389619821198165e-08,-1.06210888431435e-07,-2.111366093300133e-08,1.475644427566807e-07,2.8591610057360962e-08
1552.0,-1.0204580372374927e-07,-2.0023167432143253e-08,-1.0561649363416414e-07,-2.0605913894300315e-08,1.4686112414523251e-07,2.797354307863977e-08
1553.0,-1.0159491253824982e-07,-1.9653081266403204e-08,-1.0485149813665995e-07,-2.0096772691667105e-08,1.4599781818628879e-07,2.7352235590044896e-08
1554.0,-1.0121634683168956e-07,-1.927938165522131e-08,-1.042341052776008e-07,-1.9586313378251855e-08,1.4529107876595465e-07,2.672775105846912e-08
1555.0,-1.0087377808054576e-07,-1.890208928092293e-08,-1.0371037158229957e-07,-1.9074610720179313e-08,1.4467674408135483e-07,2.6100151233227578e-08
1556.0,-1.0040557626989077e-07,-1.8521225089131824e-08,-1.029978459743397e-07,-1.85617380005255e-08,1.4383961909516674e-07,2.5469495925544216e-08
1557.0,-1.0000229908047054e-07,-1.8136810199223676e-08,-1.0248627976827684e-07,-1.8047766817890913e-08,1.4319182016484528e-07,2.4835842786062484e-08
1558.0,-9.950787946411133e-08,-1.7748865813349334e-08,-1.0174646912497476e-07,-1.7532766879997435e-08,1.4231711792628303e-07,2.4199247081112252e-08
1559.0,-9.909688056253252e-08,-1.7357413124379357e-08,-1.0125436052110803e-07,-1.7016805792794433e-08,1.416779349855275e-07,2.355976146851588e-08
1560.0,-9.871355674540006e-08,-1.6962473223137e-08,-1.0071188430438305e-07,-1.6499948845608918e-08,1.4102216111472252e-07,2.2917435773757995e-08
1561.0,-9.832871025738932e-08,-1.65640670052984e-08,-1.0023426581795558e-07,-1.598225879291675e-08,1.4041169219458257e-07,2.2272316767374598e-08
1562.0,-9.78808032958689e-08,-1.6162215078345682e-08,-9.96271337649901e-08,-1.5463795633346185e-08,1.3966466065569992e-07,2.162444794444072e-08
1563.0,-9.740867515373175e-08,-1.575693766896345e-08,-9.894303354407441e-08,-1.4944616386556223e-08,1.3884586375585364e-07,2.0973869307052455e-08
1564.0,-9.708525042229077e-08,-1.5348254531271983e-08,-9.866807670899647e-08,-1.4424774868661264e-08,1.384230299155864e-07,2.0320617150713572e-08
1565.0,-9.66200139618234e-08,-1.4936184856292395e-08,-9.808294949842367e-08,-1.3904321466900783e-08,1.3767967199370165e-07,1.9664723855548155e-08
1566.0,-9.62257520331633e-08,-1.4520747183039985e-08,-9.767037800756384e-08,-1.3383302914278928e-08,1.3710907371318736e-07,1.900621768326837e-08
1567.0,-9.583755736231048e-08,-1.4101959311641553e-08,-9.726905712825751e-08,-1.2861762064924721e-08,1.3655074835311e-07,1.8345122580833788e-08
1568.0,-9.531729758260887e-08,-1.3679838218872346e-08,-9.66452604056478e-08,-1.2339737670953507e-08,1.357412744058604e-07,1.7681457991746476e-08
1569.0,-9.493368052782003e-08,-1.3254399976508497e-08,-9.622773113060479e-08,-1.181726416164621e-08,1.3517462756413335e-07,1.7015238675938738e-08
1570.0,-9.448732932182402e-08,-1.2825659672891125e-08,-9.566670693128554e-08,-1.1294371425806153e-08,1.3446179463865305e-07,1.634647453922671e-08
1571.0,-9.406897397146174e-08,-1.2393631338098584e-08,-9.51946104166268e-08,-1.0771084598201651e-08,1.338319308551472e-07,1.5675170473321985e-08
1572.0,-9.362886904673573e-08,-1.1958327873122299e-08,-9.466202839647497e-08,-1.0247423851055253e-08,1.3314377469151843e-07,1.5001326207414296e-08
1573.0,-9.314075807842492e-08,-1.1519760983440552e-08,-9.389944632953728e-08,-9.723404191595359e-09,1.3225848493165697e-07,1.4324936172359012e-08
1574.0,-9.267986689209806e-08,-1.107794111738305e-08,-9.325472385968148e-08,-9.19903526674247e-09,1.314762383447384e-07,1.3645989378524706e-08
1575.0,-9.221275956705632e-08,-1.063287740967754e-08,-9.254706119510292e-08,-8.674321176057077e-09,1.30645136009045e-07,1.2964469308374497e-08
1576.0,-9.174273310486036e-08,-1.0184577630567149e-08,-9.187731103699193e-08,-8.149260294124034e-09,1.2983901324693514e-07,1.2280353824868303e-08
1577.0,-9.123200556127031e-08,-9.733048140882517e-09,-9.118121280238256e-08,-7.623845103584373e-09,1.2898562868337323e-07,1.1593615096774643e-08
1578.0,-9.070332065985731e-08,-9.27829385344626e-09,-9.043435758582241e-08,-7.098062040045949e-09,1.2808382181479944e-07,1.0904219541969846e-08
1579.0,-9.025488045821817e-08,-8.820318201177645e-09,-8.987550707828529e-08,-6.5718913501075915e-09,1.2737170101363237e-07,1.0212127789776805e-08
1580.0,-8.973135595669035e-08,-8.359123112252504e-09,-8.922665799271368e-08,-6.04530696371706e-09,1.2654292844080606e-07,9.517294663353806e-09
1581.0,-8.92819227438224e-08,-7.894708992656703e-09,-8.86144783524001e-08,-5.518276382052188e-09,1.2579263691687944e-07,8.819669183088073e-09
1582.0,-8.874666271307952e-08,-7.427074716450832e-09,-8.789590914826118e-08,-4.990760582067612e-09,1.2490660906336575e-07,8.119194591877868e-09
1583.0,-8.829616499061999e-08,-6.956217624040022e-09,-8.735970455364672e-08,-4.462713938790044e-09,1.2420922160512572e-07,7.415808403104644e-09
1584.0,-8.776614798811089e-08,-6.482133528716269e-09,-8.674382268036851e-08,-3.934084166373332e-09,1.2339930107530672e-07,6.709442472004166e-09
1585.0,-8.730072062479444e-08,-6.00481673171237e-09,-8.623690943287965e-08,-3.4048122788422695e-09,1.2271194061762325e-07,6.000023091043467e-09
1586.0,-8.687745095548038e-08,-5.524260045976228e-09,-8.595792345966746e-08,-2.8748325713616247e-09,1.222147948900621e-07,5.287471109799975e-09
1587.0,-8.632617992665459e-08,-5.040454828842825e-09,-8.535244734597658e-08,-2.3440726227682433e-09,1.2139707413556904e-07,4.571702079723426e-09
1588.0,-8.584938854250268e-08,-4.553391023749113e-09,-8.488447665599974e-08,-1.8124533200041063e-09,1.2072900186071512e-07,3.852626424043915e-09
1589.0,-8.528761272219576e-08,-4.0630572111056075e-09,-8.431416122223201e-08,-1.2798889049921556e-09,1.199285398329346e-07,3.1301496329762337e-09
1590.0,-8.476655491418406e-08,-3.569440668407306e-09,-8.379959552662353e-08,-7.462870444073874e-10,1.1919622914524218e-07,2.4041724842616182e-09
1591.0,-8.430244669010989e-08,-3.0725274396354364e-09,-8.34240421743182e-08,-2.115489227126713e-10,1.1860216410606192e-07,1.6745912889846845e-09
1592.0,-8.376612936622507e-08,-2.5723024139684686e-09,-8.278905784531165e-08,3.244306412499074e-10,1.1777432881538113e-07,9.412981625017661e-10
1593.0,-8.33034476122041e-08,-2.0687494137864403e-09,-8.228775368046559e-08,8.617630538960896e-10,1.1709286395786982e-07,2.0418132021776284e-10
1594.0,-8.278481014589723e-08,-1.5618512919174776e-09,-8.16390042790438e-08,1.40056578261819e-09,1.1626801714386455e-07,-5.368746021469537e-10
1595.0,-8.223251102279505e-08,-1.0515900380400578e-09,-8.085902281074198e-08,1.9409621675044993e-09,1.1532721898590202e-07,-1.2819882042494757e-09
1596.0,-8.171804291579043e-08,-5.379468941209487e-10,-8.012194803452832e-08,2.4830812090414175e-09,1.1444372020707219e-07,-2.0312809533156835e-09
1597.0,-8.125695627470009e-08,-2.0902478735953547e-11,-7.954251948771862e-08,3.027057331846951e-09,1.1370886222930303e-07,-2.7848767934569337e-09
1598.0,-8.071134260934087e-08,4.995630799110015e-10,-7.884529147628161e-08,3.5730301245588365e-09,1.1283129359261202e-07,-3.5429017328320765e-09
1599.0,-8.013653887695149e-08,1.0234700024856244e-09,-7.827655960912505e-08,4.121144056087389e-09,1.12022697019033e-07,-4.305483409474047e-09
1600.0,-7.957047837292563e-08,1.5508387087826067e-09,-7.77174071625586e-08,4.671548168542075e-09,1.1122704888905009e-07,-5.072750636705655e-09
1601.0,-7.902876508758538e-08,2.0816896600189964e-09,-7.723757654287677e-08,5.224395747248967e-09,1.1050424852233285e-07,-5.844832929179003e-09
1602.0,-7.85505104572426e-08,2.616043193461684e-09,-7.681747891952195e-08,5.779843968389534e-09,1.0986859314947369e-07,-6.6218600106837255e-09
1603.0,-7.795536299814998e-08,3.153919349716965e-09,-7.625938194810722e-08,6.338053524905243e-09,1.0905288604746155e-07,-7.403961304980253e-09
1604.0,-7.733331636172736e-08,3.6953376930385417e-09,-7.561637917208319e-08,6.899188231421969e-09,1.0815858088288356e-07,-8.191265411019507e-09
1605.0,-7.686450126387356e-08,4.240317125038258e-09,-7.522367871659608e-08,7.463414609049818e-09,1.0754884190079264e-07,-8.983899564008945e-09
1606.0,-7.627694256773232e-08,4.788875692211111e-09,-7.466780863052414e-08,8.030901451005954e-09,1.0674012185287081e-07,-9.781989083873627e-09
1607.0,-7.579268468393963e-08,5.3410303877132025e-09,-7.424804274180907e-08,8.601819370091745e-09,1.0610043780582907e-07,-1.0585656812741906e-08
1608.0,-7.525344358771946e-08,5.8967969478575745e-09,-7.383696380702798e-08,9.176340329130151e-09,1.0542759598914525e-07,-1.1395022543157248e-08
1609.0,-7.467412577177868e-08,6.456189643817627e-09,-7.329159525115703e-08,9.754637155533166e-09,1.0463213174851617e-07,-1.2210202438778624e-08
1610.0,-7.406558907852023e-08,7.0192210690488396e-09,-7.263574436366937e-08,1.033688304121904e-08,1.0373843475208473e-07,-1.303130844937842e-08
1611.0,-7.355442233070164e-08,7.585901922957034e-09,-7.208859392759948e-08,1.0923251029133674e-08,1.0299038022486155e-07,-1.3858447721977143e-08
1612.0,-7.304745006098123e-08,8.156240791355472e-09,-7.156407108577234e-08,1.1513913487651077e-08,1.0226116677791733e-07,-1.4691722009970336e-08
1613.0,-7.24349394909396e-08,8.7302439242645e-09,-7.087412408346427e-08,1.2109041574137804e-08,1.0134082061861534e-07,-1.553122708210728e-08
1614.0,-7.185511469165462e-08,9.30791501161647e-09,-7.029371311417787e-08,1.2708804688968581e-08,1.0052046364163459e-07,-1.637705213317524e-08
1615.0,-7.123447218204682e-08,9.88925495743352e-09,-6.961116910675358e-08,1.331336992127676e-08,9.959952254636488e-08,-1.7229279198228174e-08
1616.0,-7.077606375971435e-08,1.0474261653047244e-08,-6.918754590079512e-08,1.3922901487714537e-08,9.897559148140405e-08,-1.8087982572174442e-08
1617.0,-7.009116265166426e-08,1.1062929749927514e-08,-6.835782204173135e-08,1.4537560165484975e-08,9.790588805659785e-08,-1.8953228236506674e-08
1618.0,-6.952470554821844e-08,1.165525043268351e-08,-6.768864622974657e-08,1.5157502720891347e-08,9.703317736724001e-08,-1.982507329491806e-08
1619.0,-6.894198037454835e-08,1.2251211192793223e-08,-6.70799966545621e-08,1.578288133462898e-08,9.619107343792704e-08,-2.0703565419503048e-08
1620.0,-6.824494774848588e-08,1.2850795603607741e-08,-6.626629880934765e-08,1.6413843025021248e-08,9.512410446928433e-08,-2.158874230918785e-08
1621.0,-6.763626769767939e-08,1.3453983097164773e-08,-6.565995827600979e-08,1.7050529070378204e-08,9.426502441987428e-08,-2.2480631161978477e-08
1622.0,-6.688181847236407e-08,1.406074874333226e-08,-6.489176740398506e-08,1.7693074431634165e-08,9.318862118833585e-08,-2.3379248162554447e-08
1623.0,-6.629541624003643e-08,1.4671063031790635e-08,-6.431897227321404e-08,1.834160717640068e-08,9.236889307944619e-08,-2.42845979866757e-08
1624.0,-6.566417751208142e-08,1.5284891657351287e-08,-6.366675076030504e-08,1.8996247905553996e-08,9.146168247256848e-08,-2.5196673323810322e-08
1625.0,-6.492257023649195e-08,1.590219530910179e-08,-6.27414466491949e-08,1.9657109183459445e-08,9.028526598369193e-08,-2.6115454419331117e-08
1626.0,-6.432495261443627e-08,1.6522929463864593e-08,-6.194914659030104e-08,2.032429497291862e-08,8.930507427977471e-08,-2.7040908637569903e-08
1627.0,-6.359859786031485e-08,1.7147044184454936e-08,-6.09650977201337e-08,2.099790007590879e-08,8.80995163994871e-08,-2.7972990046958668e-08
1628.0,-6.299322061198431e-08,1.777448392322575e-08,-6.009214564839382e-08,2.1678009581171692e-08,8.705866879121173e-08,-2.8911639028429783e-08
1629.0,-6.235840302459827e-08,1.8405187331391458e-08,-5.923558363263304e-08,2.2364698319706314e-08,8.60082832992084e-08,-2.985678190819698e-08
1630.0,-6.166625463044362e-08,1.9039087074629777e-08,-5.829248010680299e-08,2.3058030329233458e-08,8.48571752838187e-08,-3.080833061599902e-08
1631.0,-6.10617313934192e-08,1.9676109655469096e-08,-5.757739342249213e-08,2.3758058328730273e-08,8.392670179442604e-08,-3.1766182369859305e-08
1632.0,-6.033764476942594e-08,2.0316175242977844e-08,-5.674277829548213e-08,2.4464823204181333e-08,8.282737630162911e-08,-3.273021938839701e-08
1633.0,-5.971231639700925e-08,2.0959197510281237e-08,-5.606270657432244e-08,2.5178353506756114e-08,8.190596924483048e-08,-3.370030863171628e-08
1634.0,-5.9049307526981565e-08,2.160508348043935e-08,-5.53962003768671e-08,2.589866496469744e-08,8.096641115678806e-08,-3.4676301571897276e-08
1635.0,-5.848873999014792e-08,2.225373338122899e-08,-5.4938634586054746e-08,2.6625760010286374e-08,8.024454047357477e-08,-3.565803399411293e-08
1636.0,-5.7809513176465543e-08,2.290504050938014e-08,-5.410534344163498e-08,2.7359627323329968e-08,7.91790881649771e-08,-3.6645325829394356e-08
1637.0,-5.7230017447285064e-08,2.355889110482433e-08,-5.343495398935083e-08,2.8100241392692684e-08,7.829795147295102e-08,-3.763798102006017e-08
1638.0,-5.658612564629628e-08,2.421516423551533e-08,-5.2639434311441136e-08,2.8847562097455158e-08,7.728453700635695e-08,-3.863578741880621e-08
1639.0,-5.59360482377258e-08,2.4873731693381265e-08,-5.196471120072488e-08,2.9601534309333203e-08,7.634901900239405e-08,-3.963851672242076e-08
1640.0,-5.535304986592493e-08,2.553445790196036e-08,-5.149918055891156e-08,3.0362087518027836e-08,7.560506416701825e-08,-4.0645924441046616e-08
1641.0,-5.469800548607573e-08,2.6197199836260194e-08,-5.0944081120274376e-08,3.112913548120455e-08,7.47473825986159e-08,-4.165774990385682e-08
1642.0,-5.399039798570371e-08,2.686180695536255e-08,-5.0248206207026413e-08,3.1902575900815143e-08,7.375530693908424e-08,-4.267371630194441e-08
1643.0,-5.3410608935600123e-08,2.7528121148272494e-08,-4.96624889406716e-08,3.268229012747247e-08,7.293185829700171e-08,-4.369353076914434e-08
1644.0,-5.265904048923353e-08,2.819597669348237e-08,-4.880761672598766e-08,3.346814289456281e-08,7.179942893726695e-08,-4.4716884501405056e-08
1645.0,-5.203036959611218e-08,2.8865200232688353e-08,-4.814336590497348e-08,3.4259982083730396e-08,7.088683263461697e-08,-4.574345291520875e-08
1646.0,-5.128396146636405e-08,2.9535610759061914e-08,-4.73946412532511e-08,3.505763852329741e-08,6.98304856291855e-08,-4.6772895845405063e-08
1647.0,-5.058456475914852e-08,3.020701962044034e-08,-4.655780475038007e-08,3.586092582109409e-08,6.874901726604537e-08,-4.7804857782677536e-08
1648.0,-4.9927498413371296e-08,3.087923053776135e-08,-4.5764216541344105e-08,3.666964023307119e-08,6.772827041539025e-08,-4.88389681507086e-08
1649.0,-4.92977029753483e-08,3.155203963902764e-08,-4.4916039568243527e-08,3.7483560568952857e-08,6.669118479335694e-08,-4.9874841622950064e-08
1650.0,-4.8432324178948605e-08,3.22252355090486e-08,-4.378185614051233e-08,3.8302448136065194e-08,6.528813791557611e-08,-5.091207847874409e-08
1651.0,-4.782499510302962e-08,3.289859925516765e-08,-4.2925943577465375e-08,3.9126046722346386e-08,6.426403962264237e-08,-5.1950264998377416e-08
1652.0,-4.7045997014771856e-08,3.3571904589145866e-08,-4.192610281172904e-08,3.9954082619414284e-08,6.301685434940081e-08,-5.2988973896492075e-08
1653.0,-4.648571486076669e-08,3.424491792533532e-08,-4.105411496868605e-08,4.078626468644076e-08,6.201904580029103e-08,-5.4027764793123704e-08
1654.0,-4.5906555334873644e-08,3.4917398495241274e-08,-4.0302426201899166e-08,4.162228445546401e-08,6.108762051736297e-08,-5.5066184721497765e-08
1655.0,-4.510541481983488e-08,3.5589098478538477e-08,-3.91523396481297e-08,4.246181627865978e-08,5.972775021706316e-08,-5.6103768671584e-08
1656.0,-4.437163006465461e-08,3.625976315057302e-08,-3.8207307428983484e-08,4.330451751798873e-08,5.855458902227406e-08,-5.7140040168287514e-08
1657.0,-4.371551037829491e-08,3.69291310463434e-08,-3.736371076423772e-08,4.4150028777537643e-08,5.750732761751692e-08,-5.81745118830391e-08
1658.0,-4.3009886957490195e-08,3.759693414091578e-08,-3.6534552785849606e-08,4.499797417877801e-08,5.643247224212418e-08,-5.920668627743845e-08
1659.0,-4.254525343139193e-08,3.826289804618984e-08,-3.596378789216814e-08,4.5847961678878007e-08,5.570899953413476e-08,-6.023605627750564e-08
1660.0,-4.185252611144108e-08,3.892674222389504e-08,-3.513165229562798e-08,4.669958343212036e-08,5.464308679906142e-08,-6.126210597700798e-08
1661.0,-4.11206513561968e-08,3.958818021466007e-08,-3.421690086824469e-08,4.755241619439435e-08,5.3494899504393636e-08,-6.228431136824597e-08
1662.0,-4.045559998111514e-08,4.02469198829585e-08,-3.345134154397744e-08,4.8406021770637445e-08,5.2494264647900674e-08,-6.330214109859699e-08
1663.0,-3.9644554777895635e-08,4.0902663677689e-08,-3.250909620666764e-08,4.925994750499823e-08,5.126921161586104e-08,-6.431505725102696e-08
1664.0,-3.9261906725762685e-08,4.15551089081023e-08,-3.215948095325327e-08,5.0113726813378985e-08,5.075164563760617e-08,-6.53225161466898e-08
1665.0,-3.8639523664008024e-08,4.220394803474134e-08,-3.152915364901254e-08,5.096687975789579e-08,4.987083635557436e-08,-6.632396916764811e-08
1666.0,-3.808248200121156e-08,4.2848868975016674e-08,-3.080494924423416e-08,5.181891366266395e-08,4.898183676948472e-08,-6.731886359766256e-08
1667.0,-3.72872490106424e-08,4.348955542299268e-08,-2.9842763135667916e-08,5.2669323770171186e-08,4.775907715139848e-08,-6.830664347890918e-08
1668.0,-3.65688684889065e-08,4.4125687182908755e-08,-2.8854742539774492e-08,5.351759393733443e-08,4.658195261681943e-08,-6.928675048238341e-08
1669.0,-3.589066746578773e-08,4.475694051590216e-08,-2.804804216660628e-08,5.436319737014951e-08,4.55503312888005e-08,-7.025862478964173e-08
1670.0,-3.5345155802168904e-08,4.538298849934093e-08,-2.736437575145967e-08,5.520559739564513e-08,4.4699989921102534e-08,-7.122170598342234e-08
1671.0,-3.475308574252267e-08,4.6003501398120556e-08,-2.65149430467293e-08,5.604424826965287e-08,4.371291769486945e-08,-7.217543394458579e-08
1672.0,-3.411784343931856e-08,4.6618147047227425e-08,-2.5625072411217253e-08,5.687859601870625e-08,4.2669328293634766e-08,-7.311924975272921e-08
1673.0,-3.335984249952517e-08,4.722659124482522e-08,-2.4536359929938634e-08,5.770807931418396e-08,4.141149659460068e-08,-7.405259658774964e-08
1674.0,-3.262642800372362e-08,4.78284981550736e-08,-2.34906188945061e-08,5.8532130376613334e-08,4.020314639837394e-08,-7.497492062956208e-08
1675.0,-3.2017144352414206e-08,4.84235307198431e-08,-2.2517882086736662e-08,5.935017590785483e-08,3.9142720219160867e-08,-7.588567195311843e-08
1676.0,-3.1491707214170717e-08,4.901135107844976e-08,-2.1650992762523025e-08,6.016163804870354e-08,3.8216398454928694e-08,-7.678430541583182e-08
1677.0,-3.100431583691332e-08,4.959162099449977e-08,-2.069154445005772e-08,6.096593535927754e-08,3.7274758379415263e-08,-7.767028153449302e-08
1678.0,-3.037165527408625e-08,5.016400228890946e-08,-1.9565626216411225e-08,6.176248381941699e-08,3.612826003737586e-08,-7.854306734877328e-08
1679.0,-2.9695171127608333e-08,5.072815727814369e-08,-1.8408638724487503e-08,6.255069784619245e-08,3.493824792382475e-08,-7.940213726843672e-08
1680.0,-2.9015337771332028e-08,5.128374921669493e-08,-1.725473162961233e-08,6.332999132551688e-08,3.3758192925487454e-08,-8.024697390143263e-08
1681.0,-2.8460349910108818e-08,5.183044274280397e-08,-1.637465738002497e-08,6.409977865477604e-08,3.283475173225827e-08,-8.107706886010571e-08
1682.0,-2.8064779417080743e-08,5.2367904326406944e-08,-1.578548772251942e-08,6.485947579334514e-08,3.2199587984432505e-08,-8.189192354285537e-08
1683.0,-2.7514026168518058e-08,5.289580271828285e-08,-1.5088767582605023e-08,6.560850131784555e-08,3.1379811075973174e-08,-8.269104988869715e-08
1684.0,-2.6997978630483033e-08,5.3413809399372276e-08,-1.4338245757361534e-08,6.634627747900968e-08,3.056920250072799e-08,-8.347397110232475e-08
1685.0,-2.6380173684392716e-08,5.3921599029236625e-08,-1.353345913113202e-08,6.707223125705374e-08,2.964908227370194e-08,-8.42402223474319e-08
1686.0,-2.578707367084654e-08,5.441884989262601e-08,-1.2697387016813444e-08,6.778579541249636e-08,2.8743639393097204e-08,-8.498935140621908e-08
1687.0,-2.5335406189652687e-08,5.490524434312319e-08,-1.2170498414620923e-08,6.848640952940145e-08,2.8107006928077242e-08,-8.572091930318094e-08
1688.0,-2.4926064851049645e-08,5.538046924283365e-08,-1.1728198648364163e-08,6.91735210480699e-08,2.7547401919132475e-08,-8.643450089144662e-08
1689.0,-2.442057911444806e-08,5.58442163971004e-08,-1.120880203930863e-08,6.984658628425418e-08,2.6870093551035995e-08,-8.712968540013049e-08
1690.0,-2.395652060060982e-08,5.6296182983235185e-08,-1.0658040214273079e-08,7.050507143202268e-08,2.6220387115687383e-08,-8.780607694134065e-08
1691.0,-2.346449262669026e-08,5.673607197227385e-08,-1.0008497294822227e-08,7.114845354744715e-08,2.5509849711992923e-08,-8.846329497568276e-08
1692.0,-2.29706681453834e-08,5.716359254278038e-08,-9.367339279253706e-09,7.177622151032261e-08,2.4807229595784792e-08,-8.910097473528156e-08
1693.0,-2.25738004122622e-08,5.7578460485743023e-08,-8.72693779740974e-09,7.238787696115548e-08,2.4201981496821866e-08,-8.971876760352308e-08
1694.0,-2.2181921216501976e-08,5.7980398599627794e-08,-8.028953307759323e-09,7.298293521067488e-08,2.35902886814316e-08,-9.031634145089871e-08
1695.0,-2.184109232361564e-08,5.836913707468097e-08,-7.350962144547779e-09,7.356092611914162e-08,2.304495516027915e-08,-9.089338092651151e-08
1696.0,-2.1409319705956165e-08,5.8744413865602175e-08,-6.497025389906597e-09,7.41213949427535e-08,2.237342864178251e-08,-9.144958770498474e-08
1697.0,-2.0965890051849456e-08,5.910597505174127e-08,-5.695756075119185e-09,7.466390314447822e-08,2.1725795334889285e-08,-9.198468068869254e-08
1698.0,-2.058624318235225e-08,5.945357518400505e-08,-4.8051727041809045e-09,7.51880291666919e-08,2.113960957728287e-08,-9.249839616541246e-08
1699.0,-2.0349277818354494e-08,5.978697761769375e-08,-4.213847215606137e-09,7.569336916306848e-08,2.0780991701192842e-08,-9.299048792167963e-08
1700.0,-2.0051294374878736e-08,6.010595483052455e-08,-3.5720492674862214e-09,7.617953768725764e-08,2.0366981663402964e-08,-9.346072731230574e-08
1701.0,-1.9749392454748715e-08,6.041028872513949e-08,-2.9861770417527467e-09,7.664616833601136e-08,1.9973876830910334e-08,-9.390890328671102e-08
1702.0,-1.9299768339031687e-08,6.069977091543691e-08,-2.2486873613170033e-09,7.709291434456806e-08,1.9430328169880115e-08,-9.433482237289963e-08
1703.0,-1.8914723176610693e-08,6.097420299610683e-08,-1.6282373505038805e-09,7.751944913227618e-08,1.898467565478509e-08,-9.473830862008645e-08
1704.0,-1.8614464025734634e-08,6.12333967947923e-08,-1.1261166860121463e-09,7.792546679663334e-08,1.8648496179474736e-08,-9.511920350115091e-08
1705.0,-1.8425814485301117e-08,6.147717460634454e-08,-8.844168730703927e-10,7.831068255413066e-08,1.8447027745740074e-08,-9.547736577625625e-08
1706.0,-1.8259477596593854e-08,6.170536940869167e-08,-7.068956114908431e-10,7.867483312652622e-08,1.827315581682753e-08,-9.581267131912973e-08
1707.0,-1.8051611261338252e-08,6.191782505990094e-08,-3.8464842422314405e-10,7.901767707142028e-08,1.8055708890562324e-08,-9.612501290765089e-08
1708.0,-1.777146543813224e-08,6.211439647607688e-08,6.012358666485085e-11,7.93389950562599e-08,1.7771567141487612e-08,-9.64142999805349e-08
1709.0,-1.758901227444376e-08,6.2294949789801e-08,4.779680262689823e-10,7.96385900751524e-08,1.7595505284721683e-08,-9.66804583620222e-08
1710.0,-1.747309413824283e-08,6.245936248887971e-08,8.63102880832578e-10,7.991628760811242e-08,1.749439811330465e-08,-9.692342995659116e-08
1711.0,-1.7409772123944123e-08,6.260752353522807e-08,1.066429070051278e-09,8.017193572261035e-08,1.744240340002238e-08,-9.714317241580047e-08
1712.0,-1.7254619483209055e-08,6.273933346377741e-08,1.2005400007453204e-09,8.040540511753432e-08,1.729633457712145e-08,-9.733965877943923e-08
1713.0,-1.7008318475841833e-08,6.285470446135495e-08,1.1529954907496531e-09,8.061658910992728e-08,1.704735451550626e-08,-9.751287709322004e-08
1714.0,-1.683736761126653e-08,6.295356042554092e-08,9.579098486645066e-10,8.080540356510998e-08,1.6864594254090302e-08,-9.766283000528612e-08
1715.0,-1.6810622505136763e-08,6.303583700356466e-08,8.016824426526625e-10,8.097178677104292e-08,1.6829727381899807e-08,-9.778953434382589e-08
1716.0,-1.684408212909716e-08,6.310148161135669e-08,7.30202162624316e-10,8.111569925800386e-08,1.6859902074747397e-08,-9.789302067809446e-08
1717.0,-1.6817433862170716e-08,6.31504534329341e-08,9.498132141905202e-10,8.123712356485392e-08,1.6844234231639536e-08,-9.797333286514074e-08
1718.0,-1.6741974917522384e-08,6.318272340035639e-08,1.4169595774493615e-09,8.133606395332829e-08,1.680183021527935e-08,-9.803052758452665e-08
1719.0,-1.6665695018458493e-08,6.319827415454748e-08,1.868266666371632e-09,8.141254607192118e-08,1.6770086785253903e-08,-9.806467386330077e-08
1720.0,-1.6665750141031666e-08,6.31970999873344e-08,1.9072280144083464e-09,8.146661657105199e-08,1.6774526713509414e-08,-9.807585259345071e-08
1721.0,-1.675883090634933e-08,6.317920676510384e-08,1.5970196415304727e-09,8.149834267131575e-08,1.683475230239648e-08,-9.806415604400673e-08
1722.0,-1.6900299520949957e-08,6.31446118345284e-08,1.354759707195008e-09,8.150781168674736e-08,1.6954512607623388e-08,-9.802968736990648e-08
1723.0,-1.7012647540726178e-08,6.309334391086323e-08,1.3678989468912661e-09,8.149513050516362e-08,1.70675517832489e-08,-9.797256011965904e-08
1724.0,-1.7029197135753904e-08,6.30254429493602e-08,1.6270574193510967e-09,8.146042502777699e-08,1.7106749280159408e-08,-9.789289774376404e-08
1725.0,-1.6951103187778926e-08,6.294096000038686e-08,1.9315784249851475e-09,8.140383957038873e-08,1.7060799937124783e-08,-9.779083310575039e-08
1726.0,-1.6970963717666265e-08,6.283995704887006e-08,1.9248824895123917e-09,8.132553622856764e-08,1.707977699224367e-08,-9.766650799759637e-08
1727.0,-1.718002715089817e-08,6.272250683871445e-08,1.5248968338044122e-09,8.12256942093129e-08,1.724756919856665e-08,-9.75200726611848e-08
1728.0,-1.746167402338905e-08,6.258869268287555e-08,1.0397517846705284e-09,8.110450913179883e-08,1.7492602535724224e-08,-9.735168531733567e-08
1729.0,-1.7620406050911086e-08,6.24386082598006e-08,8.117118088790676e-10,8.096219229990272e-08,1.7639092535038694e-08,-9.71615117038494e-08
1730.0,-1.7701993010321715e-08,6.227235739698399e-08,7.379287597641948e-10,8.079896994931588e-08,1.7717367055856973e-08,-9.694972462388529e-08
1731.0,-1.783621750295339e-08,6.209005384241355e-08,5.674135328259666e-10,8.061508247211757e-08,1.7845240624040204e-08,-9.671650350588957e-08
1732.0,-1.8068477519728177e-08,6.189182102470698e-08,2.785466440835549e-10,8.041078362174675e-08,1.8070624452792235e-08,-9.646203397617545e-08
1733.0,-1.83697438371766e-08,6.167779180275683e-08,6.151842923962647e-12,8.018633970134136e-08,1.836974486727181e-08,-9.618650744514552e-08
1734.0,-1.8757594810736578e-08,6.144810820571945e-08,-3.389067360082265e-10,7.994202873843574e-08,1.876065619479989e-08,-9.589012070803859e-08
1735.0,-1.9093171099715534e-08,6.120292116419855e-08,-7.126292195236417e-10,7.96781396490169e-08,1.9106465477621218e-08,-9.557307556097753e-08
1736.0,-1.9296696712745032e-08,6.094239023348368e-08,-1.0179765225215576e-09,7.939497139393785e-08,1.932352918656605e-08,-9.523557843298998e-08
1737.0,-1.942255969944462e-08,6.066668330970421e-08,-1.2543677485599147e-09,7.909283213066778e-08,1.946302298532059e-08,-9.487784003456588e-08
1738.0,-1.968634866233998e-08,6.03759763397505e-08,-1.6313943390633412e-09,7.877203836332662e-08,1.9753829278009443e-08,-9.450007502320488e-08
1739.0,-2.0129867106533084e-08,6.007045302579682e-08,-2.249413669219713e-09,7.843291409390276e-08,2.0255157653841036e-08,-9.410250168629621e-08
1740.0,-2.0596824190644014e-08,5.97503045252438e-08,-2.7955349285457842e-09,7.807578997749272e-08,2.07856725240493e-08,-9.368534164156833e-08
1741.0,-2.0938759698330145e-08,5.941572914688064e-08,-3.019367436629672e-09,7.770100248432759e-08,2.1155335908980372e-08,-9.324881955524848e-08
1742.0,-2.1184402954066428e-08,5.9066932044047606e-08,-3.015045199616928e-09,7.730889307126144e-08,2.1397883682177343e-08,-9.279316287797891e-08
1743.0,-2.134897894578991e-08,5.8704124905553084e-08,-3.0193998828975666e-09,7.68998073652896e-08,2.1561439601302662e-08,-9.231860159844288e-08
1744.0,-2.1699052554779996e-08,5.832752564506675e-08,-3.562440134552425e-09,7.647409436154741e-08,2.198953981981829e-08,-9.182536801456141e-08
1745.0,-2.224626538538388e-08,5.793735808967503e-08,-4.422849350649294e-09,7.603210563812683e-08,2.268166484135298e-08,-9.1313696522035e-08
1746.0,-2.2801418558815456e-08,5.7533851668253336e-08,-5.159733834636526e-09,7.557419458994482e-08,2.337792851256473e-08,-9.078382341993177e-08
1747.0,-2.3208215099712604e-08,5.711724110028179e-08,-5.579575662606473e-09,7.510071568380304e-08,2.3869497537427942e-08,-9.023598673296335e-08
1748.0,-2.342620258888317e-08,5.6687766085702757e-08,-5.683094439490333e-09,7.461202373667576e-08,2.4105694973253988e-08,-8.967042605003568e-08
1749.0,-2.3696583945076455e-08,5.624567099638581e-08,-5.877971401280213e-09,7.410847321914078e-08,2.4414721756766414e-08,-8.908738237860673e-08
1750.0,-2.4120402342120428e-08,5.57912045697266e-08,-6.442830671749e-09,7.359041758573132e-08,2.4966054478243018e-08,-8.84870980143269e-08
1751.0,-2.477907767861609e-08,5.532461960486925e-08,-7.331061119275617e-09,7.305820863384577e-08,2.5840803929782153e-08,-8.786981642538982e-08
1752.0,-2.5355677890637196e-08,5.4846172662010295e-08,-8.1126546314092e-09,7.251219589272028e-08,2.6621900128696167e-08,-8.723578215098625e-08
1753.0,-2.5846156104236684e-08,5.435612376521806e-08,-8.638751963774283e-09,7.195272604384377e-08,2.7251638865510185e-08,-8.658524071323491e-08
1754.0,-2.6132185387828244e-08,5.385473610917751e-08,-8.94708741816519e-09,7.138014237406532e-08,2.762139544650331e-08,-8.591843854194784e-08
1755.0,-2.6563707927751423e-08,5.334227577024271e-08,-9.403547551745106e-09,7.079478426249937e-08,2.817902208077518e-08,-8.523562291156954e-08
1756.0,-2.7083750409051532e-08,5.2819011422146284e-08,-9.969826617051147e-09,7.019698670217695e-08,2.8860474337644913e-08,-8.453704188960677e-08
1757.0,-2.7790089840440402e-08,5.228521405668399e-08,-1.0720506121719708e-08,6.95870798572295e-08,2.9786210649318563e-08,-8.382294429584723e-08
1758.0,-2.8515221184299833e-08,5.1741156709665594e-08,-1.1473110156368094e-08,6.896538865623444e-08,3.073678733780905e-08,-8.309357967165615e-08
1759.0,-2.8934521445478367e-08,5.118711419240107e-08,-1.194240072110997e-08,6.8332232422201e-08,3.13021958696577e-08,-8.234919825863865e-08
1760.0,-2.934985871005935e-08,5.06233628289664e-08,-1.228405546727096e-08,6.768792453952382e-08,3.181685441748502e-08,-8.159005098595551e-08
1761.0,-2.9731811013178344e-08,5.005018019946372e-08,-1.2696172543846806e-08,6.703277215807904e-08,3.2329141395751336e-08,-8.081638946557541e-08
1762.0,-3.044029570076212e-08,4.946784488945643e-08,-1.352278002075824e-08,6.636707593448556e-08,3.330881537730898e-08,-8.002846599473962e-08
1763.0,-3.1227604446737445e-08,4.887663624572927e-08,-1.444209937750962e-08,6.569112981040999e-08,3.440548668325678e-08,-7.922653356491454e-08
1764.0,-3.1892700202984514e-08,4.827683413849879e-08,-1.5141480541602803e-08,6.500522082766313e-08,3.530451471454019e-08,-7.841084587651863e-08
1765.0,-3.24053082145781e-08,4.7668718730180005e-08,-1.548157571584774e-08,6.430962897971354e-08,3.591355158052917e-08,-7.758165735872839e-08
1766.0,-3.2825549306503277e-08,4.705257025079307e-08,-1.5808644490689083e-08,6.36046270991219e-08,3.64339117843071e-08,-7.673922319368311e-08
1767.0,-3.330949041591147e-08,4.6428668780066216e-08,-1.6403734801051506e-08,6.28904807802773e-08,3.7129565944014566e-08,-7.588379934441771e-08
1768.0,-3.401989728812893e-08,4.5797294036261954e-08,-1.735562010773961e-08,6.216744833669916e-08,3.819124193868298e-08,-7.501564258586104e-08
1769.0,-3.4842504104126704e-08,4.5158725171728104e-08,-1.8439900106859142e-08,6.143578079206909e-08,3.942118730070202e-08,-7.413501053825481e-08
1770.0,-3.556801339565929e-08,4.4513240575158916e-08,-1.9376770743484428e-08,6.069572190407464e-08,4.050361491718181e-08,-7.324216170237932e-08
1771.0,-3.6080593374121506e-08,4.3861117680539925e-08,-1.9940953083219526e-08,5.994750822007223e-08,4.122439603069841e-08,-7.233735549600842e-08
1772.0,-3.647001436957176e-08,4.320263278273827e-08,-2.0270316480885953e-08,5.919136916349481e-08,4.1724665107727914e-08,-7.142085229104593e-08
1773.0,-3.7037591354982524e-08,4.253806085968404e-08,-2.0851624371598376e-08,5.8427527149837286e-08,4.250380468043904e-08,-7.049291345081363e-08
1774.0,-3.7819637949132456e-08,4.186767540107257e-08,-2.177738150921371e-08,5.7656197730953895e-08,4.3641486684132374e-08,-6.955380136697305e-08
1775.0,-3.867190473405557e-08,4.1191748243508746e-08,-2.281343122745305e-08,5.68775897663139e-08,4.489954186993003e-08,-6.860377949558269e-08
1776.0,-3.943538615103215e-08,4.051054941201557e-08,-2.366233191331002e-08,5.609190561978967e-08,4.59897339898446e-08,-6.764311239182476e-08
1777.0,-4.0083026453530124e-08,3.982434696783633e-08,-2.427603786048227e-08,5.5299341380491214e-08,4.6861231565954007e-08,-6.667206574297445e-08
1778.0,-4.0598405637304325e-08,3.913340686246501e-08,-2.4734351761201978e-08,5.450008710610283e-08,4.75396539463423e-08,-6.569090639921848e-08
1779.0,-4.1292814723092874e-08,3.843799279783847e-08,-2.5391175495492746e-08,5.369432708711617e-08,4.847482172013206e-08,-6.469990240195315e-08
1780.0,-4.2211871303932114e-08,3.77383660926189e-08,-2.6279574391607774e-08,5.288224013029504e-08,4.972381832868203e-08,-6.369932300920708e-08
1781.0,-4.309402834579146e-08,3.703478555449066e-08,-2.727158893156556e-08,5.206399985966023e-08,5.099838077743417e-08,-6.268943871785321e-08
1782.0,-4.379564255696522e-08,3.632750735839249e-08,-2.815939363631781e-08,5.123977503325329e-08,5.206735788325118e-08,-6.167052128229804e-08
1783.0,-4.438859177446908e-08,3.561678493060043e-08,-2.8883861830086843e-08,5.040972987392102e-08,5.2958706120335036e-08,-6.064284372936002e-08
1784.0,-4.490225249953461e-08,3.490286883856439e-08,-2.9552403857380227e-08,4.957402441234992e-08,5.3754598438474677e-08,-5.960668036906521e-08
1785.0,-4.5584155339284393e-08,3.4186006686381047e-08,-3.049224617246438e-08,4.873281484056686e-08,5.484243151646523e-08,-5.8562306801092445e-08
1786.0,-4.6474899761950184e-08,3.346644301576539e-08,-3.173937845879493e-08,4.788625387410945e-08,5.627880998061289e-08,-5.7509999916600656e-08
1787.0,-4.738999209719097e-08,3.274441921236782e-08,-3.29429036965978e-08,4.703449112106112e-08,5.7715216840406477e-08,-5.645003789517366e-08
1788.0,-4.8043805905839676e-08,3.2020173417275367e-08,-3.373346847690417e-08,4.6177673456138e-08,5.8703953711826626e-08,-5.5382700196620955e-08
1789.0,-4.85723091192547e-08,3.129394044352884e-08,-3.427947876943893e-08,4.5315945397998666e-08,5.945041528770718e-08,-5.430826754737032e-08
1790.0,-4.918357263128392e-08,3.0565951697476983e-08,-3.48563302388083e-08,4.444944948791779e-08,6.028256443196194e-08,-5.322702192116904e-08
1791.0,-4.9924565093117934e-08,2.983643510477474e-08,-3.563204187262414e-08,4.3578326667923615e-08,6.133599765023318e-08,-5.213924651377831e-08
1792.0,-5.069412156721853e-08,2.9105615040821065e-08,-3.656837554988357e-08,4.27027166564618e-08,6.250712000907779e-08,-5.104522571131393e-08
1793.0,-5.151882889742332e-08,2.8373712265427565e-08,-3.749017650489517e-08,4.182275831962626e-08,6.371579918144458e-08,-4.994524505186532e-08
1794.0,-5.2235839292924524e-08,2.76409438615129e-08,-3.8160746160254e-08,4.0938590035996725e-08,6.469022688276475e-08,-4.883959118001908e-08
1795.0,-5.2851475224047206e-08,2.690752317762511e-08,-3.860082192774783e-08,4.005035005313653e-08,6.544693947661551e-08,-4.7728551793915176e-08
1796.0,-5.330799779379447e-08,2.6173659774101158e-08,-3.896541939107934e-08,3.915817683383007e-08,6.60306484680099e-08,-4.661241558446954e-08
1797.0,-5.397153288178025e-08,2.543955937268034e-08,-3.967164756424335e-08,3.8262209390180234e-08,6.698332614965176e-08,-4.549147216640803e-08
1798.0,-5.485459217413613e-08,2.4705423809400072e-08,-4.065037560729845e-08,3.736258760375246e-08,6.82750270567888e-08,-4.4366012000784305e-08
1799.0,-5.571850630881059e-08,2.397145099062413e-08,-4.158617532279418e-08,3.645945253005253e-08,6.952669935545008e-08,-4.323632630870668e-08
1800.0,-5.643332787186317e-08,2.3237834852085826e-08,-4.229968889046809e-08,3.555294668576016e-08,7.052647853766412e-08,-4.210270697607828e-08
1801.0,-5.696148372424936e-08,2.250476532086632e-08,-4.278705294236129e-08,3.4643214317300226e-08,7.124143827548931e-08,-4.0965446449251346e-08
1802.0,-5.770930538995245e-08,2.177242828026508e-08,-4.35162393341848e-08,3.373040164950799e-08,7.227743087839278e-08,-3.98248376215993e-08
1803.0,-5.8885420345378137e-08,2.1041005537554033e-08,-4.469967206099934e-08,3.281465711333241e-08,7.39293812473279e-08,-3.86811737111171e-08
1804.0,-5.966446717242668e-08,2.0310674794640576e-08,-4.572701713112526e-08,3.1896131551726235e-08,7.51718613490434e-08,-3.7534748129275555e-08
1805.0,-6.025534471376659e-08,1.9581609621697332e-08,-4.6841439033107335e-08,3.097497840309398e-08,7.632055409434047e-08,-3.638585434147983e-08
1806.0,-6.088504883594581e-08,1.8853979433843008e-08,-4.814499704464126e-08,3.005135386189985e-08,7.76204220046762e-08,-3.5234785719605336e-08
1807.0,-6.195954166399176e-08,1.8127949470974498e-08,-4.9807196783602237e-08,2.9125417016264907e-08,7.949680279515904e-08,-3.408183538719696e-08
1808.0,-6.25555718059001e-08,1.7403680780858838e-08,-5.09326137654309e-08,2.819732996259096e-08,8.066802779876105e-08,-3.2927296058011205e-08
1809.0,-6.31501186343364e-08,1.6681330205597903e-08,-5.2045498299957416e-08,2.7267257897428464e-08,8.183319239050638e-08,-3.177145986865415e-08
1810.0,-6.38950206632849e-08,1.596105037158095e-08,-5.328251292957553e-08,2.6335369186945273e-08,8.31961528536746e-08,-3.061461820611439e-08
1811.0,-6.492346701914009e-08,1.5242989683039606e-08,-5.462071488160358e-08,2.5401835414450007e-08,8.484385106749222e-08,-2.9457061531008508e-08
1812.0,-6.572876709576292e-08,1.4527292319318539e-08,-5.5605545001835566e-08,2.4466831406482945e-08,8.609441014886046e-08,-2.8299079197349058e-08
1813.0,-6.627242954415635e-08,1.381409823597146e-08,-5.627367802296668e-08,2.353053523801088e-08,8.694113960558425e-08,-2.7140959269615327e-08
1814.0,-6.695275442392123e-08,1.310354316978425e-08,-5.714646493515385e-08,2.2593128217258085e-08,8.802493839551762e-08,-2.5982988337855004e-08
1815.0,-6.772565330770419e-08,1.239575864781045e-08,-5.818071853458395e-08,2.1654794850678456e-08,8.928471383812474e-08,-2.4825451331473348e-08
1816.0,-6.844432473562811e-08,1.1690872000483061e-08,-5.9096224275245746e-08,2.0715722788536265e-08,9.042670685204819e-08,-2.3668631332283915e-08
1817.0,-6.907481928108972e-08,1.0989006378843673e-08,-5.976609851465753e-08,1.9776102751525248e-08,9.134176038581123e-08,-2.251280938731285e-08
1818.0,-6.970825439100992e-08,1.0290280775909256e-08,-6.034095703655318e-08,1.8836128438820412e-08,9.219691874639255e-08,-2.1358264321769337e-08
1819.0,-7.047909636459515e-08,9.594810052176766e-09,-6.100995504632056e-08,1.789599641792709e-08,9.321758224242863e-08,-2.0205272552522062e-08
1820.0,-7.099602586380094e-08,8.902704965247336e-09,-6.149529856169789e-08,1.695590599667124e-08,9.39260743012602e-08,-1.9054107902356227e-08
1821.0,-7.162957069151155e-08,8.214072203536015e-09,-6.211191173888242e-08,1.6016059077674448e-08,9.480867564368237e-08,-1.7905041415236234e-08
1822.0,-7.237011018235151e-08,7.529014424021152e-09,-6.296436393105065e-08,1.5076659995683918e-08,9.592676359102025e-08,-1.6758341172773476e-08
1823.0,-7.325175474526269e-08,6.847630293980457e-09,-6.409100210269525e-08,1.4137915338186805e-08,9.733178372858376e-08,-1.561427211209807e-08
1824.0,-7.417351655103488e-08,6.1700145366583465e-09,-6.525270020152352e-08,1.320003374982869e-08,9.879081658300306e-08,-1.4473095845358642e-08
1825.0,-7.455066119987919e-08,5.496257980807889e-09,-6.573350412597545e-08,1.2263225721267117e-08,9.939162263500281e-08,-1.3335070481116245e-08
1826.0,-7.502616883314772e-08,4.826447614044875e-09,-6.657353503192187e-08,1.1327703363212484e-08,1.003043447534877e-07,-1.220045044794515e-08
1827.0,-7.572011404000101e-08,4.1606666399386585e-09,-6.805097207962518e-08,1.0393680166528859e-08,1.0180604339238749e-07,-1.1069486320595837e-08
1828.0,-7.67738215223801e-08,3.4989945387493555e-09,-6.997942374187271e-08,9.461370749386354e-09,1.0388137185460564e-07,-9.942424649118035e-09
1829.0,-7.742899446605556e-08,2.8415071317089695e-09,-7.118483297263722e-08,8.53099059257195e-09,1.0517856069259896e-07,-8.819507791385464e-09
1830.0,-7.791271813828438e-08,2.1882766487373013e-09,-7.217220358846088e-08,7.602755764162817e-09,1.0620366574892786e-07,-7.700973749501807e-09
1831.0,-7.856844716491729e-08,1.5393717994742117e-09,-7.33181408085759e-08,6.676882634824889e-09,1.0746418315668045e-07,-6.587056010579828e-09
1832.0,-7.927978099009358e-08,8.948578474952716e-10,-7.440396794511361e-08,5.7535875850083745e-09,1.087254989402886e-07,-5.477983392361982e-09
1833.0,-8.001849013949958e-08,2.547966875582616e-10,-7.538735018186582e-08,4.833086705276768e-09,1.0993730636889579e-07,-4.373979894097102e-09
1834.0,-8.067185525151288e-08,-3.807530742910389e-10,-7.616634684071144e-08,3.915595490938665e-09,1.109471073114599e-07,-3.2752645530127493e-09
1835.0,-8.133496601225865e-08,-1.011736037944417e-09,-7.69425510943611e-08,3.0013285320642324e-09,1.1196219390992496e-07,-2.1820513066376123e-09
1836.0,-8.184654409770786e-08,-1.6380999239992938e-09,-7.761949107065735e-08,2.090499199865869e-09,1.1279912311186596e-07,-1.0945488611324847e-09
1837.0,-8.252077260406665e-08,-2.2597954863046e-09,-7.820385965195964e-08,1.1833193303163107e-09,1.1369046387290131e-07,-1.2960565689605855e-11
1838.0,-8.298956163943494e-08,-2.8767764225457057e-09,-7.856134237593793e-08,2.7999890577520746e-10,1.1427664615753698e-07,1.062515707036065e-09
1839.0,-8.33698333424504e-08,-3.488999283154712e-09,-7.89016273705645e-08,-6.192542646907571e-10,1.147867410168586e-07,2.1316876745817094e-09
1840.0,-8.437470688793525e-08,-4.096423378853007e-09,-7.994401816924235e-08,-1.5142348656707935e-09,1.1623311577803092e-07,3.1943687525970787e-09
1841.0,-8.498508785592662e-08,-4.69901068714691e-09,-8.03853766051521e-08,-2.4047403958591246e-09,1.1697980137541567e-07,4.250378157239944e-09
1842.0,-8.500586576309921e-08,-5.296725758104691e-09,-8.046470205413936e-08,-3.2905714879828427e-09,1.1704941473922654e-07,5.29954100225374e-09
1843.0,-8.572535464823616e-08,-5.889535619746617e-09,-8.153995086079835e-08,-4.1715322275532926e-09,1.1831145344364287e-07,6.341688390903493e-09
1844.0,-8.647547941609268e-08,-6.477409683380584e-09,-8.265236649263041e-08,-5.0474304697046775e-09,1.1962199725416378e-07,7.376657502887339e-09
1845.0,-8.697352360531596e-08,-7.060319649209846e-09,-8.327847982048109e-08,-5.918078153270339e-09,1.204146959865561e-07,8.404291676254592e-09
1846.0,-8.768819717563936e-08,-7.638239412524251e-09,-8.44726368576243e-08,-6.783291611108747e-09,1.217573254535179e-07,9.424440484248716e-09
1847.0,-8.832425882343564e-08,-8.211144970764357e-09,-8.58328972896949e-08,-7.642891875540562e-09,1.231603059181511e-07,1.0436959806866826e-08
1848.0,-8.88370389751092e-08,-8.779014331725862e-09,-8.691240903357933e-08,-8.49670497761083e-09,1.2428107795591923e-07,1.1441711896801074e-08
1849.0,-8.940145337921201e-08,-9.341827423152663e-09,-8.803148861258325e-08,-9.344562238757963e-09,1.2546777615652073e-07,1.2438565439312566e-08
1850.0,-8.994871639189661e-08,-9.899566003951505e-09,-8.936068501830263e-08,-1.0186300553364506e-08,1.2679157545945294e-07,1.3427395605492779e-08
1851.0,-9.053661848001937e-08,-1.045221357724793e-08,-9.060400826821358e-08,-1.1021762660591378e-08,1.2808577438600705e-07,1.4408084098295946e-08
1852.0,-9.114819973787824e-08,-1.0999755305489934e-08,-9.181441097683152e-08,-1.1850797403862897e-08,1.2937496039991148e-07,1.5380519190680113e-08
1853.0,-9.194760020037052e-08,-1.1542177927791843e-08,-9.294729451381212e-08,-1.2673259976376159e-08,1.3074234486211614e-07,1.634459575517632e-08
1854.0,-9.222496449856621e-08,-1.2079469679697323e-08,-9.342730440675684e-08,-1.348901215105833e-08,1.3127873127614618e-07,1.7300215284217288e-08
1855.0,-9.25873690216239e-08,-1.2611620215529928e-08,-9.391972287386974e-08,-1.4297922493487074e-08,1.3188379448230497e-07,1.8247285900599975e-08
1856.0,-9.341410683871842e-08,-1.3138620533492926e-08,-9.510867961248781e-08,-1.50998665564145e-08,1.33311125920181e-07,1.9185722357525104e-08
1857.0,-9.370093317917494e-08,-1.3660462903674513e-08,-9.531476333202171e-08,-1.5894727054676903e-08,1.336591522780521e-07,2.011544602773803e-08
1858.0,-9.435815037650563e-08,-1.4177140799106053e-08,-9.617013303764299e-08,-1.6682394019416748e-08,1.3472993368570031e-07,2.1036384881374995e-08
1859.0,-9.498459568879625e-08,-1.4688648830007824e-08,-9.708811853081922e-08,-1.7462764930680336e-08,1.3582406332464986e-07,2.1948473452191313e-08
1860.0,-9.519586202655361e-08,-1.5194982681342522e-08,-9.710716908362116e-08,-1.8235744827582784e-08,1.3598549347049347e-07,2.285165279191172e-08
1861.0,-9.559303554285137e-08,-1.5696139053781396e-08,-9.745421188089853e-08,-1.9001246395349738e-08,1.365113616429926e-07,2.374587041249986e-08
1862.0,-9.620057456194431e-08,-1.6192115608172512e-08,-9.845377874073691e-08,-1.9759190028649737e-08,1.3765063419533592e-07,2.463108021619039e-08
1863.0,-9.670880987688868e-08,-1.6682910913580996e-08,-9.933712774579107e-08,-2.0509503870715773e-08,1.3863786948950066e-07,2.5507242413156396e-08
1864.0,-9.715547008570802e-08,-1.71685243989448e-08,-1.0010242441904627e-07,-2.125212382781456e-08,1.3949795963434653e-07,2.637432342669223e-08
1865.0,-9.759042504664528e-08,-1.7648956308356346e-08,-1.0106323594660793e-07,-2.1986993558662084e-08,1.404908136526536e-07,2.7232295785780756e-08
1866.0,-9.810686030231608e-08,-1.812420765994468e-08,-1.0190846257140951e-07,-2.271406443841926e-08,1.4145773496718564e-07,2.8081138004896393e-08
1867.0,-9.866675804159897e-08,-1.859428020829539e-08,-1.0297699956640649e-07,-2.3433295496942547e-08,1.426162388444567e-07,2.8920834450882955e-08
1868.0,-9.921363888776291e-08,-1.905917641030749e-08,-1.0420540923206101e-07,-2.4144653331019795e-08,1.4388229027428193e-07,2.9751375196741385e-08
1869.0,-9.981873302922217e-08,-1.9518899394348545e-08,-1.0522117815936483e-07,-2.484811199039485e-08,1.4503542945364736e-07,3.0572755862172883e-08
1870.0,-1.0021785884495316e-07,-1.997345293253402e-08,-1.0623689278288495e-07,-2.5543652837483334e-08,1.4604758340906962e-07,3.1384977440753523e-08
1871.0,-1.0092380650639221e-07,-2.0422841415927286e-08,-1.0742706192667928e-07,-2.6231264380813066e-08,1.4739806088934236e-07,3.21880461136751e-08
1872.0,-1.012404056977001e-07,-2.08670698324355e-08,-1.0813881068383324e-07,-2.6910942082391295e-08,1.4813379804065253e-07,3.298197305007885e-08
1873.0,-1.0179018603007073e-07,-2.130614374716275e-08,-1.0880473673424707e-07,-2.7582688139407825e-08,1.489956801650478e-07,3.376677419413418e-08
1874.0,-1.0226717464534296e-07,-2.174006928497648e-08,-1.0926825072532509e-07,-2.82465112409242e-08,1.496600334976362e-07,3.4542470039171194e-08
1875.0,-1.0271806125117244e-07,-2.216885311504303e-08,-1.0988942361622733e-07,-2.890242630046566e-08,1.5042169235155638e-07,3.5309085389355495e-08
1876.0,-1.0319090026911226e-07,-2.2592502437093776e-08,-1.1019181035687442e-07,-2.9550454165711642e-08,1.509655489443709e-07,3.60666491095869e-08
1877.0,-1.0366644268011704e-07,-2.3011024969192516e-08,-1.1049959901254791e-07,-3.0190621306757605e-08,1.5151532173309692e-07,3.681519386449882e-08
1878.0,-1.0409658049437276e-07,-2.3424428936788194e-08,-1.1078877981685054e-07,-3.082295948468384e-08,1.5202056375348704e-07,3.755475584762372e-08
1879.0,-1.0429604219153177e-07,-2.3832723062854196e-08,-1.106639717085578e-07,-3.144750540240762e-08,1.5206636397024247e-07,3.828537450196533e-08
1880.0,-1.0472279099449366e-07,-2.423591655893578e-08,-1.1100474914260694e-07,-3.20643003400017e-08,1.5260706826975447e-07,3.900709223337234e-08
1881.0,-1.0520795848401043e-07,-2.463401911694789e-08,-1.1118038799329266e-07,-3.267338977682785e-08,1.5306793655992217e-07,3.971995411823323e-08
1882.0,-1.0570610750604281e-07,-2.502704090158432e-08,-1.1159105792191149e-07,-3.3274823002949294e-08,1.5370863792321654e-07,4.0424007607099156e-08
1883.0,-1.0592331664560639e-07,-2.5414992543213717e-08,-1.115949360419588e-07,-3.386865272234785e-08,1.5386090718377516e-07,4.111930222588883e-08
1884.0,-1.0647824949527873e-07,-2.579788513115088e-08,-1.1204443256529473e-07,-3.445493465048206e-08,1.545689894010364e-07,4.180588927633794e-08
1885.0,-1.0675040726382257e-07,-2.6175730207205437e-08,-1.1233985591774243e-07,-3.503372710868557e-08,1.549706187592058e-07,4.248382153733144e-08
1886.0,-1.0704454725396495e-07,-2.6548539759425144e-08,-1.1278201290931822e-07,-3.56050906178242e-08,1.554937861545726e-07,4.3153152968702055e-08
1887.0,-1.0743839659599352e-07,-2.691632621596585e-08,-1.139780509418209e-07,-3.616908749350818e-08,1.566333462568374e-07,4.3813938418994725e-08
1888.0,-1.0760720250968525e-07,-2.7279102439033652e-08,-1.147413140056841e-07,-3.672578144500072e-08,1.5730505132293562e-07,4.446623333858783e-08
1889.0,-1.0814624212818202e-07,-2.763688171885361e-08,-1.1599558696895329e-07,-3.7275237179789785e-08,1.5858936245133018e-07,4.5110093499437444e-08
1890.0,-1.0845369180501052e-07,-2.7989677767623897e-08,-1.1686342561711971e-07,-3.781752001561533e-08,1.594341980664885e-07,4.5745574722582884e-08
1891.0,-1.0875856384928717e-07,-2.8337504713412103e-08,-1.176065199948173e-07,-3.8352695501589874e-08,1.6018651240304483e-07,4.637273261443586e-08
1892.0,-1.0922336407537259e-07,-2.8680377093945354e-08,-1.1828251252066213e-07,-3.888082904993075e-08,1.6099843486239853e-07,4.699162231278201e-08
1893.0,-1.0978157752306039e-07,-2.9018309850238998e-08,-1.1894830460879025e-07,-3.940198557973981e-08,1.618662841136389e-07,4.760229824335766e-08
1894.0,-1.1006204858610147e-07,-2.93513183200024e-08,-1.1943175023954034e-07,-3.991622917421742e-08,1.6241181454638485e-07,4.820481388782399e-08
1895.0,-1.1061786389654493e-07,-2.9679418230757455e-08,-1.1973580481272617e-07,-4.0423622752671906e-08,1.6301219208140782e-07,4.8799221563939495e-08
1896.0,-1.1096626539863763e-07,-3.000262569260904e-08,-1.200100338688559e-07,-4.092422775867313e-08,1.6345005440722502e-07,4.9385572218725816e-08
1897.0,-1.1112728354190082e-07,-3.032095719061899e-08,-1.200282121055496e-07,-4.1418103865690645e-08,1.6357275093565194e-07,4.996391523542511e-08
1898.0,-1.1147603465322398e-07,-3.06344295767562e-08,-1.203336665311916e-07,-4.190530870153972e-08,1.64033830665649e-07,5.0534298255050875e-08
1899.0,-1.1176012251756795e-07,-3.094306006142222e-08,-1.2048624548066655e-07,-4.238589759292297e-08,1.643388582629478e-07,5.109676701332742e-08
1900.0,-1.1204018005028793e-07,-3.12468662045798e-08,-1.2076940429650573e-07,-4.2859923331289766e-08,1.6473691438118474e-07,5.165136519378766e-08
1901.0,-1.1222930237919648e-07,-3.1545865906537756e-08,-1.2093148145375654e-07,-4.3327435961137005e-08,1.649843614380508e-07,5.219813429774611e-08
1902.0,-1.1251996934191766e-07,-3.1840077398466686e-08,-1.2120083166256013e-07,-4.378848259174216e-08,1.6537951837033002e-07,5.273711353178484e-08
1903.0,-1.1261856408539828e-07,-3.21295192327363e-08,-1.213204022937342e-07,-4.424310723315551e-08,1.655342290566228e-07,5.326833971328405e-08
1904.0,-1.1285854747966617e-07,-3.241421027317531e-08,-1.2160972333308262e-07,-4.469135065708391e-08,1.659095432709311e-07,5.379184719439712e-08
1905.0,-1.132361380773439e-07,-3.2694169685356704e-08,-1.2209123925743803e-07,-4.5133250283075835e-08,1.665193492363223e-07,5.430766780471197e-08
1906.0,-1.1355059406636947e-07,-3.2969416927003666e-08,-1.2258387696584272e-07,-4.5568840090167376e-08,1.6709441733583528e-07,5.4815830812656384e-08
1907.0,-1.1387264231554894e-07,-3.3239971738595954e-08,-1.2325283464675874e-07,-4.5998150553876877e-08,1.6780417133190162e-07,5.531636290549926e-08
1908.0,-1.1410982503345934e-07,-3.350585413423563e-08,-1.242894735048461e-07,-4.642120860815053e-08,1.6872737001825916e-07,5.580928818758112e-08
1909.0,-1.1426218068932847e-07,-3.376708439280949e-08,-1.2514226575832677e-07,-4.683803763157554e-08,1.6945923585042048e-07,5.6294628196187736e-08
1910.0,-1.1469481819847971e-07,-3.4023683049465304e-08,-1.2624147570361455e-07,-4.724865745690682e-08,1.7056321851269286e-07,5.6772401934272946e-08
1911.0,-1.1500089441840444e-07,-3.427567088739894e-08,-1.272952079439671e-07,-4.765308440271399e-08,1.7154963037713264e-07,5.724262591905345e-08
1912.0,-1.152967669670879e-07,-3.45230689299288e-08,-1.2816808937776702e-07,-4.805133132576305e-08,1.7239606610305887e-07,5.7705314245347865e-08
1913.0,-1.1560903534491018e-07,-3.476589843281383e-08,-1.2888231581964504e-07,-4.8443407692612203e-08,1.7313607476322033e-07,5.8160478662425617e-08
1914.0,-1.158590636762824e-07,-3.500418087675382e-08,-1.2937498797271907e-07,-4.8829319668828775e-08,1.7366983085408377e-07,5.860812866307191e-08
1915.0,-1.161053680143187e-07,-3.5237937959998586e-08,-1.2975793702019178e-07,-4.920907022422201e-08,1.7411943803457567e-07,5.904827158356416e-08
1916.0,-1.1647919206936308e-07,-3.546719159098471e-08,-1.3019883203513327e-07,-4.9582659252524326e-08,1.7469727544654043e-07,5.948091271328447e-08
1917.0,-1.1690615384085667e-07,-3.569196388091506e-08,-1.305801394790862e-07,-4.995008370402767e-08,1.752661451400117e-07,5.99060554127514e-08
1918.0,-1.1718265591209587e-07,-3.5912277136196125e-08,-1.3058588886616374e-07,-5.0311337729777956e-08,1.7545497775092825e-07,6.032370123893217e-08
1919.0,-1.1726502274767014e-07,-3.612815385065493e-08,-1.304006249508438e-07,-5.066641283603752e-08,1.7537220004203126e-07,6.073385007678666e-08
1920.0,-1.1741549241217619e-07,-3.633961669747156e-08,-1.306580962451287e-07,-5.1015298047834465e-08,1.7566427062096356e-07,6.113650027609059e-08
1921.0,-1.1749062681087885e-07,-3.654668852078537e-08,-1.307555331647725e-07,-5.1357980080515686e-08,1.7578696436771734e-07,6.15316487926791e-08
1922.0,-1.1775920838452691e-07,-3.674939232695719e-08,-1.3117311770116657e-07,-5.169444351829712e-08,1.7627710562292126e-07,6.191929133333098e-08
1923.0,-1.1795208290643622e-07,-3.6947751275490006e-08,-1.314682055858496e-07,-5.202467099885464e-08,1.7662554442076044e-07,6.229942250356941e-08
1924.0,-1.1819026884962724e-07,-3.7141788669623334e-08,-1.3158296133242153e-07,-5.234864340302625e-08,1.7687005219583306e-07,6.267203595768984e-08
1925.0,-1.1836374447238285e-07,-3.733152794662291e-08,-1.3138248702859734e-07,-5.266634004870857e-08,1.7683702639250382e-07,6.303712455034365e-08
1926.0,-1.183563890228001e-07,-3.751699266778967e-08,-1.3120277739253616e-07,-5.2977738888032355e-08,1.766986237015778e-07,6.339468048901472e-08
1927.0,-1.1865580562542277e-07,-3.7698206508212625e-08,-1.3174089594225613e-07,-5.328281670688987e-08,1.772987982821273e-07,6.374469548672166e-08
1928.0,-1.1896326806981605e-07,-3.787519324628845e-08,-1.3249699951090044e-07,-5.358154932585265e-08,1.7806659998226075e-07,6.408716091425684e-08
1929.0,-1.191284908497181e-07,-3.8047976753024516e-08,-1.3318706006126835e-07,-5.3873911801458007e-08,1.786907672486054e-07,6.442206795122861e-08
1930.0,-1.1937930521899176e-07,-3.821658098113416e-08,-1.3402521960304004e-07,-5.415987862676739e-08,1.7948308556577776e-07,6.474940773511562e-08
1931.0,-1.194543531313208e-07,-3.8381029953923917e-08,-1.3445642065013086e-07,-5.443942393003152e-08,1.798551404215827e-07,6.506917150748972e-08
1932.0,-1.1967903423837356e-07,-3.85413477539677e-08,-1.3479349507405924e-07,-5.471252167025765e-08,1.802563661858028e-07,6.538135075653439e-08
1933.0,-1.1992834256235874e-07,-3.8697558511560173e-08,-1.3540546850432378e-07,-5.497914582847391e-08,1.8087965128955188e-07,6.568593735498736e-08
1934.0,-1.2009569150261967e-07,-3.8849686392940476e-08,-1.3602703871629096e-07,-5.5239270593523394e-08,1.8145613899622055e-07,6.598292369266577e-08
1935.0,-1.2035196161885864e-07,-3.899775558827665e-08,-1.3643257709694545e-07,-5.549287054128954e-08,1.8192977425045408e-07,6.627230280278716e-08
1936.0,-1.205623869071637e-07,-3.914179029940265e-08,-1.3670746974725478e-07,-5.5739920806350606e-08,1.8227512562456023e-07,6.655406848137352e-08
1937.0,-1.206460430169809e-07,-3.9281814727304014e-08,-1.3668923554144286e-07,-5.598039724518327e-08,1.8231679793304635e-07,6.682821539912333e-08
1938.0,-1.2087775441704807e-07,-3.941785305935724e-08,-1.366279735875997e-07,-5.6214276590181216e-08,1.8242432589860932e-07,6.709473920525288e-08
1939.0,-1.210220372249715e-07,-3.954992945634104e-08,-1.3645684518448498e-07,-5.644153659391375e-08,1.8239189700144272e-07,6.73536366229376e-08
1940.0,-1.210907750737178e-07,-3.967806803925337e-08,-1.3653042037209406e-07,-5.6662156163207656e-08,1.824925518889317e-07,6.760490553611474e-08
1941.0,-1.2111624969612933e-07,-3.980229287598528e-08,-1.3680116413283816e-07,-5.687611548277755e-08,1.8271208074058724e-07,6.784854506752735e-08
1942.0,-1.2121783668495034e-07,-3.992262796791993e-08,-1.3707272229768197e-07,-5.708339612824677e-08,1.8298277276475162e-07,6.808455564798927e-08
1943.0,-1.2140594549125971e-07,-4.00390972365395e-08,-1.3735316385654617e-07,-5.728398116849286e-08,1.8331747113144984e-07,6.831293907693025e-08
1944.0,-1.2152541128962469e-07,-4.0151724510132805e-08,-1.3757484150500598e-07,-5.747785525732681e-08,1.835626939338164e-07,6.853369857434333e-08
1945.0,-1.2158409987139684e-07,-4.026053351070055e-08,-1.3758554730236572e-07,-5.766500471458345e-08,1.836095753713006e-07,6.874683882431089e-08
1946.0,-1.215933418396986e-07,-4.036554784115554e-08,-1.373318591346706e-07,-5.784541759676798e-08,1.8342568062605306e-07,6.895236601033653e-08
1947.0,-1.2178120809003268e-07,-4.0466790972912784e-08,-1.3735857258556639e-07,-5.801908375746982e-08,1.8357025931945552e-07,6.915028784275791e-08
1948.0,-1.2213064815025376e-07,-4.056428623395923e-08,-1.3765066866899822e-07,-5.8185994897812957e-08,1.8402065591292573e-07,6.934061357855512e-08
1949.0,-1.2216839070933183e-07,-4.065805679748487e-08,-1.3764379198921706e-07,-5.834614460725247e-08,1.8404056390284946e-07,6.952335403389382e-08
1950.0,-1.2211551203566984e-07,-4.07481256711473e-08,-1.3786935318393923e-07,-5.849952839504678e-08,1.841742566893962e-07,6.969852158974984e-08
1951.0,-1.2215772152157633e-07,-4.083451568703493e-08,-1.3824699036935062e-07,-5.8646143712737234e-08,1.844850651774455e-07,6.986613019095837e-08
1952.0,-1.2230556856174246e-07,-4.0917249492389515e-08,-1.384994490344349e-07,-5.878598996795865e-08,1.8477215559724663e-07,7.002619533902062e-08
1953.0,-1.225588867614924e-07,-4.0996349541143675e-08,-1.389037035531837e-07,-5.891906852989325e-08,1.852428664888531e-07,7.017873407898799e-08
1954.0,-1.2269946442211577e-07,-4.107183808631969e-08,-1.3941188176103125e-07,-5.904538272667368e-08,1.8571707338213634e-07,7.032376498073125e-08
1955.0,-1.2269338978132538e-07,-4.114373717332403e-08,-1.3964275170919027e-07,-5.916493783504452e-08,1.8588643307392502e-07,7.046130811489575e-08
1956.0,-1.226838978740652e-07,-4.12120686341613e-08,-1.3957774808170953e-07,-5.9277741062613314e-08,1.858313390070018e-07,7.059138502385096e-08
1957.0,-1.2271884716752446e-07,-4.12768540825849e-08,-1.3941718418619686e-07,-5.9383801523062906e-08,1.8573385985472375e-07,7.071401868796786e-08
1958.0,-1.2285186307137153e-07,-4.1338114910196134e-08,-1.3924937933285086e-07,-5.9483130204754405e-08,1.8569590707576517e-07,7.082923348759452e-08
1959.0,-1.2311596531144886e-07,-4.139587228349617e-08,-1.3929664105516437e-07,-5.957573993321145e-08,1.8590614600873524e-07,7.09370551611405e-08
1960.0,-1.2322529452379882e-07,-4.1450147141883506e-08,-1.3923965638817926e-07,-5.966164532802867e-08,1.8593588981575125e-07,7.103751075970949e-08
1961.0,-1.2324755530035425e-07,-4.150096019657726e-08,-1.3920990660221122e-07,-5.974086275477971e-08,1.8592836788319917e-07,7.113062859873404e-08
1962.0,-1.2327053250382747e-07,-4.1548331930437183e-08,-1.392684990941806e-07,-5.981341027251092e-08,1.8598747007183834e-07,7.121643820706633e-08
1963.0,-1.2326889786695716e-07,-4.159228259864827e-08,-1.393343425637461e-07,-5.987930757739874e-08,1.8603569603440536e-07,7.129497027396833e-08
1964.0,-1.2337488841662747e-07,-4.163283223023821e-08,-1.3968770221084448e-07,-5.993857594312575e-08,1.8637064479354266e-07,7.136625659442593e-08
1965.0,-1.2352507713919714e-07,-4.167000063039686e-08,-1.4014813988494357e-07,-5.999123815849644e-08,1.8681527184749728e-07,7.143033001318468e-08
1966.0,-1.2348198932810028e-07,-4.1703807383565644e-08,-1.400860890343747e-07,-6.003731846277728e-08,1.86740231416189e-07,7.148722436787448e-08
1967.0,-1.2338439853154526e-07,-4.173427185726227e-08,-1.397508344741505e-07,-6.007684247921447e-08,1.8642426220106812e-07,7.15369744315631e-08
1968.0,-1.2344837321820457e-07,-4.176141320660303e-08,-1.396534428377283e-07,-6.010983714716293e-08,1.863936290398676e-07,7.157961585505998e-08
1969.0,-1.236022862394215e-07,-4.1785250379481276e-08,-1.3970321229017646e-07,-6.01363306532496e-08,1.8653287294148983e-07,7.161518510927885e-08
1970.0,-1.237159434896995e-07,-4.1805802122353466e-08,-1.398014451564622e-07,-6.015635236197913e-08,1.8668175792342923e-07,7.164371942794991e-08
1971.0,-1.237324400715778e-07,-4.1823086986574026e-08,-1.3996179529240926e-07,-6.016993274616263e-08,1.8681279631636818e-07,7.166525675094306e-08
1972.0,-1.2363959669969837e-07,-4.18371233352094e-08,-1.4001221308734824e-07,-6.017710331751059e-08,1.8678910483666084e-07,7.16798356684243e-08
1973.0,-1.2361975140762205e-07,-4.1847929350253754e-08,-1.4009285505267588e-07,-6.017789655768377e-08,1.868364283936415e-07,7.168749536602572e-08
1974.0,-1.2370928897942335e-07,-4.1855523040162985e-08,-1.402927946869692e-07,-6.017234585005251e-08,1.8704559984365998e-07,7.168827557117045e-08
1975.0,-1.2376917260525921e-07,-4.185992224761726e-08,-1.4047209455358978e-07,-6.016048541237544e-08,1.8721970365232158e-07,7.168221650065845e-08
1976.0,-1.2378228303466798e-07,-4.186114465741267e-08,-1.4051333346865036e-07,-6.014235023057847e-08,1.8725931345529063e-07,7.166935880958846e-08
1977.0,-1.2377998162560466e-07,-4.185920780437065e-08,-1.404113576936039e-07,-6.011797599379435e-08,1.8718128437585902e-07,7.164974354166634e-08
1978.0,-1.2381755915003012e-07,-4.185412908114163e-08,-1.4029468949072754e-07,-6.00873990308134e-08,1.8711864646039654e-07,7.162341208093288e-08
1979.0,-1.2393899778695427e-07,-4.1845925745768976e-08,-1.402101421771329e-07,-6.005065624809695e-08,1.8713567041525376e-07,7.159040610493644e-08
1980.0,-1.2404345242633674e-07,-4.183461492886999e-08,-1.4001687687059672e-07,-6.000778506950748e-08,1.8706016117399426e-07,7.155076753937007e-08
1981.0,-1.240577248984298e-07,-4.182021364028367e-08,-1.398066678121035e-07,-5.995882337791032e-08,1.869123416783877e-07,7.150453851418751e-08
1982.0,-1.2405054716779773e-07,-4.1802738775032344e-08,-1.3979985555301333e-07,-5.990380945879378e-08,1.8690248223411428e-07,7.145176132120257e-08
1983.0,-1.2401813087592473e-07,-4.178220711844701e-08,-1.398194221513549e-07,-5.984278194603399e-08,1.868956061460429e-07,7.139247837316277e-08
1984.0,-1.240089067267025e-07,-4.1758635350315486e-08,-1.3982199963125108e-07,-5.977577976990075e-08,1.8689141373651594e-07,7.132673216426936e-08
1985.0,-1.2402424073854057e-07,-4.1732040047924197e-08,-1.3985477122224754e-07,-5.97028421073597e-08,1.8692610658866958e-07,7.125456523209277e-08
1986.0,-1.239843643030536e-07,-4.1702437687877755e-08,-1.3976630143519575e-07,-5.962400833468305e-08,1.8683345955290318e-07,7.117602012080757e-08
1987.0,-1.2387685077719368e-07,-4.1669844646592915e-08,-1.3951583768823106e-07,-5.9539317982339744e-08,1.865747655078895e-07,7.109113934564732e-08
1988.0,-1.2383000294602375e-07,-4.163427719937476e-08,-1.393529067972299e-07,-5.9448810692097926e-08,1.8642183955333584e-07,7.099996535845822e-08
1989.0,-1.2390483938862218e-07,-4.159575151799305e-08,-1.39358181786009e-07,-5.9352526176236424e-08,1.8647549987765842e-07,7.090254051420901e-08
1990.0,-1.2400188323380412e-07,-4.155428366668346e-08,-1.394183818115291e-07,-5.9250504178723065e-08,1.865849732225918e-07,7.079890703828923e-08
1991.0,-1.2400024138048416e-07,-4.1509889596503385e-08,-1.3947236908451455e-07,-5.9142784438173875e-08,1.8662422565268792e-07,7.068910699439785e-08
1992.0,-1.2387946052294652e-07,-4.1462585137976415e-08,-1.3952237810921364e-07,-5.902940665236123e-08,1.8658138903091766e-07,7.057318225279273e-08
1993.0,-1.2375416846843734e-07,-4.141238599196819e-08,-1.3958028052818428e-07,-5.8910410443997e-08,1.8654154745160925e-07,7.045117445864438e-08
1994.0,-1.237497795347764e-07,-4.13593077187482e-08,-1.3974404414196506e-07,-5.8785835327485964e-08,1.866612059536133e-07,7.032312500022254e-08
1995.0,-1.2382053179993413e-07,-4.130336572520536e-08,-1.3996973166618965e-07,-5.865572067632829e-08,1.8687709832380113e-07,7.018907497664e-08
1996.0,-1.2383329364706874e-07,-4.124457525019644e-08,-1.4002404183366401e-07,-5.8520105690852083e-08,1.8692623386490417e-07,7.00490651648871e-08
1997.0,-1.2374655444791216e-07,-4.1182951348015146e-08,-1.3976840926299694e-07,-5.8379029365980426e-08,1.8667730972359415e-07,6.990313598591295e-08
1998.0,-1.236434359896954e-07,-4.1118508869978555e-08,-1.3939117933514655e-07,-5.823253045878381e-08,1.863265953635736e-07,6.975132746955091e-08
1999.0,-1.2362896559259262e-07,-4.1051262444139786e-08,-1.3911161868274124e-07,-5.8080647455636584e-08,1.8610793531181537e-07,6.959367921814355e-08
2000.0,-1.23692362186123e-07,-4.0981226453149115e-08,-1.3890336825195249e-07,-5.792341853887307e-08,1.8599447888289736e-07,6.943023036878922e-08
2001.0,-1.236943599491891e-07,-4.090841501030009e-08,-1.3859150359285533e-07,-5.7760881552914245e-08,1.8576301987039288e-07,6.926101955419826e-08
2002.0,-1.2358004278234525e-07,-4.0832841933811246e-08,-1.3820749569792845e-07,-5.759307396989857e-08,1.854004823110749e-07,6.908608486220273e-08
2003.0,-1.2344235070238518e-07,-4.0754520719410145e-08,-1.3792588633709801e-07,-5.7420032854898175e-08,1.8509879542775186e-07,6.890546379401048e-08
2004.0,-1.2335309101940695e-07,-4.067346451130536e-08,-1.3780850274813794e-07,-5.7241794830833447e-08,1.8495180046089208e-07,6.871919322133056e-08
2005.0,-1.233252168442167e-07,-4.0589686071652854e-08,-1.378004109431341e-07,-5.7058396043214034e-08,1.849271812518909e-07,6.852730934252244e-08
2006.0,-1.233165170810846e-07,-4.0503197748642026e-08,-1.377829881715753e-07,-5.686987212483591e-08,1.8490839681987915e-07,6.832984763793485e-08
2007.0,-1.2322341966242156e-07,-4.0414011443342445e-08,-1.3755624052314008e-07,-5.667625816055589e-08,1.8467736856518513e-07,6.812684282460577e-08
2008.0,-1.230956054587562e-07,-4.032213857546539e-08,-1.3723587241609714e-07,-5.647758865225727e-08,1.8435349945435008e-07,6.791832881049737e-08
2009.0,-1.2298651380637793e-07,-4.0227590048207136e-08,-1.3696902792514898e-07,-5.627389748411706e-08,1.8408203928956954e-07,6.770433864844646e-08
2010.0,-1.2293102444327353e-07,-4.013037621235355e-08,-1.3681130064946423e-07,-5.6065217888286243e-08,1.8392761825259088e-07,6.748490449002052e-08
2011.0,-1.2288658693404564e-07,-4.003050682983621e-08,-1.367102400173792e-07,-5.585158241109508e-08,1.8382274879325515e-07,6.72600575394774e-08
2012.0,-1.2283001038504437e-07,-3.992799103693903e-08,-1.3668156954860233e-07,-5.5633022879890976e-08,1.8376360604172831e-07,6.702982800802923e-08
2013.0,-1.227211079146695e-07,-3.982283730736016e-08,-1.3666805424861206e-07,-5.540957037060862e-08,1.836807757494113e-07,6.679424506860969e-08
2014.0,-1.2259145482085287e-07,-3.9715053415339365e-08,-1.3664235294641447e-07,-5.518125517616545e-08,1.8357504572742372e-07,6.655333681134285e-08
2015.0,-1.2249777536776918e-07,-3.9604646399066784e-08,-1.3659631500906322e-07,-5.494810677577717e-08,1.834782228061621e-07,6.630713019991717e-08
2016.0,-1.224546891942513e-07,-3.9491622524593814e-08,-1.36575458137278e-07,-5.471015380530351e-08,1.8343392998861486e-07,6.605565102908316e-08
2017.0,-1.223492157309547e-07,-3.937598725047106e-08,-1.3630121076246837e-07,-5.446742402876615e-08,1.8315935860690962e-07,6.579892388352009e-08
2018.0,-1.2227089171701344e-07,-3.925774519333987e-08,-1.3597070856741222e-07,-5.421994431122999e-08,1.8286116194970918e-07,6.553697209835521e-08
2019.0,-1.2218261075114256e-07,-3.9136900094704944e-08,-1.3556105786516337e-07,-5.3967740593302395e-08,1.8249764595601608e-07,6.5269817721667e-08
2020.0,-1.2208560909443555e-07,-3.9013454789116076e-08,-1.3513057538216966e-07,-5.371083786757665e-08,1.821130647457111e-07,6.499748147935763e-08
2021.0,-1.2199574087046194e-07,-3.888741117398805e-08,-1.3467776402431575e-07,-5.344926015741678e-08,1.8171698025534702e-07,6.471998274283418e-08
2022.0,-1.2189180634281094e-07,-3.875877018128871e-08,-1.3420541591924184e-07,-5.318303049854232e-08,1.8129728656427823e-07,6.443733949998365e-08
2023.0,-1.2173575200669084e-07,-3.862753175132664e-08,-1.337327103362318e-07,-5.2912170923915645e-08,1.8084255895808655e-07,6.414956832996197e-08
2024.0,-1.2156613413139006e-07,-3.849369480887094e-08,-1.333110285911543e-07,-5.263670245245809e-08,1.804166159523082e-07,6.385668438233448e-08
2025.0,-1.214549238404139e-07,-3.835725724183588e-08,-1.3310566988888883e-07,-5.235664508212127e-08,1.8018994944682844e-07,6.355870136110692e-08
2026.0,-1.213211340833631e-07,-3.82182158827614e-08,-1.3287572538100978e-07,-5.207201778781756e-08,1.7992991960983836e-07,6.325563151416751e-08
2027.0,-1.2116424275010473e-07,-3.807656649331509e-08,-1.3252963822207864e-07,-5.178283852467107e-08,1.7956859059557537e-07,6.294748562862635e-08
2028.0,-1.2102041463402102e-07,-3.7932303752032345e-08,-1.3218245609181167e-07,-5.148912423699462e-08,1.7921535217903094e-07,6.263427303249077e-08
2029.0,-1.2087626230505855e-07,-3.778542124549857e-08,-1.3186493302841384e-07,-5.119089087333441e-08,1.78883848771848e-07,6.231600160305987e-08
2030.0,-1.2074723487742745e-07,-3.7635911463161965e-08,-1.3159511047522443e-07,-5.0888153407855666e-08,1.7859778226935282e-07,6.199267778236051e-08
2031.0,-1.2064952414903019e-07,-3.7483765795945625e-08,-1.3141271880401373e-07,-5.058092586826945e-08,1.7839733837938896e-07,6.16643065998796e-08
2032.0,-1.2053577269632854e-07,-3.7328974538806626e-08,-1.312628164218399e-07,-5.0269221370422535e-08,1.7820998702231764e-07,6.133089170277586e-08
2033.0,-1.2035806820631656e-07,-3.7171526897365417e-08,-1.3103796221713981e-07,-4.9953052159591874e-08,1.77924175210613e-07,6.099243539367815e-08
2034.0,-1.2017744729919677e-07,-3.701141099870472e-08,-1.3086530958883458e-07,-4.9632429658446486e-08,1.7767483809794997e-07,6.064893867610338e-08
2035.0,-1.200480385099567e-07,-3.684861390641213e-08,-1.3080339632265403e-07,-4.9307364521567826e-08,1.7754171352003268e-07,6.030040130745695e-08
2036.0,-1.199306496058039e-07,-3.668312163991528e-08,-1.3067938021971148e-07,-4.897786669635772e-08,1.7737097036854152e-07,5.994682185951579e-08
2037.0,-1.1981168124286512e-07,-3.651491919813107e-08,-1.3044371946491218e-07,-4.864394549011418e-08,1.7711691875730739e-07,5.95881977862398e-08
2038.0,-1.1968037352816374e-07,-3.6343990587421506e-08,-1.301031402473063e-07,-4.83056096430215e-08,1.767773144666788e-07,5.922452549871214e-08
2039.0,-1.1951457890013728e-07,-3.6170318853819694e-08,-1.2962439473185317e-07,-4.7962867406783203e-08,1.763128420713489e-07,5.885580044697692e-08
2040.0,-1.194037274054871e-07,-3.599388611946041e-08,-1.2919601885541532e-07,-4.761572662862327e-08,1.7592288482858818e-07,5.848201720851965e-08
2041.0,-1.1930499976831044e-07,-3.5814673623123293e-08,-1.2879998398385162e-07,-4.726419484038365e-08,1.755651413121551e-07,5.8103169583120435e-08
2042.0,-1.1919290615614031e-07,-3.5632661764770894e-08,-1.2836469771848602e-07,-4.690827935244898e-08,1.7516975908616408e-07,5.771925069379405e-08
2043.0,-1.1903028968029972e-07,-3.544783015394094e-08,-1.2789638947907633e-07,-4.6547987352225125e-08,1.7471604477883437e-07,5.733025309351212e-08
2044.0,-1.1885965911506702e-07,-3.52601576618316e-08,-1.2749549217760947e-07,-4.6183326006884e-08,1.7430639429051594e-07,5.6936168877378586e-08
2045.0,-1.1866966320717154e-07,-3.506962247690234e-08,-1.270947325993088e-07,-4.581430257006362e-08,1.7388375433085557e-07,5.653698979990066e-08
2046.0,-1.1850950915048841e-07,-3.487620216379899e-08,-1.267821890249543e-07,-4.5440924492178776e-08,1.7354603773364847e-07,5.613270739696371e-08
2047.0,-1.1836584684621343e-07,-3.467987372540046e-08,-1.2653818856622756e-07,-4.5063199533955546e-08,1.7326969401843884e-07,5.572331311207946e-08
2048.0,-1.182338405236738e-07,-3.4480613667772236e-08,-1.2629226991967002e-07,-4.468113588275471e-08,1.7299993782207068e-07,5.5308798426433587e-08
2049.0,-1.1803659513698328e-07,-3.4278398067801386e-08,-1.2591176382081848e-07,-4.4294742271199374e-08,1.7258739832328918e-07,5.4889154992214823e-08
2050.0,-1.1788122167288861e-07,-3.407320264327714e-08,-1.2562282797334845e-07,-4.390402809757571e-08,1.7227036115105293e-07,5.446437476866678e-08
2051.0,-1.1770248273257344e-07,-3.3865002825173336e-08,-1.253077851759432e-07,-4.350900354743598e-08,1.719183395310462e-07,5.4034450160268676e-08
2052.0,-1.1751034509344116e-07,-3.3653773831882554e-08,-1.2503192151069875e-07,-4.310967971580109e-08,1.715857295949671e-07,5.3599374156424264e-08
2053.0,-1.1733011864856202e-07,-3.343949074514795e-08,-1.2481986381984722e-07,-4.2706068729335695e-08,1.7130777900051956e-07,5.315914047201724e-08
2054.0,-1.1712887490467061e-07,-3.32221285874353e-08,-1.2458787555791329e-07,-4.2298183867852105e-08,1.7100091249016207e-07,5.271374368817728e-08
2055.0,-1.1691934259649983e-07,-3.300166240048637e-08,-1.2432432912323765e-07,-4.18860396844924e-08,1.7066537869509686e-07,5.226317939259476e-08
2056.0,-1.1671443236882517e-07,-3.277806732479287e-08,-1.240002662494799e-07,-4.1469652123943785e-08,1.7028894489402115e-07,5.1807444318725466e-08
2057.0,-1.1652857936916838e-07,-3.255131867972981e-08,-1.236814343996695e-07,-4.104903863806215e-08,1.699294177738402e-07,5.134653648324058e-08
2058.0,-1.1631752164231735e-07,-3.2321392044085624e-08,-1.232365763464971e-07,-4.0624218298313196e-08,1.694609677495587e-07,5.0880455321102275e-08
2059.0,-1.1612615896661183e-07,-3.2088263336725504e-08,-1.2276633906682655e-07,-4.019521190448859e-08,1.6898774749729586e-07,5.040920181767903e-08
2060.0,-1.1593353449468324e-07,-3.1851908897123687e-08,-1.22265252394671e-07,-3.9762042089210723e-08,1.6849147267313712e-07,4.9932778637356377e-08
2061.0,-1.1572155375616511e-07,-3.161230556549997e-08,-1.2169304859643848e-07,-3.932473341780115e-08,1.679305692256063e-07,4.945119024814308e-08
2062.0,-1.1551224235462065e-07,-3.136943076229679e-08,-1.2115526294709245e-07,-3.888331248314816e-08,1.6739676183717452e-07,4.8964443041818036e-08
2063.0,-1.1526975721154464e-07,-3.112326256673526e-08,-1.205588805175406e-07,-3.8437807995263976e-08,1.6679796341457854e-07,4.8472545449205604e-08
2064.0,-1.1503136390644819e-07,-3.087377979419246e-08,-1.20026722810751e-07,-3.798825086526729e-08,1.6624869584711503e-07,4.797550805020247e-08
2065.0,-1.148103752068863e-07,-3.062096207214689e-08,-1.1957286955022184e-07,-3.753467428355951e-08,1.6576819172452955e-07,4.7473343678207566e-08
2066.0,-1.1458796436714103e-07,-3.036478991444368e-08,-1.1919694666018277e-07,-3.7077113791982484e-08,1.653430182103727e-07,4.6966067518624215e-08
2067.0,-1.1436674404730063e-07,-3.0105244793636165e-08,-1.1882926173600872e-07,-3.661560734975234e-08,1.649246664047123e-07,4.64536972011137e-08
2068.0,-1.1412250847109284e-07,-2.9842309211165346e-08,-1.183683807498559e-07,-3.615019539296221e-08,1.6442329671028224e-07,4.59362528852816e-08
2069.0,-1.1387574333499018e-07,-2.9575966765143098e-08,-1.1788860956873926e-07,-3.5680920887441535e-08,1.6390670878932077e-07,4.5413757339479705e-08
2070.0,-1.136654954048133e-07,-2.9306202215511575e-08,-1.1747725169042322e-07,-3.520782937475472e-08,1.634648265234961e-07,4.4886236012408005e-08
2071.0,-1.1340605013399063e-07,-2.9033001546357056e-08,-1.1703056905509879e-07,-3.473096901111978e-08,1.6296345081138114e-07,4.4353717097205184e-08
2072.0,-1.1321512202733253e-07,-2.8756352025164362e-08,-1.167084713038502e-07,-3.425039059902615e-08,1.6259929621540625e-07,4.381623158772182e-08
2073.0,-1.1293496193776065e-07,-2.847624225880604e-08,-1.162952203703771e-07,-3.3766147611331025e-08,1.6210763063125071e-07,4.327381332667785e-08
2074.0,-1.1268982030854247e-07,-2.8192662246070646e-08,-1.1604361969952404e-07,-3.327829620761588e-08,1.6175635157278786e-07,4.272649904541589e-08
2075.0,-1.1238592506623846e-07,-2.790560342654571e-08,-1.157220156644545e-07,-3.2786895242592616e-08,1.613139208575578e-07,4.217432839497725e-08
2076.0,-1.1213020520428607e-07,-2.76150587256845e-08,-1.1545486018615936e-07,-3.229200626636503e-08,1.609441134672558e-07,4.1617343968250146e-08
2077.0,-1.1181152137496042e-07,-2.732102259589906e-08,-1.1501754859644109e-07,-3.179369351637934e-08,1.604083937869771e-07,4.1055591312971056e-08
2078.0,-1.115418633013121e-07,-2.7023491053535755e-08,-1.1453584862486377e-07,-3.129202390094063e-08,1.5987510090363133e-07,4.048911893540216e-08
2079.0,-1.1126517390769308e-07,-2.6722461711601677e-08,-1.1392163373757924e-07,-3.0787066974229963e-08,1.5924219779363865e-07,3.9917978294560135e-08
2080.0,-1.1101256527923375e-07,-2.6417933808120863e-08,-1.1328915652808469e-07,-3.027889490282664e-08,1.5861343775582512e-07,3.9342223786930425e-08
2081.0,-1.1072953967627974e-07,-2.610990823000848e-08,-1.1258057186491754e-07,-2.9767582423815785e-08,1.5790951877056897e-07,3.876191272166424e-08
2082.0,-1.1045045281155019e-07,-2.5798387532359656e-08,-1.1187001018597709e-07,-2.9253206794634444e-08,1.5720751160579792e-07,3.81771052863156e-08
2083.0,-1.1017754661390988e-07,-2.5483375953058332e-08,-1.1118219815642316e-07,-2.8735847734871826e-08,1.5652658868305547e-07,3.758786450322859e-08
2084.0,-1.0990330626126088e-07,-2.5164879422620837e-08,-1.1053808048056002e-07,-2.8215587360285934e-08,1.5587624566778373e-07,3.699425617672728e-08
2085.0,-1.0963956437182176e-07,-2.484290556919956e-08,-1.099707630791702e-07,-2.7692510109324992e-08,1.552881283545456e-07,3.6396348831288936e-08
2086.0,-1.0933888666686542e-07,-2.4517463718683784e-08,-1.0942064070096347e-07,-2.7166702662447023e-08,1.546863560530113e-07,3.579421364089522e-08
2087.0,-1.090291376348862e-07,-2.4188564889848027e-08,-1.0895743964012272e-07,-2.6638253854517388e-08,1.5413979533636973e-07,3.518792434975835e-08
2088.0,-1.0869826930215432e-07,-2.3856221784513213e-08,-1.0845853193330868e-07,-2.6107254580534748e-08,1.5355314030788235e-07,3.457755718461096e-08
2089.0,-1.0843198469667747e-07,-2.352044877270254e-08,-1.0812660050651957e-07,-2.5573797694897283e-08,1.5313019637666824e-07,3.396319075873508e-08
2090.0,-1.0812803422077799e-07,-2.318126187279075e-08,-1.0770808728244319e-07,-2.5037977904377533e-08,1.5261947402114887e-07,3.3344905967888996e-08
2091.0,-1.0786128926132399e-07,-2.2838678726662965e-08,-1.073935757545108e-07,-2.44998916549315e-08,1.5220853403950404e-07,3.272278587827517e-08
2092.0,-1.0752778711875521e-07,-2.2492718569916584e-08,-1.0698909859441219e-07,-2.3959637012430927e-08,1.5168682283145492e-07,3.2096915606680727e-08
2093.0,-1.0717744386434802e-07,-2.21434021971588e-08,-1.0655437809869994e-07,-2.3417313537380427e-08,1.511318628393635e-07,3.146738219291866e-08
2094.0,-1.0679443371297559e-07,-2.179075192247261e-08,-1.0608053921390415e-07,-2.28730221536671e-08,1.5052618334358908e-07,3.083427446470417e-08
2095.0,-1.0645582437796008e-07,-2.1434791535145774e-08,-1.0568187749915303e-07,-2.2326865011389726e-08,1.5000500583559558e-07,3.0197682895118e-08
2096.0,-1.0611705761331969e-07,-2.1075546250778137e-08,-1.0529454612384637e-07,-2.1778945343826117e-08,1.4949171000405147e-07,2.9557699452832826e-08
2097.0,-1.057819557781503e-07,-2.0713042657901255e-08,-1.0482305784487167e-07,-2.1229367318618996e-08,1.4892177686355967e-07,2.891441744530995e-08
2098.0,-1.0542012054970407e-07,-2.0347308660260418e-08,-1.0424033451694736e-07,-2.067823588329244e-08,1.482546766780705e-07,2.8267931355208626e-08
2099.0,-1.0505283240536123e-07,-1.997837341492237e-08,-1.0354617990815385e-07,-2.0125656605251357e-08,1.4750562351978543e-07,2.7618336670289892e-08
2100.0,-1.0469531411261279e-07,-1.9606267266383626e-08,-1.0281183086824353e-07,-1.9571735506464405e-08,1.4673575352864404e-07,2.696572970714072e-08
2101.0,-1.0437954367503721e-07,-1.9231021676864262e-08,-1.0217498859488305e-07,-1.9016578893080324e-08,1.46064429044766e-07,2.6310207429087123e-08
2102.0,-1.0406603118129354e-07,-1.885266915298027e-08,-1.015647716207102e-07,-1.8460293180271738e-08,1.454136915155962e-07,2.565186725870352e-08
2103.0,-1.0373281322806349e-07,-1.8471243168994255e-08,-1.0100083470965249e-07,-1.790298471263261e-08,1.4478143925329256e-07,2.499080688535379e-08
2104.0,-1.033225069391186e-07,-1.808677808685068e-08,-1.0030507503755448e-07,-1.734475958047334e-08,1.4400225178264971e-07,2.4327124068217654e-08
2105.0,-1.0301249120381328e-07,-1.7699309073209085e-08,-9.98726976675357e-08,-1.678572343236188e-08,1.4347867117940108e-07,2.3660916435264988e-08
2106.0,-1.0256415144960229e-07,-1.730887201369726e-08,-9.919957005832813e-08,-1.622598128425283e-08,1.4268833120593327e-07,2.2992281278643166e-08
2107.0,-1.0233906541645688e-07,-1.6915503424615176e-08,-9.902543081363735e-08,-1.5665637325531818e-08,1.4240547832910192e-07,2.232131534693892e-08
2108.0,-1.01869264912402e-07,-1.6519240362329332e-08,-9.840523924886657e-08,-1.5104794722282248e-08,1.416366416059764e-07,2.164811463476841e-08
2109.0,-1.0159916838392569e-07,-1.612012033060524e-08,-9.816414441032872e-08,-1.4543555418059737e-08,1.4127487485082815e-07,2.097277417014028e-08
2110.0,-1.0116017123973364e-07,-1.5718181186134256e-08,-9.763707822796341e-08,-1.3982019932442239e-08,1.4059295604739834e-07,2.029538780002997e-08
2111.0,-1.008420267012422e-07,-1.5313461042519788e-08,-9.725811189742473e-08,-1.3420287157615103e-08,1.4010087322735014e-07,1.961604797460313e-08
2112.0,-1.0048730628153812e-07,-1.4905998172998192e-08,-9.685106051871006e-08,-1.2858454153253133e-08,1.3956298451709354e-07,1.8934845530535034e-08
2113.0,-1.0004898304272203e-07,-1.4495830912180003e-08,-9.623246303991362e-08,-1.2296615939976725e-08,1.3881817586545077e-07,1.8251869473889263e-08
2114.0,-9.973818468345108e-08,-1.4082997557108568e-08,-9.587272221944776e-08,-1.1734865291685965e-08,1.3834480239502166e-07,1.7567206763044728e-08
2115.0,-9.925635016672096e-08,-1.3667536267945444e-08,-9.51606335813926e-08,-1.1173292527112941e-08,1.3750406987442514e-07,1.688094209219241e-08
2116.0,-9.890340277318721e-08,-1.324948496860409e-08,-9.475262224833969e-08,-1.0611985300976728e-08,1.3696693945274478e-07,1.619315767596105e-08
2117.0,-9.85075638004762e-08,-1.2828881247665691e-08,-9.421163515987985e-08,-1.0051028395173465e-08,1.363069049072834e-07,1.5503933035770472e-08
2118.0,-9.798351593981458e-08,-1.2405762259921882e-08,-9.357225373707312e-08,-9.49050351048392e-09,1.3548629475103043e-07,1.4813344788551793e-08
2119.0,-9.76831306953585e-08,-1.198016462889843e-08,-9.321416929997106e-08,-8.930489059330742e-09,1.3502175891585088e-07,1.4121466438511724e-08
2120.0,-9.714267021343481e-08,-1.1552124350720837e-08,-9.246120374895028e-08,-8.371059960167086e-09,1.3411104568565952e-07,1.3428368172654535e-08
2121.0,-9.681505216962982e-08,-1.112167669968675e-08,-9.189832211875526e-08,-7.812287434126309e-09,1.334857892618186e-07,1.2734116660807633e-08
2122.0,-9.646799811746654e-08,-1.0688856135910458e-08,-9.131241315851746e-08,-7.254238804608352e-09,1.3283083775096549e-07,1.2038774860925353e-08
2123.0,-9.595838595943817e-08,-1.0253696215402394e-08,-9.043021147181474e-08,-6.696977300520252e-09,1.318545978825829e-07,1.1342401830468088e-08
2124.0,-9.567754788442073e-08,-9.816229502941946e-09,-8.997414102651646e-08,-6.140561863921634e-09,1.3133750120447357e-07,1.064505254466989e-08
2125.0,-9.510273152324444e-08,-9.376487488097151e-09,-8.922563687896456e-08,-5.585046962849504e-09,1.3040607278665803e-07,9.946777722515287e-09
2126.0,-9.479953261282148e-08,-8.934500504739813e-09,-8.889773803200107e-08,-5.0304824101050345e-09,1.299606063806094e-07,9.247623661243245e-09
2127.0,-9.439269008093554e-08,-8.490297654399388e-09,-8.845177934535542e-08,-4.476913188779606e-09,1.2935879255031328e-07,8.547632080183633e-09
2128.0,-9.391113478529611e-08,-8.043906733792595e-09,-8.786908849145458e-08,-3.924379285280959e-09,1.2860901192755168e-07,7.846839974710163e-09
2129.0,-9.352007837581944e-08,-7.595354166858966e-09,-8.733123441073687e-08,-3.372915530598001e-09,1.279560454340571e-07,7.145279481067335e-09
2130.0,-9.299854217270642e-08,-7.144664941624618e-09,-8.663625492011384e-08,-2.8225514505207085e-09,1.271006275076233e-07,6.44297775280211e-09
2131.0,-9.251233340501486e-08,-6.691862552208701e-09,-8.598536753445796e-08,-2.2733111255098545e-09,1.2630128765011245e-07,5.739956849504043e-09
2132.0,-9.226912969784173e-08,-6.236968946276325e-09,-8.59027756427988e-08,-1.725213060887318e-09,1.2606696299322105e-07,5.036233638526577e-09
2133.0,-9.16893676816688e-08,-5.780004478228612e-09,-8.529809597535021e-08,-1.1782700679878927e-09,1.2523060857028648e-07,4.331819710325116e-09
2134.0,-9.139418272186006e-08,-5.320987868403844e-09,-8.503625309463914e-08,-6.324891568785807e-10,1.2483613649810006e-07,3.6267213080046157e-09
2135.0,-9.08787636533237e-08,-4.859936168545734e-09,-8.443872909214001e-08,-8.787144121686729e-11,1.2405179826932168e-07,2.9209392716250305e-09
2136.0,-9.039398410348731e-08,-4.396864733776876e-09,-8.373630865088355e-08,4.555879442081122e-10,1.2321867451233822e-07,2.2144689977731005e-09
2137.0,-9.000987785667824e-08,-3.931787201298043e-09,-8.328818199010435e-08,9.97899912726577e-10,1.2263237488930433e-07,1.5073004148761266e-09
2138.0,-8.943466967004099e-08,-3.464715476016239e-09,-8.260335489229664e-08,1.5390814813201964e-09,1.217451205529489e-07,7.994179747018823e-10
2139.0,-8.911552693002811e-08,-2.9956597232847437e-09,-8.233646146826867e-08,2.079155811939947e-09,1.2132959254498573e-07,9.080066045643059e-11
2140.0,-8.869355000440393e-08,-2.524628368916609e-09,-8.191488246045431e-08,2.6181522381344585e-09,1.207335652620834e-07,-6.185779881470361e-10
2141.0,-8.816990557103388e-08,-2.0516281066089345e-09,-8.126171653632941e-08,3.15610627653876e-09,1.1990579144826902e-07,-1.3287498325182644e-09
2142.0,-8.77327103188108e-08,-1.576663912890217e-09,-8.081107547019961e-08,3.693059622799008e-09,1.192789100324725e-07,-2.0397520752331263e-09
2143.0,-8.718869090595938e-08,-1.0997390696784831e-09,-8.013269081619256e-08,4.22906013153168e-09,1.18419238130206e-07,-2.751627182246405e-09
2144.0,-8.676378765448689e-08,-6.208551945129896e-10,-7.94847700297252e-08,4.7641617799367086e-09,1.176681074668544e-07,-3.464422787071759e-09
2145.0,-8.638237550262495e-08,-1.4001227849589204e-10,-7.897934627132397e-08,5.298424614706588e-09,1.1704551223742923e-07,-4.178191576770119e-09
2146.0,-8.592194067347236e-08,3.4279126804871597e-10,-7.829089576638637e-08,5.831914681902959e-09,1.1624131902640679e-07,-4.892991159637113e-09
2147.0,-8.549688529368993e-08,8.275585622217027e-10,-7.771875840112408e-08,6.364703939510753e-09,1.1554186601546067e-07,-5.608883914537671e-09
2148.0,-8.502759682449401e-08,1.3142941875554967e-09,-7.723159263506307e-08,6.896870152429982e-09,1.1486692788917545e-07,-6.325936821900357e-09
2149.0,-8.448522018089655e-08,1.8030041254626816e-09,-7.664159883125077e-08,7.428496769725287e-09,1.1406878232200495e-07,-7.044221276454277e-09
2150.0,-8.41076343849334e-08,2.293695679235154e-09,-7.631931919771517e-08,7.95967278402363e-09,1.1357258755805632e-07,-7.76381288186573e-09
2151.0,-8.364654316417308e-08,2.786377390727822e-09,-7.576044915025282e-08,8.49049257302775e-09,1.1285561500768986e-07,-8.484791227510782e-09
2152.0,-8.31773034892791e-08,3.281058949885531e-09,-7.516831290743653e-08,9.021055723193535e-09,1.1211038792680155e-07,-9.207239647700179e-09
2153.0,-8.270463106030412e-08,3.7777510972970675e-09,-7.46036332988087e-08,9.551466835700749e-09,1.1138113888897052e-07,-9.931244963753495e-09
2154.0,-8.216735786215068e-08,4.276465519983472e-09,-7.400574507376856e-08,1.0081835314927031e-08,1.1058175709388215e-07,-1.0656897209397904e-08
2155.0,-8.165619319600026e-08,4.77721474065031e-09,-7.364832271816724e-08,1.0612275139716663e-08,1.0996276336315774e-07,-1.13842893400454e-08
2156.0,-8.123534525616982e-08,5.280012000655483e-09,-7.341499098922899e-08,1.1142904617820581e-08,1.0949402824281189e-07,-1.2113516926581202e-08
2157.0,-8.098364936981461e-08,5.784871136966757e-09,-7.338121452149515e-08,1.1673846123971969e-08,1.0928473868707728e-07,-1.2844677834378503e-08
2158.0,-8.052010685988265e-08,6.291806453406803e-09,-7.277377779557614e-08,1.2205225822145736e-08,1.0853345264648504e-07,-1.3577871888333168e-08
2159.0,-7.997296477824101e-08,6.800832586504952e-09,-7.199339382979453e-08,1.2737173372621262e-08,1.0760447876623757e-07,-1.431320052478068e-08
2160.0,-7.942664559390522e-08,7.311964366290487e-09,-7.148456596106634e-08,1.326982162451893e-08,1.0685801421017456e-07,-1.5050766431208024e-08
2161.0,-7.878349844725463e-08,7.825216672370603e-09,-7.095097094567127e-08,1.3803306294515365e-08,1.0602301592447774e-07,-1.5790673174705545e-08
2162.0,-7.841900981353511e-08,8.340604285640445e-09,-7.079320185621185e-08,1.4337765632470211e-08,1.0564666832981376e-07,-1.653302482012889e-08
2163.0,-7.808573290746246e-08,8.85814173597696e-09,-7.066727054916289e-08,1.4873340074726629e-08,1.0531497904174956e-07,-1.727792553896652e-08
2164.0,-7.76116656497905e-08,9.377843146276432e-09,-7.035914190156589e-08,1.541017188587691e-08,1.0475676347644364e-07,-1.8025479209935337e-08
2165.0,-7.69063825400984e-08,9.899722073204454e-09,-6.959658381544553e-08,1.5948404789803254e-08,1.0372211024745056e-07,-1.8775789012346836e-08
2166.0,-7.62727249137285e-08,1.042379134503288e-08,-6.87704202612105e-08,1.6488183590802212e-08,1.0269809768768266e-07,-1.9528957013289618e-08
2167.0,-7.573421190176788e-08,1.0950062896940546e-08,-6.800510038429408e-08,1.702965378557932e-08,1.017858758898296e-07,-2.0285083749660143e-08
2168.0,-7.533268947534921e-08,1.1478547604157242e-08,-6.750620983042577e-08,1.7572961166868275e-08,1.0115385543447597e-07,-2.104426780605279e-08
2169.0,-7.503377361106622e-08,1.2009255113339006e-08,-6.700689379746105e-08,1.8118251419402853e-08,1.0059816598080187e-07,-2.1806605389506196e-08
2170.0,-7.466857684934602e-08,1.2542193672577215e-08,-6.640515057276808e-08,1.866566970895882e-08,9.992517396181352e-08,-2.2572189902103306e-08
2171.0,-7.403942070549618e-08,1.3077369960458977e-08,-6.531605414861197e-08,1.921536026518719e-08,9.873207557805046e-08,-2.334111151243181e-08
2172.0,-7.34385998124587e-08,1.3614788914604987e-08,-6.44655645809511e-08,1.9767465958975273e-08,9.771917395862102e-08,-2.4113456726923227e-08
2173.0,-7.28208609801495e-08,1.4154453560109468e-08,-6.37837957312426e-08,2.0322127875098394e-08,9.680521882509818e-08,-2.4889307962099002e-08
2174.0,-7.238680230226002e-08,1.4696364838299278e-08,-6.357072736273839e-08,2.0879484880969885e-08,9.633839590201869e-08,-2.5668743118768853e-08
2175.0,-7.199742541041942e-08,1.5240521436220605e-08,-6.333880786524304e-08,2.143967319236648e-08,9.58928247968485e-08,-2.6451835159258322e-08
2176.0,-7.14819439195935e-08,1.5786919617256627e-08,-6.291845827677278e-08,2.2002825937095988e-08,9.522815076672395e-08,-2.723865168878904e-08
2177.0,-7.084648248611991e-08,1.6335553053275902e-08,-6.253408187106846e-08,2.2569072717669524e-08,9.449727761218091e-08,-2.8029254542185555e-08
2178.0,-7.014106856439994e-08,1.6886412658705444e-08,-6.225108270530022e-08,2.3138539174124846e-08,9.378148429907677e-08,-2.882369937712331e-08
2179.0,-6.965129417668692e-08,1.74394864269139e-08,-6.217417472531572e-08,2.3711346548211206e-08,9.336450494305355e-08,-2.962203527515584e-08
2180.0,-6.934507010281088e-08,1.799475926928113e-08,-6.198614334318453e-08,2.4287611250185406e-08,9.301086341995527e-08,-3.04243043517657e-08
2181.0,-6.898326129767263e-08,1.855221285732522e-08,-6.15247598284574e-08,2.4867444429481428e-08,9.24336865607574e-08,-3.123054137667409e-08
2182.0,-6.835899307722215e-08,1.91118254682551e-08,-6.075298779328886e-08,2.5450951550497467e-08,9.145423697316167e-08,-3.204077340561469e-08
2183.0,-6.774188254787816e-08,1.9673571834310582e-08,-5.998786722916094e-08,2.6038231974692144e-08,9.04848432934155e-08,-3.285501942472224e-08
2184.0,-6.705771643522596e-08,2.0237422996237394e-08,-5.929340306243258e-08,2.662937855010404e-08,8.95122616194634e-08,-3.367329000860723e-08
2185.0,-6.651532530321802e-08,2.0803346161223165e-08,-5.882677471535924e-08,2.7224477209318517e-08,8.879683509903124e-08,-3.4495586993094945e-08
2186.0,-6.609193714535166e-08,2.137130456559786e-08,-5.8648888801027255e-08,2.7823606576817845e-08,8.83619619135993e-08,-3.532190316351327e-08
2187.0,-6.556411780156424e-08,2.1941257342583343e-08,-5.8192647658938945e-08,2.8426837586569417e-08,8.76643472835725e-08,-3.6152221959326646e-08
2188.0,-6.494296861392357e-08,2.2513159395362613e-08,-5.735247834981472e-08,2.9034233110627167e-08,8.664234498935856e-08,-3.6986517195830564e-08
2189.0,-6.41922126287664e-08,2.3086961275726262e-08,-5.6216631239003334e-08,2.964584759943388e-08,8.532848170475578e-08,-3.7824752803532634e-08
2190.0,-6.345569353305436e-08,2.3662609068540307e-08,-5.4856837850003615e-08,3.026172673441466e-08,8.388025811037127e-08,-3.866688258575062e-08
2191.0,-6.311579672790835e-08,2.424004428226698e-08,-5.426808465103239e-08,3.088190709335449e-08,8.323838542577735e-08,-3.951284999486232e-08
2192.0,-6.274763969527086e-08,2.4819203745763694e-08,-5.3618742931749175e-08,3.1506415828976694e-08,8.253627009326586e-08,-4.03625879275648e-08
2193.0,-6.239655275797062e-08,2.5400019511586514e-08,-5.2992678190033615e-08,3.213527036109879e-08,8.186301813291932e-08,-4.121601853945196e-08
2194.0,-6.170549995965224e-08,2.598241876602815e-08,-5.190634615181988e-08,3.276847808273969e-08,8.063397234480756e-08,-4.207305307919687e-08
2195.0,-6.093563159614845e-08,2.6566323746118092e-08,-5.0817555968807326e-08,3.340603608057689e-08,7.934466076973542e-08,-4.293359174261641e-08
2196.0,-6.013109196678634e-08,2.7151651663799847e-08,-5.004791409080056e-08,3.404793087019611e-08,7.823389243772977e-08,-4.379752354689069e-08
2197.0,-5.965940491625688e-08,2.7738314637481378e-08,-5.009070798422943e-08,3.4694138146640253e-08,7.789944557776545e-08,-4.4664726225213284e-08
2198.0,-5.920910067791496e-08,2.832621963113904e-08,-5.031131400379252e-08,3.5344622550853294e-08,7.769778581063736e-08,-4.5535066142169754e-08
2199.0,-5.876621034239804e-08,2.8915268401149242e-08,-5.021277688088688e-08,3.5999337452719974e-08,7.729676862648722e-08,-4.640839823018178e-08
2200.0,-5.8046967843505826e-08,2.950535745102431e-08,-4.9523551981511815e-08,3.665822475150047e-08,7.630224555470502e-08,-4.728456594739532e-08
2201.0,-5.730943658521781e-08,3.009637799423315e-08,-4.863352504047569e-08,3.732121469452136e-08,7.516376307488654e-08,-4.816340125741127e-08
2202.0,-5.6633299022612604e-08,3.068821592528851e-08,-4.783363147242703e-08,3.7988225714997966e-08,7.413087654968485e-08,-4.904472463124379e-08
2203.0,-5.6262878661561544e-08,3.1280751799282925e-08,-4.723727836664082e-08,3.8659164289837385e-08,7.346340573900117e-08,-4.9928345071852206e-08
2204.0,-5.59722772297544e-08,3.1873860820059454e-08,-4.6729279210011576e-08,3.933392481822869e-08,7.291447972640073e-08,-5.0814060161545866e-08
2205.0,-5.5646029645251005e-08,3.246741283721256e-08,-4.6263119474199144e-08,4.001238952178331e-08,7.236543953272293e-08,-5.170165613251881e-08
2206.0,-5.4910309466027485e-08,3.306127235212274e-08,-4.546751002088012e-08,4.069442836694868e-08,7.129120950828188e-08,-5.2590907960731197e-08
2207.0,-5.4121997244971354e-08,3.365529853322684e-08,-4.473118260517328e-08,4.137989901037626e-08,7.021445209529192e-08,-5.34815794833062e-08
2208.0,-5.341150352555779e-08,3.424934524070976e-08,-4.4117732772575025e-08,4.2068646767875876e-08,6.927599190089604e-08,-5.437342353954851e-08
2209.0,-5.2891730134563275e-08,3.4843261060777986e-08,-4.3645513023160554e-08,4.276050460753258e-08,6.857452824250668e-08,-5.5266182135617597e-08
2210.0,-5.255659160652293e-08,3.543688934965082e-08,-4.338100491330099e-08,4.3455293167502676e-08,6.81476845430766e-08,-5.615958663281552e-08
2211.0,-5.205919770268075e-08,3.6030068287388215e-08,-4.242542109289538e-08,4.4152820798942606e-08,6.7157102530978e-08,-5.705335795938084e-08
2212.0,-5.1459996763814075e-08,3.6622630941662447e-08,-4.1517744811536694e-08,4.485288363445239e-08,6.612000000882968e-08,-5.7947206845611284e-08
2213.0,-5.0663901296488234e-08,3.7214405341567067e-08,-4.017900495645321e-08,4.555526568233185e-08,6.466207028754179e-08,-5.884083408206201e-08
2214.0,-5.004998274160677e-08,3.7805214561535875e-08,-3.9288132080983473e-08,4.625973894685761e-08,6.362828062149674e-08,-5.973393080048267e-08
2215.0,-4.9643940458476976e-08,3.839487681541989e-08,-3.8877504604517554e-08,4.696606357470747e-08,6.305538191557554e-08,-6.062617877707627e-08
2216.0,-4.9289185094503196e-08,3.89832055607457e-08,-3.861777271574329e-08,4.767398802760084e-08,6.261594155488683e-08,-6.151725075760013e-08
2217.0,-4.8957553538953036e-08,3.9570009613157975e-08,-3.826545723339958e-08,4.8383249281191215e-08,6.213764773308196e-08,-6.240681080378698e-08
2218.0,-4.8093707710750166e-08,4.015509327102754e-08,-3.701471577854942e-08,4.909357305022581e-08,6.068849895601197e-08,-6.329451466053082e-08
2219.0,-4.744151907432048e-08,4.073825645017698e-08,-3.617893325202903e-08,4.9804674039959676e-08,5.966249193030648e-08,-6.418001014324025e-08
2220.0,-4.6421713195687886e-08,4.131929482863648e-08,-3.5108743495770867e-08,5.051625622376858e-08,5.8203086910184894e-08,-6.506293754470485e-08
2221.0,-4.622325600056598e-08,4.189800000129886e-08,-3.5638416814864904e-08,5.1228013146854954e-08,5.836682403869432e-08,-6.594293006075801e-08
2222.0,-4.5613840898850455e-08,4.2474159644305976e-08,-3.5239636680950426e-08,5.193962825589736e-08,5.764073624574056e-08,-6.68196142339678e-08
2223.0,-4.534660405508539e-08,4.304755768897375e-08,-3.515414261079375e-08,5.265077525445428e-08,5.737707069926724e-08,-6.769261041455133e-08
2224.0,-4.4666876308774306e-08,4.3617974505047986e-08,-3.412997087726133e-08,5.336111848387971e-08,5.6213741658655404e-08,-6.856153323767252e-08
2225.0,-4.389124702575131e-08,4.418518709306867e-08,-3.2727615936756216e-08,5.407031332941898e-08,5.474978000302232e-08,-6.942599211622976e-08
2226.0,-4.3330713878075855e-08,4.4748969285600974e-08,-3.1839730657567955e-08,5.477800665102499e-08,5.377098858613396e-08,-7.02855917481607e-08
2227.0,-4.288146349118449e-08,4.5309091957067376e-08,-3.1006188963567105e-08,5.5483837238287236e-08,5.2916950641455325e-08,-7.113993263720025e-08
2228.0,-4.274522308334028e-08,4.5865323241894254e-08,-3.093787261099212e-08,5.618743628872575e-08,5.276652402933609e-08,-7.198861162594484e-08
2229.0,-4.2211583756168736e-08,4.641742876066909e-08,-3.01817839748475e-08,5.688842790858698e-08,5.1891790170588735e-08,-7.283122244001536e-08
2230.0,-4.153773158765972e-08,4.696517185398764e-08,-2.9407036805650932e-08,5.758642963518511e-08,5.0893584655999355e-08,-7.36673562420651e-08
2231.0,-4.083431301427076e-08,4.750831382364575e-08,-2.8498059981285628e-08,5.828105297974543e-08,4.97953867546422e-08,-7.449660219433396e-08
2232.0,-4.024374564148836e-08,4.804661418079619e-08,-2.7655708251250744e-08,5.897190398961483e-08,4.8830290416247906e-08,-7.531854802839687e-08
2233.0,-3.975638943054527e-08,4.857983090065221e-08,-2.713295592371434e-08,5.965858382861133e-08,4.813281414701822e-08,-7.613278062069954e-08
2234.0,-3.940818474323926e-08,4.910772068328591e-08,-2.6564947019913632e-08,6.034068937419812e-08,4.752579757277193e-08,-7.69388865724289e-08
2235.0,-3.8929681367427804e-08,4.963003922004413e-08,-2.5947447260254997e-08,6.101781383009281e-08,4.678450716522693e-08,-7.773645279223753e-08
2236.0,-3.83328742081801e-08,5.014654146508522e-08,-2.4768934417385147e-08,6.168954735285806e-08,4.563890179696358e-08,-7.852506708032461e-08
2237.0,-3.763048406213443e-08,5.065698191152125e-08,-2.3575576629797368e-08,6.235547769095876e-08,4.440564315690069e-08,-7.930431871236487e-08
2238.0,-3.716267182873878e-08,5.116111487162955e-08,-2.316620520415036e-08,6.301519083471768e-08,4.379197690229727e-08,-8.007379902176986e-08
2239.0,-3.6776933359794484e-08,5.1658694760577824e-08,-2.2524581644312036e-08,6.366827167556255e-08,4.312655337030822e-08,-8.083310197877038e-08
2240.0,-3.650870167293263e-08,5.21494763830932e-08,-2.260866446834875e-08,6.431430467294549e-08,4.294225200062951e-08,-8.15818247648328e-08
2241.0,-3.6074662895790865e-08,5.263321522249714e-08,-2.210158187021527e-08,6.495287452732442e-08,4.230675152042258e-08,-8.23195683409655e-08
2242.0,-3.5487850297277745e-08,5.310966773152222e-08,-2.1077794384871673e-08,6.558356685761202e-08,4.127542773676518e-08,-8.304593800852011e-08
2243.0,-3.4650594088470044e-08,5.357859162431643e-08,-2.024381515197682e-08,6.62059688815028e-08,4.013073289377259e-08,-8.376054396113443e-08
2244.0,-3.424422426179241e-08,5.403974616902568e-08,-1.975678153021132e-08,6.681967009707886e-08,3.953476080267125e-08,-8.446300182649386e-08
2245.0,-3.394073938567388e-08,5.4492892480332124e-08,-1.9455019095726556e-08,6.742426296407886e-08,3.912124177555359e-08,-8.515293319661796e-08
2246.0,-3.360413294850595e-08,5.4937793811321657e-08,-1.9535438822160245e-08,6.801934358320549e-08,3.886992566490485e-08,-8.582996614542024e-08
2247.0,-3.333061907029311e-08,5.53742158440613e-08,-1.904806667951675e-08,6.860451237184459e-08,3.83895690498904e-08,-8.649373573234455e-08
2248.0,-3.292217326533731e-08,5.58019269782798e-08,-1.8162308629277035e-08,6.917937473456204e-08,3.759972004228225e-08,-8.714388449093934e-08
2249.0,-3.22432979760201e-08,5.622069861755476e-08,-1.7267700783141215e-08,6.974354172671816e-08,3.6575999708914556e-08,-8.778006290127749e-08
2250.0,-3.1862124355575006e-08,5.6630305452413836e-08,-1.621664132145373e-08,7.029663070949444e-08,3.575156533914014e-08,-8.84019298451609e-08
2251.0,-3.161882697333418e-08,5.7030525739757204e-08,-1.558004186774653e-08,7.083826599457666e-08,3.52489421652676e-08,-8.900915304307419e-08
2252.0,-3.148882091186245e-08,5.742114157801062e-08,-1.5910629563853362e-08,7.136807947670537e-08,3.528022074105419e-08,-8.960140947188586e-08
2253.0,-3.1040952225280805e-08,5.7801939177424035e-08,-1.5307414003018494e-08,7.188571125229824e-08,3.4610080013082486e-08,-9.01783857623459e-08
2254.0,-3.070044510278258e-08,5.817270912493733e-08,-1.4575432333296945e-08,7.239081022236588e-08,3.398471063892534e-08,-9.073977857548883e-08
2255.0,-3.003983556348899e-08,5.8533246643036475e-08,-1.3810893248478173e-08,7.288303467796624e-08,3.3062554241956536e-08,-9.128529495710933e-08
2256.0,-2.951793559580196e-08,5.8883351842019447e-08,-1.3440887736138052e-08,7.336205286645983e-08,3.2434025112116116e-08,-9.181465266952676e-08
2257.0,-2.9284901781334582e-08,5.922282996508712e-08,-1.2778446703554103e-08,7.382754353684599e-08,3.19514345921742e-08,-9.232758049990085e-08
2258.0,-2.928434761351184e-08,5.955149162567907e-08,-1.2552418299227597e-08,7.427919646248615e-08,3.186120243035062e-08,-9.282381854441799e-08
2259.0,-2.8842902621839528e-08,5.98691530364901e-08,-1.2203289170842346e-08,7.471671293956242e-08,3.131825822487763e-08,-9.330311846773804e-08
2260.0,-2.8382447420094437e-08,6.017563622962867e-08,-1.1544024583476364e-08,7.513980625967377e-08,3.064029740616647e-08,-9.376524373717333e-08
2261.0,-2.7953578479733565e-08,6.047076926740393e-08,-1.0299896810450626e-08,7.554820215503325e-08,2.9790777501242805e-08,-9.420996983115493e-08
2262.0,-2.7644847688801377e-08,6.075438644325325e-08,-9.420133284532284e-09,7.594163921479709e-08,2.920576167189241e-08,-9.463708442162124e-08
2263.0,-2.7426056120605224e-08,6.102632847234949e-08,-9.752362362114297e-09,7.63198692711387e-08,2.9108368658730618e-08,-9.504638753005076e-08
2264.0,-2.735731366443339e-08,6.128644267146366e-08,-1.0055469887304547e-08,7.668265775379233e-08,2.9146785167299026e-08,-9.543769165696181e-08
2265.0,-2.7216856185452443e-08,6.153458312770442e-08,-9.18352939527356e-09,7.702978401193585e-08,2.872445774550765e-08,-9.58108218848195e-08
2266.0,-2.6988670853711483e-08,6.177061085580484e-08,-8.423055197770424e-09,7.736104160244392e-08,2.8272534610725355e-08,-9.616561595441471e-08
2267.0,-2.642073629322006e-08,6.1994393943675e-08,-7.959450654126954e-09,7.767623854370067e-08,2.7593625368757867e-08,-9.650192431489579e-08
2268.0,-2.5993689062309144e-08,6.220580768597989e-08,-7.893784917389901e-09,7.79751975343136e-08,2.7165855616748432e-08,-9.681961014773921e-08
2269.0,-2.586368205714784e-08,6.240473470554255e-08,-7.908680557666692e-09,7.825775613622773e-08,2.7045836605962963e-08,-9.711854936504541e-08
2270.0,-2.6214394238666117e-08,6.259106506241895e-08,-8.242625970655837e-09,7.852376692191473e-08,2.7479726130228107e-08,-9.739863058265396e-08
2271.0,-2.6231216393446388e-08,6.276469635054869e-08,-7.65077706743611e-09,7.877309758549455e-08,2.7324185316591177e-08,-9.76597550686893e-08
2272.0,-2.5865843217287576e-08,6.292553378195053e-08,-6.980571176651296e-09,7.900563101782207e-08,2.679123400094883e-08,-9.79018366682641e-08
2273.0,-2.540707741416348e-08,6.307349025849062e-08,-6.853061382261494e-09,7.922126534572904e-08,2.631509135531055e-08,-9.812480170516911e-08
2274.0,-2.5376444640068385e-08,6.320848643129645e-08,-7.218406788966902e-09,7.94199139357544e-08,2.638312603050402e-08,-9.832858886145816e-08
2275.0,-2.5500013656198917e-08,6.333045074792609e-08,-7.458028444817799e-09,7.960150536283933e-08,2.656826838072144e-08,-9.85131490359038e-08
2276.0,-2.573674226513667e-08,6.343931948743949e-08,-7.544313104790312e-09,7.97659833446073e-08,2.6819704745675016e-08,-9.867844518236281e-08
2277.0,-2.599071752262816e-08,6.353503678355947e-08,-7.570726059946686e-09,7.991330664198483e-08,2.7070893786792603e-08,-9.882445212915301e-08
2278.0,-2.586084926758936e-08,6.361755463614644e-08,-7.20941258081087e-09,8.004344892702598e-08,2.6846958013922752e-08,-9.89511563805878e-08
2279.0,-2.5117070728830626e-08,6.368683291123138e-08,-6.291224222132463e-09,8.015639861888002e-08,2.5892986390337953e-08,-9.905855590183384e-08
2280.0,-2.468990892290357e-08,6.374283932985045e-08,-5.9746917413505685e-09,8.025215868889384e-08,2.5402530268172813e-08,-9.914665988824573e-08
2281.0,-2.508697813374816e-08,6.378554944591468e-08,-6.993003676125653e-09,8.033074643588838e-08,2.6043397863901424e-08,-9.921548852030652e-08
2282.0,-2.576443997037714e-08,6.381494661334305e-08,-8.738151174858544e-09,8.039219323270974e-08,2.720591209538561e-08,-9.926507270528387e-08
2283.0,-2.5821285193350363e-08,6.383102194270048e-08,-9.157225797085111e-09,8.0436544245227e-08,2.7396962483734135e-08,-9.929545380671074e-08
2284.0,-2.5247057555688457e-08,6.383377424760241e-08,-7.80703779401648e-09,8.046385812499727e-08,2.6426572882942034e-08,-9.930668336279527e-08
2285.0,-2.4610953247572454e-08,6.382320998115687e-08,-6.0189195016935315e-09,8.04742066768079e-08,2.5336266728191503e-08,-9.929882279483255e-08
2286.0,-2.457796807742163e-08,6.379934316270794e-08,-5.779435513497688e-09,8.046767450223175e-08,2.524833439396419e-08,-9.927194310662276e-08
2287.0,-2.519209157947344e-08,6.376219529513594e-08,-7.091309692230929e-09,8.044435862023954e-08,2.6171132021746882e-08,-9.922612457582575e-08
2288.0,-2.581315530769679e-08,6.371179527298133e-08,-7.862863096730344e-09,8.0404368065864e-08,2.6984136136204154e-08,-9.916145643813564e-08
2289.0,-2.5849209439599008e-08,6.36481792816909e-08,-7.15887531199666e-09,8.034782346791644e-08,2.682221326410201e-08,-9.907803656514989e-08
2290.0,-2.539081064845128e-08,6.357139068832101e-08,-6.0057670364654925e-09,8.027485660678876e-08,2.609142585375131e-08,-9.897597113680707e-08
2291.0,-2.4932548164935397e-08,6.348147992405188e-08,-5.352039061934377e-09,8.018560995339359e-08,2.5500515291211173e-08,-9.885537430924943e-08
2292.0,-2.5035900824699198e-08,6.337850435886743e-08,-5.587431128883935e-09,8.008023619030606e-08,2.565181702578192e-08,-9.871636787892819e-08
2293.0,-2.575922719572077e-08,6.326252816875724e-08,-6.608925268158927e-09,7.995889771620919e-08,2.6593527011678425e-08,-9.855908094373878e-08
2294.0,-2.6441868222759624e-08,6.313362219581551e-08,-7.335943200126316e-09,7.98217661348327e-08,2.7440635155645808e-08,-9.838364956197292e-08
2295.0,-2.640902119210864e-08,6.299186380164907e-08,-6.974177596541509e-09,7.96690217297035e-08,2.7314383637075627e-08,-9.819021640990248e-08
2296.0,-2.593608944279069e-08,6.283733671454217e-08,-6.331249580160403e-09,7.950085292615462e-08,2.6697667629040553e-08,-9.797893043883826e-08
2297.0,-2.573862523114201e-08,6.267013087084292e-08,-6.314239256455245e-09,7.931745574214674e-08,2.6501819676711645e-08,-9.77499465325146e-08
2298.0,-2.6119662960288892e-08,6.249034225103875e-08,-6.978144687086463e-09,7.911903322954508e-08,2.7035741092727613e-08,-9.750342516564039e-08
2299.0,-2.6885253939790132e-08,6.229807271099259e-08,-7.955539241266685e-09,7.890579490759112e-08,2.8037608386350197e-08,-9.723953206445352e-08
2300.0,-2.7573021144089438e-08,6.209342980883403e-08,-8.757380792756564e-09,7.867795619042289e-08,2.8930316509878437e-08,-9.695843787013639e-08
2301.0,-2.7821924486470806e-08,6.187652662803321e-08,-8.90866166947113e-09,7.843573781061561e-08,2.9213417035191005e-08,-9.66603178059848e-08
2302.0,-2.746872698744518e-08,6.164748159721002e-08,-8.279471858108067e-09,7.817936524080681e-08,2.868938159946991e-08,-9.63453513492435e-08
2303.0,-2.7156341647627258e-08,6.140641830723174e-08,-7.937761281606726e-09,7.790906811552166e-08,2.829266593741971e-08,-9.601372190851221e-08
2304.0,-2.757399192310217e-08,6.1153465326131e-08,-8.93967849746602e-09,7.762507965533713e-08,2.8986943305794768e-08,-9.566561650758956e-08
2305.0,-2.86108989833167e-08,6.088875601235534e-08,-1.0967545815976365e-08,7.732763609554528e-08,3.064099544497687e-08,-9.530122547658891e-08
2306.0,-2.933267032045883e-08,6.061242832685334e-08,-1.2382596489834974e-08,7.701697612151093e-08,3.183919351929002e-08,-9.492074215114838e-08
2307.0,-2.9350192942700915e-08,6.032462464451054e-08,-1.2346407438079687e-08,7.669334031294576e-08,3.1841287700104716e-08,-9.452436258055651e-08
2308.0,-2.9054343347878486e-08,6.002549156544628e-08,-1.1573868030634316e-08,7.635697059929612e-08,3.1274738824919865e-08,-9.41122852455923e-08
2309.0,-2.8992392903104403e-08,5.971517972665955e-08,-1.119131237681259e-08,7.600810972833805e-08,3.1077392409328315e-08,-9.368471078680974e-08
2310.0,-2.9500557635619984e-08,5.939384361447052e-08,-1.1933725826973607e-08,7.564700074991079e-08,3.1822896048692886e-08,-9.324184174389517e-08
2311.0,-3.047538357781043e-08,5.906164137816892e-08,-1.3446372348902003e-08,7.527388651654941e-08,3.330996748062048e-08,-9.278388230662745e-08
2312.0,-3.131783707366331e-08,5.8718734645263365e-08,-1.449164629963029e-08,7.488900920263084e-08,3.450818354312653e-08,-9.231103807790373e-08
2313.0,-3.155212052741163e-08,5.836528833872164e-08,-1.4504554862737606e-08,7.44926098435216e-08,3.472633613761284e-08,-9.182351584924503e-08
2314.0,-3.122683181477903e-08,5.80014704965776e-08,-1.3704334722586253e-08,7.408492789607294e-08,3.410166880633819e-08,-9.132152338913529e-08
2315.0,-3.112910820779469e-08,5.7627452094241775e-08,-1.323714905743234e-08,7.366620082162853e-08,3.382666836951686e-08,-9.080526924445001e-08
2316.0,-3.1779299580758646e-08,5.7243406869796675e-08,-1.3993315867155687e-08,7.323666369250452e-08,3.4723720578325096e-08,-9.027496255511014e-08
2317.0,-3.296182193857078e-08,5.6849511152505234e-08,-1.5551822510340152e-08,7.27965488227145e-08,3.644641119373989e-08,-8.973081288198717e-08
2318.0,-3.3733533605362354e-08,5.6445943694727814e-08,-1.647017291994679e-08,7.234608542356626e-08,3.7539550949859e-08,-8.917303004801338e-08
2319.0,-3.367756873373651e-08,5.603288550742332e-08,-1.607510295709158e-08,7.188549928464489e-08,3.7317389658129106e-08,-8.860182399240477e-08
2320.0,-3.3329586202057726e-08,5.5610519699380516e-08,-1.5372074405051173e-08,7.14150124805812e-08,3.6703705370368615e-08,-8.801740463784945e-08
2321.0,-3.345160382028922e-08,5.517903132027494e-08,-1.5486534846176347e-08,7.093484310386634e-08,3.6862481735382696e-08,-8.741998177043152e-08
2322.0,-3.423773009547659e-08,5.47386072075873e-08,-1.660866291719465e-08,7.044520502382931e-08,3.805351292571686e-08,-8.680976493196884e-08
2323.0,-3.531730713435266e-08,5.4289435837374826e-08,-1.8039664997915317e-08,6.994630767177972e-08,3.9657807509483024e-08,-8.618696332437773e-08
2324.0,-3.610312399038307e-08,5.383170717886978e-08,-1.8912567609219444e-08,6.943835585224459e-08,4.07568494297372e-08,-8.555178572565668e-08
2325.0,-3.613234572652502e-08,5.3365612552877885e-08,-1.8676213880963743e-08,6.892154958017582e-08,4.0673669279137254e-08,-8.490444041708242e-08
2326.0,-3.584192762029481e-08,5.289134449393785e-08,-1.7961133705335364e-08,6.839608394393547e-08,4.009047392485385e-08,-8.424513512119685e-08
2327.0,-3.604774795329391e-08,5.240909661617377e-08,-1.821466667772942e-08,6.786214899376924e-08,4.038829304000098e-08,-8.357407695012259e-08
2328.0,-3.7038812766843066e-08,5.19190634827354e-08,-1.9762888395224998e-08,6.731992965537732e-08,4.1981488883785145e-08,-8.289147236369319e-08
2329.0,-3.8200267254984155e-08,5.1421440478701156e-08,-2.163077540695557e-08,6.67696056681195e-08,4.389932645335653e-08,-8.219752713686203e-08
2330.0,-3.889637295584336e-08,5.0916423687322956e-08,-2.249992765712694e-08,6.62113515473558e-08,4.493522642310828e-08,-8.149244633587014e-08
2331.0,-3.89859979021967e-08,5.040420976950721e-08,-2.2239885252850478e-08,6.564533657039476e-08,4.48834103928171e-08,-8.077643430268003e-08
2332.0,-3.887716645833983e-08,4.988499584642696e-08,-2.168490655096722e-08,6.507172478545608e-08,4.4515943705077675e-08,-8.004969464718105e-08
2333.0,-3.919121566164918e-08,4.935897938514058e-08,-2.189365461147119e-08,6.449067504294317e-08,4.489190904031917e-08,-7.931243024662763e-08
2334.0,-4.015790738831626e-08,4.882635808706443e-08,-2.320156035351406e-08,6.390234104819528e-08,4.6378550307726755e-08,-7.856484325171456e-08
2335.0,-4.1338971495941124e-08,4.8287329779133684e-08,-2.478722500864894e-08,6.330687143478958e-08,4.8200799661122055e-08,-7.780713509865993e-08
2336.0,-4.2072981709662116e-08,4.774209230749349e-08,-2.5553884980267227e-08,6.270440985740683e-08,4.922536772362691e-08,-7.703950652667163e-08
2337.0,-4.2165386404668936e-08,4.719084343357754e-08,-2.526233230937258e-08,6.209509510323519e-08,4.915389348123106e-08,-7.626215760019229e-08
2338.0,-4.204907244620415e-08,4.663378073243255e-08,-2.483121284979628e-08,6.147906122083218e-08,4.883352972270193e-08,-7.54752877353154e-08
2339.0,-4.255765542748868e-08,4.607110149312821e-08,-2.528511522381649e-08,6.085643766528564e-08,4.950243516602525e-08,-7.467909572973199e-08
2340.0,-4.351966600979473e-08,4.5503002621067435e-08,-2.6502050928800536e-08,6.022734945843646e-08,5.0954097313531325e-08,-7.387377979552824e-08
2341.0,-4.457887742281841e-08,4.4929680542002655e-08,-2.7765243715283106e-08,5.9591917362882724e-08,5.251842601266471e-08,-7.305953759414543e-08
2342.0,-4.514913182207536e-08,4.435133110757502e-08,-2.8346185218519615e-08,5.895025806848381e-08,5.330994579559951e-08,-7.223656627284185e-08
2343.0,-4.517428509043242e-08,4.376814950221267e-08,-2.8276982047548138e-08,5.8302484390102913e-08,5.32945001585438e-08,-7.140506250204143e-08
2344.0,-4.531393052453758e-08,4.3180330151233014e-08,-2.823986210154228e-08,5.764870547533928e-08,5.339327777067768e-08,-7.056522251298365e-08
2345.0,-4.577879539335861e-08,4.258806662999164e-08,-2.8709526103676275e-08,5.698902702100195e-08,5.403642287165816e-08,-6.971724213510347e-08
2346.0,-4.673929282494882e-08,4.199155157392129e-08,-2.990867307983702e-08,5.632355149708657e-08,5.548955054037544e-08,-6.88613168325887e-08
2347.0,-4.794262309371078e-08,4.1390976589325194e-08,-3.1386274204625586e-08,5.565237837705677e-08,5.73026466889057e-08,-6.799764173961337e-08
2348.0,-4.856451552015528e-08,4.0786532164830186e-08,-3.2149284845406356e-08,5.497560437330369e-08,5.824164046263187e-08,-6.712641169382909e-08
2349.0,-4.8744647929144236e-08,4.01784075834517e-08,-3.205063597855329e-08,5.4293323676738365e-08,5.8337671948458486e-08,-6.624782126778864e-08
2350.0,-4.885888757466539e-08,3.956679083525571e-08,-3.187643807245344e-08,5.360562819953784e-08,5.8337793918014685e-08,-6.536206479804554e-08
2351.0,-4.946739909361675e-08,3.895186853061903e-08,-3.270086251783155e-08,5.2912607820110616e-08,5.929898803940313e-08,-6.446933641171783e-08
2352.0,-5.061204533252095e-08,3.833382581410302e-08,-3.4542387949976217e-08,5.2214350629394594e-08,6.127606137822354e-08,-6.356983005034524e-08
2353.0,-5.17491520746205e-08,3.77128462789814e-08,-3.6262667910125224e-08,5.1510943177671377e-08,6.318983956620102e-08,-6.266373949093202e-08
2354.0,-5.2382853971133514e-08,3.7089111882503115e-08,-3.6989529078601535e-08,5.0802470721171744e-08,6.412634912122946e-08,-6.17512583641522e-08
2355.0,-5.241219303009359e-08,3.6462802862007845e-08,-3.6878164078046893e-08,5.008901746782448e-08,6.408616827359192e-08,-6.083258016976715e-08
2356.0,-5.2738656525219696e-08,3.583409765203082e-08,-3.69923753157364e-08,4.937066682153385e-08,6.441895469180947e-08,-5.990789828933694e-08
2357.0,-5.3381546349928755e-08,3.520317280253354e-08,-3.781288573923014e-08,4.864750162436127e-08,6.541715232748722e-08,-5.8977405996297814e-08
2358.0,-5.4515529007703734e-08,3.457020289839499e-08,-3.938549175686035e-08,4.791960439596426e-08,6.725444122078111e-08,-5.804129646345908e-08
2359.0,-5.567979383114263e-08,3.3935360480309505e-08,-4.0787941052444765e-08,4.7187057569641144e-08,6.90209792481696e-08,-5.709976276797324e-08
2360.0,-5.616382664497266e-08,3.329881596725968e-08,-4.119653917999955e-08,4.6449943724342264e-08,6.965292717334842e-08,-5.615299789385149e-08
2361.0,-5.639788897005005e-08,3.266073758075072e-08,-4.107280857090778e-08,4.57083458120157e-08,6.976888621857545e-08,-5.5201194732107485e-08
2362.0,-5.672323177829952e-08,3.2021291270990784e-08,-4.117632075584243e-08,4.496234737963622e-08,7.009289845885038e-08,-5.42445460785898e-08
2363.0,-5.746242345838759e-08,3.138064064518252e-08,-4.1983963305902705e-08,4.421203278522947e-08,7.116588567974432e-08,-5.328324462951615e-08
2364.0,-5.841770711612071e-08,3.073894689806886e-08,-4.33556516937772e-08,4.3457487407176596e-08,7.274847791189164e-08,-5.2317482974677715e-08
2365.0,-5.937288960478071e-08,3.009636874486548e-08,-4.465188373214968e-08,4.269879784609174e-08,7.428950626334038e-08,-5.1347453588265856e-08
2366.0,-5.976658495887577e-08,2.945306235671154e-08,-4.51868244488729e-08,4.193605211860121e-08,7.492592195909085e-08,-5.037334881728142e-08
2367.0,-5.990769799679718e-08,2.880918129876759e-08,-4.5226302536338636e-08,4.1169339842393624e-08,7.506231225044888e-08,-4.939536086749536e-08
2368.0,-6.033873453659133e-08,2.8164876471076945e-08,-4.547343979144358e-08,4.0398752411933864e-08,7.555525535621784e-08,-4.841368178691972e-08
2369.0,-6.108745911892477e-08,2.7520296052288773e-08,-4.6345777812706324e-08,3.962438316424579e-08,7.66786070731012e-08,-4.74285034467257e-08
2370.0,-6.201970489949638e-08,2.6875585446331606e-08,-4.7703197614268333e-08,3.884632753418746e-08,7.824345888600881e-08,-4.6440017519534964e-08
2371.0,-6.305419497643072e-08,2.6230887232133147e-08,-4.8944227185043765e-08,3.806468319868922e-08,7.982085491190205e-08,-4.5448415455028754e-08
2372.0,-6.348098749442421e-08,2.558634111650072e-08,-4.928364805145691e-08,3.7279550209491467e-08,8.036612307761968e-08,-4.4453888452858846e-08
2373.0,-6.372898797568638e-08,2.4942083890291614e-08,-4.941592343654655e-08,3.6491031113986606e-08,8.064314848449191e-08,-4.345662743288173e-08
2374.0,-6.431689530961293e-08,2.4298249388004793e-08,-5.0008917798494146e-08,3.569923106382191e-08,8.14711905009633e-08,-4.245682300275526e-08
2375.0,-6.510448607999209e-08,2.3654968450917343e-08,-5.109647825685126e-08,3.4904257910964445e-08,8.27613689954e-08,-4.145466542294152e-08
2376.0,-6.601662350114168e-08,2.3012368893882438e-08,-5.245622523852855e-08,3.4106222290982425e-08,8.431992732899342e-08,-4.0450344569171973e-08
2377.0,-6.686560868884861e-08,2.2370575475907032e-08,-5.3667607927132543e-08,3.330523769337169e-08,8.573926618504877e-08,-3.944404989246154e-08
2378.0,-6.740005284444628e-08,2.1729709874631928e-08,-5.442767134211657e-08,3.250142051883659e-08,8.663220262211741e-08,-3.8435970376796404e-08
2379.0,-6.760463286403784e-08,2.1089890664833954e-08,-5.464247435083003e-08,3.169489012350164e-08,8.692632735749546e-08,-3.742629449464353e-08
2380.0,-6.806242228152293e-08,2.0451233301054118e-08,-5.5089826492271676e-08,3.088576885006989e-08,8.756359009186951e-08,-3.6415210160427775e-08
2381.0,-6.890541892623503e-08,1.9813850104432905e-08,-5.603562361344849e-08,3.007418204596306e-08,8.88141197735361e-08,-3.5402904682100656e-08
2382.0,-6.99229503742238e-08,1.9177850253815232e-08,-5.745231326792499e-08,2.9260258068496214e-08,9.049854854566429e-08,-3.438956471090843e-08
2383.0,-7.077299593594155e-08,1.854333978117944e-08,-5.864543659028776e-08,2.844412827717174e-08,9.19135691104108e-08,-3.337537618946549e-08
2384.0,-7.12878213127155e-08,1.7910421571440708e-08,-5.922063751884199e-08,2.7625927013217888e-08,9.267705959757102e-08,-3.2360524298249117e-08
2385.0,-7.161532192268005e-08,1.7279195366666505e-08,-5.951017702232608e-08,2.6805791566529197e-08,9.311399198465119e-08,-3.1345193400628405e-08
2386.0,-7.183745920347206e-08,1.6649757774712648e-08,-5.984774653633451e-08,2.5983862130177177e-08,9.350065941097878e-08,-3.032956698651265e-08
2387.0,-7.271207388970247e-08,1.6022202282248703e-08,-6.118984482994527e-08,2.5160281742656222e-08,9.503285116029262e-08,-2.9313827614659578e-08
2388.0,-7.34055932150035e-08,1.5396619272104593e-08,-6.240847807981176e-08,2.4335196218030763e-08,9.634936041035723e-08,-2.829815685364477e-08
2389.0,-7.413730557237486e-08,1.4773096044845538e-08,-6.370710017855608e-08,2.350875406416541e-08,9.7749346241764e-08,-2.7282735221474524e-08
2390.0,-7.464229123677057e-08,1.4151716844468782e-08,-6.423618056916602e-08,2.2681106389242705e-08,9.84771980470067e-08,-2.6267742123818652e-08
2391.0,-7.480500982537386e-08,1.3532562888104336e-08,-6.404963545647568e-08,2.1852406796783148e-08,9.847916174034844e-08,-2.525335579082777e-08
2392.0,-7.531847090458399e-08,1.2915712399587696e-08,-6.451702455612107e-08,2.1022811269369174e-08,9.917317438188512e-08,-2.4239753212472763e-08
2393.0,-7.615049424369857e-08,1.2301240646758948e-08,-6.543114787482818e-08,2.019247804125192e-08,1.0039986496891917e-07,-2.322711007231051e-08
2394.0,-7.694039200201175e-08,1.1689219982338096e-08,-6.632638507864108e-08,1.9361567460013366e-08,1.0158254416494704e-07,-2.221560067956573e-08
2395.0,-7.774939572713357e-08,1.1079719888233858e-08,-6.729072384026313e-08,1.853024183748276e-08,1.0282514308709215e-07,-2.120539789943541e-08
2396.0,-7.819726594027188e-08,1.0472807023155596e-08,-6.780556111030123e-08,1.76986652901625e-08,1.0350075612292114e-07,-2.0196673081562897e-08
2397.0,-7.855046277316369e-08,9.868545273405134e-09,-6.814507980124063e-08,1.6867003569488718e-08,1.039900336714804e-07,-1.9189595986675383e-08
2398.0,-7.894769557537096e-08,9.266995806721549e-09,-6.866610852140909e-08,1.6035423882324195e-08,1.0463160658297939e-07,-1.8184334711419207e-08
2399.0,-7.968574608496759e-08,8.668217129041557e-09,-6.985611029908245e-08,1.520409470215974e-08,1.0597025184095535e-07,-1.7181055611467606e-08
2400.0,-8.04740135917914e-08,8.07226514403157e-09,-7.115008268665513e-08,1.4373185571593538e-08,1.0741694991894757e-07,-1.6179923223029752e-08
2401.0,-8.113448457525152e-08,7.479193215248961e-09,-7.223133934031178e-08,1.3542866896768136e-08,1.0862859186322448e-07,-1.518110018296179e-08
2402.0,-8.160937003953705e-08,6.889052230797314e-09,-7.288472576860716e-08,1.271330973456014e-08,1.094178802966643e-07,-1.4184747147760828e-08
2403.0,-8.193775324905062e-08,6.301890670345111e-09,-7.326743642344091e-08,1.188468557341817e-08,1.0991775401437778e-07,-1.3191022711792903e-08
2404.0,-8.250192623515673e-08,5.717754674375438e-09,-7.405498203549854e-08,1.1057166108822556e-08,1.1086346646569038e-07,-1.2200083325155785e-08
2405.0,-8.3314694337977e-08,5.136688115528714e-09,-7.531568621543805e-08,1.0230923014400876e-08,1.1231113427765237e-07,-1.1212083211615305e-08
2406.0,-8.407889326433882e-08,4.5587326718978395e-09,-7.664999886192181e-08,9.406127709790762e-09,1.1377382220040203e-07,-1.0227174287090792e-08
2407.0,-8.481377852809224e-08,3.983927902136243e-09,-7.793129055966297e-08,8.582951126398722e-09,1.1518100136961345e-07,-9.24550607920747e-09
2408.0,-8.519850219768088e-08,3.4123113222381115e-09,-7.864275458624448e-08,7.761563472251312e-09,1.1594596856139721e-07,-8.267225648466328e-09
2409.0,-8.5435717112059e-08,2.8439184838387183e-09,-7.919578572102015e-08,6.9421339971533604e-09,1.164956404095085e-07,-7.292477511589689e-09
2410.0,-8.597569611801248e-08,2.278783053859563e-09,-8.024709496901039e-08,6.124830759349085e-09,1.1760704304565351e-07,-6.321403567574305e-09
2411.0,-8.66714136571467e-08,1.7169368952946024e-09,-8.139654249228467e-08,5.30982039483269e-09,1.1890050914536296e-07,-5.3541430269338135e-09
2412.0,-8.73116827171394e-08,1.1584101489098558e-09,-8.24568826551797e-08,4.497267890386846e-09,1.2009357783040896e-07,-4.3908323445531395e-09
2413.0,-8.802980785982406e-08,6.032313156127576e-10,-8.371452964173187e-08,3.6873363613465182e-09,1.2147991416268759e-07,-3.431605156515956e-09
2414.0,-8.835654252692393e-08,5.142733923556914e-11,-8.404296295005942e-08,2.8801868349862194e-09,1.219430122177453e-07,-2.4765922211953603e-09
2415.0,-8.853629390737083e-08,-4.969763105388056e-10,-8.41113185767739e-08,2.0759780403031688e-09,1.2212038835336178e-07,-1.5259213648063647e-09
2416.0,-8.910083135194036e-08,-1.0419555554016666e-09,-8.487574115756402e-08,1.2748662048194258e-09,1.2305628624598064e-07,-5.797174315076091e-10
2417.0,-8.969883921738919e-08,-1.5834876261085944e-09,-8.555256089670671e-08,4.770048588687929e-10,1.2395613108245895e-07,3.618977619777141e-10
2418.0,-9.029401973337237e-08,-2.1215509809634936e-09,-8.633105148814213e-08,-3.174553523107001e-10,1.2492421883149353e-07,1.2988054673538677e-09
2419.0,-9.087926600148677e-08,-2.6561252254286646e-09,-8.706659458679322e-08,-1.108366848477542e-09,1.2585560329961475e-07,2.230890041567983e-09
2420.0,-9.127244193773976e-08,-3.1871910331901278e-09,-8.72205163093831e-08,-1.895585286178071e-09,1.2624609745474686e-07,3.1580389797169127e-09
2421.0,-9.146684901151225e-08,-3.7147300690047803e-09,-8.694619460514197e-08,-2.6789697224097214e-09,1.2619756425704102e-07,4.080142944362538e-09
2422.0,-9.194870001505429e-08,-4.2387249136553944e-09,-8.725311319290885e-08,-3.4583827702059832e-09,1.26758310166683e-07,4.997095791611385e-09
2423.0,-9.265662984092593e-08,-4.759158991336809e-09,-8.810224447208803e-08,-4.233690746232126e-09,1.2785639027634846e-07,5.908794594332159e-09
2424.0,-9.328647737616436e-08,-5.276016499786482e-09,-8.908141950481063e-08,-5.004763810473968e-09,1.2898785277011816e-07,6.815139662864863e-09
2425.0,-9.377541973498715e-08,-5.789282343453692e-09,-8.996175962505681e-08,-5.771476098043063e-09,1.2994978853891806e-07,7.71603456351298e-09
2426.0,-9.406978285220191e-08,-6.298942069979947e-09,-9.064016082138693e-08,-6.533705843024522e-09,1.3063216602195382e-07,8.611386135019984e-09
2427.0,-9.428569794356356e-08,-6.8049818102451526e-09,-9.114174538693565e-08,-7.2913354941838664e-09,1.31135847840634e-07,9.501104503134421e-09
2428.0,-9.475011139570277e-08,-7.307388222219698e-09,-9.222431732180958e-08,-8.044251822242046e-09,1.3222294927497234e-07,1.0385103093275897e-08
2429.0,-9.536509429364237e-08,-7.806148438846263e-09,-9.35729442264055e-08,-8.79234601832849e-09,1.3360537826312716e-07,1.1263298641225728e-08
2430.0,-9.602265033104018e-08,-8.301250020148865e-09,-9.481541647649028e-08,-9.535513783129837e-09,1.3494559117736123e-07,1.2135611201676449e-08
2431.0,-9.63771907558364e-08,-8.79268090973102e-09,-9.56695569293009e-08,-1.0273655406174595e-08,1.3579847945038126e-07,1.3001964154387052e-08
2432.0,-9.697509589789988e-08,-9.280429395785305e-09,-9.69292690278234e-08,-1.1006675834643826e-08,1.3711109516984772e-07,1.3862284207620977e-08
2433.0,-9.709026943527377e-08,-9.764484076700196e-09,-9.69504529296783e-08,-1.1734484731090184e-08,1.372075462293668e-07,1.4716501398505647e-08
2434.0,-9.766714448300462e-08,-1.0244833831319232e-08,-9.797446051673653e-08,-1.2456996519482685e-08,1.3833967625019826e-07,1.5564549089948364e-08
2435.0,-9.83920996899812e-08,-1.0721467793879192e-08,-9.909033667210299e-08,-1.317413041906268e-08,1.3964204274928777e-07,1.640636396376484e-08
2436.0,-9.88217728759011e-08,-1.1194375333623657e-08,-9.967279425426856e-08,-1.388581046558483e-08,1.4035814443340983e-07,1.7241886009711193e-08
2437.0,-9.939917891554906e-08,-1.1663546039057584e-08,-1.0066358935301167e-07,-1.4591965519616098e-08,1.4146856537944074e-07,1.8071058510152475e-08
2438.0,-9.959452812458025e-08,-1.2128969706780864e-08,-1.0076841133743741e-07,-1.529252926167778e-08,1.4168042474466537e-07,1.88938280201546e-08
2439.0,-9.985598103945392e-08,-1.2590636334819233e-08,-1.0107618904353632e-07,-1.598744017414237e-08,1.4208311983102172e-07,1.9710144342857274e-08
2440.0,-1.0036986672345982e-07,-1.3048536120357864e-08,-1.0174714058786005e-07,-1.6676641509933927e-08,1.429216245495791e-07,2.051996050006765e-08
2441.0,-1.0087358107147004e-07,-1.3502659461769649e-08,-1.0230566242774852e-07,-1.7360081248212967e-08,1.4367298953861465e-07,2.1323232698094578e-08
2442.0,-1.0139504252881792e-07,-1.3952996964811762e-08,-1.0294926976184282e-07,-1.8037712037343803e-08,1.444974283297716e-07,2.211992028890857e-08
2443.0,-1.0182567755645522e-07,-1.4399539452840415e-08,-1.0335579242459758e-07,-1.8709491125538574e-08,1.4508924301114708e-07,2.2909985726760125e-08
2444.0,-1.0206646930410734e-07,-1.4842277980869623e-08,-1.0351898287186412e-07,-1.9375380279651506e-08,1.453744956002654e-07,2.369339452042444e-08
2445.0,-1.0239677292189775e-07,-1.528120385327928e-08,-1.0396263798451155e-07,-2.0035345692664354e-08,1.4592233962460065e-07,2.4470115181271083e-08
2446.0,-1.0284238943780721e-07,-1.5716308644961332e-08,-1.0467145178383319e-07,-2.0689357880455496e-08,1.4674014407725281e-07,2.5240119167378585e-08
2447.0,-1.0331799044083212e-07,-1.6147584225676034e-08,-1.055356141088648e-07,-2.1337391568476332e-08,1.4769012490368846e-07,2.6003380823921557e-08
2448.0,-1.0388417734374933e-07,-1.6575022787369497e-08,-1.0655357758626582e-07,-2.1979425568967358e-08,1.488139348274211e-07,2.6759877320047326e-08
2449.0,-1.042590537236876e-07,-1.6998616874180905e-08,-1.072162449794467e-07,-2.26154426493422e-08,1.4955023728116083e-07,2.7509588582437825e-08
2450.0,-1.0452346044242944e-07,-1.7418359414846366e-08,-1.0765791212674625e-07,-2.3245429392365846e-08,1.5005125733012146e-07,2.8252497225734244e-08
2451.0,-1.048580382523312e-07,-1.783424375719069e-08,-1.082241148087082e-07,-2.3869376048765782e-08,1.506906341225486e-07,2.8988588479998474e-08
2452.0,-1.0523953949959086e-07,-1.8246263704388418e-08,-1.0875384182096326e-07,-2.4487276382944007e-08,1.5133657451159995e-07,2.9717850115398346e-08
2453.0,-1.0577125220123662e-07,-1.865441355266719e-08,-1.0964409653813068e-07,-2.5099127512496546e-08,1.523462690645246e-07,3.0440272364324475e-08
2454.0,-1.0632909919205957e-07,-1.905868813011717e-08,-1.1034457067515824e-07,-2.5704929742288126e-08,1.5323772907635976e-07,3.1155847841169056e-08
2455.0,-1.0663958532886042e-07,-1.9459082836259845e-08,-1.1058089666171611e-07,-2.630468639386981e-08,1.5362335716166484e-07,3.186457146001831e-08
2456.0,-1.0696658245268331e-07,-1.985559368202353e-08,-1.1081228983023106e-07,-2.689840363107118e-08,1.5401692549530335e-07,3.256644035053777e-08
2457.0,-1.0713818018870391e-07,-2.0248217329774613e-08,-1.1074887494577634e-07,-2.7486090282646207e-08,1.540905673813371e-07,3.3261453772364715e-08
2458.0,-1.075942935302443e-07,-2.0636951133062522e-08,-1.113759968973671e-07,-2.8067757662895005e-08,1.548584666240587e-07,3.394961302836079e-08
2459.0,-1.0801063030085878e-07,-2.102179317574816e-08,-1.1199243214743415e-07,-2.8643419391208567e-08,1.5559113443987235e-07,3.463092137710415e-08
2460.0,-1.0840002304113305e-07,-2.1402742310195556e-08,-1.1287175268048788e-07,-2.9213091211479924e-08,1.5649472051313234e-07,3.530538394500606e-08
2461.0,-1.0869390659751232e-07,-2.177979819421416e-08,-1.1317682285794106e-07,-2.9776790812295228e-08,1.569183181264906e-07,3.5973007638422364e-08
2462.0,-1.0895175026059967e-07,-2.2152961326447905e-08,-1.1345604351842287e-07,-3.0334537648776265e-08,1.572983079874108e-07,3.6633801056107266e-08
2463.0,-1.0919027279565618e-07,-2.2522233079918134e-08,-1.1362025059691305e-07,-3.088635276690257e-08,1.5758196920617262e-07,3.728777440233542e-08
2464.0,-1.0964425559145674e-07,-2.2887615733440736e-08,-1.1415821160598583e-07,-3.1432258631098463e-08,1.582844277283199e-07,3.793493940099837e-08
2465.0,-1.1013765136014264e-07,-2.3249112500649363e-08,-1.1473709264631093e-07,-3.19722789558202e-08,1.5904371309818086e-07,3.857530921095587e-08
2466.0,-1.1052777504350075e-07,-2.3606727556366504e-08,-1.1532293646421277e-07,-3.250643854181196e-08,1.5973656040742697e-07,3.920889834288338e-08
2467.0,-1.1082024822806069e-07,-2.3960466060074118e-08,-1.158401813222687e-07,-3.303476311761778e-08,1.6031242941863577e-07,3.983572257780782e-08
2468.0,-1.110275286986262e-07,-2.431033417625148e-08,-1.1626674677189808e-07,-3.355727918684674e-08,1.6076401504641806e-07,4.0455798887472454e-08
2469.0,-1.1120326279256965e-07,-2.4656339091371166e-08,-1.1674810669604074e-07,-3.40740138815992e-08,1.6123363815539056e-07,4.106914535662611e-08
2470.0,-1.1158766358154715e-07,-2.4998489027372667e-08,-1.175982988488311e-07,-3.4584994822376334e-08,1.6211467100706072e-07,4.167578110729234e-08
2471.0,-1.1195854476842015e-07,-2.5336793251461656e-08,-1.1832811831757883e-07,-3.5090249984713556e-08,1.628995375415206e-07,4.227572622503864e-08
2472.0,-1.1232077654077521e-07,-2.567126208210777e-08,-1.189643649562866e-07,-3.558980757270393e-08,1.636107483393903e-07,4.286900168723102e-08
2473.0,-1.1251217718610818e-07,-2.60019068911351e-08,-1.1925484857955304e-07,-3.608369589951475e-08,1.6395337424063686e-07,4.345562929323254e-08
2474.0,-1.127131961098371e-07,-2.6328740101821576e-08,-1.19567487938399e-07,-3.657194327495765e-08,1.643187413206229e-07,4.403563159649127e-08
2475.0,-1.129807196409427e-07,-2.665177518294685e-08,-1.1997490183268678e-07,-3.7054577900148025e-08,1.6479872596700534e-07,4.4609031838464963e-08
2476.0,-1.1329103810631125e-07,-2.6971026638753354e-08,-1.201985421750429e-07,-3.753162776927668e-08,1.6517429841295296e-07,4.517585388434077e-08
2477.0,-1.1369042060560552e-07,-2.7286509994806812e-08,-1.2063774630644009e-07,-3.800312057850432e-08,1.6576784239223387e-07,4.573612216051779e-08
2478.0,-1.1400960431284801e-07,-2.759824177976127e-08,-1.2106843748360685e-07,-3.8469083641970964e-08,1.6630019973016927e-07,4.628986159382301e-08
2479.0,-1.142038297263781e-07,-2.7906239503051145e-08,-1.2140399824334125e-07,-3.892954381488473e-08,1.6667766951106789e-07,4.683709755242611e-08
2480.0,-1.1438078437175925e-07,-2.8210521628551975e-08,-1.2179778381693485e-07,-3.938452742361972e-08,1.6708579824813264e-07,4.737785578841034e-08
2481.0,-1.14580699844824e-07,-2.851110754427477e-08,-1.2229969220678427e-07,-3.9834060202713093e-08,1.6758863771390892e-07,4.7912162381946344e-08
2482.0,-1.1496686566636605e-07,-2.8808017528182814e-08,-1.2290514503354721e-07,-4.0278167238609124e-08,1.6829454797130397e-07,4.84400436870051e-08
2483.0,-1.1535660529582437e-07,-2.9101272710242014e-08,-1.2352905466583852e-07,-4.0716872919956494e-08,1.6901648952694627e-07,4.8961526278534125e-08
2484.0,-1.1561264104398283e-07,-2.939089503083508e-08,-1.2387643225086897e-07,-4.115020089422755e-08,1.69445133410107e-07,4.947663690100981e-08
2485.0,-1.1578547529089711e-07,-2.9676907195688488e-08,-1.239874724140444e-07,-4.157817403040167e-08,1.6964424424059417e-07,4.9985402418275354e-08
2486.0,-1.1593926152464462e-07,-2.9959332627483785e-08,-1.2413337065197982e-07,-4.200081438744099e-08,1.6985583908803884e-07,5.048784976458184e-08
2487.0,-1.1622013695866684e-07,-3.0238195414351625e-08,-1.2443760435965068e-07,-4.241814318828241e-08,1.702698963805999e-07,5.098400589676797e-08
2488.0,-1.164440414369583e-07,-3.051352025547527e-08,-1.2505927782235915e-07,-4.283018079906501e-08,1.7087725932850771e-07,5.147389774753273e-08
2489.0,-1.1670165894761553e-07,-3.0785332404056865e-08,-1.2583770249430248e-07,-4.3236946713298305e-08,1.7162285561710641e-07,5.1957552179765786e-08
2490.0,-1.1687976647634102e-07,-3.105365760792233e-08,-1.2642128832673905e-07,-4.3638459540655784e-08,1.721720707715293e-07,5.243499594190278e-08
2491.0,-1.1696989365983512e-07,-3.131852204806166e-08,-1.2662954723685615e-07,-4.4034737000059354e-08,1.7238618928500138e-07,5.290625562427592e-08
2492.0,-1.1717313727621637e-07,-3.157995227542004e-08,-1.267684694578053e-07,-4.4425795916717733e-08,1.7262615371902822e-07,5.337135761644307e-08
2493.0,-1.173030411139031e-07,-3.18379751462712e-08,-1.270193744767889e-07,-4.481165222280009e-08,1.7289859729634817e-07,5.3830328065504894e-08
2494.0,-1.1758485066182267e-07,-3.209261775651526e-08,-1.2736552039427362e-07,-4.519232096145922e-08,1.7334408813244043e-07,5.428319283545333e-08
2495.0,-1.1778241329474248e-07,-3.2343907375247615e-08,-1.2775176044810266e-07,-4.55678162939543e-08,1.7376193247982406e-07,5.47299774676254e-08
2496.0,-1.179665983785938e-07,-3.259187137794322e-08,-1.2801583541832695e-07,-4.593815150965425e-08,1.7408093649469095e-07,5.5170707142359346e-08
2497.0,-1.1817618247866868e-07,-3.28365371795949e-08,-1.28128040219333e-07,-4.630333903872732e-08,1.7430549272951386e-07,5.56054066419659e-08
2498.0,-1.1834183788472785e-07,-3.30779321681361e-08,-1.282251373829757e-07,-4.666339046734493e-08,1.7448918720315652e-07,5.603410031513952e-08
2499.0,-1.1850732364870886e-07,-3.33160836384697e-08,-1.2855822700830188e-07,-4.701831655524647e-08,1.7484622812602483e-07,5.645681204294348e-08
2500.0,-1.1862948437468823e-07,-3.355101872741362e-08,-1.2893388175172493e-07,-4.7368127255524934e-08,1.7520530935611565e-07,5.687356520650602e-08
2501.0,-1.1887635623097914e-07,-3.378276434986107e-08,-1.293387223016973e-07,-4.7712831736496307e-08,1.7567041059151147e-07,5.728438265655922e-08
2502.0,-1.1911182776214169e-07,-3.401134713643754e-08,-1.2963693039880209e-07,-4.805243840551053e-08,1.7604931478441478e-07,5.768928668493842e-08
2503.0,-1.193521052544888e-07,-3.423679337291759e-08,-1.2993475138889377e-07,-4.838695493455434e-08,1.7643118955324256e-07,5.808829899814246e-08
2504.0,-1.1952420148064746e-07,-3.445912894164413e-08,-1.3029609072234827e-07,-4.871638828749215e-08,1.7681376076853527e-07,5.8481440693038414e-08
2505.0,-1.1963365281753013e-07,-3.4678379265173226e-08,-1.3041298504989918e-07,-4.904074474879348e-08,1.769738894755115e-07,5.8868732234783295e-08
2506.0,-1.1980119302146264e-07,-3.489456925235042e-08,-1.3043982677318766e-07,-4.936002995360268e-08,1.7710695711344868e-07,5.925019343702922e-08
2507.0,-1.201445473386631e-07,-3.510772324700924e-08,-1.3063671522317577e-07,-4.967424891901701e-08,1.7748426301932625e-07,5.962584344447581e-08
2508.0,-1.204354458939072e-07,-3.531786497946809e-08,-1.309880896943616e-07,-4.9983406076446744e-08,1.779398108053461e-07,5.999570071782939e-08
2509.0,-1.204198080140273e-07,-3.5525017520987735e-08,-1.314065381369245e-07,-5.028750530493176e-08,1.7823750566944708e-07,6.035978302121923e-08
2510.0,-1.2044587044401922e-07,-3.572920324134066e-08,-1.3191691791702986e-07,-5.058654996528106e-08,1.7863169074871865e-07,6.071810741210794e-08
2511.0,-1.2045192740450794e-07,-3.593044376963683e-08,-1.3218044429830211e-07,-5.0880542934891516e-08,1.788304690771609e-07,6.107069023372002e-08
2512.0,-1.2068471849646656e-07,-3.612875995854457e-08,-1.3240437511663483e-07,-5.116948664309701e-08,1.7915278347990557e-07,6.14175471100052e-08
2513.0,-1.2110105243601232e-07,-3.6324171852034663e-08,-1.3268788551235033e-07,-5.145338310690763e-08,1.796428118875019e-07,6.175869294315063e-08
2514.0,-1.2124897513787758e-07,-3.651669865675699e-08,-1.3273341961661522e-07,-5.173223396701988e-08,1.797761793317071e-07,6.209414191365935e-08
2515.0,-1.2121688428012867e-07,-3.670635871713637e-08,-1.3263568475474496e-07,-5.2006040524010245e-08,1.7968238061908628e-07,6.242390748301875e-08
2516.0,-1.2119278536282252e-07,-3.689316949425342e-08,-1.325803912349821e-07,-5.227480377465833e-08,1.7962530825031335e-07,6.274800239899324e-08
2517.0,-1.212537311945372e-07,-3.7077147548560135e-08,-1.3267100847091928e-07,-5.253852444837395e-08,1.7973331304265167e-07,6.30664387035839e-08
2518.0,-1.2161795459597613e-07,-3.7258308526463846e-08,-1.3318536590256613e-07,-5.279720304371707e-08,1.8035872191471456e-07,6.337922774369723e-08
2519.0,-1.2198145987740716e-07,-3.743666715079219e-08,-1.3376667985787183e-07,-5.305083986499577e-08,1.8103314943407978e-07,6.368638018454637e-08
2520.0,-1.2210295263770377e-07,-3.761223721512362e-08,-1.3394338471695022e-07,-5.329943505890888e-08,1.812455829869469e-07,6.398790602577501e-08
2521.0,-1.2203494947904403e-07,-3.7785031581940775e-08,-1.3365917370111724e-07,-5.354298865118041e-08,1.8098978868659486e-07,6.428381462025988e-08
2522.0,-1.2199090518305589e-07,-3.7955062184543304e-08,-1.3347307241395878e-07,-5.378150058312206e-08,1.8082268111883315e-07,6.457411469552443e-08
2523.0,-1.222399168276933e-07,-3.812234003264384e-08,-1.339126496358034e-07,-5.4014970748059677e-08,1.8131518137906384e-07,6.485881437768607e-08
2524.0,-1.2262281987029944e-07,-3.8286875221560076e-08,-1.3474496751708642e-07,-5.424339902755647e-08,1.8218826039052182e-07,6.513792121784863e-08
2525.0,-1.2280682851195657e-07,-3.8448676944901204e-08,-1.3523529131254097e-07,-5.446678532735255e-08,1.8267485088416777e-07,6.541144222083022e-08
2526.0,-1.2279011865623524e-07,-3.860775351063056e-08,-1.3513312738244743e-07,-5.468512961292169e-08,1.8258799346006597e-07,6.567938387609092e-08
2527.0,-1.2271373356353976e-07,-3.876411236037432e-08,-1.3468491852353104e-07,-5.48984319445402e-08,1.822050704091234e-07,6.594175219071039e-08
2528.0,-1.2280633249206474e-07,-3.8917760091841904e-08,-1.3451085134619234e-07,-5.510669251177879e-08,1.8213886029628332e-07,6.619855272427326e-08
2529.0,-1.2306316732324518e-07,-3.9068702484223916e-08,-1.3498582270010662e-07,-5.5309911667357524e-08,1.826628464730955e-07,6.64497906255405e-08
2530.0,-1.2325148371350458e-07,-3.921694452643166e-08,-1.3566291645616957e-07,-5.550808996032562e-08,1.832903574631626e-07,6.669547067079821e-08
2531.0,-1.2328783474679916e-07,-3.936249044803549e-08,-1.3606368359786458e-07,-5.570122816853076e-08,1.836115905676269e-07,6.69355973037714e-08
2532.0,-1.2324309839328862e-07,-3.9505343752752154e-08,-1.3605117585302473e-07,-5.5889327330336285e-08,1.8357228481600504e-07,6.717017467697974e-08
2533.0,-1.2327085102681323e-07,-3.964550725432635e-08,-1.3574621104961437e-07,-5.607238877554732e-08,1.8336503627246178e-07,6.73992066944092e-08
2534.0,-1.2342012131738578e-07,-3.978298311464981e-08,-1.3542645029007705e-07,-5.625041415553099e-08,1.8322895454640605e-07,6.762269705538896e-08
2535.0,-1.235433444157774e-07,-3.9917772883957404e-08,-1.352709556867726e-07,-5.64234054725523e-08,1.8319713262452607e-07,6.784064929958568e-08
2536.0,-1.2357319142952683e-07,-4.004987754293231e-08,-1.353234022755112e-07,-5.6591365108378515e-08,1.832559871968671e-07,6.805306685304441e-08
2537.0,-1.2358689985281224e-07,-4.017929754654127e-08,-1.3555231932749212e-07,-5.675429585221139e-08,1.834343290943422e-07,6.825995307520119e-08
2538.0,-1.2368211699254061e-07,-4.0306032869408806e-08,-1.358723709515841e-07,-5.691220092798504e-08,1.837350463351001e-07,6.846131130676717e-08
2539.0,-1.2381947853135067e-07,-4.043008305252742e-08,-1.3614082963742113e-07,-5.706508402102361e-08,1.8402605456331703e-07,6.865714491834261e-08
2540.0,-1.239201113112376e-07,-4.055144725108756e-08,-1.3629129322345612e-07,-5.7212949304001353e-08,1.8420507755192745e-07,6.884745735957094e-08
2541.0,-1.2397361809357577e-07,-4.0670124283197663e-08,-1.362403035110038e-07,-5.7355801462102094e-08,1.8420336121792732e-07,6.90322522085988e-08
2542.0,-1.240093747967297e-07,-4.078611267925138e-08,-1.3609246898860228e-07,-5.749364571724152e-08,1.8411812825707698e-07,6.921153322157389e-08
2543.0,-1.2411226912867335e-07,-4.0899410731689016e-08,-1.3620607627884418e-07,-5.7626487851193886e-08,1.8427140462791985e-07,6.938530438188764e-08
2544.0,-1.2430040974287238e-07,-4.1010016544891576e-08,-1.3659807202026641e-07,-5.7754334227447156e-08,1.8468791282024888e-07,6.955356994885026e-08
2545.0,-1.244331011840405e-07,-4.1117928084939724e-08,-1.3693412684312456e-07,-5.787719181159084e-08,1.8502581377896055e-07,6.971633450546636e-08
2546.0,-1.2445624364421093e-07,-4.122314322896634e-08,-1.3702572998486318e-07,-5.799506819001969e-08,1.8510917659562917e-07,6.98736030049598e-08
2547.0,-1.244590293325576e-07,-4.132565981383237e-08,-1.3697867068396263e-07,-5.8107971586721935e-08,1.850762172856035e-07,7.002538081568593e-08
2548.0,-1.245332470478644e-07,-4.142547568386284e-08,-1.369523721789223e-07,-5.821591087792089e-08,1.8510667698848272e-07,7.017167376407373e-08
2549.0,-1.2472306629152108e-07,-4.152258873739231e-08,-1.371340565547996e-07,-5.831889560435501e-08,1.8536880193909152e-07,7.031248817525911e-08
2550.0,-1.2486088404872753e-07,-4.161699697188372e-08,-1.3741408132206256e-07,-5.841693598100691e-08,1.8566871064079752e-07,7.044783091109989e-08
2551.0,-1.2478819927386198e-07,-4.170869852740201e-08,-1.3749482327685136e-07,-5.8510042904121717e-08,1.8567961952229889e-07,7.057770940529514e-08
2552.0,-1.2462735932139424e-07,-4.179769172824492e-08,-1.3740840990039693e-07,-5.859822795538903e-08,1.8550754648471692e-07,7.070213169537082e-08
2553.0,-1.2459167722522757e-07,-4.1883975122559495e-08,-1.373612107113953e-07,-5.8681503403205066e-08,1.8544861348065028e-07,7.082110645134167e-08
2554.0,-1.2474195368317176e-07,-4.1967547519800185e-08,-1.3735822330940284e-07,-5.875988220098266e-08,1.8554739696209792e-07,7.093464300091564e-08
2555.0,-1.248838435441435e-07,-4.204840802590798e-08,-1.371926072468721e-07,-5.883337798253445e-08,1.855203111833112e-07,7.104275135116428e-08
2556.0,-1.248191712210911e-07,-4.212655607610719e-08,-1.3680892818612733e-07,-5.890200505461001e-08,1.8519316492721054e-07,7.114544220663601e-08
2557.0,-1.2463995133216166e-07,-4.220199146522991e-08,-1.3648133470600676e-07,-5.896577838671784e-08,1.848303876293524e-07,7.124272698393392e-08
2558.0,-1.2458272127813252e-07,-4.2274714375491976e-08,-1.364972510714546e-07,-5.902471359839918e-08,1.84803555136606e-07,7.133461782281634e-08
2559.0,-1.2470542193332435e-07,-4.234472540165776e-08,-1.367921709932718e-07,-5.907882694413919e-08,1.851041336778327e-07,7.142112759390072e-08
2560.0,-1.2486243980425193e-07,-4.2412025573541124e-08,-1.370634731684417e-07,-5.912813529609635e-08,1.8541042190466688e-07,7.150226990305435e-08
2561.0,-1.2489142287019916e-07,-4.247661637579293e-08,-1.3700709716735204e-07,-5.917265612481136e-08,1.8538827411885345e-07,7.15780590925436e-08
2562.0,-1.2479630173700684e-07,-4.253849976492588e-08,-1.3661864206593322e-07,-5.9212407478035195e-08,1.8503721324958834e-07,7.164851023899713e-08
2563.0,-1.2471067351027543e-07,-4.259767818352918e-08,-1.3629998242559171e-07,-5.9247407957803226e-08,1.8474424834511932e-07,7.17136391482305e-08
2564.0,-1.2478320257636177e-07,-4.2654154571631396e-08,-1.3643567071952578e-07,-5.927767669587797e-08,1.8489332029551583e-07,7.177346234698053e-08
2565.0,-1.2494123077799735e-07,-4.27079323751771e-08,-1.3683551013110584e-07,-5.930323332767688e-08,1.852950835320807e-07,7.18279970715981e-08
2566.0,-1.2502788923618446e-07,-4.275901555158918e-08,-1.3707777649085706e-07,-5.9324097964785426e-08,1.8553244970768045e-07,7.187726125374068e-08
2567.0,-1.2496678941653627e-07,-4.280740857239365e-08,-1.3695907789823547e-07,-5.934029116613371e-08,1.8540357999729092e-07,7.192127350309328e-08
2568.0,-1.248380083751499e-07,-4.2853116422892724e-08,-1.3666619709529204e-07,-5.935183390790003e-08,1.8510045316952418e-07,7.196005308714171e-08
2569.0,-1.2478984098840407e-07,-4.289614459888604e-08,-1.3651410749049298e-07,-5.935874755220724e-08,1.849556864706707e-07,7.199361990803377e-08
2570.0,-1.248734874947921e-07,-4.2936499100458126e-08,-1.3662386913471103e-07,-5.936105381469512e-08,1.8509313735644184e-07,7.202199447658961e-08
2571.0,-1.2496917223270287e-07,-4.297418642286778e-08,-1.3679654502218863e-07,-5.935877473107369e-08,1.8528515520282417e-07,7.20451978835505e-08
2572.0,-1.249508277956224e-07,-4.300921354458999e-08,-1.3679468016669638e-07,-5.935193262278104e-08,1.852714060202492e-07,7.206325176817986e-08
2573.0,-1.248241844331588e-07,-4.304158791257529e-08,-1.3655297505243968e-07,-5.934055006188749e-08,1.8500754583279962e-07,7.207617828435357e-08
2574.0,-1.2470227206407003e-07,-4.307131742480756e-08,-1.3622220568221266e-07,-5.9324649835411325e-08,1.8468120093520182e-07,7.208400006430587e-08
2575.0,-1.2465215182277944e-07,-4.309841041026103e-08,-1.3590765206294986e-07,-5.930425490924292e-08,1.8441542463501555e-07,7.20867401802336e-08
2576.0,-1.246121117959298e-07,-4.312287560637587e-08,-1.3557762215676838e-07,-5.9279388391907026e-08,1.8414524168689442e-07,7.208442210399953e-08
2577.0,-1.245381444914262e-07,-4.314472213418649e-08,-1.352785822250624e-07,-5.9250073498416525e-08,1.8387507781695244e-07,7.207706966520314e-08
2578.0,-1.2448817329757667e-07,-4.316395947124523e-08,-1.3517959182585138e-07,-5.921633351447674e-08,1.8376840679826134e-07,7.2064707007898e-08
2579.0,-1.2448131944675644e-07,-4.3180597422487714e-08,-1.3522661240772393e-07,-5.917819176128282e-08,1.8379835579915894e-07,7.204735854622574e-08
2580.0,-1.2446167499402527e-07,-4.31946460891858e-08,-1.352341850169303e-07,-5.9135671561116683e-08,1.8379062364416667e-07,7.202504891921036e-08
2581.0,-1.2441417715503e-07,-4.320611583613127e-08,-1.351451753561772e-07,-5.908879620390072e-08,1.836929663847124e-07,7.199780294491941e-08
2582.0,-1.2436422944239744e-07,-4.3215017257190155e-08,-1.3501999121534602e-07,-5.903758891481336e-08,1.8356704386298048e-07,7.196564557415811e-08
2583.0,-1.2435112667352755e-07,-4.322136113936338e-08,-1.3498851578197524e-07,-5.898207282302314e-08,1.8353501599966223e-07,7.192860184382533e-08
2584.0,-1.2437535418241552e-07,-4.3225158425487e-08,-1.351389363607458e-07,-5.8922270931557084e-08,1.8366208331801916e-07,7.188669683002884e-08
2585.0,-1.2437542301624305e-07,-4.322642017570272e-08,-1.35320117736204e-07,-5.885820608828548e-08,1.8379548447829046e-07,7.183995560103153e-08
2586.0,-1.2429196236118933e-07,-4.3225157527829354e-08,-1.3531676086586675e-07,-5.878990095798059e-08,1.8373654421161153e-07,7.178840317008306e-08
2587.0,-1.2421047138055918e-07,-4.322138165676782e-08,-1.3520827867041785e-07,-5.8717377995396095e-08,1.8360152456229247e-07,7.173206444818503e-08
2588.0,-1.2417478814641392e-07,-4.321510373307836e-08,-1.3505104365374443e-07,-5.8640659419322975e-08,1.8346161016183294e-07,7.167096419684987e-08
2589.0,-1.2413738220695691e-07,-4.3206334880876814e-08,-1.3480775566676595e-07,-5.855976718760651e-08,1.832572526507657e-07,7.160512698094059e-08
2590.0,-1.2409852981343228e-07,-4.319508613520607e-08,-1.3454706464244293e-07,-5.847472297315301e-08,1.8303922450052354e-07,7.153457712171799e-08
2591.0,-1.2405180294106088e-07,-4.318136839904816e-08,-1.3432667464452486e-07,-5.8385548141005825e-08,1.8284557783546157e-07,7.145933865026668e-08
2592.0,-1.2395201109960396e-07,-4.316519240015246e-08,-1.3406921672842742e-07,-5.829226372662068e-08,1.825887617839893e-07,7.137943526151545e-08
2593.0,-1.2376000055325242e-07,-4.3146568647866904e-08,-1.3362349332579626e-07,-5.8194890415514776e-08,1.8213120464525062e-07,7.129489026910897e-08
2594.0,-1.236320247843814e-07,-4.312550739017123e-08,-1.3332688117428937e-07,-5.809344852449959e-08,1.8182666140021647e-07,7.120572656142246e-08
2595.0,-1.2361145285133546e-07,-4.310201857112232e-08,-1.3327158603082534e-07,-5.7987957984731393e-08,1.8177212910451813e-07,7.111196655903726e-08
2596.0,-1.2356978834615617e-07,-4.30761117889296e-08,-1.331180988356495e-07,-5.7878438326823545e-08,1.8163127712354936e-07,7.101363217400801e-08
2597.0,-1.2339153018792182e-07,-4.304779625488078e-08,-1.3265839708676008e-07,-5.7764908668261494e-08,1.811731769323079e-07,7.091074477125235e-08
2598.0,-1.23215535163812e-07,-4.3017080753337994e-08,-1.3233561312053777e-07,-5.764738770334819e-08,1.8081698649654916e-07,7.080332513238502e-08
2599.0,-1.2311204117265717e-07,-4.29839736030211e-08,-1.3219892446014736e-07,-5.752589369588763e-08,1.806464234633993e-07,7.069139342230162e-08
2600.0,-1.230620564895979e-07,-4.2948482619790025e-08,-1.3212174168608648e-07,-5.7400444474787775e-08,1.805558760428858e-07,7.057496915879494e-08
2601.0,-1.230268825425096e-07,-4.291061508112859e-08,-1.32055461329883e-07,-5.7271057432727274e-08,1.8048340282468268e-07,7.045407118545459e-08
2602.0,-1.2297872425959255e-07,-4.287037769251868e-08,-1.3198211330778253e-07,-5.713774952798827e-08,1.8039690921328238e-07,7.032871764806026e-08
2603.0,-1.2285747658102864e-07,-4.282777655587772e-08,-1.3171426513358675e-07,-5.700053728951365e-08,1.8011831442565407e-07,7.019892597463679e-08
2604.0,-1.227000900883013e-07,-4.278281714021732e-08,-1.313773530936535e-07,-5.68594368252104e-08,1.797646267027297e-07,7.00647128593029e-08
2605.0,-1.2263735485462668e-07,-4.27355042546683e-08,-1.3132317097652724e-07,-5.671446383349232e-08,1.7968220847115005e-07,6.992609425001539e-08
2606.0,-1.2261025228443856e-07,-4.268584202400559e-08,-1.3135776795458742e-07,-5.656563361803237e-08,1.7968900124177025e-07,6.97830853402875e-08
2607.0,-1.2255485579149017e-07,-4.263383386679621e-08,-1.3135134284414374e-07,-5.641296110567581e-08,1.7964650830181127e-07,6.963570056493831e-08
2608.0,-1.2240594460255494e-07,-4.2579482476282e-08,-1.3109012259038266e-07,-5.625646086744985e-08,1.7935393922299365e-07,6.948395359991204e-08
2609.0,-1.2225313500424662e-07,-4.252278980409995e-08,-1.3074166704818424e-07,-5.609614714260021e-08,1.7899500697199576e-07,6.932785736619596e-08
2610.0,-1.2214540365262927e-07,-4.246375704693641e-08,-1.304480177211076e-07,-5.593203386559302e-08,1.7870698072775485e-07,6.916742403786764e-08
2611.0,-1.2203237015340207e-07,-4.240238463620658e-08,-1.3010833985194203e-07,-5.576413469603966e-08,1.7838183613890004e-07,6.90026650543128e-08
2612.0,-1.2191108150760854e-07,-4.233867223084604e-08,-1.297638374808674e-07,-5.559246305152493e-08,1.7804764899350887e-07,6.883359113666889e-08
2613.0,-1.2177718414219108e-07,-4.227261871329497e-08,-1.2945332106273355e-07,-5.54170321433379e-08,1.7772969620120405e-07,6.866021230855921e-08
2614.0,-1.2162350140898504e-07,-4.220422218874801e-08,-1.2912603358783414e-07,-5.5237855015115414e-08,1.773860441103185e-07,6.848253792118522e-08
2615.0,-1.214857740239328e-07,-4.213347998773457e-08,-1.2882311885287212e-07,-5.505494458441021e-08,1.7707114175148723e-07,6.830057668284016e-08
2616.0,-1.2135006896563105e-07,-4.206038867208479e-08,-1.285178414522914e-07,-5.486831368718789e-08,1.7675597531489486e-07,6.811433669289537e-08
2617.0,-1.2116566500131043e-07,-4.19849440443253e-08,-1.2810561678122667e-07,-5.4677975125240826e-08,1.7632971226117364e-07,6.792382548029125e-08
2618.0,-1.2098143858940702e-07,-4.1907141160536223e-08,-1.2774807858773052e-07,-5.4483941716483344e-08,1.7594340017749866e-07,6.77290500465384e-08
2619.0,-1.208472382718817e-07,-4.182697434668527e-08,-1.275611974244084e-07,-5.4286226348061164e-08,1.7571543496884345e-07,6.753001691320136e-08
2620.0,-1.2073169541881867e-07,-4.1744437218436724e-08,-1.2742896624007294e-07,-5.4084842032168234e-08,1.755399775427696e-07,6.732673217379553e-08
2621.0,-1.205744177834589e-07,-4.1659522704411555e-08,-1.2721445473429238e-07,-5.387980196441771e-08,1.7527608997568213e-07,6.711920154997923e-08
2622.0,-1.2037992838664913e-07,-4.1572223072850754e-08,-1.2691936583653085e-07,-5.36711195845641e-08,1.7492813548060795e-07,6.690743045186996e-08
2623.0,-1.2025724591135933e-07,-4.1482529961608064e-08,-1.2675324298494495e-07,-5.3458808639326076e-08,1.7472318049241677e-07,6.669142404226136e-08
2624.0,-1.2014454980890932e-07,-4.139043441137149e-08,-1.2651210447300887e-07,-5.324288324701838e-08,1.744707007694272e-07,6.647118730446856e-08
2625.0,-1.200846968529845e-07,-4.1295926901984975e-08,-1.2640698152099894e-07,-5.3023357963667315e-08,1.743532603524332e-07,6.624672511348582e-08
2626.0,-1.199671380014422e-07,-4.119899739171359e-08,-1.2616859096370447e-07,-5.2800247850257257e-08,1.7409947600732073e-07,6.601804231010048e-08
2627.0,-1.198528166990176e-07,-4.109963535926914e-08,-1.2595615915544922e-07,-5.25735685407371e-08,1.7386676421870043e-07,6.578514377757577e-08
2628.0,-1.196604697550896e-07,-4.0997829848389996e-08,-1.2554034696521388e-07,-5.234333631040638e-08,1.7343300360126096e-07,6.554803452049178e-08
2629.0,-1.1953258982622117e-07,-4.0893569514750955e-08,-1.2530694552814747e-07,-5.210956814430222e-08,1.731758373103989e-07,6.530671974532157e-08
2630.0,-1.19396523973192e-07,-4.078684267496548e-08,-1.249648105411394e-07,-5.1872281805217455e-08,1.728344115344623e-07,6.50612049423173e-08
2631.0,-1.1928693818830105e-07,-4.067763735743235e-08,-1.2469484650390328e-07,-5.1631495900994415e-08,1.7256354877833139e-07,6.481149596828287e-08
2632.0,-1.1907484678830293e-07,-4.0565941354770444e-08,-1.2415532958665043e-07,-5.1387229950754824e-08,1.720272216901372e-07,6.455759912981523e-08
2633.0,-1.189225188047427e-07,-4.0451742277579553e-08,-1.2379245088733892e-07,-5.113950444974159e-08,1.7165994400429763e-07,6.429952126660264e-08
2634.0,-1.1869194127545057e-07,-4.0335027609261305e-08,-1.232562151787242e-07,-5.088834093246252e-08,1.711136216200188e-07,6.403726983437637e-08
2635.0,-1.1852221271091423e-07,-4.021578476163282e-08,-1.2292804160707327e-07,-5.063376203383481e-08,1.7075953361157185e-07,6.377085298711516e-08
2636.0,-1.1836339289250652e-07,-4.0094001131064226e-08,-1.2257993299569225e-07,-5.0375791548028606e-08,1.7039874632829392e-07,6.35002796581012e-08
2637.0,-1.1822140030814943e-07,-3.9969664154869266e-08,-1.2226782511448597e-07,-5.011445448469758e-08,1.7007563184961638e-07,6.322555963941644e-08
2638.0,-1.1797255228263026e-07,-3.9842761367675424e-08,-1.217677523257521e-07,-4.984977712226346e-08,1.695432351895635e-07,6.294670365945011e-08
2639.0,-1.177997207557624e-07,-3.9713280457497394e-08,-1.2149104976211245e-07,-4.958178705789466e-08,1.692242576654886e-07,6.266372345796672e-08
2640.0,-1.1759923751464285e-07,-3.958120932123505e-08,-1.2120370079804488e-07,-4.9310513253787864e-08,1.6887841114591103e-07,6.23766318582586e-08
2641.0,-1.1742824460037049e-07,-3.9446536119315146e-08,-1.210285318908877e-07,-4.903598607932722e-08,1.6863362108899892e-07,6.208544283588041e-08
2642.0,-1.1729180238173598e-07,-3.930924932919382e-08,-1.209116356204465e-07,-4.875823734866044e-08,1.6845471360091956e-07,6.179017158343551e-08
2643.0,-1.1710008560039675e-07,-3.9169337797433977e-08,-1.2066318860748382e-07,-4.8477300353198684e-08,1.6814290092818506e-07,6.149083457085777e-08
2644.0,-1.1692979698385564e-07,-3.902679079007045e-08,-1.204858721820523e-07,-4.819320988852349e-08,1.678970601831835e-07,6.118744960061384e-08
2645.0,-1.167624635312059e-07,-3.888159804097545e-08,-1.203000885297012e-07,-4.790600227517479e-08,1.676472015577061e-07,6.08800358572436e-08
2646.0,-1.1662082097241289e-07,-3.8733749797940013e-08,-1.2016965139638458e-07,-4.761571537280222e-08,1.6745495215432768e-07,6.05686139506636e-08
2647.0,-1.1647639894252215e-07,-3.858323686619318e-08,-1.1998788304601327e-07,-4.732238858718821e-08,1.6722393246327314e-07,6.025320595268036e-08
2648.0,-1.1628654458806231e-07,-3.843005064909046e-08,-1.1965141068215335e-07,-4.70260628696962e-08,1.668502937679785e-07,5.993383542619947e-08
2649.0,-1.1614077013999413e-07,-3.82741831857167e-08,-1.194133758125604e-07,-4.672678070876174e-08,1.6657800818734368e-07,5.961052744667067e-08
2650.0,-1.1598254689992871e-07,-3.811562718516779e-08,-1.191213954421233e-07,-4.642458611312679e-08,1.6625840741891182e-07,5.928330861538133e-08
2651.0,-1.157624207881458e-07,-3.7954376057299494e-08,-1.1866599107512865e-07,-4.6119524586616273e-08,1.6577863404122453e-07,5.895220706429759e-08
2652.0,-1.1553145420895028e-07,-3.77904239397608e-08,-1.182051104636761e-07,-4.5811643094366136e-08,1.6528752237045796e-07,5.861725245225085e-08
2653.0,-1.1529460125503377e-07,-3.762376572116264e-08,-1.1761406951138476e-07,-4.550099002053038e-08,1.646994669863448e-07,5.827847595237475e-08
2654.0,-1.1511421352250473e-07,-3.7454397060269475e-08,-1.1718366148272263e-07,-4.51876151176147e-08,1.6426592060863428e-07,5.793591023080898e-08
2655.0,-1.1489579854195853e-07,-3.7282314401139355e-08,-1.1672923160011006e-07,-4.4871569447700056e-08,1.6378876039749018e-07,5.758958941679492e-08
2656.0,-1.1458664853081224e-07,-3.7107514984176456e-08,-1.1612160424889773e-07,-4.4552905315925655e-08,1.631389806112001e-07,5.723954906439039e-08
2657.0,-1.143249432344895e-07,-3.692999685309834e-08,-1.1564637020233803e-07,-4.423167619669361e-08,1.6261695971375638e-07,5.68858261061235e-08
2658.0,-1.1403374919338738e-07,-3.67497588578578e-08,-1.1514026897196938e-07,-4.3907936653136714e-08,1.6205239120123416e-07,5.652845879898796e-08
2659.0,-1.1377406966550652e-07,-3.6566800653594724e-08,-1.147104268378607e-07,-4.3581742250455926e-08,1.615642935601048e-07,5.6167486663253365e-08
2660.0,-1.1347746450840468e-07,-3.638112269572536e-08,-1.1412185371706407e-07,-4.325314946378348e-08,1.6093766634034188e-07,5.5802950414621414e-08
2661.0,-1.1323286711051317e-07,-3.619272623130304e-08,-1.1372697247824526e-07,-4.292221558126317e-08,1.6048522194624243e-07,5.543489189030246e-08
2662.0,-1.1298781035784522e-07,-3.600161328680599e-08,-1.1338788856452009e-07,-4.258899860306048e-08,1.600720417892532e-07,5.506335396961733e-08
2663.0,-1.1261938320794584e-07,-3.580778665252434e-08,-1.1280222696197217e-07,-4.2253557137025006e-08,1.593972016119431e-07,5.468838048974764e-08
2664.0,-1.1234216554245613e-07,-3.561124986373078e-08,-1.1232128302451905e-07,-4.19159502917262e-08,1.588610486527227e-07,5.431001615726541e-08
2665.0,-1.1210841863174004e-07,-3.541200717882717e-08,-1.1190164839192107e-07,-4.1576237567573485e-08,1.583991049246763e-07,5.3928306456071215e-08
2666.0,-1.1191362009332906e-07,-3.521006355466222e-08,-1.1161516415281181e-07,-4.123447874671416e-08,1.580588600213639e-07,5.354329755236004e-08
2667.0,-1.1167840766046488e-07,-3.500542461921361e-08,-1.112068628017493e-07,-4.0890733782375464e-08,1.5760403888157206e-07,5.315503619721328e-08
2668.0,-1.1136583061288619e-07,-3.479809664182213e-08,-1.1068636888988959e-07,-4.054506268828389e-08,1.5701535111614652e-07,5.2763569627388046e-08
2669.0,-1.1114352527208382e-07,-3.4588086501159404e-08,-1.1028981190819298e-07,-4.019752542875681e-08,1.5657817798355848e-07,5.236894546484433e-08
2670.0,-1.1087075998950091e-07,-3.4375401651104215e-08,-1.0983487976068407e-07,-3.984818181002243e-08,1.5606417344379024e-07,5.197121161551831e-08
2671.0,-1.1066055002895148e-07,-3.416005008469725e-08,-1.0946235946829308e-07,-3.949709137328234e-08,1.556527078886708e-07,5.1570416167817375e-08
2672.0,-1.104426397280367e-07,-3.3942040296338e-08,-1.0914644450743527e-07,-3.914431328998598e-08,1.5527563562488338e-07,5.1166607291276804e-08
2673.0,-1.1021936113797537e-07,-3.372138124238195e-08,-1.0879629711024741e-07,-3.878990625973716e-08,1.5487072620274196e-07,5.075983313578031e-08
2674.0,-1.0986344153862682e-07,-3.349808230029212e-08,-1.082139383656866e-07,-3.843392841120324e-08,1.5420840522916997e-07,5.035014173170851e-08
2675.0,-1.0962081264942469e-07,-3.3272153226496386e-08,-1.0782854427404676e-07,-3.80764372063479e-08,1.5376513755133292e-07,4.9937580891344297e-08
2676.0,-1.0937585753767465e-07,-3.3043604113103185e-08,-1.0749533081721996e-07,-3.7717489348262017e-08,1.5335685299198488e-07,4.952219811183167e-08
2677.0,-1.0913093645426031e-07,-3.281244534362873e-08,-1.0719730300645658e-07,-3.735714069282e-08,1.529732756504935e-07,4.9104040479953723e-08
2678.0,-1.0879489401038889e-07,-3.257868754789053e-08,-1.0674087314033187e-07,-3.699544616434165e-08,1.5241372300909185e-07,4.868315457896333e-08
2679.0,-1.0847969067473429e-07,-3.2342341556223474e-08,-1.0633286708083833e-07,-3.6632459675393226e-08,1.519030016507813e-07,4.82595863976696e-08
2680.0,-1.0815870443714459e-07,-3.210341835317602e-08,-1.0590147168920705e-07,-3.626823405081771e-08,1.5137181722983152e-07,4.7833381241954546e-08
2681.0,-1.0789331048033368e-07,-3.186192903084542e-08,-1.0555708365722616e-07,-3.590282095604574e-08,1.5094126127942724e-07,4.740458364886917e-08
2682.0,-1.0757254878535072e-07,-3.161788474201017e-08,-1.0512903324266798e-07,-3.553627082970252e-08,1.504126553276507e-07,4.697323730343283e-08
2683.0,-1.0725204907524599e-07,-3.1371296653213715e-08,-1.0468492674109431e-07,-3.516863282049165e-08,1.4987306601797153e-07,4.653938495823451e-08
2684.0,-1.0693471069744831e-07,-3.112217589794756e-08,-1.0430308670927868e-07,-3.4799954728304424e-08,1.4937926981020583e-07,4.6103068355908164e-08
2685.0,-1.0663912758390737e-07,-3.087053353007277e-08,-1.0388094742741494e-07,-3.4430282949472485e-08,1.4887294841667582e-07,4.5664328154527704e-08
2686.0,-1.0632944663635513e-07,-3.0616380477608126e-08,-1.0345673885636675e-07,-3.4059662426052874e-08,1.4835514159201884e-07,4.522320385594035e-08
2687.0,-1.0606963038450878e-07,-3.0359727496999835e-08,-1.0304820692585981e-07,-3.368813659900722e-08,1.4788407433033867e-07,4.477973373702954e-08
2688.0,-1.0578099460256674e-07,-3.010058512797227e-08,-1.0257365887222925e-07,-3.331574736511082e-08,1.4734644316557053e-07,4.4333954783871034e-08
2689.0,-1.0552180276790502e-07,-2.983896364904336e-08,-1.021422295216512e-07,-3.294253503740256e-08,1.468600895786269e-07,4.388590262871784e-08
2690.0,-1.0525903940128423e-07,-2.9574873033772257e-08,-1.0177029513558367e-07,-3.256853830896321e-08,1.4641263042396618e-07,4.34356114897233e-08
2691.0,-1.0498613517428979e-07,-2.9308322907792814e-08,-1.0134620427593166e-07,-3.219379421978565e-08,1.4592169715286728e-07,4.298311411328626e-08
2692.0,-1.0464870711657248e-07,-2.903932250667518e-08,-1.0083862216070383e-07,-3.1818338126477546e-08,1.4532645877623026e-07,4.252844171887934e-08
2693.0,-1.0442532438759144e-07,-2.8767880634649697e-08,-1.0061530833493926e-07,-3.144220367451437e-08,1.4501065010815102e-07,4.207162394620082e-08
2694.0,-1.0404803318930789e-07,-2.8494005624222646e-08,-1.0009288327339494e-07,-3.10654227727396e-08,1.443765164164338e-07,4.161268880447449e-08
2695.0,-1.0377652284732086e-07,-2.8217705296711946e-08,-9.97891324017175e-08,-3.0688025569790204e-08,1.439702665128047e-07,4.1151662623708305e-08
2696.0,-1.0347363085805306e-07,-2.7938986923730965e-08,-9.939392427160687e-08,-3.0310040432109905e-08,1.4347802781282767e-07,4.068857000771424e-08
2697.0,-1.0316102169727337e-07,-2.7657857189651166e-08,-9.901077362151067e-08,-2.9931493923201955e-08,1.4298716617499396e-07,4.022343378868632e-08
2698.0,-1.0279535897494974e-07,-2.7374322155077844e-08,-9.851972554431043e-08,-2.9552410783767524e-08,1.4238336331227405e-07,3.975627498313428e-08
2699.0,-1.0248955220615308e-07,-2.708838722137765e-08,-9.82020974260589e-08,-2.917281391237605e-08,1.4194280626468866e-07,3.9287112748975036e-08
2700.0,-1.0210226586426785e-07,-2.6800057096302878e-08,-9.771398251645635e-08,-2.879272434631882e-08,1.4132549336140304e-07,3.881596434359292e-08
2701.0,-1.0184336970975316e-07,-2.6509335760762443e-08,-9.752139772112312e-08,-2.8412161242306505e-08,1.410053012028943e-07,3.834284508269105e-08
2702.0,-1.0148922213737421e-07,-2.6216226436794933e-08,-9.698677959357749e-08,-2.8031141856683634e-08,1.4037983340203275e-07,3.7867768299769874e-08
2703.0,-1.0120281423997568e-07,-2.592073155680292e-08,-9.668284418895556e-08,-2.764968152485044e-08,1.3996278780646263e-07,3.73907453060848e-08
2704.0,-1.0077648310291565e-07,-2.5622852734111388e-08,-9.598930865439836e-08,-2.72677936396049e-08,1.3917559743914018e-07,3.6911785350954074e-08
2705.0,-1.0047463905316079e-07,-2.5322590734917757e-08,-9.56851948230586e-08,-2.6885489628146398e-08,1.387472868246065e-07,3.643089558231157e-08
2706.0,-1.0012942364134858e-07,-2.50199454517047e-08,-9.530227650100809e-08,-2.6502778927513463e-08,1.382332282232577e-07,3.594808100742525e-08
2707.0,-9.984829685283358e-08,-2.4714915878192162e-08,-9.503531585297598e-08,-2.6119668958259244e-08,1.378455427051832e-07,3.546334445372709e-08
2708.0,-9.942474171742433e-08,-2.4407500085907827e-08,-9.453831391337264e-08,-2.5736165096199056e-08,1.3719610804669322e-07,3.49766865297249e-08
2709.0,-9.918294346933365e-08,-2.4097695202458725e-08,-9.431715433660948e-08,-2.5352270642096424e-08,1.368684838719157e-07,3.4488105585991555e-08
2710.0,-9.874614301241813e-08,-2.378549739159028e-08,-9.376262176397088e-08,-2.4967986789192023e-08,1.361698571633326e-07,3.399759767625644e-08
2711.0,-9.847233964355162e-08,-2.3470901835123254e-08,-9.344906086450333e-08,-2.4583312588524788e-08,1.357554000816639e-07,3.3505156518658415e-08
2712.0,-9.811564305461928e-08,-2.3153902716864135e-08,-9.306748870174797e-08,-2.419824491204548e-08,1.3523400779859868e-07,3.301077345725867e-08
2713.0,-9.778638815349794e-08,-2.2834493208589526e-08,-9.262011745059251e-08,-2.3812778413579617e-08,1.3468728174801107e-07,3.251443742395467e-08
2714.0,-9.745796250570926e-08,-2.2512665458211512e-08,-9.221961305705406e-08,-2.3426905487756374e-08,1.3417343808726453e-07,3.201613490098221e-08
2715.0,-9.701583755794552e-08,-2.218841058023775e-08,-9.156083449757269e-08,-2.3040616227083628e-08,1.333996220045678e-07,3.1515849884241454e-08
2716.0,-9.67295564480164e-08,-2.1861718648648736e-08,-9.125672804921603e-08,-2.265389837741421e-08,1.3298269626112475e-07,3.1013563847733204e-08
2717.0,-9.627811278778431e-08,-2.1532578692323884e-08,-9.067164438714137e-08,-2.2266737292112582e-08,1.3225287179432264e-07,3.0509255709442335e-08
2718.0,-9.603749781539328e-08,-2.1200978693156845e-08,-9.041024294498268e-08,-2.187911588529156e-08,1.3189849512413877e-07,3.000290179905288e-08
2719.0,-9.5638366198747e-08,-2.0866905587009298e-08,-8.993687211633627e-08,-2.1491014584542924e-08,1.3128342643013192e-07,2.9494475827922026e-08
2720.0,-9.52323326863791e-08,-2.053034526765983e-08,-8.940327976547646e-08,-2.1102411283636435e-08,1.306221406259798e-07,2.8983948861779778e-08
2721.0,-9.476352122450571e-08,-2.0191282593912695e-08,-8.878354829100488e-08,-2.0713281295708402e-08,1.2985624129016108e-07,2.847128929665817e-08
2722.0,-9.440591375309282e-08,-1.984970140003912e-08,-8.845353231812236e-08,-2.0323597307506296e-08,1.2936964068555466e-07,2.7956462838589422e-08
2723.0,-9.405391671046814e-08,-1.9505584509730573e-08,-8.811930819752067e-08,-1.9933329335295232e-08,1.2888425709057454e-07,2.7439432487643562e-08
2724.0,-9.358651384405725e-08,-1.9158913753747106e-08,-8.74645552928488e-08,-1.9542444683065e-08,1.2809560494435288e-07,2.692015852689911e-08
2725.0,-9.321142480089861e-08,-1.8809669991443047e-08,-8.702395189186252e-08,-1.915090790370094e-08,1.2752073524055128e-07,2.6398598516955895e-08
2726.0,-9.284245802709812e-08,-1.8457833136349026e-08,-8.665276640673625e-08,-1.8758680763801955e-08,1.269977320209061e-07,2.5874707296607963e-08
2727.0,-9.247085264174615e-08,-1.8103382185982276e-08,-8.630108648544077e-08,-1.8365722212843737e-08,1.2648611037129357e-07,2.5348436990298164e-08
2728.0,-9.197517431003277e-08,-1.774629525604848e-08,-8.573144842649594e-08,-1.797198835739475e-08,1.2573509430014298e-07,2.4819737022973756e-08
2729.0,-9.157137520476866e-08,-1.7386549619186955e-08,-8.525437195094909e-08,-1.7577432441097405e-08,1.2511444638267516e-07,2.428855414295505e-08
2730.0,-9.122936023286954e-08,-1.7024121748397532e-08,-8.486648236938343e-08,-1.718200483112836e-08,1.245998234278506e-07,2.3754832453418473e-08
2731.0,-9.084077096099819e-08,-1.6658987365271963e-08,-8.448377183944977e-08,-1.6785653011850703e-08,1.2405463865978064e-07,2.3218513453079907e-08
2732.0,-9.044837329108546e-08,-1.6291121493133455e-08,-8.39129811192052e-08,-1.6388321586364577e-08,1.2337867170348215e-07,2.2679536086644006e-08
2733.0,-8.996736536315275e-08,-1.5920498515167053e-08,-8.329682893437607e-08,-1.5989952286652186e-08,1.2260704931165143e-07,2.213783680555916e-08
2734.0,-8.961356109948859e-08,-1.554709223760198e-08,-8.286394075074366e-08,-1.559048399299775e-08,1.220533613206721e-07,2.159334963958879e-08
2735.0,-8.917546420739164e-08,-1.5170875957984973e-08,-8.224499696563026e-08,-1.518985276334109e-08,1.2131159442724475e-07,2.1046006279675513e-08
2736.0,-8.879528987093543e-08,-1.4791822538560479e-08,-8.182402885803519e-08,-1.4787991873192412e-08,1.207467399221363e-07,2.0495736172532865e-08
2737.0,-8.839980153441118e-08,-1.4409904484748804e-08,-8.137704086974562e-08,-1.4384831866691985e-08,1.2015301782327207e-07,1.9942466627348458e-08
2738.0,-8.79612649662409e-08,-1.4025094028687297e-08,-8.078340286987729e-08,-1.3980300619343119e-08,1.1942839827150886e-07,1.9386122934921607e-08
2739.0,-8.754058425375355e-08,-1.363736321777328e-08,-8.034355904185109e-08,-1.3574323412880834e-08,1.1882104767674764e-07,1.8826628499491062e-08
2740.0,-8.70328550894861e-08,-1.3246684008120966e-08,-7.972728048588618e-08,-1.3166823022664227e-08,1.1803032287807509e-07,1.8263904983434597e-08
2741.0,-8.67245238400649e-08,-1.285302836281768e-08,-7.937267408608673e-08,-1.2757719817898111e-08,1.1756344851552343e-07,1.7697872464942658e-08
2742.0,-8.627386458015529e-08,-1.2456368354836763e-08,-7.897110926302631e-08,-1.2346931874898309e-08,1.1695988973929401e-07,1.71284496086819e-08
2743.0,-8.583983268639628e-08,-1.2056676274434975e-08,-7.852114368434027e-08,-1.1934375103515592e-08,1.163359225739209e-07,1.6555553849371366e-08
2744.0,-8.541920734628228e-08,-1.1653924740831495e-08,-7.809900921806889e-08,-1.1519963386728623e-08,1.1574064206021658e-07,1.597910158809664e-08
2745.0,-8.49128346802619e-08,-1.1248086817935883e-08,-7.762149002721319e-08,-1.1103608733308896e-08,1.1504470960232046e-07,1.539900840108815e-08
2746.0,-8.452460872887535e-08,-1.0839136133862234e-08,-7.73477770166231e-08,-1.0685221443354168e-08,1.1457350518415119e-07,1.4815189260591934e-08
2747.0,-8.4178148923586e-08,-1.0427047003936893e-08,-7.707554718072718e-08,-1.0264710286381942e-08,1.1413413481255257e-07,1.4227558767363455e-08
2748.0,-8.375168272789502e-08,-1.0011794556876495e-08,-7.670586277264135e-08,-9.84198269157216e-09,1.1356995088248156e-07,1.3636031394219401e-08
2749.0,-8.326989098250692e-08,-9.593354863782361e-09,-7.625871417671348e-08,-9.4169449496526e-09,1.129126486808465e-07,1.3040521739990896e-08
2750.0,-8.28179928524797e-08,-9.171705069569052e-09,-7.569802863705011e-08,-8.98950242583419e-09,1.1220076416695671e-07,1.2440944793137856e-08
2751.0,-8.241643414952371e-08,-8.746823526419332e-09,-7.537274970825791e-08,-8.559559783128348e-09,1.1168491400590534e-07,1.1837216204211039e-08
2752.0,-8.195860107251818e-08,-8.318689928834797e-09,-7.491781299495681e-08,-8.127021215311911e-09,1.1104004229876489e-07,1.1229252566282013e-08
2753.0,-8.158723238671506e-08,-7.88728544982955e-09,-7.452100793392535e-08,-7.691790688743006e-09,1.1049822221199766e-07,1.0616971702399321e-08
2754.0,-8.123335620835448e-08,-7.452592877793408e-09,-7.412247171600939e-08,-7.253772192172572e-09,1.0996817255080678e-07,1.0000292959070178e-08
2755.0,-8.076352855934665e-08,-7.014596753533196e-09,-7.360675230438929e-08,-6.8128699936408615e-09,1.0927351705768475e-07,9.379137504712868e-09
2756.0,-8.030391543401016e-08,-6.573283506986673e-09,-7.309436553248894e-08,-6.368988903498941e-09,1.0858869695612782e-07,8.753428631977678e-09
2757.0,-7.989921854689719e-08,-6.1286415930955265e-09,-7.26663832439911e-08,-5.922034542550781e-09,1.080013350758565e-07,8.123092062794889e-09
2758.0,-7.946159216731807e-08,-5.68066162632112e-09,-7.225619327866362e-08,-5.471913614271036e-09,1.0740159261802768e-07,7.488056254975835e-09
2759.0,-7.905085303017145e-08,-5.229336513288726e-09,-7.198382227791011e-08,-5.01853418001538e-09,1.0691448935731544e-07,6.848252709165858e-09
2760.0,-7.855895961528248e-08,-4.774661583051701e-09,-7.146781254296908e-08,-4.561805936104754e-09,1.0620338208132805e-07,6.203616274925352e-09
2761.0,-7.82350019490341e-08,-4.316634714477046e-09,-7.129122678306565e-08,-4.101640491634715e-09,1.0584495522319365e-07,5.5540854546998545e-09
2762.0,-7.762869416727547e-08,-3.85525646026822e-09,-7.071781632506102e-08,-3.637951645840209e-09,1.0501058853230686e-07,4.8996027044343514e-09
2763.0,-7.727261630563476e-08,-3.3905301671602906e-09,-7.057495213236287e-08,-3.1706556638373512e-09,1.0465123553596087e-07,4.240114729593484e-09
2764.0,-7.667793608390205e-08,-2.922462091845946e-09,-6.99826665229164e-08,-2.699671549568296e-09,1.0381271355544413e-07,3.5755727753678596e-09
2765.0,-7.63572805817514e-08,-2.4510615122179487e-09,-6.987340114839036e-08,-2.2249213147941366e-09,1.035023018385784e-07,2.9059329098783826e-09
2766.0,-7.576745983395305e-08,-1.9763408335430276e-09,-6.940582834846776e-08,-1.746330243014084e-09,1.0275153029724988e-07,2.2311562992334985e-09
2767.0,-7.535159521343537e-08,-1.4983156892135393e-09,-6.914531033852533e-08,-1.2638271472379224e-09,1.0226894368780972e-07,1.55120947334976e-09
2768.0,-7.478003882788187e-08,-1.0170050357563941e-09,-6.860077989001567e-08,-7.773446206039622e-10,1.014796590880059e-07,8.660645815143e-10
2769.0,-7.429083445642526e-08,-5.324312418139663e-10,-6.808761197907298e-08,-2.868192789168849e-10,1.0077227291891746e-07,1.7569963674952158e-10
2770.0,-7.369288537728558e-08,-4.462017084794112e-11,-6.747304560905665e-08,2.0780800572167707e-10,9.99162311088223e-08,-5.199012518661259e-10
2771.0,-7.323703068995435e-08,4.463987426471982e-10,-6.698107048175306e-08,7.065918809077168e-10,9.924780333671314e-08,-1.2207476596664041e-09
2772.0,-7.269799612297234e-08,9.40592423600208e-10,-6.634762586554821e-08,1.2095823001579317e-09,9.842258936997372e-08,-1.9268426402956146e-09
2773.0,-7.220771586213814e-08,1.437924093636804e-09,-6.574064297104609e-08,1.7168243198502568e-09,9.765135108268513e-08,-2.6381825335764196e-09
2774.0,-7.170488430796595e-08,1.938353215290517e-09,-6.506761894564672e-08,2.2283579072609965e-09,9.682657418743403e-08,-3.3547567877890286e-09
2775.0,-7.111382679947376e-08,2.4418354432434904e-09,-6.427072307690906e-08,2.7442177599737505e-09,9.585354561462128e-08,-4.0765477967111056e-09
2776.0,-7.07206873618027e-08,2.9483225826642676e-09,-6.383104612928125e-08,3.264433136841274e-09,9.526708807811999e-08,-4.8035307516822336e-09
2777.0,-7.017052777724686e-08,3.457762554684466e-09,-6.30368220816413e-08,3.789027700599265e-09,9.432679315385355e-08,-5.535673508879371e-09
2778.0,-6.979680247654052e-08,3.9700993690317645e-09,-6.253523261723348e-08,4.318019372164104e-09,9.371365404486539e-08,-6.27293647192203e-09
2779.0,-6.910006339344577e-08,4.485273103811363e-09,-6.154324729001903e-08,4.851420196593849e-09,9.253318349640121e-08,-7.0152724898675564e-09
2780.0,-6.860777659878359e-08,5.0032198924013245e-09,-6.104110232552085e-08,5.389236220653345e-09,9.183160231066047e-08,-7.762626770605768e-09
2781.0,-6.800687282759732e-08,5.523871917398537e-09,-6.044127548454625e-08,5.93146738190041e-09,9.098396855483831e-08,-8.514936809619542e-09
2782.0,-6.755380863032734e-08,6.047157411523018e-09,-6.03381756919541e-08,6.478107409202422e-09,9.057710806984295e-08,-9.272132334044834e-09
2783.0,-6.700456223196483e-08,6.5730006653615775e-09,-6.00487332913513e-08,7.02914373459903e-09,8.99747838552174e-08,-1.0034135261941666e-08
2784.0,-6.652208023316675e-08,7.101322041808324e-09,-5.979816215806455e-08,7.584557416439374e-09,8.944835021413228e-08,-1.0800859676671358e-08
2785.0,-6.59730237384526e-08,7.632037997037662e-09,-5.915168643788604e-08,8.144323073727366e-09,8.860791087504785e-08,-1.1572211816255089e-08
2786.0,-6.533262197905287e-08,8.165061107824492e-09,-5.8337709094025136e-08,8.708408831594844e-09,8.75878975486735e-08,-1.2348090077556244e-08
2787.0,-6.487000928090403e-08,8.700300105004737e-09,-5.7783920301424097e-08,9.276776277787624e-09,8.687404416455992e-08,-1.3128385035081461e-08
2788.0,-6.42288937313662e-08,9.237659912848665e-09,-5.7020463545276456e-08,9.84938043000065e-09,8.588762456182692e-08,-1.391297947413876e-08
2789.0,-6.379108399845457e-08,9.777041694100906e-09,-5.661703821047137e-08,1.042616971384791e-08,8.529238778123087e-08,-1.470174843803452e-08
2790.0,-6.32652557286395e-08,1.0318342900425037e-08,-5.622365979729427e-08,1.1007085951209584e-08,8.463800862149367e-08,-1.5494559288941185e-08
2791.0,-6.269780528089797e-08,1.0861457327977408e-08,-5.594722309043565e-08,1.1592064358663829e-08,8.403039068439687e-08,-1.6291271782024592e-08
2792.0,-6.207428498994361e-08,1.1406275177822455e-08,-5.5410363603014545e-08,1.2181033555678451e-08,8.320772350948569e-08,-1.7091738152379355e-08
2793.0,-6.140953903721602e-08,1.195268312088967e-08,-5.468846260570093e-08,1.2773915582199307e-08,8.223113417032813e-08,-1.7895803214275864e-08
2794.0,-6.095475224565661e-08,1.2500564367161384e-08,-5.3851019893302876e-08,1.3370625925221788e-08,8.133519634745023e-08,-1.8703304472170416e-08
2795.0,-6.040232383708322e-08,1.3049798738772792e-08,-5.286560098016757e-08,1.3971073553870146e-08,8.026962371852857e-08,-1.9514072242872598e-08
2796.0,-5.991670695704165e-08,1.3600262746703536e-08,-5.20309702267685e-08,1.4575160962446313e-08,7.935511095899793e-08,-2.0327929788209903e-08
2797.0,-5.933359503718094e-08,1.4151829670741844e-08,-5.125352746382372e-08,1.518278422085812e-08,7.840535426564385e-08,-2.1144693457485433e-08
2798.0,-5.8798727664566286e-08,1.4704369642406224e-08,-5.058138252689304e-08,1.579383303180887e-08,7.756137333301747e-08,-2.196417283899819e-08
2799.0,-5.813869025095286e-08,1.52577497305131e-08,-4.9899493356764246e-08,1.640819079413008e-08,7.661636079427162e-08,-2.278617091988653e-08
2800.0,-5.765210725483527e-08,1.581183402908233e-08,-4.955775946557939e-08,1.7025734671665755e-08,7.60245815126348e-08,-2.3610484253564428e-08
2801.0,-5.7122319235825e-08,1.6366483747277004e-08,-4.9118561953886974e-08,1.764633566716297e-08,7.533652821372469e-08,-2.4436903134042912e-08
2802.0,-5.658061860702723e-08,1.692155730108122e-08,-4.84353288310313e-08,1.826985870068034e-08,7.448051745875566e-08,-2.5265211776460848e-08
2803.0,-5.599728922223157e-08,1.7476910406429228e-08,-4.752331278501387e-08,1.8896162692084034e-08,7.344495665667258e-08,-2.6095188503183575e-08
2804.0,-5.5351200234365905e-08,1.8032396173510232e-08,-4.674779315039235e-08,1.952510064725436e-08,7.245075245859588e-08,-2.6926605934860655e-08
2805.0,-5.473719741355687e-08,1.8587865201985244e-08,-4.624997249069729e-08,2.0156519747676904e-08,7.166045447861012e-08,-2.7759231185865798e-08
2806.0,-5.425848356721552e-08,1.9143165676866196e-08,-4.611191811720872e-08,2.0790261443147997e-08,7.120598311561998e-08,-2.8592826063578803e-08
2807.0,-5.382392351260812e-08,1.9698143464825888e-08,-4.577672510497344e-08,2.1426161547389435e-08,7.06577901128205e-08,-2.942714727101584e-08
2808.0,-5.32801794350668e-08,2.0252642210730023e-08,-4.5181301810970353e-08,2.2064050336436025e-08,6.985790974518854e-08,-3.0261946612366896e-08
2809.0,-5.267794478402976e-08,2.0806503434208186e-08,-4.424592264795635e-08,2.2703752649718905e-08,6.879438594564403e-08,-3.109697120104796e-08
2810.0,-5.212615539207377e-08,2.1359566626105123e-08,-4.367917660896836e-08,2.3345087993807868e-08,6.800740066489874e-08,-3.1931963669912186e-08
2811.0,-5.149071188870202e-08,2.1911669344676217e-08,-4.294500274837354e-08,2.3987870648799905e-08,6.704898710542263e-08,-3.2766662383288665e-08
2812.0,-5.1063821809860244e-08,2.2462647311412593e-08,-4.262300973278954e-08,2.4631909777359603e-08,6.651492205896832e-08,-3.3600801650538784e-08
2813.0,-5.045514880896995e-08,2.301233450640484e-08,-4.200919966057537e-08,2.5277009536438e-08,6.565435931800255e-08,-3.4434111940844554e-08
2814.0,-5.011218970341069e-08,2.356056326318048e-08,-4.1677911316595484e-08,2.5922969191721305e-08,6.517882975771058e-08,-3.52663200989734e-08
2815.0,-4.9477044128387604e-08,2.410716436297825e-08,-4.096594674596332e-08,2.6569583234883055e-08,6.42354005862462e-08,-3.60971495617942e-08
2816.0,-4.894239072350537e-08,2.4651967128449377e-08,-4.019758950701835e-08,2.721664150372709e-08,6.333406517749366e-08,-3.692632057534433e-08
2817.0,-4.8359084153792864e-08,2.5194799516801486e-08,-3.9326845724385606e-08,2.786392930531107e-08,6.233138707604096e-08,-3.775355041226498e-08
2818.0,-4.7906611844172886e-08,2.5735488212423358e-08,-3.8566209059620604e-08,2.851122754213625e-08,6.150118648951911e-08,-3.8578553589433794e-08
2819.0,-4.745024506647155e-08,2.6273858719051826e-08,-3.7933027802194985e-08,2.9158312841486214e-08,6.07489946839477e-08,-3.9401042085637456e-08
2820.0,-4.710971926447094e-08,2.680973545156525e-08,-3.7467011632097424e-08,2.9804957688004924e-08,6.019221386372981e-08,-4.022072555914883e-08
2821.0,-4.6538166986742624e-08,2.7342941827510866e-08,-3.654108766959485e-08,3.045093055962525e-08,5.916968881583676e-08,-4.1037311565103406e-08
2822.0,-4.592378582968237e-08,2.787330035849233e-08,-3.569607294473531e-08,3.1095996066991414e-08,5.816531379272702e-08,-4.185050577260588e-08
2823.0,-4.5342101795409206e-08,2.8400632741556592e-08,-3.496423343907207e-08,3.17399150965589e-08,5.725734725960657e-08,-4.266001218153421e-08
2824.0,-4.4892042971866886e-08,2.8924759950727517e-08,-3.464392177299214e-08,3.238244495760325e-08,5.670535105262238e-08,-4.3465533339047794e-08
2825.0,-4.456285593312792e-08,2.9445502328841342e-08,-3.4491896075405926e-08,3.3023339533428736e-08,5.635192120765109e-08,-4.426677055585304e-08
2826.0,-4.402850192763985e-08,2.996267967984897e-08,-3.387375357988276e-08,3.36623494371363e-08,5.5551239082335565e-08,-4.506342412233453e-08
2827.0,-4.3433817376037354e-08,3.047611136176115e-08,-3.317751978704209e-08,3.429922217237826e-08,5.465568873479259e-08,-4.585519352471652e-08
2828.0,-4.2841638459023557e-08,3.098561638042206e-08,-3.250614630245785e-08,3.4933702299581595e-08,5.3777834962840225e-08,-4.664177766146762e-08
2829.0,-4.2266913968802555e-08,3.149101348430315e-08,-3.200777305700786e-08,3.556553160815968e-08,5.301876604104508e-08,-4.7422875060197696e-08
2830.0,-4.200560507761075e-08,3.199212126051611e-08,-3.1873859912545655e-08,3.619444929525762e-08,5.272962927672433e-08,-4.8198184095326396e-08
2831.0,-4.167504363827845e-08,3.248875823225464e-08,-3.1570073055764425e-08,3.6820192151596924e-08,5.228268140597531e-08,-4.896740320683407e-08
2832.0,-4.118179414147605e-08,3.2980742957890025e-08,-3.0955167026891495e-08,3.744249475499767e-08,5.151856494870234e-08,-4.973023112043664e-08
2833.0,-4.0782362042968145e-08,3.3467894131959764e-08,-3.024322071942809e-08,3.806108967215427e-08,5.077256595138533e-08,-5.0486367069548625e-08
2834.0,-4.0187763783450237e-08,3.395003068829711e-08,-2.943456214876683e-08,3.867570766921661e-08,4.981415267576085e-08,-5.123551101940409e-08
2835.0,-3.982401156066295e-08,3.4426971905550075e-08,-2.8962789250241983e-08,3.928607793168666e-08,4.92422080936441e-08,-5.1977363893694605e-08
2836.0,-3.9531636936152026e-08,3.4898537515333854e-08,-2.8659460221680533e-08,3.989192829409105e-08,4.8827399880086055e-08,-5.271162780406565e-08
2837.0,-3.9310005278681004e-08,3.5364547813253965e-08,-2.862419451465925e-08,4.04929854798427e-08,4.8627369110645675e-08,-5.343800628279486e-08
2838.0,-3.894909866852814e-08,3.582482377302777e-08,-2.8140820951261247e-08,4.1088975351657375e-08,4.805141091478672e-08,-5.415620451895671e-08
2839.0,-3.841570650475745e-08,3.627918716391622e-08,-2.7465434690454593e-08,4.167962317283544e-08,4.7224110462721164e-08,-5.4865929598350285e-08
2840.0,-3.788073724142471e-08,3.67274606716512e-08,-2.680782162922668e-08,4.226465387964274e-08,4.640699898138528e-08,-5.556689074741892e-08
2841.0,-3.7437274780227625e-08,3.716946802300643e-08,-2.6180029769062862e-08,4.284379236492778e-08,4.568307675364352e-08,-5.625879958132226e-08
2842.0,-3.7164603061690116e-08,3.7605034114117866e-08,-2.6019450677372546e-08,4.341676377300093e-08,4.536760445830492e-08,-5.6941370356242323e-08
2843.0,-3.695640274359313e-08,3.803398514261792e-08,-2.5859234434322254e-08,4.3983293805688986e-08,4.510516277851013e-08,-5.761432022592583e-08
2844.0,-3.654091701443818e-08,3.845614874360971e-08,-2.5312731855020587e-08,4.4543109039365574e-08,4.445191795884888e-08,-5.827736950238937e-08
2845.0,-3.601957826449009e-08,3.88713541294684e-08,-2.4742791718268542e-08,4.509593725264023e-08,4.369915056800699e-08,-5.8930241920635584e-08
2846.0,-3.557520936170455e-08,3.927943223341358e-08,-2.4188766892252467e-08,4.564150776425801e-08,4.301966951171104e-08,-5.9572664907139476e-08
2847.0,-3.5157280503517185e-08,3.968021585674834e-08,-2.356175667073135e-08,4.6179551780616306e-08,4.232246152829184e-08,-6.020436985176313e-08
2848.0,-3.494007760895812e-08,4.007353981961233e-08,-2.3270889590309984e-08,4.6709802752153117e-08,4.198027305347613e-08,-6.082509238265294e-08
2849.0,-3.4715506247451344e-08,4.045924111505204e-08,-2.2795265688935196e-08,4.72319967377115e-08,4.153059729700477e-08,-6.143457264357434e-08
2850.0,-3.4378611069030285e-08,4.083715906617226e-08,-2.207199979731289e-08,4.774587277584022e-08,4.0854156142162966e-08,-6.203255557304696e-08
2851.0,-3.387450311920226e-08,4.1207135486094586e-08,-2.110371676022904e-08,4.825117326185253e-08,3.991051017800719e-08,-6.261879118455676e-08
2852.0,-3.346682664329137e-08,4.1569014840407665e-08,-2.034886027735272e-08,4.874764432933379e-08,3.9167647365642736e-08,-6.319303484703542e-08
2853.0,-3.315012733762224e-08,4.192264441175025e-08,-1.9887024027553935e-08,4.923503623467167e-08,3.865778921735019e-08,-6.375504756471789e-08
2854.0,-3.302999074250579e-08,4.22678744661262e-08,-1.977292081456472e-08,4.9713103743091866e-08,3.849608663213788e-08,-6.430459625542389e-08
2855.0,-3.28329735344024e-08,4.260455842051401e-08,-1.9375707177582413e-08,5.0181606514621556e-08,3.8123774468724725e-08,-6.484145402626562e-08
2856.0,-3.2538813865556904e-08,4.2932553011302183e-08,-1.9031339643094114e-08,5.0640309488369106e-08,3.7695706604176605e-08,-6.536540044575732e-08
2857.0,-3.199409237542028e-08,4.3251718463050564e-08,-1.854201357731622e-08,5.1088983263485685e-08,3.697875355428175e-08,-6.587622181128279e-08
2858.0,-3.15794868865904e-08,4.356191865704298e-08,-1.788852364847937e-08,5.15274044751539e-08,3.6294121705071485e-08,-6.637371141085273e-08
2859.0,-3.132338499689524e-08,4.3863021299061e-08,-1.734702491373863e-08,5.1955356163927516e-08,3.5806057043768315e-08,-6.685766977806001e-08
2860.0,-3.109377386123491e-08,4.415489808577812e-08,-1.723521883545409e-08,5.237262813673124e-08,3.5551027288105284e-08,-6.732790493912233e-08
2861.0,-3.080143240463684e-08,4.4437424869154945e-08,-1.7266763407963737e-08,5.2779017317826695e-08,3.531103732211797e-08,-6.778423265089839e-08
2862.0,-3.061183120878219e-08,4.471048181820894e-08,-1.6982573305956983e-08,5.317432808806291e-08,3.5007027952215165e-08,-6.822647662877831e-08
2863.0,-3.040137958043587e-08,4.497395357753385e-08,-1.6130713015316545e-08,5.3558372610748754e-08,3.441574905150614e-08,-6.865446876337159e-08
2864.0,-3.014758961916719e-08,4.5227729421950405e-08,-1.509580048464354e-08,5.393097114250258e-08,3.371587685524257e-08,-6.906804932494276e-08
2865.0,-2.9869237916368974e-08,4.547170340667926e-08,-1.4305921211543726e-08,5.4291952327451236e-08,3.311843528030198e-08,-6.946706715457143e-08
2866.0,-2.971537718665651e-08,4.570577451243927e-08,-1.3978898205646573e-08,5.464115347318284e-08,3.2839202736806735e-08,-6.985137984104826e-08
2867.0,-2.9584803051818653e-08,4.5929846784889626e-08,-1.3587020980532216e-08,5.497842080692619e-08,3.255560951265267e-08,-7.022085388257236e-08
2868.0,-2.945553886912755e-08,4.6143829467854044e-08,-1.3044142280205229e-08,5.530360971054712e-08,3.2214568410843586e-08,-7.057536483239286e-08
2869.0,-2.9148340074947043e-08,4.634763712978882e-08,-1.2527409623541708e-08,5.561658493311359e-08,3.172635688194863e-08,-7.091479742763769e-08
2870.0,-2.8797858542262134e-08,4.654118978298255e-08,-1.2631755225145369e-08,5.591722077997694e-08,3.144642899739376e-08,-7.123904570068668e-08
2871.0,-2.8644229294050305e-08,4.672441299500393e-08,-1.3130619688772605e-08,5.6205401277536934e-08,3.1510395828381976e-08,-7.154801307257285e-08
2872.0,-2.869141860206703e-08,4.689723799194806e-08,-1.3232934692464227e-08,5.648102031309442e-08,3.1596013387357294e-08,-7.184161242802999e-08
2873.0,-2.869316845233172e-08,4.705960175307496e-08,-1.2855648642839945e-08,5.674398174943399e-08,3.1441463354335735e-08,-7.211976617194833e-08
2874.0,-2.8618204250818735e-08,4.721144709648599e-08,-1.2408616537062933e-08,5.699419951399973e-08,3.1192553260441045e-08,-7.238240626714074e-08
2875.0,-2.8563467091569095e-08,4.735272275553873e-08,-1.2261708523531034e-08,5.723159766272129e-08,3.108409799571453e-08,-7.262947425345369e-08
2876.0,-2.8447507099960134e-08,4.748338344575322e-08,-1.2362773221807899e-08,5.7456110418721404e-08,3.101771787118022e-08,-7.286092124837605e-08
2877.0,-2.8319789763253667e-08,4.760338992200874e-08,-1.262410061209085e-08,5.7667682186303985e-08,3.1006102762183446e-08,-7.307670792940792e-08
2878.0,-2.8401879764716753e-08,4.771270902587271e-08,-1.3170449952859542e-08,5.7866267540790944e-08,3.130698845513897e-08,-7.327680449855619e-08
2879.0,-2.8689491532452038e-08,4.7811313722944534e-08,-1.40235537626765e-08,5.805183119493791e-08,3.193347748876272e-08,-7.346119062942264e-08
2880.0,-2.884508590317303e-08,4.7899183130137526e-08,-1.4650388666104242e-08,5.8224347942795535e-08,3.235232400971137e-08,-7.362985539743644e-08
2881.0,-2.8634878468380975e-08,4.797630253285812e-08,-1.4399319070435013e-08,5.8383802581973566e-08,3.205146883671857e-08,-7.37827971938448e-08
2882.0,-2.825597364419785e-08,4.804266339206735e-08,-1.3543239016367004e-08,5.853018981529232e-08,3.13339970261703e-08,-7.39200236241007e-08
2883.0,-2.8123157358450612e-08,4.809826334122362e-08,-1.3245122651439623e-08,5.866351413277289e-08,3.1086094220082613e-08,-7.404155139127395e-08
2884.0,-2.8400620855073555e-08,4.814310617311489e-08,-1.4054206187719132e-08,5.878378967484329e-08,3.168778907592894e-08,-7.414740616507645e-08
2885.0,-2.8804851365249462e-08,4.8177201816604695e-08,-1.496811563583833e-08,5.889104007755601e-08,3.246173051243482e-08,-7.423762243705975e-08
2886.0,-2.890434491753524e-08,4.8200566303343783e-08,-1.476190188143267e-08,5.89852983005368e-08,3.2455737586271103e-08,-7.43122433625222e-08
2887.0,-2.8641898935921617e-08,4.821322172453043e-08,-1.3610710253297853e-08,5.906660643830425e-08,3.17113514100988e-08,-7.437132058964362e-08
2888.0,-2.836938128858435e-08,4.821519617782698e-08,-1.2576791635909856e-08,5.913501551549426e-08,3.103220073649582e-08,-7.441491407632662e-08
2889.0,-2.845711244425786e-08,4.820652370455378e-08,-1.2343025587724377e-08,5.919058526639899e-08,3.1018664209220136e-08,-7.444309189516889e-08
2890.0,-2.8842488758451523e-08,4.8187244217294476e-08,-1.257313482494471e-08,5.9233383899120436e-08,3.146383443109946e-08,-7.445593002693894e-08
2891.0,-2.9201701973180505e-08,4.8157403418068283e-08,-1.2646391781001576e-08,5.926348784458098e-08,3.182248612552197e-08,-7.445351214290677e-08
2892.0,-2.9196631612382618e-08,4.811705270725683e-08,-1.2227788406815598e-08,5.9280981490636334e-08,3.165378503166776e-08,-7.443592937639543e-08
2893.0,-2.8906905813474992e-08,4.806624908350713e-08,-1.1742542674331169e-08,5.928595690158298e-08,3.120090563056789e-08,-7.44032800839534e-08
2894.0,-2.8714744915170343e-08,4.80050550348582e-08,-1.1759130086330671e-08,5.927851352342374e-08,3.1029239693078985e-08,-7.435566959658478e-08
2895.0,-2.890936492971896e-08,4.793353842136061e-08,-1.2223532977473361e-08,5.925875787534827e-08,3.138735635715508e-08,-7.429320996151615e-08
2896.0,-2.9324191769264374e-08,4.785177234948625e-08,-1.2644703131781121e-08,5.922680322800388e-08,3.193425653137188e-08,-7.421601967503694e-08
2897.0,-2.9688306701913802e-08,4.7759835038669624e-08,-1.283861070233705e-08,5.9182769269275894e-08,3.234540894150302e-08,-7.412422340703289e-08
2898.0,-2.9855082489538276e-08,4.7657809680380443e-08,-1.2770495244618374e-08,5.912678175844871e-08,3.2471703054351116e-08,-7.401795171793177e-08
2899.0,-2.983117941557367e-08,4.754578429018716e-08,-1.2507895108537781e-08,5.905897216976477e-08,3.234728281278552e-08,-7.389734076888019e-08
2900.0,-2.986277342076349e-08,4.742385155332404e-08,-1.2513448499618107e-08,5.8979477326531775e-08,3.237856744410495e-08,-7.376253202605843e-08
2901.0,-3.020982058954402e-08,4.729210866431773e-08,-1.3231670037416876e-08,5.888843902705948e-08,3.298045409074159e-08,-7.361367196012064e-08
2902.0,-3.085711303141281e-08,4.715065716127083e-08,-1.4505650389184943e-08,5.878600366384621e-08,3.409655873906702e-08,-7.345091174182904e-08
2903.0,-3.1482188078690854e-08,4.699960275544427e-08,-1.5588539417632497e-08,5.8672321837582095e-08,3.513019680271015e-08,-7.327440693503955e-08
2904.0,-3.17189726983802e-08,4.6839055156822646e-08,-1.5790678750682297e-08,5.854754796766879e-08,3.543217131997188e-08,-7.308431718827801e-08
2905.0,-3.166141127053379e-08,4.666912789637584e-08,-1.5385640872445094e-08,5.841183990104673e-08,3.520174581888997e-08,-7.288080592619989e-08
2906.0,-3.173890653074274e-08,4.648993814573732e-08,-1.527560999914357e-08,5.8265358521151084e-08,3.5223606411228803e-08,-7.266404004223466e-08
2907.0,-3.210451027246819e-08,4.6301606535006226e-08,-1.5941772207872518e-08,5.810826735879907e-08,3.5844660424709174e-08,-7.243418959368822e-08
2908.0,-3.2667828248067465e-08,4.6104256969361667e-08,-1.7146390071665074e-08,5.7940732206773147e-08,3.68942501608981e-08,-7.219142750053459e-08
2909.0,-3.32122232771237e-08,4.58980164451607e-08,-1.8147655808653518e-08,5.7762920739829056e-08,3.784691779205901e-08,-7.193592924909179e-08
2910.0,-3.348747759646109e-08,4.5683014866179145e-08,-1.8461359149735124e-08,5.757500214181787e-08,3.823915450724548e-08,-7.166787260174191e-08
2911.0,-3.3558371748121374e-08,4.5459384860635476e-08,-1.8324686462678486e-08,5.737714674154425e-08,3.823556522846999e-08,-7.138743731380382e-08
2912.0,-3.363292860880662e-08,4.5227261599606225e-08,-1.8052524169975825e-08,5.716952565886653e-08,3.817155375030789e-08,-7.109480485858208e-08
2913.0,-3.396928177634706e-08,4.4986782617398286e-08,-1.817298447837068e-08,5.6952310462388515e-08,3.8524920107016006e-08,-7.079015816150311e-08
2914.0,-3.463038902862259e-08,4.4738087634398565e-08,-1.8826992187470637e-08,5.6725672839922274e-08,3.9417248497337103e-08,-7.047368134412983e-08
2915.0,-3.5202367132392e-08,4.448131838288353e-08,-1.9432343303926736e-08,5.6489784282745576e-08,4.020973287657329e-08,-7.014555947873957e-08
2916.0,-3.547874502518589e-08,4.42166184362393e-08,-1.9605928547328233e-08,5.624481578454425e-08,4.05355866216969e-08,-6.980597835406185e-08
2917.0,-3.5435344158951665e-08,4.394413304200882e-08,-1.9427984707109935e-08,5.599093755581135e-08,4.041175825725784e-08,-6.94551242526877e-08
2918.0,-3.556052075026628e-08,4.366400895913887e-08,-1.9619108851398614e-08,5.572831875435701e-08,4.0613545377781856e-08,-6.909318374057189e-08
2919.0,-3.61043673846595e-08,4.3376394299749254e-08,-2.034669377426468e-08,5.54571272324663e-08,4.144289193323947e-08,-6.872034346895402e-08
2920.0,-3.680038332398716e-08,4.30814383757005e-08,-2.1208514722204086e-08,5.517752930113555e-08,4.24743370697453e-08,-6.833678998893745e-08
2921.0,-3.7404301489463165e-08,4.277929155020236e-08,-2.1714576040055e-08,5.488968951172574e-08,4.325048650031566e-08,-6.794270957889717e-08
2922.0,-3.759413408355172e-08,4.2470105094679456e-08,-2.1684953915857008e-08,5.459377045528654e-08,4.339995557399693e-08,-6.753828808483058e-08
2923.0,-3.7667349350734014e-08,4.215403105108147e-08,-2.1498205660108738e-08,5.428993257971083e-08,4.337052056079767e-08,-6.712371077370125e-08
2924.0,-3.786423011242768e-08,4.1831222099786335e-08,-2.1765106300586368e-08,5.397833402477476e-08,4.367401715302474e-08,-6.669916219974883e-08
2925.0,-3.846602417145739e-08,4.1501831433201606e-08,-2.275219732061906e-08,5.365913047501607e-08,4.4691134450532016e-08,-6.626482608365816e-08
2926.0,-3.928917105544549e-08,4.1166012635132386e-08,-2.3984615085681504e-08,5.333247503032005e-08,4.6031518799973964e-08,-6.582088520441734e-08
2927.0,-3.990575755952186e-08,4.082391956596068e-08,-2.457043102310763e-08,5.29985180940203e-08,4.686337127288887e-08,-6.536752130365231e-08
2928.0,-4.01847561060098e-08,4.047570625366426e-08,-2.4383304667030536e-08,5.265740727826409e-08,4.700383143728525e-08,-6.490491500219198e-08
2929.0,-4.024079855446949e-08,4.0121526790680495e-08,-2.3835010548589608e-08,5.2309287326314113e-08,4.676996467983242e-08,-6.443324572856998e-08
2930.0,-4.04546344479062e-08,3.9761535236586324e-08,-2.3759921946586715e-08,5.1954300051362244e-08,4.691600301839035e-08,-6.395269165910039e-08
2931.0,-4.103657130771765e-08,3.939588552652539e-08,-2.461109754881008e-08,5.15925842913363e-08,4.7850875720831284e-08,-6.346342966909308e-08
2932.0,-4.1861143246224586e-08,3.9024731385280716e-08,-2.5980347567733375e-08,5.1224275879123334e-08,4.926797919157192e-08,-6.296563529472758e-08
2933.0,-4.253264454523453e-08,3.864822624687418e-08,-2.7019095183433706e-08,5.0849507627623224e-08,5.0389059889451395e-08,-6.24594827050964e-08
2934.0,-4.281567581032597e-08,3.826652317956759e-08,-2.7253479778499567e-08,5.046840932906522e-08,5.075366247998284e-08,-6.194514468394314e-08
2935.0,-4.291604899231416e-08,3.787977481613164e-08,-2.703394148817484e-08,5.008110776803343e-08,5.07210139241791e-08,-6.142279262063261e-08
2936.0,-4.31889848606648e-08,3.748813328923262e-08,-2.708276924945352e-08,4.968772674763251e-08,5.0978081598995844e-08,-6.089259650987768e-08
2937.0,-4.386159924152366e-08,3.70917501717655e-08,-2.7821188755550175e-08,4.9288387128192076e-08,5.1940912889513026e-08,-6.035472495972457e-08
2938.0,-4.468662939682844e-08,3.669077642195031e-08,-2.8851153771602966e-08,4.8883206877883966e-08,5.31910135342632e-08,-5.98093452072852e-08
2939.0,-4.536478634409313e-08,3.6285362333010997e-08,-2.9675989179911433e-08,4.8472301134630175e-08,5.420911522845064e-08,-5.9256623141720194e-08
2940.0,-4.570951434024195e-08,3.587565748726859e-08,-3.0130188122257096e-08,4.805578227870537e-08,5.4746579231066004e-08,-5.8696723334010714e-08
2941.0,-4.595442834598451e-08,3.5461810714489426e-08,-3.045074679908222e-08,4.763376001546697e-08,5.512764701334568e-08,-5.812980907309059e-08
2942.0,-4.639491574254251e-08,3.504397005432921e-08,-3.0976221060408093e-08,4.72063414676613e-08,5.578543248860663e-08,-5.75560424079279e-08
2943.0,-4.709982209805119e-08,3.4622282722707994e-08,-3.1802385669355004e-08,4.677363127675739e-08,5.6831197206556086e-08,-5.697558419515128e-08
2944.0,-4.798950548057235e-08,3.419689508194959e-08,-3.2759835899565104e-08,4.633573171276057e-08,5.8105072794346604e-08,-5.6388594151823806e-08
2945.0,-4.863346475536545e-08,3.376795261452556e-08,-3.3492289122638574e-08,4.589274279196092e-08,5.9050379548194166e-08,-5.579523091298222e-08
2946.0,-4.9004214741632524e-08,3.333559990025225e-08,-3.3883465269668456e-08,4.5444762402073105e-08,5.9577699528639594e-08,-5.519565209357538e-08
2947.0,-4.926085747647413e-08,3.289998059679086e-08,-3.4121963296551705e-08,4.4991886434213924e-08,5.992445626393884e-08,-5.4590014354437534e-08
2948.0,-4.96456808163348e-08,3.2461237423289695e-08,-3.470721182674552e-08,4.453420892114051e-08,6.057461660220375e-08,-5.397847347191723e-08
2949.0,-5.051916443510329e-08,3.201951214699339e-08,-3.5864788555661775e-08,4.407182218114342e-08,6.195537937389564e-08,-5.336118441076002e-08
2950.0,-5.146949594303507e-08,3.1574945572634376e-08,-3.694699066136842e-08,4.3604816966965533e-08,6.33576288347453e-08,-5.273830139982776e-08
2951.0,-5.21191933500198e-08,3.11276775344219e-08,-3.744254765958299e-08,4.313328261910066e-08,6.417440837823822e-08,-5.210997801023248e-08
2952.0,-5.240738407130685e-08,3.0677846890445215e-08,-3.731112753480037e-08,4.265730722280397e-08,6.433237243500045e-08,-5.147636723545543e-08
2953.0,-5.257793897484042e-08,3.02255915192989e-08,-3.717394082836112e-08,4.217697776810926e-08,6.439209224394357e-08,-5.083762157299689e-08
2954.0,-5.301672706403693e-08,2.9771048318716625e-08,-3.7764073826385136e-08,4.169238031210232e-08,6.509146349981119e-08,-5.019389310706157e-08
2955.0,-5.392662064118703e-08,2.931435320597588e-08,-3.915638478735328e-08,4.120360014266897e-08,6.664310079365884e-08,-4.9545333591749494e-08
2956.0,-5.482313480964507e-08,2.885564111982191e-08,-4.057269430146615e-08,4.071072194294083e-08,6.820351628205646e-08,-4.8892094534215066e-08
2957.0,-5.5414839883471956e-08,2.839504602365959e-08,-4.129038462530321e-08,4.0213829955696574e-08,6.910644211516253e-08,-4.823432727727914e-08
2958.0,-5.569715544329057e-08,2.7932700909766808e-08,-4.127777653017972e-08,3.971300814701594e-08,6.932552170557051e-08,-4.757218308100609e-08
2959.0,-5.58877758516374e-08,2.746873780428113e-08,-4.11607272987613e-08,3.920834036849951e-08,6.940928584422879e-08,-4.690581320276598e-08
2960.0,-5.6400277698154255e-08,2.700328777270074e-08,-4.164567897479987e-08,3.8699910517357666e-08,7.010958494885706e-08,-4.6235368975286807e-08
2961.0,-5.731475741233005e-08,2.6536480925630598e-08,-4.2794220722619514e-08,3.8187802693661625e-08,7.152850302145656e-08,-4.5561001882186407e-08
2962.0,-5.823743984278984e-08,2.6068446424508245e-08,-4.405982971522615e-08,3.767210135406493e-08,7.302648830374696e-08,-4.488286363048442e-08
2963.0,-5.8774299954711395e-08,2.5599312487060545e-08,-4.4861475104185367e-08,3.715289146135194e-08,7.393896323109914e-08,-4.420110621963446e-08
2964.0,-5.9164560084479234e-08,2.5129206392264133e-08,-4.522922382454997e-08,3.6630258629231594e-08,7.447232947720376e-08,-4.351588200666923e-08
2965.0,-5.9594080947800165e-08,2.4658254484595377e-08,-4.551286875154048e-08,3.610428926184596e-08,7.498583670272612e-08,-4.2827343767088526e-08
2966.0,-6.00364227498762e-08,2.4186582177358633e-08,-4.6007867640640576e-08,3.5575070687494505e-08,7.563792660722896e-08,-4.2135644751138726e-08
2967.0,-6.090298060312804e-08,2.3714313954882595e-08,-4.716740788224261e-08,3.5042691286098675e-08,7.703205444926699e-08,-4.14409387351432e-08
2968.0,-6.188159898390388e-08,2.324157337338248e-08,-4.8433626193000734e-08,3.4507240609963404e-08,7.858211271662286e-08,-4.0743380067565434e-08
2969.0,-6.219677256558143e-08,2.2768483060302536e-08,-4.900276018293681e-08,3.396880949743845e-08,7.91814941960625e-08,-4.004312370952283e-08
2970.0,-6.262472374007899e-08,2.2295164711971024e-08,-4.9517021177836185e-08,3.342749017913055e-08,7.983602826949429e-08,-3.9340325269508514e-08
2971.0,-6.322775214506748e-08,2.182173908941178e-08,-5.011811989030779e-08,3.288337637635237e-08,8.068193467349026e-08,-3.863514103210378e-08
2972.0,-6.362846882712603e-08,2.134832601216206e-08,-5.064471264581982e-08,3.2336563391512574e-08,8.132323754169045e-08,-3.7927727980474494e-08
2973.0,-6.449893080739955e-08,2.0875044349953936e-08,-5.1671821876819735e-08,3.178714819016275e-08,8.264435401990568e-08,-3.721824381245183e-08
2974.0,-6.548017850160903e-08,2.0402012012131616e-08,-5.269219092995936e-08,3.123522947443298e-08,8.404832396664357e-08,-3.650684695001416e-08
2975.0,-6.57789728242264e-08,1.9929345934698677e-08,-5.295604917077146e-08,3.068090774761231e-08,8.444652988481812e-08,-3.5793696542012954e-08
2976.0,-6.614095990342683e-08,1.945716206490968e-08,-5.337974325059225e-08,3.0124285369655264e-08,8.499425607913669e-08,-3.507895246001134e-08
2977.0,-6.674966629427459e-08,1.8985575343334918e-08,-5.407542168212043e-08,2.9565466603419353e-08,8.590500090504719e-08,-3.4362775287123674e-08
2978.0,-6.716983066978877e-08,1.8514699683335708e-08,-5.4764603629742226e-08,2.9004557651462918e-08,8.666572542205408e-08,-3.364532629976025e-08
2979.0,-6.80324088730977e-08,1.8044647947900523e-08,-5.596522881234911e-08,2.8441666683268243e-08,8.809378805054834e-08,-3.292676744220774e-08
2980.0,-6.88183249830665e-08,1.757553192381449e-08,-5.6914927090701006e-08,2.7876903852805607e-08,8.930437155713469e-08,-3.220726129401878e-08
2981.0,-6.937639379644978e-08,1.7107462293165085e-08,-5.747024849067639e-08,2.7310381306411614e-08,9.008836483020528e-08,-3.148697103023772e-08
2982.0,-6.96108848619037e-08,1.664054860221811e-08,-5.7598880734421876e-08,2.6742213181007914e-08,9.035101744371986e-08,-3.076606037454105e-08
2983.0,-7.008956420806456e-08,1.6174899227723552e-08,-5.8071569705719916e-08,2.6172515592727448e-08,9.102117456373925e-08,-3.004469354541037e-08
2984.0,-7.072097066296301e-08,1.5710621340733418e-08,-5.892424552456088e-08,2.5601406616052432e-08,9.205173763786541e-08,-2.9323035195490928e-08
2985.0,-7.162276441374793e-08,1.5247820868039203e-08,-6.025413229471255e-08,2.502900625361669e-08,9.359690615002164e-08,-2.860125034433316e-08
2986.0,-7.250389680302227e-08,1.4786602451372112e-08,-6.147156833558043e-08,2.4455436396894463e-08,9.505560880484243e-08,-2.7879504304780814e-08
2987.0,-7.29328661908113e-08,1.4327069404550501e-08,-6.19873386509262e-08,2.3880820778078324e-08,9.571642034589151e-08,-2.715796260334637e-08
2988.0,-7.350729647193077e-08,1.386932366879605e-08,-6.249022570237184e-08,2.3305284913522523e-08,9.647979551670754e-08,-2.643679089498546e-08
2989.0,-7.383435174368458e-08,1.3413465766465405e-08,-6.280379297174399e-08,2.272895603917907e-08,9.693207884414642e-08,-2.571615487272783e-08
2990.0,-7.458440307028802e-08,1.2959594753458016e-08,-6.390022408431228e-08,2.21519630384872e-08,9.821441757388023e-08,-2.499622017265014e-08
2991.0,-7.537962243286955e-08,1.250780817057214e-08,-6.522289913712953e-08,2.1574436363207104e-08,9.968005843685157e-08,-2.4277152274698736e-08
2992.0,-7.612171251669686e-08,1.205820199409441e-08,-6.641840778753849e-08,2.099650794772757e-08,1.0102435354658993e-07,-2.355911639990159e-08
2993.0,-7.661332732111781e-08,1.1610870585923956e-08,-6.729844853614608e-08,2.0418311117418024e-08,1.0197393342705301e-07,-2.2842277404542247e-08
2994.0,-7.707228835696078e-08,1.1165906643542383e-08,-6.781821855483816e-08,1.9839980491620518e-08,1.0266181568884465e-07,-2.2126799671888764e-08
2995.0,-7.757164793842364e-08,1.0723401150141852e-08,-6.827796333874758e-08,1.9261651881871967e-08,1.0334041243177861e-07,-2.141284700206383e-08
2996.0,-7.825435410779846e-08,1.0283443325217813e-08,-6.90263362301824e-08,1.8683462185913803e-08,1.0434739589558958e-07,-2.0700582500612592e-08
2997.0,-7.900630133450548e-08,9.846120575925365e-09,-6.997793923491091e-08,1.81055492779989e-08,1.0554102344644744e-07,-1.999016846628458e-08
2998.0,-7.969977017241447e-08,9.411518449493641e-09,-7.092425481636244e-08,1.7528051895961534e-08,1.0668787788119135e-07,-1.9281766278510625e-08
2999.0,-8.022478720226545e-08,8.979720586987882e-09,-7.162161091978092e-08,1.6951109525478732e-08,1.0754381261789659e-07,-1.8575536285024818e-08
3000.0,-8.053502528748702e-08,8.550808678698963e-09,-7.19909862278989e-08,1.6374862281916826e-08,1.0802125900081753e-07,-1.7871637690048615e-08
3001.0,-8.097826947883746e-08,8.12486242142205e-09,-7.256504964969768e-08,1.579945079011834e-08,1.087343853546352e-07,-1.717022844341347e-08
3002.0,-8.174386176285076e-08,7.701959477863446e-09,-7.352716645259161e-08,1.522501606244292e-08,1.0994681961044242e-07,-1.6471465130951745e-08
3003.0,-8.233594769868624e-08,7.282175438394526e-09,-7.423999001665571e-08,1.4651699375340311e-08,1.108638101506255e-07,-1.577550286644556e-08
3004.0,-8.291601488741307e-08,6.865583785357814e-09,-7.500847554187118e-08,1.4079642144709037e-08,1.1180937763857374e-07,-1.5082495185395565e-08
3005.0,-8.351140023954429e-08,6.452255860120409e-09,-7.568018804693377e-08,1.3508985800280154e-08,1.1270157422497972e-07,-1.4392593940853858e-08
3006.0,-8.375248278236214e-08,6.042260833058808e-09,-7.58469298478559e-08,1.2939871659255574e-08,1.129921906131368e-07,-1.3705949201549734e-08
3007.0,-8.432621656506711e-08,5.635665676644743e-09,-7.6585115055261e-08,1.2372440799422596e-08,1.1391308374460839e-07,-1.3022709152521047e-08
3008.0,-8.513969995682658e-08,5.232535141785618e-09,-7.769508188204544e-08,1.1806833931967135e-08,1.1526185083277208e-07,-1.2343019998451849e-08
3009.0,-8.573983109605443e-08,4.83293173756079e-09,-7.85388891144656e-08,1.1243191274222077e-08,1.1627414046001056e-07,-1.1667025869918513e-08
3010.0,-8.638114962211674e-08,4.436915714485514e-09,-7.947430019639157e-08,1.0681652422616902e-08,1.1737916084955064e-07,-1.0994868732759135e-08
3011.0,-8.693252054325917e-08,4.044545051423772e-09,-8.02146762762801e-08,1.0122356226128373e-08,1.1828633656560926e-07,-1.0326688300797245e-08
3012.0,-8.723858077597235e-08,3.655875446253091e-09,-8.0666245586003e-08,9.56544066055888e-09,1.1881756247603803e-07,-9.662621952156076e-09
3013.0,-8.77159082313117e-08,3.2709603103572465e-09,-8.154306418983737e-08,9.011042703983188e-09,1.1976373355198908e-07,-9.002804649390748e-09
3014.0,-8.841127768777213e-08,2.8898507669909244e-09,-8.269600208776762e-08,8.459298213709859e-09,1.2105859235793394e-07,-8.347368863647154e-09
3015.0,-8.884399144148958e-08,2.5125956535291645e-09,-8.357663237867907e-08,7.910341805105917e-09,1.219766711097509e-07,-7.696444503036748e-09
3016.0,-8.951107619004084e-08,2.139241527587717e-09,-8.468567061492571e-08,7.364306732633254e-09,1.2322295065530198e-07,-7.050158845398443e-09
3017.0,-9.002081918785265e-08,1.7698326769767742e-09,-8.528290945664097e-08,6.821324773434006e-09,1.2400371983388918e-07,-6.408636475595961e-09
3018.0,-9.036605919110485e-08,1.4044111334261213e-09,-8.558275628456347e-08,6.281526113772917e-09,1.2446056735767058e-07,-5.7719992274629324e-09
3019.0,-9.081321650228347e-08,1.0430166899933597e-09,-8.609286737681909e-08,5.745039238594655e-09,1.2513601441892406e-07,-5.140366130457099e-09
3020.0,-9.129846176292311e-08,6.85686922038773e-10,-8.67939346088642e-08,5.211990824394206e-09,1.2597061643559473e-07,-4.51385336102583e-09
3021.0,-9.189145788734976e-08,3.3245721162477886e-10,-8.777578507090933e-08,4.682505635542814e-09,1.2707725397362441e-07,-3.892574198630798e-09
3022.0,-9.243425899696511e-08,-1.6639224822247797e-11,-8.860021097345516e-08,4.156706424171661e-09,1.2803940651556766e-07,-3.276638986340056e-09
3023.0,-9.291757396834299e-08,-3.615713057656615e-10,-8.91904785998987e-08,3.6347138336886714e-09,1.287968051818114e-07,-2.6661550958687162e-09
3024.0,-9.314660356918303e-08,-7.023100509190198e-10,-8.926064133663036e-08,3.11664630598205e-09,1.290106656377724e-07,-2.0612268969277476e-09
3025.0,-9.36410780860708e-08,-1.0388285449185213e-09,-8.984127418398824e-08,2.6026199923406035e-09,1.2976943419821234e-07,-1.4619557307167011e-09
3026.0,-9.403945672170622e-08,-1.3711018985256636e-09,-9.039883901162948e-08,2.0927486681009893e-09,1.3044297418858618e-07,-8.684398873760438e-10
3027.0,-9.447475807222716e-08,-1.6991072075862672e-09,-9.11113193780011e-08,1.5871436510267428e-09,1.3125072354698075e-07,-2.807745872086629e-10
3028.0,-9.529849312461813e-08,-2.0228235099716517e-09,-9.245886367637013e-08,1.085913723443352e-09,1.3277968317535815e-07,3.0094803450330525e-10
3029.0,-9.553394939021409e-08,-2.3422317407197274e-09,-9.264613581860814e-08,5.891650581932769e-10,1.3307908163273435e-07,8.76638939223807e-10
3030.0,-9.590872002140927e-08,-2.6573146855822e-09,-9.330833344867173e-08,9.700114852409506e-11,1.338092958920029e-07,1.446212193522246e-09
3031.0,-9.656183960760067e-08,-2.9680569331731856e-09,-9.437273533474677e-08,-3.9047725793119924e-10,1.3502000608415836e-07,2.009584974115864e-09
3032.0,-9.685768997957922e-08,-3.2744448259053277e-09,-9.484969544504285e-08,-8.73172220882465e-10,1.3556502806475446e-07,2.566677569606498e-09
3033.0,-9.745071641309444e-08,-3.5764664098899086e-09,-9.600062593484449e-08,-1.3509886645831351e-09,1.3679459897710616e-07,3.1174133788876874e-09
3034.0,-9.826626690134788e-08,-3.874111383966432e-09,-9.73663622644283e-08,-1.8238344302352154e-09,1.383346222437999e-07,3.661718906164608e-09
3035.0,-9.850630366958768e-08,-4.167371048016676e-09,-9.77486927927762e-08,-2.291620323307688e-09,1.38774272851064e-07,4.199523752502917e-09
3036.0,-9.89966658648811e-08,-4.456238250712081e-09,-9.86347873377369e-08,-2.754260155475223e-09,1.3974677500938438e-07,4.730760603814293e-09
3037.0,-9.921919497113407e-08,-4.740707336845096e-09,-9.896204378190276e-08,-3.2116707809091283e-09,1.4013541579561948e-07,5.255365215202028e-09
3038.0,-9.968322664533069e-08,-5.020774094404297e-09,-9.971925310492402e-08,-3.663772126702476e-09,1.4099884791808856e-07,5.773276391629128e-09
3039.0,-1.0039445419440796e-07,-5.296435701564111e-09,-1.0070019350327808e-07,-4.110487217277538e-09,1.4219555339246978e-07,6.2844359649229746e-09
3040.0,-1.0069299455350844e-07,-5.56769067376866e-09,-1.0092428240349172e-07,-4.551742192693223e-09,1.4256503754712313e-07,6.78878876718347e-09
3041.0,-1.0113067061556791e-07,-5.8345388110944616e-09,-1.0165920830140784e-07,-4.9874663208409065e-09,1.4339458557289923e-07,7.286282600712418e-09
3042.0,-1.0130758801296658e-07,-6.096981146083046e-09,-1.0181425445787706e-07,-5.417592003587682e-09,1.4362927904789577e-07,7.776868204633795e-09
3043.0,-1.0145628170921128e-07,-6.355019892242837e-09,-1.0220205745592459e-07,-5.8420547769958735e-09,1.4400915820350784e-07,8.260499218427297e-09
3044.0,-1.0200684871786159e-07,-6.608658393427147e-09,-1.0308943190762143e-07,-6.260793305808936e-09,1.4502699113056442e-07,8.737132142644421e-09
3045.0,-1.0242404394067428e-07,-6.857901074294966e-09,-1.0358719809699934e-07,-6.673749372439365e-09,1.456742681009524e-07,9.206726297105842e-09
3046.0,-1.0306913142410501e-07,-7.1027533920491085e-09,-1.0456057451813106e-07,-7.080867860721883e-09,1.4682016072760944e-07,9.669243776888237e-09
3047.0,-1.0331205649305453e-07,-7.343221789625166e-09,-1.0460564600633937e-07,-7.482096734710073e-09,1.4702286282489427e-07,1.0124649406402134e-08
3048.0,-1.0356940813305293e-07,-7.57931365048089e-09,-1.0494598061405735e-07,-7.877387012805106e-09,1.4744585836189837e-07,1.057291069185175e-08
3049.0,-1.0391057161940331e-07,-7.811037255114784e-09,-1.053954199747853e-07,-8.266692737515589e-09,1.4800541019142684e-07,1.1013997772358156e-08
3050.0,-1.0439605976908517e-07,-8.038401739424728e-09,-1.062040561883304e-07,-8.649970941150165e-09,1.4892225772584984e-07,1.1447883370015646e-08
3051.0,-1.0501279171237776e-07,-8.261417054997671e-09,-1.073189777600625e-07,-9.027181607732574e-09,1.501500896126673e-07,1.1874542739126834e-08
3052.0,-1.0542829462223402e-07,-8.480093931398458e-09,-1.0800169691904671e-07,-9.398287631400936e-09,1.509287641384047e-07,1.2293953614824753e-08
3053.0,-1.0570319591840516e-07,-8.694443840502297e-09,-1.0875490480399819e-07,-9.763254771521285e-09,1.516601297186952e-07,1.2706096161250356e-08
3054.0,-1.0582747578258278e-07,-8.904478962897739e-09,-1.0903758165814459e-07,-1.0122051604726026e-08,1.5194949438668658e-07,1.3110952919426106e-08
3055.0,-1.0621918400399721e-07,-9.110212156376501e-09,-1.1002592600894978e-07,-1.0474649474089969e-08,1.5293207461027235e-07,1.3508508754960255e-08
3056.0,-1.0665239202900523e-07,-9.311656926519082e-09,-1.1068372068878674e-07,-1.0821022435678449e-08,1.5370627427344002e-07,1.3898750805725464e-08
3057.0,-1.0732111566102986e-07,-9.508827399374013e-09,-1.1195337241975967e-07,-1.1161147202737528e-08,1.5508507169578106e-07,1.4281668429672986e-08
3058.0,-1.0752600954067049e-07,-9.701738296212842e-09,-1.1199175116438642e-07,-1.149500308784425e-08,1.5525461364032376e-07,1.4657253152966403e-08
3059.0,-1.0792842322637775e-07,-9.89040491032639e-09,-1.1256053257524545e-07,-1.1822571943400192e-08,1.5594363736220536e-07,1.5025498618654204e-08
3060.0,-1.0800145008871276e-07,-1.0074843085817397e-08,-1.1208510683480277e-07,-1.2143838100937641e-08,1.5565148375596637e-07,1.538640053615439e-08
3061.0,-1.0847864850838107e-07,-1.0255069198340976e-08,-1.1253049235493418e-07,-1.2458788309805964e-08,1.5630332335509948e-07,1.573995663189279e-08
3062.0,-1.0890950302711033e-07,-1.0431100137744079e-08,-1.1286276588307054e-07,-1.2767411675896796e-08,1.568415881467315e-07,1.6086166601501858e-08
3063.0,-1.0940638159318006e-07,-1.0602953292553127e-08,-1.135068889990265e-07,-1.3069699601130677e-08,1.5765015123224543e-07,1.642503206403185e-08
3064.0,-1.0954626245007759e-07,-1.0770646536255176e-08,-1.1365279461994504e-07,-1.336564572445568e-08,1.57852276960786e-07,1.6756556518643392e-08
3065.0,-1.0979588410675589e-07,-1.0934198215316317e-08,-1.137891423169668e-07,-1.3655245865104833e-08,1.5812370181606264e-07,1.7080745304247783e-08
3066.0,-1.0995286151005423e-07,-1.1093627138884442e-08,-1.1372602289061451e-07,-1.3938497968833597e-08,1.581873573859989e-07,1.7397605562544856e-08
3067.0,-1.1022933649185163e-07,-1.1248952570129299e-08,-1.1398395638462233e-07,-1.4215402057812633e-08,1.5856496755754512e-07,1.7707146204880344e-08
3068.0,-1.1066763030975757e-07,-1.1400194219175511e-08,-1.1454665706234213e-07,-1.4485960184779363e-08,1.5927416941404837e-07,1.8009377883295292e-08
3069.0,-1.110306518392612e-07,-1.1547372237580076e-08,-1.151333792193121e-07,-1.4750176391946414e-08,1.5994843124679017e-07,1.830431296606177e-08
3070.0,-1.1121900117538885e-07,-1.1690507214294788e-08,-1.1557799142747349e-07,-1.5008056675027508e-08,1.6039930899121816e-07,1.8591965517893355e-08
3071.0,-1.1149720671732588e-07,-1.1829620173040892e-08,-1.1626991691660038e-07,-1.5259608952582828e-08,1.6109103229403942e-07,1.8872351284896333e-08
3072.0,-1.1171180328006791e-07,-1.1964732571011302e-08,-1.1674568406450092e-07,-1.5504843040720525e-08,1.6158304904838519e-07,1.9145487684200657e-08
3073.0,-1.1216881498632425e-07,-1.2095866298804946e-08,-1.1774989082391496e-07,-1.5743770633029677e-08,1.6262496685466267e-07,1.941139379808724e-08
3074.0,-1.1239989428091235e-07,-1.2223043681486514e-08,-1.1832297062974728e-07,-1.5976405285470164e-08,1.6319945347031132e-07,1.9670090372312825e-08
3075.0,-1.1286272000310404e-07,-1.2346287480651889e-08,-1.1953694642463653e-07,-1.6202762405811887e-08,1.6439913359572637e-07,1.992159981823001e-08
3076.0,-1.1294203502987266e-07,-1.2465620897367695e-08,-1.1997200638491634e-07,-1.64228592471088e-08,1.6477009920708124e-07,2.01659462182154e-08
3077.0,-1.1347403960915159e-07,-1.2581067575844945e-08,-1.2096229859426266e-07,-1.6636714904619746e-08,1.6585606816281057e-07,2.040315533386147e-08
3078.0,-1.136874751839212e-07,-1.2692651607703038e-08,-1.2122667421288202e-07,-1.6844350315555822e-08,1.6619491133729377e-07,2.063325461636276e-08
3079.0,-1.1402350702516273e-07,-1.2800397536681663e-08,-1.2163097756756613e-07,-1.7045788261042407e-08,1.6671968947415632e-07,2.0856273218535714e-08
3080.0,-1.142911491835985e-07,-1.2904330363664084e-08,-1.2199482453401078e-07,-1.7241053369728438e-08,1.6716819073852433e-07,2.107224200794925e-08
3081.0,-1.1447045808465894e-07,-1.3004475551886434e-08,-1.2207375420236755e-07,-1.743017212254547e-08,1.67348400766699e-07,2.1281193580703093e-08
3082.0,-1.1471312941213618e-07,-1.31008590322238e-08,-1.222561718666748e-07,-1.7613172858201403e-08,1.6764746827500687e-07,2.148316227546336e-08
3083.0,-1.1488191528630232e-07,-1.3193507208463044e-08,-1.2213177216779947e-07,-1.779008577907657e-08,1.676723717035589e-07,2.1678184187439858e-08
3084.0,-1.1516473244488346e-07,-1.3282446962492034e-08,-1.2244752402301717e-07,-1.796094295726277e-08,1.6809613838059742e-07,2.1866297182057408e-08
3085.0,-1.1513918388161848e-07,-1.3367705659352771e-08,-1.2248657110802696e-07,-1.8125778340539278e-08,1.681070842252845e-07,2.2047540908126356e-08
3086.0,-1.1528593998888503e-07,-1.3449311152120351e-08,-1.2276504092467722e-07,-1.82846277581086e-08,1.6841051995750882e-07,2.2221956810349437e-08
3087.0,-1.1553340029113457e-07,-1.3527291786578604e-08,-1.2317818497142863e-07,-1.8437528925916465e-08,1.6888111746340092e-07,2.2389588141010913e-08
3088.0,-1.1570011959616266e-07,-1.3601676405664663e-08,-1.2341539266935708e-07,-1.8584521451359013e-08,1.6916819092931727e-07,2.2550479970680637e-08
3089.0,-1.1598930116374362e-07,-1.3672494353646533e-08,-1.2388856934775205e-07,-1.8725646837141404e-08,1.697112123564215e-07,2.2704679197733073e-08
3090.0,-1.1621264500716322e-07,-1.3739775479981616e-08,-1.2440584200301696e-07,-1.886094848400336e-08,1.702415706695652e-07,2.2852234556436034e-08
3091.0,-1.1645647310376539e-07,-1.3803550142783076e-08,-1.246348970973532e-07,-1.8990471691975372e-08,1.705754018088067e-07,2.299319662331317e-08
3092.0,-1.1677762884465537e-07,-1.3863849211798956e-08,-1.2480243943846503e-07,-1.911426365978096e-08,1.7091712462000937e-07,2.312761782143481e-08
3093.0,-1.1714833894616028e-07,-1.3920704070788386e-08,-1.2511608799004037e-07,-1.923237348195743e-08,1.7139944221547507e-07,2.3255552422247866e-08
3094.0,-1.1759437434921693e-07,-1.397414661916297e-08,-1.2555314657380912e-07,-1.9344852143230947e-08,1.7202333996632016e-07,2.3377056544518567e-08
3095.0,-1.1771984514963307e-07,-1.4024209272752195e-08,-1.2570282262314159e-07,-1.9451752509646236e-08,1.722183542990659e-07,2.3492188149930708e-08
3096.0,-1.1764846538642182e-07,-1.40709249635533e-08,-1.2608476912534528e-07,-1.955312931591532e-08,1.724486312302064e-07,2.3601007034857986e-08
3097.0,-1.177277024755341e-07,-1.411432713833965e-08,-1.269875854609248e-07,-1.9649039148414015e-08,1.731636763047134e-07,2.3703574817813214e-08
3098.0,-1.1799210902774249e-07,-1.4154449756022767e-08,-1.2800553039760132e-07,-1.9739540423223283e-08,1.7409064766720212e-07,2.379995492206929e-08
3099.0,-1.1831220048108548e-07,-1.4191327283683214e-08,-1.287842348041135e-07,-1.9824693358593465e-08,1.7488040461057266e-07,2.3890212552947643e-08
3100.0,-1.1855714043829124e-07,-1.422499469119882e-08,-1.293075709424274e-07,-1.9904559941217638e-08,1.75431591943799e-07,2.397441466928566e-08
3101.0,-1.1857133866421954e-07,-1.4255487444406401e-08,-1.2922943939952525e-07,-1.9979203885753118e-08,1.7538360915473433e-07,2.4052629948639408e-08
3102.0,-1.1860842016875317e-07,-1.4282841496740869e-08,-1.289200744353236e-07,-2.004869058713405e-08,1.7518088630708795e-07,2.4124928745860175e-08
3103.0,-1.1885988299153993e-07,-1.4307093279306201e-08,-1.2875464673600678e-07,-2.0113087065362655e-08,1.752296517170438e-07,2.4191383044797436e-08
3104.0,-1.1932567778316638e-07,-1.4328279689344121e-08,-1.2883222781645554e-07,-2.017246190262674e-08,1.7560284821882346e-07,2.4252066403006572e-08
3105.0,-1.1969653410104364e-07,-1.4346438077075191e-08,-1.290322539232447e-07,-2.0226885172738294e-08,1.760016557544701e-07,2.4307053889454532e-08
3106.0,-1.1964111645834663e-07,-1.4361606230895884e-08,-1.2904487819986876e-07,-2.0276428363005254e-08,1.7597322903503995e-07,2.4356422015308872e-08
3107.0,-1.1950536707439063e-07,-1.4373822360929942e-08,-1.2922991110553284e-07,-2.032116428873349e-08,1.760167681896494e-07,2.4400248657968615e-08
3108.0,-1.1954262443825137e-07,-1.4383125080957084e-08,-1.2971393763272498e-07,-2.0361167000615614e-08,1.7639768896947396e-07,2.4438612978556114e-08
3109.0,-1.1967036861459945e-07,-1.4389553388771622e-08,-1.3033439873189057e-07,-2.039651168530667e-08,1.7694081670761425e-07,2.4471595333141224e-08
3110.0,-1.1996922130719234e-07,-1.4393146645047056e-08,-1.3109248957199338e-07,-2.0427274559523137e-08,1.7770158942237203e-07,2.4499277178011917e-08
3111.0,-1.2016850928220357e-07,-1.4393944550794177e-08,-1.315207160124121e-07,-2.0453532758042424e-08,1.7815209615248597e-07,2.452174096934341e-08
3112.0,-1.201388623306432e-07,-1.4391987123501136e-08,-1.3120502374841525e-07,-2.047536421604073e-08,1.7789914136645923e-07,2.4539070057662937e-08
3113.0,-1.2016990627583546e-07,-1.4387314672041217e-08,-1.3057837419672147e-07,-2.0492847546296597e-08,1.7745849706960242e-07,2.4551348577571462e-08
3114.0,-1.2045409039651567e-07,-1.4379967770431862e-08,-1.301350732452189e-07,-2.0506061911900016e-08,1.7732547809547972e-07,2.4558661333264676e-08
3115.0,-1.2090175730006258e-07,-1.4369987230526235e-08,-1.2996666262643508e-07,-2.0515086895219593e-08,1.7750653033760993e-07,2.4561093680477025e-08
3116.0,-1.2125199733148406e-07,-1.4357414073714828e-08,-1.3015294747509287e-07,-2.052000236396201e-08,1.7788152403588323e-07,2.455873140552973e-08
3117.0,-1.2115784150945608e-07,-1.4342289501712974e-08,-1.3025521382326044e-07,-2.0520888335188586e-08,1.7789222379680842e-07,2.4551660602185287e-08
3118.0,-1.209317613826144e-07,-1.4324654866517739e-08,-1.3042776823846136e-07,-2.0517824838132982e-08,1.7786481844020582e-07,2.4539967547000017e-08
3119.0,-1.2092051301926254e-07,-1.4304551639637419e-08,-1.3096815404400886e-07,-2.051089177660445e-08,1.782538298116954e-07,2.4523738573836358e-08
3120.0,-1.211487987429205e-07,-1.428202138072257e-08,-1.318022494894988e-07,-2.0500168791682764e-08,1.7902196627046846e-07,2.4503059948155486e-08
3121.0,-1.2132297613764997e-07,-1.425710570574687e-08,-1.3237243674801835e-07,-2.0485735125329196e-08,1.7955981329213087e-07,2.4478017741664108e-08
3122.0,-1.2135202992480387e-07,-1.4229846254892744e-08,-1.3239987570190515e-07,-2.0467669485470083e-08,1.7959967219555394e-07,2.4448697707843195e-08
3123.0,-1.2136591540090613e-07,-1.4200284660292859e-08,-1.3203418870733064e-07,-2.0446049913070623e-08,1.7933965654227985e-07,2.4415185158854945e-08
3124.0,-1.2147148367724903e-07,-1.4168462513770685e-08,-1.3148599709023046e-07,-2.0420953651710405e-08,1.79008069029204e-07,2.4377564844313834e-08
3125.0,-1.217187678426157e-07,-1.4134421334714312e-08,-1.3116441335836448e-07,-2.0392457020186514e-08,1.7894010667474322e-07,2.433592083241142e-08
3126.0,-1.2195969589789968e-07,-1.409820253820681e-08,-1.3133856459346394e-07,-2.0360635288677076e-08,1.7923165449490128e-07,2.429033639388194e-08
3127.0,-1.219905171323532e-07,-1.4059847403524703e-08,-1.3172626116275676e-07,-2.0325562558973455e-08,1.7953688799279595e-07,2.4240893889269e-08
3128.0,-1.219713438305181e-07,-1.4019397043106215e-08,-1.3222684934477424e-07,-2.028731164922385e-08,1.798914906366282e-07,2.4187674659898127e-08
3129.0,-1.2195868581699187e-07,-1.397689237208662e-08,-1.3274397235585322e-07,-2.024595398353531e-08,1.8026337188408315e-07,2.4130758922886046e-08
3130.0,-1.2202014143536388e-07,-1.3932374078497778e-08,-1.333055953539608e-07,-2.0201559486678152e-08,1.807188331873027e-07,2.4070225670441065e-08
3131.0,-1.2215541134175112e-07,-1.3885882594228374e-08,-1.3381520402866443e-07,-2.0154196484049474e-08,1.8118623940383967e-07,2.4006152573643586e-08
3132.0,-1.222193358463297e-07,-1.3837458066836053e-08,-1.3406494543677372e-07,-2.0103931606996724e-08,1.814138243069779e-07,2.3938615890850567e-08
3133.0,-1.2220465692158733e-07,-1.3787140332291688e-08,-1.3388921810131293e-07,-2.00508297035851e-08,1.81274104320236e-07,2.3867690380846937e-08
3134.0,-1.223037152109363e-07,-1.373496888872176e-08,-1.335557673481924e-07,-1.9994953754913058e-08,1.8109484185465447e-07,2.3793449220871862e-08
3135.0,-1.225219783407283e-07,-1.3680982871198878e-08,-1.3327282555319897e-07,-1.9936364797127084e-08,1.8103392280857007e-07,2.371596392967065e-08
3136.0,-1.2273685362496067e-07,-1.3625221027613564e-08,-1.331065552501176e-07,-1.9875121849341552e-08,1.8105714647123884e-07,2.3635304295751417e-08
3137.0,-1.2283194125717323e-07,-1.356772169564416e-08,-1.3310244359465706e-07,-1.9811281847710654e-08,1.8111859728883314e-07,2.3551538311044246e-08
3138.0,-1.227433800987665e-07,-1.3508522780829529e-08,-1.3314014284115938e-07,-1.974489958591318e-08,1.8108626395680758e-07,2.3464732110161653e-08
3139.0,-1.226402754628264e-07,-1.3447661735744174e-08,-1.3329423989572042e-07,-1.9676027662294164e-08,1.8112976440932012e-07,2.3374949915442825e-08
3140.0,-1.2273256116968057e-07,-1.3385175540276685e-08,-1.3381005208035202e-07,-1.9604716433867155e-08,1.8157205624494067e-07,2.3282253987934705e-08
3141.0,-1.2294041820681834e-07,-1.332110068301505e-08,-1.3449888044969605e-07,-1.9531013977327465e-08,1.8222045788299682e-07,2.318670458442453e-08
3142.0,-1.2302730700852749e-07,-1.3255473143740693e-08,-1.3478489682694494e-07,-1.945496605717537e-08,1.8249023722495588e-07,2.3088359920598983e-08
3143.0,-1.2297145937645304e-07,-1.3188328377027437e-08,-1.3448848205921404e-07,-1.9376616101013548e-08,1.822337280191737e-07,2.298727614037505e-08
3144.0,-1.2295358822744795e-07,-1.3119701296935392e-08,-1.3398067781611456e-07,-1.92960051820782e-08,1.8184720752893161e-07,2.288350729143899e-08
3145.0,-1.2311350985894087e-07,-1.304962626278596e-08,-1.3367457092627877e-07,-1.9213172009085904e-08,1.8173009443158353e-07,2.2777105307043765e-08
3146.0,-1.2338983601534181e-07,-1.2978137066002704e-08,-1.3371199968081893e-07,-1.9128152923511304e-08,1.8194491059256442e-07,2.2668119994137685e-08
3147.0,-1.2350037592590013e-07,-1.2905266918001762e-08,-1.338273293016723e-07,-1.904098190443016e-08,1.8210463179682413e-07,2.2556599027910076e-08
3148.0,-1.233438841896639e-07,-1.2831048439116716e-08,-1.3380058266898587e-07,-1.8951690581053786e-08,1.8197887154709292e-07,2.244258795283401e-08
3149.0,-1.2315012407060344e-07,-1.2755513648551135e-08,-1.338579365545156e-07,-1.8860308253046372e-08,1.8188980245532663e-07,2.232613019026551e-08
3150.0,-1.2313896766147359e-07,-1.2678693955367062e-08,-1.3427222221584767e-07,-1.876686191866713e-08,1.8218736239244315e-07,2.2207267052631945e-08
3151.0,-1.2328366533198576e-07,-1.2600620150534746e-08,-1.3481377758584046e-07,-1.867137631072539e-08,1.8268447324459058e-07,2.208603776421386e-08
3152.0,-1.2340370611485518e-07,-1.2521322400079686e-08,-1.3502164594725308e-07,-1.8573873940287953e-08,1.8291888791807944e-07,2.1962479488495106e-08
3153.0,-1.2334222546095397e-07,-1.2440830239365587e-08,-1.3470112859848005e-07,-1.847437514804439e-08,1.8264090075162536e-07,2.183662736203277e-08
3154.0,-1.2321098993850477e-07,-1.2359172568549058e-08,-1.341552526151757e-07,-1.8372898163225713e-08,1.8214988291477962e-07,2.1708514534788724e-08
3155.0,-1.2321880271670693e-07,-1.2276377649239512e-08,-1.3381556357439095e-07,-1.8269459169983942e-08,1.8190513570999202e-07,2.1578172216871273e-08
3156.0,-1.2338264757105755e-07,-1.2192473102395336e-08,-1.3372151244639419e-07,-1.81640723811584e-08,1.8194702694079655e-07,2.1445629731647065e-08
3157.0,-1.2353079298366154e-07,-1.2107485907483026e-08,-1.3366167943285046e-07,-1.8056750119356905e-08,1.8200357514066124e-07,2.131091457518205e-08
3158.0,-1.2353426045996763e-07,-1.2021442402918772e-08,-1.3358587855338833e-07,-1.7947502905253383e-08,1.8195026918438934e-07,2.1174052481945023e-08
3159.0,-1.2340904362306837e-07,-1.1934368287804758e-08,-1.3358869835333742e-07,-1.78363395529469e-08,1.8186734829457256e-07,2.1035067496661164e-08
3160.0,-1.2330803034199533e-07,-1.1846288624970462e-08,-1.337974730453162e-07,-1.7723267272150592e-08,1.8195228533913652e-07,2.089398205214458e-08
3161.0,-1.2333658080954102e-07,-1.175722784533126e-08,-1.3418879614424117e-07,-1.760829177689127e-08,1.822595544173999e-07,2.0750817052875856e-08
3162.0,-1.2342700478340518e-07,-1.166720975357931e-08,-1.3454555207459418e-07,-1.7491417400311617e-08,1.8258349074563137e-07,2.060559196402666e-08
3163.0,-1.2346109518057702e-07,-1.1576257535220313e-08,-1.3466484294344383e-07,-1.7372647215086788e-08,1.8269444969174594e-07,2.0458324905573728e-08
3164.0,-1.2341124649983826e-07,-1.1484393764964352e-08,-1.3450543941140314e-07,-1.7251983158907344e-08,1.8254327978290101e-07,2.0309032751096408e-08
3165.0,-1.2335350518810628e-07,-1.1391640416472754e-08,-1.3416425900802942e-07,-1.7129426164447566e-08,1.8225294411165423e-07,2.015773123082373e-08
3166.0,-1.2336722574057823e-07,-1.1298018873457874e-08,-1.3385778453722796e-07,-1.7004976293229364e-08,1.8203675142163392e-07,2.0004435038486932e-08
3167.0,-1.2345672489866288e-07,-1.1203549942129368e-08,-1.3379942584434978e-07,-1.6878632872794826e-08,1.8205452281935152e-07,1.9849157941533255e-08
3168.0,-1.234878077294166e-07,-1.1108253864976952e-08,-1.339302869718395e-07,-1.6750394636599094e-08,1.8217178822797081e-07,1.9691912894253277e-08
3169.0,-1.233938522471334e-07,-1.101215033587591e-08,-1.3408256546720843e-07,-1.662025986601964e-08,1.8222013372472214e-07,1.953271215336045e-08
3170.0,-1.2328797999172636e-07,-1.0915258516499588e-08,-1.343081249410849e-07,-1.6488226533850646e-08,1.8231455903363943e-07,1.93715673955397e-08
3171.0,-1.232652195592987e-07,-1.0817597054023284e-08,-1.3465331563655702e-07,-1.6354292448620425e-08,1.8255363531006542e-07,1.9208489836459914e-08
3172.0,-1.2327826579006107e-07,-1.0719184100105125e-08,-1.3486694250275377e-07,-1.6218455399050453e-08,1.8272006730582724e-07,1.9043490350731562e-08
3173.0,-1.2325107831556714e-07,-1.0620037331128455e-08,-1.347580338845189e-07,-1.608071329797596e-08,1.8262134596582954e-07,1.8876579592291483e-08
3174.0,-1.2318847281145295e-07,-1.0520173969686041e-08,-1.3444364128922803e-07,-1.594106432507719e-08,1.823471757848876e-07,1.8707768114715436e-08
3175.0,-1.2317330014277594e-07,-1.0419610807280018e-08,-1.341496387446961e-07,-1.5799507067826078e-08,1.8212025544511747e-07,1.853706649099608e-08
3176.0,-1.2321756567845732e-07,-1.0318364228204217e-08,-1.3392696993075326e-07,-1.5656040660125526e-08,1.819862680714065e-07,1.8364485432372872e-08
3177.0,-1.232751741520044e-07,-1.0216450234568387e-08,-1.3376145145682639e-07,-1.5510664918193583e-08,1.8190353063655453e-07,1.819003590585079e-08
3178.0,-1.2323541129233284e-07,-1.0113884472417284e-08,-1.3353304438579183e-07,-1.5363380473309566e-08,1.8170866941158392e-07,1.801372925008886e-08
3179.0,-1.2310841721041577e-07,-1.0010682258893593e-08,-1.3331827500295823e-07,-1.521418890108748e-08,1.8146472064238323e-07,1.7835577289372173e-08
3180.0,-1.230086650316764e-07,-9.906858610393351e-09,-1.3330072834438766e-07,-1.50630928469747e-08,1.8138416648103385e-07,1.7655592445405554e-08
3181.0,-1.229954693926505e-07,-9.802428271665421e-09,-1.3348283309233544e-07,-1.4910096147692407e-08,1.8150909680088958e-07,1.7473787846682947e-08
3182.0,-1.2301981344720048e-07,-9.69740574580969e-09,-1.337024475023263e-07,-1.4755203948343367e-08,1.816871458543403e-07,1.729017743519576e-08
3183.0,-1.229766135590893e-07,-9.591805325129835e-09,-1.336918273725507e-07,-1.4598422814919233e-08,1.8165008171942417e-07,1.7104776070249238e-08
3184.0,-1.2284054073941064e-07,-9.485641122795214e-09,-1.3336482439230135e-07,-1.443976084195336e-08,1.8131733186416622e-07,1.6917599629166098e-08
3185.0,-1.2275635336012058e-07,-9.378927105265606e-09,-1.3304401164093704e-07,-1.4279227755094237e-08,1.8102439427819825e-07,1.6728665104677506e-08
3186.0,-1.2278820057942674e-07,-9.271677125431848e-09,-1.3290477313132598e-07,-1.4116835008418868e-08,1.8094369544867477e-07,1.6537990698834143e-08
3187.0,-1.2282951483699733e-07,-9.163904956424726e-09,-1.3278987064102576e-07,-1.3952595876354851e-08,1.80887366778204e-07,1.63455959133066e-08
3188.0,-1.22794914597657e-07,-9.055624326043005e-09,-1.3262394153723545e-07,-1.3786525540125008e-08,1.807420839758077e-07,1.6151501635976455e-08
3189.0,-1.2264908114123507e-07,-8.946848951750221e-09,-1.3238203423748818e-07,-1.3618641168663327e-08,1.8046550942948836e-07,1.5955730223745186e-08
3190.0,-1.2248362976641225e-07,-8.83759257619173e-09,-1.322592141222989e-07,-1.3448961993977584e-08,1.8026297257341469e-07,1.5758305581509115e-08
3191.0,-1.2239564647908985e-07,-8.727869003188758e-09,-1.3238091545186847e-07,-1.3277509380954144e-08,1.8029254297643342e-07,1.5559253237267337e-08
3192.0,-1.2233143159567916e-07,-8.617692134171967e-09,-1.3247952967976317e-07,-1.3104306891617058e-08,1.8032139346294876e-07,1.5358600413346348e-08
3193.0,-1.2229082613224307e-07,-8.507076005019738e-09,-1.324674926278524e-07,-1.2929380343868988e-08,1.8028500425497578e-07,1.5156376093738533e-08
3194.0,-1.22211050640475e-07,-8.396034823264384e-09,-1.3220744335407097e-07,-1.2752757864762684e-08,1.8003985385705196e-07,1.49526110875666e-08
3195.0,-1.2207563812594024e-07,-8.28458300562404e-09,-1.3172619482693104e-07,-1.2574469938385657e-08,1.7959468763701813e-07,1.4747338088707338e-08
3196.0,-1.2199319232575334e-07,-8.172735215811097e-09,-1.3131552631384658e-07,-1.239454944848655e-08,1.792375697919127e-07,1.4540591731637877e-08
3197.0,-1.2196858453772386e-07,-8.060506402560675e-09,-1.3103530564773092e-07,-1.2213031716022404e-08,1.790156052983375e-07,1.4332408643600019e-08
3198.0,-1.2193261531012745e-07,-7.947911837814167e-09,-1.30740024820164e-07,-1.20299545318484e-08,1.7877504514429475e-07,1.412282749320412e-08
3199.0,-1.2185207551307364e-07,-7.834967154984014e-09,-1.304607385871348e-07,-1.1845358184796046e-08,1.7851591699213974e-07,1.3911889035606355e-08
3200.0,-1.217308870649081e-07,-7.721688387217033e-09,-1.3024329185984396e-07,-1.1659285485389276e-08,1.7827429410910005e-07,1.3699636154390016e-08
3201.0,-1.2156924314443707e-07,-7.608092005566792e-09,-1.3005013867195547e-07,-1.1471781785432797e-08,1.7802280597526292e-07,1.3486113900266414e-08
3202.0,-1.2144328728758147e-07,-7.494194956980462e-09,-1.299709199015231e-07,-1.1282894993677728e-08,1.7787892524765877e-07,1.3271369526686252e-08
3203.0,-1.2140017197070918e-07,-7.3800147020009485e-09,-1.300103469187297e-07,-1.1092675587730539e-08,1.778783068854834e-07,1.3055452522421229e-08
3204.0,-1.2134688370801783e-07,-7.265569252078242e-09,-1.299134055887663e-07,-1.0901176622327505e-08,1.7777108633666638e-07,1.2838414641139171e-08
3205.0,-1.2124239903710254e-07,-7.150877206374886e-09,-1.296110499343639e-07,-1.0708453734055087e-08,1.7747885392170014e-07,1.2620309927959583e-08
3206.0,-1.211546571122657e-07,-7.035957787940063e-09,-1.2933628286415644e-07,-1.051456514256186e-08,1.7721829760244216e-07,1.2401194742944425e-08
3207.0,-1.2108929151044556e-07,-6.92083087911744e-09,-1.291029206179628e-07,-1.0319571648282468e-08,1.770033350832398e-07,1.2181127781454332e-08
3208.0,-1.2099835558498917e-07,-6.805517056044703e-09,-1.2883817551712085e-07,-1.0123536626674009e-08,1.7674806229447585e-07,1.1960170091281303e-08
3209.0,-1.2088475398464027e-07,-6.69003762209806e-09,-1.2860269947567726e-07,-9.926526018945498e-09,1.76498663049776e-07,1.1738385086451294e-08
3210.0,-1.2072987101707788e-07,-6.574414640132171e-09,-1.2836626087087133e-07,-9.72860831923688e-09,1.7622031292041463e-07,1.1515838557571223e-08
3211.0,-1.2062408116797485e-07,-6.4586709633656425e-09,-1.283660214235205e-07,-9.529854558175541e-09,1.7614767785503705e-07,1.1292598678573633e-08
3212.0,-1.2050665421092788e-07,-6.342830264762722e-09,-1.2838720699070993e-07,-9.330338282706476e-09,1.7608273233905573e-07,1.1068736009689747e-08
3213.0,-1.203425814277903e-07,-6.226917064762424e-09,-1.2821286692055178e-07,-9.13013553206128e-09,1.7584332841677975e-07,1.0844323496459879e-08
3214.0,-1.201955661944698e-07,-6.1109567572065095e-09,-1.2795753299987833e-07,-8.92932480970689e-09,1.7555655608442575e-07,1.061943646457214e-08
3215.0,-1.2006705502054515e-07,-5.994975633316389e-09,-1.2765862603125733e-07,-8.727987051102692e-09,1.752507418001277e-07,1.039415261031121e-08
3216.0,-1.1996752971588087e-07,-5.879000903566473e-09,-1.2735349885772962e-07,-8.526205587095834e-09,1.749603436708916e-07,1.0168551986397684e-08
3217.0,-1.1989274492640867e-07,-5.763060717297386e-09,-1.270413995529962e-07,-8.32406610279421e-09,1.746819609644136e-07,9.942716983003069e-09
3218.0,-1.1978399935830275e-07,-5.647184179907149e-09,-1.2664393062022938e-07,-8.121656591768787e-09,1.7431836296045045e-07,9.716732303730455e-09
3219.0,-1.196321313401416e-07,-5.531401367453499e-09,-1.2621221193165333e-07,-7.919067305446132e-09,1.7390045799153452e-07,9.49068493635444e-09
3220.0,-1.1947573741455386e-07,-5.415743338497517e-09,-1.2587140903186356e-07,-7.716390697554255e-09,1.735455658967354e-07,9.264664118113437e-09
3221.0,-1.193498494755918e-07,-5.3002421430184754e-09,-1.2570318967675131e-07,-7.513721363478208e-09,1.7333689297075721e-07,9.038761295342109e-09
3222.0,-1.1922744061476642e-07,-5.184930828231287e-09,-1.255964630214601e-07,-7.311155974363974e-09,1.731752121957662e-07,8.813070077219866e-09
3223.0,-1.1907318542281331e-07,-5.069843441140078e-09,-1.254385122440027e-07,-7.108793205781996e-09,1.7295445597244524e-07,8.587686183392925e-09
3224.0,-1.1890369067124595e-07,-4.955015027664134e-09,-1.2521392137032628e-07,-6.906733660730891e-09,1.7267487877562734e-07,8.3627073852067e-09
3225.0,-1.1876559649626195e-07,-4.840481628175096e-09,-1.2501705730361135e-07,-6.7050797867352805e-09,1.7243703641609988e-07,8.138233440267595e-09
3226.0,-1.1865650909048675e-07,-4.726280269287543e-09,-1.2481736126612741e-07,-6.503935786773661e-09,1.7221713278004523e-07,7.914366020042449e-09
3227.0,-1.1856541112797991e-07,-4.612448951748528e-09,-1.2459139611675774e-07,-6.3034075237651996e-09,1.719906180646774e-07,7.691208630200572e-09
3228.0,-1.1845811651034488e-07,-4.499026634275489e-09,-1.2433747471896073e-07,-6.1036024183466115e-09,1.7173273708488617e-07,7.468866523407634e-09
3229.0,-1.1831145066421023e-07,-4.3860532131977245e-09,-1.2403200129462721e-07,-5.904629339681081e-09,1.7141043347305396e-07,7.247446604292205e-09
3230.0,-1.1814781372687655e-07,-4.273569497765744e-09,-1.2377158210841177e-07,-5.706598489059456e-09,1.711090600349965e-07,7.0270573263247e-09
3231.0,-1.1794837098677569e-07,-4.161617181006046e-09,-1.235023828066728e-07,-5.509621276077759e-09,1.7077662831125347e-07,6.80780858037484e-09
3232.0,-1.1778261330142037e-07,-4.050238806015719e-09,-1.2333355771387833e-07,-5.3138101872032235e-09,1.7054005527873645e-07,6.589811574745366e-09
3233.0,-1.1766031185467263e-07,-3.93947772761016e-09,-1.232684432167508e-07,-5.11927864657196e-09,1.704085035402287e-07,6.373178706514613e-09
3234.0,-1.1747201159040266e-07,-3.829378069256048e-09,-1.2300952732802184e-07,-4.926140868896992e-09,1.700912029487682e-07,6.1580234240593054e-09
3235.0,-1.1727149260010172e-07,-3.7199846752406836e-09,-1.2264468875200496e-07,-4.734511704408141e-09,1.6968889962437698e-07,5.944460080672177e-09
3236.0,-1.1710970387879271e-07,-3.611343058046993e-09,-1.2230413458380607e-07,-4.544506475798467e-09,1.6933098971798476e-07,5.732603779239969e-09
3237.0,-1.169638431941511e-07,-3.5034993409221105e-09,-1.219462815726935e-07,-4.356240807215506e-09,1.6897170237691462e-07,5.52257020800568e-09
3238.0,-1.1680923017731715e-07,-3.396500195645831e-09,-1.2154179866719073e-07,-4.169830445405003e-09,1.6857284798529502e-07,5.314475467501323e-09
3239.0,-1.1666993224301869e-07,-3.2903927755230308e-09,-1.2115353370534265e-07,-3.98539107318488e-09,1.681964679144071e-07,5.1084358887999804e-09
3240.0,-1.1649291845050591e-07,-3.1852246436428417e-09,-1.206997009145505e-07,-3.803038115493e-09,1.6774688626015734e-07,4.904567843295975e-09
3241.0,-1.163237233481329e-07,-3.0810436964671975e-09,-1.2033571063219117e-07,-3.622886538311447e-09,1.673675352836607e-07,4.7029875442779195e-09
3242.0,-1.1617169989874832e-07,-2.977898082833423e-09,-1.200916144722397e-07,-3.445050640820589e-09,1.6708638401711222e-07,4.503810840610678e-09
3243.0,-1.1596866131280414e-07,-2.875836118479686e-09,-1.197776901967762e-07,-3.269643841177093e-09,1.6671960135376636e-07,4.307153002888161e-09
3244.0,-1.1574649680379245e-07,-2.7749061962279153e-09,-1.1947516559418503e-07,-3.0967784563431113e-09,1.663477283166448e-07,4.1131285024599936e-09
3245.0,-1.155623352011581e-07,-2.67515669198543e-09,-1.1924017931375097e-07,-2.9265654764217597e-09,1.6605081655902904e-07,3.921850783773276e-09
3246.0,-1.1538433292157535e-07,-2.5766358667539e-09,-1.189372003246314e-07,-2.7591143339804283e-09,1.657093899114303e-07,3.733432030508178e-09
3247.0,-1.152277360472187e-07,-2.4793917648602333e-09,-1.187026997806484e-07,-2.5945326688714103e-09,1.654320467436169e-07,3.5479829260239223e-09
3248.0,-1.150911277392197e-07,-2.3834721086495076e-09,-1.1847478438575809e-07,-2.432926089089862e-09,1.6517337018883296e-07,3.365612408670757e-09
3249.0,-1.1484531287075939e-07,-2.2889241899046913e-09,-1.1796252813445207e-07,-2.2743979282430767e-09,1.646347591860662e-07,3.1864274225646816e-09
3250.0,-1.1463436830339013e-07,-2.1957947582838414e-09,-1.1760088634849009e-07,-2.119049000243494e-09,1.6422852025841243e-07,3.0105326644668115e-09
3251.0,-1.144926063678664e-07,-2.1041299070920698e-09,-1.173865930848006e-07,-1.9669773518790886e-09,1.6397612371611838e-07,2.8380303274569333e-09
3252.0,-1.1425025861488969e-07,-2.013974956733546e-09,-1.1700284149873674e-07,-1.8182780139553213e-09,1.6353221857587479e-07,2.6690198421388377e-09
3253.0,-1.140286768896992e-07,-1.92537433621635e-09,-1.1680604052044519e-07,-1.6730427517406609e-09,1.632366081958312e-07,2.503597616161094e-09
3254.0,-1.1381293946177706e-07,-1.8383714631095504e-09,-1.1658458062835386e-07,-1.531359815482454e-09,1.6292743669873186e-07,2.341856772879376e-09
3255.0,-1.1349547601735566e-07,-1.7530086223776814e-09,-1.1608916011818238e-07,-1.393313691794154e-09,1.6235121241725033e-07,2.1838868900291585e-09
3256.0,-1.1328682192335293e-07,-1.6693268445410924e-09,-1.158285004576598e-07,-1.2589848567516277e-09,1.620189666050354e-07,2.029773739319146e-09
3257.0,-1.130891567613368e-07,-1.5873657836307307e-09,-1.1549885267636562e-07,-1.128449531575323e-09,1.6164511234969964e-07,1.879599027897396e-09
3258.0,-1.128797801897008e-07,-1.5071635954211193e-09,-1.151232095070176e-07,-1.0017794418152714e-09,1.6123026435155353e-07,1.733440142681229e-09
3259.0,-1.1270382477279739e-07,-1.4287568164360924e-09,-1.1481589953787896e-07,-8.790415809951386e-10,1.6088767170019502e-07,1.5913698985768184e-09
3260.0,-1.1241378633508603e-07,-1.352180244228312e-09,-1.1420886940338715e-07,-7.602979797076012e-10,1.6025144370204692e-07,1.4534562916442726e-09
3261.0,-1.1223122556303089e-07,-1.277466819438908e-09,-1.1386411941094465e-07,-6.456054811862253e-10,1.5987772102644502e-07,1.319762258290796e-09
3262.0,-1.12014835407237e-07,-1.2046475101469996e-09,-1.1346454743821344e-07,-5.350155244061057e-10,1.5944129602041306e-07,1.1903454415957376e-09
3263.0,-1.1182943024379277e-07,-1.1337511990212256e-09,-1.131625231715061e-07,-4.2857393578353634e-10,1.5909612854872668e-07,1.0652579658853151e-09
3264.0,-1.1158636151198387e-07,-1.0648045737859244e-09,-1.1280112566236511e-07,-3.263207305521351e-10,1.5866823887022833e-07,9.445462206797348e-10
3265.0,-1.1133882918401561e-07,-9.978320215139812e-10,-1.1244214648264972e-07,-2.282899248898071e-10,1.5823896861927869e-07,8.282506551325322e-10
3266.0,-1.1110884870491056e-07,-9.328555272566917e-10,-1.1211429408464202e-07,-1.3450935986094983e-10,1.5784419912885079e-07,7.164055840728238e-10
3267.0,-1.1084560166962909e-07,-8.698945775185753e-10,-1.1175359886095304e-07,-4.500053822319056e-11,1.574027136610957e-07,6.090390067486079e-10
3268.0,-1.1067936295239278e-07,-8.089660690805332e-10,-1.1155945987828542e-07,4.022152487052606e-11,1.5714781090388204e-07,5.061724393521195e-10
3269.0,-1.1044475634047757e-07,-7.500842236679161e-10,-1.1119665288550351e-07,1.2114843626542235e-10,1.5672504527371054e-07,4.078207623876608e-10
3270.0,-1.1018049392297335e-07,-6.932605089506454e-10,-1.1079293475713126e-07,1.977785433080794e-10,1.5625241000768057e-07,3.139920839185233e-10
3271.0,-1.0999119703924976e-07,-6.385035663515919e-10,-1.1049252982009428e-07,2.7011703549732535e-10,1.55905941426783e-07,2.2468761970454194e-10
3272.0,-1.0967889435553602e-07,-5.858191461274742e-10,-1.0997118995992317e-07,3.38176028344236e-10,1.5531620162833733e-07,1.3990159121619458e-10
3273.0,-1.094819414848569e-07,-5.352100501733231e-10,-1.0972132621911435e-07,4.019746285275066e-10,1.5500020947913243e-07,5.962114248370588e-11
3274.0,-1.0920314771900586e-07,-4.866760829870993e-10,-1.0933983755900822e-07,4.6153897945933774e-10,1.5453325709752357e-07,-1.6173723291692646e-11
3275.0,-1.0889859672347235e-07,-4.402140112139249e-10,-1.0891168548965435e-07,5.16902286411444e-10,1.540151278431403e-07,-8.75101864739753e-11
3276.0,-1.0862706975589553e-07,-3.9581753217005725e-10,-1.0850211430712964e-07,5.681048203906073e-10,1.535335438686596e-07,-1.5442263222854265e-10
3277.0,-1.0833666963527833e-07,-3.534772517235732e-10,-1.0804650127371751e-07,6.151938999989527e-10,1.5300614505684037e-07,-2.1695264945997558e-10
3278.0,-1.0809979947290493e-07,-3.131806718816483e-10,-1.0763951557857254e-07,6.582238505656476e-10,1.525510798390887e-07,-2.7514900670902374e-10
3279.0,-1.077998152965165e-07,-2.749121884020072e-10,-1.070693473326223e-07,6.972559398958728e-10,1.5193631993765278e-07,-3.290676043317757e-10
3280.0,-1.0753966919740954e-07,-2.3865309870888796e-10,-1.0656984127110913e-07,7.323582900518555e-10,1.5139983989303842e-07,-3.787714023599178e-10
3281.0,-1.0728610508325964e-07,-2.0438162035231367e-10,-1.0606267204782416e-07,7.636057646616475e-10,1.5086284746703056e-07,-4.2433032352782243e-10
3282.0,-1.0704029018704375e-07,-1.720729202040014e-10,-1.0560568362849576e-07,7.910798313461221e-10,1.5036683190773314e-07,-4.658211310520428e-10
3283.0,-1.067975282653677e-07,-1.416991545347957e-10,-1.0513070654305512e-07,8.148683989654812e-10,1.4986052683022966e-07,-5.033272808619029e-10
3284.0,-1.0651917128901012e-07,-1.1322952006776233e-10,-1.0471676063772417e-07,8.350656295140103e-10,1.4937179723949195e-07,-5.369387481061111e-10
3285.0,-1.0626631821719634e-07,-8.663031604900238e-11,-1.0435204320091707e-07,8.517717246344721e-10,1.4893582278164142e-07,-5.667518278989539e-10
3286.0,-1.0591714774688121e-07,-6.186501732559357e-11,-1.038438519340712e-07,8.650926868790826e-10,1.4833067036638095e-07,-5.928689104164189e-10
3287.0,-1.0575320630312746e-07,-3.8894358366663804e-11,-1.0373027438392857e-07,8.751400560092126e-10,1.481340962343138e-07,-6.153982306077342e-10
3288.0,-1.0542891040743463e-07,-1.767642810935985e-11,-1.0332732533480105e-07,8.820306207978024e-10,1.4762042985489068e-07,-6.344535929477619e-10
3289.0,-1.0520150206527745e-07,1.8332245441409217e-12,-1.0315316026354715e-07,8.858861069731348e-10,1.4733611406965918e-07,-6.501540718185287e-10
3290.0,-1.0488942567277171e-07,1.9681474808862195e-11,-1.0278838445676453e-07,8.86832842115302e-10,1.468579027400144e-07,-6.626236882703735e-10
3291.0,-1.0461305999243109e-07,3.5917495965080176e-11,-1.0246320329698744e-07,8.850013984824251e-10,1.464329209940844e-07,-6.719910640697056e-10
3292.0,-1.043326853522597e-07,5.059262351480177e-11,-1.0210961336187818e-07,8.805262148995465e-10,1.459852128598163e-07,-6.783890540908222e-10
3293.0,-1.0412268364179411e-07,6.376020994471175e-11,-1.0189383142789055e-07,8.735451989879645e-10,1.4568420000749744e-07,-6.819543582505584e-10
3294.0,-1.0388131754801577e-07,7.547547054953581e-11,-1.0160347002630132e-07,8.64199311147617e-10,1.453086138427354e-07,-6.828271143193269e-10
3295.0,-1.0353878168722908e-07,8.579532082408129e-11,-1.0113563378433277e-07,8.526321318300635e-10,1.4473664267984924e-07,-6.811504730691844e-10
3296.0,-1.0326842242447398e-07,9.477820598479937e-11,-1.0079333984114314e-07,8.389894137530756e-10,1.4430406933406893e-07,-6.770701573370341e-10
3297.0,-1.029322565515578e-07,1.0248392323123187e-10,-1.003759237394597e-07,8.234186208103411e-10,1.4377195660261963e-07,-6.707340066879226e-10
3298.0,-1.0269052927447397e-07,1.0897343740399281e-10,-1.0007475845230651e-07,8.060684555217774e-10,1.433886400031714e-07,-6.622915094622863e-10
3299.0,-1.0235528308255581e-07,1.1430869074174162e-10,-9.953595672684834e-08,7.870883769544237e-10,1.4277258370022994e-07,-6.5189332408194e-10
3300.0,-1.0207171424747585e-07,1.1855240748401997e-10,-9.918286132670762e-08,7.666281111218357e-10,1.4232313526047434e-07,-6.39690791576949e-10
3301.0,-1.0179653214814621e-07,1.2176789411042248e-10,-9.868124278833434e-08,7.448371559420088e-10,1.41776308442697e-07,-6.258354413767373e-10
3302.0,-1.0140406181413653e-07,1.240188360487723e-10,-9.811672026238671e-08,7.218642829004844e-10,1.4110164615429783e-07,-6.104784924856149e-10
3303.0,-1.0123105143033939e-07,1.2536909172512046e-10,-9.778754390954436e-08,6.978570376284164e-10,1.40748461865674e-07,-5.937703522357969e-10
3304.0,-1.0087877208575513e-07,1.2588248486632437e-10,-9.728332205083401e-08,6.729612416663221e-10,1.401448229752923e-07,-5.758601148805459e-10
3305.0,-1.0064802025144814e-07,1.256225960018301e-10,-9.69614903367777e-08,6.473204977443991e-10,1.3975533831973988e-07,-5.5689506235707e-10
3306.0,-1.003111683162139e-07,1.2465255414300006e-10,-9.648290213992716e-08,6.21075700968179e-10,1.391807490075641e-07,-5.370201696119762e-10
3307.0,-1.0004736605839781e-07,1.230348296457887e-10,-9.615973459164984e-08,5.943645583523844e-10,1.3876660265337475e-07,-5.163776169385597e-10
3308.0,-9.969785544350351e-08,1.208310292842818e-10,-9.57019464786768e-08,5.673211191919837e-10,1.3819741292745406e-07,-4.951063118221478e-10
3309.0,-9.941562090221012e-08,1.181016945786441e-10,-9.543466047978733e-08,5.400753187969562e-10,1.378087083614974e-07,-4.733414228268195e-10
3310.0,-9.909062659296808e-08,1.1490610443132684e-10,-9.506108650247924e-08,5.127525381428005e-10,1.3731555791540475e-07,-4.512139280805828e-10
3311.0,-9.879483583996596e-08,1.113020831308601e-10,-9.479250707988829e-08,4.85473182001694e-10,1.3691617503836605e-07,-4.2885018092798823e-10
3312.0,-9.848312712557039e-08,1.0734581478265253e-10,-9.444619693266265e-08,4.583522781158148e-10,1.364514948378161e-07,-4.063714953155295e-10
3313.0,-9.813025111937712e-08,1.0309166522114432e-10,-9.4016734716873e-08,4.314990999524127e-10,1.358995680330695e-07,-3.8389375345444553e-10
3314.0,-9.786279861478953e-08,9.859201244676606e-11,-9.37292288227809e-08,4.0501681553680097e-10,1.3550754845554573e-07,-3.6152703826630904e-10
3315.0,-9.751117843737056e-08,9.389708661412044e-11,-9.327914619883249e-08,3.790021647952305e-10,1.3494231743907428e-07,-3.393752930576395e-10
3316.0,-9.723009300466323e-08,8.905482057510184e-11,-9.294540509463545e-08,3.5354516775316996e-10,1.3450851019136798e-07,-3.1753601079160314e-10
3317.0,-9.684423257771968e-08,8.411071195096202e-11,-9.243340552689272e-08,3.287288658290541e-10,1.338758374049121e-07,-2.960999552280384e-10
3318.0,-9.654505167544514e-08,7.910769767131527e-11,-9.204714601640518e-08,3.0462909833809544e-10,1.333927437785871e-07,-2.7515091608728344e-10
3319.0,-9.619072838251697e-08,7.408604187475206e-11,-9.162434023990418e-08,2.8131431617750305e-10,1.3284455559471332e-07,-2.547655002603482e-10
3320.0,-9.588800414794818e-08,6.908323801586661e-11,-9.124721994657747e-08,2.5884543450415374e-10,1.3236526918892287e-07,-2.3501296093771867e-10
3321.0,-9.546279858274609e-08,6.413392596694188e-11,-9.069483876411599e-08,2.372757260396698e-10,1.3167649635261012e-07,-2.1595506636340994e-10
3322.0,-9.517607740816558e-08,5.926982483963676e-11,-9.030098656326313e-08,2.166507564457654e-10,1.3119738520680873e-07,-1.97646009738878e-10
3323.0,-9.478969897891432e-08,5.451968218230891e-11,-8.982745236529865e-08,1.970083630050378e-10,1.305911874168896e-07,-1.8013236160352528e-10
3324.0,-9.451315574615649e-08,4.990924013297483e-11,-8.945904138302208e-08,1.7837867761917776e-10,1.3013706887073524e-07,-1.6345306580587158e-10
3325.0,-9.4135643419202e-08,4.546121902547139e-11,-8.899102069137577e-08,1.6078419489954813e-10,1.295411947051594e-07,-1.476394799514873e-10
3326.0,-9.382559676418545e-08,4.1195318857560955e-11,-8.852972158135408e-08,1.4423988587267654e-10,1.2899904732759694e-07,-1.3271546097072925e-10
3327.0,-9.348967322519997e-08,3.712823893252611e-11,-8.817367269653431e-08,1.2875335755587878e-10,1.285103713968263e-07,-1.186974961898109e-10
3328.0,-9.309928361567188e-08,3.327371588037242e-11,-8.765709691438417e-08,1.1432505837376536e-10,1.278719799221434e-07,-1.0559488001062466e-10
3329.0,-9.287112492928351e-08,2.964258015001249e-11,-8.746545852866827e-08,1.0094852908580175e-10,1.27574496986117e-07,-9.340993600923597e-11
3330.0,-9.241349099853302e-08,2.624283094020713e-11,-8.698228573522648e-08,8.861069857732371e-11,1.2691009160134008e-07,-8.213828394840911e-11
3331.0,-9.218428018153979e-08,2.3079729404126285e-11,-8.676474602675732e-08,7.729222352962022e-11,1.2659408621920823e-07,-7.176915086538426e-11
3332.0,-9.170443904249481e-08,2.0155909820011624e-11,-8.633547549097287e-08,6.6967870627145e-11,1.2595046037371609e-07,-6.228572504006628e-11
