time_seconds,dir_raw,dir_bp,ortho_raw,ortho_bp,mag_raw,mag_bp
0.0,0.0,8.244995211979609e-09,0.0,3.3936232602995815e-08,0.0,-1.539386226859334e-08
1.0,8.088719971599545e-11,9.033733413446833e-09,2.2262588994514942e-10,3.445919697821491e-08,2.368649952014124e-10,-1.4742065355851493e-08
2.0,2.2633374341385348e-10,9.814991135909743e-09,3.5427855094027905e-10,3.497500800924818e-08,4.204048704095517e-10,-1.4100434483416579e-08
3.0,2.356949496684635e-10,1.0587821114058968e-08,6.590954171326047e-10,3.548270636054609e-08,6.999706266583061e-10,-1.346987114422638e-08
4.0,2.7971192029241365e-10,1.1351296667323231e-08,6.474024649705257e-10,3.598132968867988e-08,7.052437238314016e-10,-1.285123720835563e-08
5.0,3.4819201688574e-10,1.2104513598705277e-08,7.307609795059733e-10,3.646991480500865e-08,8.094746999082114e-10,-1.2245352335432423e-08
6.0,5.006864922663112e-10,1.2846592029742784e-08,9.462490235812027e-10,3.6947499857954924e-08,1.070548540780063e-09,-1.1652991499264803e-08
7.0,8.248325772397536e-10,1.3576678169782096e-08,1.1227163088101122e-09,3.741312652873226e-08,1.393140585348147e-09,-1.1074882630208448e-08
8.0,1.245875291822074e-09,1.4293946017580954e-08,1.5061218383571884e-09,3.7865842234135695e-08,1.9546376223610286e-09,-1.0511704380846292e-08
9.0,1.8497068876577316e-09,1.499759899301003e-08,1.7382453532110986e-09,3.8304702329764394e-08,2.538289281821209e-09,-9.964084020651678e-09
10.0,2.4942228005198075e-09,1.5686871496312406e-08,2.0343201845296477e-09,3.872877230680271e-08,3.2186341811112382e-09,-9.43259546545766e-09
11.0,3.2673303507202434e-09,1.6361030392019758e-08,2.3506971369435803e-09,3.9137129975247616e-08,4.025074490040205e-09,-8.917757447742545e-09
12.0,4.11724640492217e-09,1.7019376414229306e-08,2.771304602466884e-09,3.952886762624407e-08,4.963048172091288e-09,-8.420031833950621e-09
13.0,4.881579418469784e-09,1.766124548953169e-08,3.4839233165051553e-09,3.9903094165979064e-08,5.997294331122667e-09,-7.939822095282981e-09
14.0,5.818499015930456e-09,1.8286009973460882e-08,4.1983690968194765e-09,4.0258937213396855e-08,7.1750424299450995e-09,-7.477471938602783e-09
15.0,6.990949139029645e-09,1.8893079795924463e-08,4.912820567026799e-09,4.0595545153839896e-08,8.544540700839387e-09,-7.03326410428744e-09
16.0,8.403857054695152e-09,1.948190351067676e-08,5.585246709571834e-09,4.091208914060635e-08,1.0090579478034572e-08,-6.607419338012073e-09
17.0,1.0253867421816665e-08,2.005196924352995e-08,6.428673843261734e-09,4.1207765036358196e-08,1.2102464397271769e-08,-6.200095543547097e-09
18.0,1.2762140094713104e-08,2.060280553367713e-08,7.2728778000019645e-09,4.148179528632505e-08,1.4689008519666847e-08,-5.811387123679113e-09
19.0,1.5545552012330432e-08,2.113398206225229e-08,8.537793499963087e-09,4.173343071533465e-08,1.7735786005026186e-08,-5.441324516293822e-09
20.0,1.835006696593311e-08,2.1645110262110708e-08,1.0037218667324765e-08,4.1961952240868814e-08,2.0915800635642e-08,-5.089873932459933e-09
21.0,2.0884068668847178e-08,2.213584380282174e-08,1.1938051797111271e-08,4.2166672494605664e-08,2.4055382035536995e-08,-4.756937302983084e-09
22.0,2.3522042993939785e-08,2.2605878945065104e-08,1.2443795077698994e-08,4.234693734528255e-08,2.6610797480431086e-08,-4.442352439315467e-09
23.0,2.5744494314139388e-08,2.305495475903952e-08,1.2892137996045605e-08,4.2502127316221556e-08,2.8792120616582552e-08,-4.145893413876867e-09
24.0,2.769606141650449e-08,2.3482853202139753e-08,1.3091566497536178e-08,4.2631658891510056e-08,3.063430970898807e-08,-3.867271163751949e-09
25.0,2.9743821627903344e-08,2.388939905203061e-08,1.24610043117368e-08,4.273498570561282e-08,3.2248589945758156e-08,-3.6061343203879614e-09
26.0,3.135079626459536e-08,2.427445969232954e-08,1.2177648028854904e-08,4.281159961207579e-08,3.3632834223996646e-08,-3.3620702663552126e-09
27.0,3.2817778675142684e-08,2.463794474938327e-08,1.066100360769262e-08,4.286103162792282e-08,3.4505993611166815e-08,-3.134606418487791e-09
28.0,3.336823019284285e-08,2.497980558006724e-08,9.22822132598533e-09,4.288285275130345e-08,3.4620786459061266e-08,-2.9232117348312492e-09
29.0,3.257416221480458e-08,2.5300034612123198e-08,8.245044091914622e-09,4.287667465088209e-08,3.360144038689441e-08,-2.727298440825995e-09
30.0,3.069188558857405e-08,2.5598664540245835e-08,7.510750410499867e-09,4.2842150226328536e-08,3.1597519091076495e-08,-2.5462239680945754e-09
31.0,2.7597434185122616e-08,2.587576738287579e-08,7.790312728239712e-09,4.277897404004813e-08,2.86759018342222e-08,-2.3792930971405774e-09
32.0,2.42763147639824e-08,2.613145340636968e-08,7.883729058466571e-09,4.268688262096924e-08,2.5524353907342296e-08,-2.225760293287063e-09
33.0,2.1054538973386272e-08,2.636586992479315e-08,7.692823156268958e-09,4.256565464180562e-08,2.2415912640253337e-08,-2.0848322233782396e-09
34.0,1.8185801309300587e-08,2.6579199984915326e-08,7.155602776975911e-09,4.2415110971767735e-08,1.9542927630302076e-08,-1.9556704392308143e-09
35.0,1.5998485522472627e-08,2.6771660946989622e-08,6.090757009857839e-09,4.223511460724289e-08,1.7118669923971858e-08,-1.8373942126223643e-09
36.0,1.4331487371843643e-08,2.694350297254404e-08,4.8970330013276e-09,4.2025570483510173e-08,1.5145047458011e-08,-1.7290835057822575e-09
37.0,1.2631995546796837e-08,2.7095007430670905e-08,3.869324971539356e-09,4.178642517109157e-08,1.3211320419612612e-08,-1.6297820609136832e-09
38.0,1.1166896143888216e-08,2.7226485234230882e-08,2.4503945816878314e-09,4.151766646083719e-08,1.1432585144854624e-08,-1.5385005922049289e-09
39.0,1.0242726777853761e-08,2.7338275117011234e-08,8.445573407289686e-10,4.121932284227475e-08,1.0277486509236667e-08,-1.454220064054213e-09
40.0,1.033789559512499e-08,2.743074186224639e-08,-4.970796829706359e-10,4.089146288010055e-08,1.0349839300536356e-08,-1.3758950398014229e-09
41.0,1.1830848620220102e-08,2.7504274492059803e-08,-1.4785958846186276e-09,4.0534194493937985e-08,1.192288659950161e-08,-1.3024570860965555e-09
42.0,1.4272417997451825e-08,2.755928442636797e-08,-1.2960446049703478e-09,4.0147664146633416e-08,1.4331142561291458e-08,-1.2328182190888786e-09
43.0,1.7373992647340408e-08,2.7596203618671187e-08,-4.6252765506515914e-10,3.973205594640083e-08,1.7380148225534174e-08,-1.1658743798168708e-09
44.0,2.0634493627658124e-08,2.761548267503603e-08,2.415449784631818e-10,3.9287590668093454e-08,2.0635907327919568e-08,-1.1005089274146267e-09
45.0,2.368208425196361e-08,2.761758896155751e-08,1.0755216162117165e-09,3.8814524698821995e-08,2.370649407365082e-08,-1.0355961399153329e-09
46.0,2.6770344302429194e-08,2.7603004704768712e-08,1.1335734018125265e-09,3.8313148913117016e-08,2.6794333780258467e-08,-9.700047134313828e-10
47.0,2.9295263576090136e-08,2.7572225088908032e-08,1.1596291427107275e-09,3.7783787482895916e-08,2.931820607986132e-08,-9.026012512591022e-10
48.0,3.1237484626744916e-08,2.7525756353691795e-08,1.2059168941203069e-09,3.7226796627666595e-08,3.126075305173645e-08,-8.322537349617351e-10
49.0,3.322668547245389e-08,2.7464113896276935e-08,2.6483354398365577e-10,3.664256331067656e-08,3.322774088455905e-08,-7.578349697235315e-10
50.0,3.5139866502720274e-08,2.7387820381417413e-08,-1.5214056681145394e-09,3.603150388707717e-08,3.51727862563655e-08,-6.782259962586344e-10
51.0,3.649966345831146e-08,2.7297403864389535e-08,-3.941162174392332e-09,3.539406271059015e-08,3.671182632143023e-08,-5.923194613310539e-10
52.0,3.659964080415801e-08,2.719339593205339e-08,-6.537690860897172e-09,3.473071070559429e-08,3.7178960566240234e-08,-4.990229385294268e-10
53.0,3.4823083111534814e-08,2.707632986839779e-08,-8.183307559361808e-09,3.4041943911939904e-08,3.57716876873872e-08,-3.972621903725402e-10
54.0,3.1487462123780396e-08,2.6946738852039063e-08,-9.305472004061954e-09,3.332828201008809e-08,3.283370341912234e-08,-2.8598436213830227e-10
55.0,2.7205891955928152e-08,2.680515419433303e-08,-1.0386357440772542e-08,3.2590266834322306e-08,2.9121074465155426e-08,-1.6416109707860892e-10
56.0,2.2543156424914557e-08,2.665210362789758e-08,-1.1706659447385803e-08,3.1828460881789985e-08,2.5401570365141478e-08,-3.079156201175699e-11
57.0,1.7704159971376754e-08,2.6488109656291458e-08,-1.3477618326929175e-08,3.10434458250277e-08,2.225047136710762e-08,1.1509462819678391e-10
58.0,1.2679133964965672e-08,2.6313687976220374e-08,-1.479483763278111e-08,3.023582103543759e-08,1.94845492296307e-08,2.7443459892658185e-10
59.0,8.33694938084939e-09,2.6129345983843624e-08,-1.608968397404098e-08,2.94062021249325e-08,1.8121331500840553e-08,4.4812952831580357e-10
60.0,5.265129873754937e-09,2.5935581376472975e-08,-1.7834389132165285e-08,2.8555219512653245e-08,1.8595349641913213e-08,6.370420948260295e-10
61.0,3.2901713298283397e-09,2.573288086016974e-08,-1.954024084205308e-08,2.7683517023280853e-08,1.9815303165610757e-08,8.419940696976014e-10
62.0,2.2475699634760815e-09,2.5521718972475855e-08,-2.1695599233817475e-08,2.679175052301833e-08,2.1811707793181653e-08,1.063764062849406e-09
63.0,1.8502305104695083e-09,2.5302557027821792e-08,-2.3403970816904263e-08,2.5880586598797834e-08,2.3476993055763736e-08,1.3030854293077545e-09
64.0,1.872637975242064e-09,2.5075842191131057e-08,-2.3858973158263908e-08,2.495070128567313e-08,2.3932349929605247e-08,1.5606443417134583e-09
65.0,3.927736053066511e-09,2.484200668289375e-08,-2.4992033192949847e-08,2.400277884667839e-08,2.5298791149382324e-08,1.8370780329486273e-09
66.0,7.19930240422606e-09,2.4601467116612998e-08,-2.520426065077963e-08,2.3037510608683024e-08,2.621230073953703e-08,2.132973211493838e-09
67.0,1.1018617560032418e-08,2.4354623967139504e-08,-2.4176497498418215e-08,2.2055593856978168e-08,2.6569022643395766e-08,2.4488646507789113e-09
68.0,1.5882506379516492e-08,2.410186116611365e-08,-2.507162105702676e-08,2.1057730790537298e-08,2.9678951991647714e-08,2.7852339525128696e-09
69.0,2.050022185340339e-08,2.3843545818654758e-08,-2.475949487101836e-08,2.004462753914803e-08,3.214485467857558e-08,3.142508482761795e-09
70.0,2.5604946260471273e-08,2.3580028033693365e-08,-2.5803495951048916e-08,1.901699324295419e-08,3.635152921539092e-08,3.5210604783990865e-09
71.0,3.035062935696775e-08,2.3311640859030833e-08,-2.7277438169326373e-08,1.7975539194399144e-08,4.080709908147669e-08,3.921206320523248e-09
72.0,3.323162262036661e-08,2.3038700311397438e-08,-2.6995643970240124e-08,1.6920978042119576e-08,4.2814781738909095e-08,4.343205970593267e-09
73.0,3.486285639342501e-08,2.2761505491495993e-08,-2.750375588389531e-08,1.5854023055983122e-08,4.440580304002486e-08,4.787262564441914e-09
74.0,3.5381687940594375e-08,2.2480338774253076e-08,-2.8006626906496024e-08,1.477538745217482e-08,4.5124660577175185e-08,5.253522159033121e-09
75.0,3.5694687747223064e-08,2.2195466065194016e-08,-2.9423462666322564e-08,1.368578377701379e-08,4.6258522335330104e-08,5.7420736268134795e-09
76.0,3.4998955497633766e-08,2.1907137114910054e-08,-3.168090689786851e-08,1.2585923348031577e-08,4.720812162961752e-08,6.2529486927038766e-09
77.0,3.2264126301195795e-08,2.1615585884880854e-08,-3.207354964951392e-08,1.1476515750764842e-08,4.5493806535608216e-08,6.786122109104861e-09
78.0,2.8794165288226203e-08,2.132103095934184e-08,-3.2771968000444573e-08,1.0358268389684841e-08,4.362460133076122e-08,7.341511964682318e-09
79.0,2.5013681556607104e-08,2.1023675999339344e-08,-3.4122461078922584e-08,9.231886091676275e-09,4.2308706138310744e-08,7.918980123098866e-09
80.0,2.0889835222748232e-08,2.0723710236484784e-08,-3.5540717480131434e-08,8.0980707604801e-09,4.122532976988896e-08,8.518332788187504e-09
81.0,1.7071708324767343e-08,2.0421309005088647e-08,-3.856484448450104e-08,6.957521080537538e-09,4.2174523770158694e-08,9.139321192249711e-09
82.0,1.3077306654230014e-08,2.0116634312231948e-08,-4.080684079532659e-08,5.810932268716838e-09,4.2851070056929726e-08,9.78164240415201e-09
83.0,9.636732065110287e-09,1.9809835445857047e-08,-4.268054279443767e-08,4.658995872446706e-09,4.375494644177445e-08,1.0444940253699643e-08
84.0,7.600004861552101e-09,1.9501049621104785e-08,-4.483062188143094e-08,3.502399612779539e-09,4.547026206402873e-08,1.1128806368434852e-08
85.0,6.38319921919539e-09,1.9190402664891903e-08,-4.603307202089013e-08,2.3418272708304004e-09,4.647352958354244e-08,1.1832781318605399e-08
86.0,5.947846729026374e-09,1.887800973814089e-08,-4.8001281505172244e-08,1.1779586158756133e-09,4.836837713683167e-08,1.255635586563126e-08
87.0,6.025430460132597e-09,1.856397609420415e-08,-4.9752851810636045e-08,1.1469373160960332e-11,5.0116385299829874e-08,1.329897230900025e-08
88.0,7.474535962392892e-09,1.8248397870950458e-08,-5.107773901058543e-08,-1.1569687708183568e-09,5.16217406747059e-08,1.4060025926171007e-08
89.0,1.0249868842571175e-08,1.793136291279761e-08,-5.244089151812403e-08,-2.32668812812957e-09,5.3433200489073876e-08,1.4838866499771649e-08
90.0,1.275474069417637e-08,1.7612951617776063e-08,-5.201341024552164e-08,-3.497024937224735e-09,5.35544419777166e-08,1.5634799926166874e-08
91.0,1.533322800673087e-08,1.7293237803589892e-08,-5.171009836990592e-08,-4.66731926206088e-09,5.393553702830577e-08,1.644708989932636e-08
92.0,1.8264003864842948e-08,1.6972289585699226e-08,-5.248377368816115e-08,-5.836914866156056e-09,5.557085870962509e-08,1.7274959663849e-08
93.0,2.12103390961893e-08,1.6650170259758252e-08,-5.3313856968051354e-08,-7.0051590655060655e-09,5.737809537955381e-08,1.811759383095108e-08
94.0,2.4416479990629902e-08,1.632693918035493e-08,-5.4423108158951905e-08,-8.171402564468247e-09,5.964930172947381e-08,1.8974140251186803e-08
95.0,2.7151084561194416e-08,1.6002652627937383e-08,-5.526375476683221e-08,-9.334999278781997e-09,6.157324080944335e-08,1.9843711937638837e-08
96.0,2.8295708484615822e-08,1.5677364656093873e-08,-5.520496443311984e-08,-1.0495306149857571e-08,6.2034145570874e-08,2.0725389033323547e-08
97.0,2.8357332343409425e-08,1.5351127911980506e-08,-5.55947542169033e-08,-1.1651682954346991e-08,6.240925407399499e-08,2.1618220816631822e-08
98.0,2.8064203877464777e-08,1.5023994423641842e-08,-5.713794354322843e-08,-1.28034921128219e-08,6.365802488001861e-08,2.2521227738777474e-08
99.0,2.724544632959347e-08,1.469601634918429e-08,-5.921788923113347e-08,-1.3950098501114622e-08,6.51849119865138e-08,2.3433403487424224e-08
100.0,2.5512915988179508e-08,1.4367246684153512e-08,-6.128089316548291e-08,-1.5090869267529087e-08,6.637964107600489e-08,2.435371707087256e-08
101.0,2.2823769360580393e-08,1.4037739924940959e-08,-6.263583096632885e-08,-1.6225173658721403e-08,6.666462156697125e-08,2.5281114917391312e-08
102.0,1.978974861760463e-08,1.3707552687516485e-08,-6.368125091138488e-08,-1.735238285662942e-08,6.66853497253088e-08,2.6214522984478128e-08
103.0,1.666157452284711e-08,1.3376744282175245e-08,-6.537057997690887e-08,-1.8471869828433126e-08,6.746051283601265e-08,2.7152848873030413e-08
104.0,1.3326709569216888e-08,1.304537724622094e-08,-6.777528868684435e-08,-1.9583009191163438e-08,6.907308408148104e-08,2.8094983941587128e-08
105.0,1.0044142781384657e-08,1.2713517837514552e-08,-7.088386172471317e-08,-2.0685177092240386e-08,7.159194547727487e-08,2.9039805415938773e-08
106.0,6.673091676456799e-09,1.2381236492546823e-08,-7.329020576540834e-08,-2.1777751106916275e-08,7.359337207696282e-08,2.9986178489495726e-08
107.0,3.780670956854415e-09,1.2048608253112476e-08,-7.474625746128893e-08,-2.2860110153351983e-08,7.484180968785625e-08,3.093295840988484e-08
108.0,1.926452247724697e-09,1.1715713165760394e-08,-7.59675183870101e-08,-2.3931634425900853e-08,7.59919408104799e-08,3.1878992547357496e-08
109.0,8.392619932351408e-10,1.1382636657967575e-08,-7.733364337791926e-08,-2.4991705347131676e-08,7.733819728178621e-08,3.2823122440771264e-08
110.0,1.7171752908495819e-10,1.1049469894458313e-08,-7.905060184221213e-08,-2.6039705539171946e-08,7.90507883485405e-08,3.376418581715005e-08
111.0,1.242413810720322e-10,1.0716310116310858e-08,-8.08074771263545e-08,-2.7075018815062276e-08,8.080757263677134e-08,3.470101858111667e-08
112.0,1.0844836417778225e-09,1.0383260964529438e-08,-8.198031548056761e-08,-2.8097030190955114e-08,8.198748825926232e-08,3.56324567708108e-08
113.0,2.7969852406384277e-09,1.0050432788684104e-08,-8.235802492762012e-08,-2.9105125920159418e-08,8.240550586225927e-08,3.655733847725416e-08
114.0,4.625396579638341e-09,9.717942940109271e-09,-8.20612877094895e-08,-3.0098693550226463e-08,8.219153991779533e-08,3.7474505724506224e-08
115.0,6.638515917534171e-09,9.385916048079756e-09,-8.203844570342511e-08,-3.107712200447641e-08,8.230660038551699e-08,3.8382806308353945e-08
116.0,9.116580573786948e-09,9.054484276423895e-09,-8.302040818697343e-08,-3.203980168954497e-08,8.351946010894727e-08,3.928109559166369e-08
117.0,1.1822077483625293e-08,8.72378755725008e-09,-8.418358962702932e-08,-3.2986124630642606e-08,8.500963638624105e-08,4.0168238254852324e-08
118.0,1.4474176968093388e-08,8.393973797902853e-09,-8.48811794185167e-08,-3.3915484636238996e-08,8.610642495413515e-08,4.1043110000185905e-08
119.0,1.6540322791969153e-08,8.065199056962402e-09,-8.506525372986573e-08,-3.482727749382064e-08,8.665840796015682e-08,4.190459920880044e-08
120.0,1.7534452639855758e-08,7.73762768508163e-09,-8.491806366417443e-08,-3.572090119824183e-08,8.670948371344466e-08,4.275160854948878e-08
121.0,1.7868424934119886e-08,7.411432426726704e-09,-8.566164155787703e-08,-3.659575621401248e-08,8.750541379832726e-08,4.3583056538430276e-08
122.0,1.7875588231852646e-08,7.08679447943063e-09,-8.731692210939279e-08,-3.74512457726334e-08,8.912789429405654e-08,4.43978790491489e-08
123.0,1.753215843336431e-08,6.763903507936331e-09,-8.911949084255966e-08,-3.8286776205788863e-08,9.082764021689467e-08,4.519503077205484e-08
124.0,1.662550704051302e-08,6.442957611529294e-09,-9.049970162156029e-08,-3.910175731484546e-08,9.201414824876439e-08,4.597348662295193e-08
125.0,1.50222657646637e-08,6.124163243873587e-09,-9.124520336523112e-08,-3.989560277672082e-08,9.247354003100872e-08,4.673224309990063e-08
126.0,1.2916710978583268e-08,5.807735085709525e-09,-9.207021123280867e-08,-4.066773058581474e-08,9.297185175610014e-08,4.7470319587842725e-08
127.0,1.0359425761663488e-08,5.493895871792364e-09,-9.35339032892557e-08,-4.141756353136078e-08,9.410583811132684e-08,4.8186759610428765e-08
128.0,7.53652841523067e-09,5.1828761743912685e-09,-9.57720093508474e-08,-4.214452970925397e-08,9.606808541681458e-08,4.8880632028529725e-08
129.0,4.655790392105175e-09,4.874914146468341e-09,-9.802004868886272e-08,-4.284806306713174e-08,9.81305575707294e-08,4.955103218494566e-08
130.0,1.9239012327698646e-09,4.570255228263808e-09,-9.946823240070124e-08,-4.3527603981241037e-08,9.948683658089329e-08,5.0197082994850185e-08
131.0,-3.162753670071794e-10,4.269151821383622e-09,-1.0022267118992012e-07,-4.418259986344375e-08,1.0022317022799977e-07,5.0817935981560865e-08
132.0,-1.9024031933101426e-09,3.9718629345941185e-09,-1.009034840404599e-07,-4.481250579662235e-08,1.0092141610883818e-07,5.1412772257332175e-08
133.0,-2.856947248219832e-09,3.678653805370981e-09,-1.020679663843449e-07,-4.5416785196749624e-08,1.0210794244041387e-07,5.198080344903759e-08
134.0,-3.420529720576937e-09,3.389795500846474e-09,-1.0354882920560193e-07,-4.5994910499956334e-08,1.0360530900209829e-07,5.2521272568823565e-08
135.0,-3.675623305721132e-09,3.1055645011896445e-09,-1.0457847038347623e-07,-4.654636387303986e-08,1.0464304408049862e-07,5.303345483005876e-08
136.0,-3.3969379809040134e-09,2.8262422676925515e-09,-1.0482485954255161e-07,-4.7070637945994035e-08,1.0487988542023576e-07,5.351665840915899e-08
137.0,-2.4797467829129616e-09,2.552114796976991e-09,-1.0446428919119732e-07,-4.7567236565308155e-08,1.0449371684617919e-07,5.397022515414685e-08
138.0,-1.107804514788313e-09,2.283472161833706e-09,-1.0394936356128426e-07,-4.803567556697913e-08,1.0395526641608416e-07,5.439353124110241e-08
139.0,6.661482060410506e-10,2.020608038310139e-09,-1.039754783382918e-07,-4.8475483568381264e-08,1.0397761224950781e-07,5.478598777995422e-08
140.0,2.816491317947367e-09,1.7638192178268758e-09,-1.0447565543247883e-07,-4.8886202778303413e-08,1.045136125171746e-07,5.5147041371306296e-08
141.0,5.209504674863474e-09,1.5134051023806574e-09,-1.048088676680603e-07,-4.926738982456161e-08,1.0493825651695572e-07,5.547617461616603e-08
142.0,7.6946121002619e-09,1.2696671803346922e-09,-1.0466698335820368e-07,-4.9618616598615944e-08,1.0494943763870287e-07,5.5772906580519055e-08
143.0,9.842717668684386e-09,1.0329084799485206e-09,-1.0403607680897764e-07,-4.9939471116577604e-08,1.0450064291146217e-07,5.6036793216707435e-08
144.0,1.1422450763021175e-08,8.03432997693797e-10,-1.035351938905027e-07,-5.022955839589831e-08,1.0416337530714733e-07,5.62674277435229e-08
145.0,1.2399517287930983e-08,5.815450985560822e-10,-1.0366579908382967e-07,-5.0488501346889684e-08,1.0440472177379066e-07,5.646444098683258e-08
146.0,1.3057393402626793e-08,3.675488859336635e-10,-1.0449690779346099e-07,-5.071594167801e-08,1.0530954021771271e-07,5.662750168239987e-08
147.0,1.3467326892557807e-08,1.6174753938534772e-10,-1.052893894570861e-07,-5.0911540813571194e-08,1.0614718284475083e-07,5.67563167423413e-08
148.0,1.3500616777295527e-08,-3.5557380692559596e-11,-1.0575135273027669e-07,-5.107498082217379e-08,1.0660963960942178e-07,5.685063148638407e-08
149.0,1.277963782020386e-08,-2.2406666141291345e-10,-1.0587242565973654e-07,-5.120596535380268e-08,1.0664093800174502e-07,5.691022983878834e-08
150.0,1.1432717703097062e-08,-4.0348419766250095e-10,-1.064368758685319e-07,-5.130422058314704e-08,1.0704912694054061e-07,5.6934934491502586e-08
151.0,9.530885247688303e-09,-5.73517782076361e-10,-1.0756207999285117e-07,-5.136949615635871e-08,1.079835118246907e-07,5.6924607033841996e-08
152.0,7.068026428025398e-09,-7.338799214184398e-10,-1.090704085104921e-07,-5.140156613813982e-08,1.0929918119653455e-07,5.6879148048717355e-08
153.0,4.255766683503026e-09,-8.84288675040481e-10,-1.1043036649005522e-07,-5.1400229955757786e-08,1.1051234045658577e-07,5.679849717519594e-08
154.0,1.1223426910067502e-09,-1.024468510200837e-09,-1.1094036853065425e-07,-5.136531333634781e-08,1.1094604554842609e-07,5.66826331369636e-08
155.0,-1.8539521168259299e-09,-1.1541511683310538e-09,-1.1099098798372786e-07,-5.129666923370731e-08,1.1100647076659769e-07,5.653157373610556e-08
156.0,-4.080403889772377e-09,-1.2730765358934145e-09,-1.1113310677268728e-07,-5.119417874073166e-08,1.1120799034625696e-07,5.6345375811549595e-08
157.0,-5.642285721974005e-09,-1.380993513313522e-09,-1.1170248132019722e-07,-5.1057751983677324e-08,1.1184489135073359e-07,5.612413516151472e-08
158.0,-7.016998662678908e-09,-1.4776608756116015e-09,-1.1225978310824836e-07,-5.088732899454078e-08,1.1247887434422075e-07,5.586798642936141e-08
159.0,-8.152077027312465e-09,-1.5628481187784343e-09,-1.1251975343129494e-07,-5.068288055798713e-08,1.1281467666974295e-07,5.5577102952328574e-08
160.0,-8.7389849939834e-09,-1.6363362866079966e-09,-1.1204275418563725e-07,-5.044440902944427e-08,1.1238304420253173e-07,5.525169657276708e-08
161.0,-8.253987146544794e-09,-1.6979187735619414e-09,-1.111165365275113e-07,-5.0171949121199735e-08,1.1142267719672275e-07,5.489201741164502e-08
162.0,-6.735407440117136e-09,-1.7474021002544108e-09,-1.1059254770295901e-07,-4.986556865359335e-08,1.1079746080491037e-07,5.4498353604302626e-08
163.0,-5.015128576313366e-09,-1.7846066592575658e-09,-1.0995793484069871e-07,-4.95253692686673e-08,1.1007224422654559e-07,5.407103099865166e-08
164.0,-2.88086593469572e-09,-1.8093674300733426e-09,-1.0949557679995614e-07,-4.915148710388679e-08,1.095334685257834e-07,5.361041281621212e-08
165.0,1.4020704042216892e-10,-1.8215346632186293e-09,-1.0934510144555709e-07,-4.874409342375717e-08,1.0934519133529995e-07,5.31168992765335e-08
166.0,3.5852519841839126e-09,-1.820974534352989e-09,-1.0836454958362829e-07,-4.830339520733265e-08,1.0842384257280651e-07,5.259092718564861e-08
167.0,6.897003163031101e-09,-1.8075697701744237e-09,-1.0732932981261101e-07,-4.782963568974319e-08,1.0755070288312899e-07,5.203296948926235e-08
168.0,9.223248373380066e-09,-1.781220248361161e-09,-1.0597721994409781e-07,-4.7323094855966144e-08,1.0637781468725865e-07,5.144353479139192e-08
169.0,1.0959541774102632e-08,-1.7418435741008391e-09,-1.0497105390472328e-07,-4.6784089885132776e-08,1.0554162076530102e-07,5.0823166839150655e-08
170.0,1.2829106374456778e-08,-1.689375635700336e-09,-1.0509835118854838e-07,-4.621297554367268e-08,1.058784651991073e-07,5.017244397429568e-08
171.0,1.442463694323326e-08,-1.623771141423593e-09,-1.0507659742309272e-07,-4.56101445255481e-08,1.060620642687987e-07,4.949197855203443e-08
172.0,1.522369341699914e-08,-1.5450041390998362e-09,-1.046718140773617e-07,-4.497602773772131e-08,1.0577310387570442e-07,4.878241632741542e-08
173.0,1.4807317427756317e-08,-1.453068519226371e-09,-1.0382569287648025e-07,-4.4311094528856465e-08,1.048762659074375e-07,4.804443580944349e-08
174.0,1.3555684588717476e-08,-1.3479785013036256e-09,-1.0299113342715494e-07,-4.3615852859115466e-08,1.0387940194898517e-07,4.727874758288952e-08
175.0,1.2085937778349987e-08,-1.229769102039753e-09,-1.0320498511351417e-07,-4.2890849408778357e-08,1.0391024417381969e-07,4.648609359762017e-08
176.0,1.0156533988836536e-08,-1.0984965829207706e-09,-1.0382257828456254e-07,-4.213666962330152e-08,1.043181812740258e-07,4.5667246425145305e-08
177.0,7.48292347529933e-09,-9.542388735446628e-10,-1.0408697831421065e-07,-4.135393769231838e-08,1.0435560932848864e-07,4.482300848195556e-08
178.0,4.433463610120647e-09,-7.970959661432391e-10,-1.038281378928918e-07,-4.0543316460004564e-08,1.0392274927987432e-07,4.395421121910934e-08
179.0,1.6192642920964673e-09,-6.271902759309242e-10,-1.0302883435286958e-07,-3.970550726420321e-08,1.0304155824209325e-07,4.306171427745099e-08
180.0,-4.91463009177906e-10,-4.4466696138102226e-10,-1.0254764065686928e-07,-3.8841249701758115e-08,1.025488183265891e-07,4.21464046078189e-08
181.0,-2.1588285603613144e-09,-2.4969419828154043e-10,-1.0251425827667582e-07,-3.795132131762971e-08,1.02536986940177e-07,4.1209195555632115e-08
182.0,-3.6668045821919293e-09,-4.246340148601273e-11,-1.0254927707009642e-07,-3.703653721555211e-08,1.0261481220293388e-07,4.025102590930984e-08
183.0,-4.7230576810664004e-09,1.768106113591243e-10,-1.0237327213724612e-07,-3.609774958821353e-08,1.0248216489685088e-07,3.927285891207159e-08
184.0,-4.966409256068616e-09,4.078895191918895e-10,-1.0136579495223508e-07,-3.513584716520986e-08,1.0148738644382035e-07,3.8275681236793764e-08
185.0,-4.1959318519690925e-09,6.505114642326724e-10,-1.000493876079922e-07,-3.415175457734203e-08,1.0013733472007647e-07,3.72605019237759e-08
186.0,-2.7999234319953104e-09,9.043910891725449e-10,-9.896035033096773e-08,-3.314643163620304e-08,9.899995206490203e-08,3.622835128149917e-08
187.0,-1.143093369959658e-09,1.1692196468535688e-09,-9.803026718158137e-08,-3.2120872528410386e-08,9.803693154186678e-08,3.518027975072164e-08
188.0,1.1225447377194442e-09,1.4446651832233626e-09,-9.747224405387556e-08,-3.107610492425724e-08,9.74787077652677e-08,3.4117356732519276e-08
189.0,4.117681071114099e-09,1.7303727931511689e-09,-9.659061861455598e-08,-3.001318900095836e-08,9.667834763661416e-08,3.304066938112594e-08
190.0,7.512604191517447e-09,2.0259649475919025e-09,-9.516649651652997e-08,-2.8933216381053244e-08,9.546256481453406e-08,3.195132136264573e-08
191.0,1.0627431740184434e-08,2.331041889640196e-09,-9.350165183774628e-08,-2.7837308986906044e-08,9.410367262641454e-08,3.085043158091647e-08
192.0,1.305084464109374e-08,2.645182096283931e-09,-9.185778165887726e-08,-2.672661781261203e-08,9.278025973845909e-08,2.9739132872000314e-08
193.0,1.5046965909371046e-08,2.9679428021915435e-09,-9.073282750127198e-08,-2.5602321614970986e-08,9.197204558697905e-08,2.8618570668961513e-08
194.0,1.6814729122960337e-08,3.298860581669669e-09,-8.992799457874234e-08,-2.446562552549928e-08,9.148649804442644e-08,2.7489901638750187e-08
195.0,1.8189962799897152e-08,3.6374519849971877e-09,-8.894398073611143e-08,-2.331775958571011e-08,9.078494619620261e-08,2.6354292293137383e-08
196.0,1.8818895733407892e-08,3.983214225643969e-09,-8.752259395006234e-08,-2.2159977208100034e-08,8.952293163414817e-08,2.521291757574951e-08
197.0,1.8575185750657752e-08,4.335625915373361e-09,-8.584879135353773e-08,-2.0993553565454253e-08,8.783537159103213e-08,2.4066959427344467e-08
198.0,1.7810302760379315e-08,4.694147844858625e-09,-8.464559253518189e-08,-1.981978391123543e-08,8.649903594866485e-08,2.291760533156713e-08
199.0,1.676771688163825e-08,5.0582238081592946e-09,-8.417809591043657e-08,-1.863998183394827e-08,8.583185982215132e-08,2.1766046843509164e-08
200.0,1.530398069382599e-08,5.427281470139174e-09,-8.40594089057678e-08,-1.7455477448467126e-08,8.544118474520395e-08,2.061347810345911e-08
201.0,1.3292453956981198e-08,5.800733276595843e-09,-8.363722317494826e-08,-1.626761552737919e-08,8.468692007987164e-08,1.9461094338253947e-08
202.0,1.1062746038681404e-08,6.1779774074512986e-09,-8.276308391397258e-08,-1.5077753575454215e-08,8.349917609693899e-08,1.8310090352643336e-08
203.0,9.135593725950741e-09,6.5583987737731894e-09,-8.185866040566481e-08,-1.3887259850434111e-08,8.236685836023847e-08,1.7161659013074455e-08
204.0,7.699253137816164e-09,6.9413700596125025e-09,-8.125897896227308e-08,-1.269751133346215e-08,8.162291443504887e-08,1.6016989726311208e-08
205.0,6.607598468377773e-09,7.326252809625019e-09,-8.098444403970007e-08,-1.1509891652641258e-08,8.125355705406761e-08,1.4877266915313789e-08
206.0,5.718347281802316e-09,7.712398563178796e-09,-8.063502121569144e-08,-1.0325788963414589e-08,8.083752929234233e-08,1.3743668494814152e-08
207.0,5.257144095049959e-09,8.099150035150797e-09,-7.983149502566178e-08,-9.146593789695522e-09,8.000440714153427e-08,1.2617364349031715e-08
208.0,5.551194379171953e-09,8.485842342911998e-09,-7.849754765643091e-08,-7.973696829945442e-09,7.869358771277996e-08,1.1499514813993426e-08
209.0,6.6011838634194575e-09,8.871804278130003e-09,-7.695764606130417e-08,-6.808486732709789e-09,7.724024155642986e-08,1.03912691669646e-08
210.0,8.146421481836086e-09,9.256359621024889e-09,-7.559258891065568e-08,-5.6523478464668245e-09,7.603028134352197e-08,9.29376412555642e-09
211.0,1.0054089685795908e-08,9.638828493651284e-09,-7.455832010117014e-08,-4.506657948993921e-09,7.523315635887265e-08,8.208122359133495e-09
212.0,1.2426293022338442e-08,1.0018528747710026e-08,-7.361088694146645e-08,-3.3727859617843395e-09,7.465236389148285e-08,7.135451015177301e-09
213.0,1.533038665457731e-08,1.0394777381381494e-08,-7.243017835500964e-08,-2.252089655336136e-09,7.403479919279412e-08,6.076840263258979e-09
214.0,1.8440042090506203e-08,1.0766891978780215e-08,-7.081099129280233e-08,-1.1459133513828777e-09,7.31726153705672e-08,5.03336185924555e-09
215.0,2.131032871000027e-08,1.1134192164909874e-08,-6.894608362006949e-08,-5.558562834833082e-11,7.216434407845661e-08,4.006067732322992e-09
216.0,2.379543571906506e-08,1.1496001068495683e-08,-6.738269572870159e-08,1.0175829635178813e-09,7.146083154236968e-08,2.9959885973815388e-09
217.0,2.5936806466453355e-08,1.1851646784821513e-08,-6.623156137419706e-08,2.072302170742801e-09,7.11290211639545e-08,2.0041325952731775e-09
218.0,2.785979065500488e-08,1.2200463830717265e-08,-6.520675416288313e-08,3.1073042823363624e-09,7.090901722488737e-08,1.0314839634165178e-09
219.0,2.9399070400337735e-08,1.2541794584120025e-08,-6.394394053144126e-08,4.121346345992123e-09,7.037849722104409e-08,7.90017391888387e-11
220.0,3.025936889944347e-08,1.2874990701146237e-08,-6.217894521487466e-08,5.113212348272372e-09,6.915092648856551e-08,-8.52381501480257e-10
221.0,3.051367096496005e-08,1.3199414504328166e-08,-6.058382134854767e-08,6.081715352428732e-09,6.783423564064526e-08,-1.761760867905423e-09
222.0,3.029077767779942e-08,1.3514440336546728e-08,-5.9594738699431105e-08,7.025699587729996e-09,6.685105902661036e-08,-2.6482603384135995e-09
223.0,2.968456667973296e-08,1.3819455876187167e-08,-5.924824258984884e-08,7.944042484455313e-09,6.626860304057338e-08,-3.5110339016564325e-09
224.0,2.8669765825273252e-08,1.4113863410098849e-08,-5.92213982020251e-08,8.835656649069029e-09,6.579612053517159e-08,-4.349266653057625e-09
225.0,2.7151428896865504e-08,1.4397081061998536e-08,-5.9064008323117534e-08,9.699491774511198e-09,6.500582412626457e-08,-5.162175844041319e-09
226.0,2.5303052944569693e-08,1.4668543974963664e-08,-5.8807790581649755e-08,1.0534536480983775e-08,6.402031491183772e-08,-5.949011881774003e-09
227.0,2.3419080882880472e-08,1.4927705447568843e-08,-5.8791904622435e-08,1.1339820083050172e-08,6.328460633149574e-08,-6.70905927725982e-09
228.0,2.1609194544858212e-08,1.5174038023980157e-08,-5.9133568514058155e-08,1.2114414279268925e-08,6.295821006099474e-08,-7.441637539751789e-09
229.0,1.977902545913235e-08,1.540703453889863e-08,-5.965105140393057e-08,1.2857434760937549e-08,6.284471164471496e-08,-8.146102015582559e-09
230.0,1.8001203000439503e-08,1.5626209118609267e-08,-5.993429089135027e-08,1.356804273682222e-08,6.257925002836024e-08,-8.821844669680237e-09
231.0,1.6582712966672908e-08,1.583109813953143e-08,-5.96339747305219e-08,1.424544637098172e-08,6.189666640050646e-08,-9.468294808208964e-09
232.0,1.583828734830206e-08,1.6021261145578344e-08,-5.889793214253203e-08,1.4888902130948773e-08,6.099030871207074e-08,-1.0084919740946125e-08
233.0,1.5703112782317064e-08,1.6196281725327318e-08,-5.809030051429076e-08,1.5497716043609918e-08,6.01753335254137e-08,-1.0671225382173615e-08
234.0,1.598486211451533e-08,1.635576834950005e-08,-5.733170754806949e-08,1.6071244856146083e-08,5.95184047769884e-08,-1.1226756789026616e-08
235.0,1.667489785139864e-08,1.64993551685931e-08,-5.677676037652013e-08,1.660889709939289e-08,5.917476436123227e-08,-1.1751098636428335e-08
236.0,1.7778053501560365e-08,1.662670276973381e-08,-5.6116209179446486e-08,1.7110134050984963e-08,5.886499909942866e-08,-1.2243875627957137e-08
237.0,1.9425553499097248e-08,1.6737498891024668e-08,-5.517647577724105e-08,1.7574470595682005e-08,5.849611617827937e-08,-1.2704752842247318e-08
238.0,2.1621825663231675e-08,1.683145909083352e-08,-5.419955353969108e-08,1.800147598034528e-08,5.835319142011878e-08,-1.3133436014807634e-08
239.0,2.40090407416238e-08,1.6908327368741645e-08,-5.3236080072016634e-08,1.839077446114591e-08,5.839960837854239e-08,-1.3529671755442828e-08
240.0,2.649046108860187e-08,1.696787673422781e-08,-5.256144561260889e-08,1.8742045840750105e-08,5.885957945461361e-08,-1.3893247701772263e-08
241.0,2.908158554248974e-08,1.7009909718694584e-08,-5.2163115271675053e-08,1.905502589345219e-08,5.972209986689355e-08,-1.4223992609646749e-08
242.0,3.153602125272048e-08,1.7034258826177006e-08,-5.166929592514968e-08,1.932950667652138e-08,6.053293961020502e-08,-1.4521776381555994e-08
243.0,3.351184955924236e-08,1.7040786918044654e-08,-5.091622684583186e-08,1.9565336726390006e-08,6.095495235907826e-08,-1.4786510034372846e-08
244.0,3.481216991063629e-08,1.7029387527232727e-08,-4.993925820095946e-08,1.976242113873169e-08,6.087541937062206e-08,-1.501814560797348e-08
245.0,3.553394010979982e-08,1.6999985098015716e-08,-4.923469959505766e-08,1.99207215319516e-08,6.0718337789686e-08,-1.5216676016392638e-08
246.0,3.575257728760661e-08,1.695253514804894e-08,-4.915867532484519e-08,2.0040255894141152e-08,6.078504867481663e-08,-1.538213484322261e-08
247.0,3.5442314944011954e-08,1.6887024350309423e-08,-4.9612777913710104e-08,2.0121098314143933e-08,6.097200522293534e-08,-1.551459608296717e-08
248.0,3.4603103007957436e-08,1.6803470533614967e-08,-5.040574729830993e-08,2.0163378598038187e-08,6.114011856776524e-08,-1.5614173830040906e-08
249.0,3.319974183069174e-08,1.6701922601530325e-08,-5.122751173258777e-08,2.016728177304468e-08,6.104490819009397e-08,-1.568102191707559e-08
250.0,3.132387089987976e-08,1.658246037062341e-08,-5.2311194875809264e-08,2.0133047481583104e-08,6.097250197824612e-08,-1.5715333504163787e-08
251.0,2.9080222369026743e-08,1.6445194330154975e-08,-5.374896921983563e-08,2.0060969268885547e-08,6.111146394275693e-08,-1.5717340620635692e-08
252.0,2.6521688928360376e-08,1.6290265326316046e-08,-5.5542536320229985e-08,1.995139376820008e-08,6.154976299301875e-08,-1.568731366093334e-08
253.0,2.3677641930452964e-08,1.611784417501479e-08,-5.7304699763172096e-08,1.980471978815524e-08,6.200370426300384e-08,-1.5625560836122146e-08
254.0,2.080840168228182e-08,1.592813120791071e-08,-5.866573049573276e-08,1.9621397307283633e-08,6.224674702479751e-08,-1.5532427582563195e-08
255.0,1.834216660501209e-08,1.572135575685854e-08,-5.9551042486116756e-08,1.9401926380999e-08,6.231181057351249e-08,-1.5408295929255467e-08
256.0,1.6466617958066365e-08,1.5497775582127455e-08,-6.006445546491435e-08,1.914685596647474e-08,6.228072187501998e-08,-1.525358382533754e-08
257.0,1.5224075486375277e-08,1.5257676249689516e-08,-6.04103581047788e-08,1.885678267088997e-08,6.22991479938728e-08,-1.506874442921478e-08
258.0,1.4664339714753893e-08,1.5001370462532908e-08,-6.09009319085807e-08,1.8532349428418854e-08,6.264157059495948e-08,-1.485426536076031e-08
259.0,1.4716116616964037e-08,1.4729197350383248e-08,-6.138237287900417e-08,1.8174244111175956e-08,6.312178537193946e-08,-1.4610667918038772e-08
260.0,1.525287292303279e-08,1.4441521721463333e-08,-6.17264569457987e-08,1.778319807912746e-08,6.358306079049457e-08,-1.4338506260027903e-08
261.0,1.6359491442075047e-08,1.413873327905272e-08,-6.210212571966522e-08,1.7359984673757422e-08,6.422076750665964e-08,-1.4038366556861868e-08
262.0,1.8029612816605756e-08,1.382124580469202e-08,-6.239204375368956e-08,1.6905417660051243e-08,6.494485400768122e-08,-1.3710866109183199e-08
263.0,2.012722140343204e-08,1.348949630897965e-08,-6.281332501356651e-08,1.642034962113316e-08,6.595922104363205e-08,-1.3356652438256051e-08
264.0,2.241588278883988e-08,1.3143944150094444e-08,-6.342062056075015e-08,1.5905670309677884e-08,6.726549571298537e-08,-1.2976402348552761e-08
265.0,2.477758156982368e-08,1.2785070119505907e-08,-6.409276570584765e-08,1.5362304960014443e-08,6.871543614264518e-08,-1.2570820964567334e-08
266.0,2.7128533724996018e-08,1.2413375493857776e-08,-6.492800924684516e-08,1.479121256465487e-08,7.036763266464673e-08,-1.2140640743619277e-08
267.0,2.8920736722115592e-08,1.2029381051771827e-08,-6.531869659043288e-08,1.419338411880805e-08,7.1434873394043e-08,-1.1686620466370046e-08
268.0,2.988922015445539e-08,1.163362605434271e-08,-6.533449556367366e-08,1.356984083627484e-08,7.184679388811441e-08,-1.1209544206665983e-08
269.0,3.0224722988303476e-08,1.1226667188386568e-08,-6.572003008464833e-08,1.2921632339962452e-08,7.233710136608158e-08,-1.071022028213818e-08
270.0,2.9772241408321243e-08,1.0809077472047222e-08,-6.609627223319592e-08,1.2249834830113053e-08,7.249209309711028e-08,-1.0189480186741554e-08
271.0,2.8746175620431025e-08,1.0381445123110015e-08,-6.652569820020382e-08,1.155554923322775e-08,7.247076054399639e-08,-9.648177506131301e-09
272.0,2.7454637382962055e-08,9.94437239126227e-09,-6.742068742182639e-08,1.0839899334596602e-08,7.279633374189635e-08,-9.087186816488978e-09
273.0,2.5621911051154633e-08,9.49847435650003e-09,-6.85519663534695e-08,1.0104029897320668e-08,7.31837032189578e-08,-8.507402567153886e-09
274.0,2.3153088585248227e-08,9.044377696845118e-09,-6.986417350196561e-08,9.34910477072666e-09,7.360073539136076e-08,-7.909737947207808e-09
275.0,2.0424005084396235e-08,8.582719429443279e-09,-7.106855745564467e-08,8.576304991112111e-09,7.394511371628088e-08,-7.295123736011291e-09
276.0,1.7862448312144785e-08,8.11414562990914e-09,-7.273186775069718e-08,7.786826877798874e-09,7.489320160207432e-08,-6.664507137595639e-09
277.0,1.5129250519052562e-08,7.639310135417153e-09,-7.477931149302286e-08,6.981880127494138e-09,7.629442737604623e-08,-6.0188505987707215e-09
278.0,1.2147284220165311e-08,7.158873237468129e-09,-7.605126317589139e-08,6.162685909943246e-09,7.70152656593105e-08,-5.359130610804399e-09
279.0,9.807726936150729e-09,6.67350037045965e-09,-7.751333547245665e-08,5.330474967791396e-09,7.813135531730973e-08,-4.68633649454926e-09
280.0,8.13682544953398e-09,6.183860802141274e-09,-7.860449999230745e-08,4.4864857234397605e-09,7.902452370901609e-08,-4.001469168918074e-09
281.0,7.018418582416253e-09,5.690626331740369e-09,-7.922687986217092e-08,3.6319623954835677e-09,7.953714033137518e-08,-3.3055399026280427e-09
282.0,6.5695719003722175e-09,5.194470001017375e-09,-8.012824381786743e-08,2.768153127067035e-09,8.039710649202352e-08,-2.5995690491442776e-09
283.0,6.389005130502667e-09,4.6960648227877525e-09,-8.060413828059332e-08,1.8963081282046063e-09,8.085695081138416e-08,-1.8845847647615616e-09
284.0,6.610789415884e-09,4.196082530586282e-09,-8.082871966186289e-08,1.0176778338243023e-09,8.109860947560806e-08,-1.1616217097815705e-09
285.0,7.709590882365447e-09,3.6951923522085493e-09,-8.139651458405339e-08,1.3351107901059328e-10,8.17608119945336e-08,-4.317197327817088e-10
286.0,9.245619173037234e-09,3.1940598089030835e-09,-8.176065952048006e-08,-7.549467073189341e-10,8.228175325743066e-08,3.040774619564388e-10
287.0,1.0662648430859178e-08,2.693345541061094e-09,-8.196991305164936e-08,-1.6464552892604542e-09,8.266050276434968e-08,1.0447236636766977e-09
288.0,1.2165056156865361e-08,2.193704160414636e-09,-8.249902044843438e-08,-2.539781390379991e-09,8.339110843639675e-08,1.7891715206911426e-09
289.0,1.4093533534653702e-08,1.6957831280595557e-09,-8.335029813566486e-08,-3.4337004389234014e-09,8.453342467211786e-08,2.5363739216804853e-09
290.0,1.6197215860214165e-08,1.200221657107395e-09,-8.449083521711032e-08,-4.326998290913064e-09,8.602936148378216e-08,3.285285391940934e-09
291.0,1.771285225438124e-08,7.076496384670347e-10,-8.528218434222801e-08,-5.218472930186971e-09,8.710221639641151e-08,4.034863503477761e-09
292.0,1.8418513117457458e-08,2.1868658818037275e-10,-8.580312668704515e-08,-6.106936144307214e-09,8.775772430237165e-08,4.784070297542141e-09
293.0,1.8654117209249144e-08,-2.6605938510414603e-10,-8.664872949704083e-08,-6.991215175101364e-09,8.863395744469362e-08,5.531873717910281e-09
294.0,1.841212607378573e-08,-7.459925935504378e-10,-8.766171225027541e-08,-7.870154342411136e-09,8.957445049346977e-08,6.27724905292204e-09
295.0,1.764477683408039e-08,-1.220530764899498e-09,-8.88087609007826e-08,-8.74261663940859e-09,9.054465286397023e-08,7.019180384026301e-09
296.0,1.6288065396441453e-08,-1.6891060183186675e-09,-8.99127728937188e-08,-9.607485297600272e-09,9.137618838513788e-08,7.756662038312648e-09
297.0,1.4334093217938104e-08,-2.1511658202819364e-09,-9.104303214102494e-08,-1.0463665319381094e-08,9.216452641777225e-08,8.48870004223919e-09
298.0,1.2119791031883764e-08,-2.6061739186173883e-09,-9.235355913350674e-08,-1.1310084975734429e-08,9.314541974398234e-08,9.214313573495497e-09
299.0,1.0069228673081909e-08,-3.0536112520877622e-09,-9.394640979043523e-08,-1.2145697266415246e-08,9.44844816812962e-08,9.932536407669197e-09
300.0,8.048648927894142e-09,-3.4929768321959236e-09,-9.579413076665766e-08,-1.29694813397088e-08,9.613166095987314e-08,1.0642418356116981e-08
301.0,5.6929037178798936e-09,-3.923788593374061e-09,-9.747976814633574e-08,-1.3780443868640729e-08,9.764586192258443e-08,1.1343026691182221e-08
302.0,3.348805191483173e-09,-4.345584207352995e-09,-9.902195652333745e-08,-1.4577620380341503e-08,9.907856665253205e-08,1.2033447554668437e-08
303.0,1.5128898966931814e-09,-4.7579218573310886e-09,-1.0041706249852567e-07,-1.536007653515698e-08,1.0042845849993082e-07,1.2712787345290734e-08
304.0,2.5471311171365585e-10,-5.160380967578994e-09,-1.0148464901771348e-07,-1.6126909352058713e-08,1.0148496866540272e-07,1.3380174080702388e-08
305.0,-5.797741592372674e-10,-5.552562884327287e-09,-1.0258155061504404e-07,-1.6877248376943624e-08,1.0258318899635827e-07,1.4034758729636505e-08
306.0,-1.1660078180764089e-09,-5.934091504176399e-09,-1.0359130209192102e-07,-1.7610256790512694e-08,1.0359786408672456e-07,1.4675716509708916e-08
307.0,-1.4117829683080174e-09,-6.304613846811889e-09,-1.0433739497384131e-07,-1.832513245256853e-08,1.0434694591159327e-07,1.5302248146488012e-08
308.0,-1.0519964066535437e-09,-6.663800569461078e-09,-1.0500925759493462e-07,-1.902110887975664e-08,1.0501452698117031e-07,1.5913581089538954e-08
309.0,-7.704270554853565e-11,-7.011346421245818e-09,-1.0573112083078762e-07,-1.9697456153982818e-08,1.0573114889999583e-07,1.6508970681282578e-08
310.0,1.1557967083408727e-09,-7.346970636327594e-09,-1.065320005544379e-07,-2.0353481758957206e-08,1.065382701575437e-07,1.7087701274662892e-08
311.0,2.2775725888601883e-09,-7.670417265460103e-09,-1.0729198077208402e-07,-2.0988531342535058e-08,1.0731615197580825e-07,1.764908729578116e-08
312.0,3.3083771000530504e-09,-7.98145544621395e-09,-1.0798274027723487e-07,-2.1601989402738792e-08,1.080334094473414e-07,1.8192474247823292e-08
313.0,4.507844528212068e-09,-8.27987961267624e-09,-1.0876574182971943e-07,-2.219327989555493e-08,1.0885911655924693e-07,1.8717239652779753e-08
314.0,5.7272803305474795e-09,-8.565509645828304e-09,-1.0948074311012412e-07,-2.2761866762804976e-08,1.0963044673780029e-07,1.9222793927635712e-08
315.0,6.5928312253937804e-09,-8.838190966055461e-09,-1.1002113270430769e-07,-2.3307254378592867e-08,1.102184878552841e-07,1.970858119189616e-08
316.0,6.9886305215094424e-09,-9.097794569342078e-09,-1.1049308043520334e-07,-2.3828987913034155e-08,1.1071387347855953e-07,2.0174080003507724e-08
317.0,7.0053174650031025e-09,-9.344217008656505e-09,-1.1104247696347436e-07,-2.4326653612172564e-08,1.1126322915936428e-07,2.0618804020445726e-08
318.0,6.659838000522278e-09,-9.577380321847682e-09,-1.1177210729185205e-07,-2.4799878993184874e-08,1.1197034165641581e-07,2.104230258544815e-08
319.0,5.901514207873326e-09,-9.7972319070846e-09,-1.1258762541710432e-07,-2.524833295416147e-08,1.1274218938360176e-07,2.1444161231593077e-08
320.0,4.710828074849793e-09,-1.0003744346509017e-08,-1.1355731169282457e-07,-2.5671725797927157e-08,1.1365498202917505e-07,2.1824002106630627e-08
321.0,3.1510302006543256e-09,-1.0196915178384051e-08,-1.1442579997411606e-07,-2.606980916954144e-08,1.1446917790847392e-07,2.2181484314198283e-08
322.0,1.578575437033436e-09,-1.0376766617649762e-08,-1.1524156401376828e-07,-2.6442375907300493e-08,1.1525237514580712e-07,2.251630417027824e-08
323.0,3.6953561044494876e-10,-1.0543345224485236e-08,-1.1629018314973649e-07,-2.678925980726621e-08,1.1629077028537839e-07,2.2828195373507023e-08
324.0,-8.81241690731116e-10,-1.0696721520262011e-08,-1.1715179673577047e-07,-2.711033530157996e-08,1.1715511113620594e-07,2.3116929088228184e-08
325.0,-2.3902863716118716e-09,-1.0836989550180835e-08,-1.1781631592544528e-07,-2.7405517051084966e-08,1.1784056078949491e-07,2.3382313939493652e-08
326.0,-3.833480879955609e-09,-1.0964266391923417e-08,-1.1840015384789737e-07,-2.767475945308453e-08,1.1846219653063483e-07,2.3624195919571932e-08
327.0,-4.958857560688479e-09,-1.1078691609823085e-08,-1.1866158833306883e-07,-2.7918056065403805e-08,1.1876515824952154e-07,2.384245820591298e-08
328.0,-5.541767628125527e-09,-1.1180426654362765e-08,-1.1887098502749716e-07,-2.813543894829451e-08,1.1900009357076823e-07,2.4037020890946105e-08
329.0,-5.698061467107607e-09,-1.1269654207243093e-08,-1.1907323257953628e-07,-2.8326977926113927e-08,1.192094904838674e-07,2.420784062453831e-08
330.0,-5.595974919558877e-09,-1.1346577472816282e-08,-1.1917519801563081e-07,-2.8492779771106944e-08,1.193065076069413e-07,2.4354910170402406e-08
331.0,-5.047658985235515e-09,-1.1411419417326395e-08,-1.193366440388477e-07,-2.8632987312009187e-08,1.1944334837773877e-07,2.4478257878202656e-08
332.0,-3.999352835015735e-09,-1.1464421958096076e-08,-1.1958991272265074e-07,-2.8747778470560603e-08,1.1965676766531082e-07,2.457794707354992e-08
333.0,-2.6915166623231457e-09,-1.1505845105511808e-08,-1.1963182428020858e-07,-2.8837365229366827e-08,1.1966209776931986e-07,2.4654075368501437e-08
334.0,-1.3156141870362958e-09,-1.153596606134215e-08,-1.1970491470281175e-07,-2.890199253486978e-08,1.197121440986526e-07,2.4706773895579375e-08
335.0,-2.5508706258392522e-11,-1.1555078277535187e-08,-1.196838890771268e-07,-2.894193713948911e-08,1.196838917955131e-07,2.4736206468695917e-08
336.0,1.2660496956362621e-09,-1.1563490480146855e-08,-1.1954301532002276e-07,-2.8957506387272667e-08,1.195497193373327e-07,2.474256867472003e-08
337.0,2.606037552421725e-09,-1.1561525663424287e-08,-1.194441622276443e-07,-2.8949036947644885e-08,1.1947258816142072e-07,2.472608689973911e-08
338.0,3.7508496308902295e-09,-1.154952005929533e-08,-1.1899787483171664e-07,-2.8916893502061785e-08,1.1905697412339375e-07,2.468701729435376e-08
339.0,4.56856596997568e-09,-1.1527822087593256e-08,-1.1842650202154026e-07,-2.8861467388565822e-08,1.185145905620059e-07,2.462564468259176e-08
340.0,5.0446232052747675e-09,-1.1496791292277814e-08,-1.1796617468973203e-07,-2.878317520937503e-08,1.1807398779668438e-07,2.454228141923137e-08
341.0,5.24674068080877e-09,-1.1456797268710508e-08,-1.1759161611113456e-07,-2.868245740672972e-08,1.1770860829777953e-07,2.4437266200476348e-08
342.0,5.231895014445875e-09,-1.1408218586721555e-08,-1.174766501577107e-07,-2.855977681224703e-08,1.175930952808001e-07,2.4310962833016173e-08
343.0,4.9522670131363355e-09,-1.1351441713796198e-08,-1.1740329600162802e-07,-2.8415617174993845e-08,1.1750769702711089e-07,2.4163758966529754e-08
344.0,4.4891078770925574e-09,-1.1286859942239623e-08,-1.1751271897231241e-07,-2.8250481673386544e-08,1.1759843200399335e-07,2.3996064794653534e-08
345.0,3.8757651116272385e-09,-1.1214872323684094e-08,-1.1770877456074302e-07,-2.806489141587368e-08,1.1777256541229087e-07,2.380831172934564e-08
346.0,3.200190334951003e-09,-1.1135882613807757e-08,-1.1790069603945241e-07,-2.785938393517153e-08,1.1794411958536662e-07,2.3600951053452462e-08
347.0,2.58748837633771e-09,-1.1050298229666924e-08,-1.1817424169779933e-07,-2.763451168061857e-08,1.1820256552608144e-07,2.3374452556137673e-08
348.0,1.878199248905865e-09,-1.0958529221624158e-08,-1.1827840726286176e-07,-2.7390840513008587e-08,1.1829331873380669e-07,2.3129303155680204e-08
349.0,1.0411594225656629e-09,-1.0860987261497983e-08,-1.1818100228988548e-07,-2.712894820606344e-08,1.1818558844116788e-07,2.2866005513997578e-08
350.0,2.5259089264650925e-10,-1.0758084648277086e-08,-1.1793198345655398e-07,-2.684942295852211e-08,1.1793225396029693e-07,2.25850766471102e-08
351.0,-2.800654430590299e-10,-1.065023333253929e-08,-1.1754436526900669e-07,-2.6552861920652252e-08,1.1754469891554473e-07,2.228704653563061e-08
352.0,-4.1870011624478565e-10,-1.0537843960598444e-08,-1.1724405832302942e-07,-2.6239869738826798e-08,1.1724480594824347e-07,2.1972456739232642e-08
353.0,-2.2823869183508094e-10,-1.0421324939371632e-08,-1.1697411120281664e-07,-2.5911057121640285e-08,1.1697433387110766e-07,2.1641859018918012e-08
354.0,1.979420793940534e-10,-1.0301081523006143e-08,-1.1669086077970015e-07,-2.5567039430857052e-08,1.166910286636216e-07,2.1295813970741958e-08
355.0,8.147492958077152e-10,-1.0177514922410478e-08,-1.1648415937370871e-07,-2.52084353002807e-08,1.1648700872378254e-07,2.0934889674480212e-08
356.0,1.571707430869651e-09,-1.0051021438967961e-08,-1.1632119031879107e-07,-2.4835865285410833e-08,1.1633180812412685e-07,2.0559660360516394e-08
357.0,2.457586828485958e-09,-9.921991623845907e-09,-1.1632667765160143e-07,-2.444995054651341e-08,1.1635263497866791e-07,2.0170705098006087e-08
358.0,3.3637905932915046e-09,-9.790809464421093e-09,-1.1638129515656459e-07,-2.4051311567480322e-08,1.164298971462009e-07,1.9768606507137472e-08
359.0,4.221381078028941e-09,-9.65785159940313e-09,-1.1634980848218568e-07,-2.3640566912600163e-08,1.1642636295980059e-07,1.9353949498066275e-08
360.0,5.065732847087112e-09,-9.523486564235372e-09,-1.162859479264533e-07,-2.3218332023114718e-08,1.1639623419351619e-07,1.8927320038865092e-08
361.0,5.81654126252662e-09,-9.388074068278965e-09,-1.1607104008493074e-07,-2.278521805520311e-08,1.1621668769439384e-07,1.8489303954602977e-08
362.0,6.371415020578475e-09,-9.251964305135376e-09,-1.1571793129272478e-07,-2.2341830760822994e-08,1.1589320321758402e-07,1.8040485759466338e-08
363.0,6.6295944567418275e-09,-9.115497297238011e-09,-1.152853184305247e-07,-2.1888769412645098e-08,1.1547578173923889e-07,1.7581447523647137e-08
364.0,6.554211937070953e-09,-8.979002275551131e-09,-1.1476816802469259e-07,-2.1426625774138483e-08,1.1495516554666047e-07,1.7112767776553742e-08
365.0,6.27724988655487e-09,-8.842797094867849e-09,-1.1436510580220549e-07,-2.095598311569057e-08,1.1453724848837564e-07,1.6635020447735216e-08
366.0,5.882315898264601e-09,-8.707187684818658e-09,-1.1403625466144263e-07,-2.047741527746907e-08,1.1418786720810742e-07,1.6148773846741685e-08
367.0,5.38783095915818e-09,-8.572467536313643e-09,-1.1378773270842579e-07,-1.9991485779546582e-08,1.139152177602651e-07,1.5654589682964473e-08
368.0,4.829364796954394e-09,-8.43891722277118e-09,-1.1371667371640193e-07,-1.949874697961119e-08,1.1381917520991215e-07,1.5153022126307797e-08
369.0,4.245557252979815e-09,-8.30680395515656e-09,-1.1379599187955058e-07,-1.8999739278382842e-08,1.1387516201630218e-07,1.4644616909341958e-08
370.0,3.7179525569364102e-09,-8.176381169582022e-09,-1.1403220104289069e-07,-1.849499037265468e-08,1.140927957668751e-07,1.4129910471385483e-08
371.0,3.2144287370750035e-09,-8.047888146016509e-09,-1.1427314494660834e-07,-1.7985014555693202e-08,1.1431834589467385e-07,1.3609429144771998e-08
372.0,2.641571975048329e-09,-7.921549656525842e-09,-1.143520610702442e-07,-1.7470312064575943e-08,1.1438256761199331e-07,1.308368838339185e-08
373.0,2.0273506068368974e-09,-7.797575641414142e-09,-1.1425333557024686e-07,-1.6951368473933783e-08,1.142713211589438e-07,1.255319203347216e-08
374.0,1.4836736700329922e-09,-7.676160911665972e-09,-1.139943008598987e-07,-1.6428654135505535e-08,1.1400395570372219e-07,1.2018431646481288e-08
375.0,1.1603729643816507e-09,-7.557484876195353e-09,-1.137155670183354e-07,-1.59026236629059e-08,1.1372148718565898e-07,1.1479885834015383e-08
376.0,1.0847603371111347e-09,-7.441711292592377e-09,-1.133763062599602e-07,-1.5373715461046013e-08,1.1338149551907163e-07,1.0938019664538525e-08
377.0,1.2144267119706953e-09,-7.328988040316721e-09,-1.1297417784605912e-07,-1.4842351299716807e-08,1.1298070495545575e-07,1.0393284101892029e-08
378.0,1.4662879105342697e-09,-7.219446915610086e-09,-1.1247878178854975e-07,-1.4308935930937507e-08,1.1248833874172367e-07,9.846115485551937e-09
379.0,1.8128926831950665e-09,-7.113203447769062e-09,-1.1195574475819647e-07,-1.3773856749775139e-08,1.1197042182756667e-07,9.296935052687203e-09
380.0,2.2774417907100997e-09,-7.010356736815543e-09,-1.1156408472046131e-07,-1.3237483498449228e-08,1.11587327867569e-07,8.74614850214836e-09
381.0,2.807595725351497e-09,-6.91098931300337e-09,-1.112380755008413e-07,-1.2700168013641856e-08,1.112735010453427e-07,8.19414560059121e-09
382.0,3.396702114022432e-09,-6.815167018989906e-09,-1.109470734728113e-07,-1.216224401703373e-08,1.1099905719163921e-07,7.641299831008968e-09
383.0,4.064832151429165e-09,-6.72293891586606e-09,-1.1058933027663365e-07,-1.1624026949180932e-08,1.1066400874472988e-07,7.087968084009505e-09
384.0,4.8250205914035504e-09,-6.634337214565592e-09,-1.1006778075084434e-07,-1.1085813846938223e-08,1.1017348675213746e-07,6.5344903922351695e-09
385.0,5.676163011836266e-09,-6.549377234454573e-09,-1.0948961981505079e-07,-1.0547883264726202e-08,1.0963665296688558e-07,5.981189708385676e-09
386.0,6.511907360562397e-09,-6.468057391124998e-09,-1.0886207302274187e-07,-1.0010495240031668e-08,1.0905666362162987e-07,5.428371727369744e-09
387.0,7.173468458132604e-09,-6.390359215573777e-09,-1.0814782777646137e-07,-9.473891303617679e-09,1.0838547551442016e-07,4.876324753174878e-09
388.0,7.632736637175341e-09,-6.316247407032186e-09,-1.074134046985531e-07,-8.938294534994667e-09,1.0768425222616177e-07,4.325319611099381e-09
389.0,7.91179818881993e-09,-6.245669921717607e-09,-1.0660539587203921e-07,-8.403909663757273e-09,1.0689858268290936e-07,3.775609606028519e-09
390.0,8.096453882333599e-09,-6.178558099712737e-09,-1.0580815029692658e-07,-7.870923217416126e-09,1.0611746903656231e-07,3.227430527450716e-09
391.0,8.25499360534998e-09,-6.1148268320478116e-09,-1.0512430256848226e-07,-7.339503716343212e-09,1.0544792036799102e-07,2.6810007018927675e-09
392.0,8.401721915407556e-09,-6.0543747698838605e-09,-1.0453096005447193e-07,-6.809801916398827e-09,1.0486806254076331e-07,2.136521093400666e-09
393.0,8.625982511611952e-09,-5.997084577483668e-09,-1.0413851306290134e-07,-6.281951099715743e-09,1.0449515528120291e-07,1.5941754526014381e-09
394.0,8.882625468498162e-09,-5.942823230422548e-09,-1.0386112164750827e-07,-5.756067413984415e-09,1.04240268730909e-07,1.0541305147537499e-09
395.0,9.051822971728463e-09,-5.891442360238301e-09,-1.0355148269414194e-07,-5.232250260419094e-09,1.039463566810626e-07,5.165362470378207e-10
396.0,9.071769974111632e-09,-5.8427786464500555e-09,-1.0323637417153364e-07,-4.710582730400103e-09,1.0363419301827023e-07,-1.847385484056357e-11
397.0,8.87614089173372e-09,-5.796654256589087e-09,-1.0284555895800906e-07,-4.191132090593319e-09,1.0322787837844594e-07,-5.50782420839748e-10
398.0,8.55435450253239e-09,-5.752877334583468e-09,-1.0239132339218138e-07,-3.6739503161531526e-09,1.027480417670199e-07,-1.0802878118546392e-09
399.0,8.301985612857443e-09,-5.7112425375302814e-09,-1.0202456959818029e-07,-3.1590746714228332e-09,1.0236178860693099e-07,-1.6069036765379614e-09
400.0,8.17089151894379e-09,-5.67153162058637e-09,-1.0169968356343873e-07,-2.646528337355664e-09,1.02027393895551e-07,-2.1305584603110446e-09
401.0,8.168320117518668e-09,-5.633514069423802e-09,-1.0141952697106937e-07,-2.1363210846898165e-09,1.0174793317103659e-07,-2.651194867380668e-09
402.0,8.248728158855023e-09,-5.596947779437066e-09,-1.0118660334623719e-07,-1.6284499917171883e-09,1.0152226461711454e-07,-3.1687692767566526e-09
403.0,8.294006953457611e-09,-5.561579780655003e-09,-1.0086180446400306e-07,-1.122900205295535e-09,1.0120224380456587e-07,-3.683251113443688e-09
404.0,8.274984836242893e-09,-5.527147007095786e-09,-1.0055030053024439e-07,-6.196457435660621e-10,1.0089022901531403e-07,-4.194622176156136e-09
405.0,8.185676900196448e-09,-5.493377109099765e-09,-1.0026801525175877e-07,-1.1865033865959317e-10,1.0060159138324472e-07,-4.7028759230721776e-09
406.0,8.059563780249412e-09,-5.459989306978203e-09,-9.99117253930315e-08,3.8013168249559734e-10,1.0023626808366543e-07,-5.208016717302249e-09
407.0,7.998112921958622e-09,-5.4266952841255744e-09,-9.950253451740387e-08,8.767544813123469e-10,9.982346510565315e-08,-5.7100590338963065e-09
408.0,8.05782719714987e-09,-5.393200117562603e-09,-9.899675029734212e-08,1.371279756831038e-09,9.932414182147981e-08,-6.209026630356878e-09
409.0,8.295035699990017e-09,-5.359203243710025e-09,-9.849470017364581e-08,1.8637757635036042e-09,9.884337903754855e-08,-6.7049516827626634e-09
410.0,8.647341925849261e-09,-5.324399457039645e-09,-9.808299925029296e-08,2.3543162999712346e-09,9.846345141378865e-08,-7.197873889744339e-09
411.0,8.99066479598254e-09,-5.288479939104532e-09,-9.777042395131552e-08,2.8429796714812026e-09,9.818293055869585e-08,-7.687839546694548e-09
412.0,9.246847218480347e-09,-5.2511333153051596e-09,-9.754780908033389e-08,3.3298476287436975e-09,9.798509702937069e-08,-8.17490059274026e-09
413.0,9.394168262732983e-09,-5.212046736592463e-09,-9.739706544054094e-08,3.815004286190032e-09,9.784906107764935e-08,-8.659113633155796e-09
414.0,9.406502479714085e-09,-5.170906983135408e-09,-9.717067345205166e-08,4.298535022754238e-09,9.762490495783401e-08,-9.140538940043963e-09
415.0,9.35140286040248e-09,-5.127401586789037e-09,-9.694586086683721e-08,4.780525368453296e-09,9.739583499652181e-08,-9.619239434252492e-09
416.0,9.28279611511762e-09,-5.081219968994826e-09,-9.677272044816831e-08,5.2610598801802835e-09,9.721692098937395e-08,-1.009527965161782e-08
417.0,9.2252652045266e-09,-5.032054590538019e-09,-9.660313957104982e-08,5.740221010245022e-09,9.704263028729993e-08,-1.0568724696734423e-08
418.0,9.184541474582808e-09,-4.979602109385955e-09,-9.64499690392362e-08,6.2180879712970525e-09,9.68862855607952e-08,-1.103963918753485e-08
419.0,9.042195783792728e-09,-4.923564542645158e-09,-9.618496840668733e-08,6.694735601344842e-09,9.660905471014546e-08,-1.1508086194033213e-08
420.0,8.702378762048824e-09,-4.863650428507332e-09,-9.58316435373252e-08,7.170233232642286e-09,9.622595959086676e-08,-1.1974126174632893e-08
421.0,8.180857463679914e-09,-4.799575983909446e-09,-9.554767274599918e-08,7.644643568248894e-09,9.589725854276337e-08,-1.2437815913428064e-08
422.0,7.560796808081527e-09,-4.7310662535159435e-09,-9.534295053459374e-08,8.118021570085474e-09,9.564227028367261e-08,-1.289920746194095e-08
423.0,7.008555721887966e-09,-4.657856245552404e-09,-9.52775045803822e-08,8.590413362306666e-09,9.553492938382044e-08,-1.335834708873726e-08
424.0,6.624007065081372e-09,-4.579692049992719e-09,-9.527037664325277e-08,9.061855153796917e-09,9.550037767121914e-08,-1.3815274240354099e-08
425.0,6.426143145388252e-09,-4.496331934638505e-09,-9.519590785100895e-08,9.532372183565402e-09,9.541255780715035e-08,-1.4270020516956401e-08
426.0,6.3663631311161595e-09,-4.407547414735745e-09,-9.502051245835474e-08,1.0001977692761981e-08,9.523354643908618e-08,-1.4722608666104506e-08
427.0,6.3648589870846095e-09,-4.313124291946438e-09,-9.475291243288275e-08,1.0470671926954396e-08,9.496644588716069e-08,-1.5173051597959825e-08
428.0,6.366747531960648e-09,-4.212863658721701e-09,-9.437237824538869e-08,1.0938441172193657e-08,9.458689787611411e-08,-1.5621351425174574e-08
429.0,6.404895766531915e-09,-4.106582864393792e-09,-9.389752361754766e-08,1.1405256828252972e-08,9.411571405077932e-08,-1.6067498530606417e-08
430.0,6.575701025357539e-09,-3.994116439605866e-09,-9.335741479876702e-08,1.1871074522263037e-08,9.358871054718049e-08,-1.651147066587692e-08
431.0,6.939983726583776e-09,-3.875316976021101e-09,-9.266271300267803e-08,1.2335833265792949e-08,9.292223498787534e-08,-1.6953232083662702e-08
432.0,7.574142174560095e-09,-3.750055958589967e-09,-9.193590055911471e-08,1.2799454658251925e-08,9.224737091806942e-08,-1.7392732706480197e-08
433.0,8.448365618196618e-09,-3.618224547997125e-09,-9.132757627927646e-08,1.3261842139323252e-08,9.171750689299065e-08,-1.7829907334609508e-08
434.0,9.438209588874535e-09,-3.4797343112441213e-09,-9.079617016571895e-08,1.372288029299762e-08,9.128540034970386e-08,-1.826467489570758e-08
435.0,1.043078989848567e-08,-3.3345178986319797e-09,-9.050394192411382e-08,1.418243420565555e-08,9.11030454030474e-08,-1.86969377385917e-08
436.0,1.12423207687673e-08,-3.182529665668438e-09,-9.03679472641361e-08,1.4640348880559027e-08,9.106456868069788e-08,-1.9126580973630463e-08
437.0,1.1808606981134062e-08,-3.0237462386200285e-09,-9.027864170119138e-08,1.5096448711045466e-08,9.104765975162117e-08,-1.9553471862153056e-08
438.0,1.2129355672629849e-08,-2.8581670225502853e-09,-9.021396019104344e-08,1.5550537014661455e-08,9.102571000758153e-08,-1.99774592572663e-08
439.0,1.2281544559122892e-08,-2.685814650733619e-09,-9.013969134996636e-08,1.6002395630415435e-08,9.097252493706504e-08,-2.0398373098438164e-08
440.0,1.2343336158737728e-08,-2.5067353743228155e-09,-9.011129104008475e-08,1.6451784581255176e-08,9.09527499333498e-08,-2.0816023962154545e-08
441.0,1.2291907741657226e-08,-2.3209993910958854e-09,-9.01014881315998e-08,1.6898441803779145e-08,9.093607182773089e-08,-2.123020267087662e-08
442.0,1.203491828416503e-08,-2.1287011120364427e-09,-9.001190054425123e-08,1.734208294706655e-08,9.081289279444139e-08,-2.164067996241685e-08
443.0,1.1487012702149357e-08,-1.9299593644298473e-09,-8.97830897128582e-08,1.778240124235635e-08,9.051494163510512e-08,-2.2047206221712884e-08
444.0,1.0670252112432443e-08,-1.7249175301024437e-09,-8.947330062958336e-08,1.821906744512161e-08,9.010730162253596e-08,-2.244951127681252e-08
445.0,9.691301108838424e-09,-1.5137436174114458e-09,-8.911248153276041e-08,1.8651729850874017e-08,8.963791431146052e-08,-2.2847304260693977e-08
446.0,8.74276238904681e-09,-1.2966302656298529e-09,-8.881424218287748e-08,1.9080014385801492e-08,8.924351802069517e-08,-2.3240273540343383e-08
447.0,8.011309532429678e-09,-1.0737946804873777e-09,-8.85861732025095e-08,1.9503524773097338e-08,8.894768778944965e-08,-2.3628086714306513e-08
448.0,7.631707155120182e-09,-8.454784998450203e-10,-8.837706155784275e-08,1.992184277559009e-08,8.870596351824516e-08,-2.4010390679733647e-08
449.0,7.662319709278442e-09,-6.119475888081018e-10,-8.823837527316414e-08,2.0334528515032965e-08,8.857043532790691e-08,-2.4386811769749556e-08
450.0,7.995371406610552e-09,-3.7349176401652446e-10,-8.802244361172384e-08,2.074112086816025e-08,8.838482077432047e-08,-2.4756955961803768e-08
451.0,8.543506346825325e-09,-1.3042444737327496e-10,-8.774532192501461e-08,2.114113793936234e-08,8.81602689448183e-08,-2.512040915748458e-08
452.0,9.262045394531349e-09,1.1691774994634488e-10,-8.739944651336984e-08,2.153407760957001e-08,8.788884306744374e-08,-2.5476737534108344e-08
453.0,1.0149405510473386e-08,3.68175511755333e-10,-8.695570344330328e-08,2.1919418160671715e-08,8.754601529216355e-08,-2.5825487968220784e-08
454.0,1.1290472431979559e-08,6.22967367334887e-10,-8.645814611463187e-08,2.2296618974519243e-08,8.719223473060158e-08,-2.616618853096968e-08
455.0,1.2738600063677552e-08,8.808903055148975e-10,-8.590527630913947e-08,2.2665121305314197e-08,8.684462233973917e-08,-2.6498349055132033e-08
456.0,1.4445681678632027e-08,1.1415204492249698e-09,-8.52811518348151e-08,2.3024349123917962e-08,8.649596856173792e-08,-2.6821461773409492e-08
457.0,1.628525736485642e-08,1.4044137869549143e-09,-8.466651321703544e-08,2.3373710032400964e-08,8.621849028932279e-08,-2.713500202744737e-08
458.0,1.8066359339097282e-08,1.6691069572381655e-09,-8.409965462918834e-08,2.371259624695005e-08,8.601828438488033e-08,-2.7438429046889377e-08
459.0,1.959356635272691e-08,1.935118082076582e-09,-8.359870884433462e-08,2.4040385647093747e-08,8.586414829752022e-08,-2.7731186797652275e-08
460.0,2.0776328643612452e-08,2.201947645179973e-09,-8.317289945658501e-08,2.4356442889087354e-08,8.572856604377908e-08,-2.801270489849156e-08
461.0,2.1626729115875598e-08,2.4690794110070725e-09,-8.285012773057154e-08,2.466012058122533e-08,8.562627562391979e-08,-2.8282399604827343e-08
462.0,2.2180257602810727e-08,2.7359813808601506e-09,-8.265697101772496e-08,2.4950760518814777e-08,8.558118184012223e-08,-2.85396748587043e-08
463.0,2.2442135899636284e-08,3.002106782683245e-09,-8.256871991685344e-08,2.522769497654556e-08,8.556426223865624e-08,-2.878392340366805e-08
464.0,2.2438847210870527e-08,3.2668950917145066e-09,-8.261755238270219e-08,2.5490248056022747e-08,8.5610524036834e-08,-2.9014527963248713e-08
465.0,2.2177608138829186e-08,3.5297730797132793e-09,-8.277418706015283e-08,2.5737737086275997e-08,8.569371240778773e-08,-2.9230862481648224e-08
466.0,2.165030224543507e-08,3.790155891088906e-09,-8.298971176934344e-08,2.5969474075117927e-08,8.57672889094519e-08,-2.9432293425128654e-08
467.0,2.089177562891731e-08,4.047448144868441e-09,-8.327290632048623e-08,2.6184767209278125e-08,8.585361504322051e-08,-2.9618181142490605e-08
468.0,1.9912606355476647e-08,4.301045062024289e-09,-8.348492155918485e-08,2.6382922401281465e-08,8.582682575751837e-08,-2.978788128291173e-08
469.0,1.8827792644393604e-08,4.5503336182108674e-09,-8.363002557132404e-08,2.656324488105941e-08,8.572319961900976e-08,-2.9940746269284885e-08
470.0,1.7768535531814678e-08,4.794693722404498e-09,-8.374733861948869e-08,2.6725040830276878e-08,8.561155051038769e-08,-3.007612682505399e-08
471.0,1.684648363864394e-08,5.033499422279006e-09,-8.390200406660497e-08,2.68676190573229e-08,8.557657563480614e-08,-3.019337355239929e-08
472.0,1.6130240573786203e-08,5.266120137362925e-09,-8.413498878145909e-08,2.6990292710854348e-08,8.566726911851728e-08,-3.029183855947702e-08
473.0,1.563666270076869e-08,5.49192192110358e-09,-8.436877549367061e-08,2.7092381029702704e-08,8.580556799368562e-08,-3.037087713427901e-08
474.0,1.5446062165414e-08,5.710268752910346e-09,-8.470182272235505e-08,2.7173211126856646e-08,8.609866206223588e-08,-3.0429849462545274e-08
475.0,1.5516854010022563e-08,5.92052386107541e-09,-8.504344833903943e-08,2.72321198051199e-08,8.644744567518015e-08,-3.046812238703663e-08
476.0,1.581390357552337e-08,6.12205107719484e-09,-8.53875736783749e-08,2.7268455401911653e-08,8.683960666064682e-08,-3.048507120534707e-08
477.0,1.6326846957737118e-08,6.314216222360953e-09,-8.577184723579379e-08,2.7281579660524515e-08,8.731194482899643e-08,-3.0480081503301195e-08
478.0,1.702112688295454e-08,6.496388524996297e-09,-8.613098018139809e-08,2.727086962498089e-08,8.779672264597368e-08,-3.045255102083294e-08
479.0,1.7842115451749407e-08,6.66794206977818e-09,-8.643822402287782e-08,2.7235719555431697e-08,8.82604535226438e-08,-3.04018915470723e-08
480.0,1.8666100276565345e-08,6.828257276687062e-09,-8.66595575022e-08,2.717554286082297e-08,8.864706541116801e-08,-3.032753084117366e-08
481.0,1.9341169318898288e-08,6.976722408825074e-09,-8.677677554302932e-08,2.7089774045318877e-08,8.890607180765318e-08,-3.02289145752006e-08
482.0,1.979295601028941e-08,7.112735107311197e-09,-8.687459138179143e-08,2.697787066471936e-08,8.910081781543018e-08,-3.010550829513956e-08
483.0,2.0028933844784547e-08,7.2357039512773416e-09,-8.708894888576069e-08,2.683931528885476e-08,8.936242615879111e-08,-2.995679939585449e-08
484.0,2.0071745363003934e-08,7.345050040766384e-09,-8.746397567316322e-08,2.6673617465688317e-08,8.973751725155403e-08,-2.9782299105524997e-08
485.0,1.9921878147144412e-08,7.440208600160064e-09,-8.797370656954406e-08,2.6480315682616954e-08,9.020118777762248e-08,-2.958154447484112e-08
486.0,1.95743056485842e-08,7.520630599626518e-09,-8.85842422748695e-08,2.6258979320234855e-08,9.072111893620455e-08,-2.9354100365964193e-08
487.0,1.8976940144299626e-08,7.585784391955237e-09,-8.927519565271602e-08,2.600921059360849e-08,9.12698461490489e-08,-2.9099561436006472e-08
488.0,1.8115492855796944e-08,7.6351573620221e-09,-9.001938344743721e-08,2.573064647589902e-08,9.182407351923112e-08,-2.8817554109529182e-08
489.0,1.702968265016036e-08,7.668257585979096e-09,-9.079906071463029e-08,2.5422960598949186e-08,9.23822467675705e-08,-2.850773853430568e-08
490.0,1.5796683350277618e-08,7.684615497071387e-09,-9.154055929938565e-08,2.5085865125220087e-08,9.289353692110813e-08,-2.8169810514341185e-08
491.0,1.4535204984067462e-08,7.683785554727509e-09,-9.217987390064408e-08,2.4719112585213883e-08,9.331881555328219e-08,-2.7803503413883134e-08
492.0,1.339338237538179e-08,7.665347913225282e-09,-9.272522938363892e-08,2.4322497674250648e-08,9.368751707512395e-08,-2.740859002589919e-08
493.0,1.2450446479350674e-08,7.628910085790403e-09,-9.3095101544316e-08,2.3895859002183746e-08,9.392396685128711e-08,-2.6984884398248805e-08
494.0,1.1794009033283537e-08,7.574108599427664e-09,-9.33467795560805e-08,2.3439080789345813e-08,9.408889361964388e-08,-2.6532243610536538e-08
495.0,1.1515032927178481e-08,7.50061063511854e-09,-9.360118707890663e-08,2.295209450172861e-08,9.430683011264075e-08,-2.6050569494421685e-08
496.0,1.1643943920169875e-08,7.40811564725659e-09,-9.390146182841619e-08,2.243488041812959e-08,9.462064237538004e-08,-2.5539810289980497e-08
497.0,1.219147605091564e-08,7.296356955358089e-09,-9.424368582755527e-08,2.1887469121760606e-08,9.50289661453969e-08,-2.4999962230585013e-08
498.0,1.3108776383830012e-08,7.165103300213231e-09,-9.45347947145514e-08,2.1309942908622875e-08,9.543933900653144e-08,-2.4431071048683336e-08
499.0,1.4375402271338267e-08,7.0141603557729214e-09,-9.478603227308646e-08,2.070243710481359e-08,9.586993326657418e-08,-2.3833233394841825e-08
500.0,1.5951589688034673e-08,6.8433721872422305e-09,-9.505907891393939e-08,2.0065141284848726e-08,9.638818235417644e-08,-2.3206598162438957e-08
501.0,1.778327024526405e-08,6.65262264511895e-09,-9.538183265433986e-08,1.9398300383065978e-08,9.702545388255902e-08,-2.2551367710480465e-08
502.0,1.9768977205236737e-08,6.44183668431735e-09,-9.568280975869037e-08,1.87022156902162e-08,9.770369769388927e-08,-2.1867798977133336e-08
503.0,2.176458901992362e-08,6.210981597093052e-09,-9.591180319401538e-08,1.797724572746484e-08,9.835024823117488e-08,-2.1156204476750625e-08
504.0,2.36393625646647e-08,5.960068148268248e-09,-9.61019217537995e-08,1.7223806990209765e-08,9.896665512806358e-08,-2.041695317337488e-08
505.0,2.5232941153197075e-08,5.68915160127384e-09,-9.624512087302861e-08,1.6442374554381945e-08,9.94978623443971e-08,-1.9650471223962736e-08
506.0,2.646355570790071e-08,5.398332623791257e-09,-9.642463211223529e-08,1.563348253823466e-08,9.999014680799844e-08,-1.8857242584865552e-08
507.0,2.7301800903378748e-08,5.08775806229429e-09,-9.676217962995004e-08,1.4797724413050794e-08,1.0054008026307942e-07,-1.803780947543309e-08
508.0,2.7786425688125505e-08,4.757621575548241e-09,-9.734147121687187e-08,1.3935753156711659e-08,1.0122967683039799e-07,-1.7192772692984813e-08
509.0,2.7916374142900047e-08,4.408164118096215e-09,-9.806664272304921e-08,1.304828124467569e-08,1.01962691021062e-07,-1.6322791773820815e-08
510.0,2.7685908884911292e-08,4.039674265917418e-09,-9.89115412908248e-08,1.2136080473606727e-08,1.0271320534045342e-07,-1.5428584995424853e-08
511.0,2.7038770111786903e-08,3.652488377742077e-09,-9.987226984309316e-08,1.1199981613658324e-08,1.0346770207542872e-07,-1.4510929215543113e-08
512.0,2.597557574590681e-08,3.246990586912534e-09,-1.0100706962501427e-07,1.0240873886247398e-08,1.0429361749198185e-07,-1.357065954440007e-08
513.0,2.4559968711534985e-08,2.8236126201498545e-09,-1.0243691866973492e-07,9.259704265021928e-09,1.0533999416015488e-07,-1.2608668846932838e-08
514.0,2.2800566781833176e-08,2.3828334410781527e-09,-1.0398439251324554e-07,8.257476598627784e-09,1.0645477787267958e-07,-1.1625907072583687e-08
515.0,2.0844741904779696e-08,1.9251787178324376e-09,-1.0560940666426433e-07,7.23525055479329e-09,1.0764687659683785e-07,-1.062338041088232e-08
516.0,1.888262776694738e-08,1.451220115488393e-09,-1.0731382668605072e-07,6.19414038615865e-09,1.0896242943964136e-07,-9.602150271766394e-09
517.0,1.6959761511836646e-08,9.615744153662288e-10,-1.0897459876146876e-07,5.135313519163053e-09,1.1028643019774229e-07,-8.563332090321279e-09
518.0,1.511625691286156e-08,4.569024644453952e-10,-1.1061056429118032e-07,4.059988968150012e-09,1.1163869470693829e-07,-7.50809395635669e-09
519.0,1.3371240711879118e-08,-6.209204083734742e-11,-1.1224025128764303e-07,2.9694355776510546e-09,1.1303390680361476e-07,-6.4376550699698146e-09
520.0,1.1749806516636596e-08,-5.946639312560169e-10,-1.1378722353239112e-07,1.8649700965544437e-09,1.1439226456534874e-07,-5.353284024964359e-09
521.0,1.0333211272750553e-08,-1.1400280960584228e-09,-1.1531692353794476e-07,7.479550885579074e-10,1.1577896229222085e-07,-4.256296922697762e-09
522.0,9.130696684844786e-09,-1.6973611623828085e-09,-1.1671302427296304e-07,-3.8020331605558955e-10,1.1706963593046617e-07,-3.1480553196108858e-09
523.0,8.182890448571456e-09,-2.2658033159562094e-09,-1.1796375898320832e-07,-1.5180578216884136e-09,1.1824723307351333e-07,-2.029964012354881e-09
524.0,7.570392868139209e-09,-2.8444602558958076e-09,-1.192297146290766e-07,-2.664122515566425e-09,1.1946981082561828e-07,-9.0346866506864e-10
525.0,7.29463929538543e-09,-3.432405276231661e-09,-1.2051120237832613e-07,-3.816875556053354e-09,1.2073177568941682e-07,2.2994671602010474e-10
526.0,7.334765725341974e-09,-4.028681466645441e-09,-1.218427269911171e-07,-4.974761993965118e-09,1.2206329877927084e-07,1.3687624548918838e-09
527.0,7.610534050184192e-09,-4.632304024846351e-09,-1.2318834238800314e-07,-6.136196719243301e-09,1.2342320660569837e-07,2.511426018559637e-09
528.0,7.964895631928925e-09,-5.2422626729502875e-09,-1.2442874799956094e-07,-7.2995675248995165e-09,1.2468341064939537e-07,3.6563549634671435e-09
529.0,8.322923447656727e-09,-5.857524170158924e-09,-1.2560856979537682e-07,-8.463238279712076e-09,1.2588400955147403e-07,4.80194000794191e-09
530.0,8.609223750566386e-09,-6.477034913923035e-09,-1.2674902852283232e-07,-9.625552200743522e-09,1.2704107589700692e-07,5.946548222632917e-09
531.0,8.778650473217908e-09,-7.099723621597611e-09,-1.279331517667348e-07,-1.0784835216351712e-08,1.282339893518927e-07,7.088526330332565e-09
532.0,8.825465663830911e-09,-7.724504084343346e-09,-1.291911102818677e-07,-1.1939399409984902e-08,1.294922075649541e-07,8.226204106066714e-09
533.0,8.695444322914803e-09,-8.350277984697555e-09,-1.3043398072731804e-07,-1.3087546534679644e-08,1.3072350240238855e-07,9.35789786783535e-09
534.0,8.335592341368603e-09,-8.975937768832737e-09,-1.316223920411197e-07,-1.4227571587818603e-08,1.3188607275337185e-07,1.0481914047897883e-08
535.0,7.70939974359397e-09,-9.600369564053882e-09,-1.3286487457464524e-07,-1.535776643535511e-08,1.3308835313483572e-07,1.159655283402255e-08
536.0,6.741433730694801e-09,-1.0222456131571911e-08,-1.3420209241110648e-07,-1.6476423474375823e-08,1.343713084563238e-07,1.2700111869661866e-08
537.0,5.461365720771383e-09,-1.0841079844050637e-08,-1.356988330591946e-07,-1.758183932255509e-08,1.358086882683254e-07,1.3790890001577075e-08
538.0,3.9417900749016965e-09,-1.1455125676883691e-08,-1.3736844914347124e-07,-1.8672318522758022e-08,1.3742499237430227e-07,1.486719106301702e-08
539.0,2.255373499071567e-09,-1.2063484201645149e-08,-1.3909373536291625e-07,-1.9746177250780817e-08,1.3911201934710491e-07,1.5927327680166268e-08
540.0,5.340848457935365e-10,-1.2665054569704568e-08,-1.4082162214101857e-07,-2.0801747013987907e-08,1.4082263493149927e-07,1.6969625089224745e-08
541.0,-1.163965701600489e-09,-1.3258747473633996e-08,-1.4253385932638807e-07,-2.183737832842946e-08,1.4253861185878402e-07,1.7992424951179833e-08
542.0,-2.83212091278795e-09,-1.3843488073785396e-08,-1.441731575790861e-07,-2.2851444361913124e-08,1.442009718247025e-07,1.8994089151096103e-08
543.0,-4.437277836832898e-09,-1.4418218877299415e-08,-1.4584376878401528e-07,-2.38423445304703e-08,1.4591125497276266e-07,1.9973003568588638e-08
544.0,-5.976989458922333e-09,-1.4981902556828703e-08,-1.4747589455188503e-07,-2.480850803570421e-08,1.47596964321326e-07,2.0927581806070443e-08
545.0,-7.456986444998037e-09,-1.553352469642385e-08,-1.489575469360016e-07,-2.5748397330636397e-08,1.4914408280596319e-07,2.1856268861375773e-08
546.0,-8.766546419347598e-09,-1.607209645233476e-08,-1.5038395975719432e-07,-2.666051150187977e-08,1.5063926343545369e-07,2.27575447314621e-08
547.0,-9.851954627104753e-09,-1.6596657116920265e-08,-1.5166073660810575e-07,-2.7543389556257424e-08,1.5198039359893682e-07,2.3629927934083103e-08
548.0,-1.0646410711356857e-08,-1.7106276574425948e-08,-1.5290603788686852e-07,-2.8395613600354514e-08,1.5327622934850455e-07,2.4471978934602034e-08
549.0,-1.1137974223474068e-08,-1.7600057638072583e-08,-1.542340637150641e-07,-2.9215811901927876e-08,1.5463570376813118e-07,2.5282303465473352e-08
550.0,-1.1430633661824174e-08,-1.807713825867868e-08,-1.554949628779223e-07,-3.000266182259902e-08,1.559145370589839e-07,2.605955572635436e-08
551.0,-1.1571226185558281e-08,-1.8536693595896778e-08,-1.566583298640012e-07,-3.075489261181408e-08,1.5708509028935738e-07,2.6802441453311776e-08
552.0,-1.1618786821543381e-08,-1.897793794404928e-08,-1.576659261481872e-07,-3.147128805266721e-08,1.5809345487834116e-07,2.7509720846156817e-08
553.0,-1.1670109115180516e-08,-1.940012650547901e-08,-1.5845418316340343e-07,-3.215068895084954e-08,1.588833522076546e-07,2.8180211343573765e-08
554.0,-1.1733307131445159e-08,-1.9802557005261007e-08,-1.5919826673593818e-07,-3.27919954587006e-08,1.5963006805726715e-07,2.881279023639611e-08
555.0,-1.18019614775422e-08,-2.018457114203897e-08,-1.5991899218747996e-07,-3.339416922709533e-08,1.603538909941903e-07,2.9406397110121863e-08
556.0,-1.1846645900370767e-08,-2.0545555870642493e-08,-1.6066269151182588e-07,-3.395623537868645e-08,1.610988623886367e-07,2.9960036108535e-08
557.0,-1.1891635273708623e-08,-2.0884944513005458e-08,-1.6135847213938348e-07,-3.447728429682848e-08,1.6179606769213863e-07,3.0472778011101465e-08
558.0,-1.1977551186981295e-08,-2.120221769474007e-08,-1.6192355084543308e-07,-3.495647322532944e-08,1.6236593870276582e-07,3.094376211762963e-08
559.0,-1.2173242872060008e-08,-2.149690410552496e-08,-1.6242424250023646e-07,-3.539302767500621e-08,1.6287977895919978e-07,3.13721979345234e-08
560.0,-1.2560052553567402e-08,-2.176858108224037e-08,-1.6296170518570463e-07,-3.5786242633857834e-08,1.6344501300798653e-07,3.1757366657808753e-08
561.0,-1.309643576918873e-08,-2.2016875014531288e-08,-1.6357306820147244e-07,-3.61354835785149e-08,1.6409651206134773e-07,3.20986224489803e-08
562.0,-1.3688966737923636e-08,-2.224146157320759e-08,-1.6424128407299676e-07,-3.644018728546987e-08,1.6481076179758045e-07,3.23953935005894e-08
563.0,-1.4281706151031415e-08,-2.2442065762609585e-08,-1.647656723835489e-07,-3.6699862441441603e-08,1.6538347537341018e-07,3.2647182889380485e-08
564.0,-1.480721903424076e-08,-2.2618461798790946e-08,-1.6508089542566218e-07,-3.691409005307944e-08,1.6574364473507392e-07,3.285356921567965e-08
565.0,-1.523056974983561e-08,-2.277047281611105e-08,-1.6523291751502356e-07,-3.708252365707186e-08,1.6593338207073097e-07,3.3014207028654036e-08
566.0,-1.555796368124529e-08,-2.289797040559224e-08,-1.6532900173893417e-07,-3.720488933259081e-08,1.6605941421641666e-07,3.312882703799202e-08
567.0,-1.584486911121452e-08,-2.3000873989185826e-08,-1.6546349879131839e-07,-3.7280985518870883e-08,1.6622042386366406e-07,3.319723611349737e-08
568.0,-1.6118765405748192e-08,-2.3079150034900116e-08,-1.6554787393707748e-07,-3.731068264158032e-08,1.6633073427148708e-07,3.3219317075034036e-08
569.0,-1.6266204674875162e-08,-2.3132811118568028e-08,-1.6558758156315356e-07,-3.729392255248177e-08,1.6638460440334905e-07,3.319502827619308e-08
570.0,-1.6245691014660224e-08,-2.3161914838864037e-08,-1.6540959751898399e-07,-3.7230717787697426e-08,1.6620546750313627e-07,3.312440298597331e-08
571.0,-1.594141121885606e-08,-2.3166562593013528e-08,-1.6503301744630328e-07,-3.712115065068413e-08,1.6580116235744703e-07,3.300754857366815e-08
572.0,-1.5254490046134883e-08,-2.3146898221463917e-08,-1.6467944594089623e-07,-3.69653721267866e-08,1.6538445931213788e-07,3.284464550303112e-08
573.0,-1.43231836391422e-08,-2.310310653059351e-08,-1.642404751922566e-07,-3.6763600636963584e-08,1.648638446747462e-07,3.263594614264085e-08
574.0,-1.3286138619839072e-08,-2.3035411703301567e-08,-1.6369138280958317e-07,-3.6516120638964677e-08,1.6422968758887378e-07,3.238177340019438e-08
575.0,-1.221680612228937e-08,-2.294407560802647e-08,-1.6297571650558673e-07,-3.622328108486427e-08,1.634329664490582e-07,3.2082519189211847e-08
576.0,-1.1200089494733945e-08,-2.282939601735261e-08,-1.6210639935954063e-07,-3.5885493744427805e-08,1.6249285128277159e-07,3.1738642737327115e-08
577.0,-1.023929302457205e-08,-2.2691704747868786e-08,-1.6113984982468743e-07,-3.550323140428704e-08,1.6146483927829571e-07,3.135066874595946e-08
578.0,-9.203891745968029e-09,-2.2531365733319157e-08,-1.6033721242370014e-07,-3.507702595332804e-08,1.606011622345064e-07,3.09191854117016e-08
579.0,-8.055201380918753e-09,-2.2348773043337654e-08,-1.5968129485344207e-07,-3.460746636503899e-08,1.598843400566768e-07,3.044484232021086e-08
580.0,-6.878440469981761e-09,-2.2144348860178328e-08,-1.5901308070276343e-07,-3.409519658781965e-08,1.5916178177528246e-07,2.9928348223747254e-08
581.0,-5.7367344763470385e-09,-2.191854142584898e-08,-1.5827349009178704e-07,-3.354091335442109e-08,1.5837742196502353e-07,2.9370468713766337e-08
582.0,-4.779939305477043e-09,-2.1671822971922625e-08,-1.574807403925682e-07,-3.2945363921770146e-08,1.575532653243198e-07,2.877202380015311e-08
583.0,-4.148048390884007e-09,-2.140468764404021e-08,-1.5661938435052036e-07,-3.230934375244801e-08,1.5667430504007076e-07,2.8133885408785855e-08
584.0,-3.811789342500482e-09,-2.1117649432731433e-08,-1.557442795008246e-07,-3.163369414904264e-08,1.557909186545306e-07,2.745697480915279e-08
585.0,-3.6393125596445586e-09,-2.081124012168023e-08,-1.5482342918815561e-07,-3.091929985248331e-08,1.5486619651004097e-07,2.674225998371271e-08
586.0,-3.5247940122218324e-09,-2.0486007263967423e-08,-1.5383233850640998e-07,-3.0167086615291644e-08,1.5387271539548298e-07,2.5990752950594376e-08
587.0,-3.4126832332281865e-09,-2.0142512196162117e-08,-1.5276040471468022e-07,-2.9378018760447846e-08,1.527985198077627e-07,2.5203507051069228e-08
588.0,-3.2544971856340865e-09,-1.9781328099432045e-08,-1.517917005977587e-07,-2.855309673627308e-08,1.5182658569002637e-07,2.438161421300821e-08
589.0,-3.0855976523858075e-09,-1.940303811612239e-08,-1.5098058409046544e-07,-2.7693354677368743e-08,1.5101211105461217e-07,2.352620220124719e-08
590.0,-3.0146379698114956e-09,-1.9008233529525888e-08,-1.502991429924716e-07,-2.679985798123312e-08,1.5032937313233384e-07,2.26384318654376e-08
591.0,-3.044404062180206e-09,-1.8597512013842102e-08,-1.497530908722844e-07,-2.5873700909700363e-08,1.4978403326755653e-07,2.1719494395554976e-08
592.0,-3.15566389685884e-09,-1.8171475960605458e-08,-1.4924820765371827e-07,-2.491600422382641e-08,1.492815651796207e-07,2.0770608594788473e-08
593.0,-3.269256865223724e-09,-1.7730730887156602e-08,-1.4855910310251907e-07,-2.3927912860297502e-08,1.4859507109953448e-07,1.9793018179054238e-08
594.0,-3.2373578540134673e-09,-1.727588393204833e-08,-1.4770478282133404e-07,-2.291059365687479e-08,1.4774025637642705e-07,1.8787989111880998e-08
595.0,-3.0005126022691897e-09,-1.6807542441625952e-08,-1.4673692641520297e-07,-2.1865233133825898e-08,1.4676760081726849e-07,1.7756806982919077e-08
596.0,-2.580458680068176e-09,-1.6326312651408594e-08,-1.4567800005194087e-07,-2.0793035337735522e-08,1.4570085266096703e-07,1.6700774437828868e-08
597.0,-2.0403483069753037e-09,-1.583279846532307e-08,-1.4456765529136106e-07,-1.9695219753529284e-08,1.4458205275087075e-07,1.5621208666807998e-08
598.0,-1.4404383658073172e-09,-1.532760033529856e-08,-1.4331303838099885e-07,-1.857301928998071e-08,1.4332027711625224e-07,1.4519438958510518e-08
599.0,-7.970592796890941e-10,-1.4811314243205968e-08,-1.420147195396737e-07,-1.7427678343392827e-08,1.42016956274339e-07,1.3396804325587388e-08
600.0,-1.381245950948795e-10,-1.4284530786608503e-08,-1.4077393981071218e-07,-1.6260450943546733e-08,1.4077400757325119e-07,1.2254651207529224e-08
601.0,5.43525738305739e-10,-1.3747834369269448e-08,-1.3965039796781653e-07,-1.507259898538527e-08,1.396514556773317e-07,1.1094331255913978e-08
602.0,1.3755332012310717e-09,-1.3201802496833291e-08,-1.387493620830238e-07,-1.3865390549247661e-08,1.3875618029491058e-07,9.917199206551202e-09
603.0,2.3658116854452516e-09,-1.2647005177553876e-08,-1.379691401681704e-07,-1.2640098311792958e-08,1.3798942243402297e-07,8.724610842372905e-09
604.0,3.3920928982356102e-09,-1.2084004427384862e-08,-1.372290825418787e-07,-1.1397998049054866e-08,1.3727099981247322e-07,7.517921050256896e-09
605.0,4.335562325818998e-09,-1.151335387816921e-08,-1.3642891605325502e-07,-1.0140367232372044e-08,1.3649778839287898e-07,6.298481974296552e-09
606.0,5.073485603857009e-09,-1.0935598487058732e-08,-1.355352926835085e-07,-8.868483717252887e-09,1.3563021720463643e-07,5.067641267367359e-09
607.0,5.535147701296594e-09,-1.035127434465725e-08,-1.3458081063455474e-07,-7.583624524575562e-09,1.3469458953918324e-07,3.826740442199542e-09
608.0,5.760251123310134e-09,-9.760908578712847e-09,-1.336178263866561e-07,-6.287064712900418e-09,1.337419306773241e-07,2.577113322555333e-09
609.0,5.812389944348517e-09,-9.165019349496267e-09,-1.3262842399330843e-07,-4.980076340084571e-09,1.327557257816549e-07,1.3200845945306676e-09
610.0,5.765490918019367e-09,-8.564115932313134e-09,-1.31576684936352e-07,-3.663927511835616e-09,1.3170294189715657e-07,5.696845745220743e-11
611.0,5.707922592912418e-09,-7.958698881930647e-09,-1.3052543851310716e-07,-2.3398815143207977e-09,1.3065018361780285e-07,-1.2109326266817153e-09
612.0,5.674654315890315e-09,-7.349260273077981e-09,-1.295576131932208e-07,-1.0091960274578342e-09,1.2968182925116792e-07,-2.48232908676573e-09
613.0,5.634914673757763e-09,-6.736284010622854e-09,-1.2872321050738655e-07,3.268775849467762e-10,1.2884648690092206e-07,-3.75594530118296e-09
614.0,5.508519099195475e-09,-6.120246202546729e-09,-1.280214633470056e-07,1.6670949124759663e-09,1.2813991907354592e-07,-5.030520563910053e-09
615.0,5.266597200015433e-09,-5.501615588445337e-09,-1.2737033908138962e-07,3.0102190674560922e-09,1.2747917603975708e-07,-6.304809961037649e-09
616.0,4.983279122683371e-09,-4.880854015973602e-09,-1.266632903562659e-07,4.355021191398652e-09,1.2676128034494717e-07,-7.577585161006096e-09
617.0,4.7721972623593345e-09,-4.258416957439425e-09,-1.258566493800295e-07,5.700280903841609e-09,1.259470923041836e-07,-8.847635122206627e-09
618.0,4.7610817094367874e-09,-3.6347540586352504e-09,-1.2498968721130765e-07,7.0447866991399516e-09,1.2508033341906497e-07,-1.011376672189664e-08
619.0,5.0083388686283925e-09,-3.010309711985056e-09,-1.2412059438582368e-07,8.387336296926666e-09,1.2422159799693923e-07,-1.1374805310619965e-08
620.0,5.4432398588488695e-09,-2.385523646177229e-09,-1.2316902370246297e-07,9.72673695207106e-09,1.2328924227189833e-07,-1.262959519651032e-08
621.0,6.024065010712398e-09,-1.7608315246432425e-09,-1.2209962801934537e-07,1.1061805730006395e-08,1.2224814322400073e-07,-1.3877000063992839e-08
622.0,6.708532632182518e-09,-1.1366655455119213e-09,-1.209340864949393e-07,1.2391369753288701e-08,1.2112001356688546e-07,-1.51159033314902e-08
623.0,7.431190898743445e-09,-5.134550360002226e-10,-1.1967874913310084e-07,1.3714266425190226e-08,1.1990923897780875e-07,-1.634520845279227e-08
624.0,8.182022684377621e-09,1.0837296542602819e-10,-1.1847265396491835e-07,1.5029343636032526e-08,1.1875485351217842e-07,-1.756383916676889e-08
625.0,9.000888340215951e-09,7.283931453901824e-10,-1.173763678197215e-07,1.633545995783477e-08,1.1772097397432451e-07,-1.877073970010254e-08
626.0,9.960193989022592e-09,1.3461813762994176e-09,-1.1638518859768965e-07,1.7631484832701417e-08,1.1681060563672611e-07,-1.996487492769953e-08
627.0,1.106714524190533e-08,1.961314206838645e-09,-1.1550196435394788e-07,1.8916298760204494e-08,1.1603096773459263e-07,-2.1145230495408106e-08
628.0,1.2214607145177858e-08,2.5733683872958385e-09,-1.1457504975331823e-07,2.0188793488828848e-08,1.15224297149891e-07,-2.2310812909628646e-08
629.0,1.3301119247688398e-08,3.1819204343544257e-09,-1.1361981250290754e-07,2.1447872216339137e-08,1.1439572354960254e-07,-2.346064959833836e-08
630.0,1.425517449915592e-08,3.78654623961723e-09,-1.1262781493548424e-07,2.269244980368902e-08,1.1352636124329481e-07,-2.4593788947962796e-08
631.0,1.5027641728226904e-08,4.3868207257897525e-09,-1.1162512866813579e-07,2.3921453006822372e-08,1.126321417983775e-07,-2.5709300320404233e-08
632.0,1.5573248482447788e-08,4.982317554152511e-09,-1.1059382667988338e-07,2.513382073041378e-08,1.1168491647485862e-07,-2.680627405438118e-08
633.0,1.5897008862064688e-08,5.572608886689081e-09,-1.0947571094099828e-07,2.6328504307264597e-08,1.1062389514385024e-07,-2.788382145504699e-08
634.0,1.608640379235915e-08,6.157265205997796e-09,-1.0829579599747063e-07,2.7504467806716752e-08,1.0948402539958331e-07,-2.8941074775644125e-08
635.0,1.62264488789976e-08,6.735855195884778e-09,-1.0717209175670206e-07,2.8660688375075024e-08,1.0839351869336878e-07,-2.997718719472161e-08
636.0,1.6374521641382422e-08,7.307945685295929e-09,-1.0614597698022088e-07,2.97961566106468e-08,1.074015520747707e-07,-3.0991332792204573e-08
637.0,1.6509468542258432e-08,7.873101657978976e-09,-1.0531293090365601e-07,3.0909876975622816e-08,1.0659913680263103e-07,-3.198270652736574e-08
638.0,1.6554755608022553e-08,8.430886329961717e-09,-1.0462579294601149e-07,3.2000868246637274e-08,1.059274113854531e-07,-3.2950524221514265e-08
639.0,1.6500561972332406e-08,8.98086129658209e-09,-1.0398625591157007e-07,3.306816400545992e-08,1.0528727351351313e-07,-3.3894022547987495e-08
640.0,1.637555512024047e-08,9.522586750406465e-09,-1.0337829084439143e-07,3.4110813170880404e-08,1.046672337620691e-07,-3.481245903180039e-08
641.0,1.620649416056441e-08,1.0055621770921466e-08,-1.0271819997353937e-07,3.512788057243698e-08,1.0398884103008568e-07,-3.5705112061067446e-08
642.0,1.610718623756835e-08,1.0579524686377303e-08,-1.0212807485809883e-07,3.6118447566210496e-08,1.0339044986222446e-07,-3.657128091205547e-08
643.0,1.6122358739711906e-08,1.109385350759243e-08,-1.016108446827424e-07,3.708161269244585e-08,1.0288194306326239e-07,-3.7410285789449494e-08
644.0,1.62356918326223e-08,1.1598166432897361e-08,-1.0095211230853884e-07,3.801649237427695e-08,1.0224933578678993e-07,-3.822146788311908e-08
645.0,1.6516224138340974e-08,1.2092022422701375e-08,-1.0011144535582162e-07,3.892222165631937e-08,1.0146470889437161e-07,-3.900418944235879e-08
646.0,1.6958272008871234e-08,1.2574981841416574e-08,-9.905151618361252e-08,3.9797954981360205e-08,1.0049271539668593e-07,-3.975783386824762e-08
647.0,1.755450307339146e-08,1.3046607163681242e-08,-9.770422748633933e-08,4.064286700282547e-08,9.926870930386905e-08,-4.04818058244329e-08
648.0,1.8404584731235296e-08,1.3506463741004532e-08,-9.617575666420741e-08,4.145615343015459e-08,9.792091150036369e-08,-4.117553136630535e-08
649.0,1.963199938725957e-08,1.3954120624125216e-08,-9.458948807550271e-08,4.2237031903680925e-08,9.66053137996406e-08,-4.183845808821161e-08
650.0,2.1301063454770564e-08,1.4389151435560371e-08,-9.302905307206899e-08,4.298474289513174e-08,9.543657590143305e-08,-4.247005528806894e-08
651.0,2.3365393009289193e-08,1.4811135286040723e-08,-9.154299010494249e-08,4.3698550629445385e-08,9.447783140944832e-08,-4.306981414852402e-08
652.0,2.5738895848004262e-08,1.5219657727820078e-08,-9.021124294794625e-08,4.437774402327878e-08,9.381129523510371e-08,-4.363724793364569e-08
653.0,2.8252512301873978e-08,1.5614311737244772e-08,-8.911953633394809e-08,4.5021637635355494e-08,9.34906209613854e-08,-4.417189220006304e-08
654.0,3.0729634906134784e-08,1.599469871851621e-08,-8.828246092495995e-08,4.562957262368827e-08,9.347782286955242e-08,-4.467330502144608e-08
655.0,3.306305974837276e-08,1.6360429520313238e-08,-8.78089704003937e-08,4.620091770469439e-08,9.382740112942319e-08,-4.514106722525931e-08
656.0,3.5166114950579974e-08,1.6711125456890065e-08,-8.763969960856599e-08,4.6735070109295405e-08,9.443184096583677e-08,-4.557478264077358e-08
657.0,3.686541716341196e-08,1.7046419325444895e-08,-8.757998393171817e-08,4.723145653123617e-08,9.502269501604553e-08,-4.597407835737108e-08
658.0,3.805220906427653e-08,1.7365956411965244e-08,-8.756815642052551e-08,4.7689534063047285e-08,9.547854540974654e-08,-4.633860499219284e-08
659.0,3.858178838911375e-08,1.7669395478384046e-08,-8.748914137601815e-08,4.8108791115285936e-08,9.561853509657656e-08,-4.6668036966133915e-08
660.0,3.837631923353513e-08,1.795640972469857e-08,-8.731561160213452e-08,4.848874831490182e-08,9.537692544514636e-08,-4.6962072787074314e-08
661.0,3.742951809604378e-08,1.8226687720670237e-08,-8.708748977515057e-08,4.882895937877592e-08,9.479029328068895e-08,-4.7220435339045946e-08
662.0,3.578497215217524e-08,1.8479934302783395e-08,-8.679585880577712e-08,4.9129011958667624e-08,9.388336028159812e-08,-4.744287217579303e-08
663.0,3.3535683799379434e-08,1.871587143322902e-08,-8.650617591698939e-08,4.938852845398498e-08,9.277909548854783e-08,-4.76291558169163e-08
664.0,3.096538168934071e-08,1.893423901872369e-08,-8.634521747596935e-08,4.960716678897278e-08,9.172977403296598e-08,-4.777908404453551e-08
665.0,2.841953417043186e-08,1.9134795687901357e-08,-8.643132740071557e-08,4.978462115110249e-08,9.098375832374716e-08,-4.7892480198197104e-08
666.0,2.617497216195197e-08,1.9317319526760247e-08,-8.682395857828595e-08,4.9920622687651826e-08,9.068367521711322e-08,-4.796919346562404e-08
667.0,2.4356257011248772e-08,1.9481608772157878e-08,-8.744161761331526e-08,5.001494015768016e-08,9.077039025161922e-08,-4.800909916686857e-08
668.0,2.3001552745816056e-08,1.9627482463596818e-08,-8.813697754961325e-08,5.006738053682924e-08,9.108895783957344e-08,-4.801209902948499e-08
669.0,2.2212734263060696e-08,1.9754781053530156e-08,-8.882878946292472e-08,5.0077789572591006e-08,9.156396344026374e-08,-4.7978121452469354e-08
670.0,2.2037877162039976e-08,1.986336697616172e-08,-8.941559381803188e-08,5.0046052287867813e-08,9.209134838648212e-08,-4.790712175688927e-08
671.0,2.2434325688824863e-08,1.995312517426211e-08,-8.977318344260965e-08,4.997209343079069e-08,9.253390424343237e-08,-4.779908242131896e-08
672.0,2.3382423192108703e-08,2.0023963582919362e-08,-8.988487473771123e-08,4.9855877868853234e-08,9.287641477226014e-08,-4.7654013300382856e-08
673.0,2.4868589104665162e-08,2.0075813568452318e-08,-8.976879928290771e-08,4.969741092546654e-08,9.314979360552358e-08,-4.747195182487983e-08
674.0,2.6867562619159457e-08,2.0108630319998168e-08,-8.947008853232852e-08,4.949673865705979e-08,9.34171433039844e-08,-4.7252963182110414e-08
675.0,2.9327868800166357e-08,2.0122393190607248e-08,-8.914318874730931e-08,4.92539480688629e-08,9.384365715592175e-08,-4.6997140475162937e-08
676.0,3.2046069187163795e-08,2.0117105984099674e-08,-8.89251285662862e-08,4.896916726753803e-08,9.452316668880184e-08,-4.6704604860041884e-08
677.0,3.4658510089657923e-08,2.0092797183518865e-08,-8.881365451407497e-08,4.8642565548899026e-08,9.533665375803993e-08,-4.6375505659648066e-08
678.0,3.692102067132108e-08,2.004952011680807e-08,-8.892646682912009e-08,4.827435341909019e-08,9.628643866154109e-08,-4.601002045374439e-08
679.0,3.8725481807388995e-08,1.9987353055377392e-08,-8.929012959568716e-08,4.7864782547795095e-08,9.732620502428431e-08,-4.5608355144156945e-08
680.0,3.9995270095793956e-08,1.990639924153997e-08,-8.985525681848294e-08,4.7414145652312375e-08,9.835440411059911e-08,-4.517074399455545e-08
681.0,4.062804026538913e-08,1.980678684137325e-08,-9.057669481116193e-08,4.692277631165792e-08,9.927122089870985e-08,-4.469744964421915e-08
682.0,4.055679252157329e-08,1.9688668820377888e-08,-9.136325118674904e-08,4.6391048710217125e-08,9.996047762516415e-08,-4.418876309521473e-08
683.0,3.9831195661199637e-08,1.9552222740319468e-08,-9.223467553609588e-08,4.5819377310859853e-08,1.0046770386074149e-07,-4.3645003672390704e-08
684.0,3.849717748749537e-08,1.9397650476790294e-08,-9.318753946274683e-08,4.520821645782835e-08,1.0082633676587044e-07,-4.306651895553327e-08
685.0,3.657229961928632e-08,1.922517785825633e-08,-9.420414157079726e-08,4.455805991010243e-08,1.0105421014749293e-07,-4.245368468294585e-08
686.0,3.4111093588640173e-08,1.903505422858902e-08,-9.5324265370067e-08,4.386944030632807e-08,1.0124367769967625e-07,-4.1806904625627734e-08
687.0,3.121117124471606e-08,1.8827551936255157e-08,-9.651618712580579e-08,4.3142928562759275e-08,1.0143722979148509e-07,-4.112661043115684e-08
688.0,2.8121016265592047e-08,1.860296575438466e-08,-9.786776081210924e-08,4.237913320600273e-08,1.0182774750619753e-07,-4.0413261436346925e-08
689.0,2.5134168413210034e-08,1.8361612236795546e-08,-9.941876141783546e-08,4.1578699642665494e-08,1.0254665544853276e-07,-3.9667344447763716e-08
690.0,2.2460689405590095e-08,1.8103829015677464e-08,-1.0117120727293205e-07,4.0742309368280473e-08,1.0363443322389025e-07,-3.888937348925433e-08
691.0,2.0190389193874836e-08,1.782997404698373e-08,-1.0307677181242703e-07,3.987067911811459e-08,1.050355782726562e-07,-3.807988951576719e-08
692.0,1.8369068835455415e-08,1.754042480964136e-08,-1.0492994040323111e-07,3.896455996263811e-08,1.065256545762913e-07,-3.7239460092899207e-08
693.0,1.710377736663382e-08,1.7235577464466193e-08,-1.0660391266958946e-07,3.802473635053767e-08,1.0796727928716566e-07,-3.6368679041782573e-08
694.0,1.6433307756247295e-08,1.691584597819209e-08,-1.0798733948713668e-07,3.705202510217903e-08,1.0923057764802696e-07,-3.5468166049087614e-08
695.0,1.6375525990763862e-08,1.6581661217330857e-08,-1.0900635316613005e-07,3.604727435636495e-08,1.1022950096073762e-07,-3.453856624205218e-08
696.0,1.6986746551039822e-08,1.6233470015724738e-08,-1.0974228323301638e-07,3.501136247309585e-08,1.1104917058485783e-07,-3.3580549728543646e-08
697.0,1.822996961720058e-08,1.587173421869528e-08,-1.102396496588387e-07,3.394519689484678e-08,1.1173679854527582e-07,-3.25948111022217e-08
698.0,2.001285626107574e-08,1.5496929705696236e-08,-1.1051817389029495e-07,3.284971296865233e-08,1.1231554289488143e-07,-3.158206891291499e-08
699.0,2.226938571048276e-08,1.51095453924125e-08,-1.1075235389901295e-07,3.172587273107466e-08,1.129690640577962e-07,-3.0543065102371954e-08
700.0,2.47777475065325e-08,1.4710082212380631e-08,-1.1105648028975068e-07,3.057466365795171e-08,1.1378698777033013e-07,-2.9478564405617654e-08
701.0,2.725435502282103e-08,1.4299052077504826e-08,-1.1156004123269447e-07,2.9397097380710657e-08,1.1484094508297318e-07,-2.8389353718258006e-08
702.0,2.9553902464174442e-08,1.3876976816362359e-08,-1.12367344068387e-07,2.8194208371004376e-08,1.161888685023019e-07,-2.727624143022852e-08
703.0,3.155797301257479e-08,1.3444387088977807e-08,-1.1348647277475976e-07,2.6967052595494896e-08,1.177925513923469e-07,-2.614005672668398e-08
704.0,3.313216420663956e-08,1.3001821276820314e-08,-1.1484600492828179e-07,2.5716706142763516e-08,1.1952968314608155e-07,-2.4981648856955484e-08
705.0,3.413133789487155e-08,1.2549824347147272e-08,-1.1637013899723492e-07,2.4444263824557022e-08,1.2127224528609037e-07,-2.3801886372743754e-08
706.0,3.440311754920877e-08,1.2088946691465974e-08,-1.1796720106316272e-07,2.315083775386144e-08,1.2288138599389795e-07,-2.2601656336950572e-08
707.0,3.385680637235655e-08,1.1619742938780222e-08,-1.1955809797736805e-07,2.1837555902604483e-08,1.2425949512894853e-07,-2.1381863504755462e-08
708.0,3.2471049085658343e-08,1.1142770745384191e-08,-1.2114621966707873e-07,2.0505560642103745e-08,1.2542238862478791e-07,-2.0143429478713076e-08
709.0,3.030953250882096e-08,1.0658589564199297e-08,-1.2276061009397488e-07,1.9156007269685647e-08,1.264469657664754e-07,-1.888729183977831e-08
710.0,2.7493510634801765e-08,1.0167759397947214e-08,-1.2442840044424308e-07,1.779006252519015e-08,1.2742966673478695e-07,-1.7614403256272933e-08
711.0,2.420688921533909e-08,9.670839541731913e-09,-1.2619448910844433e-07,1.6408903101346612e-08,1.2849522390666889e-07,-1.63257305729067e-08
712.0,2.0708821324433302e-08,9.168387321782164e-09,-1.2817448705182422e-07,1.5013714152253596e-08,1.298366451031663e-07,-1.502225388207554e-08
713.0,1.7246705522055983e-08,8.660956838106072e-09,-1.3039157120697809e-07,1.36056878044177e-08,1.3152722415222238e-07,-1.370496557979164e-08
714.0,1.3986256208742276e-08,8.149097719566164e-09,-1.3281296010192456e-07,1.2186021674997059e-08,1.3354736138828047e-07,-1.2374869408758564e-08
715.0,1.1067917055074261e-08,7.633353900351603e-09,-1.3534710430196384e-07,1.075591740204182e-08,1.3579888597063188e-07,-1.103297949127844e-08
716.0,8.604646800636218e-09,7.114262426979485e-09,-1.3787182553959276e-07,9.316579191610807e-09,1.381400746495513e-07,-9.680319354848913e-09
717.0,6.662620039010747e-09,6.592352304798304e-09,-1.402990904841861e-07,7.869212386652664e-09,1.404572009420452e-07,-8.31792095344698e-09
718.0,5.2788920734681e-09,6.068143392511994e-09,-1.4254589442153076e-07,6.4150220624562526e-09,1.4264360735047862e-07,-6.946823687579619e-09
719.0,4.451185503517863e-09,5.542145352526381e-09,-1.444911241488267e-07,4.955211653290423e-09,1.445596693762765e-07,-5.5680734261879915e-09
720.0,4.188290242401749e-09,5.014856663987516e-09,-1.4607873774497016e-07,3.4909816145694584e-09,1.4613876760229766e-07,-4.182721533413563e-09
721.0,4.559340419096891e-09,4.486763704287553e-09,-1.4743217421897548e-07,2.0235281245084076e-09,1.4750265617944495e-07,-2.7918239030749095e-09
722.0,5.4633437357454184e-09,3.958339903617796e-09,-1.4849550089568453e-07,5.540418287933147e-10,1.485959686903893e-07,-1.3964400034773178e-09
723.0,6.797980955930427e-09,3.4300449759125343e-09,-1.4940818920949894e-07,-9.162933686876212e-10,1.4956276123400046e-07,2.3680650932102544e-12
724.0,8.4016399115594e-09,2.9023242283144305e-09,-1.5035103520522064e-07,-2.3863014664942064e-09,1.5058559473098682e-07,1.4035364981263069e-09
725.0,1.0022268945308888e-08,2.3756079501636453e-09,-1.5132995528910342e-07,-3.854815475576074e-09,1.5166146920893963e-07,2.8060006981056446e-09
726.0,1.1524760520909005e-08,1.8503108815232707e-09,-1.5246172066496477e-07,-5.320678476841861e-09,1.5289668529168987e-07,4.208696167646793e-09
727.0,1.2820246891864784e-08,1.3268317604455323e-09,-1.537935420681258e-07,-6.78274462505903e-09,1.5432696560299742e-07,5.61055938321495e-09
728.0,1.382960321261173e-08,8.055529475830219e-10,-1.5516134871385034e-07,-8.239880098092868e-09,1.557764489893108e-07,7.010528648240582e-09
729.0,1.4513227883372615e-08,2.8684012636594977e-10,-1.5663386609965357e-07,-9.690963990740974e-09,1.5730480537135192e-07,8.407544924569448e-09
730.0,1.4784537483159e-08,-2.2895792320680185e-10,-1.582804546595984e-07,-1.1134889152619106e-08,1.5896944635948166e-07,9.800552641272578e-09
731.0,1.4495943945203038e-08,-7.415094790972887e-10,-1.599008315478212e-07,-1.2570562969718609e-08,1.6055655801164634e-07,1.1188500479913988e-08
732.0,1.3653495792298465e-08,-1.250499961833519e-09,-1.615275556920981e-07,-1.3996908089395966e-08,1.6210357551643999e-07,1.2570342135438658e-08
733.0,1.2276839697622499e-08,-1.75563195064055e-09,-1.6322179047234542e-07,-1.541286308868286e-08,1.6368284478820422e-07,1.3945037051909106e-08
734.0,1.0402246439222829e-08,-2.256625132165837e-09,-1.6482078307733516e-07,-1.681738308592851e-08,1.6514871257508577e-07,1.531155113238971e-08
735.0,8.240109539148222e-09,-2.753216182458784e-09,-1.664393876610326e-07,-1.820944029591157e-08,1.6664323919738436e-07,1.6668857422355915e-08
736.0,5.945029107889965e-09,-3.2451585824857653e-09,-1.6818971254606296e-07,-1.9588024528689048e-08,1.6829474970248164e-07,1.801593676608896e-08
737.0,3.628680217415692e-09,-3.7322223671659446e-09,-1.7005163044370164e-07,-2.0952143632586976e-08,1.7009034169135396e-07,1.935177843560478e-08
738.0,1.4439295453749779e-09,-4.214193807744269e-09,-1.719548110290514e-07,-2.230082388188368e-08,1.7196087336533503e-07,2.067538073175843e-08
739.0,-5.867313995766565e-10,-4.690875027308227e-09,-1.7383315348284967e-07,-2.363311030989628e-08,1.7383414366437687e-07,2.1985751557267187e-08
740.0,-2.2898356266676245e-09,-5.162083549421315e-09,-1.75611524239061e-07,-2.4948066988361666e-08,1.7562645242890796e-07,2.3281908961516107e-08
741.0,-3.5878805204614395e-09,-5.627651780191715e-09,-1.7732119386715262e-07,-2.624477725421254e-08,1.7735748837052645e-07,2.4562881657158195e-08
742.0,-4.460015357032887e-09,-6.08742642460977e-09,-1.7896737852796107e-07,-2.752234388509117e-08,1.790229435411994e-07,2.5827709508705844e-08
743.0,-4.867406311337419e-09,-6.541267838651266e-09,-1.8046373326252585e-07,-2.8779889225218382e-08,1.8052936234099906e-07,2.7075443993531347e-08
744.0,-4.790816438005052e-09,-6.989049319423711e-09,-1.8172796001358904e-07,-3.0016555263538536e-08,1.8179109816721852e-07,2.830514863595089e-08
745.0,-4.314135423899579e-09,-7.430656336490161e-09,-1.827145341970482e-07,-3.123150366638559e-08,1.8276545836481257e-07,2.951589941535064e-08
746.0,-3.4843523621930217e-09,-7.86598570839418e-09,-1.834736903238987e-07,-3.2423915767249864e-08,1.835067730424515e-07,3.070678514961501e-08
747.0,-2.3522588182833815e-09,-8.294944729282491e-09,-1.8412265626044366e-07,-3.359299251655558e-08,1.8413768128753464e-07,3.1876907855420157e-08
748.0,-1.035081895195411e-09,-8.717450251331887e-09,-1.8477186289334036e-07,-3.4737954394665646e-08,1.8477476210674748e-07,3.302538308723994e-08
749.0,3.3489236384021126e-10,-9.133427729390391e-09,-1.8553741609750318e-07,-3.585804129159301e-08,1.8553771833520372e-07,3.4151340257155194e-08
750.0,1.5827485294606092e-09,-9.54281023480262e-09,-1.8630537942931902e-07,-3.695251235709997e-08,1.863121023906124e-07,3.525392293774413e-08
751.0,2.6115838519524814e-09,-9.945537445777236e-09,-1.8700995912945828e-07,-3.802064582499949e-08,1.8702819355331814e-07,3.633228915045051e-08
752.0,3.4303661022860865e-09,-1.0341554621853122e-08,-1.878480741235311e-07,-3.906173881553422e-08,1.8787939313164536e-07,3.7385611641878364e-08
753.0,4.0108219523382616e-09,-1.0730811570026189e-08,-1.8885316918626494e-07,-4.0075107119702846e-08,1.888957548607945e-07,3.841307815044857e-08
754.0,4.344255954968901e-09,-1.1113261609918416e-08,-1.900022481571284e-07,-4.1060084969335775e-08,1.9005190571148e-07,3.941389166578188e-08
755.0,4.353130425571727e-09,-1.1488860545022719e-08,-1.9130097617114927e-07,-4.201602479660064e-08,1.9135049837545933e-07,4.0387270683051825e-08
756.0,3.915676921595335e-09,-1.1857565646564701e-08,-1.925258806823038e-07,-4.294229698645473e-08,1.9256569595400681e-07,4.133244945439267e-08
757.0,3.034656831379934e-09,-1.2219334655913207e-08,-1.9366937531462014e-07,-4.383828962537179e-08,1.9369314927699285e-07,4.2248678239264924e-08
758.0,1.753334047394084e-09,-1.2574124810778422e-08,-1.9476497947756855e-07,-4.470340824946919e-08,1.9477287134295538e-07,4.3135223555491364e-08
759.0,1.6287213244758902e-10,-1.2921891899697045e-08,-1.9584212393453093e-07,-4.553707559496014e-08,1.958421916608362e-07,4.3991368432487014e-08
760.0,-1.588011236397513e-09,-1.3262589348561363e-08,-1.9700195241778573e-07,-4.6338731353657775e-08,1.970083527064435e-07,4.4816412668023434e-08
761.0,-3.369016995935503e-09,-1.3596167342246976e-08,-1.9828826275380962e-07,-4.7107831936065616e-08,1.9831688133248453e-07,4.5609673089690024e-08
762.0,-5.073382880471655e-09,-1.3922571983771907e-08,-1.9957339328358081e-07,-4.7843850244403376e-08,1.9963786845329392e-07,4.637048382204433e-08
763.0,-6.6398361253661164e-09,-1.4241744492908982e-08,-2.0076322010398329e-07,-4.8546275457741596e-08,2.008729896484148e-07,4.7098196560285175e-08
764.0,-8.015337060740535e-09,-1.4553620445793247e-08,-2.0186095572860552e-07,-4.921461283126183e-08,2.020200264227864e-07,4.779218085114399e-08
765.0,-9.205028794756487e-09,-1.4858129056823766e-08,-2.0297200875596388e-07,-4.9848383511528025e-08,2.0318063119683278e-07,4.84518243815807e-08
766.0,-1.0195831498527319e-08,-1.515519250405165e-08,-2.0407319448190187e-07,-5.044712436955356e-08,2.043277359684546e-07,4.9076533275795976e-08
767.0,-1.091595909497034e-08,-1.5444725299262268e-08,-2.0503550141048876e-07,-5.1010387853378064e-08,2.0532587513904233e-07,4.9665732401032894e-08
768.0,-1.130418159078772e-08,-1.5726633704083165e-08,-2.0564260544420065e-07,-5.153774186182727e-08,2.059530667295748e-07,5.021886568263749e-08
769.0,-1.1335243632615288e-08,-1.6000815193659786e-08,-2.0596939320771668e-07,-5.20287696411157e-08,2.0628106720338092e-07,5.0735396428877204e-08
770.0,-1.1012607256666307e-08,-1.6267157969715138e-08,-2.0613322898599407e-07,-5.248306970595995e-08,2.0642719203337006e-07,5.121480766607122e-08
771.0,-1.0347962681178657e-08,-1.652554052511802e-08,-2.0626852856309164e-07,-5.290025578688671e-08,2.0652793081623127e-07,5.165660248465482e-08
772.0,-9.455485464049396e-09,-1.677583126239551e-08,-2.0642307288487594e-07,-5.3279956805426494e-08,2.066395199970123e-07,5.206030439686029e-08
773.0,-8.402523579698062e-09,-1.701788816890388e-08,-2.0660163183028324e-07,-5.362181687886304e-08,2.067724272659275e-07,5.242545770672961e-08
774.0,-7.310264310556036e-09,-1.7251558551583573e-08,-2.0675232417777245e-07,-5.39254953561474e-08,2.0688152048262044e-07,5.2751627893166006e-08
775.0,-6.300737515063659e-09,-1.7476678834338334e-08,-2.0684827764516633e-07,-5.419066688648014e-08,2.0694421774479601e-07,5.3038402006675636e-08
776.0,-5.38793749893518e-09,-1.7693074421072213e-08,-2.0701708797199458e-07,-5.441702152191616e-08,2.070871907745551e-07,5.328538908034813e-08
777.0,-4.621895990930547e-09,-1.790055962727748e-08,-2.0740423764542548e-07,-5.460426485515787e-08,2.0745572953242604e-07,5.349222055547776e-08
778.0,-4.04960032174273e-09,-1.809893768278731e-08,-2.0793862715029476e-07,-5.47521181934785e-08,2.0797805635190257e-07,5.365855072204149e-08
779.0,-3.753448316046182e-09,-1.8288000807894193e-08,-2.084326591600405e-07,-5.486031876946517e-08,2.08466452406105e-07,5.378405717403293e-08
780.0,-3.82172822555038e-09,-1.8467530364500766e-08,-2.087471145384434e-07,-5.4928619989003097e-08,2.0878209557995144e-07,5.386844127941551e-08
781.0,-4.255585328571954e-09,-1.8637297083332602e-08,-2.0893411423195118e-07,-5.495679171665221e-08,2.0897744877469143e-07,5.39114286642188e-08
782.0,-5.0661638495430594e-09,-1.8797061367527238e-08,-2.0906575595724952e-07,-5.494462059830635e-08,2.0912712958898143e-07,5.391276971007087e-08
783.0,-6.23642168462446e-09,-1.894657367215155e-08,-2.0919595378199318e-07,-5.489191042077755e-08,2.0928889133010924e-07,5.3872240064241644e-08
784.0,-7.606221416600611e-09,-1.9085574958427295e-08,-2.0936454545039673e-07,-5.4798482507710986e-08,2.0950266703765276e-07,5.3789641161065884e-08
785.0,-9.047294233233139e-09,-1.9213797220701317e-08,-2.095219629738576e-07,-5.4664176151005966e-08,2.097172060212544e-07,5.366480075341687e-08
786.0,-1.045762937357253e-08,-1.9330964083520927e-08,-2.095615845298937e-07,-5.448884907669339e-08,2.0982235277204093e-07,5.349757345271211e-08
787.0,-1.172263872084578e-08,-1.943679146559885e-08,-2.0959427723954427e-07,-5.4272377944001996e-08,2.099218457191781e-07,5.3287841275754156e-08
788.0,-1.2827646223012579e-08,-1.9530988306998903e-08,-2.0965885302870468e-07,-5.40146588761378e-08,2.1005090611786173e-07,5.3035514196546925e-08
789.0,-1.3744015051053715e-08,-1.9613257355554753e-08,-2.0980499051970192e-07,-5.37156080211055e-08,2.1025468364984359e-07,5.2740530701084225e-08
790.0,-1.4429609396238163e-08,-1.9683296008350084e-08,-2.1000332045550962e-07,-5.3375162140719667e-08,2.1049847559939115e-07,5.24028583429857e-08
791.0,-1.4885147503473917e-08,-1.974079720403088e-08,-2.1002644484680033e-07,-5.299327922579051e-08,2.1055325965462098e-07,5.2022494297759404e-08
792.0,-1.506984931287647e-08,-1.978545036177482e-08,-2.098220901747272e-07,-5.2569939135329915e-08,2.103625676863737e-07,5.159946591340604e-08
793.0,-1.4947578064195e-08,-1.9816942362889888e-08,-2.0945096337876556e-07,-5.210514425751382e-08,2.0998365686471458e-07,5.113383125505151e-08
794.0,-1.4525734434722715e-08,-1.9834958571232606e-08,-2.0894088195722027e-07,-5.1598920190058065e-08,2.0944519358039501e-07,5.062567964130242e-08
795.0,-1.3792700551129577e-08,-1.983918388889999e-08,-2.0840611789085806e-07,-5.105131643760995e-08,2.0886203236306822e-07,5.007513217005592e-08
796.0,-1.2847051353293004e-08,-1.9829303843931833e-08,-2.078036586972143e-07,-5.0462407123717215e-08,2.0820040176815816e-07,4.9482342231547463e-08
797.0,-1.1834724283898979e-08,-1.9805005707031126e-08,-2.0707844461398395e-07,-4.983229171489758e-08,2.074163516278857e-07,4.8847496006475554e-08
798.0,-1.0860459365158448e-08,-1.976597963454185e-08,-2.0628470115413577e-07,-4.9161095754287895e-08,2.0657039358986893e-07,4.817081294708981e-08
799.0,-9.969850486846177e-09,-1.971191983508983e-08,-2.0544741188843751e-07,-4.844897160229663e-08,2.0568917562766243e-07,4.745254623916134e-08
800.0,-9.153398733419138e-09,-1.964252575737594e-08,-2.0467983988248228e-07,-4.769609918161222e-08,2.0488441024805072e-07,4.669298324276738e-08
801.0,-8.42237246612143e-09,-1.9557503296603822e-08,-2.04049103197379e-07,-4.6902686723830925e-08,2.042228510074539e-07,4.5892445909811024e-08
802.0,-7.820549915993347e-09,-1.945656601692647e-08,-2.0350753582309977e-07,-4.606897151485838e-08,2.0365774755156942e-07,4.505129117616205e-08
803.0,-7.4068263605786555e-09,-1.933943638711483e-08,-2.0292780311681469e-07,-4.519522063611471e-08,2.0306293200520982e-07,4.416991132624959e-08
804.0,-7.213430561203715e-09,-1.9205847026396952e-08,-2.0223191443680122e-07,-4.428173169844046e-08,2.0236052183475659e-07,4.324873432787118e-08
805.0,-7.246590147391707e-09,-1.905554195710177e-08,-2.0145319196140932e-07,-4.332883356547115e-08,2.0158348548481026e-07,4.228822413491617e-08
806.0,-7.519086936413899e-09,-1.8888277860384723e-08,-2.0064270717101707e-07,-4.233688706313046e-08,2.0078354665975957e-07,4.128888095564459e-08
807.0,-8.00929880750978e-09,-1.870382533093347e-08,-1.998669343084014e-07,-4.130628567178889e-08,2.000273488731649e-07,4.025124148411896e-08
808.0,-8.65271848615734e-09,-1.8501970126175563e-08,-1.9912462245752494e-07,-4.023745619754635e-08,1.9931253047927652e-07,3.917587909235637e-08
809.0,-9.34868160662461e-09,-1.828251440516113e-08,-1.983583575171366e-07,-3.913085941902231e-08,1.9857853822777077e-07,3.806340398075229e-08
810.0,-1.0040281092638104e-08,-1.8045277951997895e-08,-1.9748171792288716e-07,-3.7986990705977085e-08,1.977367850406038e-07,3.691446328432678e-08
811.0,-1.0684013063144704e-08,-1.7790099378494897e-08,-1.9650727800524237e-07,-3.6806380606046046e-08,1.967975061939634e-07,3.572974113236246e-08
812.0,-1.1181983852748267e-08,-1.751683730054156e-08,-1.9561518260768906e-07,-3.5589595395847537e-08,1.959345207703907e-07,3.450995865904575e-08
813.0,-1.1490389847934601e-08,-1.722537148271987e-08,-1.9485594693335884e-07,-3.4337237592727006e-08,1.9519443925008079e-07,3.3255873962789085e-08
814.0,-1.1594918095103601e-08,-1.691560394572157e-08,-1.940922737808659e-07,-3.304994642342342e-08,1.9443830092617752e-07,3.196828201200259e-08
815.0,-1.1526205143108648e-08,-1.658746003131448e-08,-1.9319961788721862e-07,-3.1728398245991575e-08,1.9354313668215753e-07,3.064801449520002e-08
816.0,-1.1292527468675928e-08,-1.6240889419861755e-08,-1.9208766233180796e-07,-3.037330692139026e-08,1.9241931087271224e-07,2.9295939613469707e-08
817.0,-1.087408027511394e-08,-1.5875867095729132e-08,-1.9077441956727448e-07,-2.898542413125698e-08,1.9108407778530397e-07,2.7912961813521545e-08
818.0,-1.0207147183027843e-08,-1.549239425630123e-08,-1.8943059756915126e-07,-2.756553963853535e-08,1.8970539567714391e-07,2.6500021459734404e-08
819.0,-9.270133924377255e-09,-1.5090499160749613e-08,-1.8815390603887927e-07,-2.6114481487795957e-08,1.883821322224146e-07,2.5058094443867875e-08
820.0,-8.136184892482135e-09,-1.4670237915134502e-08,-1.8681621294369677e-07,-2.463311614228424e-08,1.8699330181380646e-07,2.3588191731355508e-08
821.0,-6.89967473432862e-09,-1.423169519085732e-08,-1.8534939372205628e-07,-2.3122348554930676e-08,1.8547777027065363e-07,2.209135884335295e-08
822.0,-5.657284279925179e-09,-1.3774984873891668e-08,-1.8383393446397278e-07,-2.158312217076405e-08,1.8392096217105904e-07,2.0568675273967032e-08
823.0,-4.5181773045133156e-09,-1.3300250642583965e-08,-1.8230565582144642e-07,-2.0016418858375744e-08,1.8236163541338046e-07,1.9021253842337456e-08
824.0,-3.5256065983313434e-09,-1.2807666472116338e-08,-1.8094445947136606e-07,-1.842325876828961e-08,1.8097880349718038e-07,1.7450239979478706e-08
825.0,-2.708389540417855e-09,-1.2297437063954058e-08,-1.7974301011469684e-07,-1.680470011629572e-08,1.7976341412811078e-07,1.5856810950012847e-08
826.0,-2.057525622101153e-09,-1.1769798198758747e-08,-1.785425885192371e-07,-1.516183889000686e-08,1.7855444359308232e-07,1.4242175009134654e-08
827.0,-1.5562420241366226e-09,-1.122501701134494e-08,-1.772096041574578e-07,-1.3495808477098862e-08,1.7721643742858778e-07,1.2607570495353624e-08
828.0,-1.2537614418883791e-09,-1.0663392186305931e-08,-1.7570434621139164e-07,-1.1807779213909045e-08,1.7570881934418017e-07,1.0954264859763291e-08
829.0,-1.1781513126196685e-09,-1.0085254072952793e-08,-1.7408836910925984e-07,-1.0098957853299075e-08,1.7409235566111833e-07,9.283553632804498e-09
830.0,-1.3131575687941321e-09,-9.490964718217494e-09,-1.725497028592926e-07,-8.370586950941648e-09,1.7255469955822893e-07,7.596759329719173e-09
831.0,-1.649593669994509e-09,-8.880917816187672e-09,-1.7098106872004415e-07,-6.623944169460452e-09,1.7098902602191916e-07,5.895230296129819e-09
832.0,-2.107905613946137e-09,-8.255538572988859e-09,-1.693676941749711e-07,-4.860341500131843e-09,1.6938081088548327e-07,4.180339495420175e-09
833.0,-2.544333577159108e-09,-7.615283485832658e-09,-1.6774680930420338e-07,-3.0811244021392416e-09,1.6776610404099105e-07,2.453483239828279e-09
834.0,-2.865381931727029e-09,-6.960640035227965e-09,-1.660036924311381e-07,-1.287670859654598e-09,1.660284202008396e-07,7.160798673920277e-10
835.0,-2.9646282651007994e-09,-6.292126289624349e-09,-1.6439755351482788e-07,5.186096426954906e-10,1.6442428233813559e-07,-1.030431632892212e-09
836.0,-2.8142491809157733e-09,-5.610290422131874e-09,-1.6292379248494804e-07,2.3362772251403524e-09,1.629480965096883e-07,-2.7845930451267894e-09
837.0,-2.3615336769422512e-09,-4.9157101394396095e-09,-1.6151037682266e-07,4.163862797735195e-09,1.6152764055326557e-07,-4.544928397015422e-09
838.0,-1.5820282306400202e-09,-4.208992023625622e-09,-1.6006697736714592e-07,5.999869323596537e-09,1.6007479519517413e-07,-6.309945473851948e-09
839.0,-5.664956143069944e-10,-3.4907707881950418e-09,-1.583523610293458e-07,7.842773158728422e-09,1.5835337432732307e-07,-8.078137372852303e-09
840.0,6.923358830679405e-10,-2.7617084503744273e-09,-1.5643969195067164e-07,9.691025466474728e-09,1.564412239360074e-07,-9.847984094503616e-09
841.0,2.207068583448546e-09,-2.0224934224012065e-09,-1.5446273302077707e-07,1.1543053704330997e-08,1.5447850026453488e-07,-1.1617954167419497e-08
842.0,3.913220802953532e-09,-1.2738395252465768e-09,-1.5245455162182786e-07,1.3397263180541984e-08,1.5250476585098986e-07,-1.3386506303011076e-08
843.0,5.844724176862215e-09,-5.164849288705565e-10,-1.5047412665891713e-07,1.5252038677611388e-08,1.5058759442420028e-07,-1.5152091076120957e-08
844.0,7.96023225113629e-09,2.488089762981452e-10,-1.484701482867834e-07,1.710574613957126e-08,1.4868338921948034e-07,-1.691315262763555e-08
845.0,1.009020388076376e-08,1.0212587714618655e-09,-1.463528966627603e-07,1.895673441961145e-08,1.4670031552773148e-07,-1.866813038499924e-08
846.0,1.2128054269200383e-08,1.800060259548771e-09,-1.4428711436753616e-07,2.080333708445963e-08,1.447959290617907e-07,-2.0415460796504635e-08
847.0,1.3992944442042798e-08,2.584389767461692e-09,-1.4242461862656874e-07,2.26438742717334e-08,1.431103577141838e-07,-2.2153579075228188e-08
848.0,1.5569358302602865e-08,3.373405494528245e-09,-1.407112802387367e-07,2.447665459636029e-08,1.4157001555548094e-07,-2.3880920948518408e-08
849.0,1.6860440876786953e-08,4.166248901234464e-09,-1.3908623655578545e-07,2.62999771020791e-08,1.4010444556048725e-07,-2.559592440902231e-08
850.0,1.787312300938204e-08,4.962046132497301e-09,-1.374732056524941e-07,2.8112133253992292e-08,1.3863019439675267e-07,-2.7297031463346917e-08
851.0,1.8571372897846494e-08,5.759909470024347e-09,-1.357301795401611e-07,2.9911408968124506e-08,1.3699480840278302e-07,-2.898268987458669e-08
852.0,1.90388450699297e-08,6.558938808696343e-09,-1.3399810991354677e-07,3.1696086673946776e-08,1.353438993157791e-07,-3.065135489509361e-08
853.0,1.9287215977104033e-08,7.358223152359893e-09,-1.3233573992188497e-07,3.346444740584293e-08,1.3373385794487585e-07,-3.230149098601987e-08
854.0,1.9282585014823717e-08,8.156842124903373e-09,-1.3071350152271677e-07,3.5214772919523444e-08,1.3212811042765723e-07,-3.3931573520324003e-08
855.0,1.9015474722605674e-08,8.953867492978207e-09,-1.2917414926594262e-07,3.69453478294338e-08,1.3056626332060698e-07,-3.5540090466104544e-08
856.0,1.860978113277234e-08,9.748364697191639e-09,-1.276173400566183e-07,3.865446176326078e-08,1.2896708664204305e-07,-3.712554404731538e-08
857.0,1.8285631606107522e-08,1.0539394389009236e-08,-1.261424987797355e-07,4.0340411529710144e-08,1.2746095214468566e-07,-3.868645237912476e-08
858.0,1.815258839077405e-08,1.1326013970940713e-08,-1.248644569407098e-07,4.200150329580881e-08,1.2617705446071894e-07,-4.0221351075407144e-08
859.0,1.8181896113689255e-08,1.2107279137822296e-08,-1.2373819924249574e-07,4.363605477007232e-08,1.2506687530303362e-07,-4.172879482610116e-08
860.0,1.841151130166363e-08,1.2882245417143288e-08,-1.2279303737705582e-07,4.524239738796693e-08,1.2416567068515484e-07,-4.320735894242558e-08
861.0,1.882700015332084e-08,1.3649969706395693e-08,-1.219208018987672e-07,4.681887849617938e-08,1.2336586995766527e-07,-4.46556408682089e-08
862.0,1.9435439507775598e-08,1.4409511805365674e-08,-1.208694077881045e-07,4.8363863532273706e-08,1.2242201618952165e-07,-4.607226165584478e-08
863.0,2.024445154569232e-08,1.5159935941152053e-08,-1.1971206373417864e-07,4.987573819635298e-08,1.2141176228801694e-07,-4.745586740562094e-08
864.0,2.123418023358692e-08,1.5900312283509766e-08,-1.1844931266380421e-07,5.135291061134598e-08,1.2033756720459368e-07,-4.880513066737183e-08
865.0,2.245349758900339e-08,1.6629718447896726e-08,-1.1721193737823654e-07,5.2793813468505794e-08,1.1934319342944962e-07,-5.0118751803572015e-08
866.0,2.385088899992116e-08,1.734724098337267e-08,-1.1568843100162596e-07,5.419690615464584e-08,1.1812145433283714e-07,-5.139546031312253e-08
867.0,2.5374582865445028e-08,1.805197684228008e-08,-1.1396340005020988e-07,5.556067685756255e-08,1.1675412629367544e-07,-5.2634016115192416e-08
868.0,2.69313828044071e-08,1.8743034828452875e-08,-1.1245427058992341e-07,5.6883644646016756e-08,1.1563417467889512e-07,-5.3833210792573265e-08
869.0,2.8310414762477976e-08,1.9419537020568993e-08,-1.1102556504716254e-07,5.8164361520582515e-08,1.1457816405434874e-07,-5.499186879409446e-08
870.0,2.9600021184128522e-08,2.0080620167205704e-08,-1.0942036002270505e-07,5.940141443164043e-08,1.1335332567507337e-07,-5.610884859574137e-08
871.0,3.0973744846729545e-08,2.0725437050183085e-08,-1.0804621039528506e-07,6.059342726080134e-08,1.1239820483714369e-07,-5.7183043820224964e-08
872.0,3.236397855266304e-08,2.135315781289414e-08,-1.0681004439239139e-07,6.17390627621021e-08,1.1160561227313728e-07,-5.821338431486969e-08
873.0,3.366727481524112e-08,2.1962971250518365e-08,-1.0576401110462541e-07,6.28370244594196e-08,1.1099329456514161e-07,-5.919883718781822e-08
874.0,3.467109542520941e-08,2.255408605929527e-08,-1.0474851597219725e-07,6.388605849669965e-08,1.1033737560936294e-07,-6.013840780269141e-08
875.0,3.538088394483552e-08,2.3125732042394104e-08,-1.039457347695727e-07,6.488495543778935e-08,1.0980219818156772e-07,-6.103114073198433e-08
876.0,3.575022003432515e-08,2.3677161270350172e-08,-1.0333605163226345e-07,6.583255201288587e-08,1.0934540593663952e-07,-6.187612066961372e-08
877.0,3.570679790732001e-08,2.420764919453459e-08,-1.0286356355582171e-07,6.672773280886145e-08,1.0888474697677708e-07,-6.267247330315284e-08
878.0,3.538998442909058e-08,2.471649571266121e-08,-1.0263214031414059e-07,6.75694319009829e-08,1.0856245770685516e-07,-6.341936614639069e-08
879.0,3.496143213821412e-08,2.520302618588295e-08,-1.02525414991117e-07,6.83566344238026e-08,1.0832249284546451e-07,-6.411600933293094e-08
880.0,3.451092003836642e-08,2.5666592407556655e-08,-1.0255971485961801e-07,6.90883780792439e-08,1.0821043717673759e-07,-6.476165637160032e-08
881.0,3.40104844287481e-08,2.610657352423036e-08,-1.0263729752213457e-07,6.976375458012193e-08,1.0812551916048907e-07,-6.535560486446426e-08
882.0,3.3333425963899543e-08,2.6522376909805035e-08,-1.0266596195407374e-07,7.038191102752174e-08,1.0794172979180057e-07,-6.589719718824456e-08
883.0,3.231928788482996e-08,2.6913438994128032e-08,-1.0252461954407543e-07,7.09420512205864e-08,1.0749806501532914e-07,-6.638582113989798e-08
884.0,3.1218958598810964e-08,2.727922604747774e-08,-1.023118250675914e-07,7.144343689734605e-08,1.0696884090545105e-07,-6.682091054704533e-08
885.0,3.028859740794587e-08,2.76192349224872e-08,-1.0219345336626162e-07,7.188538890524633e-08,1.065875276186802e-07,-6.720194584384329e-08
886.0,2.9610470866914262e-08,2.793299375501652e-08,-1.019629695120372e-07,7.226728830002015e-08,1.0617545449242497e-07,-6.752845461277942e-08
887.0,2.9313267424502243e-08,2.8220062625309094e-08,-1.0169731870512955e-07,7.258857737150288e-08,1.0583766947034064e-07,-6.780001209275923e-08
888.0,2.9473501000909508e-08,2.848003418045386e-08,-1.0150148332943587e-07,7.284876059492908e-08,1.0569407920657789e-07,-6.801624165375568e-08
889.0,3.004050098953659e-08,2.8712534218739285e-08,-1.0136622238809956e-07,7.30474055061799e-08,1.0572389862720729e-07,-6.817681523821107e-08
890.0,3.09259150649277e-08,2.8917222235953096e-08,-1.0145553586138334e-07,7.318414349938276e-08,1.0606431058336053e-07,-6.828145376932088e-08
891.0,3.196098397051372e-08,2.909379193309388e-08,-1.016735578507344e-07,7.3258670545206e-08,1.0657868859387448e-07,-6.832992752628395e-08
892.0,3.298123442407874e-08,2.9241971684360083e-08,-1.0177404297095904e-07,7.327074782814105e-08,1.069846608014002e-07,-6.832205648656377e-08
893.0,3.41295278982745e-08,2.9361524963709988e-08,-1.0181223994432109e-07,7.322020230102504e-08,1.0738043060557687e-07,-6.825771063515944e-08
894.0,3.550366382831793e-08,2.9452250727776447e-08,-1.0173508566135858e-07,7.310692715502087e-08,1.0775220554475059e-07,-6.813681024081906e-08
895.0,3.703321771464374e-08,2.9513983752497082e-08,-1.0155735019612422e-07,7.293088220324231e-08,1.0809881864830168e-07,-6.795932609903802e-08
896.0,3.857628672054858e-08,2.954659492050282e-08,-1.0140662565216729e-07,7.269209417619705e-08,1.0849623783018822e-07,-6.772527974157074e-08
897.0,3.992410139985747e-08,2.954999145611251e-08,-1.0119343119008306e-07,7.239065692723159e-08,1.0878439404900032e-07,-6.743474361205419e-08
898.0,4.102738947187046e-08,2.952411710472526e-08,-1.0103150113738302e-07,7.20267315462145e-08,1.0904407782612301e-07,-6.708784120720287e-08
899.0,4.182655995166318e-08,2.9468952253496965e-08,-1.0105005135430112e-07,7.160054637980137e-08,1.0936440918368721e-07,-6.668474718289654e-08
900.0,4.2230537039555927e-08,2.9384513990434346e-08,-1.0126650731856479e-07,7.111239695679566e-08,1.0971929530921278e-07,-6.62256874243519e-08
901.0,4.231929429110437e-08,2.9270856099428292e-08,-1.0181933599029414e-07,7.056264581735967e-08,1.1026377397314816e-07,-6.571093907945615e-08
902.0,4.22213600193011e-08,2.9128068989256648e-08,-1.0278732798241208e-07,6.995172224513701e-08,1.1112100627533657e-07,-6.514083055425103e-08
903.0,4.195114437777203e-08,2.895627955518704e-08,-1.0400200123328318e-07,6.928012190171322e-08,1.1214416959937111e-07,-6.451574146949258e-08
904.0,4.151381489958528e-08,2.875565097247222e-08,-1.0542511691413736e-07,6.854840636324573e-08,1.1330424574514655e-07,-6.383610257716935e-08
905.0,4.079149981683905e-08,2.852638242172567e-08,-1.0696986832425814e-07,6.775720255951564e-08,1.1448361973058114e-07,-6.31023956358318e-08
906.0,3.9609761831593815e-08,2.826870874686974e-08,-1.0846597192637475e-07,6.690720211606414e-08,1.1547207583779163e-07,-6.23151532435533e-08
907.0,3.80303848135366e-08,2.7982900047040313e-08,-1.1000014538131708e-07,6.599916060045594e-08,1.1638875440942123e-07,-6.147495862729769e-08
908.0,3.619584698633105e-08,2.7669261204486735e-08,-1.1148921141845847e-07,6.50338966740455e-08,1.1721767614898199e-07,-6.058244538740691e-08
909.0,3.4281738503505466e-08,2.7328131351093777e-08,-1.1284529688460054e-07,6.401229115090248e-08,1.1793768958139025e-07,-5.963829719584795e-08
910.0,3.2505782635028346e-08,2.6959883276640934e-08,-1.1418588599654278e-07,6.293528596578214e-08,1.1872254404927135e-07,-5.8643247446784635e-08
911.0,3.096257510104561e-08,2.656492278227248e-08,-1.1550588199793488e-07,6.180388305321086e-08,1.1958381927756258e-07,-5.7598078857979414e-08
912.0,2.966434929640993e-08,2.6143687982859625e-08,-1.168291093589513e-07,6.061914313990444e-08,1.20536361371933e-07,-5.6503623021498957e-08
913.0,2.8546948652174997e-08,2.5696648561988413e-08,-1.1826960596983405e-07,5.938218445286e-08,1.2166605103154176e-07,-5.536075990220202e-08
914.0,2.7544286768099724e-08,2.5224304983213193e-08,-1.1982271794219734e-07,5.809418134556964e-08,1.229478404390199e-07,-5.417041728253505e-08
915.0,2.669750451267383e-08,2.4727187660994598e-08,-1.2152912770568847e-07,5.675636284490185e-08,1.2442702933088845e-07,-5.293357015224698e-08
916.0,2.6071718478570816e-08,2.4205856094416383e-08,-1.2329468770944096e-07,5.53700111212874e-08,1.2602108760756838e-07,-5.165124004175437e-08
917.0,2.575774576962786e-08,2.366089796637005e-08,-1.2494857773437396e-07,5.3936459884928055e-08,1.2757589327524096e-07,-5.032449429803205e-08
918.0,2.5906633491223907e-08,2.309292821043244e-08,-1.2659098025391557e-07,5.245709271081368e-08,1.2921466611997204e-07,-4.89544453020611e-08
919.0,2.644022141506941e-08,2.250258804716373e-08,-1.2817708405776784e-07,5.0933341295384334e-08,1.3087570510232208e-07,-4.7542249627026985e-08
920.0,2.7161754692639484e-08,2.18905439910516e-08,-1.2964242657176328e-07,4.936668364770876e-08,1.3245723719524786e-07,-4.608910713661932e-08
921.0,2.7906670224675523e-08,2.1257486828857578e-08,-1.3110255359105594e-07,4.775864221807565e-08,1.34039776936268e-07,-4.4596260022939467e-08
922.0,2.845996897871128e-08,2.0604130569722403e-08,-1.3249463715059306e-07,4.611078196691935e-08,1.3551678386065884e-07,-4.3064991783674005e-08
923.0,2.875609401986612e-08,1.993121136709166e-08,-1.33871908614136e-07,4.442470837703623e-08,1.3692553034139018e-07,-4.149662613834503e-08
924.0,2.891292538720336e-08,1.923948641235302e-08,-1.3542145174683107e-07,4.2702065412104225e-08,1.3847356010323878e-07,-3.9892525883607866e-08
925.0,2.895810426173373e-08,1.8529732800037305e-08,-1.371119241477814e-07,4.0944533424603945e-08,1.4013654607539176e-07,-3.8254091687741876e-08
926.0,2.892325477732438e-08,1.780274636452118e-08,-1.3900041892500603e-07,3.915382701636128e-08,1.4197771349138284e-07,-3.658276082467657e-08
927.0,2.878214906687493e-08,1.7059340488365187e-08,-1.411689417030182e-07,3.733169285508831e-08,1.4407318350913872e-07,-3.4880005848116935e-08
928.0,2.8401276636058626e-08,1.6300344882713182e-08,-1.434567094837913e-07,3.5479907450485186e-08,1.4624110232925223e-07,-3.3147333206574636e-08
929.0,2.7650241873899972e-08,1.5526604340554814e-08,-1.4587491808937258e-07,3.3600274893667125e-08,1.484723125813912e-07,-3.138628180036653e-08
930.0,2.6457877277952235e-08,1.4738977464098351e-08,-1.4825691493913773e-07,3.169462456388254e-08,1.505992433491148e-07,-2.9598421481894924e-08
931.0,2.4860912148372272e-08,1.3938335367999239e-08,-1.505515105637567e-07,2.9764808806674346e-08,1.5259037415865403e-07,-2.7785351500763833e-08
932.0,2.3001073157224994e-08,1.3125560360714734e-08,-1.5279722376249083e-07,2.7812700587793686e-08,1.545187398211256e-07,-2.5948698895503388e-08
933.0,2.1056438065381045e-08,1.2301544606773508e-08,-1.549641820142167e-07,2.584019112729903e-08,1.563882070085098e-07,-2.409011683387112e-08
934.0,1.9171817924878987e-08,1.1467188773224298e-08,-1.5710275813596297e-07,2.384918751836366e-08,1.582682381795905e-07,-2.2211282903879734e-08
935.0,1.7406513133644275e-08,1.0623400663926e-08,-1.59247482256486e-07,2.1841610335377272e-08,1.6019596531904776e-07,-2.031389735787586e-08
936.0,1.575261610042844e-08,9.771093845638888e-09,-1.6147743348016164e-07,1.9819391235970408e-08,1.6224397195996992e-07,-1.8399681312172186e-08
937.0,1.4178117888064001e-08,8.91118627006192e-09,-1.637961772604779e-07,1.7784470561620163e-08,1.6440865765522734e-07,-1.6470374904921837e-08
938.0,1.272291620668664e-08,8.044598896034205e-09,-1.6627148188841367e-07,1.573879494151612e-08,1.6675754341609691e-07,-1.4527735415120098e-08
939.0,1.137796276640124e-08,7.172254316087179e-09,-1.6882142250818077e-07,1.3684314904376468e-08,1.692044051861514e-07,-1.2573535345820522e-08
940.0,1.0193443311656836e-08,6.295075391408798e-09,-1.7137981664361313e-07,1.1622982502901283e-08,1.716826952239113e-07,-1.0609560474851718e-08
941.0,9.273149359501076e-09,5.4139838990741495e-09,-1.738979113763417e-07,9.55674895552506e-09,1.7414498235693615e-07,-8.637607876507035e-09
942.0,8.716861468749393e-09,4.529899195121875e-09,-1.7632513865661892e-07,7.487562310076226e-09,1.7654047183618053e-07,-6.659483917840303e-09
943.0,8.47384078184188e-09,3.6437368967296446e-09,-1.786184239127575e-07,5.417365133862042e-09,1.788193147807964e-07,-4.677002233329102e-09
944.0,8.377672167103611e-09,2.7564075863857677e-09,-1.808035184625023e-07,3.348092234571922e-09,1.8099750738438326e-07,-2.691981681758986e-09
945.0,8.25162131679047e-09,1.868815540595055e-09,-1.82874057341742e-07,1.2816684162360083e-09,1.8306012701565148e-07,-7.062442892394952e-10
946.0,8.013951682817044e-09,9.818574853238706e-10,-1.8482184394041923e-07,-7.79993725703543e-10,1.8499550648356627e-07,1.2783868177079657e-09
947.0,7.708026938946233e-09,9.642138010669421e-11,-1.8680832591932983e-07,-2.834995966342015e-09,1.86967281394564e-07,3.260089485039583e-09
948.0,7.307152646851556e-09,-7.866147674802862e-10,-1.8877644683557016e-07,-4.881456566606648e-09,1.8891781641673512e-07,5.23704460610276e-09
949.0,6.814675407307291e-09,-1.666384055419827e-09,-1.9080013979877464e-07,-6.9175123384014624e-09,1.909217985148341e-07,7.207438194616611e-09
950.0,6.315170344994847e-09,-2.542031807450223e-09,-1.9297571762777466e-07,-8.94132065627137e-09,1.930790226058774e-07,9.169463451748996e-09
951.0,5.80204342903734e-09,-3.412716658400961e-09,-1.9525341096726656e-07,-1.095106141239912e-08,1.9533959711821032e-07,1.1121322823295889e-08
952.0,5.209547807027981e-09,-4.277611603181481e-09,-1.9753474159167617e-07,-1.2944938911876202e-08,1.9760342487933752e-07,1.3061230042935631e-08
953.0,4.398278186101834e-09,-5.135905007864305e-09,-1.9983582943972067e-07,-1.492118370530635e-08,1.9988422543778553e-07,1.4987412157495205e-08
954.0,3.294132328024446e-09,-5.98680158119413e-09,-2.0204730510897662e-07,-1.687805435591666e-08,2.0207415670885384e-07,1.6898111530136222e-08
955.0,1.9693764397032965e-09,-6.829523304715931e-09,-2.0411048901047835e-07,-1.8813839138474717e-08,2.0411998963271055e-07,1.8791587817353983e-08
956.0,6.225660126313315e-10,-7.663310319561389e-09,-2.061464737801444e-07,-2.0726857667445483e-08,2.0614741385820935e-07,2.066611991568707e-08
957.0,-6.625273663019016e-10,-8.487421767782446e-09,-2.0810586845443346e-07,-2.2615462451969024e-08,2.0810692306524804e-07,2.2520007874058762e-08
958.0,-1.843917823984853e-09,-9.30113658599473e-09,-2.0988890631068458e-07,-2.4478040375395217e-08,2.0989700575576807e-07,2.4351574767709776e-08
959.0,-2.8696088144597454e-09,-1.0103754249008438e-08,-2.1177217235379686e-07,-2.6313014097269128e-08,2.117916137107281e-07,2.6159168529729978e-08
960.0,-3.830937012061497e-09,-1.089459546108791e-08,-2.1382260254054763e-07,-2.811884337581324e-08,2.1385691813828094e-07,2.794116373624726e-08
961.0,-4.798851344078869e-09,-1.1673002792493067e-08,-2.1607534048118104e-07,-2.9894026309096104e-08,2.1612862313511573e-07,2.9695963341381973e-08
962.0,-5.690968585270184e-09,-1.2438341259009606e-08,-2.1845218983740367e-07,-3.16371004932113e-08,2.1852630589518413e-07,3.142200035812433e-08
963.0,-6.548021139196614e-09,-1.3189998842262307e-08,-2.2084055492643806e-07,-3.334664409592188e-08,2.2093760947619687e-07,3.3117739481348024e-08
964.0,-7.462703621730071e-09,-1.3927386948721013e-08,-2.2312717809502836e-07,-3.502127684436869e-08,2.2325194187284526e-07,3.478167864924951e-08
965.0,-8.26650398133566e-09,-1.4649940805446855e-08,-2.2541583735713466e-07,-3.665966092561114e-08,2.255673620440059e-07,3.641235053961531e-08
966.0,-8.985893362734032e-09,-1.535711979078512e-08,-2.2768376817250413e-07,-3.8260501798978886e-08,2.2786102029253937e-07,3.800832399748161e-08
967.0,-9.8685085242467e-09,-1.604840769838824e-08,-2.2971814575556415e-07,-3.9822548919469306e-08,2.2993001967961414e-07,3.956820539096831e-08
968.0,-1.0959360460804923e-08,-1.6723312933146278e-08,-2.3162353610106656e-07,-4.134459637173031e-08,2.3188266441817496e-07,4.109063989234468e-08
969.0,-1.2309053623593691e-08,-1.7381368637812345e-08,-2.3328845660808284e-07,-4.2825483414518065e-08,2.3361296365503746e-07,4.257431268171416e-08
970.0,-1.3813274593599267e-08,-1.802213274934029e-08,-2.3473825083719646e-07,-4.42640949359096e-08,2.3514432368463573e-07,4.401795007108511e-08
971.0,-1.5144378806564163e-08,-1.8645187984212877e-08,-2.3634639639835697e-07,-4.565936181996872e-08,2.3683110289809065e-07,4.542032054701259e-08
972.0,-1.6234056626762694e-08,-1.9250141752347057e-08,-2.377951636989284e-07,-4.701026122599795e-08,2.3834866157199433e-07,4.678023573044e-08
973.0,-1.7185335418612446e-08,-1.9836625999534123e-08,-2.390583358213849e-07,-4.8315816781945316e-08,2.3967524627950266e-07,4.8096551252827684e-08
974.0,-1.8021102374254916e-08,-2.040429697881384e-08,-2.402099843756833e-07,-4.957509869396343e-08,2.4088502802073314e-07,4.93681675481178e-08
975.0,-1.86244860367335e-08,-2.0952834951688026e-08,-2.4144427729355655e-07,-5.078722377453351e-08,2.4216153806486347e-07,5.059403056054578e-08
976.0,-1.9016998156762277e-08,-2.1481943820637904e-08,-2.427862458576069e-07,-5.195135539196227e-08,2.4352989015011e-07,5.177313236876188e-08
977.0,-1.9324167432888117e-08,-2.1991350695004156e-08,-2.440599256581244e-07,-5.306670334442999e-08,2.448237544831455e-07,5.290451172716402e-08
978.0,-1.945191670238433e-08,-2.248080539290143e-08,-2.452181047107871e-07,-5.413252366211116e-08,2.459884061116439e-07,5.3987254525762834e-08
979.0,-1.9296944639424218e-08,-2.2950079882452466e-08,-2.46352298949315e-07,-5.514811834120753e-08,2.471069146544258e-07,5.502049417030305e-08
980.0,-1.8902546888854843e-08,-2.339896766622248e-08,-2.4734375247970064e-07,-5.611283501403181e-08,2.4806498779478086e-07,5.600341188475312e-08
981.0,-1.8378259261653263e-08,-2.3827283113294488e-08,-2.48131848401556e-07,-5.702606655955952e-08,2.4881152426015424e-07,5.693523693864934e-08
982.0,-1.785869120640715e-08,-2.4234860743930605e-08,-2.488636386688281e-07,-5.788725065912602e-08,2.4950359416869097e-07,5.781524680213594e-08
983.0,-1.7525188314437834e-08,-2.4621554472193863e-08,-2.494285196719126e-07,-5.869586930217988e-08,2.500434335294134e-07,5.864276723187424e-08
984.0,-1.7347281180968288e-08,-2.498723681224165e-08,-2.4988739036335694e-07,-5.945144824720494e-08,2.504887942143926e-07,5.941717229129076e-08
985.0,-1.718965987607124e-08,-2.533179805423716e-08,-2.503212070681382e-07,-6.015355644308388e-08,2.5091072339520433e-07,6.013788430888788e-08
986.0,-1.7120550074856133e-08,-2.5655145415959944e-08,-2.507605882107189e-07,-6.080180541628711e-08,2.5134435707739965e-07,6.08043737785432e-08
987.0,-1.7075315231207533e-08,-2.5957202176240074e-08,-2.514279440202216e-07,-6.139584862932675e-08,2.5200709796448354e-07,6.141615920586844e-08
988.0,-1.7066994373315936e-08,-2.6237906796304253e-08,-2.522014249661808e-07,-6.193538081591254e-08,2.527782448153142e-07,6.197280690478399e-08
989.0,-1.7179893355145914e-08,-2.6497212035017656e-08,-2.529633562897704e-07,-6.242013729819024e-08,2.5354606753227213e-07,6.247393074849523e-08
990.0,-1.7493207854490933e-08,-2.6735084063841993e-08,-2.5360543981500783e-07,-6.284989329134084e-08,2.542080475217179e-07,6.291919187904128e-08
991.0,-1.793623331802774e-08,-2.6951501587116922e-08,-2.543013104816527e-07,-6.322446320068725e-08,2.5493305979869436e-07,6.330829837954068e-08
992.0,-1.8582895666696686e-08,-2.714645497302042e-08,-2.549582390487526e-07,-6.354369991630446e-08,2.5563455883389513e-07,6.364100491319405e-08
993.0,-1.937797196316371e-08,-2.7319945400288092e-08,-2.553362896118294e-07,-6.380749410996961e-08,2.5607055002506865e-07,6.391711233303122e-08
994.0,-2.0126649374896388e-08,-2.74719840254902e-08,-2.556776229067914e-07,-6.401577353912384e-08,2.5646857287068806e-07,6.413646726631468e-08
995.0,-2.074514077188283e-08,-2.7602591175396662e-08,-2.558482865844258e-07,-6.41685023623489e-08,2.5668795572412767e-07,6.429896167743363e-08
996.0,-2.1164687155628137e-08,-2.7711795568722258e-08,-2.558912322869755e-07,-6.426568047068643e-08,2.5676500295745615e-07,6.440453241304419e-08
997.0,-2.1438592331946005e-08,-2.779963357134654e-08,-2.558574155320237e-07,-6.430734283893986e-08,2.567540268893596e-07,6.445316073312331e-08
998.0,-2.166168613926267e-08,-2.786614848894822e-08,-2.557821305870789e-07,-6.429355890089276e-08,2.56697734649259e-07,6.444487183150327e-08
999.0,-2.178413661957368e-08,-2.7911389900875168e-08,-2.558512304517979e-07,-6.422443195214444e-08,2.567769474309547e-07,6.437973434932924e-08
1000.0,-2.17236381244712e-08,-2.7935413038978647e-08,-2.560034814136358e-07,-6.410009858400056e-08,2.569235274342635e-07,6.425785988473214e-08
1001.0,-2.1522714485633365e-08,-2.7938278215062725e-08,-2.560575822485589e-07,-6.392072815156401e-08,2.569605274469361e-07,6.407940250183035e-08
1002.0,-2.1170552075289173e-08,-2.7920050300526926e-08,-2.5603598910461933e-07,-6.368652227885323e-08,2.569097506751219e-07,6.384455824197091e-08
1003.0,-2.060406625870037e-08,-2.7880798261701607e-08,-2.560731013900863e-07,-6.339771440344221e-08,2.569006827587859e-07,6.355356463990287e-08
1004.0,-1.9837525080945717e-08,-2.7820594754278986e-08,-2.55968425288966e-07,-6.305456936277562e-08,2.567359775065624e-07,6.320670024734797e-08
1005.0,-1.8915628632876214e-08,-2.7739515780114366e-08,-2.5577480436411726e-07,-6.265738302397092e-08,2.5647329598630603e-07,6.280428416620233e-08
1006.0,-1.805159202672435e-08,-2.7637640409496358e-08,-2.554075697602798e-07,-6.220648195857844e-08,2.5604469661672643e-07,6.234667559336876e-08
1007.0,-1.742004127058827e-08,-2.751505057174685e-08,-2.5476698739534953e-07,-6.170222316343271e-08,2.5536185248460896e-07,6.183427337898068e-08
1008.0,-1.6893801260686736e-08,-2.73718309166981e-08,-2.5410386458868395e-07,-6.114499382838907e-08,2.5466482780301605e-07,6.12675155995336e-08
1009.0,-1.6427019230991213e-08,-2.7208068749201436e-08,-2.5336144107712677e-07,-6.053521115139581e-08,2.5389341619170384e-07,6.064687914718175e-08
1010.0,-1.5968680433520177e-08,-2.702385403835419e-08,-2.527076848057863e-07,-5.987332220099151e-08,2.532117152003211e-07,5.997287933617662e-08
1011.0,-1.5488417146047873e-08,-2.6819279502600747e-08,-2.5218129284798607e-07,-5.915980382593561e-08,2.526564773129153e-07,5.924606952711453e-08
1012.0,-1.507946476020372e-08,-2.659444077128336e-08,-2.516033911492688e-07,-5.8395162611270663e-08,2.520548684220683e-07,5.846704076931942e-08
1013.0,-1.4715846582968872e-08,-2.6349436622599074e-08,-2.510828267521248e-07,-5.7579934879683926e-08,2.515137014766611e-07,5.763642146131855e-08
1014.0,-1.4464476089104394e-08,-2.6084369297269385e-08,-2.5057727051636114e-07,-5.67146867365902e-08,2.509944014673672e-07,5.6754877028982554e-08
1015.0,-1.445378669528985e-08,-2.5799344886555252e-08,-2.499431420444065e-07,-5.580001415690917e-08,2.503607121831684e-07,5.58231096205065e-08
1016.0,-1.461352189258136e-08,-2.549447379256185e-08,-2.493435146133649e-07,-5.483654311106731e-08,2.4977138207138595e-07,5.4841857817017706e-08
1017.0,-1.4832282041465916e-08,-2.516987125808674e-08,-2.487409442586408e-07,-5.382492972732626e-08,2.491827721597901e-07,5.3811896357215485e-08
1018.0,-1.5022942417841634e-08,-2.4825657962589162e-08,-2.4802747999874697e-07,-5.276586048712978e-08,2.484820308058887e-07,5.273403587408465e-08
1019.0,-1.510131321380559e-08,-2.446196068021529e-08,-2.472636604078371e-07,-5.1660052449775234e-08,2.4772437792648437e-07,5.160912264138302e-08
1020.0,-1.5109220957709724e-08,-2.407891299522071e-08,-2.4632804090929383e-07,-5.050825350235562e-08,2.467909890902819e-07,5.043803832728745e-08
1021.0,-1.5092737892796748e-08,-2.3676656069597852e-08,-2.4531191261667473e-07,-4.93112426305852e-08,2.4577576204490085e-07,4.922169975229411e-08
1022.0,-1.5007084325224795e-08,-2.325533945724508e-08,-2.4437746370953306e-07,-4.806983020581654e-08,2.4483781846162685e-07,4.7961058648207256e-08
1023.0,-1.4875104495382097e-08,-2.28151219586055e-08,-2.434754226565694e-07,-4.678485828327522e-08,2.439293958741825e-07,4.6657101414812404e-08
1024.0,-1.468351339128926e-08,-2.235617250935274e-08,-2.4264667186635336e-07,-4.5457200906278295e-08,2.430905447221877e-07,4.531084887061216e-08
1025.0,-1.4450300442336861e-08,-2.1878671096406416e-08,-2.418148179750279e-07,-4.408776441096507e-08,2.4224619166288183e-07,4.392335599380638e-08
1026.0,-1.4156550348642938e-08,-2.1382809694317515e-08,-2.409602440356373e-07,-4.2677487725858537e-08,2.4137573847321016e-07,4.2495711649527326e-08
1027.0,-1.3730104178599767e-08,-2.0868793214871774e-08,-2.4011770399789967e-07,-4.1227342660401055e-08,2.405099322979784e-07,4.102903829920264e-08
1028.0,-1.3184058747506278e-08,-2.0336840462612868e-08,-2.3922235356521604e-07,-3.973833417647673e-08,2.395853790412489e-07,3.95244916878219e-08
1029.0,-1.2619544798031512e-08,-1.9787185088883422e-08,-2.3826146169914075e-07,-3.821150063685187e-08,2.3859542544215015e-07,3.798326050483273e-08
1030.0,-1.213597554394763e-08,-1.9220076536914194e-08,-2.372046870313671e-07,-3.664791402443808e-08,2.375149373240599e-07,3.6406566014391934e-08
1031.0,-1.181589734389199e-08,-1.863578097045406e-08,-2.3587538452995993e-07,-3.5048680126311646e-08,2.3617115077248078e-07,3.479566165074957e-08
1032.0,-1.1606704958255776e-08,-1.8034582178421417e-08,-2.3438093110783598e-07,-3.341493867650741e-08,2.3466814114183493e-07,3.315183257464543e-08
1033.0,-1.1434087135442361e-08,-1.741678244807233e-08,-2.3287804046256966e-07,-3.174786345173967e-08,2.3315857281752932e-07,3.1476395186744494e-08
1034.0,-1.1311032208083382e-08,-1.678270339922917e-08,-2.314198644104426e-07,-3.0048662314377554e-08,2.316961223097183e-07,2.9770696594320517e-08
1035.0,-1.1153287446385995e-08,-1.6132686772206575e-08,-2.3005580748747256e-07,-2.8318577197206804e-08,2.3032600890818811e-07,2.8036114027604185e-08
1036.0,-1.0891713309035822e-08,-1.546709516221958e-08,-2.287354016750065e-07,-2.6558884024734592e-08,2.2899457067413803e-07,2.6274054202435685e-08
1037.0,-1.0554063317735896e-08,-1.4786312693269696e-08,-2.2738887137108144e-07,-2.477089256603746e-08,2.2763366859041084e-07,2.448595262609986e-08
1038.0,-1.0180751935928711e-08,-1.4090745624781097e-08,-2.260444867674405e-07,-2.2955946214417897e-08,2.2627363458418327e-07,2.2673272843477538e-08
1039.0,-9.84526481173642e-09,-1.3380822884599957e-08,-2.2468015836718536e-07,-2.1115421689428716e-08,2.248957598602444e-07,2.0837505620926004e-08
1040.0,-9.566143807648864e-09,-1.2656996522370965e-08,-2.2325902906961126e-07,-1.9250728657151924e-08,2.2346387888975287e-07,1.898016806561007e-08
1041.0,-9.232962880356688e-09,-1.1919742077761751e-08,-2.2180437017627064e-07,-1.7363309264983588e-08,2.219964554510773e-07,1.7102802678344768e-08
1042.0,-8.778380036766897e-09,-1.116955885851594e-08,-2.2023434820273025e-07,-1.545463758757897e-08,2.204092286732825e-07,1.520697633838326e-08
1043.0,-8.175827875822606e-09,-1.0406970123878342e-08,-2.184829657747578e-07,-1.3526218981052123e-08,2.1863588565281102e-07,1.3294279218986364e-08
1044.0,-7.419246453310713e-09,-9.632523169550106e-09,-2.1664446192559694e-07,-1.1579589342997624e-08,2.1677146514466886e-07,1.1366323633040917e-08
1045.0,-6.55075729771859e-09,-8.84678931099198e-09,-2.1472267039412962e-07,-9.61631427640301e-09,2.1482257237627438e-07,9.424742808445197e-09
1046.0,-5.566005448209843e-09,-8.050363762590674e-09,-2.1283199372335027e-07,-7.63798815603916e-09,2.1290476267313914e-07,7.471189593441621e-09
1047.0,-4.486525498337279e-09,-7.243865410923225e-09,-2.10956926732786e-07,-5.646233096442462e-09,2.110046299197941e-07,5.507335092538841e-09
1048.0,-3.3797727810869205e-09,-6.427936481082951e-09,-2.0904528652554433e-07,-3.6426978211273132e-09,2.090726062462481e-07,3.534867234117362e-09
1049.0,-2.252846562078581e-09,-5.603242095755021e-09,-2.071691234395434e-07,-1.6290564331855803e-09,2.071813722909013e-07,1.555489271249347e-09
1050.0,-1.1138129168974942e-09,-4.770469727437779e-09,-2.0534909178637761e-07,3.929929120622711e-10,2.0535211242328135e-07,-4.2908178231856823e-10
1051.0,3.5447214608019806e-11,-3.930328544889364e-09,-2.0359307223438705e-07,2.4217294312006297e-09,2.0359307532021164e-07,-2.4171167786707594e-09
1052.0,1.1899777135893075e-09,-3.083548655531339e-09,-2.0191881500153386e-07,4.455411231983049e-09,2.0192232144709136e-07,-4.406876121984334e-09
1053.0,2.3069104820860886e-09,-2.2308802461584154e-09,-2.0024662528150827e-07,6.492276925589266e-09,2.0025991304453606e-07,-6.396611511446477e-09
1054.0,3.3083424888502577e-09,-1.373092624883388e-09,-1.9850183924363662e-07,8.530547329254614e-09,1.985294066709768e-07,-8.384567737366787e-09
1055.0,4.18044114602889e-09,-5.109731677884261e-10,-1.9650156227180027e-07,1.0568427256166332e-08,1.965460253056103e-07,-1.0368984526668927e-08
1056.0,4.982514720253128e-09,3.54673825740935e-10,-1.9427799136106927e-07,1.2604107389031598e-08,1.9434187243162305e-07,-1.2348098433591954e-08
1057.0,5.789558291113828e-09,1.2230283645496284e-09,-1.919284304263691e-07,1.463576623323083e-08,1.9201573214488392e-07,-1.4320144771082793e-08
1058.0,6.680248590407167e-09,2.0932560792172185e-09,-1.8952811092765032e-07,1.6661572144988022e-08,1.8964580288799792e-07,-1.6283359578026685e-08
1059.0,7.77222554371182e-09,2.964509612204521e-09,-1.8694247411188414e-07,1.8679685429534207e-08,1.871039714088795e-07,-1.823598161715934e-08
1060.0,9.222276109444039e-09,3.8359300788982425e-09,-1.8433772128179093e-07,2.068826050382924e-08,1.8456826884381307e-07,-2.0176254398250553e-08
1061.0,1.0974904388061368e-08,4.706648593409454e-09,-1.8180858882277384e-07,2.2685448118057343e-08,1.8213953853036834e-07,-2.2102428220960346e-08
1062.0,1.2835540713629356e-08,5.575787852610478e-09,-1.7950119762799588e-07,2.4669397629836866e-08,1.7995952615878957e-07,-2.4012762231657444e-08
1063.0,1.457809671590038e-08,6.442463771572279e-09,-1.7758414933011224e-07,2.6638259324893466e-08,1.7818151137858762e-07,-2.5905526488463378e-08
1064.0,1.6084651943693018e-08,7.305787163315229e-09,-1.7597016055415082e-07,2.8590186777839567e-08,1.767037448205424e-07,-2.7779004028843002e-08
1065.0,1.7496651377735262e-08,8.164865455630167e-09,-1.7472437879861857e-07,3.052333924667336e-08,1.755982384763502e-07,-2.9631492934192585e-08
1066.0,1.8871548532195526e-08,9.01880443767408e-09,-1.7369014354562395e-07,3.2435884094637485e-08,1.7471233874258128e-07,-3.146130838605772e-08
1067.0,2.0125490537981072e-08,9.866710029092563e-09,-1.7261857224171173e-07,3.4325999233134174e-08,1.7378782135742832e-07,-3.326678470881648e-08
1068.0,2.1164162034015277e-08,1.0707690064559458e-08,-1.7154103723604486e-07,3.619187557944929e-08,1.7284168828908198e-07,-3.504627739385828e-08
1069.0,2.1860021667818863e-08,1.1540856086840686e-08,-1.7034436405882758e-07,3.8031719523068295e-08,1.717412673585586e-07,-3.679816510044845e-08
1070.0,2.2109411315640592e-08,1.2365325141771173e-08,-1.6893577353682687e-07,3.9843755394355525e-08,1.7037641165727792e-07,-3.852085162857882e-08
1071.0,2.181575377291356e-08,1.318022156886378e-08,-1.6719840659207286e-07,4.162622792931084e-08,1.686156406731253e-07,-4.021276785915991e-08
1072.0,2.1022489110622544e-08,1.3984678781622316e-08,-1.6503058294925488e-07,4.337740472401981e-08,1.663641738986406e-07,-4.187237365691982e-08
1073.0,2.0019796181935945e-08,1.4777841031972341e-08,-1.6265784796853922e-07,4.509557867229299e-08,1.6388522735415378e-07,-4.3498159731358374e-08
1074.0,1.9203584555871345e-08,1.5558865153510793e-08,-1.6035340483222527e-07,4.677907037987041e-08,1.6149920154936378e-07,-4.508864945109226e-08
1075.0,1.8928867126510873e-08,1.6326922278465562e-08,-1.5833714392399223e-07,4.842623054848104e-08,1.5946458276589235e-07,-4.664240060695402e-08
1076.0,1.932937930548828e-08,1.7081199523315586e-08,-1.5682650625348238e-07,5.00354423230225e-08,1.5801322086461307e-07,-4.815800711930754e-08
1077.0,2.0224789357148332e-08,1.7820901637939423e-08,-1.5559280225341254e-07,5.160512359518067e-08,1.569017597658183e-07,-4.9634100685233744e-08
1078.0,2.147366297278186e-08,1.8545252612952397e-08,-1.5443892850686147e-07,5.3133729256941735e-08,1.5592466398814555e-07,-5.1069352361519325e-08
1079.0,2.3045867519888574e-08,1.925349723959898e-08,-1.534192850261018e-07,5.461975339764241e-08,1.55140546046688e-07,-5.246247407972593e-08
1080.0,2.490102404828498e-08,1.9944902616240407e-08,-1.5243662473962694e-07,5.606173143843307e-08,1.5445706704668165e-07,-5.381222008999599e-08
1081.0,2.7022934612208616e-08,2.061875959516947e-08,-1.513842047828895e-07,5.74582421982693e-08,1.5377716492640748e-07,-5.511738833063359e-08
1082.0,2.9442022569936555e-08,2.127438416324043e-08,-1.501139283432984e-07,5.8807909885787014e-08,1.5297393299404176e-07,-5.6376821720864235e-08
1083.0,3.208593828130102e-08,2.191111874966102e-08,-1.4838039302800254e-07,6.010940601164656e-08,1.5180990899982768e-07,-5.758940937451091e-08
1084.0,3.4793592382231786e-08,2.2528333454289245e-08,-1.46238305687163e-07,6.136145121615774e-08,1.5032044478750398e-07,-5.875408773262393e-08
1085.0,3.7329624238968684e-08,2.312542718994163e-08,-1.4395232209030162e-07,6.256281700723508e-08,1.4871372458859517e-07,-5.986984161337421e-08
1086.0,3.948920486440688e-08,2.3701828732576926e-08,-1.4189082703230937e-07,6.371232740400726e-08,1.4728341419432072e-07,-6.09357051777823e-08
1087.0,4.110993233330529e-08,2.4256997673787233e-08,-1.403934026811271e-07,6.480886048175098e-08,1.4628853014790342e-07,-6.195076281013335e-08
1088.0,4.2142745640405543e-08,2.4790425270808277e-08,-1.394873438698152e-07,6.585134981426496e-08,1.4571455009698926e-07,-6.291414991224494e-08
1089.0,4.269883656371487e-08,2.530163519023575e-08,-1.3910332982702833e-07,6.683878581035428e-08,1.4550919906611356e-07,-6.382505361111771e-08
1090.0,4.284554287747877e-08,2.5790184142770583e-08,-1.3918917909916395e-07,6.777021694174498e-08,1.4563436449809848e-07,-6.468271337990012e-08
1091.0,4.257011453068227e-08,2.6255662407565313e-08,-1.3961531084016876e-07,6.864475086045717e-08,1.4596112383834386e-07,-6.548642157251326e-08
1092.0,4.187107911779453e-08,2.6697694246054638e-08,-1.4028620837214234e-07,6.946155540438665e-08,1.4640152842754324e-07,-6.623552387267756e-08
1093.0,4.068676100199564e-08,2.7115938206472853e-08,-1.4099524744959346e-07,7.021985949053142e-08,1.467483298855752e-07,-6.692941965842832e-08
1094.0,3.886576441236578e-08,2.751008732154104e-08,-1.413844792907959e-07,7.09189538959109e-08,1.4662918750264904e-07,-6.756756228347744e-08
1095.0,3.6402004036095725e-08,2.7879869202998996e-08,-1.4136208750792356e-07,7.155819192673246e-08,1.4597378423005197e-07,-6.814945927695968e-08
1096.0,3.3514709216198035e-08,2.8225046037711483e-08,-1.409176399735923e-07,7.213698997674938e-08,1.448482550449721e-07,-6.867467246319533e-08
1097.0,3.063405647207862e-08,2.8545414490941294e-08,-1.402217187917998e-07,7.265482797603178e-08,1.4352900695281453e-07,-6.914281800312869e-08
1098.0,2.8271358601394958e-08,2.8840805522997946e-08,-1.3963815925777112e-07,7.311124973156497e-08,1.4247134883220317e-07,-6.955356635909888e-08
1099.0,2.673055105040234e-08,2.911108412579392e-08,-1.3927755335152447e-07,7.350586316123018e-08,1.4181945997304078e-07,-6.9906642184614e-08
1100.0,2.60736366802794e-08,2.935614898584512e-08,-1.3910837740049864e-07,7.383834042284918e-08,1.4153082771161473e-07,-7.020182414086594e-08
1101.0,2.6199836702933688e-08,2.957593207994675e-08,-1.3920926611454831e-07,7.410841794010708e-08,1.4165327816683778e-07,-7.043894464186114e-08
1102.0,2.6924237978009913e-08,2.977039820918375e-08,-1.3950035904208846e-07,7.431589632731596e-08,1.4207485619759784e-07,-7.061788953024655e-08
1103.0,2.8164145085551873e-08,2.9939544476165873e-08,-1.4006841961289318e-07,7.44606402151371e-08,1.4287190501023474e-07,-7.07385976861584e-08
1104.0,2.981971380933146e-08,3.008339970949349e-08,-1.407527084051896e-07,7.454257797952965e-08,1.438768232032761e-07,-7.080106057168274e-08
1105.0,3.184640116893345e-08,3.02020238385418e-08,-1.4122945554695399e-07,7.456170137632071e-08,1.4477552411060958e-07,-7.080532171375952e-08
1106.0,3.4346960942066573e-08,3.029550722077002e-08,-1.4151339372547866e-07,7.451806508388162e-08,1.4562195689406935e-07,-7.075147612855812e-08
1107.0,3.717704094574614e-08,3.036396992298023e-08,-1.414201959426542e-07,7.441178615643818e-08,1.4622518317287345e-07,-7.063966969047931e-08
1108.0,4.004086272269003e-08,3.0407560957321364e-08,-1.4094795899866064e-07,7.424304339054223e-08,1.4652507578385832e-07,-7.047009844898745e-08
1109.0,4.25855954111487e-08,3.042645747240544e-08,-1.4040730514364164e-07,7.401207660720156e-08,1.4672335967466716e-07,-7.024300789645179e-08
1110.0,4.4423244582869614e-08,3.042086389971476e-08,-1.399298350523992e-07,7.37191858521365e-08,1.4681206829501825e-07,-6.995869219009159e-08
1111.0,4.542558226794391e-08,3.039101105555443e-08,-1.3968138742881386e-07,7.336473051663521e-08,1.4688217563210363e-07,-6.961749333100137e-08
1112.0,4.571573491984893e-08,3.033715519914365e-08,-1.398590435963687e-07,7.294912838154492e-08,1.4714102247487902e-07,-6.921980030310391e-08
1113.0,4.539070561082603e-08,3.025957704801214e-08,-1.4040157400585507e-07,7.24728545870814e-08,1.4755649134880603e-07,-6.876604817476199e-08
1114.0,4.4586231220944406e-08,3.01585807526201e-08,-1.4141182475002623e-07,7.19364405313615e-08,1.4827419260822043e-07,-6.82567171656889e-08
1115.0,4.334949170459179e-08,3.0034492832983226e-08,-1.429129995178524e-07,7.134047270085071e-08,1.493429069699534e-07,-6.76923316817356e-08
1116.0,4.163630606957014e-08,2.9887661080988126e-08,-1.4466741662944038e-07,7.068559143623891e-08,1.50539839967216e-07,-6.707345932009615e-08
1117.0,3.95257955670969e-08,2.9718453432964267e-08,-1.4662244768315347e-07,6.997248963758101e-08,1.5185661223605316e-07,-6.640070984744714e-08
1118.0,3.702085843437786e-08,2.9527256817880385e-08,-1.4849901325275638e-07,6.920191141282576e-08,1.5304411421632837e-07,-6.567473415350272e-08
1119.0,3.411738133674014e-08,2.9314475987206034e-08,-1.5002344208592255e-07,6.83746506740745e-08,1.5385392060192908e-07,-6.489622318240994e-08
1120.0,3.113678577471024e-08,2.908053233297601e-08,-1.512899329980666e-07,6.74915496860391e-08,1.544608146260393e-07,-6.406590684431621e-08
1121.0,2.847190445909309e-08,2.8825862700875932e-08,-1.5250878504513565e-07,6.655349757119944e-08,1.5514373612708673e-07,-6.318455290931693e-08
1122.0,2.6347734244369647e-08,2.855091820519528e-08,-1.536958976200431e-07,6.5561428776104e-08,1.559379108653271e-07,-6.225296588584975e-08
1123.0,2.4925684058429987e-08,2.825616305224996e-08,-1.549877967632618e-07,6.451632150313563e-08,1.5697931988421538e-07,-6.127198588546526e-08
1124.0,2.418186446917492e-08,2.7942073378360714e-08,-1.5630771441066393e-07,6.341919611190004e-08,1.5816720315378665e-07,-6.024248747578762e-08
1125.0,2.399903274719062e-08,2.760913610771515e-08,-1.5753139920304804e-07,6.227111349420487e-08,1.5934897334991152e-07,-5.9165378523391997e-08
1126.0,2.440422211535953e-08,2.7257847834490016e-08,-1.5887242910128663e-07,6.107317342639212e-08,1.6073585407618036e-07,-5.8041599028263536e-08
1127.0,2.5351198459921953e-08,2.6888713732531465e-08,-1.603571712638363e-07,5.982651290257177e-08,1.6234871616090372e-07,-5.687211995145786e-08
1128.0,2.673919557993898e-08,2.6502246494754416e-08,-1.618940546066483e-07,5.853230445208382e-08,1.6408738372355946e-07,-5.565794203754571e-08
1129.0,2.8448087968646618e-08,2.6098965303295436e-08,-1.6335643526765864e-07,5.719175444429159e-08,1.6581501335050636e-07,-5.440009463338628e-08
1130.0,3.044877261437762e-08,2.5679394830401235e-08,-1.6455837772988424e-07,5.580610138358267e-08,1.6735168787560327e-07,-5.3099634504724124e-08
1131.0,3.266446917116195e-08,2.5244064269114604e-08,-1.6550206768939368e-07,5.4376614197224575e-08,1.6869470043750172e-07,-5.1757644652035353e-08
1132.0,3.482896765438781e-08,2.4793506392081137e-08,-1.662503483768063e-07,5.2904590518496877e-08,1.6985945756206764e-07,-5.037523312695642e-08
1133.0,3.667405223950482e-08,2.4328256636284182e-08,-1.6695806617783582e-07,5.139135496731284e-08,1.7093853272304793e-07,-4.895353185051959e-08
1134.0,3.805624367025917e-08,2.384885221125082e-08,-1.6784790424217988e-07,4.9838257430374726e-08,1.7210809580255696e-07,-4.749369543430798e-08
1135.0,3.890738969891672e-08,2.3355831228272868e-08,-1.6890637088984306e-07,4.8246671342799746e-08,1.7332959095422973e-07,-4.5996900005549104e-08
1136.0,3.925270977700457e-08,2.2849731848448177e-08,-1.7019456582945125e-07,4.661799197312653e-08,1.7466243288902501e-07,-4.4464342037105446e-08
1137.0,3.9111102939637377e-08,2.2331091447844953e-08,-1.7180416980733249e-07,4.495363471367227e-08,1.7619974783279812e-07,-4.289723718330504e-08
1138.0,3.839571063868341e-08,2.1800445798784345e-08,-1.7373641672535634e-07,4.3255033378352174e-08,1.779285617657159e-07,-4.1296819122586454e-08
1139.0,3.713467118526825e-08,2.125832826707524e-08,-1.7613216440892643e-07,4.1523638510282365e-08,1.8000423090419593e-07,-3.9664338408007915e-08
1140.0,3.5440142154286036e-08,2.07052690259653e-08,-1.789770569526894e-07,3.9760915701742515e-08,1.824521597333455e-07,-3.800106132677879e-08
1141.0,3.330777000043472e-08,2.0141794288538365e-08,-1.8194175113728228e-07,3.796834392934632e-08,1.84965424740146e-07,-3.6308268770098496e-08
1142.0,3.0701968023461035e-08,1.9568425561233814e-08,-1.8483249075718078e-07,3.614741390752427e-08,1.8736504604652635e-07,-3.458725511471167e-08
1143.0,2.7692412848945303e-08,1.8985678922033703e-08,-1.8752345418149297e-07,3.429962646362901e-08,1.8955715654534103e-07,-3.2839327117686244e-08
1144.0,2.447780823866541e-08,1.839406432760661e-08,-1.9000563641902168e-07,3.242649093810231e-08,1.9157584651298382e-07,-3.106580282597448e-08
1145.0,2.138043275756729e-08,1.7794084954264864e-08,-1.9245449273119775e-07,3.052952361318152e-08,1.9363846383743986e-07,-2.9268010502319957e-08
1146.0,1.860488178795361e-08,1.718623657794174e-08,-1.9488985675275572e-07,2.861024617357458e-08,1.9577588689992793e-07,-2.7447287569030957e-08
1147.0,1.620567183224786e-08,1.6571006998495566e-08,-1.972684202378172e-07,2.667018420240848e-08,1.9793295183636947e-07,-2.5604979571066e-08
1148.0,1.4204337359102759e-08,1.5948875513484994e-08,-1.9952868846040417e-07,2.4710865715571887e-08,2.0003364896571833e-07,-2.3742439159780715e-08
1149.0,1.2686972375441918e-08,1.532031244614023e-08,-2.0170346065606637e-07,2.2733819737340217e-08,2.0210206656214217e-07,-2.1861025098575118e-08
1150.0,1.177837781474178e-08,1.4685778731604107e-08,-2.0398450698011494e-07,2.074057491990196e-08,2.0432427479833952e-07,-1.9962101291557253e-08
1151.0,1.1480110848061109e-08,1.4045725564672652e-08,-2.0642589274033618e-07,1.8732658209106282e-08,2.0674487209778276e-07,-1.804703583620583e-08
1152.0,1.1685436340780342e-08,1.340059411127461e-08,-2.0890980220733546e-07,1.6711593558433242e-08,2.092363612778201e-07,-1.611720010087132e-08
1153.0,1.2350298450591879e-08,1.2750815284848235e-08,-2.1128092872468862e-07,1.4678900692852506e-08,2.1164158550385518e-07,-1.417396782780027e-08
1154.0,1.3404157936380834e-08,1.2096809587660877e-08,-2.1335594543869796e-07,1.2636093923884314e-08,2.1377659110394687e-07,-1.2218714262195141e-08
1155.0,1.4708812681729633e-08,1.1438987016033452e-08,-2.151250406978722e-07,1.0584681016805292e-08,2.1562729953734378e-07,-1.0252815307626185e-08
1156.0,1.6100926800155513e-08,1.0777747027433876e-08,-2.1669267075141718e-07,8.52616211055555e-09,2.1729002140274657e-07,-8.277646707891996e-09
1157.0,1.7419639397608933e-08,1.011347856654093e-08,-2.1822216300648734e-07,6.462028690515467e-09,2.1891632251609898e-07,-6.2945832551919776e-09
1158.0,1.8546723878909432e-08,9.446560146691395e-09,-2.197514665236433e-07,4.393762613952186e-09,2.2053273681232098e-07,-4.304998024245917e-09
1159.0,1.943187311059802e-08,8.777359982635072e-09,-2.2132321128576216e-07,2.3228351876107476e-09,2.221746194920304e-07,-2.310261631794263e-09
1160.0,2.002217619478941e-08,8.106236170245424e-09,-2.2293182017074642e-07,2.5070629666163214e-10,2.238291401587765e-07,-3.117415207558195e-10
1161.0,2.0223429014754046e-08,7.433536908765486e-09,-2.2466682500499324e-07,-1.8211764159735626e-09,2.2557519663947774e-07,1.6891987317827722e-09
1162.0,1.997375978501914e-08,6.759600761293643e-09,-2.2671686680797443e-07,-3.891378321011011e-09,2.2759501043558593e-07,3.691200083614408e-09
1163.0,1.9296077999331196e-08,6.084756949507305e-09,-2.2915781833221516e-07,-5.958478526041728e-09,2.2996878990188385e-07,5.692908674349815e-09
1164.0,1.8255658734700475e-08,5.4093256790513146e-09,-2.3190239675785485e-07,-8.021070551728314e-09,2.3261984158251714e-07,7.692976451034985e-09
1165.0,1.6852850018289622e-08,4.733618492542901e-09,-2.3474537214074331e-07,-1.0077762962005219e-08,2.3534954492251527e-07,9.69006177313397e-09
1166.0,1.5053910742968135e-08,4.057938647723295e-09,-2.3752530919907144e-07,-1.2127179949238898e-08,2.3800187549423164e-07,1.1682829997446515e-08
1167.0,1.2889797021409244e-08,3.3825815188735693e-09,-2.401950916219864e-07,-1.4167961875226183e-08,2.4054070114337733e-07,1.3669954043423784e-08
1168.0,1.0479190057366417e-08,2.707835020166434e-09,-2.427815160577218e-07,-1.6198765768863227e-08,2.430075677083828e-07,1.5650114939270274e-08
1169.0,8.014776800568946e-09,2.0339800501050913e-09,-2.4535660278490745e-07,-1.8218265781317987e-08,2.4548747254659205e-07,1.7622002349186846e-08
1170.0,5.6174144363874134e-09,1.3612909565669652e-09,-2.478714705989038e-07,-2.022515359958794e-08,2.479351150640291e-07,1.958431508211984e-08
1171.0,3.3627579332229374e-09,6.900360221913448e-10,-2.501912869379286e-07,-2.2218138819418887e-08,2.502138849076413e-07,2.153576158243041e-08
1172.0,1.4064858444573503e-09,2.0477969904134906e-11,-2.5228954014799854e-07,-2.4195949278693534e-08,2.522934606178274e-07,2.3475060402981327e-08
1173.0,-1.112969438832323e-10,-6.47125511749023e-10,-2.54335416283169e-07,-2.615733135256318e-08,2.543354406348879e-07,2.5400940661250062e-08
1174.0,-1.1396257687534828e-09,-1.3125212240830801e-09,-2.5650253757114605e-07,-2.8101050211783122e-08,2.565050692039633e-07,2.7312142479209438e-08
1175.0,-1.7179966893543508e-09,-1.9754598956347666e-09,-2.588147189896972e-07,-3.002589004591002e-08,2.5882042090673715e-07,2.9207417407861315e-08
1176.0,-1.9123646277652284e-09,-2.6356956030394753e-09,-2.610853187812179e-07,-3.193065425321811e-08,2.6109232241021506e-07,3.1085528837456875e-08
1177.0,-1.720128109394814e-09,-3.2929851777076417e-09,-2.6319367132932037e-07,-3.3814165599387086e-08,2.631992923024662e-07,3.294525239458589e-08
1178.0,-1.1499200480713512e-09,-3.947087601268478e-09,-2.650301784978826e-07,-3.5675266347210226e-08,2.6503267313811793e-07,3.478537632747129e-08
1179.0,-2.7375407496421644e-10,-4.597763393422116e-09,-2.6655573989731174e-07,-3.7512818359770145e-08,2.6655588047067515e-07,3.660470188096701e-08
1180.0,8.487989339167612e-10,-5.244773996458392e-09,-2.679513169401293e-07,-3.93257031797285e-08,2.679526613220698e-07,3.840204366292306e-08
1181.0,2.0753364721182166e-09,-5.887881161220599e-09,-2.69404221681091e-07,-4.111282208756268e-08,2.694122151667718e-07,4.017623000374037e-08
1182.0,3.183328337041935e-09,-6.526846339678155e-09,-2.7080203598983665e-07,-4.287309614173911e-08,2.708207456520682e-07,4.1926103311069506e-08
1183.0,4.085907959194834e-09,-7.161430089492836e-09,-2.721534610172771e-07,-4.460546620392165e-08,2.721841306680711e-07,4.365052042169617e-08
1184.0,4.706023917777635e-09,-7.791391495998566e-09,-2.7343869088425343e-07,-4.630889295236296e-08,2.7347918446128397e-07,4.5348352952688075e-08
1185.0,4.982975143619228e-09,-8.416487616857528e-09,-2.7479013289810617e-07,-4.7982356886611475e-08,2.7483530919341634e-07,4.7018487653849777e-08
1186.0,4.910192627494148e-09,-9.036472954312903e-09,-2.7638584013112144e-07,-4.962485832658498e-08,2.764294532364902e-07,4.8659826763441355e-08
1187.0,4.522436938825258e-09,-9.651098959450127e-09,-2.782939096390713e-07,-5.123541740891512e-08,2.783306533209471e-07,5.0271288368963905e-08
1188.0,3.855525204654597e-09,-1.0260113572233233e-08,-2.8049758088455334e-07,-5.2813074083260376e-08,2.805240773208073e-07,5.1851806774606685e-08
1189.0,2.818217298417025e-09,-1.0863260800334439e-08,-2.826711594516862e-07,-5.435688811103206e-08,2.8268520784523144e-07,5.340033287669709e-08
1190.0,1.3270019388889054e-09,-1.1460280338960374e-08,-2.8465687509915405e-07,-5.586593906870101e-08,2.84659968164407e-07,5.49158345482208e-08
1191.0,-6.190466195210576e-10,-1.2050907233034204e-08,-2.865966834131317e-07,-5.7339326357576004e-08,2.8659735198030703e-07,5.639729703320578e-08
1192.0,-2.8975405685915945e-09,-1.263487158225855e-08,-2.8857008282923147e-07,-5.877616922168955e-08,2.885846296070117e-07,5.7843723351512757e-08
1193.0,-5.305573300140587e-09,-1.3211898288800936e-08,-2.906003278568825e-07,-6.017560677520174e-08,2.906487565061491e-07,5.9254134714354175e-08
1194.0,-7.65750418629807e-09,-1.3781706846655519e-08,-2.9253699859732585e-07,-6.153679804054065e-08,2.926372035792698e-07,6.062757095067702e-08
1195.0,-9.853678734073057e-09,-1.4344011171181606e-08,-2.942665779381848e-07,-6.28589219983393e-08,2.9443150965215e-07,6.196309094439244e-08
1196.0,-1.1816239292583575e-08,-1.4898519466932102e-08,-2.958911603234693e-07,-6.41411776501054e-08,2.961270036126199e-07,6.325977308232077e-08
1197.0,-1.351722760112306e-08,-1.5444934131679212e-08,-2.9751240235298404e-07,-6.538278409447123e-08,2.978193160220882e-07,6.451671571264478e-08
1198.0,-1.493323394108348e-08,-1.5982951694521445e-08,-2.9914981855561074e-07,-6.658298061781632e-08,2.99522312053366e-07,6.573303761362717e-08
1199.0,-1.5971095668199098e-08,-1.65122627861035e-08,-3.0077104659631537e-07,-6.774102680002568e-08,3.0119478476143254e-07,6.690787847234448e-08
1200.0,-1.659349289917511e-08,-1.7032552139278313e-08,-3.022396707907937e-07,-6.88562026361413e-08,3.0269483412559644e-07,6.804039937321534e-08
1201.0,-1.68244252557459e-08,-1.7543498618960664e-08,-3.0347717339118674e-07,-6.992780867467886e-08,3.0394317899023593e-07,6.912978329615412e-08
1202.0,-1.67533420608601e-08,-1.8044775280432235e-08,-3.044721331724176e-07,-7.095516617341811e-08,3.049327046231194e-07,7.017523562426218e-08
1203.0,-1.63408563624845e-08,-1.8536049455920755e-08,-3.0526473090985995e-07,-7.193761727352885e-08,3.0570178201006375e-07,7.117598466107088e-08
1204.0,-1.5487108429024232e-08,-1.901698286985246e-08,-3.0599353006977026e-07,-7.28745251929563e-08,3.0638520031498216e-07,7.2131282157464e-08
1205.0,-1.4297043798849884e-08,-1.9487231783727196e-08,-3.066990240663259e-07,-7.376527444004586e-08,3.0703207784305367e-07,7.30404038485155e-08
1206.0,-1.3047791111442386e-08,-1.994644717205115e-08,-3.0735506512113986e-07,-7.460927104842344e-08,3.076318918911171e-07,7.390265000056455e-08
1207.0,-1.1936128085920927e-08,-2.039427493114565e-08,-3.077797958717099e-07,-7.540594283414913e-08,3.0801115872726903e-07,7.471734596889907e-08
1208.0,-1.0983168791112163e-08,-2.0830356122898204e-08,-3.0816783480602794e-07,-7.615473967612591e-08,3.0836349395758473e-07,7.54838427664234e-08
1209.0,-1.0263721164638362e-08,-2.1254327255610662e-08,-3.0870242781477764e-07,-7.685513382066213e-08,3.088730045032803e-07,7.620151764363939e-08
1210.0,-9.752487262204568e-09,-2.166582060401932e-08,-3.0947321960628216e-07,-7.750662021095766e-08,3.0962684744911513e-07,7.686977468016927e-08
1211.0,-9.487742716474123e-09,-2.206446457031902e-08,-3.10477720949498e-07,-7.810871684210401e-08,3.1062265285688415e-07,7.74880453878925e-08
1212.0,-9.585414129098524e-09,-2.2449884087633677e-08,-3.1143428941282636e-07,-7.866096514196592e-08,3.1158176581131705e-07,7.805578932556387e-08
1213.0,-1.0094331426291347e-08,-2.2821701066862532e-08,-3.122819869083582e-07,-7.916293037805835e-08,3.1244509097499967e-07,7.857249472454076e-08
1214.0,-1.103996213891456e-08,-2.317953488722205e-08,-3.1308290171505604e-07,-7.961420209026971e-08,3.132774873979107e-07,7.903767912499404e-08
1215.0,-1.2471005783609712e-08,-2.3523002930130763e-08,-3.1378212600463584e-07,-8.001439454902343e-08,3.1402985301598956e-07,7.945089002172876e-08
1216.0,-1.4259668945637571e-08,-2.3851721155387325e-08,-3.1454069343572755e-07,-8.03631472382285e-08,3.1486375781513424e-07,7.981170551850696e-08
1217.0,-1.6271926278621507e-08,-2.4165304717914404e-08,-3.15289358371329e-07,-8.066012536214647e-08,3.1570897213576497e-07,8.011973498955073e-08
1218.0,-1.8313777189193914e-08,-2.4463368622729365e-08,-3.158855492735313e-07,-8.09050203750989e-08,3.164159835956079e-07,8.037461974671337e-08
1219.0,-2.0198873879051504e-08,-2.474552841530088e-08,-3.1636433708848166e-07,-8.109755053275676e-08,3.170084987621251e-07,8.057603371064007e-08
1220.0,-2.1872456040794575e-08,-2.5011400904094397e-08,-3.166850255365006e-07,-8.123746146359372e-08,3.174394583732629e-07,8.072368408410477e-08
1221.0,-2.3241168295440318e-08,-2.5260604911921213e-08,-3.170530721019471e-07,-8.132452675894784e-08,3.1790376284816045e-07,8.081731202560534e-08
1222.0,-2.4248432428652933e-08,-2.549276205269241e-08,-3.1762921653966103e-07,-8.13585485800203e-08,3.185534581115795e-07,8.085669332122628e-08
1223.0,-2.4941103821118915e-08,-2.5707497530332403e-08,-3.181325316514716e-07,-8.133935828003953e-08,3.191087061720354e-07,8.084163905273178e-08
1224.0,-2.5212561025056424e-08,-2.5904440956907407e-08,-3.1852315793279296e-07,-8.126681703973584e-08,3.195194444363616e-07,8.077199625983302e-08
1225.0,-2.506322228923441e-08,-2.608322718744395e-08,-3.1865953903364996e-07,-8.114081651421024e-08,3.1964365616833043e-07,8.064764859458464e-08
1226.0,-2.453456156292777e-08,-2.6243497169418225e-08,-3.184951674617409e-07,-8.09612794892479e-08,3.1943875220074266e-07,8.046851696591183e-08
1227.0,-2.358461034801529e-08,-2.6384898805451274e-08,-3.1826632032605495e-07,-8.07281605451232e-08,3.1913897364495414e-07,8.023456017235063e-08
1228.0,-2.23004928551207e-08,-2.6507087828307625e-08,-3.1795667965184293e-07,-8.044144672596406e-08,3.187377638699342e-07,7.994577552118923e-08
1229.0,-2.0841201708865498e-08,-2.6609728687825095e-08,-3.1749187665019996e-07,-8.01011582127742e-08,3.181751835507216e-07,7.96021994323133e-08
1230.0,-1.933939941523022e-08,-2.669249544986023e-08,-3.1684925083652615e-07,-7.970734899824141e-08,3.1743890770573427e-07,7.920390802516671e-08
1231.0,-1.789715552147353e-08,-2.675507270768139e-08,-3.159965868138048e-07,-7.926010756147571e-08,3.1650300323019735e-07,7.875101768732533e-08
1232.0,-1.6570519942304962e-08,-2.6797156506450765e-08,-3.1508527562063016e-07,-7.875955754081516e-08,3.1552070145092986e-07,7.824368562323892e-08
1233.0,-1.5357983412789267e-08,-2.6818455281490514e-08,-3.1433462335805906e-07,-7.820585840279952e-08,3.147095853261549e-07,7.768211038170985e-08
1234.0,-1.4323124547521715e-08,-2.6818690810920816e-08,-3.1374967623953864e-07,-7.759920610533413e-08,3.1407644171000655e-07,7.706653236064218e-08
1235.0,-1.3522163958001876e-08,-2.6797599182993836e-08,-3.1327537386438564e-07,-7.69398337529432e-08,3.135670722317279e-07,7.639723428750413e-08
1236.0,-1.3035083748502707e-08,-2.675493177803877e-08,-3.1278102743947933e-07,-7.622801224184518e-08,3.130525267977034e-07,7.567454167380546e-08
1237.0,-1.2906380852939492e-08,-2.669045626439754e-08,-3.12205277991362e-07,-7.546405089238507e-08,3.124719351756006e-07,7.489882324171154e-08
1238.0,-1.3134223444954962e-08,-2.6603957607091103e-08,-3.1166338906873925e-07,-7.464829806614475e-08,3.1194001973346466e-07,7.407049132071416e-08
1239.0,-1.3737532847390987e-08,-2.6495239087242514e-08,-3.1120657822958364e-07,-7.378114176483491e-08,3.1150963731817207e-07,7.319000221207076e-08
1240.0,-1.4654968474858698e-08,-2.636412332952925e-08,-3.1079541110146103e-07,-7.286301020786204e-08,3.111407328890341e-07,7.22578565185196e-08
1241.0,-1.576574938655373e-08,-2.621045333418322e-08,-3.1035889253017146e-07,-7.18943723852671e-08,3.1075907231531334e-07,7.127459943658742e-08
1242.0,-1.694882023617339e-08,-2.6034093509342365e-08,-3.097396176765521e-07,-7.087573858255658e-08,3.102029871967947e-07,7.024082100863665e-08
1243.0,-1.8129155177071254e-08,-2.5834930698921385e-08,-3.08954297006947e-07,-6.980766087380151e-08,3.09485741039052e-07,6.915715633166407e-08
1244.0,-1.9242691606802254e-08,-2.5612875200643304e-08,-3.0815941204354047e-07,-6.869073357926924e-08,3.0875962237846943e-07,6.802428571976528e-08
1245.0,-2.025896811419514e-08,-2.536786176848201e-08,-3.073934761177455e-07,-6.75255936837796e-08,3.0806034303169067e-07,6.684293481712604e-08
1246.0,-2.1082666334937272e-08,-2.509985059352259e-08,-3.0675143708469577e-07,-6.631292121193717e-08,3.0747507699538243e-07,6.56138746583871e-08
1247.0,-2.1634254304681022e-08,-2.4808828257155638e-08,-3.0613649176780555e-07,-6.505343955638125e-08,3.068999715725293e-07,6.43379216732522e-08
1248.0,-2.1888702822492334e-08,-2.4494808650581278e-08,-3.053873165459464e-07,-6.374791575521714e-08,3.0617075042920977e-07,6.301593763227045e-08
1249.0,-2.1821506282493353e-08,-2.4157833854797142e-08,-3.044766335169591e-07,-6.239716071485126e-08,3.052575936717341e-07,6.164882953083016e-08
1250.0,-2.142074813360484e-08,-2.379797497556527e-08,-3.034140863555912e-07,-6.10020293745562e-08,3.0416928880082795e-07,6.023754940855518e-08
1251.0,-2.067426299601216e-08,-2.3415332928271707e-08,-3.0229869779629936e-07,-5.956342080924194e-08,3.0300483138023823e-07,5.8783094101501865e-08
1252.0,-1.9652850846707537e-08,-2.3010039168080938e-08,-3.0111665658139053e-07,-5.808227826710502e-08,3.0175731211879194e-07,5.7286504924806635e-08
1253.0,-1.8502422788335693e-08,-2.2582256361314075e-08,-2.996956011691587e-07,-5.655958913905997e-08,3.0026620357473093e-07,5.574886728372265e-08
1254.0,-1.727408101281913e-08,-2.213217899451257e-08,-2.9803116383120276e-07,-5.499638485711932e-08,2.9853135260708995e-07,5.417131021129998e-08
1255.0,-1.6020156867746493e-08,-2.166003391815909e-08,-2.962143809404072e-07,-5.339374071917092e-08,2.966472735454952e-07,5.255500583129381e-08
1256.0,-1.474871461071281e-08,-2.116608082249008e-08,-2.9432501505444186e-07,-5.1752775637894826e-08,2.9469431462019364e-07,5.090116874521948e-08
1257.0,-1.3451494126903718e-08,-2.0650612643234017e-08,-2.925566235933985e-07,-5.007465181185154e-08,2.9286570421033526e-07,4.92110553427965e-08
1258.0,-1.2213207070677079e-08,-2.0113955895436714e-08,-2.908709384463748e-07,-4.836057431704702e-08,2.9112723208182704e-07,4.748596303532173e-08
1259.0,-1.1138514194319882e-08,-1.955647093378588e-08,-2.892004480614663e-07,-4.661179061752661e-08,2.894148677200429e-07,4.5727229411775346e-08
1260.0,-1.023617091089335e-08,-1.8978552138021458e-08,-2.875084170184117e-07,-4.482958999376908e-08,2.8769057866282296e-07,4.393623131769075e-08
1261.0,-9.496075981108021e-09,-1.8380628022120336e-08,-2.858114521997468e-07,-4.3015302887847126e-08,2.859691620919415e-07,4.211438385701558e-08
1262.0,-8.956224345491037e-09,-1.776316126598268e-08,-2.8414785441244206e-07,-4.1170300164499986e-08,2.8428896763983145e-07,4.026313931736363e-08
1263.0,-8.59837685773801e-09,-1.712664866833739e-08,-2.825502272429947e-07,-3.929599228743295e-08,2.8268102695380114e-07,3.838398601921417e-08
1264.0,-8.370757947906426e-09,-1.6471621019543887e-08,-2.809773217427036e-07,-3.739382841032243e-08,2.8110198313481397e-07,3.6478447089761006e-08
1265.0,-8.23296068819257e-09,-1.5798642892917096e-08,-2.7927878054612165e-07,-3.546529538216908e-08,2.794001054134055e-07,3.454807916225387e-08
1266.0,-8.161299649978027e-09,-1.510831235316281e-08,-2.774354807000279e-07,-3.351191666680888e-08,2.775554949253073e-07,3.2594471001816074e-08
1267.0,-8.107771717891232e-09,-1.4401260580499893e-08,-2.755025804435096e-07,-3.153525117656878e-08,2.756218565231392e-07,3.061924205886766e-08
1268.0,-8.045811794588076e-09,-1.3678151409080412e-08,-2.7363757285070456e-07,-2.9536892020238334e-08,2.7375583347767873e-07,2.8624040951434633e-08
1269.0,-7.881159183598108e-09,-1.293968077841074e-08,-2.718911066568186e-07,-2.7518465165719122e-08,2.7200530610476467e-07,2.6610543877778485e-08
1270.0,-7.50004273963878e-09,-1.218657609663364e-08,-2.7023287277327945e-07,-2.548162801790358e-08,2.703369308259525e-07,2.458045296093055e-08
1271.0,-6.8368181949107765e-09,-1.1419595514756314e-08,-2.6852249321307475e-07,-2.342806791252355e-08,2.6860951480615133e-07,2.253549452686158e-08
1272.0,-5.909279732208006e-09,-1.0639527111199089e-08,-2.6668703961840734e-07,-2.135950052689817e-08,2.667525008081151e-07,2.0477417318160818e-08
1273.0,-4.754708932130924e-09,-9.847187986382968e-09,-2.64797354571078e-07,-1.9277668208708126e-08,2.648400389761157e-07,1.8407990645246993e-08
1274.0,-3.4935665471635957e-09,-9.043423267453472e-09,-2.629219688077278e-07,-1.718433822413274e-08,2.6294517810553447e-07,1.632900247728962e-08
1275.0,-2.245047037163772e-09,-8.229105023630562e-09,-2.610599541541525e-07,-1.5081300926907675e-08,2.610696073831025e-07,1.4242257475182448e-08
1276.0,-9.882052676157826e-10,-7.405131093056983e-09,-2.5923169413855085e-07,-1.2970367850091726e-08,2.5923357767772703e-07,1.2149574969078308e-08
1277.0,2.582899311098785e-10,-6.572423822371656e-09,-2.573248419623919e-07,-1.0853369722566988e-08,2.5732497159167915e-07,1.0052786883162286e-08
1278.0,1.4344423426848607e-09,-5.731928720549195e-09,-2.553577775621374e-07,-8.732154412537647e-09,2.5536180643610065e-07,7.95373561050728e-09
1279.0,2.482705790951556e-09,-4.884613028816073e-09,-2.53383633325166e-07,-6.608584800537588e-09,2.5339579606833775e-07,5.854271841023279e-09
1280.0,3.3952952532834146e-09,-4.031464208678401e-09,-2.5147465421149207e-07,-4.484536584705392e-09,2.5149757402537e-07,3.75625234567734e-09
1281.0,4.1872003225806864e-09,-3.1734883502797503e-09,-2.4965058997850065e-07,-2.361896021335117e-09,2.496857018796929e-07,1.6615377203252588e-09
1282.0,4.818628718261664e-09,-2.3117085034572188e-09,-2.4790530908647135e-07,-2.4255760395936835e-10,2.4795213541323525e-07,-4.2800990734516906e-10
1283.0,5.2011513707039825e-09,-1.4471629339914333e-09,-2.461005042531106e-07,1.871578315531588e-09,2.461554593528575e-07,-2.5105292041037826e-09
1284.0,5.360544425014879e-09,-5.809033076647835e-10,-2.4421306044075664e-07,3.978607959981915e-09,2.4427188607445845e-07,-4.584161986890731e-09
1285.0,5.362551694365614e-09,2.8600719513202707e-10,-2.4235402357186686e-07,6.076626610266376e-09,2.4241334472785887e-07,-6.6470556039842985e-09
1286.0,5.2269888139999665e-09,1.1524958313535944e-09,-2.405186562137729e-07,8.163731134521491e-09,2.4057544637585266e-07,-8.697365337493107e-09
1287.0,5.070825231934251e-09,2.017482310724771e-09,-2.3880272803644687e-07,1.0238022558775005e-08,2.3885655985587255e-07,-1.0733256822876067e-08
1288.0,5.034665864767085e-09,2.879880871285808e-09,-2.3726341008556417e-07,1.2297608674165348e-08,2.3731682120279726e-07,-1.2752908481026142e-08
1289.0,5.126678262468154e-09,3.738602411363328e-09,-2.3570454435462018e-07,1.4340606675668828e-08,2.3576029152388232e-07,-1.47545139582876e-08
1290.0,5.378487974438961e-09,4.592556673840413e-09,-2.3411870977985139e-07,1.6365145826971837e-08,2.3418048253830519e-07,-1.6736284569606774e-08
1291.0,5.7944656711717e-09,5.440654478076925e-09,-2.3247694050376744e-07,1.8369370145833698e-08,2.3254914254498255e-07,-1.8696451739838485e-08
1292.0,6.333127508528769e-09,6.281809994227297e-09,-2.3074992161475905e-07,2.0351441103977225e-08,2.3083681428501982e-07,-2.063326943803857e-08
1293.0,7.05062905281828e-09,7.114943054031196e-09,-2.2892950343744722e-07,2.230954033521879e-08,2.2903805123637557e-07,-2.2545016599366598e-08
1294.0,8.040184990010246e-09,7.93898149142959e-09,-2.270714669072582e-07,2.4241872345210546e-08,2.272137664361199e-07,-2.442999952900549e-08
1295.0,9.300097081332837e-09,8.752863505603882e-09,-2.250910849377341e-07,2.6146667215824275e-08,2.2528312924888195e-07,-2.62865542822835e-08
1296.0,1.0791782870112065e-08,9.555540038269458e-09,-2.229626855088096e-07,2.802218329686802e-08,2.2322370328174375e-07,-2.8113049014968582e-08
1297.0,1.2487226988544542e-08,1.034597715630111e-08,-2.206530432258269e-07,2.9866709877505886e-08,2.210061001933704e-07,-2.9907886297506746e-08
1298.0,1.4465086212167577e-08,1.1123158430053085e-08,-2.182473931022777e-07,3.167856982946056e-08,2.187262291428844e-07,-3.1669505386805704e-08
1299.0,1.673091377940583e-08,1.1886087297089296e-08,-2.1584902465399125e-07,3.345612221383351e-08,2.164964778465766e-07,-3.339638444903588e-08
1300.0,1.9211594551316047e-08,1.263378940048844e-08,-2.1351047702067305e-07,3.519776484319554e-08,2.1437306072078998e-07,-3.5087042726848913e-08
1301.0,2.175226707090694e-08,1.3365314890463175e-08,-2.1112993739413888e-07,3.690193679049663e-08,2.1224752433603804e-07,-3.6740042644410064e-08
1302.0,2.4231156608989224e-08,1.4079740677760253e-08,-2.0868410974261842e-07,3.8567120836331343e-08,2.100861885267058e-07,-3.835399184371562e-08
1303.0,2.6622863691372345e-08,1.4776172627215706e-08,-2.0633284175675115e-07,4.0191845846181316e-08,2.080433090934335e-07,-3.99275451458217e-08
1304.0,2.896275261288217e-08,1.5453747679944815e-08,-2.0427252256371986e-07,4.17746890694449e-08,2.063155459810541e-07,-4.1459406430848045e-08
1305.0,3.122073301276007e-08,1.611163589296057e-08,-2.024938332290116e-07,4.331427835235941e-08,2.0488652143475132e-07,-4.294833043093851e-08
1306.0,3.328461158080831e-08,1.6749042385537846e-08,-2.0099545552931808e-07,4.480929425732048e-08,2.0373276248930452e-07,-4.439312443075384e-08
1307.0,3.496469282160408e-08,1.7365209182368742e-08,-1.9970343292929904e-07,4.625847208160048e-08,2.0274119183790988e-07,-4.5792649870531616e-08
1308.0,3.615700606973693e-08,1.7959416944478267e-08,-1.9855620342346114e-07,4.7660603769043244e-08,2.0182144337474618e-07,-4.7145823847253385e-08
1309.0,3.680361786162489e-08,1.8530986579972238e-08,-1.9761399225326493e-07,4.901453970894608e-08,2.0101193054636824e-07,-4.845162050998852e-08
1310.0,3.684399858816523e-08,1.907928072794615e-08,-1.9684150182053273e-07,5.0319190417009424e-08,2.0025997371149211e-07,-4.9709072346016594e-08
1311.0,3.625515665461876e-08,1.960370511025633e-08,-1.9615357599311878e-07,5.157352809391854e-08,1.9947596787317306e-07,-5.0917271354851346e-08
1312.0,3.514461172082761e-08,2.010370974729492e-08,-1.955294427757881e-07,5.277658805780493e-08,1.98662796530246e-07,-5.207537010778894e-08
1313.0,3.372668103129861e-08,2.0578790035361456e-08,-1.9496497227766696e-07,5.3927470047502396e-08,1.9786063132573495e-07,-5.318258269107665e-08
1314.0,3.217193210447444e-08,2.1028487684625793e-08,-1.9451905824974247e-07,5.5025339394152406e-08,1.9716160183388047e-07,-5.42381855312449e-08
1315.0,3.053511135608922e-08,2.1452391517972964e-08,-1.9419891864047578e-07,5.6069428059317944e-08,1.9658487486747016e-07,-5.524151810156742e-08
1316.0,2.8807139521025427e-08,2.1850138132161804e-08,-1.9398980311002845e-07,5.7059035538327623e-08,1.961170441293959e-07,-5.6191983509014625e-08
1317.0,2.70237781874183e-08,2.2221412423680407e-08,-1.938227914555224e-07,5.7993529628088835e-08,1.9569762153673128e-07,-5.7089048961444485e-08
1318.0,2.5327933861341023e-08,2.2565947982421127e-08,-1.9364717565584222e-07,5.8872347059072304e-08,1.952965255020403e-07,-5.7932246115131e-08
1319.0,2.3901493798050844e-08,2.2883527356812877e-08,-1.934748536658315e-07,5.96949939915767e-08,1.9494563449021672e-07,-5.872117130305842e-08
1320.0,2.286472139401141e-08,2.3173982194334267e-08,-1.9330627148983481e-07,6.046104637672604e-08,1.9465382113312722e-07,-5.945548564470557e-08
1321.0,2.2297444543517564e-08,2.3437193261391074e-08,-1.930789609583261e-07,6.117015018293491e-08,1.943621907622932e-07,-6.01349150383077e-08
1322.0,2.226264503302211e-08,2.3673090346391297e-08,-1.92781809515985e-07,6.18220214887994e-08,1.94063008953597e-07,-6.075925003681305e-08
1323.0,2.2800845669856962e-08,2.3881652049518962e-08,-1.9237963683194081e-07,6.24164464435413e-08,1.9372610363822959e-07,-6.132834560894808e-08
1324.0,2.382424710289932e-08,2.4062905462235562e-08,-1.9187578370605252e-07,6.295328109625691e-08,1.9334919478195883e-07,-6.184212078697309e-08
1325.0,2.516041561206883e-08,2.4216925738976306e-08,-1.912490201483319e-07,6.343245109531159e-08,1.9289695233846774e-07,-6.230055820285157e-08
1326.0,2.6682548573409015e-08,2.4343835562913258e-08,-1.9051074187648176e-07,6.385395125928832e-08,1.923702190275298e-07,-6.27037035146793e-08
1327.0,2.836943617523513e-08,2.444380450708525e-08,-1.8970152232400395e-07,6.421784502096166e-08,1.9181108539640066e-07,-6.305166472533182e-08
1328.0,3.023741855512352e-08,2.451704829169455e-08,-1.8890280051309105e-07,6.452426374584093e-08,1.91307526047896e-07,-6.334461139540135e-08
1329.0,3.223613076475118e-08,2.45638279379827e-08,-1.881441912543469e-07,6.477340592692787e-08,1.9088584240177268e-07,-6.358277375261897e-08
1330.0,3.425262926071149e-08,2.4584448818854104e-08,-1.8752874011984666e-07,6.496553625747796e-08,1.9063124345764713e-07,-6.376644170010234e-08
1331.0,3.612731756807985e-08,2.4579259606338954e-08,-1.871179279577806e-07,6.510098458375203e-08,1.9057361317317268e-07,-6.389596372594279e-08
1332.0,3.770815767967228e-08,2.454865111609631e-08,-1.869262253595405e-07,6.518014474000194e-08,1.9069168540542284e-07,-6.397174571684758e-08
1333.0,3.8852003822476e-08,2.449305504946332e-08,-1.8699997092475051e-07,6.520347326824945e-08,1.909933698505768e-07,-6.399424967877926e-08
1334.0,3.942169857218403e-08,2.441294263405874e-08,-1.873251230521955e-07,6.517148802578268e-08,1.9142824254753093e-07,-6.396399236777602e-08
1335.0,3.935257378295809e-08,2.4308823164633446e-08,-1.8783155736334933e-07,6.508476668369783e-08,1.9190966365684755e-07,-6.388154383438247e-08
1336.0,3.8742881069975255e-08,2.418124244669902e-08,-1.8854405994805923e-07,6.494394512023552e-08,1.9248343662585516e-07,-6.374752588535631e-08
1337.0,3.767205930538253e-08,2.4030781146414338e-08,-1.8935817747145478e-07,6.474971571308427e-08,1.9306916747015622e-07,-6.356261046653215e-08
1338.0,3.620996261166631e-08,2.3858053051216825e-08,-1.9020913985534627e-07,6.450282553522725e-08,1.9362509722876565e-07,-6.332751797091225e-08
1339.0,3.4374428831140946e-08,2.366370324669259e-08,-1.9111384122472153e-07,6.420407445927934e-08,1.9418059034088664e-07,-6.304301547620922e-08
1340.0,3.214511130888997e-08,2.344840621613286e-08,-1.91997696158408e-07,6.385431317558427e-08,1.9467003752811394e-07,-6.270991491618942e-08
1341.0,2.9633227607850365e-08,2.3212863870073203e-08,-1.9288271013717662e-07,6.345444112961172e-08,1.9514576103087856e-07,-6.232907119025707e-08
1342.0,2.704588264457186e-08,2.295780351381214e-08,-1.9378868343356004e-07,6.3005404384408e-08,1.9566689447869433e-07,-6.190138021578758e-08
1343.0,2.4579169671801182e-08,2.2683975761418234e-08,-1.9469005441141718e-07,6.25081934140122e-08,1.962354526289166e-07,-6.142777692776668e-08
1344.0,2.2445179187480235e-08,2.239215240502721e-08,-1.956238977196545e-07,6.196384083385654e-08,1.9690732700381654e-07,-6.09092332303297e-08
1345.0,2.0807996464755618e-08,2.208312424828251e-08,-1.965714927221196e-07,6.137341907422841e-08,1.9766973584208483e-07,-6.034675590482636e-08
1346.0,1.9752195754008106e-08,2.1757698912580094e-08,-1.9749019597448125e-07,6.073803800288746e-08,1.9847550665798456e-07,-5.974138447906268e-08
1347.0,1.9301571493879344e-08,2.1416698624356183e-08,-1.9840188356101685e-07,6.005884250290692e-08,1.9933855137100958e-07,-5.909418906239311e-08
1348.0,1.9395927267074065e-08,2.1060957991039198e-08,-1.992520485272209e-07,5.933701001174937e-08,2.0019385813966325e-07,-5.840626815135012e-08
1349.0,1.9971128348283962e-08,2.069132177252297e-08,-1.9998880720906165e-07,5.8573748027497976e-08,2.0098350423954414e-07,-5.767874641050112e-08
1350.0,2.0987015070250692e-08,2.030864265416593e-08,-2.006165649992564e-07,5.77702915880505e-08,2.017113307517944e-07,-5.6912772433214936e-08
1351.0,2.2381102471324965e-08,1.9913779026441604e-08,-2.0108874349000772e-07,5.692790072895535e-08,2.0233041418981495e-07,-5.610951648700226e-08
1352.0,2.4147852176192863e-08,1.950759277551928e-08,-2.014326148658263e-07,5.604785792543679e-08,2.028748803977653e-07,-5.5270168248071074e-08
1353.0,2.618010713772989e-08,1.909094708829505e-08,-2.017613520421957e-07,5.513146552403516e-08,2.034527984266568e-07,-5.439593452971927e-08
1354.0,2.8291295875448874e-08,1.8664704274772502e-08,-2.0211870563335843e-07,5.4180043169193736e-08,2.0408911923279102e-07,-5.348803700918064e-08
1355.0,3.032945042336088e-08,1.8229723610252377e-08,-2.0261845659619304e-07,5.3194925230071764e-08,2.048758514720719e-07,-5.2547709957559734e-08
1356.0,3.209783309976455e-08,1.7786859199567147e-08,-2.0329596098211944e-07,5.2177458232866806e-08,2.0581428191781e-07,-5.157619797754052e-08
1357.0,3.3382842087870124e-08,1.733695786561306e-08,-2.0413115989215136e-07,5.112899830399409e-08,2.068428016266912e-07,-5.057475375363788e-08
1358.0,3.407495433038754e-08,1.688085706469753e-08,-2.052227669191442e-07,5.005090862959594e-08,2.080324171242727e-07,-4.9544635819874296e-08
1359.0,3.413668496488054e-08,1.6419382831723613e-08,-2.065975416853938e-07,4.894455693703202e-08,2.093988001179556e-07,-4.84871063498996e-08
1360.0,3.3558927761689894e-08,1.5953347758947475e-08,-2.0824876109659662e-07,4.7811313004218344e-08,2.10935412225595e-07,-4.740342897471899e-08
1361.0,3.236788889693365e-08,1.5483549012923744e-08,-2.1011347633992372e-07,4.6652546202921237e-08,2.1259198755195815e-07,-4.629486663334149e-08
1362.0,3.0610055712365636e-08,1.5010766395240065e-08,-2.120776453062856e-07,4.546962308235001e-08,2.1427529757154186e-07,-4.516267946179532e-08
1363.0,2.8281911798599957e-08,1.4535760453671194e-08,-2.1407343822610336e-07,4.426390499960618e-08,2.15933562673636e-07,-4.400812272606406e-08
1364.0,2.5405842152270708e-08,1.405927065138807e-08,-2.1603669908554224e-07,4.3036745803714556e-08,2.1752542878303498e-07,-4.2832444804567154e-08
1365.0,2.212169961102184e-08,1.358201360277222e-08,-2.180413205266074e-07,4.178948958006621e-08,2.1916064211136777e-07,-4.163688522583143e-08
1366.0,1.8609879373632232e-08,1.310468138514732e-08,-2.2009370842512865e-07,4.0523468462134064e-08,2.208790802648062e-07,-4.042267276697455e-08
1367.0,1.508975015773739e-08,1.2627939936288464e-08,-2.221634793908578e-07,3.92400005172741e-08,2.2267535143090046e-07,-3.919102361854815e-08
1368.0,1.1809283786967661e-08,1.2152427547854545e-08,-2.2424172929635944e-07,3.7940387713298735e-08,2.2455247124309917e-07,-3.794313962116836e-08
1369.0,8.937186116164675e-09,1.167875346487186e-08,-2.2628849957739838e-07,3.662591397230202e-08,2.2646491634835008e-07,-3.668020657919543e-08
1370.0,6.5679847116584256e-09,1.1207496601056824e-08,-2.2829450774253246e-07,3.5297843317929915e-08,2.2838896796600704e-07,-3.5403392656507823e-08
1371.0,4.78271414139364e-09,1.0739204379103598e-08,-2.303343956955306e-07,3.3957418121923416e-08,2.30384045009596e-07,-3.411384685914571e-08
1372.0,3.6231647404516565e-09,1.0274391704099283e-08,-2.3238276750103815e-07,3.2605857455319753e-08,2.3241101082818343e-07,-3.281269760927005e-08
1373.0,3.0862526145813973e-09,9.813540077004766e-09,-2.3432104506726503e-07,3.124435554918083e-08,2.3434136876918737e-07,-3.150105141449277e-08
1374.0,3.1473126188563683e-09,9.357096853705221e-09,-2.3601592527566773e-07,2.987408036913294e-08,2.3603690931811995e-07,-3.017999163618085e-08
1375.0,3.777745977151525e-09,8.905474653552141e-09,-2.3740927071469464e-07,2.8496172307351802e-08,2.3743932527269162e-07,-2.8850577359820915e-08
1376.0,4.922761587256019e-09,8.45905091965424e-09,-2.385792574888246e-07,2.7111742994921312e-08,2.386300393612754e-07,-2.7513842369959295e-08
1377.0,6.47505973838669e-09,8.0181676314947e-09,-2.3958721476202705e-07,2.5721874236748832e-08,2.3967469594440157e-07,-2.6170794231616283e-08
1378.0,8.313038452056887e-09,7.583131168822552e-09,-2.4048490659955846e-07,2.432761707045529e-08,2.4062854550219876e-07,-2.4822413479434804e-08
1379.0,1.0307228778816402e-08,7.154212324247328e-09,-2.4134370346651224e-07,2.2929990949902168e-08,2.41563702091251e-07,-2.3469652915186055e-08
1380.0,1.2235707835817067e-08,6.731646460612342e-09,-2.421398661855978e-07,2.152998305329201e-08,2.4244881386103476e-07,-2.2113437013640636e-08
1381.0,1.396098200934226e-08,6.315633808076489e-09,-2.42960689789129e-07,2.0128547715105345e-08,2.4336147148115814e-07,-2.0754661436241546e-08
1382.0,1.538666549727452e-08,5.906339894927206e-09,-2.4392172706666493e-07,1.8726605980528426e-08,2.44406543305022e-07,-1.939419265149674e-08
1383.0,1.638284312377447e-08,5.503896105492742e-09,-2.4504739165598366e-07,1.7325045280491674e-08,2.455944252344081e-07,-1.8032867660551617e-08
1384.0,1.6937238236924834e-08,5.1084003581177755e-09,-2.463719724621338e-07,1.5924719224981816e-08,2.4695347507977444e-07,-1.6671493826007345e-08
1385.0,1.7078815195414876e-08,4.719917895995069e-09,-2.4782756766206226e-07,1.4526447511908004e-08,2.4841535625192977e-07,-1.5310848801716617e-08
1386.0,1.6777402897516502e-08,4.33848218367687e-09,-2.49313505173987e-07,1.3131015948484623e-08,2.498773801489947e-07,-1.3951680561005486e-08
1387.0,1.6023660134867335e-08,3.964095902283738e-09,-2.507771945381432e-07,1.1739176581827312e-08,2.5128859700459835e-07,-1.2594707520526881e-08
1388.0,1.4842044107621355e-08,3.5967320367410555e-09,-2.5225257660466127e-07,1.035164793522967e-08,2.526888376580633e-07,-1.1240618756736383e-08
1389.0,1.3275733873330253e-08,3.236335048757501e-09,-2.537653874257195e-07,8.969115346385623e-09,2.5411241009679363e-07,-9.890074311786042e-09
1390.0,1.1427001983532747e-08,2.882822129667881e-09,-2.5531421338209626e-07,7.592231403639355e-09,2.555698024596221e-07,-8.543705585453902e-09
1391.0,9.481612703310383e-09,2.5360845276476877e-09,-2.569122792284162e-07,6.221616476178179e-09,2.57087184040347e-07,-7.202115809564699e-09
1392.0,7.610780838884779e-09,2.19598894412507e-09,-2.585192929172031e-07,4.857859333931302e-09,2.5863129894772635e-07,-5.865880601211141e-09
1393.0,5.9586886258511385e-09,1.8623789944304263e-09,-2.60147203584582e-07,3.5015178527959224e-09,2.6021543671161747e-07,-4.535548590953333e-09
1394.0,4.571763051464117e-09,1.53507672780918e-09,-2.6185731125116796e-07,2.15311980067787e-09,2.618972173832509e-07,-3.2116421220530894e-09
1395.0,3.4670551846138764e-09,1.213884201868087e-09,-2.6371118258539106e-07,8.131636997030542e-10,2.637339725788823e-07,-1.894658016685347e-09
1396.0,2.6597377078552142e-09,8.98585106333341e-10,-2.656473948592364e-07,-5.178802401762566e-10,2.6566070955294394e-07,-5.850684049552476e-10
1397.0,2.1585415260760854e-09,5.889464306858342e-10,-2.675039095234588e-07,-1.8395691210954377e-09,2.675126182292242e-07,7.166783875708871e-10
1398.0,1.9983613930296684e-09,2.8472016982918013e-10,-2.691757111927817e-07,-3.151486295780967e-09,2.691831290114538e-07,2.0101568982482307e-09
1399.0,2.2024576051826728e-09,-1.4354938531120937e-11,-2.7065414245908137e-07,-4.453240249888432e-09,2.706631035988528e-07,3.294963536237143e-09
1400.0,2.682925687169657e-09,-3.0855165163237047e-10,-2.7186750767294043e-07,-5.7444634336205696e-09,2.718807455825793e-07,4.570715546662164e-09
1401.0,3.4055280401235066e-09,-5.98152441873549e-10,-2.728455411049602e-07,-7.024811048290423e-09,2.72866793366453e-07,5.837049935029804e-09
1402.0,4.36409337833954e-09,-8.834477073418384e-10,-2.7367808022593643e-07,-8.293959793720146e-09,2.7371287311189615e-07,7.0936223571071806e-09
1403.0,5.4702253837746184e-09,-1.1647339808970152e-09,-2.7438637736909577e-07,-9.551606582577593e-09,2.744408997425222e-07,8.340105979672203e-09
1404.0,6.5749678895832275e-09,-1.4423121463838505e-09,-2.749819581482349e-07,-1.0797467227930176e-08,2.7506055244216075e-07,9.576190317723865e-09
1405.0,7.659925527203626e-09,-1.716485670739143e-09,-2.756139396153934e-07,-1.2031275110417457e-08,2.7572036226836786e-07,1.0801580053868276e-08
1406.0,8.678056953592694e-09,-1.987558860812902e-09,-2.7641609307016424e-07,-1.3252779831495033e-08,2.7655228290625896e-07,1.201599384565665e-08
1407.0,9.529924516193944e-09,-2.2558351536197337e-09,-2.774337215238898e-07,-1.4461745859170839e-08,2.7759735103181294e-07,1.3219163126634327e-08
1408.0,1.017525402824404e-08,-2.5216154484721027e-09,-2.786825990530595e-07,-1.5657951172537985e-08,2.7886829652993475e-07,1.4410830906762119e-08
1409.0,1.0572441880296601e-08,-2.7851964890251835e-09,-2.801010267894366e-07,-1.6841185911210438e-08,2.8030048472275055e-07,1.5590750577698103e-08
1410.0,1.0656215770898925e-08,-3.0468693026939048e-09,-2.8159883683209763e-07,-1.801125103550363e-08,2.8180039006315497e-07,1.6758684728193414e-08
1411.0,1.0390076798927339e-08,-3.306917704203529e-09,-2.831884002574281e-07,-1.9167957002890787e-08,2.833789401777219e-07,1.7914403974578394e-08
1412.0,9.744427820201906e-09,-3.5656168692292193e-09,-2.847172941577991e-07,-2.0311122465929132e-08,2.8488399650749395e-07,1.9057685811016696e-08
1413.0,8.747141677645232e-09,-3.823231983196457e-09,-2.861473981652374e-07,-2.144057299650528e-08,2.8628106113444475e-07,2.0188313483900882e-08
1414.0,7.425589559906243e-09,-4.08001696938696e-09,-2.875041756611463e-07,-2.2556139840909708e-08,2.8760005285623203e-07,2.1306074894465875e-08
1415.0,5.831839011705142e-09,-4.336213299561335e-09,-2.8877141391991934e-07,-2.365765870992323e-08,2.888302959240388e-07,2.2410761533411575e-08
1416.0,4.0996387534741885e-09,-4.5920488894090935e-09,-2.9005808074855643e-07,-2.4744968607784138e-08,2.9008705115093483e-07,2.350216745105246e-08
1417.0,2.3433959911445257e-09,-4.847737080306202e-09,-2.9139367976882546e-07,-2.5817910703600144e-08,2.914031024439996e-07,2.4580088266246272e-08
1418.0,7.050054706692066e-10,-5.103475708133528e-09,-2.9275664242822685e-07,-2.687632724847087e-08,2.927574913107474e-07,2.5644320217090594e-08
1419.0,-7.057646689290209e-10,-5.359446259311783e-09,-2.9428470829651054e-07,-2.7920060541291422e-08,2.942855545909962e-07,2.6694659256113516e-08
1420.0,-1.86214856034983e-09,-5.615813113755161e-09,-2.958887103388097e-07,-2.8948951945917814e-08,2.958945699116914e-07,2.7730900192424323e-08
1421.0,-2.7168234328911467e-09,-5.872722874139813e-09,-2.975102681990194e-07,-2.996284096209574e-08,2.9752267277203923e-07,2.8752835883038633e-08
1422.0,-3.234679454844347e-09,-6.130303780715792e-09,-2.990293996307791e-07,-3.0961564352294565e-08,2.990468943070966e-07,2.976025647535882e-08
1423.0,-3.4451083513742375e-09,-6.388665210843324e-09,-3.0031181730283407e-07,-3.194495532635778e-08,3.003315773995194e-07,3.07529487025854e-08
1424.0,-3.3611329552929448e-09,-6.647897262480562e-09,-3.013279908925526e-07,-3.2912842785686256e-08,3.0134673602029507e-07,3.173069523366543e-08
1425.0,-2.9643362903231107e-09,-6.908070420959857e-09,-3.021725278051779e-07,-3.3865050628512153e-08,3.0218706764157387e-07,3.269327407925011e-08
1426.0,-2.2905918967142114e-09,-7.16923530853058e-09,-3.0281553986544196e-07,-3.4801397117690377e-08,3.0282420311995597e-07,3.364045805502761e-08
1427.0,-1.4330908959525601e-09,-7.4314225162856125e-09,-3.0330534139810794e-07,-3.572169431231601e-08,3.0330872699304064e-07,3.457201430370182e-08
1428.0,-4.746301407454467e-10,-7.694642518193451e-09,-3.0373993548105105e-07,-3.66257475643503e-08,3.0374030631413333e-07,3.548770387678516e-08
1429.0,4.822475613286414e-10,-7.958885666998553e-09,-3.0419949473281527e-07,-3.751335508128676e-08,3.041998769861857e-07,3.63872813772431e-08
1430.0,1.3581805125006952e-09,-8.224122271703596e-09,-3.048608877009862e-07,-3.8384307555695995e-08,3.0486391308932883e-07,3.7270494663855046e-08
1431.0,2.0998921768100587e-09,-8.490302756190115e-09,-3.0576545381744147e-07,-3.923838786224399e-08,3.057726644017417e-07,3.813708461792995e-08
1432.0,2.6590046692254177e-09,-8.757357898258904e-09,-3.068893267010875e-07,-4.007537082248052e-08,3.0690084579368265e-07,3.898678497273341e-08
1433.0,2.9620865898971616e-09,-9.025199147977434e-09,-3.0812207121866386e-07,-4.089502303735112e-08,3.0813630868342245e-07,3.981932220565416e-08
1434.0,2.961631426212641e-09,-9.293719023716225e-09,-3.093378308782757e-07,-4.1697102787012324e-08,3.0935200803159727e-07,4.063441549277791e-08
1435.0,2.6107483119819364e-09,-9.562791583654022e-09,-3.1055728086371026e-07,-4.2481359997147257e-08,3.1056825450166334e-07,4.1431776725165895e-08
1436.0,1.8452669531265897e-09,-9.832272969854426e-09,-3.117289086307373e-07,-4.3247536270606455e-08,3.117343700752916e-07,4.221111058577388e-08
1437.0,6.402729735288659e-10,-1.01020020212918e-08,-3.12855937378842e-07,-4.399536498284955e-08,3.1285659255108327e-07,4.29721146856082e-08
1438.0,-9.139168727356761e-10,-1.0371800951465357e-08,-3.1395373017995e-07,-4.472457143934694e-08,3.1395506037959497e-07,4.3714479757405884e-08
1439.0,-2.7161774357464807e-09,-1.0641476085525635e-08,-3.149634405508195e-07,-4.543487309281698e-08,3.149751522000935e-07,4.44378899048489e-08
1440.0,-4.607235412623645e-09,-1.0910818651188417e-08,-3.1597150493278825e-07,-4.612597981792564e-08,3.1600509259763264e-07,4.514202290507733e-08
1441.0,-6.477145139682783e-09,-1.117960561716767e-08,-3.1700743893803285e-07,-4.679759424085891e-08,3.170736030501611e-07,4.582655056205217e-08
1442.0,-8.243123711393352e-09,-1.144760057245534e-08,-3.1811940945369876e-07,-4.744941212099248e-08,3.1822618961941423e-07,4.6491139108133454e-08
1443.0,-9.846021858939125e-09,-1.1714554639536336e-08,-3.1932973870718584e-07,-4.808112278172728e-08,3.1948149581665334e-07,4.7135449651084156e-08
1444.0,-1.1217064790902675e-08,-1.1980207414563584e-08,-3.2054933876701774e-07,-4.869240958743487e-08,3.207455395270457e-07,4.7759138663586835e-08
1445.0,-1.2276916094844381e-08,-1.2244287927631538e-08,-3.216608220890649e-07,-4.928295046336799e-08,3.2189502502494956e-07,4.836185851227431e-08
1446.0,-1.2980882743707234e-08,-1.2506515616567412e-08,-3.2263124105647023e-07,-4.985241845534638e-08,3.228922746403885e-07,4.8943258023235146e-08
1447.0,-1.333825430660518e-08,-1.2766601308089815e-08,-3.2344659589567115e-07,-5.040048232603026e-08,3.237214997871554e-07,4.9502983080964896e-08
1448.0,-1.3325913761352837e-08,-1.302424820073908e-08,-3.2414848064044044e-07,-5.092680718464541e-08,3.2442228264883566e-07,5.004067725779627e-08
1449.0,-1.2974647620178636e-08,-1.3279152844630757e-08,-3.247069834955152e-07,-5.143105514712009e-08,3.249661007114813e-07,5.0555982470949095e-08
1450.0,-1.2352174338925437e-08,-1.3531006113787786e-08,-3.2503108346459975e-07,-5.191288602372349e-08,3.252657089658712e-07,5.104853966448457e-08
1451.0,-1.149197699501503e-08,-1.3779494167530068e-08,-3.25196573530695e-07,-5.237195803144824e-08,3.2539956510628384e-07,5.151798951361349e-08
1452.0,-1.0493345373174812e-08,-1.4024299398104795e-08,-3.252177763202191e-07,-5.280792852854023e-08,3.253870193043797e-07,5.196397314898069e-08
1453.0,-9.456721086764652e-09,-1.4265101362392652e-08,-3.2522434201265327e-07,-5.322045476873348e-08,3.2536180201627253e-07,5.238613289871117e-08
1454.0,-8.453766603411239e-09,-1.4501577696093657e-08,-3.253831175054067e-07,-5.360919467288122e-08,3.254929174764364e-07,5.2784113046141224e-08
1455.0,-7.559314257887806e-09,-1.4733405009259037e-08,-3.25646545978886e-07,-5.397380761577235e-08,3.257342722834492e-07,5.3157560601257123e-08
1456.0,-6.820320710976269e-09,-1.4960259762377298e-08,-3.26041183190684e-07,-5.4313955225979174e-08,3.261125111230505e-07,5.3506126083915994e-08
1457.0,-6.287355941436701e-09,-1.518181912243758e-08,-3.2648445172367424e-07,-5.4629302196598256e-08,3.265449862760757e-07,5.3829464316931235e-08
1458.0,-6.000523744553732e-09,-1.539776179848386e-08,-3.2695290871909144e-07,-5.4919517104729555e-08,3.270079674948051e-07,5.4127235227075336e-08
1459.0,-5.989929524607973e-09,-1.560776885614988e-08,-3.2750054448915655e-07,-5.518427323750216e-08,3.275553173074798e-07,5.439910465199994e-08
1460.0,-6.294331028611211e-09,-1.5811524510542892e-08,-3.2804501776118045e-07,-5.5423249422409484e-08,3.281053981284534e-07,5.4644745151008424e-08
1461.0,-6.8896951754826574e-09,-1.600871689664665e-08,-3.285291733379214e-07,-5.563613085967355e-08,3.2860140844754314e-07,5.486383681755176e-08
1462.0,-7.765395493297689e-09,-1.6199038816166266e-08,-3.28908857594179e-07,-5.582260995432454e-08,3.29000513633452e-07,5.505606809126231e-08
1463.0,-8.870489801027226e-09,-1.6382188459469586e-08,-3.291658697834876e-07,-5.598238714566421e-08,3.2928537079504465e-07,5.5221136567298674e-08
1464.0,-1.0093797700450047e-08,-1.6557870101022605e-08,-3.2941397981600673e-07,-5.611517173178134e-08,3.2956858899209143e-07,5.535874980075121e-08
1465.0,-1.1340650737934332e-08,-1.6725794766500586e-08,-3.2971684674198976e-07,-5.6220682686803214e-08,3.2991182061975374e-07,5.546862610384998e-08
1466.0,-1.2529144333139897e-08,-1.688568086961002e-08,-3.301015871204349e-07,-5.629864946859407e-08,3.3033927601354146e-07,5.555049533372322e-08
1467.0,-1.3577059768121735e-08,-1.7037254816600235e-08,-3.3057053019924787e-07,-5.634881281464719e-08,3.3084922848354806e-07,5.560409966847087e-08
1468.0,-1.4437210926754318e-08,-1.71802515764912e-08,-3.31018609578404e-07,-5.637092552396242e-08,3.313332958616798e-07,5.5629194369347695e-08
1469.0,-1.5072891643153064e-08,-1.7314415215199777e-08,-3.314022090361579e-07,-5.636475322276039e-08,3.31744805862174e-07,5.562554852689753e-08
1470.0,-1.549125236421922e-08,-1.7439499392005698e-08,-3.3172567490136196e-07,-5.6330075111965655e-08,3.3208719079268327e-07,5.559294578895409e-08
1471.0,-1.5699121905243807e-08,-1.7555267817149026e-08,-3.3190651776981994e-07,-5.626668469450023e-08,3.322775932359621e-07,5.553118506852846e-08
1472.0,-1.5660314628407335e-08,-1.766149466977486e-08,-3.319404152379857e-07,-5.617439048056787e-08,3.323096217725678e-07,5.54400812297427e-08
1473.0,-1.5368036732077428e-08,-1.7757964975917713e-08,-3.318155756271146e-07,-5.605301666927701e-08,3.3217127025339186e-07,5.531946575013867e-08
1474.0,-1.4834262568319545e-08,-1.7844474946724046e-08,-3.315311153662126e-07,-5.5902403805139637e-08,3.3186282678527105e-07,5.516918735788544e-08
1475.0,-1.406132492387524e-08,-1.7920832277623014e-08,-3.3109647967766165e-07,-5.57224094081855e-08,3.313949301265108e-07,5.4989112642616434e-08
1476.0,-1.3116764951970339e-08,-1.7986856409647257e-08,-3.3055690160099793e-07,-5.551290857663373e-08,3.3081704115546565e-07,5.477912663883583e-08
1477.0,-1.2085423758967373e-08,-1.804237875455221e-08,-3.300167861486347e-07,-5.527379456125441e-08,3.302379999444454e-07,5.4539133381028774e-08
1478.0,-1.1032758706619461e-08,-1.8087242885759545e-08,-3.295693470350969e-07,-5.500497931071818e-08,3.2975396323595355e-07,5.426905642977825e-08
1479.0,-1.0030663466498169e-08,-1.812130469743703e-08,-3.2922254994405264e-07,-5.470639398736349e-08,3.293753202673849e-07,5.396883936832243e-08
1480.0,-9.12371669881118e-09,-1.8144432534207112e-08,-3.2896433230233946e-07,-5.4377989452902983e-08,3.2909082961019166e-07,5.363844626907465e-08
1481.0,-8.34882711575613e-09,-1.815650729404126e-08,-3.2878441463823904e-07,-5.401973672364538e-08,3.2889039849654823e-07,5.327786212967657e-08
1482.0,-7.786556413535983e-09,-1.8157422506844763e-08,-3.285868452052032e-07,-5.363162739483424e-08,3.2867909167254515e-07,5.288709327816958e-08
1483.0,-7.436451718301207e-09,-1.8147084391072293e-08,-3.283725116542957e-07,-5.321367403371094e-08,3.2845670525094963e-07,5.246616774686261e-08
1484.0,-7.323577660978131e-09,-1.8125411890449587e-08,-3.281598374427208e-07,-5.2765910540906103e-08,3.282415477970291e-07,5.201513561445717e-08
1485.0,-7.50540099514474e-09,-1.809233669252771e-08,-3.278661772909697e-07,-5.2288392479760974e-08,3.279520715828633e-07,5.15340693159707e-08
1486.0,-7.986977787477478e-09,-1.804780323038481e-08,-3.2751559994603774e-07,-5.17811973731823e-08,3.276129729149789e-07,5.10230639199847e-08
1487.0,-8.723091096674018e-09,-1.7991768668341317e-08,-3.270851058612134e-07,-5.124442496764355e-08,3.2720140402284657e-07,5.048223737273645e-08
1488.0,-9.63350782479111e-09,-1.7924202872096735e-08,-3.2660556967267773e-07,-5.067819746396288e-08,3.267476130199342e-07,4.9911730708574206e-08
1489.0,-1.0612621934025235e-08,-1.7845088363259093e-08,-3.2617166748072357e-07,-5.008265971451126e-08,3.2634427283387443e-07,4.931170822630425e-08
1490.0,-1.1602858132619964e-08,-1.7754420257851913e-08,-3.2580913947310997e-07,-4.945797938653092e-08,3.26015677047982e-07,4.8682357630972276e-08
1491.0,-1.2562652015879472e-08,-1.7652206188073417e-08,-3.2550389622576503e-07,-4.8804347091272524e-08,3.2574623049826025e-07,4.802389014064056e-08
1492.0,-1.3404595794463958e-08,-1.7538466206368028e-08,-3.252425955779792e-07,-4.812197647869052e-08,3.255187078598001e-07,4.7336540557747864e-08
1493.0,-1.408881429576514e-08,-1.7413232670762178e-08,-3.249503325863934e-07,-4.741110429747432e-08,3.2525561230556534e-07,4.6620567304675536e-08
1494.0,-1.4579727453112312e-08,-1.7276550110418936e-08,-3.2457964674326156e-07,-4.6671990420245497e-08,3.2490693364806407e-07,4.5876252423199645e-08
1495.0,-1.4849637061664644e-08,-1.7128475070475926e-08,-3.2411928047038074e-07,-4.590491783382476e-08,3.2445927278088464e-07,4.5103901537590096e-08
1496.0,-1.4906734263631094e-08,-1.696907593543886e-08,-3.2352807941005146e-07,-4.5110192594572005e-08,3.238713153293497e-07,4.430384378122984e-08
1497.0,-1.4736817585681017e-08,-1.6798432730694174e-08,-3.227941657024669e-07,-4.4288143748927886e-08,3.231303873115391e-07,4.34764316867694e-08
1498.0,-1.4272359336042761e-08,-1.661663690206041e-08,-3.219446806645987e-07,-4.343912321943359e-08,3.2226088445426875e-07,4.2622041039999827e-08
1499.0,-1.3545480764820539e-08,-1.6423791073697023e-08,-3.20927342867261e-07,-4.2563505656668884e-08,3.2121307484128136e-07,4.174107069781312e-08
1500.0,-1.2598564511079324e-08,-1.622000878510865e-08,-3.1982540379948965e-07,-4.166168825771795e-08,3.2007344898202104e-07,4.083394237081225e-08
1501.0,-1.1518354756101523e-08,-1.6005414208396432e-08,-3.18731577408915e-07,-4.073409055193725e-08,3.189396352507204e-07,3.990110037132192e-08
1502.0,-1.0377217113388681e-08,-1.5780141847290536e-08,-3.1763748273294645e-07,-3.978115415494867e-08,3.178069493764119e-07,3.894301132772302e-08
1503.0,-9.205716203219971e-09,-1.5544336219824556e-08,-3.1659985716414596e-07,-3.880334249190588e-08,3.167336653517776e-07,3.796016386617966e-08
1504.0,-8.08438564703362e-09,-1.5298151526763153e-08,-3.155794409404056e-07,-3.78011404911765e-08,3.1568297520700873e-07,3.695306826094088e-08
1505.0,-7.076741678768705e-09,-1.5041751308054918e-08,-3.1455445637096346e-07,-3.677505424964679e-08,3.1463405139243967e-07,3.592225605447864e-08
1506.0,-6.195522789242958e-09,-1.4775308089645567e-08,-3.1353605908779336e-07,-3.5725610670891625e-08,3.1359726537541155e-07,3.486827964877219e-08
1507.0,-5.486840287671768e-09,-1.4499003022951718e-08,-3.1251967505530054e-07,-3.465335707746467e-08,3.12567836977852e-07,3.379171186907084e-08
1508.0,-4.974657130674132e-09,-1.4213025519167731e-08,-3.1150104040644777e-07,-3.3558860798556786e-08,3.1154076039559763e-07,3.269314550146722e-08
1509.0,-4.666243738626896e-09,-1.3917572880368639e-08,-3.104800404829522e-07,-3.244270873424769e-08,3.1051510328633597e-07,3.157319280559572e-08
1510.0,-4.6086163080216735e-09,-1.361284992909619e-08,-3.093932333109173e-07,-3.130550689754059e-08,3.0942755559719995e-07,3.0432485003739243e-08
1511.0,-4.793135638392343e-09,-1.3299068637791555e-08,-3.0828205116462115e-07,-3.014787993532386e-08,3.083193104875433e-07,2.927167174758509e-08
1512.0,-5.1598646605421905e-09,-1.2976447759089085e-08,-3.072292758810047e-07,-2.8970470629349846e-08,3.0727260236096805e-07,2.8091420563819456e-08
1513.0,-5.650155940339907e-09,-1.2645212457634808e-08,-3.062548898091766e-07,-2.777393937825929e-08,3.063070057869736e-07,2.6892416279691385e-08
1514.0,-6.211565622971094e-09,-1.2305593943765818e-08,-3.054135795932389e-07,-2.6558963661611805e-08,3.054767391266382e-07,2.5675360429611874e-08
1515.0,-6.793809501082215e-09,-1.195782910910594e-08,-3.0467064679462474e-07,-2.5326237486810717e-08,3.04746384499951e-07,2.4440970643785933e-08
1516.0,-7.316771716281423e-09,-1.1602160163919004e-08,-3.039459053055804e-07,-2.4076470819741497e-08,3.0403395945252075e-07,2.3189980019810954e-08
1517.0,-7.706608795565728e-09,-1.1238834275928099e-08,-3.0315155935545235e-07,-2.2810388999885702e-08,3.032495008384519e-07,2.1923136478123865e-08
1518.0,-7.96901275523787e-09,-1.0868103210266074e-08,-3.0226046332515466e-07,-2.1528732140638083e-08,3.023654954749803e-07,2.0641202102152535e-08
1519.0,-8.086141492502641e-09,-1.0490222970270786e-08,-3.0127035460791873e-07,-2.023225451555095e-08,3.013788516963622e-07,1.934495246403252e-08
1520.0,-8.042943158703686e-09,-1.0105453438974344e-08,-3.002091222004122e-07,-1.8921723931260894e-08,3.003168426628719e-07,1.8035175936791267e-08
1521.0,-7.826384859632718e-09,-9.714058021349047e-09,-2.990148982306984e-07,-1.7597921087915913e-08,2.9911730418664515e-07,1.671267299397633e-08
1522.0,-7.388250650164352e-09,-9.31630328765096e-09,-2.9767360087973316e-07,-1.6261638928010926e-08,2.977652748531573e-07,1.537825549780598e-08
1523.0,-6.711557865024531e-09,-8.91245861852971e-09,-2.9625015879330974e-07,-1.4913681974647432e-08,2.963261743316591e-07,1.4032745977040478e-08
1524.0,-5.826544399734068e-09,-8.502795852932523e-09,-2.947424244670316e-07,-1.3554865660349928e-08,2.948000091593382e-07,1.2676976895901344e-08
1525.0,-4.736534539584447e-09,-8.087588940201956e-09,-2.932329073168649e-07,-1.2186015647686993e-08,2.932711589859217e-07,1.1311789915492082e-08
1526.0,-3.46400230721855e-09,-7.667113598128428e-09,-2.917936126611842e-07,-1.0807967143048136e-08,2.9181417323675287e-07,9.938035149286788e-09
1527.0,-2.1048026654924e-09,-7.241646979047671e-09,-2.903698822498413e-07,-9.421564205010471e-09,2.903775106857405e-07,8.556570414343848e-09
1528.0,-7.301238086343531e-10,-6.811467346347624e-09,-2.8893257170148345e-07,-8.027659048787503e-09,2.8893349420032425e-07,7.168260479965686e-09
1529.0,6.126546908680197e-10,-6.376853763949008e-09,-2.8747399902218085e-07,-6.627111348284423e-09,2.874746518557333e-07,5.773976315560809e-09
1530.0,1.8850002808656896e-09,-5.9380858014340715e-09,-2.860057127795912e-07,-5.22078753729244e-09,2.860119245217249e-07,4.374594339473371e-09
1531.0,3.05737651862259e-09,-5.495443257508717e-09,-2.845828641628856e-07,-3.809560111340642e-09,2.845992869392473e-07,2.97099567053053e-09
1532.0,4.071027903673752e-09,-5.049205904392029e-09,-2.8316810263273595e-07,-2.3943069316888013e-09,2.8319736513042663e-07,1.5640653840200743e-09
1533.0,4.881275869617063e-09,-4.599653255536709e-09,-2.8175479657721603e-07,-9.75910532889096e-10,2.817970763659263e-07,1.546917737520667e-10
1534.0,5.478568584904586e-09,-4.147064358802199e-09,-2.803284351315938e-07,4.4474256473005334e-10,2.803819649283236e-07,-1.2562343782208358e-09
1535.0,5.8785989548448825e-09,-3.6917176168420518e-09,-2.788728709346433e-07,1.866762536397348e-09,2.7893482405214684e-07,-2.6678205227460426e-09
1536.0,6.1025232922506945e-09,-3.2338906360454102e-09,-2.774617360590259e-07,3.289256926896924e-09,2.775288377221744e-07,-4.079173054211232e-09
1537.0,6.169318444992911e-09,-2.7738601049093027e-09,-2.7611576544628313e-07,4.711331316203191e-09,2.7618467810156047e-07,-5.489398009444399e-09
1538.0,6.132916147150169e-09,-2.3119017022358365e-09,-2.7482165634862277e-07,6.132089975861874e-09,2.748900788654776e-07,-6.8976017537785325e-09
1539.0,6.058904156169831e-09,-1.8482900350672559e-09,-2.736144449899669e-07,7.55063651537866e-09,2.73681520798795e-07,-8.302891653342057e-09
1540.0,5.971135322302423e-09,-1.3832986058118272e-09,-2.72436679105148e-07,8.966074518037914e-09,2.725021074760315e-07,-9.704376732802858e-09
1541.0,5.900076358034134e-09,-9.171998075903342e-10,-2.713181607716386e-07,1.0377508165739814e-08,2.7138230462860944e-07,-1.1101168317966502e-08
1542.0,5.877146463939553e-09,-4.502649464585246e-10,-2.7030435925667895e-07,1.1784042852608507e-08,2.703682442220653e-07,-1.2492380662801298e-08
1543.0,5.903486768876753e-09,1.7235711158004004e-11,-2.693336545733782e-07,1.3184785787279547e-08,2.693983456554292e-07,-1.387713156062855e-08
1544.0,5.985617612669358e-09,4.850328677401236e-10,-2.684187741242017e-07,1.4578846583916074e-08,2.684855041162265e-07,-1.525454293936898e-08
1545.0,6.112154574133832e-09,9.528581027881899e-10,-2.6747895695566903e-07,1.5965337842122885e-08,2.675487821830455e-07,-1.6623741440869238e-08
1546.0,6.27111473860964e-09,1.4204437620436604e-09,-2.664407346697484e-07,1.734337571601944e-08,2.6651452487888924e-07,-1.798385898443917e-08
1547.0,6.4888792533635e-09,1.8875228301861174e-09,-2.653286350073891e-07,1.8712080472792428e-08,2.654079691886607e-07,-1.93340333148068e-08
1548.0,6.780616762513958e-09,2.3538287894207235e-09,-2.641571071604343e-07,2.0070577041073927e-08,2.6424411824494647e-07,-2.0673408534741515e-08
1549.0,7.13334531721177e-09,2.8190954663775534e-09,-2.6294429372741845e-07,2.141799554948559e-08,2.6304103523827894e-07,-2.2001135622609956e-08
1550.0,7.521616787742325e-09,3.2830568697141065e-09,-2.617083848244217e-07,2.2753471855657946e-08,2.618164498394042e-07,-2.3316372935118955e-08
1551.0,7.923767614270716e-09,3.7454470207512865e-09,-2.603835446424174e-07,2.4076148065985237e-08,2.6050408137638604e-07,-2.4618286695473144e-08
1552.0,8.343475577099468e-09,4.205999779387818e-09,-2.590117732792496e-07,2.5385173046316682e-08,2.591461214874092e-07,-2.590605146713887e-08
1553.0,8.764213618728256e-09,4.664448667433618e-09,-2.576289250266761e-07,2.6679702923722135e-08,2.577779557114134e-07,-2.7178850613367103e-08
1554.0,9.196768999131244e-09,5.120526691384101e-09,-2.5625644939353265e-07,2.7958901579409993e-08,2.564214273726038e-07,-2.8435876742592915e-08
1555.0,9.7187595471393e-09,5.5739661665273564e-09,-2.5499281497420867e-07,2.9221941132824798e-08,2.5517795746420993e-07,-2.9676332139803894e-08
1556.0,1.0334061217864843e-08,6.0244985441379596e-09,-2.5379868187624943e-07,3.0468002416915744e-08,2.540089835879358e-07,-3.089942918395948e-08
1557.0,1.10030043964926e-08,6.471854243366959e-09,-2.525764966621047e-07,3.169627544454858e-08,2.5281604532120073e-07,-3.210439075155066e-08
1558.0,1.1731077387278077e-08,6.9157624892927716e-09,-2.513001639004031e-07,3.2905959866030725e-08,2.5157382724169813e-07,-3.32904506064124e-08
1559.0,1.24872233941975e-08,7.355951158458355e-09,-2.500074592071133e-07,3.40962654177308e-08,2.5031911714308404e-07,-3.445685377593828e-08
1560.0,1.3228697165468262e-08,7.792146633094083e-09,-2.487457227695611e-07,3.5266412361797476e-08,2.490972360843191e-07,-3.5602856913895304e-08
1561.0,1.398089950754855e-08,8.224073665119931e-09,-2.475832318049598e-07,3.6415631917020115e-08,2.479776647644473e-07,-3.672772865009732e-08
1562.0,1.4737259745878362e-08,8.651455250940692e-09,-2.4647872207128607e-07,3.754316668092652e-08,2.4691890826486286e-07,-3.783074992727034e-08
1563.0,1.5473304554314282e-08,9.074012517997418e-09,-2.4541095319796646e-07,3.86482710432844e-08,2.4589826982588764e-07,-3.891121432553335e-08
1564.0,1.619675540909249e-08,9.491464624018717e-09,-2.4443975174537336e-07,3.973021159126051e-08,2.4497576843255687e-07,-3.996842837502242e-08
1565.0,1.6870774111055198e-08,9.90352866992829e-09,-2.4359503791870907e-07,4.0788267506591913e-08,2.441785525342542e-07,-4.10017118573006e-08
1566.0,1.7433653756726564e-08,1.0309919627409361e-08,-2.4286116270810787e-07,4.1821730955233415e-08,2.4348609125624295e-07,-4.201039809631616e-08
1567.0,1.7859964243638338e-08,1.071035028220175e-08,-2.4224725855837015e-07,4.2829907470056825e-08,2.4290473976814424e-07,-4.299383423979165e-08
1568.0,1.8126350601055385e-08,1.1104531194309247e-08,-2.4165525336350413e-07,4.381211632728586e-08,2.4233412071825905e-07,-4.3951381532038255e-08
1569.0,1.8220562406079388e-08,1.1492170676417719e-08,-2.4100676793148423e-07,4.4767690917445686e-08,2.416945408634091e-07,-4.488241557928699e-08
1570.0,1.8157313444455703e-08,1.1872974791957748e-08,-2.4027114842173347e-07,4.569597911168092e-08,2.409562466412085e-07,-4.578632660870205e-08
1571.0,1.7991100678682592e-08,1.224664737437655e-08,-2.3945971328043214e-07,4.6596343624345784e-08,2.4013461638834426e-07,-4.666251972228886e-08
1572.0,1.7779366728865043e-08,1.2612890069297221e-08,-2.3863960244008275e-07,4.746816237279411e-08,2.393009940097204e-07,-4.7510415146930884e-08
1573.0,1.75526699841555e-08,1.2971402401324123e-08,-2.3785438110768276e-07,4.831082883530136e-08,2.385011589818621e-07,-4.8329448481790666e-08
1574.0,1.735160001792302e-08,1.3321881867287596e-08,-2.3710645072338998e-07,4.912375240804161e-08,2.3774050348610216e-07,-4.911907094430105e-08
1575.0,1.724010274817278e-08,1.3664024057700091e-08,-2.3639600796321325e-07,4.990635876202874e-08,2.3702382522377607e-07,-4.9878749615959966e-08
1576.0,1.724171698469501e-08,1.3997522808113562e-08,-2.3573631552364915e-07,5.0658090200916e-08,2.3636600276106924e-07,-5.060796768913133e-08
1577.0,1.7390940257322463e-08,1.4322070381925045e-08,-2.352398247862375e-07,5.137840602053446e-08,2.358817923632375e-07,-5.130622471604806e-08
1578.0,1.7704510621441294e-08,1.4637357685977598e-08,-2.3487915992714825e-07,5.206678287103858e-08,2.3554547217984812e-07,-5.1973036861209946e-08
1579.0,1.817062438014272e-08,1.4943074520056816e-08,-2.3463331388917652e-07,5.272271512251242e-08,2.3533585272325393e-07,-5.260793715836576e-08
1580.0,1.8733478518440094e-08,1.5238909861101452e-08,-2.3436667603848882e-07,5.334571523486871e-08,2.3511418939470843e-07,-5.3210475773259727e-08
1581.0,1.9363051981247104e-08,1.552455218264607e-08,-2.340019225333112e-07,5.393531413283715e-08,2.3480167701980806e-07,-5.3780220273298615e-08
1582.0,2.0033467829083662e-08,1.5799689809710213e-08,-2.3358384554361677e-07,5.449106158678093e-08,2.344413631000365e-07,-5.431675590524875e-08
1583.0,2.0696559924204827e-08,1.6064011309057587e-08,-2.3313364402866021e-07,5.501252659999871e-08,2.3405051499789155e-07,-5.481968588199863e-08
1584.0,2.1335933186872325e-08,1.631720591448259e-08,-2.3265038301412133e-07,5.5499297803065186e-08,2.3362667390855015e-07,-5.52886316793231e-08
1585.0,2.1941402292280365e-08,1.6558963986549383e-08,-2.3218670675007047e-07,5.595098385564427e-08,2.3322112238387609e-07,-5.572323334346612e-08
1586.0,2.2474799618588115e-08,1.6788977506015777e-08,-2.3171498417240421e-07,5.63672138560829e-08,2.3280238509927948e-07,-5.612314981022828e-08
1587.0,2.291021371225721e-08,1.7006940600023048e-08,-2.3129574414082477e-07,5.674763775896886e-08,2.324276213146776e-07,-5.648805923611027e-08
1588.0,2.3197815751663242e-08,1.7212550100022642e-08,-2.3097227550006316e-07,5.7091926800717817e-08,2.321342945480594e-07,-5.6817659341930307e-08
1589.0,2.334591740760228e-08,1.7405506130338245e-08,-2.3080948083342712e-07,5.7399773933148446e-08,2.3198717271047283e-07,-5.711166776920605e-08
1590.0,2.3396013529297655e-08,1.758551272622078e-08,-2.3081191527496436e-07,5.76708942649096e-08,2.3199464149406643e-07,-5.7369822449472025e-08
1591.0,2.3359596978966835e-08,1.7752278480235396e-08,-2.3092135831292993e-07,5.790502551053978e-08,2.3209985888860065e-07,-5.759188198659066e-08
1592.0,2.3235974450086516e-08,1.790551721581256e-08,-2.310422506646148e-07,5.8101928446859064e-08,2.3220773479971716e-07,-5.777762605200398e-08
1593.0,2.305855990869521e-08,1.8044948686789167e-08,-2.3114599484452825e-07,5.826138737631026e-08,2.3229328039728046e-07,-5.792685579275659e-08
1594.0,2.2818955766612525e-08,1.8170299301749796e-08,-2.312089343592394e-07,5.838321059676999e-08,2.3233225361497634e-07,-5.803939425199213e-08
1595.0,2.2531713120277352e-08,1.8281302871944723e-08,-2.312736451515196e-07,5.8467230877237716e-08,2.3236862317835747e-07,-5.811508680148033e-08
1596.0,2.2214931810760064e-08,1.8377701381503234e-08,-2.3134516974332442e-07,5.851330593868019e-08,2.32409317280793e-07,-5.815380158557166e-08
1597.0,2.1908366718004224e-08,1.845924577857256e-08,-2.3141786731351033e-07,5.852131893916554e-08,2.324525883791876e-07,-5.8155429975804635e-08
1598.0,2.1642834691082413e-08,1.8525696785890495e-08,-2.3147086386510196e-07,5.8491178962268466e-08,2.324804789910802e-07,-5.811988703521375e-08
1599.0,2.14521666819234e-08,1.8576825729140945e-08,-2.3153672121245528e-07,5.842282150757273e-08,2.3252838262277416e-07,-5.804711199120838e-08
1600.0,2.1379148826272676e-08,1.8612415381246613e-08,-2.317141354069019e-07,5.83162089819432e-08,2.3269832090478e-07,-5.793706871572083e-08
1601.0,2.1437479166830364e-08,1.8632260820524563e-08,-2.3206339136438991e-07,5.817133119009159e-08,2.3305146024981324e-07,-5.7789746211157745e-08
1602.0,2.1579451781050807e-08,1.863617030037549e-08,-2.325173151518367e-07,5.798820582282028e-08,2.3351654028053184e-07,-5.760515910053683e-08
1603.0,2.175581111096836e-08,1.8623966127905857e-08,-2.3302584223339196e-07,5.776687894119725e-08,2.3403922420328993e-07,-5.7383348120047925e-08
1604.0,2.1925314980242305e-08,1.8595485548605844e-08,-2.3352118255770549e-07,5.750742545478715e-08,2.3454820856304157e-07,-5.712438061213953e-08
1605.0,2.2074804539862214e-08,1.8550581633937312e-08,-2.339847466337197e-07,5.720994959193357e-08,2.3502374061511131e-07,-5.682835101709106e-08
1606.0,2.2212979317037806e-08,1.8489124168435126e-08,-2.3441019245118433e-07,5.6874585359950166e-08,2.3546030403263397e-07,-5.6495381360882705e-08
1607.0,2.2372671618087203e-08,1.841100053269873e-08,-2.3485758571251125e-07,5.6501496992932755e-08,2.3592079603553463e-07,-5.612562173701636e-08
1608.0,2.2500686230886302e-08,1.8316116578452826e-08,-2.352992166665402e-07,5.6090879384753335e-08,2.363725919914325e-07,-5.571925077977558e-08
1609.0,2.256726233662576e-08,1.8204397491688762e-08,-2.3570601798139634e-07,5.564295850464575e-08,2.3678388509781747e-07,-5.527647612624541e-08
1610.0,2.2594906265438475e-08,1.807578863976297e-08,-2.3614172744990114e-07,5.5157991792647215e-08,2.3722024625264883e-07,-5.479753486424968e-08
1611.0,2.2579886724272136e-08,1.793025639822622e-08,-2.3664658624356072e-07,5.46362685320252e-08,2.3772138747957024e-07,-5.428269396320966e-08
1612.0,2.2482050415773003e-08,1.7767788953087368e-08,-2.3716764166459292e-07,5.4078110195700926e-08,2.382308394050655e-07,-5.3732250684788665e-08
1613.0,2.2303727767458703e-08,1.758839707417538e-08,-2.3776893340321514e-07,5.3483870763581715e-08,2.388127340910184e-07,-5.314653297006695e-08
1614.0,2.2043654776537913e-08,1.739211485525067e-08,-2.3841358540166446e-07,5.285393700763757e-08,2.3943049183423555e-07,-5.252589979989164e-08
1615.0,2.1731961410975664e-08,1.717900041652744e-08,-2.3909079774342423e-07,5.21887287415028e-08,2.4007642056719174e-07,-5.187074152496953e-08
1616.0,2.1413903344980056e-08,1.6949136565296904e-08,-2.3975758373095957e-07,5.1488699031350514e-08,2.407119735554844e-07,-5.1181480162215995e-08
1617.0,2.1132992217287594e-08,1.6702631410382307e-08,-2.403978283105346e-07,5.0754334364775976e-08,2.4132492456536105e-07,-5.045856965384004e-08
1618.0,2.0903803368832463e-08,1.6439618926205157e-08,-2.410747376169198e-07,4.9986154774432904e-08,2.4197933406047203e-07,-4.9702496085635405e-08
1619.0,2.0721089621922317e-08,1.6160259462296253e-08,-2.4180876767587733e-07,4.918471391319745e-08,2.4269496014554186e-07,-4.891377786096098e-08
1620.0,2.0593234451027342e-08,1.5864740194145318e-08,-2.426253407628032e-07,4.835059907768908e-08,2.434977151544165e-07,-4.809296582693348e-08
1621.0,2.0481187884557883e-08,1.5553275511353226e-08,-2.43522350756864e-07,4.748443117705858e-08,2.443821073141642e-07,-4.7240643349423605e-08
1622.0,2.0327523012064752e-08,1.5226107339136217e-08,-2.444324161410272e-07,4.658686464406148e-08,2.452761999304994e-07,-4.635742633354308e-08
1623.0,2.0169489120536177e-08,1.4883505389338212e-08,-2.4540276141737927e-07,4.565858728556817e-08,2.4623022479512663e-07,-4.5443963186433e-08
1624.0,2.0041839854378907e-08,1.4525767337239966e-08,-2.4643836149529363e-07,4.4700320069817425e-08,2.4725197948900956e-07,-4.4500934719308917e-08
1625.0,1.9946635718137706e-08,1.4153218920615425e-08,-2.475537535240324e-07,4.37128168478943e-08,2.483560531984463e-07,-4.3529053985883484e-08
1626.0,1.9862120934077687e-08,1.3766213957678046e-08,-2.487289300079354e-07,4.269686400710354e-08,2.495207095030237e-07,-4.2529066054468835e-08
1627.0,1.970441174115045e-08,1.3365134280784628e-08,-2.4989493493943193e-07,4.165328005411344e-08,2.506705853315217e-07,-4.1501747711255934e-08
1628.0,1.9437260953547586e-08,1.2950389583023377e-08,-2.5100886222317875e-07,4.05829151259579e-08,2.51760314640634e-07,-4.044790709247341e-08
1629.0,1.9056522027049994e-08,1.2522417175108127e-08,-2.520665385308263e-07,3.9486650427204405e-08,2.5278585972850613e-07,-3.9368383243340084e-08
1630.0,1.8605409921046423e-08,1.2081681650330687e-08,-2.531296175722897e-07,3.836539759182102e-08,2.538124594471749e-07,-3.826404560194349e-08
1631.0,1.8132581713903306e-08,1.162867445568348e-08,-2.542086539880639e-07,3.722009796850851e-08,2.5485452768596163e-07,-3.7135793406403085e-08
1632.0,1.76609690344387e-08,1.116391336764759e-08,-2.55314127395323e-07,3.6051721828508606e-08,2.559242338561759e-07,-3.5984555023916413e-08
1633.0,1.7214462452730395e-08,1.0687941871539202e-08,-2.564267971572054e-07,3.4861267495160465e-08,2.5700396887565576e-07,-3.481128720054416e-08
1634.0,1.6802694846607125e-08,1.0201328443713903e-08,-2.5755008267736024e-07,3.364976039475836e-08,2.5809760874758855e-07,-3.361697423086954e-08
1635.0,1.6396880811453407e-08,9.70466573634064e-09,-2.587139982246356e-07,3.241825202856458e-08,2.5923308156506905e-07,-3.2402627046970365e-08
1636.0,1.6001170222157413e-08,9.19856966487448e-09,-2.6000152225647e-07,3.1167818866154325e-08,2.6049343374480696e-07,-3.11692822264681e-08
1637.0,1.5589319751763142e-08,8.683678398781333e-09,-2.6137083242172565e-07,2.989956116061222e-08,2.618353278897798e-07,-2.9918000919767326e-08
1638.0,1.5169857883745586e-08,8.160651256500103e-09,-2.627745081251742e-07,2.8614601686461497e-08,2.6321201854900223e-07,-2.86498676969685e-08
1639.0,1.478720562664293e-08,7.6301675060698e-09,-2.641900080091464e-07,2.7314084401582674e-08,2.6460351808340996e-07,-2.7365989315322015e-08
1640.0,1.443748186280569e-08,7.092925073301336e-09,-2.655849218324846e-07,2.5999173034762367e-08,2.659770508658704e-07,-2.6067493408487167e-08
1641.0,1.4086762062381908e-08,6.549639159836313e-09,-2.6694137217342373e-07,2.4671049600899786e-08,2.673127999988637e-07,-2.4755527099259366e-08
1642.0,1.3703584392232848e-08,6.00104077390871e-09,-2.683208662479508e-07,2.333091284628416e-08,2.686705705678345e-07,-2.3431255537829097e-08
1643.0,1.324982298878119e-08,5.447875177110537e-09,-2.697487588299019e-07,2.19799766267407e-08,2.7007397264361967e-07,-2.2095860368036067e-08
1644.0,1.2747707847649004e-08,4.890900250960363e-09,-2.7122008158797506e-07,2.0619468221825648e-08,2.715194960071134e-07,-2.075053812448155e-08
1645.0,1.219236055172157e-08,4.3308847875823395e-09,-2.7273092317869896e-07,1.925062658863298e-08,2.730033152064798e-07,-1.9396498563762078e-08
1646.0,1.154984956286409e-08,3.768606709319714e-09,-2.7424106929796466e-07,1.787470055915605e-08,2.744841764375787e-07,-1.8034962933486758e-08
1647.0,1.082414466391235e-08,3.2048512226251505e-09,-2.758100343391856e-07,1.6492946985523288e-08,2.7602234900436603e-07,-1.6667162183136734e-08
1648.0,1.0050259388605376e-08,2.640408912083669e-09,-2.7748541167604834e-07,1.5106628837795022e-08,2.7766735747437844e-07,-1.5294335121214387e-08
1649.0,9.233507902717264e-09,2.0760737809249167e-09,-2.792091367553873e-07,1.371701325936434e-08,2.793617721089951e-07,-1.3917726523509116e-08
1650.0,8.370095921916842e-09,1.5126412448616064e-09,-2.809878758835982e-07,1.232536958534451e-08,2.8111251288286415e-07,-1.2538585197670316e-08
1651.0,7.4153627127593325e-09,9.509060865421618e-10,-2.827256275483858e-07,1.0932967329642792e-08,2.8282285635498126e-07,-1.1158162009622238e-08
1652.0,6.377652364553121e-09,3.9166037832037576e-10,-2.844137652335821e-07,9.54107414670914e-09,2.8448526201549747e-07,-9.777707877672019e-09
1653.0,5.289722534995711e-09,-1.6430861858384475e-10,-2.8606782828677346e-07,8.150953774202528e-09,2.8611673062791724e-07,-8.398471740446518e-09
1654.0,4.1865964167664416e-09,-7.162205701384255e-10,-2.876910691063106e-07,6.763863963035168e-09,2.8772153001311676e-07,-7.021698505042132e-09
1655.0,3.110765242619884e-09,-1.2633041921124491e-09,-2.8933490017757357e-07,5.381054401434771e-09,2.893516222888013e-07,-5.648626981984724e-09
1656.0,2.0667567518506402e-09,-1.8047993703987984e-09,-2.90941950586987e-07,4.003764639810216e-09,2.909492912774185e-07,-4.2804878137759645e-09
1657.0,1.1092589485839355e-09,-2.339959270073239e-09,-2.924910250667878e-07,2.6332220233183645e-09,2.9249312846635444e-07,-2.9185014039492955e-09
1658.0,2.8370200633176523e-10,-2.868052424168233e-09,-2.9404616866401945e-07,1.270639639111377e-09,2.940463055248567e-07,-1.5638758536757964e-09
1659.0,-4.2167978830942587e-10,-3.3883647931640652e-09,-2.956159915745715e-07,-8.278571470379481e-11,2.956162923258138e-07,-2.1780491304746528e-10
1660.0,-1.0282082268942005e-09,-3.9002017862926296e-09,-2.9722139199828135e-07,-1.4258755313377183e-09,2.972231704856704e-07,1.1185340457755153e-09
1661.0,-1.5517241935825155e-09,-4.402890235902725e-09,-2.988356182787033e-07,-2.7574715617690894e-09,2.988396469680484e-07,2.4439820263355475e-09
1662.0,-1.986677558574179e-09,-4.895780316339906e-09,-3.003914637866867e-07,-4.07643773834919e-09,3.0039803328855207e-07,3.757400369345309e-09
1663.0,-2.2863533427619487e-09,-5.378247399038072e-09,-3.0192665573247623e-07,-5.381662048593653e-09,3.019353123657536e-07,5.057672670657973e-09
1664.0,-2.477358970742749e-09,-5.849693835793394e-09,-3.034089386122485e-07,-6.672058352282423e-09,3.034190523636924e-07,6.343706648603842e-09
1665.0,-2.610257524016113e-09,-6.309550662483865e-09,-3.048615689338341e-07,-7.946568135107479e-09,3.048727433817929e-07,7.614435953648165e-09
1666.0,-2.7312431483128563e-09,-6.7572792157995106e-09,-3.0634869163659317e-07,-9.20416219225544e-09,3.063608665554197e-07,8.868821913447051e-09
1667.0,-2.8883879177321603e-09,-7.192372655848888e-09,-3.078243542564696e-07,-1.0443842235488039e-08,3.07837905167924e-07,1.0105855206529977e-08
1668.0,-3.105182153073649e-09,-7.61435738779887e-09,-3.092723681596965e-07,-1.1664642417484559e-08,3.0928795622091496e-07,1.1324557458016577e-08
1669.0,-3.4348694999408735e-09,-8.022794375981553e-09,-3.1068391537214524e-07,-1.2865630767437104e-08,3.1070290246382946e-07,1.2523982750981607e-08
1670.0,-3.9029248721789145e-09,-8.417280344163873e-09,-3.1210729681263594e-07,-1.404591053214167e-08,3.121316990410437e-07,1.3703219047315142e-08
1671.0,-4.486352234156499e-09,-8.797448855925843e-09,-3.136279735360681e-07,-1.520462141710585e-08,3.1366005984299236e-07,1.4861389512186184e-08
1672.0,-5.165755170843944e-09,-9.162971269339968e-09,-3.1524895691137367e-07,-1.634094072249809e-08,3.1529127780545124e-07,1.599765373650656e-08
1673.0,-5.95785766555057e-09,-9.513557560398102e-09,-3.1689846263782684e-07,-1.745408436909501e-08,3.1695446311762374e-07,1.7111208852110268e-08
1674.0,-6.8766676242226765e-09,-9.848957009905677e-09,-3.185090263480017e-07,-1.85433078097467e-08,3.185832519495745e-07,1.8201290534715685e-08
1675.0,-7.940383905946646e-09,-1.0168958748869541e-08,-3.200086633459165e-07,-1.960790682228132e-08,3.20107160671257e-07,1.9267173890130584e-08
1676.0,-9.155310370934089e-09,-1.0473392157757858e-08,-3.213819559921838e-07,-2.0647218180216377e-08,3.2151233467061586e-07,2.0308174219599596e-08
1677.0,-1.0448597667633841e-08,-1.0762127115421745e-08,-3.226661704214262e-07,-2.1660620198137774e-08,3.2283529969265896e-07,2.1323647660684216e-08
1678.0,-1.1724440474036868e-08,-1.1035074093952674e-08,-3.239149542755282e-07,-2.2647533149147085e-08,3.241270740122564e-07,2.2312991700604724e-08
1679.0,-1.292726016510759e-08,-1.1292184096320327e-08,-3.25136965517725e-07,-2.360741955235635e-08,3.253938542773214e-07,2.3275645559556346e-08
1680.0,-1.4002529982737322e-08,-1.1533448434304231e-08,-3.2630437343805774e-07,-2.453978432902051e-08,3.2660467689658225e-07,2.4211090442131386e-08
1681.0,-1.487706340064232e-08,-1.1758898345004965e-08,-3.274127981234276e-07,-2.5444174826533296e-08,3.2775061768124723e-07,2.5118849655628104e-08
1682.0,-1.5520705387572775e-08,-1.1968604445096616e-08,-3.2848368941573725e-07,-2.6320180710167763e-08,3.2885015813878267e-07,2.5998488594701537e-08
1683.0,-1.5939415246024602e-08,-1.2162676022953812e-08,-3.2953186382411737e-07,-2.7167433723113946e-08,3.29917132373846e-07,2.6849614592507023e-08
1684.0,-1.6126796911763996e-08,-1.234126016984004e-08,-3.305691610999695e-07,-2.798560731604994e-08,3.3096229973966953e-07,2.7671876639200342e-08
1685.0,-1.6085031542822925e-08,-1.2504540752459393e-08,-3.315491230726497e-07,-2.8774416148175117e-08,3.3193907460553154e-07,2.8464964969384473e-08
1686.0,-1.5831923702580575e-08,-1.2652737230329144e-08,-3.3238804908464203e-07,-2.9533615462333106e-08,3.3276487943053535e-07,2.9228610520829334e-08
1687.0,-1.53647127243417e-08,-1.2786103322600248e-08,-3.3304545238310723e-07,-3.026300033755456e-08,3.333996816887654e-07,2.996258426753295e-08
1688.0,-1.4689158472913633e-08,-1.2904925530112585e-08,-3.3355649015076594e-07,-3.0962404823051856e-08,3.338797740180444e-07,3.066669643093544e-08
1689.0,-1.386578724060783e-08,-1.3009521519596116e-08,-3.3391710144159426e-07,-3.1631700958393135e-08,3.3420486335623207e-07,3.134079557383359e-08
1690.0,-1.2935840468242255e-08,-1.3100238377994461e-08,-3.341854919181042e-07,-3.227079768526031e-08,3.344357621086075e-07,3.1984767582260725e-08
1691.0,-1.1950649192460361e-08,-1.3177450745870839e-08,-3.343968598967795e-07,-3.287963965684246e-08,3.346103374448369e-07,3.259853454128099e-08
1692.0,-1.0986430071247e-08,-1.3241558839737987e-08,-3.3453147696427266e-07,-3.3458205951518296e-08,3.347118323657054e-07,3.3182053511283896e-08
1693.0,-1.0084462959136786e-08,-1.3292986373917387e-08,-3.346314947361151e-07,-3.4006508698027864e-08,3.3478341306358176e-07,3.37353152119424e-08
1694.0,-9.253801572239873e-09,-1.3332178393168056e-08,-3.3476446559266293e-07,-3.4524591619814855e-08,3.348923413084862e-07,3.4258342621506155e-08
1695.0,-8.499939849193616e-09,-1.3359599027825796e-08,-3.3498105331264405e-07,-3.501252850663198e-08,3.350888763535555e-07,3.4751189499535055e-08
1696.0,-7.841908900019234e-09,-1.3375729183560586e-08,-3.352942588297214e-07,-3.5470421621837986e-08,3.3538595012219643e-07,3.521393884153417e-08
1697.0,-7.297492971014563e-09,-1.3381064178097192e-08,-3.356227505912912e-07,-3.589840005407813e-08,3.357020764280824e-07,3.564670127422952e-08
1698.0,-6.890747611398851e-09,-1.3376111337359507e-08,-3.359106438283188e-07,-3.629661802223438e-08,3.359813135277015e-07,3.604961340043158e-08
1699.0,-6.651619102737705e-09,-1.3361387563502446e-08,-3.361444049776452e-07,-3.66652531426646e-08,3.362102095928424e-07,3.6422836102576e-08
1700.0,-6.583025208284354e-09,-1.3337416887197947e-08,-3.363049334015322e-07,-3.7004504667828854e-08,3.3636935718210413e-07,3.676655281411809e-08
1701.0,-6.651986808603461e-09,-1.3304728016357528e-08,-3.364253867432776e-07,-3.73145917054315e-08,3.36491143678204e-07,3.7080967767993404e-08
1702.0,-6.82169608301475e-09,-1.3263851893219086e-08,-3.365338161198661e-07,-3.7595751427190126e-08,3.366029484862675e-07,3.7366304231343885e-08
1703.0,-7.040217547826799e-09,-1.3215319271417092e-08,-3.3660523698908484e-07,-3.784823727627672e-08,3.366788532587081e-07,3.7622802735646317e-08
1704.0,-7.222819800589697e-09,-1.3159658324310476e-08,-3.3667762130984435e-07,-3.8072317182360175e-08,3.367550887762897e-07,3.785071931126631e-08
1705.0,-7.331674614641237e-09,-1.3097392295475946e-08,-3.3679026167909853e-07,-3.8268271793013023e-08,3.3687005479046465e-07,3.8050323735296464e-08
1706.0,-7.347190397744008e-09,-1.3029037201897307e-08,-3.3696249410186674e-07,-3.843639273002722e-08,3.370425843095962e-07,3.8221897801321464e-08
1707.0,-7.253332642842558e-09,-1.2955099599999166e-08,-3.372138408508363e-07,-3.857698087891913e-08,3.3729183994843526e-07,3.836573361948932e-08
1708.0,-7.049096140132605e-09,-1.2876074424286669e-08,-3.3745796965134467e-07,-3.869034471959408e-08,3.375315852444045e-07,3.8482131954960005e-08
1709.0,-6.7389796520878065e-09,-1.279244290795732e-08,-3.3767622598102065e-07,-3.877679870579509e-08,3.37743463947915e-07,3.857140061245783e-08
1710.0,-6.337940783307516e-09,-1.2704670594439681e-08,-3.378000111298185e-07,-3.883666170058467e-08,3.378594634055382e-07,3.863385287427908e-08
1711.0,-5.848681317033311e-09,-1.2613205448377658e-08,-3.3783542027765456e-07,-3.8870255474711676e-08,3.3788604331538717e-07,3.866980599870978e-08
1712.0,-5.293627911018284e-09,-1.2518476074109389e-08,-3.377999970022305e-07,-3.88779032743002e-08,3.378414723966956e-07,3.867957978539254e-08
1713.0,-4.710813364394717e-09,-1.2420890049177253e-08,-3.3772039073620697e-07,-3.8859928463865274e-08,3.3775324436868176e-07,3.866349521374776e-08
1714.0,-4.137331935383237e-09,-1.2320832379842468e-08,-3.376390252940453e-07,-3.881665325020942e-08,3.3766437318298257e-07,3.862187316010126e-08
1715.0,-3.6386955115652597e-09,-1.2218664084957824e-08,-3.375511578029844e-07,-3.8748397492280244e-08,3.3757076923092904e-07,3.855503319869223e-08
1716.0,-3.254444866374051e-09,-1.2114720913871488e-08,-3.3743943969599677e-07,-3.8655477601570516e-08,3.374551331269633e-07,3.8463292491232475e-08
1717.0,-2.9799038375744047e-09,-1.200931220329355e-08,-3.373701167874721e-07,-3.85382055371185e-08,3.3738327689450427e-07,3.834696476915805e-08
1718.0,-2.8349799729987524e-09,-1.1902719877258816e-08,-3.3737078750095684e-07,-3.839688789861854e-08,3.3738269868276156e-07,3.820635941215951e-08
1719.0,-2.8656396144910445e-09,-1.1795197593473015e-08,-3.3742797320157614e-07,-3.8231825120582944e-08,3.3744014134261463e-07,3.8041780626001434e-08
1720.0,-3.060251718700613e-09,-1.168697003844675e-08,-3.3754648315342806e-07,-3.804331076991226e-08,3.3756035524011005e-07,3.785352672204939e-08
1721.0,-3.402213705205881e-09,-1.1578232372916958e-08,-3.376778924257806e-07,-3.783163094863767e-08,3.3769503119118136e-07,3.764188950032136e-08
1722.0,-3.900982092908123e-09,-1.1469149828145975e-08,-3.3778437183440424e-07,-3.759706380300606e-08,3.378068967869843e-07,3.740715373727928e-08
1723.0,-4.544714049536935e-09,-1.1359857452791659e-08,-3.378525148534095e-07,-3.7339879139494025e-08,3.3788308069296004e-07,3.714959677898414e-08
1724.0,-5.291011059838091e-09,-1.125046000917695e-08,-3.378545206655925e-07,-3.7060338147769686e-08,3.3789594838087746e-07,3.686948823966296e-08
1725.0,-6.071426195131124e-09,-1.1141032016972159e-08,-3.37859639321092e-07,-3.675869323007532e-08,3.379141874769707e-07,3.6567089805183264e-08
1726.0,-6.8209319858958395e-09,-1.1031617941555216e-08,-3.378806051335115e-07,-3.643518793598272e-08,3.3794944657233e-07,3.624265514040365e-08
1727.0,-7.46115352834309e-09,-1.0922232523648382e-08,-3.378761998240609e-07,-3.609005700097752e-08,3.379585702708577e-07,3.5896429898868155e-08
1728.0,-7.945754956772966e-09,-1.0812861246254976e-08,-3.37841661951499e-07,-3.572352648685888e-08,3.379350878082713e-07,3.552865183283924e-08
1729.0,-8.302529594383934e-09,-1.0703460934440679e-08,-3.3773348578902684e-07,-3.5335814021498675e-08,3.378355212538676e-07,3.5139551001219736e-08
1730.0,-8.504723050806184e-09,-1.0593960483118803e-08,-3.3761933521114784e-07,-3.492712913509111e-08,3.3772643636912455e-07,3.4729350072501354e-08
1731.0,-8.53075768358913e-09,-1.0484261707699733e-08,-3.375307658926019e-07,-3.449767368964088e-08,3.376385519319477e-07,3.4298264719495936e-08
1732.0,-8.409278620669092e-09,-1.0374240312239364e-08,-3.37373736530866e-07,-3.404764239808547e-08,3.374785238614722e-07,3.38465041022565e-08
1733.0,-8.131618600693002e-09,-1.0263746969555603e-08,-3.371391421036485e-07,-3.357722342912473e-08,3.3723719302510394e-07,3.3374271435277065e-08
1734.0,-7.674581622985066e-09,-1.0152608507659877e-08,-3.3683086414493246e-07,-3.308659909353895e-08,3.369182842229104e-07,3.288176463477418e-08
1735.0,-7.082314165685055e-09,-1.0040629196755895e-08,-3.363743532880381e-07,-3.2575946607514525e-08,3.364489035855034e-07,3.236917704159653e-08
1736.0,-6.392879156602582e-09,-9.927592130973848e-09,-3.358452314305982e-07,-3.2045438928261826e-08,3.35906070767682e-07,3.183669821508113e-08
1737.0,-5.65554450493444e-09,-9.813260698918395e-09,-3.352674232681707e-07,-3.149524565699882e-08,3.3531512087665543e-07,3.1284514792969523e-08
1738.0,-4.952792537205042e-09,-9.697380136997715e-09,-3.346423216588068e-07,-3.0925534004179524e-08,3.346789709544251e-07,3.071281141230789e-08
1739.0,-4.353883836794026e-09,-9.579679159355748e-09,-3.339811097680112e-07,-3.0336469811661164e-08,3.34009487868738e-07,3.012177168607538e-08
1740.0,-3.8931610713e-09,-9.459871658042147e-09,-3.332633070340929e-07,-2.972821862632318e-08,3.3328604609018237e-07,2.951157923010703e-08
1741.0,-3.556553759831438e-09,-9.33765846682125e-09,-3.325721208424781e-07,-2.9100946819468943e-08,3.325911373387909e-07,2.8882418734699366e-08
1742.0,-3.2976585628841093e-09,-9.212729181746171e-09,-3.320193374678482e-07,-2.8454822746156305e-08,3.320357134474938e-07,2.8234477075103566e-08
1743.0,-3.114710322993375e-09,-9.08476403131524e-09,-3.3158361253948776e-07,-2.7790017938413285e-08,3.315982411369718e-07,2.7567944454923642e-08
1744.0,-3.0298217129631766e-09,-8.953435788697191e-09,-3.3120248515983164e-07,-2.7106708326103263e-08,3.312163431892527e-07,2.6883015576246594e-08
1745.0,-3.0919051485778226e-09,-8.818411718170756e-09,-3.3084295025798127e-07,-2.6405075479015404e-08,3.3085739770005576e-07,2.6179890830144495e-08
1746.0,-3.3393173642926044e-09,-8.679355547585382e-09,-3.3049237144200383e-07,-2.5685307863580755e-08,3.3050924135615164e-07,2.5458777501014815e-08
1747.0,-3.7778752209893796e-09,-8.535929458324361e-09,-3.301728982996188e-07,-2.4947602107462694e-08,3.301945110275999e-07,2.47198909780753e-08
1748.0,-4.380015045102326e-09,-8.387796083953187e-09,-3.298602704038256e-07,-2.419216426515143e-08,3.298893489076e-07,2.3963455967213102e-08
1749.0,-5.0743657192819924e-09,-8.234620508480256e-09,-3.295554176219184e-07,-2.3419211077612422e-08,3.295944818582527e-07,2.3189707696310482e-08
1750.0,-5.765872751473111e-09,-8.07607225496201e-09,-3.292215084993444e-07,-2.2628971219002765e-08,3.292719953885694e-07,2.2398893107136856e-08
1751.0,-6.374402478082075e-09,-7.911827255067871e-09,-3.288229913356311e-07,-2.182168652348136e-08,3.28884771064069e-07,2.1591272026912816e-08
1752.0,-6.8891023996542344e-09,-7.741569790196195e-09,-3.283503678674915e-07,-2.0997613185200647e-08,3.2842262986979127e-07,2.0767118312718686e-08
1753.0,-7.311210276084168e-09,-7.564994394809551e-09,-3.278390197924974e-07,-2.015702292468064e-08,3.2792053411490814e-07,1.992672096203947e-08
1754.0,-7.659390274805666e-09,-7.3818077128377036e-09,-3.273050778740405e-07,-1.9300204114928663e-08,3.273946857563719e-07,1.907038518290814e-08
1755.0,-7.929386938720917e-09,-7.19173029827545e-09,-3.2673779057357244e-07,-1.842746286087705e-08,3.2683399297827583e-07,1.819843341732678e-08
1756.0,-8.073130428054576e-09,-6.994498351472643e-09,-3.2613320219421205e-07,-1.7539124025962578e-08,3.2623310838778945e-07,1.7311206311906474e-08
1757.0,-8.033828463593906e-09,-6.789865383065844e-09,-3.2549150952299044e-07,-1.6635532199961378e-08,3.25590640484854e-07,1.6409063629967756e-08
1758.0,-7.796071899157653e-09,-6.577603798025423e-09,-3.247897914782083e-07,-1.5717052602519418e-08,3.248833442722401e-07,1.54923850996811e-08
1759.0,-7.375319341362818e-09,-6.357506392876621e-09,-3.2402740615666836e-07,-1.4784071917177434e-08,3.241113316069119e-07,1.4561571193198075e-08
1760.0,-6.80833224520061e-09,-6.1293877597836526e-09,-3.231845558393509e-07,-1.3836999051078102e-08,3.2325626137948134e-07,1.3617043832124558e-08
1761.0,-6.146780903715232e-09,-5.89308559184495e-09,-3.223086550430132e-07,-1.2876265815957552e-08,3.2236726265412613e-07,1.2659247015113667e-08
1762.0,-5.484123835608479e-09,-5.648461884616501e-09,-3.2138984215612787e-07,-1.1902327526458192e-08,3.2143662867723254e-07,1.1688647363801641e-08
1763.0,-4.894377347852696e-09,-5.39540402954104e-09,-3.203931352724343e-07,-1.091566351224951e-08,3.2043051674165425e-07,1.0705734583769401e-08
1764.0,-4.377211884620813e-09,-5.1338257955997455e-09,-3.193345780583279e-07,-9.916777540902575e-09,3.1936457650712164e-07,9.71102183767944e-09
1765.0,-3.90586216147959e-09,-4.863668196111298e-09,-3.182475748209068e-07,-8.90619814892646e-09,3.182715423009308e-07,8.705046028206573e-09
1766.0,-3.4632580137028413e-09,-4.584900238178317e-09,-3.171932960732704e-07,-7.884478878835673e-09,3.172122022083874e-07,7.68836798884643e-09
1767.0,-3.0306824827519563e-09,-4.297519552825306e-09,-3.162225277186792e-07,-6.852198420571411e-09,3.1623705044333765e-07,6.661572581142137e-09
1768.0,-2.6306212486115754e-09,-4.0015529043898986e-09,-3.152903252923167e-07,-5.8099606560421196e-09,3.1530129938059014e-07,5.625268697313589e-09
1769.0,-2.290122341763734e-09,-3.697056578224615e-09,-3.143593045873416e-07,-4.758394605979092e-09,3.143676463012332e-07,4.5800891677037775e-09
1770.0,-2.019189135338273e-09,-3.384116646243202e-09,-3.1339965544940895e-07,-3.69815427872261e-09,3.134061600552429e-07,3.526690572874815e-09
1771.0,-1.832306251170479e-09,-3.0628491103070093e-09,-3.124172947566173e-07,-2.6299184209668082e-09,3.124226678863766e-07,2.465752960595992e-09
1772.0,-1.7163055282543027e-09,-2.7333999238969882e-09,-3.114294636064052e-07,-1.5543901708999942e-09,3.114341928993019e-07,1.3979794683704936e-09
1773.0,-1.621250522720885e-09,-2.3959448929610042e-09,-3.1039257822329525e-07,-4.722966145827739e-10,3.1039681227319635e-07,3.2409585254745435e-10
1774.0,-1.4656051788852764e-09,-2.0506894572708033e-09,-3.0931782010745756e-07,6.156117531920017e-10,3.093212922424996e-07,-7.551500745390948e-10
1775.0,-1.1910796932079748e-09,-1.6978683540744092e-09,-3.0822703339650204e-07,1.7085616619176699e-09,3.0822933472861395e-07,-1.8389890975751016e-09
1776.0,-7.97596239054954e-10,-1.3377451662921956e-09,-3.071134637988582e-07,2.8057577902437407e-09,3.071144995051408e-07,-2.9266313392080064e-09
1777.0,-2.910739149708519e-10,-9.706117579783543e-10,-3.0602441483673637e-07,3.906383580295319e-09,3.0602455326360807e-07,-4.017267086353006e-09
1778.0,2.928351450215416e-10,-5.967876002491158e-10,-3.049785917974557e-07,5.009602138679774e-09,3.0497873238503246e-07,-5.110067698943711e-09
1779.0,8.917281496545471e-10,-2.1661899135594617e-10,-3.038914108965951e-07,6.114557221075594e-09,3.038927192214649e-07,-6.204186597876964e-09
1780.0,1.5284713494878588e-09,1.695218249545516e-10,-3.027529754118241e-07,7.220374296974001e-09,3.027568336889834e-07,-7.298760328591628e-09
1781.0,2.2290905510313763e-09,5.612376382121689e-10,-3.0158486311049337e-07,8.326161690838065e-09,3.0159310088604433e-07,-8.392909696430852e-09
1782.0,2.9868463535809298e-09,9.581073421353087e-10,-3.003295675207962e-07,9.431011795657569e-09,3.003444195891916e-07,-9.485740969667508e-09
1783.0,3.821259961234169e-09,1.359687092321613e-09,-2.990825442306111e-07,1.0534002354612568e-08,2.9910695460177244e-07,-1.0576347145825357e-08
1784.0,4.704728356896837e-09,1.7655115450258686e-09,-2.9785909577695335e-07,1.163419780631905e-08,2.9789624939897527e-07,-1.1663809276707495e-08
1785.0,5.578355499746834e-09,2.1750951710534743e-09,-2.966272056870167e-07,1.2730650688920488e-08,2.9667965417899706e-07,-1.2747197847353895e-08
1786.0,6.401207550132959e-09,2.5879336385715673e-09,-2.9543746685178895e-07,1.3822403098113738e-08,2.9550680580640065e-07,-1.3825574203994324e-08
1787.0,7.105893262693286e-09,3.003505258473042e-09,-2.9426861228309953e-07,1.4908488194058547e-08,2.9435439506499977e-07,-1.4897992025944384e-08
1788.0,7.695540579777393e-09,3.4212724858239793e-09,-2.931603076405942e-07,1.5987931752017845e-08,2.932612952995039e-07,-1.5963498836310303e-08
1789.0,8.21631659930766e-09,3.840683470881e-09,-2.9216143551669127e-07,1.705975375150938e-08,2.9227694445787853e-07,-1.7021137546321747e-08
1790.0,8.682216903754814e-09,4.261173653176443e-09,-2.912236231611409e-07,1.8122969998716335e-08,2.9135301539106484e-07,-1.8069948028098517e-08
1791.0,9.106268572534049e-09,4.682167392227298e-09,-2.903773737295001e-07,1.917659377690133e-08,2.9052012546699225e-07,-1.9108968710672904e-08
1792.0,9.4664013017276e-09,5.103079628519131e-09,-2.895721841478238e-07,2.021963751958884e-08,2.8972687584300243e-07,-2.0137238194128864e-08
1793.0,9.761571329036656e-09,5.523317568539941e-09,-2.8875124338800795e-07,2.1251114501319053e-08,2.889161969030682e-07,-2.1153796876775616e-08
1794.0,9.993402744212787e-09,5.942282387783767e-09,-2.8795470610742946e-07,2.227004054082443e-08,2.8812806331182686e-07,-2.2157688590339628e-08
1795.0,1.0122706700643747e-08,6.359370945803081e-09,-2.871411187987949e-07,2.32754357115335e-08,2.873194934145104e-07,-2.314796223822994e-08
1796.0,1.0151517293444101e-08,6.773977507555806e-09,-2.863200755098827e-07,2.426632605436091e-08,2.864999807039156e-07,-2.4123673432004293e-08
1797.0,1.0124399124622485e-08,7.185495465459605e-09,-2.8550934236259984e-07,2.524174528779778e-08,2.856887957795316e-07,-2.5083886121236353e-08
1798.0,1.0099323030643426e-08,7.593319056724802e-09,-2.847016135898439e-07,2.6200736510372522e-08,2.848806857376226e-07,-2.602767421205844e-08
1799.0,1.0121841961807654e-08,7.996845070679095e-09,-2.839501861973126e-07,2.7142353890609996e-08,2.8413053325221546e-07,-2.6954123169730693e-08
1800.0,1.0196352082103566e-08,8.395474540914862e-09,-2.8321915393481056e-07,2.806566433967826e-08,2.834026371636865e-07,-2.7862331600668287e-08
1801.0,1.0319904847344574e-08,8.788614417178839e-09,-2.825297791275716e-07,2.8969749161977492e-08,2.8271819278202215e-07,-2.8751412809443762e-08
1802.0,1.0464510785679337e-08,9.17567921198321e-09,-2.8186663533769085e-07,2.985370567899457e-08,2.820608198643945e-07,-2.9620496326371402e-08
1803.0,1.0617501086662706e-08,9.556092616949833e-09,-2.812352785375172e-07,3.071664882181846e-08,2.8143562891609894e-07,-3.046872940137396e-08
1804.0,1.0772689573723682e-08,9.929289083909109e-09,-2.806168724611702e-07,3.155771268778403e-08,2.808235744209173e-07,-3.129527845992657e-08
1805.0,1.0934407351781417e-08,1.0294715365766723e-08,-2.799605427206142e-07,3.2376052056784475e-08,2.801739936977655e-07,-3.2099330516967535e-08
1806.0,1.114991506068197e-08,1.0651832012128426e-08,-2.792547002805623e-07,3.31708438628633e-08,2.7947720521474936e-07,-3.288009454475895e-08
1807.0,1.1468755112264972e-08,1.1000114814637984e-08,-2.784656189247503e-07,3.394128861676728e-08,2.7870169225709655e-07,-3.363680279077282e-08
1808.0,1.1930452875619224e-08,1.1339056196939284e-08,-2.7760530382781035e-07,3.4686611775213424e-08,2.7786154901164044e-07,-3.43687120417723e-08
1809.0,1.2540483457224028e-08,1.1668166544124875e-08,-2.767122144475831e-07,3.5406065052701586e-08,2.7699623345783264e-07,-3.5075104830357616e-08
1810.0,1.3289784425718487e-08,1.1986975466487427e-08,-2.757968134425859e-07,3.60989276717964e-08,2.7611682432471694e-07,-3.5755290580359094e-08
1811.0,1.4148407251335371e-08,1.2295032992358726e-08,-2.7487733264552894e-07,3.6764507547916765e-08,2.7524121317504473e-07,-3.6408606687593837e-08
1812.0,1.5087331370344792e-08,1.2591910684816803e-08,-2.7393706283906916e-07,3.740214240481609e-08,2.7435222245277096e-07,-3.7034419532664316e-08
1813.0,1.612056868549594e-08,1.2877202677080395e-08,-2.730339931367176e-07,3.801120081711849e-08,2.735094772451678e-07,-3.7632125422673893e-08
1814.0,1.7259830439875223e-08,1.315052662150577e-08,-2.7218999068545635e-07,3.859108317650086e-08,2.727366729579322e-07,-3.820115145896904e-08
1815.0,1.850597577957025e-08,1.341152454726667e-08,-2.714428919692313e-07,3.9141222578380696e-08,2.720729952424052e-07,-3.874095632829395e-08
1816.0,1.98258614247937e-08,1.3659863622045802e-08,-2.7083037393293985e-07,3.966108562628769e-08,2.7155507033729115e-07,-3.925103101506093e-08
1817.0,2.111806114701853e-08,1.3895236813406481e-08,-2.703378240431764e-07,4.015017315146068e-08,2.7116141247420995e-07,-3.9730899432797014e-08
1818.0,2.229438925138716e-08,1.4117363445956272e-08,-2.69977373124064e-07,4.0608020845617564e-08,2.708963303388631e-07,-4.018011897321846e-08
1819.0,2.3267085716427438e-08,1.4325989650968597e-08,-2.697002694784789e-07,4.103419980528613e-08,2.707020366279126e-07,-4.0598280971801516e-08
1820.0,2.397157211619927e-08,1.4520888705796755e-08,-2.695023720022949e-07,4.142831698654953e-08,2.7056637777925306e-07,-4.0985011089150555e-08
1821.0,2.4368290857390562e-08,1.4701861261193753e-08,-2.693531554465167e-07,4.1790015569541235e-08,2.7045320472922074e-07,-4.1339969607902435e-08
1822.0,2.443538087149033e-08,1.4868735455528417e-08,-2.692235498980011e-07,4.211897523251098e-08,2.703301826619001e-07,-4.166285164534027e-08
1823.0,2.4190572905924412e-08,1.502136691584323e-08,-2.6914153944401775e-07,4.2414912335768405e-08,2.7022648292092434e-07,-4.195338728231446e-08
1824.0,2.3666547277478855e-08,1.5159638646705376e-08,-2.6911243011795705e-07,4.2677580016289124e-08,2.7015107903547127e-07,-4.2211341609480194e-08
1825.0,2.2879740962933326e-08,1.5283460808828082e-08,-2.6914839171277016e-07,4.2906768194234634e-08,2.7011912058960526e-07,-4.243651469225743e-08
1826.0,2.183307358516462e-08,1.5392770390452182e-08,-2.6924227003455314e-07,4.3102303493091216e-08,2.7012605034600874e-07,-4.2628741456302384e-08
1827.0,2.0578018733452552e-08,1.5487530775444577e-08,-2.6945785669418854e-07,4.326404907557025e-08,2.702424677751818e-07,-4.278789149564868e-08
1828.0,1.9187747168913916e-08,1.5567731212960538e-08,-2.698289124358766e-07,4.3391904397830714e-08,2.705102800777562e-07,-4.2913868806031246e-08
1829.0,1.7756550146907912e-08,1.5633386194301843e-08,-2.7035557437216085e-07,4.348580488497893e-08,2.7093805872785876e-07,-4.300661144624422e-08
1830.0,1.6382844678086705e-08,1.5684534743257784e-08,-2.709576484849485e-07,4.354572153116467e-08,2.7145247258450094e-07,-4.3066091130701455e-08
1831.0,1.5148610019166675e-08,1.572123962672167e-08,-2.715789695351134e-07,4.357166042791799e-08,2.720011343345223e-07,-4.309231275665639e-08
1832.0,1.4127921929563136e-08,1.5743586492719322e-08,-2.7216689030273855e-07,4.35636622246476e-08,2.725333270539784e-07,-4.308531386978865e-08
1833.0,1.3369585535882855e-08,1.575168294316529e-08,-2.726905940220181e-07,4.352180152544021e-08,2.730181420445945e-07,-4.30451640720675e-08
1834.0,1.2886381031695926e-08,1.5745657548682874e-08,-2.731778279974062e-07,4.3446186226457584e-08,2.7348159814779953e-07,-4.2971964375953586e-08
1835.0,1.2643127350608907e-08,1.5725658812701148e-08,-2.735769366046803e-07,4.3336956798323026e-08,2.738689265163264e-07,-4.286584650909667e-08
1836.0,1.2615604172427908e-08,1.5691854091796946e-08,-2.738640774435641e-07,4.319428551792737e-08,2.741544936393527e-07,-4.27269721737336e-08
1837.0,1.2813799146749183e-08,1.5644428478909618e-08,-2.7405681854442143e-07,4.301837565407379e-08,2.743562159661471e-07,-4.2555532264992296e-08
1838.0,1.3242926283352219e-08,1.558358365564908e-08,-2.741932230154731e-07,4.280946061133084e-08,2.7451283876015575e-07,-4.2351746052273334e-08
1839.0,1.3909249349519648e-08,1.550953671947154e-08,-2.7434012594973467e-07,4.256780303638667e-08,2.7469250430906084e-07,-4.2115860327820914e-08
1840.0,1.4801157036115065e-08,1.5422518991039868e-08,-2.74559009527664e-07,4.229369389110585e-08,2.7495767667482867e-07,-4.1848148526520504e-08
1841.0,1.5838338043860922e-08,1.532277480664357e-08,-2.7484477471695357e-07,4.198745149639568e-08,2.753007503462433e-07,-4.154890982088186e-08
1842.0,1.6917529183091418e-08,1.521056030015357e-08,-2.7519087386629337e-07,4.1649420550898654e-08,2.7571039126763966e-07,-4.1218468195089074e-08
1843.0,1.7899903087537083e-08,1.508614217865419e-08,-2.7553161041637964e-07,4.1279971128446006e-08,2.761124315730583e-07,-4.0857171501926576e-08
1844.0,1.8678666210969475e-08,1.4949796495650434e-08,-2.758442952943696e-07,4.087949765813356e-08,2.7647598054418434e-07,-4.046539050632103e-08
1845.0,1.9208789850400088e-08,1.480180742560689e-08,-2.7616512801587056e-07,4.044841789081522e-08,2.768323599934426e-07,-4.004351791917059e-08
1846.0,1.947722322315215e-08,1.4642466043539286e-08,-2.7652615436357664e-07,3.998717185575034e-08,2.7721124845791e-07,-3.9591967425065665e-08
1847.0,1.9495671646496682e-08,1.4472069113445053e-08,-2.769184704043415e-07,3.94962208110914e-08,2.776038912984257e-07,-3.911117270744025e-08
1848.0,1.929428071478778e-08,1.429091788950911e-08,-2.7736488344975996e-07,3.897604619185995e-08,2.78035155761641e-07,-3.860158647463375e-08
1849.0,1.8886132518991516e-08,1.4099316934233944e-08,-2.779150935494634e-07,3.8427148559033855e-08,2.785560719570333e-07,-3.806367949029358e-08
1850.0,1.8263059120560143e-08,1.3897572957894703e-08,-2.7859981158173674e-07,3.7850046553358266e-08,2.791977692278724e-07,-3.749793961151032e-08
1851.0,1.7420202419460296e-08,1.3685993683985594e-08,-2.794851311216373e-07,3.724527585749427e-08,2.8002750216793666e-07,-3.6904870838050524e-08
1852.0,1.6360104715396062e-08,1.3464886745579745e-08,-2.805637838720898e-07,3.661338817012888e-08,2.8104037049314364e-07,-3.628499237603416e-08
1853.0,1.5132389369343358e-08,1.3234558617747966e-08,-2.8178447886162417e-07,3.595495019567978e-08,2.8219050610419643e-07,-3.5638837719388004e-08
1854.0,1.3822555794407165e-08,1.2995313591350413e-08,-2.8307257810000763e-07,3.5270542653226957e-08,2.834098578399743e-07,-3.4966953752383355e-08
1855.0,1.2510968372403397e-08,1.2747452793607656e-08,-2.8437228996591735e-07,3.4560759308276675e-08,2.8464736715816474e-07,-3.426989987652296e-08
1856.0,1.1260007787283755e-08,1.2491273260855473e-08,-2.856531605421875e-07,3.382620603089895e-08,2.858750004864196e-07,-3.354824716496678e-08
1857.0,1.0116336296439599e-08,1.2227067068776767e-08,-2.8689867739850605e-07,3.3067499883666564e-08,2.870769780965982e-07,-3.2802577547568294e-08
1858.0,9.107454859713648e-09,1.1955120525177105e-08,-2.8807367938310513e-07,3.228526824265769e-08,2.8821760960659876e-07,-3.203348302942857e-08
1859.0,8.244081514674484e-09,1.1675713430027248e-08,-2.891480096189891e-07,3.148014795456458e-08,2.8926551185138475e-07,-3.124156494566254e-08
1860.0,7.53108564399696e-09,1.1389118407043163e-08,-2.900969500729822e-07,3.065278453268211e-08,2.901946892908682e-07,-3.0427433254815106e-08
1861.0,6.994632970047654e-09,1.1095600310522707e-08,-2.90949759451653e-07,2.98038313942393e-08,2.9103382520827443e-07,-2.9591705873069784e-08
1862.0,6.685657555349778e-09,1.0795415710523475e-08,-2.9179258054234936e-07,2.8933949141195072e-08,2.918691625994614e-07,-2.8735008051069133e-08
1863.0,6.6413492205708025e-09,1.0488812458765824e-08,-2.926623632881764e-07,2.804380488625808e-08,2.9273770922942286e-07,-2.785797179482571e-08
1864.0,6.868655713643257e-09,1.0176029336898435e-08,-2.935765338885066e-07,2.7134071625522545e-08,2.9365687405763555e-07,-2.6961235331856035e-08
1865.0,7.33491736792935e-09,9.857295787993844e-09,-2.945216919791882e-07,2.6205427658746916e-08,2.946130140694368e-07,-2.6045442623327434e-08
1866.0,7.945086338834173e-09,9.532831731373737e-09,-2.9542763690937335e-07,2.5258556057946777e-08,2.955344532314093e-07,-2.5111242922674184e-08
1867.0,8.607831641915809e-09,9.202847460126006e-09,-2.963074295647683e-07,2.429414418462989e-08,2.9643243341587253e-07,-2.415929038081722e-08
1868.0,9.249177312931067e-09,8.86754361999472e-09,-2.971759542336194e-07,2.331288325567159e-08,2.9731985311382806e-07,-2.319024369781141e-08
1869.0,9.799912478736239e-09,8.527111267723484e-09,-2.980175074773772e-07,2.2315467957514272e-08,2.981785925374581e-07,-2.2204765820447432e-08
1870.0,1.02444913663291e-08,8.181732006428448e-09,-2.9884742999697345e-07,2.1302596108079405e-08,2.9902296904945403e-07,-2.120352368505463e-08
1871.0,1.0567164310248955e-08,7.831578195178184e-09,-2.9968088430254447e-07,2.0274968365508006e-08,2.99867132873736e-07,-2.0187188004490672e-08
1872.0,1.0754443224847421e-08,7.476813229664521e-09,-3.0054448538208156e-07,1.9233287982600772e-08,3.0073683802064674e-07,-1.915643309806799e-08
1873.0,1.0793738222658611e-08,7.117591890656234e-09,-3.014762514352842e-07,1.8178260605615702e-08,3.016694133721382e-07,-1.8111936762959487e-08
1874.0,1.0642373218794354e-08,6.754060756826975e-09,-3.025293398573048e-07,1.7110594115901546e-08,3.0271647061602833e-07,-1.7054380185450112e-08
1875.0,1.026574347751108e-08,6.386358678528102e-09,-3.0374173162761586e-07,1.6030998512700512e-08,3.0391516089410326e-07,-1.5984447890257237e-08
1876.0,9.637645667637251e-09,6.0146173091217615e-09,-3.0512595627918415e-07,1.494018583534072e-08,3.0527812468190627e-07,-1.4902827726029353e-08
1877.0,8.765354261863756e-09,5.6389616905827814e-09,-3.066237268256611e-07,1.3838870122951688e-08,3.067489874274952e-07,-1.3810210885044087e-08
1878.0,7.710166893826198e-09,5.259510890199915e-09,-3.0819094279377346e-07,1.2727767409764649e-08,3.0828737225784256e-07,-1.2707291955053518e-08
1879.0,6.5240326474480526e-09,4.876378685335157e-09,-3.097804549268002e-07,1.1607595753991408e-08,3.0984914596725975e-07,-1.1594769001155366e-08
1880.0,5.267600328151545e-09,4.4896742933110615e-09,-3.1134045508363073e-07,1.0479075298198475e-08,3.113850134237347e-07,-1.0473343675491716e-08
1881.0,4.006643378184904e-09,4.099503143567919e-09,-3.128792657181023e-07,9.342928358996902e-09,3.129049186373695e-07,-9.343721352482487e-09
1882.0,2.7548300585156227e-09,3.7059676892471226e-09,-3.1433358335664074e-07,8.199879543747376e-09,3.143456548363243e-07,-8.206611287183482e-09
1883.0,1.5486937843256499e-09,3.3091682553008367e-09,-3.1566869190813307e-07,7.050655891832117e-09,3.1567249088799207e-07,-7.062726794216832e-09
1884.0,4.513004137063348e-10,2.9092039200938415e-09,-3.169386184331824e-07,5.8959870378729006e-09,3.169389397445473e-07,-5.912785444556725e-09
1885.0,-5.242354883527867e-10,2.5061734272489904e-09,-3.181110117544961e-07,4.736605394083309e-09,3.181114437148032e-07,-4.757509277270995e-09
1886.0,-1.324920645418004e-09,2.1001761241955653e-09,-3.1923308829728825e-07,3.573246348741276e-09,3.192358377102121e-07,-3.5976250231268447e-09
1887.0,-1.8611146790359356e-09,1.6913129235168504e-09,-3.203542974228313e-07,2.4066484775648783e-09,3.2035970349768456e-07,-2.433864336776194e-09
1888.0,-2.0824145186004728e-09,1.2796872827709095e-09,-3.214587601385599e-07,1.2375537645799021e-09,3.214655050235522e-07,-1.2669640340518717e-09
1889.0,-1.9880973256558576e-09,8.654061979930297e-10,-3.2258118842776184e-07,6.670782888976699e-11,3.225873147822826e-07,-9.766633073805947e-11
1890.0,-1.6515335210520732e-09,4.485812056014083e-10,-3.2368224889278707e-07,-1.1051398463965032e-09,3.23686462199554e-07,1.0732809209669681e-09
1891.0,-1.1552105105838706e-09,2.932938694617606e-11,-3.247822236707165e-07,-2.277235686951532e-09,3.247842781352249e-07,2.245124002197302e-09
1892.0,-5.716000034405866e-10,-3.922256307043879e-10,-3.2590037588042797e-07,-3.4488218057057953e-09,3.2590087714758943e-07,3.417103107368169e-09
1893.0,3.3719180225766365e-11,-8.159526833282387e-10,-3.2697503848932996e-07,-4.619135791057847e-09,3.2697504022796895e-07,4.588452138382748e-09
1894.0,6.44250458536888e-10,-1.2417120963445376e-09,-3.2799022464669036e-07,-5.787410508904888e-09,3.2799085737629904e-07,5.758398517185083e-09
1895.0,1.2435495549967257e-09,-1.6693547349036024e-09,-3.289895381675123e-07,-6.95287392259048e-09,3.289918884093782e-07,6.926163020748788e-09
1896.0,1.761279566636631e-09,-2.0987210854012642e-09,-3.29934729675907e-07,-8.114748934844268e-09,3.299394307324083e-07,8.090959642560214e-09
1897.0,2.1450754505991654e-09,-2.5296403752873407e-09,-3.3088393161517793e-07,-9.272253255731826e-09,3.3089088465807953e-07,9.25199548458906e-09
1898.0,2.3349318867271762e-09,-2.961929738052583e-09,-3.318875455293746e-07,-1.0424599300537984e-08,3.3189575891298814e-07,1.0408470683635308e-08
1899.0,2.275269472828967e-09,-3.395393429971645e-09,-3.3297872617521485e-07,-1.157099412137165e-08,3.32986499630905e-07,1.1559578375796922e-08
1900.0,1.94551541543575e-09,-3.829822104760473e-09,-3.342180523446814e-07,-1.271063937610285e-08,3.3422371481285385e-07,1.2704504702616326e-08
1901.0,1.3468625936763345e-09,-4.26499215179022e-09,-3.3556993297989557e-07,-1.3842731338026183e-08,3.3557263589121483e-07,1.3842428862237423e-08
1902.0,5.057972790600829e-10,-4.7006651029069775e-09,-3.369669250297136e-07,-1.4966460949394627e-08,3.369673046378063e-07,1.497252320864564e-08
1903.0,-4.983955054216338e-10,-5.136587112262287e-09,-3.383861310046754e-07,-1.6081013921693685e-08,3.383864980379583e-07,1.6093953401779236e-08
1904.0,-1.6200920188724766e-09,-5.572488512891047e-09,-3.398064158388614e-07,-1.7185570885240103e-08,3.3981027786605103e-07,1.7205878611003788e-08
1905.0,-2.8423908504660034e-09,-6.00808345310793e-09,-3.412134775560016e-07,-1.8279307590401125e-08,3.412253162524827e-07,1.8307451774142544e-08
1906.0,-4.126814820426539e-09,-6.443069615155282e-09,-3.4257676057025677e-07,-1.9361395162449075e-08,3.4260161628832567e-07,1.9397819913962428e-08
1907.0,-5.436023284288716e-09,-6.8771280179445175e-09,-3.438666522359579e-07,-2.0431000411795294e-08,3.4390961729662713e-07,2.0476124513732587e-08
1908.0,-6.737021635006002e-09,-7.309922905205099e-09,-3.4507532603589297e-07,-2.148728620109039e-08,3.451410843398513e-07,2.1541501953203222e-08
1909.0,-7.97215404801932e-09,-7.7411017199013e-09,-3.462366028050834e-07,-2.2529411870433154e-08,3.4632837071509234e-07,2.2593084006095953e-08
1910.0,-9.073531356817988e-09,-8.170295165404874e-09,-3.473807695941744e-07,-2.355653372169649e-08,3.47499248999367e-07,2.362999839995205e-08
1911.0,-9.950731141850078e-09,-8.597117353624615e-09,-3.4850709412781455e-07,-2.456780556275132e-08,3.4864912405980713e-07,2.4651369438947682e-08
1912.0,-1.0525081542422932e-08,-9.021166040089618e-09,-3.496096850630348e-07,-2.5562379312144058e-08,3.4976807920584897e-07,2.565631869005167e-08
1913.0,-1.0789386759024744e-08,-9.442022945854473e-09,-3.5065772852060917e-07,-2.653940566455803e-08,3.5082367855928576e-07,2.6643965732669754e-08
1914.0,-1.0793007251819198e-08,-9.859254166026404e-09,-3.5164752767991025e-07,-2.749803481716136e-08,3.5181312188281307e-07,2.7613428971686867e-08
1915.0,-1.0606532638290922e-08,-1.0272410664685262e-08,-3.526050989521856e-07,-2.8437417256713196e-08,3.52764587709265e-07,2.856382651358512e-08
1916.0,-1.0304148381767853e-08,-1.0681028855950997e-08,-3.535389705155989e-07,-2.935670460706496e-08,3.536890995593489e-07,2.949427710507783e-08
1917.0,-9.949470886061462e-09,-1.108463127092216e-08,-3.5443374005184047e-07,-3.0255050536452314e-08,3.545733606153291e-07,3.040390113345624e-08
1918.0,-9.551019530817939e-09,-1.1482727310139013e-08,-3.552952822227784e-07,-3.113161172372371e-08,3.5542363391288683e-07,3.129182168759326e-08
1919.0,-9.110416213098382e-09,-1.1874814081096328e-08,-3.5609838019978746e-07,-3.198554888239246e-08,3.562149015194174e-07,3.2157165678285294e-08
1920.0,-8.6673286880945e-09,-1.2260377320131218e-08,-3.568463654846088e-07,-3.2816027841129094e-08,3.569516089698469e-07,3.299906501633759e-08
1921.0,-8.292574932289298e-09,-1.2638892397732245e-08,-3.575964013513566e-07,-3.3622220679029096e-08,3.5769253984175876e-07,3.381665784650903e-08
1922.0,-8.083581498619097e-09,-1.3009825405953491e-08,-3.583560035658184e-07,-3.4403306913695934e-08,3.5844716428158516e-07,3.460908983512777e-08
1923.0,-8.129992970506983e-09,-1.3372634326170922e-08,-3.591674561653768e-07,-3.515847473987015e-08,3.5925945826659647e-07,3.537551550886879e-08
1924.0,-8.447241475750822e-09,-1.3726770274892637e-08,-3.6002934242218565e-07,-3.5886922316011956e-08,3.6012842611143745e-07,3.6115099641847605e-08
1925.0,-9.016838511954894e-09,-1.4071678824740412e-08,-3.6092530003584145e-07,-3.6587859095909323e-08,3.610379143285548e-07,3.682701868783465e-08
1926.0,-9.804999506757284e-09,-1.4406801397075808e-08,-3.6183031165704094e-07,-3.726050720204193e-08,3.6196313686501126e-07,3.7510462254037176e-08
1927.0,-1.0726451046827457e-08,-1.4731576722074484e-08,-3.6277195639145e-07,-3.790410283708834e-08,3.6293050174398414e-07,3.816463461253691e-08
1928.0,-1.1709546623994704e-08,-1.5045442361383982e-08,-3.6371847034200044e-07,-3.851789772962912e-08,3.639069100059302e-07,3.878875624512055e-08
1929.0,-1.2700412443944487e-08,-1.5347836287860293e-08,-3.6460097846413575e-07,-3.9101160609777204e-08,3.6482211277998414e-07,3.938206541690432e-08
1930.0,-1.3711867336008154e-08,-1.5638198516288963e-08,-3.654150791398969e-07,-3.965317871016674e-08,3.656722512970562e-07,3.994381977384022e-08
1931.0,-1.4743493689794995e-08,-1.5915972778474924e-08,-3.6615070447831854e-07,-4.017325928745657e-08,3.664474164135285e-07,4.047329795890509e-08
1932.0,-1.574299231255072e-08,-1.6180608235642444e-08,-3.668316779503744e-07,-4.06607311592571e-08,3.671693366211839e-07,4.096980124151848e-08
1933.0,-1.6649840353655243e-08,-1.6431561220729984e-08,-3.674852812884932e-07,-4.11149462511703e-08,3.6786226926321923e-07,4.143265515451046e-08
1934.0,-1.7374736524522483e-08,-1.6668297002897894e-08,-3.6807424361184893e-07,-4.153528114843869e-08,3.684840977297817e-07,4.186121113276548e-08
1935.0,-1.7820530814893765e-08,-1.6890291566390922e-08,-3.686583897044571e-07,-4.1921138646529574e-08,3.6908885057396127e-07,4.225484814750088e-08
1936.0,-1.8008651486711713e-08,-1.709703339580879e-08,-3.692504483843173e-07,-4.2271949294832075e-08,3.696893360111828e-07,4.2612974329995874e-08
1937.0,-1.7989790601635747e-08,-1.7288025259826967e-08,-3.6986162788021915e-07,-4.258717292751689e-08,3.702988743489459e-07,4.293502857846923e-08
1938.0,-1.7846174898972222e-08,-1.7462785985459733e-08,-3.705371737494634e-07,-4.286630017550272e-08,3.709666873032735e-07,4.3220482141710327e-08
1939.0,-1.766233245770188e-08,-1.7620852215048273e-08,-3.7124632762397525e-07,-4.310885395339071e-08,3.716662397395469e-07,4.346884017300065e-08
1940.0,-1.7512028646637923e-08,-1.7761780138266776e-08,-3.7193695243131764e-07,-4.331439091517431e-08,3.72348986478031e-07,4.3679643247824714e-08
1941.0,-1.744077515741793e-08,-1.7885147191551364e-08,-3.7254369733563664e-07,-4.348250287251255e-08,3.7295172216065453e-07,4.385246883886591e-08
1942.0,-1.746386636691799e-08,-1.799055371745976e-08,-3.7300226016223625e-07,-4.361281816937572e-08,3.7341086314489855e-07,4.398693274181988e-08
1943.0,-1.7580530906058378e-08,-1.8077624576559413e-08,-3.733439986053355e-07,-4.370500300693986e-08,3.737576973943943e-07,4.408269044564008e-08
1944.0,-1.7815845868018876e-08,-1.8146010704521476e-08,-3.7359363777578203e-07,-4.3758762712719395e-08,3.740181954805611e-07,4.4139438440958175e-08
1945.0,-1.819022901750067e-08,-1.819539060717515e-08,-3.7376199649163944e-07,-4.377384294808331e-08,3.7420437524583463e-07,4.41569154605922e-08
1946.0,-1.8689802941396216e-08,-1.8225471786361358e-08,-3.739416293002673e-07,-4.3750030848492254e-08,3.7440840115804925e-07,4.413490364626226e-08
1947.0,-1.93425026551175e-08,-1.823599208952997e-08,-3.7414537293334327e-07,-4.3687156091015076e-08,3.7464502198266794e-07,4.407322963586997e-08
1948.0,-2.0134881678623984e-08,-1.8226720976163784e-08,-3.7434291466631464e-07,-4.358509188392771e-08,3.748840236941072e-07,4.397176556595947e-08
1949.0,-2.0966108030262554e-08,-1.819746069430111e-08,-3.7453705525880565e-07,-4.3443755873462804e-08,3.751234242857599e-07,4.383042998426213e-08
1950.0,-2.1786630513553895e-08,-1.8148047360681674e-08,-3.7468115976491134e-07,-4.3263110963066347e-08,3.753140401742428e-07,4.364918866753741e-08
1951.0,-2.254438973003925e-08,-1.8078351938372885e-08,-3.7478592215811624e-07,-4.304316604082996e-08,3.7546336300125136e-07,4.3428055340260154e-08
1952.0,-2.3125657513944908e-08,-1.7988281106155885e-08,-3.748781749468577e-07,-4.278397661110766e-08,3.755907907376579e-07,4.316709229007485e-08
1953.0,-2.3517230038350156e-08,-1.7877778014469733e-08,-3.7492075136147385e-07,-4.248564532669509e-08,3.756575966357246e-07,4.2866410876341604e-08
1954.0,-2.3745044652745406e-08,-1.7746822923326826e-08,-3.7483769602109085e-07,-4.214832241834887e-08,3.7558903805084696e-07,4.252617192853722e-08
1955.0,-2.379685232201112e-08,-1.7595433718315808e-08,-3.746312272623342e-07,-4.1772206018851735e-08,3.753862632283157e-07,4.214658603174723e-08
1956.0,-2.368619038406461e-08,-1.7423666301587054e-08,-3.7427434243508806e-07,-4.135754237928551e-08,3.750230913158918e-07,4.172791369698829e-08
1957.0,-2.3409281638131496e-08,-1.723161485555344e-08,-3.737393619029916e-07,-4.090462597565317e-08,3.744717680980353e-07,4.127046541462983e-08
1958.0,-2.2900287846572276e-08,-1.7019411977918173e-08,-3.73158319882938e-07,-4.041379950448687e-08,3.7386034141282354e-07,4.077460158973121e-08
1959.0,-2.2114367059788975e-08,-1.6787228687543218e-08,-3.7258995910782744e-07,-3.988545376658027e-08,3.732456602003935e-07,4.024073235866414e-08
1960.0,-2.1060812885331792e-08,-1.653527430157758e-08,-3.7200733465914126e-07,-3.932002743848105e-08,3.726030258594115e-07,3.966931728693884e-08
1961.0,-1.978703742522292e-08,-1.6263796185153508e-08,-3.7143928899308065e-07,-3.871800673186398e-08,3.719659557778809e-07,3.906086494868604e-08
1962.0,-1.8407714685864107e-08,-1.597307937580696e-08,-3.7080447809478834e-07,-3.807992494137214e-08,3.712611007567377e-07,3.8415932388759684e-08
1963.0,-1.7023111281710968e-08,-1.5663446085561917e-08,-3.700856906763139e-07,-3.7406361881962485e-08,3.704769962643751e-07,3.773512446891398e-08
1964.0,-1.573698800438894e-08,-1.5335255084312386e-08,-3.693398697435235e-07,-3.669794321722339e-08,3.6967498180646903e-07,3.701909309997451e-08
1965.0,-1.4612679122283367e-08,-1.498890096872333e-08,-3.6853116805457553e-07,-3.595533968054581e-08,3.688207589314905e-07,3.6268536362364086e-08
1966.0,-1.3608524307429093e-08,-1.4624813321342059e-08,-3.676647792050236e-07,-3.5179266191424886e-08,3.679165418973502e-07,3.5484197517759327e-08
1967.0,-1.2705147170444242e-08,-1.4243455764964382e-08,-3.667561443987388e-07,-3.4370480869543255e-08,3.669761439369748e-07,3.4666863915041555e-08
1968.0,-1.194681736871317e-08,-1.3845324917542119e-08,-3.6575931594562405e-07,-3.352978394963721e-08,3.659543737219877e-07,3.381736579406225e-08
1969.0,-1.1336936348027571e-08,-1.3430949253063075e-08,-3.6476756493097895e-07,-3.2658016600470145e-08,3.6494369778287057e-07,3.293657499106824e-08
1970.0,-1.092011302217255e-08,-1.3000887873895461e-08,-3.6382665408174475e-07,-3.175605965153111e-08,3.639904986242561e-07,3.2025403549921956e-08
1971.0,-1.0725137652989325e-08,-1.2555729200081778e-08,-3.629342412714287e-07,-3.082483223133733e-08,3.6309267696408197e-07,3.108480224350674e-08
1972.0,-1.0718516380014975e-08,-1.2096089581009063e-08,-3.621171608125806e-07,-2.986529032144809e-08,3.6227575788113815e-07,3.011575900992582e-08
1973.0,-1.083669483314953e-08,-1.1622611834792248e-08,-3.613032393823268e-07,-2.8878425230495177e-08,3.6146571724448467e-07,2.911929730828951e-08
1974.0,-1.1027446650269113e-08,-1.1135963720605982e-08,-3.604256849087939e-07,-2.786526199270718e-08,3.6059434122237373e-07,2.809647439904415e-08
1975.0,-1.1211193071125614e-08,-1.0636836349108726e-08,-3.595360521246871e-07,-2.682685769555881e-08,3.5971080554729487e-07,2.7048379553935553e-08
1976.0,-1.1330951135701817e-08,-1.012594253604028e-08,-3.5869946216071646e-07,-2.576429974131656e-08,3.588783841470909e-07,2.597613220082592e-08
1977.0,-1.1354027648624587e-08,-9.604015104054225e-09,-3.579394597108543e-07,-2.467870404738381e-08,3.581194922954404e-07,2.4880880008700505e-08
1978.0,-1.1275766542695465e-08,-9.071805137878538e-09,-3.5714040930168167e-07,-2.3571213190472893e-08,3.573183662608152e-07,2.3763796918310923e-08
1979.0,-1.1051104753523333e-08,-8.530080197982849e-09,-3.562393463552027e-07,-2.244299449975257e-08,3.564107164604558e-07,2.2626081124009835e-08
1980.0,-1.0681187864736152e-08,-7.979622498065797e-09,-3.552240036841514e-07,-2.1295238104239983e-08,3.5538455307961797e-07,2.1468953012439397e-08
1981.0,-1.0196310629151384e-08,-7.421227051853266e-09,-3.54072680897044e-07,-2.0129154939829487e-08,3.542194631976991e-07,2.0293653063846612e-08
1982.0,-9.574532236489297e-09,-6.855699794907089e-09,-3.528067236691079e-07,-1.8945974721475978e-08,3.529366174452261e-07,1.9101439721911058e-08
1983.0,-8.717068025743124e-09,-6.283855687371548e-09,-3.515417223987072e-07,-1.774694388617162e-08,3.5164978296881564e-07,1.7893587238078524e-08
1984.0,-7.617193861775284e-09,-5.706516803817945e-09,-3.502795876131337e-07,-1.6533323512464343e-08,3.503623997245636e-07,1.667138349648916e-08
1985.0,-6.339455987935949e-09,-5.124510416570226e-09,-3.489554590008215e-07,-1.5306387222354717e-08,3.4901303853681024e-07,1.543612782566173e-08
1986.0,-4.933241440352454e-09,-4.538667079089875e-09,-3.475703117816753e-07,-1.4067419071468735e-08,3.476053200155599e-07,1.4189128803139215e-08
1987.0,-3.4818331134944813e-09,-3.9498187161461395e-09,-3.461275891736282e-07,-1.2817711433433403e-08,3.461451012927644e-07,1.293170205931134e-08
1988.0,-2.0756810020783334e-09,-3.358796727578277e-09,-3.4472446056033057e-07,-1.1558562884377444e-08,3.447307096274327e-07,1.1665168086603869e-08
1989.0,-7.742476937355747e-10,-2.7664301124529774e-09,-3.43375580330596e-07,-1.0291276093437923e-08,3.4337645322133674e-07,1.0390850060159849e-08
1990.0,4.319776758521243e-10,-2.173543620321214e-09,-3.420641505880173e-07,-9.017155725073385e-09,3.420644233506522e-07,9.110071676032377e-09
1991.0,1.4848150070578825e-09,-1.580955936080602e-09,-3.407257100351835e-07,-7.737506358863598e-09,3.407289452843493e-07,7.824155012761626e-09
1992.0,2.4082151134363627e-09,-9.89477904654716e-10,-3.39316075681495e-07,-6.453630432317652e-09,3.3932462144077115e-07,6.534418422023024e-09
1993.0,3.2505338698474162e-09,-3.9991080131809324e-10,-3.3795770890132637e-07,-5.166826212018736e-09,3.3797334062951276e-07,5.242174453812331e-09
1994.0,3.953566085623805e-09,1.869553469632104e-10,-3.366689635686537e-07,-3.878385798208142e-09,3.366921764983334e-07,3.948727821380196e-09
1995.0,4.45665070125667e-09,7.703433843271913e-10,-3.3548051894816133e-07,-2.589593167654236e-09,3.3551011956303294e-07,2.655373410844916e-09
1996.0,4.743339596102736e-09,1.3494905886690507e-09,-3.3439466320950295e-07,-1.301722259365359e-09,3.344283033080796e-07,1.3633943400995124e-09
1997.0,4.807268999540426e-09,1.923650170476659e-09,-3.333326081822463e-07,-1.6035107393224063e-11,3.33367271208217e-07,7.406007129179737e-11
1998.0,4.692476379686283e-09,2.492092704792388e-09,-3.322911850678345e-07,1.266219975358322e-09,3.3232431600525376e-07,-1.2113754191993258e-09
1999.0,4.5101265777613975e-09,3.054107493861021e-09,-3.3130515347812306e-07,2.5438101587464194e-09,3.3133585070576064e-07,-2.491675409733119e-09
2000.0,4.336177750197123e-09,3.6090038586141967e-09,-3.3040625621594266e-07,3.815519799196315e-09,3.3043470850398943e-07,-3.765622138130366e-09
2001.0,4.202782274975725e-09,4.156112357687501e-09,-3.296011818754163e-07,5.080152082815551e-09,3.2962797586449197e-07,-5.03201843932177e-09
2002.0,4.101026393477092e-09,4.694785933151363e-09,-3.2880997238859955e-07,6.336530605259633e-09,3.2883554607078534e-07,-6.2896893134445245e-09
2003.0,4.025735314550083e-09,5.22440098255213e-09,-3.2793491491767135e-07,7.583500886108979e-09,3.2795962398881233e-07,-7.537483422246364e-09
2004.0,3.99960058128368e-09,5.744358357201976e-09,-3.270022591594923e-07,8.819931815810486e-09,3.2702671802197075e-07,-8.774274511970277e-09
2005.0,4.045713764000425e-09,6.254084286926757e-09,-3.260778446700918e-07,1.004471703350384e-08,3.2610294169871077e-07,-9.998962761179873e-09
2006.0,4.175608858680846e-09,6.753031231682992e-09,-3.251926154468343e-07,1.1256776234291883e-08,3.25219422621856e-07,-1.1210476052244645e-08
2007.0,4.417597246342275e-09,7.240678660593463e-09,-3.242878818254802e-07,1.2455056404728384e-08,3.243179696906841e-07,-1.2407771165437672e-08
2008.0,4.812577253376915e-09,7.716533759031995e-09,-3.233359710252959e-07,1.3638532985488311e-08,3.2337178457418127e-07,-1.3589834894809342e-08
2009.0,5.34453636902299e-09,8.180132064420186e-09,-3.223261195728355e-07,1.4806210960357893e-08,3.2237042579598037e-07,-1.4755685085191257e-08
2010.0,5.952206810766469e-09,8.63103803139301e-09,-3.2127027327355506e-07,1.5957125870835723e-08,3.2132540711120695e-07,-1.5904371589856444e-08
2011.0,6.587007106428899e-09,9.068845526959132e-09,-3.2024666940522195e-07,1.7090344755775252e-08,3.2031440480839705e-07,-1.7034977148518402e-08
2012.0,7.195727555475706e-09,9.493178256239426e-09,-3.1927037105750067e-07,1.8204967015627373e-08,3.193514495508777e-07,-1.8146618185495736e-08
2013.0,7.762823953094689e-09,9.90369011932597e-09,-3.1833327418517854e-07,1.93001252009644e-08,3.1842791160509595e-07,-1.9238445528006894e-08
2014.0,8.301066473093144e-09,1.0300065499773272e-08,-3.1743719444699003e-07,2.0374985725086716e-08,3.175457134381865e-07,-2.0309645044692913e-08
2015.0,8.79705570888678e-09,1.0682019485218473e-08,-3.1650424200946325e-07,2.1428749500632417e-08,3.1662647299164695e-07,-2.1359438204596954e-08
2016.0,9.233837194866368e-09,1.1049298020629598e-08,-3.1554833901381585e-07,2.2460652500226712e-08,3.1568341420435657e-07,-2.2387082556956135e-08
2017.0,9.62280681526817e-09,1.1401677994699385e-08,-3.146518036956092e-07,2.3469966241321308e-08,3.1479891356214074e-07,-2.3391872132283138e-08
2018.0,9.954510563070507e-09,1.1738967259934904e-08,-3.138485115683487e-07,2.4455998195484732e-08,3.14006338302618e-07,-2.4373137765332497e-08
2019.0,1.0220480212153049e-08,1.2061004587036918e-08,-3.1308875164670624e-07,2.541809212251306e-08,3.132555260860691e-07,-2.533024734066032e-08
2020.0,1.0418927332001005e-08,1.2367659554214421e-08,-3.1232982769524575e-07,2.6355628329837953e-08,3.12503560483543e-07,-2.6262605961597043e-08
2021.0,1.0549834825179794e-08,1.2658832372134833e-08,-3.1153425339436325e-07,2.726802385781374e-08,3.117128326726731e-07,-2.7169656043559663e-08
2022.0,1.06143054484642e-08,1.2934453645264512e-08,-3.1074811532305624e-07,2.815473259156518e-08,3.1092934029612704e-07,-2.8050877332730908e-08
2023.0,1.0649192333511692e-08,1.3194484070402501e-08,-3.100490810759027e-07,2.9015245300171338e-08,3.102319099856876e-07,-2.890578685122605e-08
2024.0,1.071095498406116e-08,1.3438914073248113e-08,-3.094726678531945e-07,2.9849089604049566e-08,3.0965796728785167e-07,-2.9733938769955735e-08
2025.0,1.0803963418348772e-08,1.366776338386512e-08,-3.089074246676038e-07,3.065582987148772e-08,3.090962999460141e-07,-3.053492421047531e-08
2026.0,1.0943776537764016e-08,1.3881080551909295e-08,-3.0829267380627634e-07,3.1435067045352256e-08,3.084868538001767e-07,-3.130837097718846e-08
2027.0,1.112411184001072e-08,1.4078942402471227e-08,-3.076021939385498e-07,3.218643840107209e-08,3.078032741541881e-07,-3.20539432213428e-08
2028.0,1.1372189079317252e-08,1.4261453433355183e-08,-3.068542477613345e-07,3.2909617237061886e-08,3.0706490527839586e-07,-3.277134103831522e-08
2029.0,1.1705933430916637e-08,1.4428745154571862e-08,-3.0607733939036486e-07,3.3604312498802854e-08,3.0630110441487744e-07,-3.346029999973619e-08
2030.0,1.215093817230617e-08,1.4580975370774397e-08,-3.0527810285230217e-07,3.427026833785115e-08,3.0551982812833604e-07,-3.4120590622049734e-08
2031.0,1.2743850349994368e-08,1.4718327407320567e-08,-3.044632146398385e-07,3.49072636070995e-08,3.047298062063628e-07,-3.4752017773156455e-08
2032.0,1.346945116553755e-08,1.4841009280608918e-08,-3.036578834492154e-07,3.5515111293685013e-08,3.039564710539292e-07,-3.5354420018848225e-08
2033.0,1.4233435027821706e-08,1.4949252813323922e-08,-3.028075354905013e-07,3.6093657891022424e-08,3.031418714439205e-07,-3.592766891082147e-08
2034.0,1.5005654371846866e-08,1.504331269524785e-08,-3.0200463263518884e-07,3.664278271155208e-08,3.023771945703622e-07,-3.647166821815675e-08
2035.0,1.5800030797596953e-08,1.5123465490368253e-08,-3.0139832549180845e-07,3.716239714193084e-08,3.018121793143397e-07,-3.698635310427862e-08
2036.0,1.6554152909575848e-08,1.5190008591141152e-08,-3.0099363854119154e-07,3.765244384256464e-08,3.0144852034936093e-07,-3.747168925156514e-08
2037.0,1.7194681012355773e-08,1.524325912096866e-08,-3.007167823920742e-07,3.8112895893583385e-08,3.0120796846590695e-07,-3.7927671935958924e-08
2038.0,1.7686893949431237e-08,1.5283552786219826e-08,-3.0052793781321085e-07,3.8543755889587395e-08,3.010479490443998e-07,-3.835432505413794e-08
2039.0,1.798045355660971e-08,1.5311242679464983e-08,-3.004093628855564e-07,3.89450549857398e-08,3.009469754282427e-07,-3.875170010602224e-08
2040.0,1.8022134715134364e-08,1.5326698036001248e-08,-3.0037222528700447e-07,3.931685189802815e-08,3.0091239765678884e-07,-3.9119875135611436e-08
2041.0,1.7777379915373537e-08,1.5330302946210535e-08,-3.0043694920767194e-07,3.9659231860760475e-08,3.009624489631037e-07,-3.945895363335563e-08
2042.0,1.7213656944292666e-08,1.5322455026795308e-08,-3.005598144256716e-07,3.997230554458633e-08,3.0105234101894964e-07,-3.976906340345217e-08
2043.0,1.633396427835887e-08,1.5303564054460644e-08,-3.0063367625898785e-07,4.025620793853603e-08,3.010770759955673e-07,-4.0050355399625554e-08
2044.0,1.523792700353077e-08,1.527405056612869e-08,-3.0063975633987106e-07,4.051109719974475e-08,3.010256758342417e-07,-4.030300253308477e-08
2045.0,1.403257267329483e-08,1.5234344430254118e-08,-3.006114822345918e-07,4.073715347466936e-08,3.0093882492478365e-07,-4.0527198456458286e-08
2046.0,1.279547355570454e-08,1.5184883394227675e-08,-3.006116128800862e-07,4.0934577695713313e-08,3.0088380804204394e-07,-4.072315632758395e-08
2047.0,1.1615031547673738e-08,1.512611161318198e-08,-3.007296875967569e-07,4.1103590357253295e-08,3.0095390670316354e-07,-4.089110755708283e-08
2048.0,1.0563995483936495e-08,1.5058478165729072e-08,-3.009235658435472e-07,4.124443027511383e-08,3.01108934574483e-07,-4.1031300543678865e-08
2049.0,9.716919976976435e-09,1.4982435562250628e-08,-3.01138354308339e-07,4.13573533335678e-08,3.012950828828338e-07,-4.114399940124392e-08
2050.0,9.126422548244584e-09,1.4898438251326677e-08,-3.0131956499368506e-07,4.144263122395058e-08,3.014577446948622e-07,-4.1229482681550343e-08
2051.0,8.816160912417104e-09,1.4806941129733162e-08,-3.0146785237605833e-07,4.1500550178962283e-08,3.015967352433818e-07,-4.128804209669714e-08
2052.0,8.792804581658764e-09,1.4708398061177085e-08,-3.0158722524875614e-07,4.153140970669349e-08,3.0171537555394026e-07,-4.1319981245138805e-08
2053.0,9.047750187951564e-09,1.4603260408591386e-08,-3.01705445016065e-07,4.1535521328345326e-08,3.018410796028357e-07,-4.132561434518772e-08
2054.0,9.555028809837829e-09,1.4491975584406491e-08,-3.017567083984929e-07,4.151320732352933e-08,3.0190794894975835e-07,-4.13052649797826e-08
2055.0,1.0285298321366376e-08,1.4374985622780954e-08,-3.017058984866594e-07,4.146479948692978e-08,3.0188116294860457e-07,-4.125926485622296e-08
2056.0,1.1171450986502407e-08,1.4252725777340251e-08,-3.0157376085249155e-07,4.1390637899998477e-08,3.017806066530114e-07,-4.1187952584466216e-08
2057.0,1.2138147154061585e-08,1.4125623147570126e-08,-3.013772614801624e-07,4.1291069721236313e-08,3.016215979561408e-07,-4.1091672477477445e-08
2058.0,1.3153891934014617e-08,1.39940953366659e-08,-3.012739288599242e-07,4.116644799850586e-08,3.015609475441182e-07,-4.0970773377019534e-08
2059.0,1.4139764900611418e-08,1.3858549143374357e-08,-3.0130856448762344e-07,4.101713050672493e-08,3.016401564530772e-07,-4.082560750818186e-08
2060.0,1.500471666360248e-08,1.3719379290197412e-08,-3.014623994879173e-07,4.0843478614220586e-08,3.0183558409698424e-07,-4.065652936587734e-08
2061.0,1.567597883445071e-08,1.357696719026733e-08,-3.017459385967758e-07,4.06458561809803e-08,3.021528549791766e-07,-4.046389463649254e-08
2062.0,1.6052983706216217e-08,1.3431679755255201e-08,-3.021111193157733e-07,4.0424628492019516e-08,3.0253731455822346e-07,-4.024805915785172e-08
2063.0,1.6077493669719445e-08,1.3283868246833765e-08,-3.0254721228306636e-07,4.018016122908569e-08,3.0297409371587317e-07,-4.000937792064565e-08
2064.0,1.5781552148430578e-08,1.3133867174469753e-08,-3.0307108589422427e-07,3.991281948392913e-08,3.0348169713068017e-07,-3.9748204114470996e-08
2065.0,1.5186465363026258e-08,1.2981993242648635e-08,-3.037095930025213e-07,3.962296681638096e-08,3.0408904224253056e-07,-3.946488822161815e-08
2066.0,1.4311213533679812e-08,1.2828544351008091e-08,-3.0443534596025223e-07,3.9310964360480846e-08,3.0477153853787764e-07,-3.915977716172747e-08
2067.0,1.3185834021878229e-08,1.2673798651243169e-08,-3.051924770680614e-07,3.897716998188498e-08,3.0547719109254574e-07,-3.8833213490400934e-08
2068.0,1.1838281563369968e-08,1.2518013665012547e-08,-3.059266628913093e-07,3.862193748974989e-08,3.0615562705621864e-07,-3.848553465480232e-08
2069.0,1.0360064528480706e-08,1.2361425467389494e-08,-3.066817663155419e-07,3.82456159062247e-08,3.068567038985053e-07,-3.811707230919948e-08
2070.0,8.834955406156197e-09,1.2204247940633214e-08,-3.075126814300333e-07,3.7848548796588494e-08,3.0763957105242155e-07,-3.772815169329356e-08
2071.0,7.326139639385332e-09,1.2046672103180668e-08,-3.083880672771766e-07,3.743107366293783e-08,3.0847507575324167e-07,-3.731909107604101e-08
2072.0,5.939234923313386e-09,1.1888865518755222e-08,-3.0928961561316193e-07,3.699352140416258e-08,3.093466354069683e-07,-3.689020126750397e-08
2073.0,4.754597687783857e-09,1.1730971790343406e-08,-3.1017702753488585e-07,3.653621584474457e-08,3.102134661963436e-07,-3.644178520106372e-08
2074.0,3.843276627502057e-09,1.1573110143499459e-08,-3.109701443293478e-07,3.6059473334672406e-08,3.1099389292950896e-07,-3.597413758809718e-08
2075.0,3.260903505553081e-09,1.1415375103003222e-08,-3.1173179781962546e-07,3.5563602422486547e-08,3.1174885286641935e-07,-3.548754464694769e-08
2076.0,2.9945280977106137e-09,1.1257836266333095e-08,-3.124117271824378e-07,3.50489036031527e-08,3.1242607842438814e-07,-3.498228390771818e-08
2077.0,3.0525765110089864e-09,1.1100538176743522e-08,-3.130134830220399e-07,3.451566914211331e-08,3.1302836736779054e-07,-3.445862409408194e-08
2078.0,3.45220889375053e-09,1.094350029798377e-08,-3.135904244888632e-07,3.396418297649443e-08,3.1360942600207586e-07,-3.3916825082949115e-08
2079.0,4.103145240241801e-09,1.0786717091894217e-08,-3.140812430135753e-07,3.339472069405637e-08,3.1410804353568385e-07,-3.335713794245484e-08
2080.0,4.927503141627376e-09,1.0630158199302949e-08,-3.1452158741340774e-07,3.280754959008167e-08,3.1456018380631174e-07,-3.277980504835552e-08
2081.0,5.89966951680676e-09,1.0473768723853769e-08,-3.1501657182797516e-07,3.2202928802002165e-08,3.1507181185668984e-07,-3.218506027854312e-08
2082.0,6.939071914291439e-09,1.0317469617659322e-08,-3.1556569551893787e-07,3.158110952118637e-08,3.156419790005485e-07,-3.157312928502082e-08
2083.0,7.930840387193605e-09,1.0161158167017541e-08,-3.1616415338553416e-07,3.0942335280947896e-08,3.162636085850516e-07,-3.094422984233469e-08
2084.0,8.77775006846715e-09,1.0004708575877602e-08,-3.168082126914218e-07,3.0286842319498215e-08,3.169297911604361e-07,-3.029857227112832e-08
2085.0,9.442358880895618e-09,9.847972644307014e-09,-3.174774352576737e-07,2.9614860016254866e-08,3.1761782072016365e-07,-2.9636359935183004e-08
2086.0,9.876005083175876e-09,9.690780538900473e-09,-3.1821889651117985e-07,2.8926611399628437e-08,3.183721118018912e-07,-2.8957789810021918e-08
2087.0,9.992829771987566e-09,9.532941651880263e-09,-3.1899391433887203e-07,2.8222313724144673e-08,3.191503940653803e-07,-2.8263053120891335e-08
2088.0,9.772475786928858e-09,9.374245545555876e-09,-3.1978084313877275e-07,2.7502179114511232e-08,3.1993013131237027e-07,-2.7552336047683047e-08
2089.0,9.232995271113431e-09,9.214462978818126e-09,-3.206304320102493e-07,2.6766415274007823e-08,3.207633428756402e-07,-2.682582049412693e-08
2090.0,8.425380934595772e-09,9.053347012415028e-09,-3.215529197908573e-07,2.6015226254362797e-08,3.216632824397565e-07,-2.608368491836029e-08
2091.0,7.437727669867833e-09,8.890634189863692e-09,-3.2254736911929704e-07,2.5248813284075508e-08,3.22633112247753e-07,-2.5326105221769238e-08
2092.0,6.309663180825709e-09,8.726045790962234e-09,-3.2362474189362445e-07,2.4467375651949898e-08,3.2368624532897674e-07,-2.4553255692795623e-08
2093.0,5.062560454183185e-09,8.559289154948093e-09,-3.2471987287951976e-07,2.3671111642417362e-08,3.247593345251892e-07,-2.37653100022081e-08
2094.0,3.7983347994652306e-09,8.390059070377281e-09,-3.2586309678395153e-07,2.286021951904102e-08,3.25885233161731e-07,-2.2962442246144217e-08
2095.0,2.600457418844293e-09,8.218039228752332e-09,-3.270580985759164e-07,2.203489855240503e-08,3.2706843660445295e-07,-2.2144828033037053e-08
2096.0,1.4610579968099557e-09,8.042903738789786e-09,-3.281396476761955e-07,2.1195350088396535e-08,3.281429003765399e-07,-2.1312645610341246e-08
2097.0,5.047024326243488e-10,7.864318697982492e-09,-3.2917067283033674e-07,2.0341778652682094e-08,3.2917105974876056e-07,-2.0466077026765885e-08
2098.0,-1.6774098776650703e-10,7.681943817775922e-09,-3.3020242215520135e-07,1.9474393086963826e-08,3.3020246476094144e-07,-1.9605309325504807e-08
2099.0,-5.548947135114446e-10,7.495434098246284e-09,-3.31152802068857e-07,1.8593407712375455e-08,3.311532669719546e-07,-1.873053576373019e-08
2100.0,-6.20232351589145e-10,7.304441547654068e-09,-3.3206252197937047e-07,1.7699043515149695e-08,3.320631012194367e-07,-1.78419570533871e-08
2101.0,-3.879696147679468e-10,7.108616941669784e-09,-3.3289972503625087e-07,1.6791529349462548e-08,3.328999511108907e-07,-1.6939782618101337e-08
2102.0,9.543976720038927e-11,6.907611616455493e-09,-3.336507115592191e-07,1.5871103152143926e-08,3.336507252093458e-07,-1.6024231860797176e-08
2103.0,8.293263714653776e-10,6.701079289167399e-09,-3.3440678698370974e-07,1.493801316374486e-08,3.3440781534377844e-07,-1.5095535436422052e-08
2104.0,1.7448320149826557e-09,6.48867789885358e-09,-3.3515855937804595e-07,1.3992519150277305e-08,3.3516310113604044e-07,-1.41539365240008e-08
2105.0,2.754749373057308e-09,6.270071460188717e-09,-3.3590971063035546e-07,1.303489361980082e-08,3.3592100610095447e-07,-1.3199692092099398e-08
2106.0,3.799007788907183e-09,6.04493192204341e-09,-3.367187779712566e-07,1.2065423027928035e-08,3.367402083188709e-07,-1.223307415167455e-08
2107.0,4.78660054648028e-09,5.812941022554126e-09,-3.375440696673504e-07,1.1084408966261792e-08,3.3757800655905985e-07,-1.1254370990224985e-08
2108.0,5.660726831724361e-09,5.573792132159891e-09,-3.3839503471577714e-07,1.0092169327763551e-08,3.3844237818062237e-07,-1.0263888381144718e-08
2109.0,6.35242390634172e-09,5.327192076015166e-09,-3.39303930341206e-07,9.08903944308497e-09,3.393633899442835e-07,-9.26195076220796e-09
2110.0,6.783386158337734e-09,5.072862927278613e-09,-3.402684249920185e-07,8.075373181971335e-09,3.4033603302371914e-07,-8.248902377188078e-09
2111.0,6.914789393852594e-09,4.810543763010599e-09,-3.413008620445357e-07,7.051544013964476e-09,3.4137090201817805e-07,-7.225108374726898e-09
2112.0,6.732918902963014e-09,4.539992374776055e-09,-3.423926713819192e-07,6.0179460227909375e-09,3.424588641180146e-07,-6.190955858722728e-09
2113.0,6.232042742970734e-09,4.260986926524936e-09,-3.435275119367809e-07,4.974994869014347e-09,3.4358403602936117e-07,-5.146854884691568e-09
2114.0,5.4415509320726585e-09,3.973327552884365e-09,-3.447070922868445e-07,3.923128695753906e-09,3.447500398105814e-07,-4.093239396771816e-09
2115.0,4.3759704054791015e-09,3.676837891615104e-09,-3.4594683626099076e-07,2.8628089725187117e-09,3.459745115409203e-07,-3.030568100283242e-09
2116.0,3.079634353087002e-09,3.3713665446282517e-09,-3.472380417091081e-07,1.7945212724741243e-09,3.4725169799113295e-07,-1.9593252650113526e-09
2117.0,1.652891587489158e-09,3.0567884625937285e-09,-3.4863608477930796e-07,7.187759787369876e-10,3.486400029555484e-07,-8.800214546640625e-10
2118.0,1.5366410921480167e-10,2.7330062487696597e-09,-3.5007862816960333e-07,-3.6389108441414793e-10,3.500786618943946e-07,2.0680582176629574e-10
2119.0,-1.3572531848415892e-09,2.3999513782142417e-09,-3.515503732010039e-07,-1.4529180992356671e-09,3.515529932086667e-07,1.3005915407113648e-09
2120.0,-2.792269374052303e-09,2.057585328987179e-09,-3.530584760658151e-07,-2.5477167846558987e-09,3.5306951764514166e-07,2.400742680491937e-09
2121.0,-4.0590454053468505e-09,1.7059006222915798e-09,-3.5455328620259685e-07,-3.6476720121074868e-09,3.5457652010061694e-07,3.5066378269449873e-09
2122.0,-5.084912796382568e-09,1.3449217687418634e-09,-3.5600247752509695e-07,-4.752141510047329e-09,3.560387905020378e-07,4.617626871350778e-09
2123.0,-5.838579300587732e-09,9.747061180696544e-10,-3.57362174491227e-07,-5.860455659912545e-09,3.574098666312213e-07,5.733030803549509e-09
2124.0,-6.352201459280948e-09,5.953446096066142e-10,-3.585755939394808e-07,-6.971917386037631e-09,3.586318544586227e-07,6.8521416029083765e-09
2125.0,-6.58621926441505e-09,2.0696242082793283e-10,-3.596743563261118e-07,-8.08580214185324e-09,3.5973465343611503e-07,7.974222229589899e-09
2126.0,-6.5462571197105746e-09,-1.9028048887454943e-10,-3.606767077779516e-07,-9.201357994495764e-09,3.607361099416293e-07,9.098506718375482e-09
2127.0,-6.243835184993607e-09,-5.961889421676864e-10,-3.6159638169830366e-07,-1.0317805809770058e-08,3.616502851307084e-07,1.0224200377105792e-08
2128.0,-5.70468379479383e-09,-1.0105322186298963e-09,-3.6249598739379607e-07,-1.1434339539214468e-08,3.6254087258377056e-07,1.1350480091600025e-08
2129.0,-4.968317840470249e-09,-1.4330438437356829e-09,-3.633857703078114e-07,-1.2550126610806781e-08,3.634197328769661e-07,1.2476494738698498e-08
2130.0,-4.1199674782888e-09,-1.8634214952964197e-09,-3.642641362988641e-07,-1.3664308424612413e-08,3.642874347621389e-07,1.3601365708827042e-08
2131.0,-3.2182314174677984e-09,-2.3013270306700524e-09,-3.651684510885822e-07,-1.4776000954405384e-08,3.651826319581623e-07,1.472418753920029e-08
2132.0,-2.3596152254334868e-09,-2.7463866379339973e-09,-3.661217351791368e-07,-1.5884295455984487e-08,3.6612933883341567e-07,1.5844028658460135e-08
2133.0,-1.6560309790136785e-09,-3.1981911139717858e-09,-3.6714441384311236e-07,-1.6988259282560777e-08,3.671481486468453e-07,1.695993224318393e-08
2134.0,-1.1768993973815256e-09,-3.6562962720427403e-09,-3.6818469220656347e-07,-1.8086936807208622e-08,3.681865731764718e-07,1.807091718629563e-08
2135.0,-9.307475207220861e-10,-4.12022348088166e-09,-3.6923318091908186e-07,-1.917935045195532e-08,3.692343540118806e-07,1.9175979176975384e-08
2136.0,-9.426691233160867e-10,-4.589460336717523e-09,-3.703121393694442e-07,-2.0264501822637597e-08,3.703133391999952e-07,2.027409189119443e-08
2137.0,-1.2707940949541197e-09,-5.06346146882056e-09,-3.7138853237195235e-07,-2.134137294818377e-08,3.713907065275388e-07,2.136420829150793e-08
2138.0,-1.9093794323410407e-09,-5.541649478306969e-09,-3.7249038153941427e-07,-2.240892762249167e-08,3.7249527523070016e-07,2.2445262034224212e-08
2139.0,-2.8338290603002747e-09,-6.023416008975878e-09,-3.736761987893633e-07,-2.3466112846570003e-08,3.7368694401706193e-07,2.3516168981538392e-08
2140.0,-4.045576915134852e-09,-6.508122947953816e-09,-3.749038547384842e-07,-2.4511860368097966e-08,3.7492568195623883e-07,2.4575828815676637e-08
2141.0,-5.4733665239004026e-09,-6.9951037529098145e-09,-3.762261900908115e-07,-2.5545088315039105e-08,3.762660014555559e-07,2.5623126751548582e-08
2142.0,-7.066798327071133e-09,-7.483664901612327e-09,-3.7763938182111545e-07,-2.6564702919427782e-08,3.777054968369268e-07,2.6656935343856447e-08
2143.0,-8.788736877152203e-09,-7.973087458659144e-09,-3.791162111188573e-07,-2.7569600326936526e-08,3.7921806843690056e-07,2.7676116384067813e-08
2144.0,-1.0553908039168114e-08,-8.462628753352468e-09,-3.806176512854975e-07,-2.8558668487340497e-08,3.8076394451810664e-07,2.8679522882135808e-08
2145.0,-1.2220253892136768e-08,-8.951524161937934e-09,-3.8216750802844146e-07,-2.9530789120530933e-08,3.823628365804621e-07,2.9666001127355235e-08
2146.0,-1.3742286447682162e-08,-9.438988986797467e-09,-3.8369088692369324e-07,-3.0484839752302857e-08,3.839369051616431e-07,3.063439282228825e-08
2147.0,-1.511864448910938e-08,-9.924220424693367e-09,-3.851539800148185e-07,-3.141969581376237e-08,3.8545059570902633e-07,3.158353728328679e-08
2148.0,-1.6308404418574618e-08,-1.0406399615808635e-08,-3.865656289236963e-07,-3.233423279787215e-08,3.869094849184401e-07,3.251227370078982e-08
2149.0,-1.7290940110270547e-08,-1.0884693765111439e-08,-3.878737115103892e-07,-3.3227328466384694e-08,3.882589248050089e-07,3.3419443452285486e-08
2150.0,-1.80538987509804e-08,-1.1358258327479133e-08,-3.890695680630607e-07,-3.409786510020187e-08,3.894882181181958e-07,3.430389246060292e-08
2151.0,-1.857412013084314e-08,-1.1826239248033342e-08,-3.901413819507038e-07,-3.494473178604517e-08,3.905832764584781e-07,3.516447359003399e-08
2152.0,-1.885289580005889e-08,-1.2287775249243678e-08,-3.910726837919043e-07,-3.576682673221844e-08,3.915268518100012e-07,3.6000049072676384e-08
2153.0,-1.8926500242044675e-08,-1.2742000156532614e-08,-3.9188058006955906e-07,-3.6563059606187285e-08,3.92337356680531e-07,3.680949295732879e-08
2154.0,-1.878341385208593e-08,-1.3188045254334669e-08,-3.9263185311333437e-07,-3.7332353886677566e-08,3.930808933478575e-07,3.75916935732471e-08
2155.0,-1.8458445300018056e-08,-1.362504166480547e-08,-3.93385390679013e-07,-3.8073649223000116e-08,3.93818206540243e-07,3.8345556001076296e-08
2156.0,-1.8046171570973435e-08,-1.4052122741616688e-08,-3.941582816802125e-07,-3.8785903794329524e-08,3.945711790355027e-07,3.9070004543295614e-08
2157.0,-1.7657566214746012e-08,-1.4468426471488983e-08,-3.949431590377639e-07,-3.946809666169576e-08,3.9533768921689795e-07,3.976398518654727e-08
2158.0,-1.7380604316885595e-08,-1.4873097876287283e-08,-3.9569423695984263e-07,-4.0119230105483756e-08,3.9607576872317273e-07,4.042646804825572e-08
2159.0,-1.7254769155150562e-08,-1.5265291408616712e-08,-3.9640573623600517e-07,-4.073833194127883e-08,3.967810917614483e-07,4.1056449799985834e-08
2160.0,-1.728581403015461e-08,-1.564417333390644e-08,-3.971110015266177e-07,-4.132445780694668e-08,3.9748703991471024e-07,4.1652956060035725e-08
2161.0,-1.7472985988642442e-08,-1.600892409195423e-08,-3.978422084827127e-07,-4.1876693413898246e-08,3.9822572504769393e-07,4.2215043747816075e-08
2162.0,-1.7827149298432765e-08,-1.6358740630835733e-08,-3.9856565903217955e-07,-4.2394156755563645e-08,3.989641485294941e-07,4.2741803392634407e-08
2163.0,-1.8363234280394103e-08,-1.6692838705974083e-08,-3.9919299890667226e-07,-4.287600026618775e-08,3.996151382885026e-07,4.323236138958304e-08
2164.0,-1.9053700339721757e-08,-1.7010455137034265e-08,-3.9976895271909285e-07,-4.332141292316366e-08,4.0022276178992644e-07,4.368588219532504e-08
2165.0,-1.988203740532768e-08,-1.731085001517172e-08,-4.0033056178390147e-07,-4.372962228624268e-08,4.008239689808994e-07,4.4101570456687384e-08
2166.0,-2.0870426109542706e-08,-1.7593308853045088e-08,-4.0090668865233603e-07,-4.409989646710039e-08,4.014495580918915e-07,4.4478673065105383e-08
2167.0,-2.19661480949096e-08,-1.7857144669918082e-08,-4.0155539807185114e-07,-4.443154602289762e-08,4.0215575264164794e-07,4.481648113011815e-08
2168.0,-2.3053010889118042e-08,-1.8101700004143863e-08,-4.0227728065334034e-07,-4.472392576765275e-08,4.029372802818078e-07,4.511433186529289e-08
2169.0,-2.404860226234984e-08,-1.8326348845363968e-08,-4.029971913677155e-07,-4.497643649543996e-08,4.0371409626249095e-07,4.537161038015799e-08
2170.0,-2.4923988470315628e-08,-1.8530498478877466e-08,-4.036629277226478e-07,-4.518852660965209e-08,4.0443165605437957e-07,4.5587751371958936e-08
2171.0,-2.5679861334615417e-08,-1.871359123485289e-08,-4.043435215539404e-07,-4.535969365282395e-08,4.0515816504274835e-07,4.57622407113235e-08
2172.0,-2.6372330999557825e-08,-1.8875106135368606e-08,-4.04974797585389e-07,-4.5489485731808465e-08,4.0583258435181993e-07,4.589461691624131e-08
2173.0,-2.7012219239175295e-08,-1.9014560432672368e-08,-4.0545710788819633e-07,-4.5577502833439934e-08,4.063559109023588e-07,4.5984472509132435e-08
2174.0,-2.753286845735836e-08,-1.9131511032540195e-08,-4.057352435138384e-07,-4.562339802620664e-08,4.066683497331996e-07,4.6031455252201254e-08
2175.0,-2.7883586523058668e-08,-1.9225555797179728e-08,-4.0584612201466364e-07,-4.562687854388949e-08,4.068028627624567e-07,4.6035269256745564e-08
2176.0,-2.8109951644150755e-08,-1.9296334722755463e-08,-4.058710332544013e-07,-4.558770674759904e-08,4.068432929475818e-07,4.599567596261034e-08
2177.0,-2.8221361969560377e-08,-1.9343530987303235e-08,-4.0580487398189646e-07,-4.550570096315138e-08,4.067850058923999e-07,4.5912494984531944e-08
2178.0,-2.813552647806805e-08,-1.9366871865538552e-08,-4.057369358545504e-07,-4.5380736191251824e-08,4.0671128453343606e-07,4.578560482269944e-08
2179.0,-2.7865994831066665e-08,-1.936612950783456e-08,-4.0559114211635716e-07,-4.5212744688493725e-08,4.0654727674795224e-07,4.5614943435452134e-08
2180.0,-2.7466595511893566e-08,-1.934112158143674e-08,-4.053393004577188e-07,-4.50017164177186e-08,4.062688301661436e-07,4.540050867262856e-08
2181.0,-2.6965565280701043e-08,-1.9291711772777594e-08,-4.0507200044226366e-07,-4.474769936681883e-08,4.0596855451279107e-07,4.514235856867397e-08
2182.0,-2.6387578483388907e-08,-1.9217810150539873e-08,-4.046917082278778e-07,-4.445079973559114e-08,4.0555108556951837e-07,4.484061149519723e-08
2183.0,-2.579816008041469e-08,-1.911937338987544e-08,-4.042336443910166e-07,-4.4111181990765053e-08,4.0505602615092347e-07,4.449544617323899e-08
2184.0,-2.5191619859588066e-08,-1.899640485890598e-08,-4.0372132023569485e-07,-4.3729068789830876e-08,4.0450651678805185e-07,4.4107101546066175e-08
2185.0,-2.4557423067284034e-08,-1.8848954569301062e-08,-4.0316936009143767e-07,-4.3304740774773936e-08,4.0391657547598227e-07,4.367587651383857e-08
2186.0,-2.3907549218105117e-08,-1.8677118993342457e-08,-4.026310035099012e-07,-4.2838536237279493e-08,4.0334017391899634e-07,4.3202129531997065e-08
2187.0,-2.32639224412301e-08,-1.8481040750437738e-08,-4.02010324335178e-07,-4.233085065740434e-08,4.0268289131700966e-07,4.268627807569559e-08
2188.0,-2.2584076053711044e-08,-1.826090816653926e-08,-4.013861901186466e-07,-4.178213611811324e-08,4.0202103689876993e-07,4.212879797303814e-08
2189.0,-2.1891178716981763e-08,-1.8016954710356254e-08,-4.007610351353108e-07,-4.119290059845007e-08,4.0135848189411e-07,4.1530222610287497e-08
2190.0,-2.1276249193014074e-08,-1.774945831061796e-08,-4.0008668228397326e-07,-4.056370714845661e-08,4.0065200875662685e-07,4.089114201258328e-08
2191.0,-2.075730586026392e-08,-1.7458740558954786e-08,-3.9944317947737673e-07,-3.989517294926477e-08,3.999821488236348e-07,4.021220180404528e-08
2192.0,-2.0356394722642612e-08,-1.714516580321455e-08,-3.9880059485297714e-07,-3.9187968262074214e-08,3.993197932249195e-07,3.949410205144406e-08
2193.0,-2.0049684204548335e-08,-1.680914013622557e-08,-3.9813354099638154e-07,-3.844281526998667e-08,3.986380642926858e-07,3.8737595995897286e-08
2194.0,-1.979545823094231e-08,-1.6451110285166024e-08,-3.974651925642281e-07,-3.76604868169053e-08,3.9795783629260513e-07,3.794348867729994e-08
2195.0,-1.9537513357148484e-08,-1.6071562406809446e-08,-3.9674752544405223e-07,-3.68418050479234e-08,3.972282887385535e-07,3.71126354564233e-08
2196.0,-1.9264851144895623e-08,-1.5671020794001526e-08,-3.960299816696544e-07,-3.598763995582654e-08,3.9649827347783216e-07,3.6245940439824955e-08
2197.0,-1.902196047898208e-08,-1.5250046498793538e-08,-3.952991460831612e-07,-3.5098907838517085e-08,3.957565537985952e-07,3.534435481290291e-08
2198.0,-1.8813430660569175e-08,-1.480923587772034e-08,-3.9445281746486316e-07,-3.417656967234249e-08,3.949012159758295e-07,3.440887508660406e-08
2199.0,-1.8608308810508234e-08,-1.4349219064771071e-08,-3.9353525127516775e-07,-3.322162940647005e-08,3.9397495244367585e-07,3.3440541263461165e-08
2200.0,-1.8387804667785446e-08,-1.387065837766215e-08,-3.925186221054311e-07,-3.223513218360093e-08,3.929490807471712e-07,3.244043492878489e-08
2201.0,-1.810199806717705e-08,-1.3374246663088607e-08,-3.9142648794454615e-07,-3.1218162492454196e-08,3.9184483893325176e-07,3.140967727297599e-08
2202.0,-1.7696878157336116e-08,-1.2860705586704295e-08,-3.903035871999361e-07,-3.017184225757393e-08,3.9070458108096673e-07,3.034942705104444e-08
2203.0,-1.7133713281491936e-08,-1.2330783873665815e-08,-3.89153095914363e-07,-2.9097328872113534e-08,3.8953009664279573e-07,2.9260878485522747e-08
2204.0,-1.6379927733622957e-08,-1.1785255505667418e-08,-3.8799702833935967e-07,-2.7995813179327636e-08,3.883426271126215e-07,2.8145259119033942e-08
2205.0,-1.5446662587903504e-08,-1.1224917880489235e-08,-3.868205964985272e-07,-2.686851740854842e-08,3.871288845598852e-07,2.700382762281795e-08
2206.0,-1.4394969077846653e-08,-1.0650589940169086e-08,-3.856198498575214e-07,-2.571669307143949e-08,3.858884343160462e-07,2.583787156753057e-08
2207.0,-1.3312590432801308e-08,-1.0063110273975226e-08,-3.8438400928875183e-07,-2.4541618824305187e-08,3.846144714658131e-07,2.4648705162606255e-08
2208.0,-1.2201875371209425e-08,-9.46333520238934e-09,-3.831462982717415e-07,-2.3344598302188056e-08,3.8334054265354304e-07,2.3437666970419777e-08
2209.0,-1.1041128178401749e-08,-8.852136848292061e-09,-3.819189702547465e-07,-2.2126957930412468e-08,3.820785342725993e-07,2.2206117601392917e-08
2210.0,-9.848998325234781e-09,-8.230401201467743e-09,-3.8068230057142216e-07,-2.08900447191289e-08,3.8080968571763125e-07,2.0955437396070987e-08
2211.0,-8.661854081215559e-09,-7.599026182404825e-09,-3.794223056019508e-07,-1.9635224046282246e-08,3.7952116371083236e-07,1.968702410004133e-08
2212.0,-7.512902133743893e-09,-6.958919711159751e-09,-3.7819120216053825e-07,-1.8363877434270346e-08,3.7826581803026336e-07,1.8402290537384014e-08
2213.0,-6.49339269853666e-09,-6.310997786774519e-09,-3.769996658742336e-07,-1.7077400325377645e-08,3.770555823986978e-07,1.7102662288135372e-08
2214.0,-5.672668682010773e-09,-5.6561825823909334e-09,-3.758462183423017e-07,-1.577719986086594e-08,3.758890248626381e-07,1.5789575375011474e-08
2215.0,-5.058662044810092e-09,-4.99540056079233e-09,-3.74777647582647e-07,-1.4464692668382752e-08,3.74811786353186e-07,1.4464473964383625e-08
2216.0,-4.7002220171510345e-09,-4.3295806146350155e-09,-3.73771064765549e-07,-1.314130266211165e-08,3.7380061656313883e-07,1.3128808086226797e-08
2217.0,-4.579195175824502e-09,-3.659652235121272e-09,-3.728055971430333e-07,-1.1808458859844411e-08,3.7283371935707735e-07,1.1784031377480906e-08
2218.0,-4.651924359611037e-09,-2.9865437123333596e-09,-3.7191684687520876e-07,-1.046759322090908e-08,3.719459388000426e-07,1.0431598852981623e-08
2219.0,-4.853986393382748e-09,-2.311180369917287e-09,-3.7102273914291217e-07,-9.120138508648558e-09,3.710544894554122e-07,9.072964707840782e-09
2220.0,-5.164159558312953e-09,-1.6344828363009262e-09,-3.70113165254482e-07,-7.76752618091978e-09,3.7014919105495184e-07,7.709580154894388e-09
2221.0,-5.563310562228807e-09,-9.573653541773991e-10,-3.691474489142532e-07,-6.4111843118802495e-09,3.69189368027186e-07,6.342891300596575e-09
2222.0,-5.998352411995533e-09,-2.8073412960234627e-10,-3.6811498208000337e-07,-5.0525355481519534e-09,3.681638497509223e-07,4.974337062525421e-09
2223.0,-6.397273683012017e-09,3.9451427824057914e-10,-3.6706012501719343e-07,-3.6929951023047457e-09,3.6711586793301787e-07,3.6053471314842168e-09
2224.0,-6.737613147955734e-09,1.0674945257455794e-09,-3.65886763664669e-07,-2.3339687864810783e-09,3.659487932155766e-07,2.2373399810288e-09
2225.0,-6.90224545574214e-09,1.7373340112870381e-09,-3.64675095038125e-07,-9.768510888885746e-10,3.647404089669759e-07,8.717209271246451e-10
2226.0,-6.782592126830522e-09,2.4031743585179852e-09,-3.6350012913577423e-07,3.7697670418900295e-10,3.635634022253663e-07,-4.901197594680126e-10
2227.0,-6.400869168032841e-09,3.0641728556314885e-09,-3.6229185315650447e-07,1.7261483382736934e-09,3.6234839311038825e-07,-1.8468086855724871e-09
2228.0,-5.738194891469206e-09,3.7195038494221914e-09,-3.611135381553776e-07,3.0693143699328154e-09,3.6115912603685905e-07,-3.1969911103086285e-09
2229.0,-4.790571828117152e-09,4.3683600926774445e-09,-3.599816057464622e-07,4.405143892889551e-09,3.600134803785015e-07,-4.539332659785585e-09
2230.0,-3.6001329695167783e-09,5.0099540430661685e-09,-3.5882085330785074e-07,5.732326208564234e-09,3.5883891333852347e-07,-5.87252097948968e-09
2231.0,-2.2082692618941024e-09,5.6435191113074445e-09,-3.576732039434205e-07,7.049572438649648e-09,3.5768002078992993e-07,-7.195267322150117e-09
2232.0,-7.180764732828138e-10,6.268310856019613e-09,-3.565008075689935e-07,8.3556170773649e-09,3.565015307557122e-07,-8.506308068929908e-09
2233.0,7.795879081173851e-10,6.8836081223034245e-09,-3.552126007777545e-07,9.649219481069988e-09,3.552134562606024e-07,-9.804406181850814e-09
2234.0,2.3156265516188768e-09,7.488714120824768e-09,-3.5380169796650485e-07,1.0929165292959425e-08,3.538092757550436e-07,-1.1088352585420627e-08
2235.0,3.870672754535676e-09,8.082957443954065e-09,-3.5225587002862824e-07,1.219426780058956e-08,3.522771353312595e-07,-1.235696747549132e-08
2236.0,5.3799912302920916e-09,8.665693015403783e-09,-3.5061854863904784e-07,1.3443369224038668e-08,3.5065982227137224e-07,-1.360910155344361e-08
2237.0,6.757586545891314e-09,9.236302969791382e-09,-3.48964742907798e-07,1.4675341932560048e-08,3.4903016598659604e-07,-1.4843637183876447e-08
2238.0,7.996648065944356e-09,9.794197458645693e-09,-3.4734780368639306e-07,1.588908958767894e-08,3.4743984098841e-07,-1.605948947409036e-08
2239.0,9.135087630784966e-09,1.0338815379570753e-08,-3.458380664067562e-07,1.7083548210815533e-08,3.4595869406908394e-07,-1.7255607273802553e-08
2240.0,1.0137803457821448e-08,1.0869625025577422e-08,-3.444953203812773e-07,1.8257687173697327e-08,3.446444556692423e-07,-1.843097409372675e-08
2241.0,1.093042754918283e-08,1.1386124651981282e-08,-3.433468137581386e-07,1.9410510110057747e-08,3.435207544883916e-07,-1.95846089418957e-08
2242.0,1.1532344343367917e-08,1.1887842958733559e-08,-3.4245755603512507e-07,2.054105574740184e-08,3.426516783142975e-07,-2.0715567076894874e-08
2243.0,1.1954374309897098e-08,1.2374339486586325e-08,-3.4169799470462614e-07,2.1648398657944208e-08,3.41907043873483e-07,-2.182294067750411e-08
2244.0,1.2233601173750053e-08,1.2845204926078231e-08,-3.409731333670063e-07,2.273164992817617e-08,3.4119252435508113e-07,-2.2905859428595205e-08
2245.0,1.2360464318739162e-08,1.3300061338944722e-08,-3.402350909897933e-07,2.3789957746880512e-08,3.4045953976795505e-07,-2.3963491023491078e-08
2246.0,1.228055408752926e-08,1.3738562292188317e-08,-3.3938711663239474e-07,2.4822507911767786e-08,3.3960922682510766e-07,-2.499504158334123e-08
2247.0,1.2055763665141939e-08,1.4160392905671844e-08,-3.385190105176239e-07,2.5828524255246407e-08,3.3873361498289613e-07,-2.5999755994397495e-08
2248.0,1.1743191530300123e-08,1.4565269814702975e-08,-3.376926105969069e-07,2.6807268990155435e-08,3.378967324480536e-07,-2.697691816437993e-08
2249.0,1.1362629753763898e-08,1.4952941049644898e-08,-3.368532388303702e-07,2.7758042976585978e-08,3.370448247124284e-07,-2.7925851199408014e-08
2250.0,1.0976649755800594e-08,1.532318583509942e-08,-3.3609273678014695e-07,2.868018591119836e-08,3.3627193542760993e-07,-2.8845917503241083e-08
2251.0,1.0660021448893886e-08,1.5675814311651576e-08,-3.354320287640711e-07,2.9573076440712527e-08,3.3560137362363623e-07,-2.9736518800830022e-08
2252.0,1.0471701714087622e-08,1.6010667183529742e-08,-3.3487533310228024e-07,3.043613220150968e-08,3.3503902049933223e-07,-3.05970960884312e-08
2253.0,1.0514304774056349e-08,1.632761529581756e-08,-3.344972223373599e-07,3.1268809787533186e-08,3.346624304523753e-07,-3.142712951277268e-08
2254.0,1.0725364277264227e-08,1.6626559145056006e-08,-3.3422821901774036e-07,3.2070604648912877e-08,3.3440026289859674e-07,-3.222613818198801e-08
2255.0,1.1005388961260465e-08,1.690742832720349e-08,-3.3397920642941337e-07,3.2841050923950115e-08,3.3416048377001333e-07,-3.2993679911237526e-08
2256.0,1.129966840929253e-08,1.7170180926993435e-08,-3.3369596993959583e-07,3.3579721207285765e-08,3.3388723075327036e-07,-3.372935090611102e-08
2257.0,1.1582732800663464e-08,1.741480285275892e-08,-3.332725400650993e-07,3.428622625721706e-08,3.334737555799179e-07,-3.4432785387041014e-08
2258.0,1.18764355294676e-08,1.7641307120798162e-08,-3.327235032490883e-07,3.496021464523033e-08,3.329353981408881e-07,-3.5103655158045396e-08
2259.0,1.2164180870910535e-08,1.784973309334449e-08,-3.321405719347581e-07,3.5601372350872455e-08,3.323632452925691e-07,-3.5741669123163554e-08
2260.0,1.2403083712864138e-08,1.8040145674185897e-08,-3.314830628875498e-07,3.6209422305103325e-08,3.317150244817072e-07,-3.634657275395652e-08
2261.0,1.2614483513306851e-08,1.8212634465956502e-08,-3.308495015730273e-07,3.678412388526421e-08,3.310898939645064e-07,-3.691814751142151e-08
2262.0,1.2854204062273666e-08,1.8367312893096775e-08,-3.3023680953703227e-07,3.73252723647762e-08,3.304868846645396e-07,-3.745621022563549e-08
2263.0,1.3102121901309438e-08,1.8504317294451833e-08,-3.296918263118176e-07,3.7832698320658287e-08,3.29952066117396e-07,-3.796061243640225e-08
2264.0,1.3289188707799049e-08,1.862380598944812e-08,-3.2932748705860604e-07,3.8306267001934155e-08,3.29595504017952e-07,-3.84312396981409e-08
2265.0,1.3308670665512778e-08,1.872595832175867e-08,-3.2909071145947877e-07,3.8745877661983756e-08,3.2935970774183805e-07,-3.88680108522231e-08
2266.0,1.3206676599542e-08,1.881097368433654e-08,-3.2899295221433533e-07,3.915146285788983e-08,3.292579215653115e-07,-3.9270877269942073e-08
2267.0,1.3062667197916156e-08,1.887907052966338e-08,-3.290301010538954e-07,3.9522987719825574e-08,3.292892963244632e-07,-3.96398220692742e-08
2268.0,1.28667166088281e-08,1.8930485369021078e-08,-3.290323457860733e-07,3.986044919351922e-08,3.292838243366625e-07,-3.997485930856408e-08
2269.0,1.2623032077940799e-08,1.896547176454099e-08,-3.2898874999243155e-07,4.016387525880557e-08,3.2923082869078854e-07,-4.027603316021922e-08
2270.0,1.236845167951195e-08,1.89842993177101e-08,-3.2893192958294293e-07,4.0433324127223885e-08,3.291643858258462e-07,-4.054341706743159e-08
2271.0,1.2083228376202904e-08,1.8987252657910363e-08,-3.288362078190943e-07,4.0668883421543804e-08,3.2905813465227394e-07,-4.077711288684755e-08
2272.0,1.1806255487134543e-08,1.8974630434433025e-08,-3.287762095627311e-07,4.087066933999545e-08,3.2898812082363154e-07,-4.097725001998592e-08
2273.0,1.1499824356664412e-08,1.894674431524167e-08,-3.28707146196594e-07,4.103882580785264e-08,3.289082454438368e-07,-4.1143984536061234e-08
2274.0,1.1123052576222925e-08,1.8903917995555494e-08,-3.285607229064347e-07,4.1173523618873776e-08,3.287489481890586e-07,-4.1277498288710955e-08
2275.0,1.0791584084679506e-08,1.8846486219087962e-08,-3.284334314235249e-07,4.127495956894972e-08,3.286106771906353e-07,-4.137799802895771e-08
2276.0,1.0606579739502742e-08,1.877479381450549e-08,-3.2839708066778606e-07,4.1343355584147e-08,3.2856832185238856e-07,-4.1445714516565684e-08
2277.0,1.06142665212694e-08,1.8689194749367373e-08,-3.2847000103197743e-07,4.137895784517271e-08,3.2864145239414305e-07,-4.148090163177892e-08
2278.0,1.0806290015596964e-08,1.859005120347446e-08,-3.2866673799203383e-07,4.138203591012917e-08,3.2884434093690197e-07,-4.148383548926267e-08
2279.0,1.1105502156771863e-08,1.8477732663198722e-08,-3.288161142256385e-07,4.135288183727294e-08,3.2900360051616793e-07,-4.145481355590918e-08
2280.0,1.145751861442168e-08,1.8352615038001933e-08,-3.288721631411473e-07,4.129180930934268e-08,3.290716858405433e-07,-4.13941537740127e-08
2281.0,1.1822276199668913e-08,1.8215079799997148e-08,-3.2886909287488386e-07,4.119915276086906e-08,3.290815194794297e-07,-4.130219369116224e-08
2282.0,1.2156754852776785e-08,1.806551314707809e-08,-3.288428753467354e-07,4.107526650972871e-08,3.2906750577177785e-07,-4.1179289598042944e-08
2283.0,1.2460782031209483e-08,1.790430518985258e-08,-3.2884886283501835e-07,4.0920523894053854e-08,3.2908486090477336e-07,-4.1025815675180646e-08
2284.0,1.2749930319855274e-08,1.7731849162375717e-08,-3.2889159740090435e-07,4.073531641546982e-08,3.291386388196921e-07,-4.0842163149517354e-08
2285.0,1.3046580163433852e-08,1.754854065649074e-08,-3.2892816989593676e-07,4.052005288950955e-08,3.2918680745900367e-07,-4.0628739461573894e-08
2286.0,1.3366631718136901e-08,1.7354776879451823e-08,-3.290236971209559e-07,4.0275158603954416e-08,3.292950957889152e-07,-4.038596744384708e-08
2287.0,1.3614527755168027e-08,1.7150955934423733e-08,-3.2922086257158867e-07,4.000107448577656e-08,3.295022484268918e-07,-4.011428451100411e-08
2288.0,1.368658736344841e-08,1.693747612342819e-08,-3.2955160580994125e-07,3.969825627731125e-08,3.298356917702634e-07,-3.981414186237896e-08
2289.0,1.3552709593467327e-08,1.6714735272335498e-08,-3.300392221738946e-07,3.936717372226688e-08,3.30317368768998e-07,-3.9486003697242256e-08
2290.0,1.3235846363368609e-08,1.648313007757991e-08,-3.3064764215495757e-07,3.900830976218278e-08,3.309124520044351e-07,-3.913034644330555e-08
2291.0,1.276306292596896e-08,1.6243055474399876e-08,-3.312844432667994e-07,3.8622159743963855e-08,3.3153020695834865e-07,-3.874765799892581e-08
2292.0,1.2178574523846741e-08,1.5994904026557217e-08,-3.319036579463308e-07,3.820923063914659e-08,3.3212701762366134e-07,-3.833843698948825e-08
2293.0,1.1540805838761159e-08,1.5739065337655007e-08,-3.325325321767991e-07,3.777004027557585e-08,3.327327383281091e-07,-3.790319203845705e-08
2294.0,1.0887397816627953e-08,1.547592548433634e-08,-3.3321894959970066e-07,3.730511658218688e-08,3.333967663363659e-07,-3.7442441053587675e-08
2295.0,1.0227756641612018e-08,1.5205866471789987e-08,-3.3393004122972414e-07,3.681499684759162e-08,3.3408663463479843e-07,-3.695671052878909e-08
2296.0,9.546527443560215e-09,1.4929265712103996e-08,-3.346122993408418e-07,3.6300226993160325e-08,3.3474845340403853e-07,-3.644653486210929e-08
2297.0,8.814757854191946e-09,1.464649552608741e-08,-3.352757878272161e-07,3.5761360861270467e-08,3.3539164250050787e-07,-3.591245569029388e-08
2298.0,8.023327446871065e-09,1.4357922669220238e-08,-3.359118622148216e-07,3.5198959519365326e-08,3.360076680076647e-07,-3.5355021240335075e-08
2299.0,7.262706158694954e-09,1.4063907882389823e-08,-3.365890476891842e-07,3.461359058042558e-08,3.3666739361729027e-07,-3.4774785698390364e-08
2300.0,6.645259176263352e-09,1.3764805468025966e-08,-3.373764518310729e-07,3.400582754041215e-08,3.3744189087847996e-07,-3.417230859640686e-08
2301.0,6.222633949781731e-09,1.3460962892155435e-08,-3.38228792390316e-07,3.337624913319001e-08,3.3828602864304707e-07,-3.354815421674379e-08
2302.0,5.990680687628647e-09,1.3152720412759819e-08,-3.391026753007953e-07,3.272543870339242e-08,3.3915558767512254e-07,-3.290289101504201e-08
2303.0,5.894480500923116e-09,1.2840410734644792e-08,-3.399298834916298e-07,3.2053983597632085e-08,3.3998098563156257e-07,-3.223709106154447e-08
2304.0,5.8559547211345375e-09,1.2524358690825962e-08,-3.407067831473487e-07,3.136247457440691e-08,3.4075710453094076e-07,-3.155132950102304e-08
2305.0,5.856117396563221e-09,1.2204880950222747e-08,-3.414662492484677e-07,3.065150523298174e-08,3.4151646151654094e-07,-3.084618403141058e-08
2306.0,5.87138661301001e-09,1.1882285751243665e-08,-3.4222401257277824e-07,2.992167146145339e-08,3.422743752637239e-07,-3.0122234401174813e-08
2307.0,5.881031689414229e-09,1.1556872660657958e-08,-3.4293118311712334e-07,2.9173570904128837e-08,3.429816072150836e-07,-2.9380061925403773e-08
2308.0,5.908261060949549e-09,1.1228932356989028e-08,-3.4358455777705466e-07,2.8407802448269938e-08,3.4363535308756945e-07,-2.8620249020507393e-08
2309.0,6.00748466250689e-09,1.0898746437540764e-08,-3.44204903718337e-07,2.762496573018741e-08,3.4425732470888676e-07,-2.7843378757380268e-08
2310.0,6.153975287692681e-09,1.0566587248081807e-08,-3.448637833358692e-07,2.6825660660607705e-08,3.4491868674887834e-07,-2.7050034432821996e-08
2311.0,6.255811896282992e-09,1.0232717734167917e-08,-3.456077012353731e-07,2.6010486969193977e-08,3.456643145244828e-07,-2.624079915897953e-08
2312.0,6.236131944170609e-09,9.89739131308196e-09,-3.4650218577736425e-07,2.518004376808098e-08,3.4655829825603103e-07,-2.5416255470564584e-08
2313.0,6.0622518532893466e-09,9.560851765417264e-09,-3.4755312716683306e-07,2.4334929134286105e-08,3.4760599405214165e-07,-2.4576984949610845e-08
2314.0,5.734233921028675e-09,9.223333145423488e-09,-3.486700448640523e-07,2.347573971088223e-08,3.487171943339779e-07,-2.372356786756822e-08
2315.0,5.272890429841581e-09,8.885059709370117e-09,-3.4976566945510434e-07,2.2603070326856263e-08,3.4980541291246827e-07,-2.2856582844577968e-08
2316.0,4.710098866489432e-09,8.546245861351298e-09,-3.5086550470575517e-07,2.171751363562067e-08,3.508971180043467e-07,-2.197660652582417e-08
2317.0,4.072500892071673e-09,8.207096116143761e-09,-3.519859415046511e-07,2.081965977218479e-08,3.5200950027013704e-07,-2.1084213274904514e-08
2318.0,3.3983389852165757e-09,7.86780507892228e-09,-3.531672911893935e-07,1.9910096029022732e-08,3.5318364100551473e-07,-2.0179974884201465e-08
2319.0,2.6987770490594087e-09,7.528557441821349e-09,-3.5433936071416205e-07,1.8989406550692408e-08,3.5434963799739035e-07,-1.9264460302261e-08
2320.0,1.944770150474895e-09,7.189527997496193e-09,-3.554634590285932e-07,1.8058172047264872e-08,3.5546877898840926e-07,-1.8338235378199424e-08
2321.0,1.1088898271838232e-09,6.850881669972567e-09,-3.5652479460357434e-07,1.7116969526614452e-08,3.565265190750468e-07,-1.7401862623158852e-08
2322.0,2.204189053500727e-10,6.512773563176632e-09,-3.5753310739794486e-07,1.6166372045597292e-08,3.5753317534198725e-07,-1.645590098881848e-08
2323.0,-6.213780323616191e-10,6.175349027597989e-09,-3.585900896774241e-07,1.5206948480111663e-08,3.5859062805031893e-07,-1.550090566294358e-08
2324.0,-1.3400742182589909e-09,5.838743745555276e-09,-3.5973475434603053e-07,1.4239263313990487e-08,3.597372503415644e-07,-1.4537427881920774e-08
2325.0,-1.90283058754126e-09,5.503083835500315e-09,-3.6094839950262525e-07,1.3263876446630258e-08,3.609534150936262e-07,-1.3566014760190797e-08
2326.0,-2.3269482313237333e-09,5.1684859757124285e-09,-3.6211974333011376e-07,1.2281343019212336e-08,3.62127219630807e-07,-1.2587209136450739e-08
2327.0,-2.635748647117353e-09,4.835057547603667e-09,-3.632327544023095e-07,1.1292213259321967e-08,3.632423172506464e-07,-1.1601549436455266e-08
2328.0,-2.855055650230476e-09,4.502896798687607e-09,-3.643135417230603e-07,1.0297032343714439e-08,3.6432472881423506e-07,-1.0609569552198247e-08
2329.0,-3.022794611839963e-09,4.172093025072181e-09,-3.6539514508548976e-07,9.29634027891511e-09,3.6540764816751096e-07,-9.611798737200255e-09
2330.0,-3.145533014614621e-09,3.842726773133806e-09,-3.664694483984654e-07,8.290671799271064e-09,3.664829477443958e-07,-8.608761517564988e-09
2331.0,-3.2338494243555616e-09,3.514870059828039e-09,-3.6751477747176686e-07,7.280556282000989e-09,3.6752900489923474e-07,-7.600977618401893e-09
2332.0,-3.2792588505747844e-09,3.1885866109006128e-09,-3.6846042766880416e-07,6.2665176787190765e-09,3.6847501990838827e-07,-6.588961905146498e-09
2333.0,-3.2457221771364786e-09,2.863932116089453e-09,-3.6935105030000415e-07,5.249074462841968e-09,3.693653111354223e-07,-5.573224339247588e-09
2334.0,-3.157028249933802e-09,2.540954500258874e-09,-3.702893321688716e-07,4.228739592228316e-09,3.703027900859509e-07,-4.554269947634704e-09
2335.0,-3.0816789536869393e-09,2.2196942092870234e-09,-3.7133474981021486e-07,3.206020486352596e-09,3.7134753690012334e-07,-3.532598805335074e-09
2336.0,-3.068286194563008e-09,1.9001845094419207e-09,-3.7246615239294734e-07,2.1814190172832372e-09,3.724787900788151e-07,-2.5087060305803727e-09
2337.0,-3.158780584322507e-09,1.582451798934946e-09,-3.7365458141480623e-07,1.1554315137216025e-09,3.736679329391993e-07,-1.4830817917328608e-09
2338.0,-3.3621280343121285e-09,1.266515930335876e-09,-3.7487144396997074e-07,1.2854877736070436e-10,3.748865207086673e-07,-4.56211325365448e-10
2339.0,-3.665926881502024e-09,9.52390542569258e-10,-3.760878424241554e-07,-8.98743889164667e-10,3.761057088627569e-07,5.714250351550135e-10
2340.0,-4.058429717290757e-09,6.400834012825745e-10,-3.773109224503024e-07,-1.925966643448594e-09,3.7733274844898937e-07,1.5993518212138438e-09
2341.0,-4.536495221141301e-09,3.295967464733634e-10,-3.785202828954226e-07,-2.952645054303673e-09,3.78547466445256e-07,2.6270983812409632e-09
2342.0,-5.07571971952725e-09,2.0927646374770873e-11,-3.796908522590847e-07,-3.978310043259206e-09,3.797247769370617e-07,3.654198824356786e-09
2343.0,-5.647105921768869e-09,-2.8593164328369603e-10,-3.8082503259206923e-07,-5.002497817256229e-09,3.808668996566153e-07,4.680191955976588e-09
2344.0,-6.273529251643595e-09,-5.9099331541108e-10,-3.818570981639624e-07,-6.024749793232942e-09,3.8190862858473523e-07,5.704621205983421e-09
2345.0,-6.939859548138472e-09,-8.942736437575318e-10,-3.8281391037675583e-07,-7.044612515304785e-09,3.8287680999048604e-07,6.727034550090723e-09
2346.0,-7.586625438982253e-09,-1.1957926117782434e-09,-3.8380154612771555e-07,-8.061637565255754e-09,3.838765214174688e-07,7.746984425029104e-09
2347.0,-8.148081306891264e-09,-1.4955735387004737e-09,-3.848367691183796e-07,-9.075381467066402e-09,3.8492301840037667e-07,8.764027638202806e-09
2348.0,-8.567428544381528e-09,-1.7936427033137695e-09,-3.859254942562007e-07,-1.0085405586204491e-08,3.860205796958964e-07,9.777725272464478e-09
2349.0,-8.83763708048324e-09,-2.0900289660134905e-09,-3.8703843907583746e-07,-1.1091276024392585e-08,3.8713932524535283e-07,1.0787642586649363e-08
2350.0,-8.98406314620015e-09,-2.384763389666527e-09,-3.881370062852607e-07,-1.2092563510543607e-08,3.8824096774902494e-07,1.1793348912491321e-08
2351.0,-9.036876580381659e-09,-2.6778788599281694e-09,-3.8925743434115034e-07,-1.3088843288522505e-08,3.893623188345067e-07,1.279441754851611e-08
2352.0,-9.040585446928873e-09,-2.9694097057090557e-09,-3.90385798465509e-07,-1.4079695002354172e-08,3.904904657335135e-07,1.3790425651475486e-08
2353.0,-9.036758216729446e-09,-3.2593913205583444e-09,-3.9151811889737154e-07,-1.506470257945707e-08,3.916223952023224e-07,1.4780954125851497e-08
2354.0,-9.043904250494172e-09,-3.5478597857821067e-09,-3.9266247339742044e-07,-1.6043454112440907e-08,3.9276661036634977e-07,1.576558751192599e-08
2355.0,-9.077636475840478e-09,-3.834851496145535e-09,-3.93761299122275e-07,-1.701554173996726e-08,3.9386592156525705e-07,1.6743913872876888e-08
2356.0,-9.121375404985699e-09,-4.120402789008407e-09,-3.948183635305025e-07,-1.7980561527134867e-08,3.9492371373492206e-07,1.7715524681331927e-08
2357.0,-9.18761736135032e-09,-4.40454957771332e-09,-3.9586941105729245e-07,-1.8938113345818373e-08,3.959760130659762e-07,1.8680014705782223e-08
2358.0,-9.325825278683197e-09,-4.687326989985741e-09,-3.969285454485938e-07,-1.9887800755359205e-08,3.970380853382518e-07,1.963698189723348e-08
2359.0,-9.588241561830912e-09,-4.9687690120157386e-09,-3.980304277839686e-07,-2.082923088397981e-08,3.981458976532812e-07,2.0586027276448587e-08
2360.0,-9.991743238346729e-09,-5.248908138776578e-09,-3.9914350200009885e-07,-2.176201431126607e-08,3.992685438672122e-07,2.1526754822112906e-08
2361.0,-1.0529818378346434e-08,-5.527775031000487e-09,-4.0025722292114096e-07,-2.2685764952037322e-08,4.003957062402454e-07,2.245877136023094e-08
2362.0,-1.1181122985814973e-08,-5.805398179085101e-09,-4.0136005013957643e-07,-2.3600099941900645e-08,4.015157622799723e-07,2.3381686455043e-08
2363.0,-1.190599929756786e-08,-6.081803574056603e-09,-4.0245448848508225e-07,-2.450463952476821e-08,4.026305603416895e-07,2.4295112301735105e-08
2364.0,-1.2665969884029238e-08,-6.357014385580517e-09,-4.035811978497783e-07,-2.5399006942605792e-08,4.037799029805285e-07,2.5198663621207152e-08
2365.0,-1.3442493659865384e-08,-6.631050646901173e-09,-4.0474036494542176e-07,-2.628282832767819e-08,4.0496353373106164e-07,2.6091957557165394e-08
2366.0,-1.4197131692483822e-08,-6.903928946517216e-09,-4.0586827890209953e-07,-2.715573259756523e-08,4.0611650836582127e-07,2.697461357581688e-08
2367.0,-1.490800552450544e-08,-7.17566212637098e-09,-4.0692619060478386e-07,-2.801735135324095e-08,4.0719918127230996e-07,2.7846253368467436e-08
2368.0,-1.5582939646985317e-08,-7.44625898634896e-09,-4.078540700169775e-07,-2.8867318780540995e-08,4.0815165127370876e-07,2.8706500757363468e-08
2369.0,-1.6200930125220836e-08,-7.715723994960218e-09,-4.086656603397021e-07,-2.970527155538886e-08,4.089866649144041e-07,2.9554981605171162e-08
2370.0,-1.669797942971396e-08,-7.98405700617828e-09,-4.094832057599529e-07,-3.0530848753209154e-08,4.0982352094100586e-07,3.039132372855283e-08
2371.0,-1.7013687778066888e-08,-8.25125298259601e-09,-4.1029683509052894e-07,-3.1343691763018876e-08,4.10649434989401e-07,3.121515681637378e-08
2372.0,-1.7137033944680802e-08,-8.517301725246386e-09,-4.110990537709025e-07,-3.21434442067495e-08,4.114560850731856e-07,3.202611235314607e-08
2373.0,-1.7076145483740923e-08,-8.78218761067574e-09,-4.1185998120307765e-07,-3.292975186440668e-08,4.1221382662543157e-07,3.282382354838228e-08
2374.0,-1.6868701310790435e-08,-9.045889336106839e-09,-4.1257413960216205e-07,-3.3702262605717804e-08,4.1291884644852064e-07,3.360792527258836e-08
2375.0,-1.653159706349605e-08,-9.308379673780942e-09,-4.1331706471248175e-07,-3.446062632894818e-08,4.136475428236116e-07,3.4378054000667994e-08
2376.0,-1.6108356218347275e-08,-9.569625235802058e-09,-4.141447679795185e-07,-3.520449490758421e-08,4.1445792064438385e-07,3.5133847763539946e-08
2377.0,-1.5674716608016226e-08,-9.82958625100529e-09,-4.149611640136275e-07,-3.593352214558508e-08,4.152571063573582e-07,3.5874946108783036e-08
2378.0,-1.5284087273581548e-08,-1.0088216355518472e-08,-4.1574411388523025e-07,-3.664736374189491e-08,4.160249650609946e-07,3.660099007112076e-08
2379.0,-1.4974250256427624e-08,-1.0345462398770334e-08,-4.164716838894744e-07,-3.734567726488585e-08,4.1674079672198694e-07,3.7311622153541e-08
2380.0,-1.4776600693044983e-08,-1.060126426671142e-08,-4.171534744856764e-07,-3.8028122137374054e-08,4.174151041870833e-07,3.800648631981876e-08
2381.0,-1.471376726014384e-08,-1.0855554723954363e-08,-4.1782645543442243e-07,-3.8694359632815225e-08,4.180854479743095e-07,3.868522799917236e-08
2382.0,-1.4801524256258247e-08,-1.1108259276411025e-08,-4.185534393796875e-07,-3.9344052883245295e-08,4.1881507462945307e-07,3.934749410373746e-08
2383.0,-1.5083769205892494e-08,-1.1359296055813715e-08,-4.193397128982035e-07,-3.9976866899482456e-08,4.196109089466149e-07,3.99929330594857e-08
2384.0,-1.557377929395365e-08,-1.1608575727267754e-08,-4.2009575426660284e-07,-4.0592468604049404e-08,4.203843305290086e-07,4.062119485114689e-08
2385.0,-1.6253568033142152e-08,-1.1856001420707913e-08,-4.208723503040801e-07,-4.119052687721027e-08,4.211860796895931e-07,4.123193108161707e-08
2386.0,-1.7122975703998122e-08,-1.2101468686839162e-08,-4.2162042290794233e-07,-4.17707126164492e-08,4.21967981380142e-07,4.182479504625344e-08
2387.0,-1.806073825216803e-08,-1.2344865477852379e-08,-4.223670068415064e-07,-4.233269880965099e-08,4.2275297602082763e-07,4.239944182237679e-08
2388.0,-1.8961815020923645e-08,-1.2586072152938422e-08,-4.232418414351624e-07,-4.287616062218149e-08,4.2366638616996145e-07,4.2955528374225e-08
2389.0,-1.9876031792653848e-08,-1.2824961508398323e-08,-4.240923970055821e-07,-4.3400775498009604e-08,4.24557908697698e-07,4.3492713673532934e-08
2390.0,-2.0736121389419715e-08,-1.3061398831978172e-08,-4.248601518375139e-07,-4.3906223274965964e-08,4.2536588409235656e-07,4.401065883585605e-08
2391.0,-2.144404191717353e-08,-1.3295241980953469e-08,-4.255649578843723e-07,-4.439218631420011e-08,4.261048935565902e-07,4.450902727271277e-08
2392.0,-2.1996364424348158e-08,-1.3526341483452322e-08,-4.2605534611439566e-07,-4.485834964388111e-08,4.26622781858337e-07,4.498748485959795e-08
2393.0,-2.2371435454138222e-08,-1.3754540662537652e-08,-4.2649943721162487e-07,-4.5304401117187874e-08,4.270857654688475e-07,4.544570011991675e-08
2394.0,-2.257262711469199e-08,-1.3979675782658279e-08,-4.26964942817909e-07,-4.573003158465006e-08,4.275612071860112e-07,4.588334442490216e-08
2395.0,-2.2630048265859237e-08,-1.4201576218215507e-08,-4.2733205324330115e-07,-4.613493508092245e-08,4.279308388205396e-07,4.630009220960174e-08
2396.0,-2.2463220478163848e-08,-1.4420064644160377e-08,-4.2770613326026385e-07,-4.651880902609679e-08,4.282956136860348e-07,4.669562120504255e-08
2397.0,-2.2077105019113752e-08,-1.463495724871959e-08,-4.2801801702907483e-07,-4.688135444166955e-08,4.2858700571473973e-07,4.706961268669992e-08
2398.0,-2.155757553023996e-08,-1.4846063968527106e-08,-4.282359162000038e-07,-4.722227618128828e-08,4.2877818156524554e-07,4.74217517394025e-08
2399.0,-2.0961112262574133e-08,-1.5053188746594357e-08,-4.284986684921499e-07,-4.7541283176390644e-08,4.290110454601718e-07,4.775172753879808e-08
2400.0,-2.0379735746201e-08,-1.525612981366548e-08,-4.287705722416657e-07,-4.7838088696827565e-08,4.292546298521781e-07,4.80592336494805e-08
2401.0,-1.9842648871226665e-08,-1.545467999355748e-08,-4.2900296229331225e-07,-4.811241062652152e-08,4.294616075630788e-07,4.83439683398332e-08
2402.0,-1.933131139886246e-08,-1.5648627033065328e-08,-4.292882962164679e-07,-4.836397175415353e-08,4.297233306080061e-07,4.8605634913579007e-08
2403.0,-1.8955277833465622e-08,-1.5837753956911722e-08,-4.295057006997727e-07,-4.859250007879729e-08,4.299237717216234e-07,4.884394205793811e-08
2404.0,-1.873744813474243e-08,-1.602183944803921e-08,-4.2965971919217694e-07,-4.879772913032881e-08,4.3006809490928585e-07,4.905860420818993e-08
2405.0,-1.8650929772823233e-08,-1.6200658253282585e-08,-4.298721204831768e-07,-4.8979398304336985e-08,4.3027653567222747e-07,4.9249341928311105e-08
2406.0,-1.8754109043506162e-08,-1.6373981614130163e-08,-4.3006627331587666e-07,-4.913725321114535e-08,4.3047498887835755e-07,4.941588230722358e-08
2407.0,-1.902221218041955e-08,-1.654157772189588e-08,-4.3031528956793963e-07,-4.9271046038429646e-08,4.307355255747738e-07,4.95579593700348e-08
2408.0,-1.9441617551962942e-08,-1.6703212196195858e-08,-4.3056912377159584e-07,-4.938053592678034e-08,4.310078268877221e-07,4.967531450348871e-08
2409.0,-2.0082552718014846e-08,-1.6858648585170593e-08,-4.307775773593203e-07,-4.9465489357416425e-08,4.312454406474775e-07,4.976769689467427e-08
2410.0,-2.0916754994715347e-08,-1.7007648885436408e-08,-4.309962328696848e-07,-4.952568055111103e-08,4.315034917441208e-07,4.983486398186341e-08
2411.0,-2.1867464589098162e-08,-1.7149974079306943e-08,-4.3131550470087987e-07,-4.956089187724468e-08,4.3186948329666704e-07,4.987658191617707e-08
2412.0,-2.2876240776681378e-08,-1.7285384686417662e-08,-4.3169915481255927e-07,-4.957091427176189e-08,4.3230484921863957e-07,4.989262603261132e-08
2413.0,-2.3869271947862813e-08,-1.7413641326533975e-08,-4.3214795691914887e-07,-4.9555547662675394e-08,4.328066529210423e-07,4.9882781328800155e-08
2414.0,-2.4816611751687923e-08,-1.753450529004437e-08,-4.325650315439855e-07,-4.95146014016455e-08,4.3327632145489234e-07,4.9846842949754994e-08
2415.0,-2.572344610929367e-08,-1.7647739112447558e-08,-4.328482815230128e-07,-4.9447894700067265e-08,4.3361195843422386e-07,4.9784616676710294e-08
2416.0,-2.6546467760124592e-08,-1.7753107149044306e-08,-4.330343873204523e-07,-4.935525706803293e-08,4.3384731824979494e-07,4.969591941812977e-08
2417.0,-2.726833495114711e-08,-1.7850376146043034e-08,-4.3313796940780414e-07,-4.923652875450664e-08,4.339954638400312e-07,4.958057970089217e-08
2418.0,-2.786139961796774e-08,-1.7939315804380746e-08,-4.3322486953378814e-07,-4.9091561187052016e-08,4.341198511600683e-07,4.943843815968058e-08
2419.0,-2.8296972751085114e-08,-1.801969933274269e-08,-4.3327248033797616e-07,-4.89202174094876e-08,4.341955330091474e-07,4.926934802263992e-08
2420.0,-2.853803290903123e-08,-1.809130398652728e-08,-4.3320868195473317e-07,-4.8722372515903585e-08,4.3414764935822707e-07,4.9073175591437955e-08
2421.0,-2.85066214938956e-08,-1.8153911589835985e-08,-4.3308720762413877e-07,-4.849791407955195e-08,4.3402437359746295e-07,4.884980071396039e-08
2422.0,-2.823285029374123e-08,-1.8207309037957718e-08,-4.3293097770624733e-07,-4.824674257521657e-08,4.3385057945495015e-07,4.859911724798597e-08
2423.0,-2.781239821780801e-08,-1.825128877824526e-08,-4.3276596453645233e-07,-4.796877179377645e-08,4.3365874781421374e-07,4.8321033514317996e-08
2424.0,-2.731953947787691e-08,-1.8285649267727365e-08,-4.326230666484854e-07,-4.766392924779055e-08,4.3348480369399696e-07,4.801547273798921e-08
2425.0,-2.6795648672139905e-08,-1.8310195406241395e-08,-4.32441793263294e-07,-4.7332156567052705e-08,4.332711753031054e-07,4.768237347630355e-08
2426.0,-2.6282516760178787e-08,-1.83247389442873e-08,-4.3216013057012503e-07,-4.697340988318957e-08,4.329585998009932e-07,4.7321690032626894e-08
2427.0,-2.581300127812991e-08,-1.8329098865178653e-08,-4.317291665001388e-07,-4.6587660202502044e-08,4.325001551929078e-07,4.693339285499001e-08
2428.0,-2.5405391290700408e-08,-1.832310174139064e-08,-4.311739364160072e-07,-4.6174893766382636e-08,4.31921749106373e-07,4.651746891871893e-08
2429.0,-2.5042164814026435e-08,-1.8306582065274164e-08,-4.305811246718694e-07,-4.5735112398772836e-08,4.313087234710942e-07,4.607392209245751e-08
2430.0,-2.4721671085248254e-08,-1.8279382554519993e-08,-4.2998597155063933e-07,-4.526833384025148e-08,4.306960607569965e-07,4.5602773487088684e-08
2431.0,-2.4469980708374806e-08,-1.824135443292083e-08,-4.2938726768637636e-07,-4.477459206845849e-08,4.300839518129455e-07,4.51040617871872e-08
2432.0,-2.4321984981590106e-08,-1.819235768709703e-08,-4.2882890297080145e-07,-4.425393760465209e-08,4.2951808690273536e-07,4.457784356474064e-08
2433.0,-2.43171195263292e-08,-1.8132261299929887e-08,-4.282494866780784e-07,-4.370643780626777e-08,4.2893932571180203e-07,4.402419357495508e-08
2434.0,-2.4418522037716883e-08,-1.8060943461492657e-08,-4.276930929136835e-07,-4.3132177145394865e-08,4.283895959807838e-07,4.344320503401675e-08
2435.0,-2.4505375242900307e-08,-1.7978291758291976e-08,-4.2728787483237163e-07,-4.253125747311265e-08,4.2799000151237157e-07,4.283498987871476e-08
2436.0,-2.4591084821223852e-08,-1.7884203341642883e-08,-4.2690290896763017e-07,-4.1903798269638113e-08,4.2761058819644464e-07,4.219967900784698e-08
2437.0,-2.4640262399899804e-08,-1.7778585076009468e-08,-4.265171627548803e-07,-4.1249936880235555e-08,4.272283144357463e-07,4.1537422505337056e-08
2438.0,-2.467534822303552e-08,-1.7661353668159072e-08,-4.2604637498500075e-07,-4.0569828736832515e-08,4.2676033841933806e-07,4.084838984499363e-08
2439.0,-2.4696017966729933e-08,-1.7532435778005553e-08,-4.254512258605736e-07,-3.986364756528387e-08,4.2616738365304053e-07,4.0132770076850306e-08
2440.0,-2.4658064021187975e-08,-1.7391768112057817e-08,-4.2481748846467937e-07,-3.913158557823272e-08,4.2553251183277524e-07,3.939077199504291e-08
2441.0,-2.4578485427473318e-08,-1.7239297500443604e-08,-4.2415302792253584e-07,-3.837385365353386e-08,4.2486455846747677e-07,3.862262428721041e-08
2442.0,-2.450729737202284e-08,-1.707498095854335e-08,-4.234123702762105e-07,-3.7590681498231016e-08,4.241210239158152e-07,3.782857566544517e-08
2443.0,-2.4382611471529536e-08,-1.6898785734343776e-08,-4.2263175797918606e-07,-3.678231779810825e-08,4.233345185485692e-07,3.7008894978862306e-08
2444.0,-2.4136160611809565e-08,-1.6710689342702824e-08,-4.218573224357147e-07,-3.594903035286538e-08,4.225472219074569e-07,3.616387130790291e-08
2445.0,-2.3775193355723978e-08,-1.651067958780395e-08,-4.210580550612075e-07,-3.509110619699322e-08,4.2172875826890077e-07,3.529381404052856e-08
2446.0,-2.3309602317778122e-08,-1.629875457516569e-08,-4.2021208662701426e-07,-3.4208851706445424e-08,4.208580940265285e-07,3.4399052930502213e-08
2447.0,-2.2759997844734592e-08,-1.6074922714655765e-08,-4.1937697900507054e-07,-3.330259269121836e-08,4.199941285557593e-07,3.347993813798228e-08
2448.0,-2.2212735928395233e-08,-1.58392027160302e-08,-4.18545982344698e-07,-3.237267447395836e-08,4.191349961221478e-07,3.253684025268121e-08
2449.0,-2.16994347768118e-08,-1.559162357856792e-08,-4.176193080240864e-07,-3.1419461954717447e-08,4.181826776710746e-07,3.157015029985728e-08
2450.0,-2.1169249311836502e-08,-1.5332224576392236e-08,-4.16637221611893e-07,-3.0443339661974634e-08,4.1717467750200794e-07,3.058027972941872e-08
2451.0,-2.0631178113128534e-08,-1.506105524105767e-08,-4.15580537482807e-07,-2.9444711790030535e-08,4.1609233187459053e-07,2.9567660388422166e-08
2452.0,-2.012009513163715e-08,-1.4778175342931641e-08,-4.1445969523046244e-07,-2.8424002222867118e-08,4.149477764714904e-07,2.8532744477242658e-08
2453.0,-1.9623577526828306e-08,-1.4483654872816881e-08,-4.13385909364683e-07,-2.738165454454006e-08,4.1385141639991683e-07,2.747600448967687e-08
2454.0,-1.9158336098112905e-08,-1.417757402514346e-08,-4.1238498091344944e-07,-2.631813203613428e-08,4.128297643400174e-07,2.6397933137211606e-08
2455.0,-1.876554055202373e-08,-1.3860023183911036e-08,-4.11406945566295e-07,-2.5233917659261376e-08,4.1183470030146565e-07,2.529904325764375e-08
2456.0,-1.847872772853254e-08,-1.3531102912386011e-08,-4.104755530753845e-07,-2.412951402601114e-08,4.108912788694937e-07,2.417986770817532e-08
2457.0,-1.8351526021032072e-08,-1.3190923947358885e-08,-4.095342476251318e-07,-2.3005443355190685e-08,4.0994521400448545e-07,2.3040959243031955e-08
2458.0,-1.8313313199236347e-08,-1.2839607198551196e-08,-4.0864586184352625e-07,-2.1862247414600684e-08,4.090560081971314e-07,2.1882890375571166e-08
2459.0,-1.826830510476274e-08,-1.2477283753538316e-08,-4.0784935118054477e-07,-2.0700487449014008e-08,4.0825828127521433e-07,2.0706253224764065e-08
2460.0,-1.8195463927228595e-08,-1.2104094888335843e-08,-4.0701079839777776e-07,-1.9520744093444438e-08,4.0741731053052174e-07,1.951165934585809e-08
2461.0,-1.807756933036586e-08,-1.1720192083594773e-08,-4.0606928597419767e-07,-1.832361727122709e-08,4.06471479349399e-07,1.8299739544964198e-08
2462.0,-1.7942284172289824e-08,-1.1325737046173042e-08,-4.0500620013261823e-07,-1.7109726076383507e-08,4.054034382034538e-07,1.7071143677265813e-08
2463.0,-1.7823163764307814e-08,-1.0920901735702764e-08,-4.037354957575623e-07,-1.587970863971647e-08,4.041287118000575e-07,1.5826540428522335e-08
2464.0,-1.7662748028057784e-08,-1.0505868395654735e-08,-4.0239250734264154e-07,-1.4634221978071164e-08,4.0277996801405164e-07,1.4566617079535683e-08
2465.0,-1.745690565713165e-08,-1.00808295883137e-08,-4.0102965701005466e-07,-1.3373941826204418e-08,4.014094285847358e-07,1.3292079253258501e-08
2466.0,-1.718568420905342e-08,-9.645988233018953e-09,-3.996888498225548e-07,-1.2099562450712324e-08,4.0005815129079685e-07,1.2003650644236574e-08
2467.0,-1.6775630704013444e-08,-9.201557646993944e-09,-3.983366781978859e-07,-1.081179644546858e-08,3.986897678436751e-07,1.0702072730085969e-08
2468.0,-1.615404418564559e-08,-8.747761588083176e-09,-3.970555947085952e-07,-9.511374508014068e-09,3.9738406917357417e-07,9.388104464699978e-09
2469.0,-1.52981121936957e-08,-8.284834298730003e-09,-3.95912470307902e-07,-8.199045196309839e-09,3.96207920645204e-07,8.06252195285872e-09
2470.0,-1.4257331371059223e-08,-7.813020550556065e-09,-3.949653053503255e-07,-6.8755746652221704e-09,3.9522254987323284e-07,6.7261181058766465e-09
2471.0,-1.31874348940908e-08,-7.332575688928575e-09,-3.940870496876858e-07,-5.541746382054475e-09,3.9430763519190245e-07,5.379702277874102e-09
2472.0,-1.2223558887303199e-08,-6.843765676908729e-09,-3.9308747715183223e-07,-4.198360820386091e-09,3.932774848443063e-07,4.024099882207423e-09
2473.0,-1.1398370414195114e-08,-6.346867137946544e-09,-3.9189484873913827e-07,-2.846235131433684e-09,3.9206057608024203e-07,2.6601519875484428e-09
2474.0,-1.0719616083676442e-08,-5.8421673966127275e-09,-3.904876732518936e-07,-1.4862027921278075e-09,3.906347822847564e-07,1.2887148930789874e-09
2475.0,-1.0162340066677267e-08,-5.329964516534261e-09,-3.8896092055540343e-07,-1.1911322909873723e-10,3.8909365309002104e-07,-8.93403177372431e-11
2476.0,-9.688751773095916e-09,-4.810567334532701e-09,-3.873735799075906e-07,1.254168582213433e-09,3.8749472554002996e-07,-1.4731282453293773e-09
2477.0,-9.24944894287183e-09,-4.284295489765058e-09,-3.858265764378199e-07,2.6327625440817153e-09,3.8593742937356526e-07,-2.8617496646459423e-09
2478.0,-8.819222616085476e-09,-3.7514794464496695e-09,-3.8442619165746095e-07,4.015773889384654e-09,3.8452734040612895e-07,-4.254292038728768e-09
2479.0,-8.446485941226989e-09,-3.21246050853687e-09,-3.8314183550824943e-07,5.402293661602106e-09,3.83234926959151e-07,-5.649830055738338e-09
2480.0,-8.189747921494295e-09,-2.6675908244659277e-09,-3.8198157104041286e-07,6.791399222666834e-09,3.820693557268361e-07,-7.0474261899662234e-09
2481.0,-8.06215236237584e-09,-2.1172333799436213e-09,-3.809964506662489e-07,8.182154789461529e-09,3.810817415214137e-07,-8.44613128742018e-09
2482.0,-8.020874048275672e-09,-1.5617619764925597e-09,-3.801761742083798e-07,9.573611999796708e-09,3.8026077612109644e-07,-9.844985176626854e-09
2483.0,-7.986651825997448e-09,-1.0015611933573778e-09,-3.794534604584232e-07,1.0964810508746778e-08,3.79537501785083e-07,-1.1243017305352782e-08
2484.0,-7.895833473159364e-09,-4.3702633023415465e-10,-3.7872264185834226e-07,1.2354778616244735e-08,3.788049414176088e-07,-1.2639247403981337e-08
2485.0,-7.761958562002569e-09,1.3143667178723245e-10,-3.7782297254707053e-07,1.3742533926825419e-08,3.779026945987851e-07,-1.4032686176286495e-08
2486.0,-7.605632637575077e-09,7.034113336994657e-10,-3.7668130634105346e-07,1.512708404235126e-08,3.767580817907166e-07,-1.542233601830187e-08
2487.0,-7.436764815071939e-09,1.2784707690687865e-09,-3.753707128462125e-07,1.6507427288446265e-08,3.7544437342113463e-07,-1.680719176588866e-08
2488.0,-7.288596254317881e-09,1.8561778440445707e-09,-3.739710310590727e-07,1.788255347520772e-08,3.7404205071989484e-07,-1.8186241471463037e-08
2489.0,-7.1681138941182e-09,2.436085369245746e-09,-3.7253898085842785e-07,1.9251444692571613e-08,3.7260793619545346e-07,-1.955846721016304e-08
2490.0,-7.020999837070718e-09,3.0177363256849924e-09,-3.711231898184675e-07,2.0613076140493697e-08,3.7118959637865173e-07,-2.0922845915534373e-08
2491.0,-6.74825581525873e-09,3.60066412664395e-09,-3.697492009235859e-07,2.196641699388952e-08,3.6981077666852606e-07,-2.2278350244608595e-08
2492.0,-6.2626972080481735e-09,4.1843929171151436e-09,-3.68453728555318e-07,2.331043130206394e-08,3.685069490018277e-07,-2.362394947204808e-08
2493.0,-5.538540334693032e-09,4.768437912081393e-09,-3.673009241200731e-07,2.464407892216076e-08,3.6734267964463197e-07,-2.495861041284534e-08
2494.0,-4.6398758862808975e-09,5.352305774518027e-09,-3.662778522706134e-07,2.5966316485975714e-08,3.663072392298757e-07,-2.6281298372890583e-08
2495.0,-3.650727123383213e-09,5.935495033590325e-09,-3.653210390863748e-07,2.727609839929839e-08,3.653392798587061e-07,-2.7590978126558175e-08
2496.0,-2.6371652916967747e-09,6.517496543096195e-09,-3.6432229413851935e-07,2.857237787277442e-08,3.6433183864044815e-07,-2.8886614920303053e-08
2497.0,-1.6661346469160065e-09,7.0977939797917086e-09,-3.631609905574429e-07,2.985410798309893e-08,3.631648125401534e-07,-3.016717550109389e-08
2498.0,-7.668530532800588e-10,7.675864380851386e-09,-3.6180712495448297e-07,3.1120242763159746e-08,3.6180793762911584e-07,-3.143162916833465e-08
2499.0,1.3630566120248488e-10,8.251178719367385e-09,-3.603313556421739e-07,3.236973831954301e-08,3.6033138142293417e-07,-3.267894884773787e-08
2500.0,1.096030835534556e-09,8.823202516486319e-09,-3.588331381754184e-07,3.360155397559974e-08,3.5883481204645036e-07,-3.390811218541862e-08
2501.0,2.1177071207745257e-09,9.391396488520935e-09,-3.573680381896427e-07,3.481465343806261e-08,3.5737431273520946e-07,-3.5118102660287994e-08
2502.0,3.147222149557649e-09,9.955217227154738e-09,-3.559875252912015e-07,3.6008005985012026e-08,3.560014370339149e-07,-3.63079107126553e-08
2503.0,4.106623485711225e-09,1.0514117910682755e-08,-3.546843135027178e-07,3.718058767283188e-08,3.547080864617377e-07,-3.7476534886809306e-08
2504.0,4.9446884642367905e-09,1.1067549044103074e-08,-3.5351922508808364e-07,3.8331382559673695e-08,3.535538041810433e-07,-3.862298298524765e-08
2505.0,5.64503531419458e-09,1.1614959225794408e-08,-3.525725731923224e-07,3.945938394286469e-08,3.526177615934201e-07,-3.9746273232160106e-08
2506.0,6.232059049371408e-09,1.2155795938484023e-08,-3.518213123887559e-07,4.056359560764597e-08,3.518765044883523e-07,-4.084543544374097e-08
2507.0,6.72568359338932e-09,1.2689506362222692e-08,-3.5118934763045395e-07,4.1643033084603045e-08,3.5125374404965736e-07,-4.191951220290009e-08
2508.0,7.139317123594502e-09,1.3215538207129818e-08,-3.5055981195686314e-07,4.2696724913139786e-08,3.5063250221310415e-07,-4.296756003594857e-08
2509.0,7.469091248268889e-09,1.3733340563741467e-08,-3.4982602917232875e-07,4.372371390833572e-08,3.499057558980046e-07,-4.398865058883989e-08
2510.0,7.70746176603776e-09,1.4242364768875797e-08,-3.489743735374251e-07,4.472305842850131e-08,3.49059476812639e-07,-4.4981871800537695e-08
2511.0,7.809051211227214e-09,1.474206528501417e-08,-3.479939970629786e-07,4.5693833640701844e-08,3.4808160432962835e-07,-4.594632907105163e-08
2512.0,7.784861394410925e-09,1.5231900591272925e-08,-3.46943250295606e-07,4.6635132781456917e-08,3.4703057933359375e-07,-4.6881146421633124e-08
2513.0,7.678502986219193e-09,1.5711334084101188e-08,-3.458744178286288e-07,4.754606840974936e-08,3.459596397217489e-07,-4.7785467644562685e-08
2514.0,7.587676598141968e-09,1.6179834985873893e-08,-3.448705012121245e-07,4.842577364940583e-08,3.449539613375384e-07,-4.86584574399014e-08
2515.0,7.589624914650095e-09,1.6636879259546787e-08,-3.4396028625316433e-07,4.927340341785377e-08,3.440440101581538e-07,-4.9499302536534587e-08
2516.0,7.74861719232689e-09,1.7081950527492525e-08,-3.4322854317037077e-07,5.008813563822548e-08,3.4331599717351985e-07,-5.0307212794813594e-08
2517.0,8.085164995841332e-09,1.7514540992540503e-08,-3.4269826859611996e-07,5.086917243177388e-08,3.427936306172977e-07,-5.108142228810851e-08
2518.0,8.5650834341644e-09,1.7934152359100355e-08,-3.4233327797505986e-07,5.1615741287583816e-08,3.4244040921506885e-07,-5.1821190360616024e-08
2519.0,9.147679738696901e-09,1.834029675206952e-08,-3.4204718191155337e-07,5.232709620660087e-08,3.421694824180512e-07,-5.252580265881727e-08
2520.0,9.764478794971332e-09,1.8732497631023007e-08,-3.417237511293969e-07,5.300251881704489e-08,3.418632286925335e-07,-5.3194572134037554e-08
2521.0,1.038986167933853e-08,1.9110290696975204e-08,-3.412968952454243e-07,5.364131945831585e-08,3.414550042536819e-07,-5.3826840013611096e-08
2522.0,1.0998081501067958e-08,1.9473224788803916e-08,-3.406995222332565e-07,5.424283823052594e-08,3.4087698990497053e-07,-5.4421976738189784e-08
2523.0,1.1606113986539768e-08,1.9820862766247926e-08,-3.399448628982338e-07,5.480644600680107e-08,3.401429283297942e-07,-5.497938286275239e-08
2524.0,1.2257821549455095e-08,2.0152782376238488e-08,-3.391117989470782e-07,5.533154540549389e-08,3.3933326741459034e-07,-5.549848991887527e-08
2525.0,1.297128954247384e-08,2.0468577099207063e-08,-3.3833155241302926e-07,5.581757171944892e-08,3.3858011416887004e-07,-5.597876123582815e-08
2526.0,1.3682707522555404e-08,2.0767856971929578e-08,-3.3761616685668017e-07,5.6263993799476416e-08,3.378933154238857e-07,-5.641969271807635e-08
2527.0,1.4349331292629053e-08,2.105024938342466e-08,-3.369932736196901e-07,5.667031488923861e-08,3.372986358903056e-07,-5.682081357681629e-08
2528.0,1.4984132906681324e-08,2.131539984042418e-08,-3.3655607184490677e-07,5.703607340883991e-08,3.368894681266233e-07,-5.718168701325577e-08
2529.0,1.5598927954885156e-08,2.1562972698982454e-08,-3.363988193838541e-07,5.7360843684545405e-08,3.367602889834141e-07,-5.750191085147601e-08
2530.0,1.614681269246354e-08,2.179265185888829e-08,-3.364181531406718e-07,5.7644236622226286e-08,3.368054235351711e-07,-5.778111811887684e-08
2531.0,1.6630420374141863e-08,2.20041414176907e-08,-3.365349921513605e-07,5.7885900322337734e-08,3.3694565114293576e-07,-5.801897757240003e-08
2532.0,1.7033402133215247e-08,2.2197166281343635e-08,-3.3665724485931747e-07,5.8085520634462016e-08,3.370878777181082e-07,-5.821519416893592e-08
2533.0,1.730462748095185e-08,2.237147272871408e-08,-3.3666124335529624e-07,5.8242821649680524e-08,3.3710568507485675e-07,-5.836950947853041e-08
2534.0,1.7423088610746262e-08,2.252682892747669e-08,-3.365945406563764e-07,5.835756612926309e-08,3.370451732578512e-07,-5.848170203921027e-08
2535.0,1.7355354056669547e-08,2.2663025399230743e-08,-3.3646596891978575e-07,5.8429555868374116e-08,3.3691327749965954e-07,-5.85515876524314e-08
2536.0,1.708707714209723e-08,2.2779875432012104e-08,-3.363212462692555e-07,5.845863199369637e-08,3.3675502802091194e-07,-5.8579019618327534e-08
2537.0,1.6688241399887005e-08,2.2877215438722723e-08,-3.362023698327832e-07,5.844467519407172e-08,3.36616296221975e-07,-5.8563888910106506e-08
2538.0,1.6291555562930604e-08,2.295490526034796e-08,-3.362189645028657e-07,5.838760588346406e-08,3.3661343834440023e-07,-5.8506124287117303e-08
2539.0,1.596458927555222e-08,2.301282841316256e-08,-3.364107736547606e-07,5.8287384295771135e-08,3.3678936554133003e-07,-5.840569234630205e-08
2540.0,1.5682963441787656e-08,2.30508922794254e-08,-3.3679552993715056e-07,5.814401051125309e-08,3.3716047266540976e-07,-5.8262597511959847e-08
2541.0,1.54203452784607e-08,2.3069028241322484e-08,-3.373754474400581e-07,5.795752441460575e-08,3.3772767074062254e-07,-5.8076881963981274e-08
2542.0,1.516711879701038e-08,2.3067191758134734e-08,-3.380932632468525e-07,5.772800558497792e-08,3.3843329644925324e-07,-5.784862550495801e-08
2543.0,1.4933822595208923e-08,2.3045362386784865e-08,-3.387923327435871e-07,5.7455573118503815e-08,3.391213113078366e-07,-5.7577945366818676e-08
2544.0,1.4759162739186316e-08,2.300354374606042e-08,-3.3941008278914886e-07,5.71403853841799e-08,3.397308304874591e-07,-5.726499595787734e-08
2545.0,1.4653052118895893e-08,2.294176342492301e-08,-3.399457790265181e-07,5.678263971414957e-08,3.402614356848942e-07,-5.6909968551392926e-08
2546.0,1.4637486445145953e-08,2.2860072835401505e-08,-3.40372311613546e-07,5.6382572029662953e-08,3.4068690394933097e-07,-5.651309091692059e-08
2547.0,1.4776924198156571e-08,2.2758547010635263e-08,-3.4077045374392156e-07,5.594045640415492e-08,3.410906912151023e-07,-5.607462689589165e-08
2548.0,1.505481338204273e-08,2.263728434868983e-08,-3.41169198891933e-07,5.545660456503955e-08,3.415012001128714e-07,-5.559487592299429e-08
2549.0,1.5353480292690236e-08,2.2496406302821924e-08,-3.415764513181596e-07,5.493136533596492e-08,3.41921338106011e-07,-5.507417249505347e-08
2550.0,1.5608697612190525e-08,2.2336057018935273e-08,-3.4204885665523044e-07,5.436512402141893e-08,3.424048068884244e-07,-5.451288558923533e-08
2551.0,1.5820751625428287e-08,2.215640292105652e-08,-3.426240907933309e-07,5.3758301735733034e-08,3.429891598490398e-07,-5.391141803253751e-08
2552.0,1.6018673859585775e-08,2.195763224578197e-08,-3.434166599980415e-07,5.3111354678701393e-08,3.4379005261413575e-07,-5.3270205824675634e-08
2553.0,1.62141159110174e-08,2.173995452680713e-08,-3.4448621918925504e-07,5.242477336021888e-08,3.4486758729414307e-07,-5.258971741663907e-08
2554.0,1.6354551019004404e-08,2.150360003085404e-08,-3.456894234754593e-07,5.169908177653839e-08,3.4607607377833655e-07,-5.187045294736239e-08
2555.0,1.6353416690262357e-08,2.1248819146555734e-08,-3.468892123548173e-07,5.093483654094785e-08,3.472744734148925e-07,-5.111294344113269e-08
2556.0,1.6150999454511705e-08,2.09758817281409e-08,-3.4800161444192845e-07,5.013262597185478e-08,3.4837620245586274e-07,-5.031774996851454e-08
2557.0,1.574733816955831e-08,2.068507639608202e-08,-3.4904312051775577e-07,4.929306914143025e-08,3.493981663377743e-07,-4.9485462773710524e-08
2558.0,1.5124481694828162e-08,2.0376709797219404e-08,-3.5005767892726247e-07,4.841681488809462e-08,3.503842583828211e-07,-4.861670037137815e-08
2559.0,1.423440389169972e-08,2.0051105827239507e-08,-3.510213988644484e-07,4.75045407962253e-08,3.513098927085689e-07,-4.7712108615994704e-08
2560.0,1.3144990762548048e-08,1.970860481875211e-08,-3.519833886578283e-07,4.655695214653825e-08,3.522287561701845e-07,-4.677235974690595e-08
2561.0,1.2003598184873177e-08,1.934956269855682e-08,-3.530435182808045e-07,4.5574780840647125e-08,3.5324752252418224e-07,-4.579815141222305e-08
2562.0,1.0922322685180674e-08,1.897435011799401e-08,-3.541762860215236e-07,4.455878430334646e-08,3.543446609063545e-07,-4.479020567475267e-08
2563.0,9.949629453664954e-09,1.858335156051871e-08,-3.5543549883887415e-07,4.350974436620249e-08,3.5557473048728387e-07,-4.374926800316469e-08
2564.0,9.071545598038355e-09,1.8176964430804097e-08,-3.5686395566392193e-07,4.242846613606936e-08,3.569792371996429e-07,-4.2676106251622134e-08
2565.0,8.264218476217167e-09,1.7755598129768585e-08,-3.5842810819364246e-07,4.131577685217776e-08,3.585233689040313e-07,-4.157150963111738e-08
2566.0,7.53400251907177e-09,1.731967311992942e-08,-3.600853719365471e-07,4.017252473546016e-08,3.60164179613463e-07,-4.043628767576983e-08
2567.0,6.893583426315075e-09,1.686961998542435e-08,-3.617546600331867e-07,3.8999577833775485e-08,3.618203360069498e-07,-3.927126920733547e-08
2568.0,6.339257299647905e-09,1.640587849092175e-08,-3.6336000397430013e-07,3.7797822866663546e-08,3.6341529779484317e-07,-3.8077301301146687e-08
2569.0,5.863622129509416e-09,1.592889664346893e-08,-3.649112365888829e-07,3.6568164073190535e-08,3.649583437233698e-07,-3.685524825663282e-08
2570.0,5.486417098410357e-09,1.5439129761119343e-08,-3.6634692573978e-07,3.531152206633548e-08,3.663880057692468e-07,-3.560599057546497e-08
2571.0,5.226242785760782e-09,1.4937039551942563e-08,-3.6767151859185e-07,3.402883269721582e-08,3.67708660759157e-07,-3.433042395022167e-08
2572.0,5.043458387032906e-09,1.442309320676755e-08,-3.689587310673481e-07,3.2721045932264324e-08,3.689932000773584e-07,-3.30294582662929e-08
2573.0,4.8450897183194286e-09,1.3897762508751452e-08,-3.701748362838764e-07,3.138912474626001e-08,3.70206542773319e-07,-3.170401661953745e-08
2574.0,4.57040690016175e-09,1.3361522962614251e-08,-3.7137522224117703e-07,3.0034044033893286e-08,3.714033445109463e-07,-3.035503435199452e-08
2575.0,4.21749100920632e-09,1.2814852946144517e-08,-3.7261857113723984e-07,2.8656789542323448e-08,3.726424382525037e-07,-2.898345810773705e-08
2576.0,3.823610997266691e-09,1.2258232886369707e-08,-3.7400406210919e-07,2.7258356826973737e-08,3.740236068421795e-07,-2.7590244910750143e-08
2577.0,3.3980661340304863e-09,1.169214446259813e-08,-3.755534606353361e-07,2.583975023261278e-08,3.7556883343620007e-07,-2.617636126653146e-08
2578.0,2.949061980728196e-09,1.1117069838376696e-08,-3.7722680915064366e-07,2.4401981901594402e-08,3.772383364778059e-07,-2.474278228894351e-08
2579.0,2.457984135673108e-09,1.0533490924265368e-08,-3.7898261617819173e-07,2.294607081096767e-08,3.789905870219969e-07,-2.329049085369799e-08
2580.0,1.9149961200115584e-09,9.941888673201874e-09,-3.807693232660281e-07,2.147304184001757e-08,3.807741387628743e-07,-2.1820476779712167e-08
2581.0,1.2831114504230356e-09,9.342742410116163e-09,-3.8252153000684075e-07,1.998392486964538e-08,3.8252368200383174e-07,-2.0333736039437414e-08
2582.0,4.925747171258266e-10,8.73652919735004e-09,-3.842206726667463e-07,1.8479753914836553e-08,3.8422098840945553e-07,-1.883126999911099e-08
2583.0,-4.576028167502244e-10,8.123723237339649e-09,-3.858248492638605e-07,1.6961566291288053e-08,3.858251206308612e-07,-1.7314084689719287e-08
2584.0,-1.4735122844111714e-09,7.504795313920695e-09,-3.873401157039602e-07,1.5430401817076044e-08,3.873429184482525e-07,-1.5783190109282666e-08
2585.0,-2.478347971290873e-09,6.880212273509431e-09,-3.8882994021771644e-07,1.3887302050041288e-08,3.8883783846017317e-07,-1.4239599556882683e-08
2586.0,-3.4256340958327414e-09,6.25043654728586e-09,-3.9031554380231093e-07,1.233330956136166e-08,3.9033057618210266e-07,-1.2684328998658672e-08
2587.0,-4.2941947775432254e-09,5.615925715349498e-09,-3.9191070508315384e-07,1.0769467245576744e-08,3.9193423028304414e-07,-1.1118396465810744e-08
2588.0,-5.0906860532551335e-09,4.9771321136271624e-09,-3.9364455531321063e-07,9.196817667136067e-09,3.9367747079586374e-07,-9.542821484467792e-09
2589.0,-5.813505954410658e-09,4.334502484086308e-09,-3.9547854815968897e-07,7.616402443364515e-09,3.9552127490942555e-07,-7.958624537115617e-09
2590.0,-6.4536268273851505e-09,3.688477668551158e-09,-3.9741605981080674e-07,6.029261663575171e-09,3.974684564777108e-07,-6.366826555131446e-09
2591.0,-7.027792597869009e-09,3.039492346139616e-09,-3.993876084296133e-07,4.436433343904755e-09,3.9944943564351767e-07,-4.768448441830464e-09
2592.0,-7.573916355196886e-09,2.3879748140451776e-09,-4.012588374346926e-07,2.8389529172926653e-09,4.013303113750525e-07,-3.164510625289579e-09
2593.0,-8.047945157518832e-09,1.734346811088673e-09,-4.0301678336240876e-07,1.2378527578617473e-09,4.0309713109006514e-07,-1.5560326400644537e-09
2594.0,-8.402463377854552e-09,1.079023383168158e-09,-4.0468186662812045e-07,-3.6583826121721463e-10,4.0476908796057545e-07,5.5967263246964276e-11
2595.0,-8.684109112366833e-09,4.2241278944926047e-10,-4.0621998748102683e-07,-1.9710951774852295e-09,4.0631280065998545e-07,1.6704724818178806e-09
2596.0,-8.993951763902608e-09,-2.3508355212902256e-10,-4.076829609456212e-07,-3.5768973178845174e-09,4.0778215730181267e-07,3.2864683991909173e-09
2597.0,-9.382812957148268e-09,-8.930710816989859e-10,-4.090385715971312e-07,-5.182228647879363e-09,4.0914617220891884e-07,4.902942700252053e-09
2598.0,-9.818043766873785e-09,-1.5511620785318467e-09,-4.1035118245047464e-07,-6.786078092693026e-09,4.104686186810278e-07,6.518885664340573e-09
2599.0,-1.0259855118266437e-08,-2.2089756083687432e-09,-4.1175360931955396e-07,-8.387439832505017e-09,4.118814142623186e-07,8.133290438400946e-09
2600.0,-1.0726166052577035e-08,-2.8661374391837398e-09,-4.132177477966792e-07,-9.985313573578326e-09,4.1335693744311035e-07,9.745153292193613e-09
2601.0,-1.1194608531828187e-08,-3.5222799276390274e-09,-4.14835988199469e-07,-1.1578704797371754e-08,4.1498700746603e-07,1.1353473857652705e-08
2602.0,-1.1631681798296434e-08,-4.177041878550224e-09,-4.166263651572688e-07,-1.3166624989736142e-08,4.167887044602033e-07,1.2957255354506876e-08
2603.0,-1.2086675618694365e-08,-4.830068379706863e-09,-4.1845024451037105e-07,-1.474809185229865e-08,4.186247661788548e-07,1.4555504804269793e-08
2604.0,-1.2594955148270692e-08,-5.481010614390626e-09,-4.202573931355591e-07,-1.632212949811604e-08,4.204460837970581e-07,1.6147233234667514e-08
2605.0,-1.3203908647008156e-08,-6.129525653902982e-09,-4.220750422223585e-07,-1.7887768633636784e-08,4.222815227671751e-07,1.7731455876513232e-08
2606.0,-1.3977364043959994e-08,-6.7752762323554424e-09,-4.2380595768887197e-07,-1.9444046728964436e-08,4.2403638579513354e-07,1.9307192354975584e-08
2607.0,-1.4839960107981831e-08,-7.417930505893161e-09,-4.255144489540008e-07,-2.099000817836731e-08,4.257731446259069e-07,2.0873466877123022e-08
2608.0,-1.572426501506019e-08,-8.05716179842248e-09,-4.2719902540455656e-07,-2.2524704452935867e-08,4.274883154155992e-07,2.2429308417566098e-08
2609.0,-1.6612370964952383e-08,-8.692648335805266e-09,-4.2880977565995515e-07,-2.4047194247248033e-08,4.291314420671343e-07,2.397375090396191e-08
2610.0,-1.7477318495218164e-08,-9.324072970377693e-09,-4.304112741215782e-07,-2.5556543621862816e-08,4.307659707459999e-07,2.5505833404088813e-08
2611.0,-1.8306523685840403e-08,-9.951122897557728e-09,-4.3203224014964903e-07,-2.7051826143420016e-08,4.324199178324054e-07,2.702460031614212e-08
2612.0,-1.912116541491482e-08,-1.0573489366228965e-08,-4.336769848789501e-07,-2.85321230240771e-08,4.3409831395724366e-07,2.852910156384051e-08
2613.0,-1.9911439913533613e-08,-1.119086738453058e-08,-4.3539745706033806e-07,-2.999652326196089e-08,4.3585251066621055e-07,3.001839279786691e-08
2614.0,-2.0719825313819662e-08,-1.180295542264359e-08,-4.371734637909075e-07,-3.1444123784252304e-08,4.3766419616410834e-07,3.149153560509651e-08
2615.0,-2.1545542516765437e-08,-1.2409455114141106e-08,-4.3890402759427793e-07,-3.287402959445923e-08,4.39432538441136e-07,3.294759772699159e-08
2616.0,-2.231203982683283e-08,-1.301007095746323e-08,-4.406008598245581e-07,-3.428535392537051e-08,4.411654392621594e-07,3.4385653288471734e-08
2617.0,-2.298650519927392e-08,-1.3604510019085615e-08,-4.4219987108129466e-07,-3.567721839912846e-08,4.4279691214550024e-07,3.580478303850503e-08
2618.0,-2.3596167977868454e-08,-1.419248163997344e-08,-4.4365919607547433e-07,-3.704875319581151e-08,4.4428623814560806e-07,3.720407460361399e-08
2619.0,-2.412639636684144e-08,-1.4773697146948646e-08,-4.450442823156209e-07,-3.8399097231883356e-08,4.4569776331441917e-07,3.8582622755450144e-08
2620.0,-2.4639494944356244e-08,-1.5347869570643457e-08,-4.4629809586860247e-07,-3.972739834983762e-08,4.4697773444216796e-07,3.993952969355966e-08
2621.0,-2.510915743381137e-08,-1.5914713371761932e-08,-4.47444546525233e-07,-4.1032813520339186e-08,4.481485155639895e-07,4.127390534443275e-08
2622.0,-2.5484426333099996e-08,-1.6473944177417296e-08,-4.4860500508780987e-07,-4.23145090581298e-08,4.493282837473745e-07,4.258486767789303e-08
2623.0,-2.5805655501365266e-08,-1.7025278529350234e-08,-4.4979961519309164e-07,-4.357166085291492e-08,4.505392609792275e-07,4.387154304183095e-08
2624.0,-2.6076360501448015e-08,-1.756843364585725e-08,-4.510643709376705e-07,-4.480345461637552e-08,4.518174889337484e-07,4.513306651621044e-08
2625.0,-2.6283409268468283e-08,-1.810312719926336e-08,-4.524750279455425e-07,-4.600908614634843e-08,4.5323776157453306e-07,4.636858228717522e-08
2626.0,-2.6485897100525513e-08,-1.8629077110754368e-08,-4.539493630717484e-07,-4.7187761609092577e-08,4.5472137290704257e-07,4.757724404195252e-08
2627.0,-2.6726028945489588e-08,-1.9146001364335226e-08,-4.554615608831636e-07,-4.8338697840411895e-08,4.562450153868236e-07,4.875821538510114e-08
2628.0,-2.7055477413995277e-08,-1.9653617841598667e-08,-4.5696709916054346e-07,-4.946112266624903e-08,4.5776733017254644e-07,4.991067027648927e-08
2629.0,-2.749149083380864e-08,-2.0151644178869387e-08,-4.5835637568769627e-07,-5.0554275243208036e-08,4.5918008362931636e-07,5.1033793491224425e-08
2630.0,-2.802307919047564e-08,-2.063979764813555e-08,-4.596138493406787e-07,-5.161740641931849e-08,4.604673533195071e-07,5.212678110160393e-08
2631.0,-2.864690532011771e-08,-2.1117795062995404e-08,-4.60729191631426e-07,-5.264977911522409e-08,4.6161892639466923e-07,5.318884098101542e-08
2632.0,-2.934634499296429e-08,-2.1585352710641718e-08,-4.6170066006490096e-07,-5.3650668725865654e-08,4.626323675109766e-07,5.4219193329592957e-08
2633.0,-3.007922481923497e-08,-2.2042186310690255e-08,-4.6263569228321977e-07,-5.461936354262745e-08,4.6361249286456906e-07,5.521707122132288e-08
2634.0,-3.084675083420141e-08,-2.2488011001442232e-08,-4.636550209879964e-07,-5.555516519581895e-08,4.646799979818441e-07,5.618172117218609e-08
2635.0,-3.1625065094464944e-08,-2.2922541353964572e-08,-4.647786385481023e-07,-5.645738911726191e-08,4.65853332705538e-07,5.7112403728812236e-08
2636.0,-3.2366395036342865e-08,-2.3345491414184522e-08,-4.659076590918243e-07,-5.7325365022641825e-08,4.670305453908472e-07,5.8008394077002394e-08
2637.0,-3.306967980010178e-08,-2.375657477303321e-08,-4.6699810873906955e-07,-5.8158437413160974e-08,4.6816753121927315e-07,5.886898266934997e-08
2638.0,-3.373811145734873e-08,-2.4155504664540177e-08,-4.6810173351397033e-07,-5.895596609590553e-08,4.69315984261662e-07,5.96934758710613e-08
2639.0,-3.43537390895543e-08,-2.4541994091679763e-08,-4.6922495611223525e-07,-5.971732672221701e-08,4.704808591515305e-07,6.048119662295482e-08
2640.0,-3.4895560871439635e-08,-2.491575597970001e-08,-4.703273999706603e-07,-6.044191134324634e-08,4.71620147291964e-07,6.123148512050727e-08
2641.0,-3.5364741690635526e-08,-2.5276503356623544e-08,-4.713386411725473e-07,-6.112912898177095e-08,4.7266349511806885e-07,6.194369950772291e-08
2642.0,-3.579077975657263e-08,-2.562394956059431e-08,-4.7215747892015436e-07,-6.17784062192764e-08,4.735120535063701e-07,6.261721658452849e-08
2643.0,-3.6156137861453885e-08,-2.5957808473749906e-08,-4.728024554090382e-07,-6.238918779724473e-08,4.74182905792556e-07,6.325143252634714e-08
2644.0,-3.644123183765835e-08,-2.627779478232149e-08,-4.7327781890760257e-07,-6.296093723155229e-08,4.7467868842806014e-07,6.384576361447456e-08
2645.0,-3.663616265914271e-08,-2.6583624262696175e-08,-4.736313386488611e-07,-6.349313743885359e-08,4.7504615919371384e-07,6.439964697586714e-08
2646.0,-3.669804586603487e-08,-2.6875014093215872e-08,-4.7398897473627244e-07,-6.398529137380437e-08,4.754075038763359e-07,6.491254133094018e-08
2647.0,-3.661695452406022e-08,-2.715168319152462e-08,-4.7443519993195515e-07,-6.443692267594562e-08,4.758461519158176e-07,6.538392774795681e-08
2648.0,-3.646970156423457e-08,-2.7413352577307185e-08,-4.74913383008424e-07,-6.484757632502014e-08,4.7631162120264333e-07,6.581331040255101e-08
2649.0,-3.628590583559799e-08,-2.7659745760275544e-08,-4.754200962076016e-07,-6.521681930342042e-08,4.7680282595676285e-07,6.620021734086734e-08
2650.0,-3.606946585854587e-08,-2.78905891532473e-08,-4.7598435759521607e-07,-6.55442412643725e-08,4.773490494833433e-07,6.65442012447175e-08
2651.0,-3.585582815379684e-08,-2.810561251011193e-08,-4.765788666760695e-07,-6.5829455204351e-08,4.7792578563501e-07,6.68448401970524e-08
2652.0,-3.56818006391757e-08,-2.8304549388390493e-08,-4.771802183389795e-07,-6.607209813810477e-08,4.785124362761015e-07,6.710173844593946e-08
2653.0,-3.559591213453395e-08,-2.8487137635958487e-08,-4.777374746911534e-07,-6.627183177455937e-08,4.790617535192826e-07,6.731452716512344e-08
2654.0,-3.566117771913735e-08,-2.865311990131984e-08,-4.781554530097765e-07,-6.642834319175862e-08,4.794834270747014e-07,6.748286520914605e-08
2655.0,-3.5863568975669224e-08,-2.8802244166595678e-08,-4.784141363345373e-07,-6.65413455089222e-08,4.797564813782028e-07,6.760643986091028e-08
2656.0,-3.617208313433373e-08,-2.8934264302131624e-08,-4.785592031819608e-07,-6.661057855362951e-08,4.799242966848317e-07,6.768496756950346e-08
2657.0,-3.657728443740016e-08,-2.9048940641343558e-08,-4.786181003468837e-07,-6.663580952209223e-08,4.800137328415449e-07,6.771819467603856e-08
2658.0,-3.706556192528687e-08,-2.9146040574127387e-08,-4.786284795998963e-07,-6.661683363044433e-08,4.800615349774919e-07,6.77058981252311e-08
2659.0,-3.75713663236521e-08,-2.922533915686907e-08,-4.786513789212243e-07,-6.655347475494911e-08,4.801236820972441e-07,6.764788616039422e-08
2660.0,-3.80618924433751e-08,-2.928661973682047e-08,-4.78738752252017e-07,-6.644558605899412e-08,4.802494149545517e-07,6.754399899949941e-08
2661.0,-3.8533430113396605e-08,-2.9329674588366718e-08,-4.788596344451612e-07,-6.62930506047116e-08,4.804075090350457e-07,6.739410948991536e-08
2662.0,-3.897942447983471e-08,-2.9354305558510663e-08,-4.790064885851208e-07,-6.609578194702515e-08,4.805898580280556e-07,6.719812373940099e-08
2663.0,-3.93849515917255e-08,-2.9360324718745255e-08,-4.791511374890867e-07,-6.585372470788786e-08,4.807670818275397e-07,6.695598172089819e-08
2664.0,-3.9731351098026835e-08,-2.934755502037805e-08,-4.792305015044462e-07,-6.556685512844966e-08,4.80874675806782e-07,6.666765784865036e-08
2665.0,-3.998760463030937e-08,-2.9315830950314095e-08,-4.792510396034455e-07,-6.523518159687906e-08,4.809163830491255e-07,6.633316152317368e-08
2666.0,-4.014745447200596e-08,-2.926499918429298e-08,-4.791930101055719e-07,-6.485874514957453e-08,4.808718738236003e-07,6.595253764263407e-08
2667.0,-4.0232067038958874e-08,-2.9194919234610168e-08,-4.789777499347725e-07,-6.443761994353438e-08,4.806644402811641e-07,6.552586707823734e-08
2668.0,-4.021670711729097e-08,-2.910546408942713e-08,-4.786283953062132e-07,-6.397191369771368e-08,4.803150261284344e-07,6.505326711132269e-08
2669.0,-4.00754820301108e-08,-2.8996520840883082e-08,-4.781288376332071e-07,-6.346176810127835e-08,4.798054080941851e-07,6.453489182995853e-08
2670.0,-3.980947030357562e-08,-2.886799129935624e-08,-4.775324073946763e-07,-6.290735918676502e-08,4.791888918140803e-07,6.397093248296628e-08
2671.0,-3.9425468625897686e-08,-2.871979259137572e-08,-4.769535111026624e-07,-6.230889766626302e-08,4.785802120120817e-07,6.336161778943558e-08
2672.0,-3.897798327157087e-08,-2.855185773884784e-08,-4.7641870137837827e-07,-6.166662922884224e-08,4.780105252010454e-07,6.2707214201933e-08
2673.0,-3.84988068646841e-08,-2.8364136217422497e-08,-4.7588668575238025e-07,-6.098083479755208e-08,4.774414056262705e-07,6.200802612173855e-08
2674.0,-3.7994478216396566e-08,-2.8156594491976414e-08,-4.754500979309295e-07,-6.025183074440785e-08,4.769658017064396e-07,6.126439606456472e-08
2675.0,-3.7486120596508243e-08,-2.7929216527322314e-08,-4.7500692354485174e-07,-5.947996906186472e-08,4.7648377375616957e-07,6.04767047753252e-08
2676.0,-3.6990422197513695e-08,-2.7682004272360834e-08,-4.7452187285079717e-07,-5.866563748936035e-08,4.759614471237964e-07,5.964537129062672e-08
2677.0,-3.651682392580291e-08,-2.7414978115971814e-08,-4.7401551264703023e-07,-5.780925959359346e-08,4.754200086866927e-07,5.877085294776742e-08
2678.0,-3.615231049247658e-08,-2.7128177312993557e-08,-4.7342853201626234e-07,-5.69112948013036e-08,4.748068707179979e-07,5.785364533914324e-08
2679.0,-3.5925783875567774e-08,-2.6821660378663807e-08,-4.727142419724828e-07,-5.597223838343186e-08,4.7407743725122906e-07,5.689428221109701e-08
2680.0,-3.581925989148971e-08,-2.6495505449899223e-08,-4.7191502211552105e-07,-5.4992621389675816e-08,4.732724452970686e-07,5.5893335306394065e-08
2681.0,-3.586416040535223e-08,-2.6149810611778028e-08,-4.710108803263058e-07,-5.3973010532603444e-08,4.7237430855979285e-07,5.48514141496741e-08
2682.0,-3.6029285485628115e-08,-2.5784694187574818e-08,-4.700340691665694e-07,-5.291400802065642e-08,4.714129141102185e-07,5.3769165775407914e-08
2683.0,-3.6233505862348636e-08,-2.5400294990690503e-08,-4.691098157427742e-07,-5.1816251339548095e-08,4.705070522035737e-07,5.264727439807627e-08
2684.0,-3.6453796717350606e-08,-2.4996772536839707e-08,-4.682411079148796e-07,-5.068041298173954e-08,4.69657976017084e-07,5.148646102448129e-08
2685.0,-3.6669292560742583e-08,-2.457430721491656e-08,-4.673291486567699e-07,-4.9507200123855036e-08,4.6876558128894945e-07,5.02874830082953e-08
2686.0,-3.678856146105414e-08,-2.4133100415069805e-08,-4.6640283080101597e-07,-4.829735425207476e-08,4.6785147091098784e-07,4.9051133547149693e-08
2687.0,-3.6785301291142325e-08,-2.3673374612687038e-08,-4.6543667409082445e-07,-4.705165073572127e-08,4.668880550836661e-07,4.777824112276836e-08
2688.0,-3.665492871729459e-08,-2.3195373407219133e-08,-4.644109645179917e-07,-4.5770898349439744e-08,4.6585526482353e-07,4.646966888486206e-08
2689.0,-3.6333054301285195e-08,-2.269936151506772e-08,-4.633728647451818e-07,-4.445593874456455e-08,4.647951189685803e-07,4.5126313979723676e-08
2690.0,-3.58513915221792e-08,-2.218562471610485e-08,-4.621971435025962e-07,-4.310764587046551e-08,4.635855063912548e-07,4.374910682470012e-08
2691.0,-3.5202589288019226e-08,-2.1654469753784024e-08,-4.608187070265224e-07,-4.172692534687774e-08,4.6216133875322896e-07,4.233901032996318e-08
2692.0,-3.43531732643898e-08,-2.1106224189222352e-08,-4.5930161793328317e-07,-4.031471378843488e-08,4.6058453811375913e-07,4.089701906925592e-08
2693.0,-3.3306339269900676e-08,-2.0541236210068698e-08,-4.576349028617699e-07,-3.887197808284343e-08,4.5884530786841797e-07,3.942415840154568e-08
2694.0,-3.2043224157396466e-08,-1.9959874395405105e-08,-4.5591756431262453e-07,-3.739971462434481e-08,4.570422230638623e-07,3.7921483545760524e-08
2695.0,-3.061739559107046e-08,-1.9362527438340918e-08,-4.542273457641688e-07,-3.58989485043028e-08,4.5525806588433097e-07,3.639007861100822e-08
2696.0,-2.9085406569318017e-08,-1.8749603828331077e-08,-4.5251890787301186e-07,-3.437073266091271e-08,4.534526688176903e-07,3.48310555848654e-08
2697.0,-2.7486400891452156e-08,-1.8121531495563258e-08,-4.509306358868592e-07,-3.281614699014947e-08,4.5176757366514566e-07,3.3245553282466786e-08
2698.0,-2.5920480553609515e-08,-1.7478757419994824e-08,-4.494550475131476e-07,-3.123629742014931e-08,4.50201855890417e-07,3.1634736259217996e-08
2699.0,-2.4473664289592634e-08,-1.68217472077652e-08,-4.479858965455996e-07,-2.9632314951256104e-08,4.4865390196400206e-07,2.999979369000005e-08
2700.0,-2.314491320820622e-08,-1.615098463775298e-08,-4.4656306608104046e-07,-2.8005354663964873e-08,4.47162452577489e-07,2.834193821773454e-08
2701.0,-2.198280242560191e-08,-1.546697118098687e-08,-4.451227902935173e-07,-2.6356594696969287e-08,4.4566528027340167e-07,2.6662404774145534e-08
2702.0,-2.1014583878598003e-08,-1.4770225495459486e-08,-4.43545402156742e-07,-2.4687235197477467e-08,4.4404294444341374e-07,2.4962449375495866e-08
2703.0,-2.0208189677184407e-08,-1.406128289864364e-08,-4.419075308459419e-07,-2.299849724590714e-08,4.423693442683231e-07,2.3243347896000904e-08
2704.0,-1.9639377443758654e-08,-1.3340694819686838e-08,-4.4012151345640405e-07,-2.1291621757011577e-08,4.4055947584126944e-07,2.150639482153614e-08
2705.0,-1.9340783863341926e-08,-1.2609028232880378e-08,-4.381809100284517e-07,-1.956786835942035e-08,4.3860754192536476e-07,1.9752901986156537e-08
2706.0,-1.9199591042018405e-08,-1.1866865073585242e-08,-4.362861568685261e-07,-1.7828514255499274e-08,4.367084095495402e-07,1.7984197293831786e-08
2707.0,-1.9147095270399817e-08,-1.1114801637371357e-08,-4.3451856276965906e-07,-1.6074853063333867e-08,4.349402173272827e-07,1.6201623427666244e-08
2708.0,-1.9166985318341823e-08,-1.035344796271392e-08,-4.329052855356341e-07,-1.4308193642513338e-08,4.333293892305049e-07,1.4406536548708589e-08
2709.0,-1.9130055456395567e-08,-9.583427197213461e-09,-4.3157252388459355e-07,-1.2529858905233115e-08,4.31996299051141e-07,1.2600304986262014e-08
2710.0,-1.897656527749536e-08,-8.805374946983942e-09,-4.3042715203167603e-07,-1.074118461404747e-08,4.308452660014156e-07,1.0784307921385012e-08
2711.0,-1.871369462169703e-08,-8.019938608598455e-09,-4.29381510375082e-07,-8.943518167401432e-09,4.297891155187399e-07,8.95993406503827e-09
2712.0,-1.8378841407096225e-08,-7.227776682800562e-09,-4.283916918701447e-07,-7.138217373871132e-09,4.2878575474802355e-07,7.1285803321030325e-09
2713.0,-1.8014798916499153e-08,-6.4295580690799185e-09,-4.2734736752092495e-07,-5.326649215864824e-09,4.277269052877857e-07,5.291650512291179e-09
2714.0,-1.7624822268302864e-08,-5.625961340168045e-09,-4.2616810269624494e-07,-3.5101886034008574e-09,4.2653239749836873e-07,3.4505539388049275e-09
2715.0,-1.714325596757771e-08,-4.8176739955265005e-09,-4.247716169636373e-07,-1.690217118496945e-09,4.2511741648993035e-07,1.6067041554967359e-09
2716.0,-1.6531297344912765e-08,-4.005391692968605e-09,-4.2314484771655003e-07,1.3187824931915014e-10,4.234676445030579e-07,-2.3848241676823493e-10
2717.0,-1.5851458812221608e-08,-3.1898174576715258e-09,-4.2131728855698825e-07,1.9547063758373403e-09,4.2161537730909206e-07,-2.0835878138383925e-09
2718.0,-1.516514631927368e-08,-2.371660867991678e-09,-4.1937301512029457e-07,3.776873282719217e-09,4.1964712256129175e-07,-3.927193861333052e-09
2719.0,-1.4449048499343142e-08,-1.551637217685601e-09,-4.1749272391977676e-07,5.596983425069925e-09,4.1774268339312813e-07,-5.7678835061999685e-09
2720.0,-1.3652600244773438e-08,-7.304666543523651e-10,-4.1575206866095726e-07,7.413640985217742e-09,4.159761725018741e-07,-7.604242145863184e-09
2721.0,-1.2808474780801049e-08,9.112670585468972e-11,-4.141823968795144e-07,9.225451171799669e-09,4.14380398801717e-07,-9.434858953983591e-09
2722.0,-1.1976786312706267e-08,9.124156869554522e-10,-4.127459584668536e-07,1.103102152317826e-08,4.129196890935353e-07,-1.1258328201805179e-08
2723.0,-1.113465990243423e-08,1.7326709847675839e-09,-4.114208562444599e-07,1.2828963214158874e-08,4.115715024197708e-07,-1.3073250574028532e-08
2724.0,-1.0271340264433881e-08,2.5511621206333937e-09,-4.101803814382521e-07,1.4617892364929035e-08,4.1030896376713214e-07,-1.4878234478130913e-08
2725.0,-9.402078920972556e-09,3.367158416203764e-09,-4.0894154665349625e-07,1.6396431351090238e-08,4.0904961516592317e-07,-1.6671897346026765e-08
2726.0,-8.569076642706008e-09,4.179929987988544e-09,-4.0761542341449797e-07,1.8163210113585473e-08,4.077054849764583e-07,-1.845286692692204e-08
2727.0,-7.828374531948512e-09,4.988748760144803e-09,-4.0605619178180063e-07,1.9916867467232922e-08,4.0613164655336936e-07,-2.0219782570150313e-08
2728.0,-7.204702098806415e-09,5.792889493744451e-09,-4.042177213781084e-07,2.1656052406454976e-08,4.042819239199826e-07,-2.1971296496684963e-08
2729.0,-6.644800501498516e-09,6.591630830540787e-09,-4.022108765211474e-07,2.337942540664422e-08,4.0226576111522887e-07,-2.3706075057902303e-08
2730.0,-6.074165226355177e-09,7.384256349035812e-09,-4.002066678610028e-07,2.5085659719446493e-08,4.0025276074451264e-07,-2.5422799980037258e-08
2731.0,-5.49269396632468e-09,8.170055630431334e-09,-3.98404043921996e-07,2.6773442660084715e-08,3.98441905301648e-07,-2.7120169592645023e-08
2732.0,-4.8956557557877645e-09,8.948325331820639e-09,-3.968060413306329e-07,2.8441476884714375e-08,3.9683624063556383e-07,-2.879690003927693e-08
2733.0,-4.214546128755714e-09,9.718370263740048e-09,-3.9540843499441536e-07,3.0088481655706074e-08,3.954308951811988e-07,-3.045172646851075e-08
2734.0,-3.392455469319877e-09,1.047950446895036e-08,-3.9417018171672424e-07,3.1713194092694895e-08,3.941847801586291e-07,-3.208340420344667e-08
2735.0,-2.4381877766765925e-09,1.1231052299059411e-08,-3.9309600671777467e-07,3.331437040721123e-08,3.9310356810527054e-07,-3.3690709887781244e-08
2736.0,-1.4140056209255292e-09,1.1972349485335355e-08,-3.9214280098121e-07,3.4890787118699994e-08,3.921453503145038e-07,-3.527244260658926e-08
2737.0,-3.450294772111562e-10,1.2702744199804983e-08,-3.911788364341362e-07,3.644124224972671e-08,3.9117898859640307e-07,-3.682742497996036e-08
2738.0,7.470246227159194e-10,1.3421598102494665e-08,-3.9003886426192125e-07,3.796455649814712e-08,3.900395796332936e-07,-3.8354504227638797e-08
2739.0,1.796029353018369e-09,1.4128287370465035e-08,-3.886162838473428e-07,3.9459574383968784e-08,3.886204340905859e-07,-3.98525532027909e-08
2740.0,2.743276605876588e-09,1.4822203704124447e-08,-3.8686164444134974e-07,4.0925165368556874e-08,3.8687137075053987e-07,-4.132047139297065e-08
2741.0,3.5850791918479175e-09,1.550275530618659e-08,-3.8482879016754623e-07,4.236022494373734e-08,3.848454891701722e-07,-4.275718588627667e-08
2742.0,4.440746798062278e-09,1.616936782856659e-08,-3.827795833077907e-07,4.37636756882476e-08,3.828053416939351e-07,-4.416165230061062e-08
2743.0,5.4468326099454956e-09,1.682148528248596e-08,-3.808545410433073e-07,4.513446828890265e-08,3.8089348828614675e-07,-4.553285567388407e-08
2744.0,6.6660557074271765e-09,1.7458570907075877e-08,-3.7915022296775014e-07,4.647158252381192e-08,3.792088182982948e-07,-4.68698113130048e-08
2745.0,8.026217135359559e-09,1.8080107991829287e-08,-3.776552101042441e-07,4.777402820501923e-08,3.7774049012567435e-07,-4.817156559952577e-08
2746.0,9.420928634429337e-09,1.8685600648359736e-08,-3.764118317040044e-07,4.90408460780544e-08,3.7652970791572175e-07,-4.943719674996861e-08
2747.0,1.0804360878191588e-08,1.927457452708917e-08,-3.754591647586736e-07,5.0271108676075595e-08,3.7561458786270134e-07,-5.0665815529034156e-08
2748.0,1.2141592523051692e-08,1.98465774747232e-08,-3.7474590708352906e-07,5.146392112653388e-08,3.7494254645859123e-07,-5.1856565914171925e-08
2749.0,1.3347402155750032e-08,2.0401180128691777e-08,-3.740686373432389e-07,5.2618421908585416e-08,3.743066905468495e-07,-5.300862571027707e-08
2750.0,1.4366180939306972e-08,2.0937976445143218e-08,-3.732569012482312e-07,5.373378355979169e-08,3.7353326690431834e-07,-5.4121207113597284e-08
2751.0,1.52118985463634e-08,2.1456584157580184e-08,-3.7226553661895423e-07,5.4809213330964e-08,3.725762091325516e-07,-5.5193557224241873e-08
2752.0,1.5917697104850248e-08,2.1956645163811433e-08,-3.711811533690934e-07,5.5843953788312225e-08,3.715223030956987e-07,-5.62249585069783e-08
2753.0,1.6480143610886344e-08,2.243782583955167e-08,-3.701453165638746e-07,5.683728336234861e-08,3.7051201128655245e-07,-5.721472920027623e-08
2754.0,1.6831520913140885e-08,2.2899817277718867e-08,-3.6930334113005614e-07,5.778851684328078e-08,3.69686702311663e-07,-5.8162223673822574e-08
2755.0,1.6864613081035706e-08,2.3342335453236764e-08,-3.6864706995376473e-07,5.869700582291779e-08,3.6903262370672454e-07,-5.9066832734995735e-08
2756.0,1.6573556402277312e-08,2.3765121313932847e-08,-3.6813551962389113e-07,5.956213908341385e-08,3.685084036770014e-07,-5.992798388506065e-08
2757.0,1.604969084023633e-08,2.416794079890887e-08,-3.6781390833073857e-07,6.03833429334894e-08,3.6816390879280947e-07,-6.074514152612921e-08
2758.0,1.5386968837960424e-08,2.455058478652816e-08,-3.677452665440395e-07,6.116008149308643e-08,3.6806703176944146e-07,-6.151780712021708e-08
2759.0,1.4630983188879121e-08,2.491286897488507e-08,-3.6794168156717433e-07,6.189185692772561e-08,3.68232462859473e-07,-6.224551930200398e-08
2760.0,1.3804822285301555e-08,2.525463369826986e-08,-3.682777269253812e-07,6.257820963411893e-08,3.685363717025151e-07,-6.292785394715955e-08
2761.0,1.2948201774665158e-08,2.5575743683694562e-08,-3.6857793928035676e-07,6.321871837883738e-08,3.6880530534870535e-07,-6.35644241983124e-08
2762.0,1.2080332359443169e-08,2.5876087751985508e-08,-3.6871385006298496e-07,6.381300039202128e-08,3.6891169357745215e-07,-6.415488045090049e-08
2763.0,1.1179056458310299e-08,2.615557846826475e-08,-3.6861913174646155e-07,6.436071141823698e-08,3.687886055626085e-07,-6.46989103012328e-08
2764.0,1.02764739912109e-08,2.6414151746830474e-08,-3.683700844081539e-07,6.486154572662218e-08,3.685133986771206e-07,-6.519623845911041e-08
2765.0,9.457527663792042e-09,2.6651766415501518e-08,-3.680588323562439e-07,6.531523608242911e-08,3.681803211810119e-07,-6.564662662730385e-08
2766.0,8.844177293299005e-09,2.6868403744413776e-08,-3.677359894649346e-07,6.572155368198514e-08,3.678423268463674e-07,-6.604987335008015e-08
2767.0,8.567540121795503e-09,2.7064066944048383e-08,-3.6744057013704534e-07,6.608030805296346e-08,3.675404403958502e-07,-6.640581383283549e-08
2768.0,8.678252477745119e-09,2.723878063694103e-08,-3.6718314827544063e-07,6.63913469217125e-08,3.672856877738795e-07,-6.671431973473617e-08
2769.0,9.100682346607769e-09,2.739259030708354e-08,-3.6700733058170343e-07,6.665455604924324e-08,3.6712014807128415e-07,-6.697529893611618e-08
2770.0,9.755463839522527e-09,2.7525561730507624e-08,-3.670016957835198e-07,6.686985903732883e-08,3.6713133042918507e-07,-6.718869528222972e-08
2771.0,1.0603367003869657e-08,2.7637780389968958e-08,-3.671800036797457e-07,6.703721710603387e-08,3.6733307296522705e-07,-6.735448830481729e-08
2772.0,1.1567669960799165e-08,2.772935087606366e-08,-3.674390269270411e-07,6.715662884386151e-08,3.676210678095215e-07,-6.747269292281073e-08
2773.0,1.2606183499852541e-08,2.780039627654269e-08,-3.676277496866831e-07,6.722812993158085e-08,3.6784382311264446e-07,-6.75433591233726e-08
2774.0,1.3685782895844767e-08,2.7851057555072847e-08,-3.6760727392670667e-07,6.72517928406684e-08,3.6786194217028884e-07,-6.756657162433059e-08
2775.0,1.4798004391303188e-08,2.7881492920248584e-08,-3.6739448522338236e-07,6.722772650716013e-08,3.676923832587767e-07,-6.754244951892197e-08
2776.0,1.5924657897903316e-08,2.789187718530472e-08,-3.6713550555234065e-07,6.715607598156808e-08,3.6748071264535503e-07,-6.747114590360885e-08
2777.0,1.698567744790047e-08,2.788240111872862e-08,-3.66891227260302e-07,6.703702205537407e-08,3.6728420314374355e-07,-6.735284748956904e-08
2778.0,1.7878634780976732e-08,2.7853270785829868e-08,-3.6669268177469405e-07,6.687078086449433e-08,3.6712827247264487e-07,-6.718777419832916e-08
2779.0,1.850296273142593e-08,2.7804706881301116e-08,-3.665991031021054e-07,6.665760347002471e-08,3.6706574618875657e-07,-6.697617874189914e-08
2780.0,1.8830975154204843e-08,2.773694405289478e-08,-3.666693833836998e-07,6.639777541654232e-08,3.67152614502799e-07,-6.671834618770494e-08
2781.0,1.890855062802732e-08,2.7650230216539572e-08,-3.670167492975107e-07,6.60916162682602e-08,3.6750350685641695e-07,-6.641459350860512e-08
2782.0,1.876281181811823e-08,2.7544825863513525e-08,-3.677417272363037e-07,6.573947912340667e-08,3.6822007150352646e-07,-6.606526911831449e-08
2783.0,1.8397265585945455e-08,2.742100336065463e-08,-3.687872574265061e-07,6.534175010732274e-08,3.692458538984614e-07,-6.567075239264057e-08
2784.0,1.783081479689308e-08,2.727904624500125e-08,-3.700322771527098e-07,6.489884784492422e-08,3.704616364634008e-07,-6.523145317705107e-08
2785.0,1.7066263902076884e-08,2.7119248514686907e-08,-3.7129780985911687e-07,6.441122291333878e-08,3.716898182217966e-07,-6.474781128121205e-08
2786.0,1.605541506688457e-08,2.694191391834409e-08,-3.72453468094891e-07,6.387935727567677e-08,3.7279935923882963e-07,-6.422029596124506e-08
2787.0,1.4773038556348261e-08,2.6747355245676475e-08,-3.734550399758785e-07,6.330376369700794e-08,3.737471197903368e-07,-6.364940539052638e-08
2788.0,1.3286133068723949e-08,2.6535893622216638e-08,-3.743671931899506e-07,6.268498514367936e-08,3.746028786179327e-07,-6.30356661198799e-08
2789.0,1.1702973895522106e-08,2.630785781157446e-08,-3.7523103685321857e-07,6.20235941671244e-08,3.754134928528019e-07,-6.237963252799872e-08
2790.0,1.0155187676885724e-08,2.606358352867747e-08,-3.7603639596595073e-07,6.132019227328491e-08,3.761734957806226e-07,-6.168188626287815e-08
2791.0,8.792599773266296e-09,2.5803412767587125e-08,-3.7681820785895326e-07,6.057540927871418e-08,3.7692077627109673e-07,-6.09430356749671e-08
2792.0,7.693202033753899e-09,2.5527693147429737e-08,-3.7764013238739125e-07,5.97899026543583e-08,3.777184863719256e-07,-6.016371524266219e-08
2793.0,6.880118821883663e-09,2.523677727980122e-08,-3.786292680774128e-07,5.8964356857942797e-08,3.7869177265929686e-07,-5.934458499068866e-08
2794.0,6.379446595983218e-09,2.493102216069718e-08,-3.79929453814265e-07,5.8099482655825e-08,3.79983009112877e-07,-5.848632990184329e-08
2795.0,6.17701249872038e-09,2.4610788589601675e-08,-3.814936943569158e-07,5.719601643511728e-08,3.8154369909290505e-07,-5.758965932251872e-08
2796.0,6.1959096325781005e-09,2.4276440617864606e-08,-3.831224934525146e-07,5.6254719506835925e-08,3.831725907283129e-07,-5.665530636238274e-08
2797.0,6.390134407729953e-09,2.3928345027940356e-08,-3.846249696792814e-07,5.527637740077528e-08,3.8467804865697367e-07,-5.568402728853652e-08
2798.0,6.744013028581186e-09,2.356687084448121e-08,-3.8594097021005247e-07,5.4261799152731725e-08,3.859998888580232e-07,-5.467660091440747e-08
2799.0,7.218591266400232e-09,2.3192388877709246e-08,-3.870710709175107e-07,5.321181658459427e-08,3.8713837577938455e-07,-5.363382798353317e-08
2800.0,7.765840304152505e-09,2.2805271298956654e-08,-3.88058269351621e-07,5.2127283577677445e-08,3.881359667536685e-07,-5.25565305482597e-08
2801.0,8.299861645189033e-09,2.2405891247790225e-08,-3.889394037392968e-07,5.10090753395058e-08,3.890279520605287e-07,-5.144555134321934e-08
2802.0,8.721556352120352e-09,2.1994622469739222e-08,-3.8972395141612104e-07,4.985808766408579e-08,3.898215282056627e-07,-5.030175315328703e-08
2803.0,8.962351985553063e-09,2.1571838983340643e-08,-3.9048184180545675e-07,4.8675236185539324e-08,3.9058468036124344e-07,-4.912601817555992e-08
2804.0,9.011132978686831e-09,2.1137914775009348e-08,-3.913381781683878e-07,4.746145562484249e-08,3.914419116672516e-07,-4.791924737478023e-08
2805.0,8.895571779188316e-09,2.0693223520132294e-08,-3.924430346247121e-07,4.621769902932854e-08,3.9254384038312417e-07,-4.668235983154193e-08
2806.0,8.62623143749186e-09,2.023813832876858e-08,-3.9389485093077603e-07,4.4944937004585485e-08,3.939892961218508e-07,-4.541629208259744e-08
2807.0,8.19836816490227e-09,1.977303151439682e-08,-3.956177685171536e-07,4.364415693840725e-08,3.9570270659556956e-07,-4.4121997452613444e-08
2808.0,7.631612203296001e-09,1.9298274384272378e-08,-3.9748818939089325e-07,4.231636221653607e-08,3.975614445718701e-07,-4.2800445376807e-08
2809.0,6.90328873231838e-09,1.881423705012242e-08,-3.9940111179470605e-07,4.0962571430044226e-08,3.9946076590595105e-07,-4.1452620714008016e-08
2810.0,5.963295343636155e-09,1.832128825810033e-08,-4.012315390766741e-07,3.958381757432392e-08,4.01275851305797e-07,-4.007952304981967e-08
2811.0,4.829269067974096e-09,1.7819795237126616e-08,-4.029934289884185e-07,3.8181147239765534e-08,4.0302236370650003e-07,-3.8682165989665326e-08
2812.0,3.555459981985365e-09,1.7310123564944334e-08,-4.047099793347275e-07,3.6755619794293515e-08,4.047255967551337e-07,-3.726157644160684e-08
2813.0,2.208568161687907e-09,1.6792637051396302e-08,-4.063388376884802e-07,3.5308306557992456e-08,4.0634483974495097e-07,-3.581879388889054e-08
2814.0,8.988961797129491e-10,1.626769763857036e-08,-4.0790579738936295e-07,3.384028997009706e-08,4.079067878304968e-07,-3.435486965222885e-08
2815.0,-3.0005781193054304e-10,1.5735665317542033e-08,-4.09435656489876e-07,3.2352662748646275e-08,4.0943576643960437e-07,-3.287086614186303e-08
2816.0,-1.3534072335064096e-09,1.5196898061459064e-08,-4.110110072008677e-07,3.084652704312205e-08,4.1101323549420085e-07,-3.1367856099486124e-08
2817.0,-2.2300494784133207e-09,1.4651751774654517e-08,-4.1276358925257384e-07,2.9322993580416488e-08,4.1276961338420206e-07,-2.98469218301421e-08
2818.0,-2.9196067646841684e-09,1.4100580257347747e-08,-4.1472196535274897e-07,2.7783180804502707e-08,4.147322421149664e-07,-2.830915442426361e-08
2819.0,-3.448013041751352e-09,1.3543735185304556e-08,-4.168151266081832e-07,2.6228214010227695e-08,4.1682938783551707e-07,-2.6755652970068695e-08
2820.0,-3.8374213390257594e-09,1.2981566103595009e-08,-4.1890371718644737e-07,2.4659224471694008e-08,4.189212934134004e-07,-2.518752375660044e-08
2821.0,-4.102268344463589e-09,1.2414420433326794e-08,-4.2088965462871997e-07,2.3077348565742852e-08,4.209096458612622e-07,-2.3605879467754262e-08
2822.0,-4.2598921057290795e-09,1.184264348996259e-08,-4.227455295824356e-07,2.1483726891080994e-08,4.2276699192662425e-07,-2.2011838367682348e-08
2823.0,-4.315000412535852e-09,1.1266578511569501e-08,-4.2450074475008925e-07,1.9879503383602012e-08,4.245226749208346e-07,-2.0406523477987613e-08
2824.0,-4.3045093739424445e-09,1.0686566695113383e-08,-4.26141904819044e-07,1.8265824428437315e-08,4.261636444416083e-07,-1.8791061747119123e-08
2825.0,-4.28996535517534e-09,1.01029472387153e-08,-4.276345488551936e-07,1.6643837969241644e-08,4.276560664568358e-07,-1.716658321236509e-08
2826.0,-4.3250426018381916e-09,9.516057387643691e-09,-4.2901294852737415e-07,1.5014692615182063e-08,4.2903474917267375e-07,-1.553422015481885e-08
2827.0,-4.428076239015866e-09,8.926232481733701e-09,-4.30363311598736e-07,1.3379536746072014e-08,4.303860915845321e-07,-1.3895106247681068e-08
2828.0,-4.613527032626408e-09,8.333806001910302e-09,-4.3178881445338213e-07,1.1739517616086045e-08,4.318134607891908e-07,-1.2250375698271214e-08
2829.0,-4.876468367998044e-09,7.739109613545932e-09,-4.3339088412475135e-07,1.009578045651818e-08,4.334183180094927e-07,-1.0601162384165022e-08
2830.0,-5.205947645192666e-09,7.142473204503454e-09,-4.3522783271798815e-07,8.44946757811628e-09,4.352589668958947e-07,-8.948598983960496e-09
2831.0,-5.594388632901293e-09,6.544224915895407e-09,-4.3725428316987447e-07,6.801717473636711e-09,4.372900700159754e-07,-7.293816103304256e-09
2832.0,-6.071864011580885e-09,5.944691163823557e-09,-4.3934190335770396e-07,5.153663921412334e-09,4.3938385903278836e-07,-5.637941396976096e-09
2833.0,-6.6829111133870356e-09,5.3441966506403e-09,-4.414242412154046e-07,3.506435090897534e-09,4.414748260473581e-07,-3.98209868801839e-09
2834.0,-7.46713471611038e-09,4.743064364587389e-09,-4.434986601298263e-07,1.8611526513305621e-09,4.435615173094029e-07,-2.327407085091483e-09
2835.0,-8.435463424993905e-09,4.14161556700826e-09,-4.455567878536293e-07,2.18930884820754e-10,4.456366325221014e-07,-6.749800994218964e-10
2836.0,-9.54841512801341e-09,3.540169766686434e-09,-4.476173499357028e-07,-1.4191241946830857e-09,4.4771918006147366e-07,9.74075237122579e-10
2837.0,-1.0756239746112506e-08,2.939044681219669e-09,-4.496332831616101e-07,-3.0519157149615642e-09,4.4976192148754047e-07,2.618659251153543e-09
2838.0,-1.2010831954012424e-08,2.3385561856813426e-09,-4.5153333769198944e-07,-4.678356809947782e-09,4.516930541103059e-07,4.257680502281748e-09
2839.0,-1.3237073520633302e-08,1.7390182491303552e-09,-4.5336911921878276e-07,-6.297371473244116e-09,4.5356232027870824e-07,5.890056651145247e-09
2840.0,-1.4376472387556127e-08,1.1407428597941386e-09,-4.552081921960216e-07,-7.907895398915821e-09,4.5543515586818755e-07,7.514715318983319e-09
2841.0,-1.5414113388456663e-08,5.440399399565377e-10,-4.5715082633290827e-07,-9.508876807705354e-09,4.574106173979929e-07,9.1305949367408e-09
2842.0,-1.638500597700432e-08,-5.078274827150535e-11,-4.591933996378472e-07,-1.1099277256785257e-08,4.594856327371185e-07,1.0736645581649402e-08
2843.0,-1.729444261411306e-08,-6.434197050340948e-10,-4.612549955318457e-07,-1.2678072431150734e-08,4.6157910334894476e-07,1.2331829799206972e-08
2844.0,-1.8111786306840294e-08,-1.2335678013692445e-09,-4.6331823083667345e-07,-1.4244252914748628e-08,4.636721037854765e-07,1.391512340846378e-08
2845.0,-1.8825471417849293e-08,-1.8209263931237641e-09,-4.65351590012153e-07,-1.5796824939452328e-08,4.6573221995149014e-07,1.5485516288532663e-08
2846.0,-1.9436626086388742e-08,-2.4051974389180793e-09,-4.672769984837011e-07,-1.7334811110028222e-08,4.6768106199156583e-07,1.704201314427325e-08
2847.0,-1.9934697198520368e-08,-2.9860856210203015e-09,-4.691122364730571e-07,-1.8857251103303975e-08,4.6953560308154497e-07,1.8583634249163885e-08
2848.0,-2.035751771323202e-08,-3.563298468095686e-09,-4.708344150672339e-07,-2.0363202339842178e-08,4.712743096532516e-07,2.0109416163468798e-08
2849.0,-2.0733168348829878e-08,-4.136546478916211e-09,-4.724243970744002e-07,-2.1851740626542535e-08,4.728791338396012e-07,2.1618412425929016e-08
2850.0,-2.1063416455469053e-08,-4.705543246234752e-09,-4.7393362356817903e-07,-2.3321960768734763e-08,4.744014619088362e-07,2.3109694217347183e-08
2851.0,-2.1437296202075906e-08,-5.270005580139667e-09,-4.753928364575888e-07,-2.4772977150474823e-08,4.758759361678706e-07,2.458235099458964e-08
2852.0,-2.1915271861128183e-08,-5.829653630301195e-09,-4.7680978862429946e-07,-2.6203924281909198e-08,4.773131610051166e-07,2.603549109368402e-08
2853.0,-2.2408711372601253e-08,-6.3842110065956335e-09,-4.783416091558301e-07,-2.7613957312716922e-08,4.788662082410592e-07,2.7468242300838094e-08
2854.0,-2.2899832100020667e-08,-6.9334048976458605e-09,-4.799845292613458e-07,-2.9002252510770242e-08,4.805304887730277e-07,2.8879752390339316e-08
2855.0,-2.341170830810757e-08,-7.476966186849579e-09,-4.816497216619808e-07,-3.036800770526957e-08,4.822183763223541e-07,3.026918962841065e-08
2856.0,-2.3915684571607088e-08,-8.0146295654837e-09,-4.833301195106277e-07,-3.171044269370827e-08,4.839214444459825e-07,3.1635743242200515e-08
2857.0,-2.4451565203142955e-08,-8.54613364247843e-09,-4.850048406501717e-07,-3.3028799612114715e-08,4.856208134903013e-07,3.2978623853178233e-08
2858.0,-2.5083094767897052e-08,-9.071221050450545e-09,-4.866234089295762e-07,-3.432234326811064e-08,4.872694365147242e-07,3.42970638742992e-08
2859.0,-2.578670464659094e-08,-9.58963854757418e-09,-4.882580199871978e-07,-3.5590361436422016e-08,4.889384912423539e-07,3.559031787040355e-08
2860.0,-2.6535948730033176e-08,-1.010113711485227e-08,-4.898670232511559e-07,-3.683216511658675e-08,4.905852189415734e-07,3.6857662881422045e-08
2861.0,-2.7347742820316157e-08,-1.06054720483377e-08,-4.913222296232256e-07,-3.804708875272344e-08,4.920827495038855e-07,3.809839870808505e-08
2862.0,-2.8137531207783617e-08,-1.110240304584627e-08,-4.926648514425036e-07,-3.923449041535797e-08,4.934677056397238e-07,3.931184815996612e-08
2863.0,-2.884496461130759e-08,-1.1591694287711253e-08,-4.939362334699382e-07,-4.039375194544848e-08,4.947777629581759e-07,4.0497357265839815e-08
2864.0,-2.9477621413254163e-08,-1.2073114511157054e-08,-4.951857466573006e-07,-4.152427906090064e-08,4.960623487594392e-07,4.165429544648998e-08
2865.0,-3.006451873566185e-08,-1.2546437077920388e-08,-4.964669798324106e-07,-4.2625501426018374e-08,4.973764543589918e-07,4.2782055650265334e-08
2866.0,-3.0637144557421614e-08,-1.3011440034820753e-08,-4.977364002345386e-07,-4.369687268448364e-08,4.986784121506255e-07,4.388005445183552e-08
2867.0,-3.1172419007186036e-08,-1.346790616707404e-08,-4.989508137209775e-07,-4.473787045659818e-08,4.999236283869618e-07,4.494773211475072e-08
2868.0,-3.1641272157934e-08,-1.3915623044249146e-08,-5.001325823206226e-07,-4.5747996301650177e-08,5.011324874745867e-07,4.598455261854843e-08
2869.0,-3.203445181343412e-08,-1.4354383058882865e-08,-5.012585926056357e-07,-4.6726775646389725e-08,5.022811789864018e-07,4.699000365128381e-08
2870.0,-3.232821699228339e-08,-1.4783983457889193e-08,-5.023646173496488e-07,-4.76737576807098e-08,5.034037369535105e-07,4.7963596568484815e-08
2871.0,-3.254156118182028e-08,-1.5204226367021008e-08,-5.03461906276037e-07,-4.858851522173426e-08,5.045124817834057e-07,4.890486631965088e-08
2872.0,-3.272833663803265e-08,-1.561491880875935e-08,-5.045138120607362e-07,-4.947064454761035e-08,5.05574258224396e-07,4.9813371343521736e-08
2873.0,-3.2918605105680676e-08,-1.6015872714111033e-08,-5.0549440780423e-07,-5.031976520238902e-08,5.065651299521642e-07,5.068869343344079e-08
2874.0,-3.312661001064754e-08,-1.640690492888253e-08,-5.064333559456902e-07,-5.113551977345297e-08,5.075156315870592e-07,5.153043757422438e-08
2875.0,-3.3391480261379947e-08,-1.6787837215061135e-08,-5.072832323926857e-07,-5.1917573643018353e-08,5.083810272038264e-07,5.2338231752023286e-08
2876.0,-3.367273178345176e-08,-1.7158496247970794e-08,-5.081069400503235e-07,-5.266561471529085e-08,5.092214797051115e-07,5.311172673872502e-08
2877.0,-3.391646158368289e-08,-1.751871360987997e-08,-5.089798468527196e-07,-5.3379353120898635e-08,5.101086265380887e-07,5.385059585249242e-08
2878.0,-3.415546137586212e-08,-1.7868325780724726e-08,-5.098615304399701e-07,-5.4058520900250976e-08,5.110042815519127e-07,5.455453469606455e-08
2879.0,-3.44275142560857e-08,-1.8207174126574878e-08,-5.107722951536164e-07,-5.4702871667481145e-08,5.119312368222377e-07,5.5223260874457916e-08
2880.0,-3.4767046463990425e-08,-1.8535104886417038e-08,-5.116847153485704e-07,-5.531218025662744e-08,5.128645000788969e-07,5.585651369370228e-08
2881.0,-3.520670981138618e-08,-1.8851969157757507e-08,-5.12538636837645e-07,-5.588624235168983e-08,5.137464030697778e-07,5.645405384222863e-08
2882.0,-3.569732434649531e-08,-1.9157622881462567e-08,-5.134123202688023e-07,-5.6424874102177614e-08,5.146518333488128e-07,5.701566305650339e-08
2883.0,-3.6213022344688817e-08,-1.9451926826159095e-08,-5.143082581759995e-07,-5.69279117257395e-08,5.155815817262748e-07,5.754114377247657e-08
2884.0,-3.6767410588334215e-08,-1.9734746572420782e-08,-5.15151772711997e-07,-5.7395211099445867e-08,5.164621877830788e-07,5.8030318764387055e-08
2885.0,-3.733958067742016e-08,-2.0005952496873056e-08,-5.158839073149402e-07,-5.7826647341276366e-08,5.172334580358229e-07,5.8483030772449226e-08
2886.0,-3.7893447032977257e-08,-2.0265419756269864e-08,-5.165433399623165e-07,-5.822211438335755e-08,5.179314002717603e-07,5.889914212093411e-08
2887.0,-3.8445787331475856e-08,-2.0513028271533605e-08,-5.170992133929353e-07,-5.858152453849554e-08,5.185264458589644e-07,5.927853432815773e-08
2888.0,-3.90084902296417e-08,-2.0748662711709873e-08,-5.175948526725538e-07,-5.890480806155755e-08,5.190627070240345e-07,5.962110770989828e-08
2889.0,-3.954250787918667e-08,-2.0972212477774303e-08,-5.181043511159888e-07,-5.919191270727005e-08,5.196111320734914e-07,5.992678097777915e-08
2890.0,-4.001182246637924e-08,-2.1183571686240983e-08,-5.186063915529893e-07,-5.9442803286015e-08,5.201476091425332e-07,6.019549083417253e-08
2891.0,-4.037453639471611e-08,-2.138263915256175e-08,-5.190854091841057e-07,-5.965746121921703e-08,5.206532101283144e-07,6.042719156519394e-08
2892.0,-4.06229780369749e-08,-2.1569318374372338e-08,-5.195055830242712e-07,-5.983588409592052e-08,5.210914287704035e-07,6.062185463337198e-08
2893.0,-4.0768350140218956e-08,-2.174351751473231e-08,-5.198186133203997e-07,-5.997808523215757e-08,5.214148531903351e-07,6.077946827158806e-08
2894.0,-4.083196229742736e-08,-2.190514938561526e-08,-5.200643350689038e-07,-6.008409323470782e-08,5.216647982715717e-07,6.090003707989024e-08
2895.0,-4.081877755246488e-08,-2.205413143202611e-08,-5.202525999725705e-07,-6.015395157084743e-08,5.218514543230641e-07,6.098358162679255e-08
2896.0,-4.073358601808241e-08,-2.2190385717243974e-08,-5.203703290768136e-07,-6.01877181456767e-08,5.219621676073887e-07,6.103013805667373e-08
2897.0,-4.058352387481534e-08,-2.2313838909803206e-08,-5.204129010782932e-07,-6.018546488859977e-08,5.21992921425974e-07,6.103975770488262e-08
2898.0,-4.0379509472221464e-08,-2.2424422272923265e-08,-5.203960562194521e-07,-6.014727735050206e-08,5.219603051133068e-07,6.101250672213802e-08
2899.0,-4.012441036371772e-08,-2.2522071657173147e-08,-5.203573533452133e-07,-6.007325431312778e-08,5.219020439579359e-07,6.094846570977392e-08
2900.0,-3.983232056692376e-08,-2.2606727497201353e-08,-5.203768754236116e-07,-5.996350741209829e-08,5.218991341604114e-07,6.084772936732345e-08
2901.0,-3.9548129285305045e-08,-2.2678334813372914e-08,-5.204311603335121e-07,-5.98181607749302e-08,5.219316499083506e-07,6.071040615385338e-08
2902.0,-3.93215388583279e-08,-2.273684321912593e-08,-5.205253731654924e-07,-5.963735067530915e-08,5.220084745741798e-07,6.053661796435698e-08
2903.0,-3.917103962025603e-08,-2.2782206934788887e-08,-5.205727607038302e-07,-5.9421225204754176e-08,5.22044413370873e-07,6.03264998223856e-08
2904.0,-3.911477926277218e-08,-2.28143848084862e-08,-5.20550384741636e-07,-5.916994396267449e-08,5.220178818885811e-07,6.008019958995801e-08
2905.0,-3.917180317614122e-08,-2.2833340344605745e-08,-5.205229351434859e-07,-5.88836777656798e-08,5.219947855816761e-07,5.979787769563366e-08
2906.0,-3.935731213156046e-08,-2.2839041740115125e-08,-5.204522482149532e-07,-5.856260837686392e-08,5.21938253714192e-07,5.9479706881479924e-08
2907.0,-3.9641608856610944e-08,-2.2831461928801904e-08,-5.20376691681701e-07,-5.820692825563951e-08,5.218844301167957e-07,5.9125871969504784e-08
2908.0,-4.000065946530018e-08,-2.2810578633289298e-08,-5.202760058053979e-07,-5.7816840328562005e-08,5.218114362243102e-07,5.87365696479692e-08
2909.0,-4.039599886540568e-08,-2.277637442445477e-08,-5.201359604134481e-07,-5.739255778144279e-08,5.217022657029141e-07,5.831200827783731e-08
2910.0,-4.0792577815640385e-08,-2.2728836787668615e-08,-5.199463713190244e-07,-5.693430387291744e-08,5.21544114579645e-07,5.785240771947177e-08
2911.0,-4.1179410881220235e-08,-2.2667958195083478e-08,-5.196860568268402e-07,-5.6442311769504855e-08,5.213150118121999e-07,5.7357999179536613e-08
2912.0,-4.1539261655398896e-08,-2.259373618305373e-08,-5.193783134405106e-07,-5.591682440206894e-08,5.210367959474502e-07,5.682902507793312e-08
2913.0,-4.18542442787162e-08,-2.2506173433651155e-08,-5.190915558506148e-07,-5.535809434347554e-08,5.207761718046961e-07,5.6265738934466313e-08
2914.0,-4.2112158454843396e-08,-2.240527785917384e-08,-5.187986719668025e-07,-5.4766383707123064e-08,5.205050392880398e-07,5.5668405274818966e-08
2915.0,-4.2289553983665407e-08,-2.2291062688519288e-08,-5.184478858444308e-07,-5.414196406591451e-08,5.201697960403865e-07,5.5037299555297136e-08
2916.0,-4.2330528179923554e-08,-2.2163546554308988e-08,-5.180399498538879e-07,-5.348511639113212e-08,5.197665468848587e-07,5.437270810570543e-08
2917.0,-4.220940970356413e-08,-2.202275357970674e-08,-5.175795611267464e-07,-5.2796131010574634e-08,5.192978301164745e-07,5.3674928089613e-08
2918.0,-4.1950999396522803e-08,-2.1868713463961086e-08,-5.170987001923422e-07,-5.207530758522196e-08,5.187976022409672e-07,5.294426748118299e-08
2919.0,-4.1574574727309965e-08,-2.1701461565814768e-08,-5.165965683007201e-07,-5.132295510360367e-08,5.182667842374593e-07,5.2181045057658565e-08
2920.0,-4.1114521898144574e-08,-2.1521038984049824e-08,-5.160948073346106e-07,-5.0539391892964343e-08,5.177299045531964e-07,5.138559040652515e-08
2921.0,-4.062535020887825e-08,-2.1327492634563108e-08,-5.155590702687896e-07,-4.97249456462403e-08,5.171572043547424e-07,5.0558243946300434e-08
2922.0,-4.014223999038169e-08,-2.1120875323481493e-08,-5.149565506235021e-07,-4.887995346378882e-08,5.165187784209795e-07,4.969935695983944e-08
2923.0,-3.967501041590715e-08,-2.090124581591879e-08,-5.143135295981871e-07,-4.800476190874333e-08,5.15841558212643e-07,4.880929163898226e-08
2924.0,-3.9242683255724664e-08,-2.0668668900040403e-08,-5.136338024902543e-07,-4.709972707480757e-08,5.1513073219301e-07,4.788842113931733e-08
2925.0,-3.883311411323476e-08,-2.0423215446134622e-08,-5.129192614250488e-07,-4.616521466524766e-08,5.143871883052192e-07,4.693712964378257e-08
2926.0,-3.843832560579408e-08,-2.0164962460390706e-08,-5.121999783197495e-07,-4.5201600081793454e-08,5.13640265814635e-07,4.595581243377976e-08
2927.0,-3.809040388658147e-08,-1.989399313305676e-08,-5.114563560726371e-07,-4.420926852211697e-08,5.128727747066937e-07,4.494487596643402e-08
2928.0,-3.783051941153026e-08,-1.9610396880597675e-08,-5.106932625953409e-07,-4.3188615084517196e-08,5.120925274393485e-07,4.390473795658866e-08
2929.0,-3.767477051164203e-08,-1.9314269381400235e-08,-5.099156030752283e-07,-4.2140044878406015e-08,5.113054963450703e-07,4.2835827462087424e-08
2930.0,-3.762448433364263e-08,-1.9005712604483867e-08,-5.091395581524605e-07,-4.1063973139161105e-08,5.105278557503549e-07,4.173858497086277e-08
2931.0,-3.7652406401078586e-08,-1.8684834830578847e-08,-5.083774193836987e-07,-3.996082534588876e-08,5.097698541960098e-07,4.061346248832069e-08
2932.0,-3.771321033241293e-08,-1.835175066483849e-08,-5.076097626954823e-07,-3.8831037340625076e-08,5.090087989586631e-07,3.946092362349359e-08
2933.0,-3.778607306215154e-08,-1.8006581040368683e-08,-5.067946977632687e-07,-3.767505544749882e-08,5.082013901972535e-07,3.828144367242439e-08
2934.0,-3.785684549173496e-08,-1.7649453211697175e-08,-5.059270342389066e-07,-3.649333659038683e-08,5.073414084463842e-07,3.7075509697250556e-08
2935.0,-3.789884532590104e-08,-1.7280500737275183e-08,-5.050536237838354e-07,-3.528634840761444e-08,5.064735781600266e-07,3.5843620599480075e-08
2936.0,-3.7946899733576345e-08,-1.6899863450110802e-08,-5.041536615679743e-07,-3.4054569362290836e-08,5.055797480831146e-07,3.458628718599252e-08
2937.0,-3.799183055652744e-08,-1.6507687415680884e-08,-5.032423071593684e-07,-3.279848884692239e-08,5.046743493621604e-07,3.330403222635874e-08
2938.0,-3.8018203502021564e-08,-1.610412487635672e-08,-5.023217961586113e-07,-3.151860728101453e-08,5.037584447863227e-07,3.1997390500151214e-08
2939.0,-3.7986586903793196e-08,-1.5689334181709673e-08,-5.013565025913103e-07,-3.0215436200456014e-08,5.027935197227485e-07,3.066690883301388e-08
2940.0,-3.7854873416454105e-08,-1.5263479704235504e-08,-5.003581627083253e-07,-2.8889498337576817e-08,5.017880851816101e-07,2.9313146120375044e-08
2941.0,-3.7585830697794975e-08,-1.4826731740249942e-08,-4.993168923883573e-07,-2.7541327690884147e-08,5.007295214920024e-07,2.7936673337820763e-08
2942.0,-3.719173746752347e-08,-1.4379266395959249e-08,-4.982235217720898e-07,-2.6171469583609017e-08,4.99609750688312e-07,2.6538073537297274e-08
2943.0,-3.6678116724364607e-08,-1.392126545899311e-08,-4.971029785305614e-07,-2.4780480710337793e-08,4.984542662174755e-07,2.511794182847888e-08
2944.0,-3.607285245510461e-08,-1.3452916255993195e-08,-4.959322500719399e-07,-2.3368929171157482e-08,4.972424432263046e-07,2.3676885344819636e-08
2945.0,-3.540584100902855e-08,-1.2974411497168426e-08,-4.946679617867655e-07,-2.193739449290731e-08,4.959334289960997e-07,2.221552319399938e-08
2946.0,-3.468730674915932e-08,-1.2485949109045136e-08,-4.933080736679862e-07,-2.048646763730044e-08,4.945261012277609e-07,2.0734486392674437e-08
2947.0,-3.3896908183117525e-08,-1.1987732056946151e-08,-4.918659166353034e-07,-1.9016750995854268e-08,4.930325347599913e-07,1.9234417785645544e-08
2948.0,-3.3031850865672396e-08,-1.1479968159017604e-08,-4.903370502407078e-07,-1.7528858371741742e-08,4.914483960807793e-07,1.771597194975533e-08
2949.0,-3.206878114447864e-08,-1.096286989387864e-08,-4.887492649485736e-07,-1.6023414948842784e-08,4.898002150998543e-07,1.6179815083018514e-08
2950.0,-3.100985757065189e-08,-1.0436654204189708e-08,-4.87140694088728e-07,-1.4501057248427169e-08,4.881266916526895e-07,1.462662487966168e-08
2951.0,-2.9900483769496056e-08,-9.901542298613046e-09,-4.8550560366456e-07,-1.2962433074031846e-08,4.864254620384696e-07,1.3057090391899312e-08
2952.0,-2.8793881862165804e-08,-9.357759454766506e-09,-4.838628380465781e-07,-1.1408201445199602e-08,4.847188191881779e-07,1.147191187939198e-08
2953.0,-2.7722861409285038e-08,-8.805534825841184e-09,-4.822489444444855e-07,-9.839032520818985e-09,4.830451339808103e-07,9.87180064741677e-09
2954.0,-2.6706079417349038e-08,-8.245101253558311e-09,-4.806736516316246e-07,-8.255607512844916e-09,4.814149707380589e-07,8.257478874826341e-09
2955.0,-2.5755728827459023e-08,-7.676695090077946e-09,-4.791469245257751e-07,-6.658618591185041e-09,4.798386529344447e-07,6.62967943288162e-09
2956.0,-2.487039282850212e-08,-7.100556031341265e-09,-4.77658700065442e-07,-5.048768780510283e-09,4.783057287840612e-07,4.9891456960151825e-09
2957.0,-2.406162404045009e-08,-6.516926964133755e-09,-4.7619913084995247e-07,-3.426771849693432e-09,4.768066421241572e-07,3.3366313455223906e-09
2958.0,-2.3375325328145458e-08,-5.926053828904078e-09,-4.747304079011361e-07,-1.7933521945005754e-09,4.753055501676534e-07,1.6729001670901594e-09
2959.0,-2.283313475792692e-08,-5.328185500071155e-09,-4.7327538671426694e-07,-1.4924471406367064e-10,4.738258580031408e-07,-1.2741570347054238e-12
2960.0,-2.243679317337488e-08,-4.7235736852094395e-09,-4.7185504506441767e-07,1.5048053184472295e-09,4.7238818067416594e-07,-1.685108260559009e-09
2961.0,-2.2185098300098183e-08,-4.112472844130808e-09,-4.7045213627527893e-07,3.1680423906523513e-09,4.7097493681995293e-07,-3.377809309793534e-09
2962.0,-2.203716710502679e-08,-3.4951401284947525e-09,-4.690769243587134e-07,4.8397008911156315e-09,4.695942905315662e-07,-5.07857522403547e-09
2963.0,-2.195002500593457e-08,-2.8718353421917637e-09,-4.6772825640362115e-07,6.519005254773991e-09,4.682430196341775e-07,-6.786594899420535e-09
2964.0,-2.188784195555904e-08,-2.2428209223737824e-09,-4.664227406525612e-07,8.205170113718355e-09,4.669360241224893e-07,-8.50104843612277e-09
2965.0,-2.1830423427293688e-08,-1.6083619406648075e-09,-4.6515296359128655e-07,9.897400453521675e-09,4.656649513596355e-07,-1.0221107368913683e-08
2966.0,-2.1770101402140973e-08,-9.687261237859927e-10,-4.638876397733416e-07,1.1594891775419505e-08,4.643981908336218e-07,-1.1945934901214801e-08
2967.0,-2.1695564039747595e-08,-3.2418389258136203e-10,-4.6262816968956066e-07,1.329683026474459e-08,4.6313661147583197e-07,-1.3674686142884338e-08
2968.0,-2.1574527678258626e-08,3.249915817623349e-10,-4.612880732390856e-07,1.5002392966095383e-08,4.617923199417331e-07,-1.540650835206479e-08
2969.0,-2.135828533478268e-08,9.785243056425573e-10,-4.598498941910112e-07,1.6710747965774984e-08,4.6034563269344285e-07,-1.7140541181480912e-08
2970.0,-2.1001981709289907e-08,1.6361353765317332e-09,-4.5834705408864806e-07,1.8421054582071566e-08,4.5882796909894174e-07,-1.887591692961577e-08
2971.0,-2.0481427540075536e-08,2.2975428834689e-09,-4.567939302368984e-07,2.0132463563965088e-08,4.5725286612043423e-07,-2.0611760797207702e-08
2972.0,-1.978886682296732e-08,2.962461795958806e-09,-4.551598658808498e-07,2.1844117298842648e-08,4.5558984049121454e-07,-2.2347191149508786e-08
2973.0,-1.890925217795658e-08,3.6306038426134523e-09,-4.534789891097457e-07,2.355515002979322e-08,4.538730586650043e-07,-2.408131978473243e-08
2974.0,-1.7875222579899486e-08,4.301677380771358e-09,-4.5180868057936863e-07,2.526468808303793e-08,4.52162147275898e-07,-2.5813252209101447e-08
2975.0,-1.6747206621481325e-08,4.975387258217803e-09,-4.5013990160325257e-07,2.697185010604213e-08,4.5045132916332756e-07,-2.754208791889654e-08
2976.0,-1.5552424445508528e-08,5.651434668021948e-09,-4.4853554720392097e-07,2.8675747316854393e-08,4.488050969091751e-07,-2.9266920689903618e-08
2977.0,-1.4338958492787768e-08,6.3295169974205805e-09,-4.470075357365655e-07,3.037548376522985e-08,4.4723745676758195e-07,-3.0986838874671605e-08
2978.0,-1.3150211961021618e-08,7.009327671627654e-09,-4.4548586577985994e-07,3.207015660612127e-08,4.456799128121562e-07,-3.270092570802182e-08
2979.0,-1.2011798958266873e-08,7.690555993444134e-09,-4.4399337337241995e-07,3.375885638615922e-08,4.4415582728681486e-07,-3.440825962129377e-08
2980.0,-1.0962486057808363e-08,8.372886979590285e-09,-4.4252477782169564e-07,3.5440667343789394e-08,4.4266054159672817e-07,-3.61079145658669e-08
2981.0,-1.004931952930388e-08,9.056001194784428e-09,-4.4108349700477945e-07,3.7114667723785804e-08,4.4119796027743295e-07,-3.7798960346559395e-08
2982.0,-9.299436484755397e-09,9.739574584745722e-09,-4.3966667839789864e-07,3.8779930106910584e-08,4.397650140840847e-07,-3.9480462965569804e-08
2983.0,-8.725309211254917e-09,1.0423278309497674e-08,-4.382362126520434e-07,4.043552175554122e-08,4.383230647598173e-07,-4.1151484977692006e-08
2984.0,-8.339376286747857e-09,1.1106778578583239e-08,-4.3681919634219746e-07,4.2080504976132196e-08,4.368987931888748e-07,-4.28110858575958e-08
2985.0,-8.129092621267375e-09,1.1789736490057958e-08,-4.354305080944698e-07,4.371393749941918e-08,4.355063828765926e-07,-4.445832238002346e-08
2986.0,-8.030077713883088e-09,1.2471807875387576e-08,-4.3407694919062045e-07,4.533487287930795e-08,4.3415121785701293e-07,-4.6092249013803424e-08
2987.0,-7.957510025913273e-09,1.3152643152623271e-08,-4.327989707175739e-07,4.694236091141783e-08,4.328721185523548e-07,-4.771191833062747e-08
2988.0,-7.884781216827008e-09,1.3831887190442446e-08,-4.3154012294155386e-07,4.853544807226901e-08,4.316121493693715e-07,-4.931638142957317e-08
2989.0,-7.805228144364129e-09,1.4509179185811075e-08,-4.303569056951506e-07,5.011317798011303e-08,4.304276801808758e-07,-5.090468837837968e-08
2990.0,-7.720322173221383e-09,1.5184152558133492e-08,-4.293219807993687e-07,5.1674591878402696e-08,4.293913908917502e-07,-5.247588867249709e-08
2991.0,-7.63672756975975e-09,1.5856434862801e-08,-4.28277271424804e-07,5.3218729142879124e-08,4.283453522883725e-07,-5.402903171292461e-08
2992.0,-7.507818880481132e-09,1.652564772702972e-08,-4.2718121029405864e-07,5.474462781321265e-08,4.272471811172531e-07,-5.556316730382581e-08
2993.0,-7.277374355907362e-09,1.719140681079033e-08,-4.260210085260674e-07,5.6251325150068575e-08,4.2608316075982587e-07,-5.7077346170854824e-08
2994.0,-6.924786674633587e-09,1.785332179547937e-08,-4.247768127518814e-07,5.773785821837143e-08,4.248332535503031e-07,-5.85706205010427e-08
2995.0,-6.4310149427981855e-09,1.851099640276711e-08,-4.23513091374339e-07,5.920326449741569e-08,4.2356191580292453e-07,-6.00420445049774e-08
2996.0,-5.805766270516877e-09,1.9164028445786986e-08,-4.2219569656998246e-07,6.064658251831863e-08,4.2223561328267964e-07,-6.149067500186968e-08
2997.0,-5.075542916510578e-09,1.9812009914516286e-08,-4.208232637359366e-07,6.206685252914118e-08,4.208538706454569e-07,-6.291557202793692e-08
2998.0,-4.2614786421868445e-09,2.0454527096849712e-08,-4.1948126408564157e-07,6.346311718782243e-08,4.195029095478428e-07,-6.431579946836679e-08
2999.0,-3.3849237579541835e-09,2.1091160736501098e-08,-4.1819769344697555e-07,6.483442228289097e-08,4.182113921370599e-07,-6.56904257129503e-08
3000.0,-2.4658794312015786e-09,2.172148622849712e-08,-4.1702461772707977e-07,6.617981748173797e-08,4.1703190807393413e-07,-6.703852433530592e-08
3001.0,-1.503542512715228e-09,2.2345073852663383e-08,-4.159263173320049e-07,6.749835710606703e-08,4.1592903491996225e-07,-6.83591747954569e-08
3002.0,-5.115949330836145e-10,2.2961489045157785e-08,-4.148250771496276e-07,6.878910093397601e-08,4.1482539261907534e-07,-6.965146316537575e-08
3003.0,5.226713645223313e-10,2.3570292707787278e-08,-4.13724690673245e-07,7.005111502797373e-08,4.137250208266688e-07,-7.091448287696804e-08
3004.0,1.554961062688598e-09,2.4171041554559103e-08,-4.1266605155243496e-07,7.128347258808565e-08,4.126689811553364e-07,-7.214733549183204e-08
3005.0,2.494284806475733e-09,2.47632884946718e-08,-4.115924028824658e-07,7.248525482905756e-08,4.115999606016233e-07,-7.334913149199532e-08
3006.0,3.33667102281332e-09,2.5346583050949695e-08,-4.105492494022034e-07,7.365555188052043e-08,4.105628082988364e-07,-7.45189910906975e-08
3007.0,4.0758876829194435e-09,2.5920471812569087e-08,-4.0947756541065417e-07,7.479346370883845e-08,4.094978503423923e-07,-7.565604506215666e-08
3008.0,4.696992961239488e-09,2.6484498920814444e-08,-4.083989419700895e-07,7.589810105922471e-08,4.0842595111619253e-07,-7.675943558913128e-08
3009.0,5.249798373796466e-09,2.70382065865331e-08,-4.07361118365257e-07,7.696858641657869e-08,4.0739494491065845e-07,-7.782831712696901e-08
3010.0,5.758627269480954e-09,2.7581135637920174e-08,-4.064078050203257e-07,7.800405498338044e-08,4.064486016330575e-07,-7.886185728272396e-08
3011.0,6.24355263323384e-09,2.8112826097252133e-08,-4.0554597646735857e-07,7.90036556728693e-08,4.0559403469275446e-07,-7.985923770782557e-08
3012.0,6.669283819649152e-09,2.8632817785189722e-08,-4.0478541007971103e-07,7.996655211564485e-08,4.0484034823627307e-07,-8.081965500269953e-08
3013.0,7.009784822042953e-09,2.914065095128176e-08,-4.0406625301248056e-07,8.089192367775081e-08,4.041270516889426e-07,-8.174232163167142e-08
3014.0,7.27779636555681e-09,2.9635866929315533e-08,-4.0340144957795587e-07,8.17789664882395e-08,4.034670938769785e-07,-8.262646684642573e-08
3015.0,7.48088167801253e-09,3.0118008816172726e-08,-4.0280435958939265e-07,8.26268944741572e-08,4.028738210592755e-07,-8.347133761624222e-08
3016.0,7.617276975846465e-09,3.058662217285706e-08,-4.0220847830063633e-07,8.343494040083976e-08,4.02280602223672e-07,-8.427619956318292e-08
3017.0,7.7431065587108e-09,3.104125574635513e-08,-4.016444482835002e-07,8.420235691535512e-08,4.017190791288569e-07,-8.504033790035587e-08
3018.0,7.885399944118632e-09,3.1481462210969686e-08,-4.0109557458700706e-07,8.49284175908778e-08,4.011730792133989e-07,-8.576305837133192e-08
3019.0,8.08872500923652e-09,3.1906798927719695e-08,-4.005628216341428e-07,8.561241796972727e-08,4.0064448273722823e-07,-8.644368818874048e-08
3020.0,8.345863847236679e-09,3.231682872033116e-08,-4.000720217889331e-07,8.6253676602748e-08,4.0015906345057483e-07,-8.708157697001825e-08
3021.0,8.602217091424613e-09,3.2711120666246834e-08,-3.996083713930787e-07,8.685153608265678e-08,3.997009489935153e-07,-8.767609766823454e-08
3022.0,8.831625708527469e-09,3.308925090096407e-08,-3.9922180355977943e-07,8.740536406893488e-08,3.99319478676133e-07,-8.822664749586954e-08
3023.0,9.063310726920015e-09,3.3450803433874005e-08,-3.989567128326321e-07,8.791455430179776e-08,3.99059647566065e-07,-8.873264883937804e-08
3024.0,9.318621277398798e-09,3.3795370973625335e-08,-3.9882906527344275e-07,8.837852760273814e-08,3.9893791498101514e-07,-8.919355016233437e-08
3025.0,9.567048459002692e-09,3.41225557608768e-08,-3.9880758997967725e-07,8.879673285910406e-08,3.989223260756601e-07,-8.960882689491945e-08
3026.0,9.80887245038975e-09,3.443197040613572e-08,-3.987943504313307e-07,8.916864799014203e-08,3.989149632624665e-07,-8.99779823074784e-08
3027.0,1.0044424209043612e-08,3.472323873020827e-08,-3.9876296786811594e-07,8.949378089189921e-08,3.988894521050654e-07,-9.030054836583827e-08
3028.0,1.026249792090983e-08,3.4995996604613133e-08,-3.9871083484799286e-07,8.977167035833205e-08,3.9884288722347814e-07,-9.05760865660277e-08
3029.0,1.0452934906535205e-08,3.52498927891354e-08,-3.9863170578358087e-07,9.000188697591127e-08,3.987687308504613e-07,-9.080418874597803e-08
3030.0,1.0602480296495465e-08,3.548458976352477e-08,-3.9852633504366963e-07,9.01840339889429e-08,3.986673454294655e-07,-9.098447787171177e-08
3031.0,1.0719990936602919e-08,3.569976455017176e-08,-3.9834323534160276e-07,9.031774813274841e-08,3.9848745444254125e-07,-9.111660879544261e-08
3032.0,1.0885482890077292e-08,3.589510952442872e-08,-3.981463567725996e-07,9.040270043177065e-08,3.982951357335968e-07,-9.120026898292874e-08
3033.0,1.1178468525829821e-08,3.6070333209078676e-08,-3.979846492641048e-07,9.043859695960366e-08,3.9814160697979747e-07,-9.123517920734661e-08
3034.0,1.154609964582054e-08,3.6225161049295706e-08,-3.978284584538194e-07,9.042517955789231e-08,3.979959733122605e-07,-9.12210942068926e-08
3035.0,1.1982921488407072e-08,3.635933616428812e-08,-3.976937542338188e-07,9.036222651102187e-08,3.978742421469206e-07,-9.115780330328622e-08
3036.0,1.2529206533384851e-08,3.6472620071677354e-08,-3.9768818824170715e-07,9.024955317352184e-08,3.978855062493829e-07,-9.104513097834403e-08
3037.0,1.314117727135855e-08,3.656479338055099e-08,-3.977655435860594e-07,9.008701254715103e-08,3.9798256017618485e-07,-9.088293740582577e-08
3038.0,1.3774505883135113e-08,3.663565644904824e-08,-3.97872211094219e-07,8.98744958047102e-08,3.9811057932856704e-07,-9.067111893582213e-08
3039.0,1.4451595989339872e-08,3.6685030002302186e-08,-3.9803279014427595e-07,8.961193275774841e-08,3.9829505477306184e-07,-9.040960852906003e-08
3040.0,1.5143414314189307e-08,3.671275570658521e-08,-3.98285024821865e-07,8.929929226548415e-08,3.985728089000112e-07,-9.009837613864082e-08
3041.0,1.5821756349509997e-08,3.671869669559087e-08,-3.9861854567169175e-07,8.893658258245187e-08,3.9893241649106165e-07,-8.973742903689862e-08
3042.0,1.648339799376064e-08,3.6702738044944406e-08,-3.9899356099604155e-07,8.852385164260677e-08,3.9933390054655095e-07,-8.932681208526763e-08
3043.0,1.7080223499443825e-08,3.666478719126893e-08,-3.9941804957921434e-07,8.806118727787097e-08,3.9978308163859895e-07,-8.886660794527472e-08
3044.0,1.752741177196704e-08,3.660477429244929e-08,-3.9991888653445606e-07,8.75487173693838e-08,4.00302792858585e-07,-8.835693722902639e-08
3045.0,1.7789744219398607e-08,3.652265252612963e-08,-4.0054946190415386e-07,8.698660993002111e-08,4.009443183673998e-07,-8.77979585878327e-08
3046.0,1.7823112499759652e-08,3.64183983239515e-08,-4.0130785278202907e-07,8.637507311707474e-08,4.0170344290745355e-07,-8.718986873790472e-08
3047.0,1.7626938700332495e-08,3.629201153957901e-08,-4.021692095457219e-07,8.571435517432719e-08,4.0255531554629366e-07,-8.653290242237159e-08
3048.0,1.7211492508995008e-08,3.614351554915267e-08,-4.031430356765675e-07,8.5004744303116e-08,4.035102758157534e-07,-8.582733230918588e-08
3049.0,1.658974818630199e-08,3.597295728344747e-08,-4.041876661697863e-07,8.424656846234932e-08,4.045279832454901e-07,-8.507346882481521e-08
3050.0,1.5822779364516038e-08,3.5780407191661865e-08,-4.053112865887165e-07,8.34401950978011e-08,4.0562001846927977e-07,-8.427165992394784e-08
3051.0,1.4945545870337362e-08,3.5565959137411137e-08,-4.065754557469603e-07,8.25860308013756e-08,4.068500590601049e-07,-8.342229079576332e-08
3052.0,1.3949728497331115e-08,3.5329730228119994e-08,-4.0793654854098804e-07,8.168452090137715e-08,4.0817499012149574e-07,-8.252578350763139e-08
3053.0,1.2828161602418398e-08,3.507186057958603e-08,-4.0933683073673954e-07,8.073614898515011e-08,4.095377915744723e-07,-8.158259658739764e-08
3054.0,1.1601948374240223e-08,3.479251301800226e-08,-4.107261364905135e-07,7.974143635575582e-08,4.108899662957255e-07,-8.059322454568838e-08
3055.0,1.0340578754375329e-08,3.4491872722169763e-08,-4.120435712628989e-07,7.870094142462588e-08,4.1217330358486236e-07,-7.955819733991276e-08
3056.0,9.169035891654076e-09,3.4170146808989225e-08,-4.133934781713755e-07,7.761525904236862e-08,4.1349514992779534e-07,-7.847807978185696e-08
3057.0,8.148999919299627e-09,3.382756386558327e-08,-4.148199623799087e-07,7.648501977010874e-08,4.148999968529207e-07,-7.735347089095003e-08
3058.0,7.3102819769799154e-09,3.346437343156526e-08,-4.162781300776075e-07,7.531088909391213e-08,4.163423132513587e-07,-7.618500319543958e-08
3059.0,6.6678881860404715e-09,3.308084543503475e-08,-4.177758513579377e-07,7.409356658499276e-08,4.1782905919850906e-07,-7.497334198384945e-08
3060.0,6.203244223845772e-09,3.2677269585854605e-08,-4.192591983587235e-07,7.283378500851795e-08,4.1930508659841e-07,-7.371918450920502e-08
3061.0,5.873252037491561e-09,3.2253954729664135e-08,-4.2074004760750405e-07,7.153230938392554e-08,4.207810389623809e-07,-7.242325914860292e-08
3062.0,5.6406182225021695e-09,3.181122816592601e-08,-4.22232512481413e-07,7.01899359997398e-08,4.222701874041058e-07,-7.108632452077433e-08
3063.0,5.4961666606789805e-09,3.1349434933112284e-08,-4.237323634748158e-07,6.880749138592613e-08,4.237680069376585e-07,-6.970916856434185e-08
3064.0,5.43754791193507e-09,3.086893706392677e-08,-4.2523412530082183e-07,6.738583124685897e-08,4.2526888934843287e-07,-6.829260757950568e-08
3065.0,5.463787061676939e-09,3.037011281325358e-08,-4.2668476971097213e-07,6.592583935799878e-08,4.2671975074088224e-07,-6.68374852359163e-08
3066.0,5.562153418403604e-09,2.985335586133018e-08,-4.281082527368696e-07,6.442842642938364e-08,4.2814438407161816e-07,-6.534467154950286e-08
3067.0,5.654383600228741e-09,2.9319074494480285e-08,-4.295379750218764e-07,6.289452893904566e-08,4.2957519020515216e-07,-6.381506183103305e-08
3068.0,5.674255856846777e-09,2.876769076561881e-08,-4.3101318267235733e-07,6.132510793946583e-08,4.3105053162811877e-07,-6.224957560918595e-08
3069.0,5.589075771639251e-09,2.819963963666717e-08,-4.326091175566038e-07,5.972114784018928e-08,4.326452199679139e-07,-6.064915553093064e-08
3070.0,5.3725847659613635e-09,2.761536810499869e-08,-4.3428771520637177e-07,5.808365516973988e-08,4.343209461288255e-07,-5.9014766242023605e-08
3071.0,5.006426398446173e-09,2.7015334316071914e-08,-4.360096682587411e-07,5.6413657320002454e-08,4.360384101433961e-07,-5.7347393250469946e-08
3072.0,4.48535604491429e-09,2.6400006664500444e-08,-4.3778231664792777e-07,5.471220127627889e-08,4.3780529369626876e-07,-5.564804177583567e-08
3073.0,3.843324117291935e-09,2.576986288594328e-08,-4.396491485592069e-07,5.298035233627001e-08,4.3966594702012813e-07,-5.391773558734747e-08
3074.0,3.100311188330984e-09,2.5125389142367805e-08,-4.4161686332810923e-07,5.1219192821281086e-08,4.4162774585075877e-07,-5.215751583376776e-08
3075.0,2.2481591865908257e-09,2.4467079103426216e-08,-4.436540100016817e-07,4.94298207829939e-08,4.4365970609274464e-07,-5.0368439868082956e-08
3076.0,1.2579750852115268e-09,2.379543302688135e-08,-4.4571016369343575e-07,4.76133487091857e-08,4.457119389481779e-07,-4.855158007008726e-08
3077.0,1.1819166478854726e-10,2.3110956841208077e-08,-4.47760923866225e-07,4.5770902231801745e-08,4.477609394652519e-07,-4.6708022669978204e-08
3078.0,-1.1433375218805608e-09,2.2414161233668977e-08,-4.4977954663516506e-07,4.3903618840797704e-08,4.4978099981215697e-07,-4.4838866576098486e-08
3079.0,-2.4423531669315324e-09,2.170556074730681e-08,-4.5180809934985966e-07,4.201264660715857e-08,4.5181470065406754e-07,-4.2945222209958824e-08
3080.0,-3.6989513396701312e-09,2.098567289039884e-08,-4.539087646304729e-07,4.0099142918470614e-08,4.539238359564028e-07,-4.102821035165737e-08
3081.0,-4.894299895918941e-09,2.0255017261968074e-08,-4.560433864708724e-07,3.816427323037477e-08,4.5606964875476276e-07,-3.9088960998774215e-08
3082.0,-5.998059979250847e-09,1.9514114696936123e-08,-4.5817902671885236e-07,3.620920983716449e-08,4.582182855894661e-07,-3.7128612241766467e-08
3083.0,-6.988657458295577e-09,1.876348643442865e-08,-4.603314678053305e-07,3.423513066471023e-08,4.603845149273371e-07,-3.514830915882074e-08
3084.0,-7.887795611116744e-09,1.800365331261001e-08,-4.624699383171116e-07,3.2243218088795565e-08,4.625371997652035e-07,-3.314920273303489e-08
3085.0,-8.721922239995905e-09,1.7235134993235157e-08,-4.6461161948285756e-07,3.0234657781835834e-08,4.646934784199625e-07,-3.113244879469869e-08
3086.0,-9.497674938185874e-09,1.6458449218874573e-08,-4.667854471007704e-07,2.8210637590819583e-08,4.6688206161117135e-07,-2.909920699132437e-08
3087.0,-1.0204265682434155e-08,1.567411110550218e-08,-4.6896018637831993e-07,2.6172346449167363e-08,4.690711923003866e-07,-2.7050639787943445e-08
3088.0,-1.081149035575546e-08,1.4882632472847648e-08,-4.711091345921403e-07,2.4120973325042325e-08,4.712331747870347e-07,-2.4987911500037026e-08
3089.0,-1.1302672367485833e-08,1.4084521214612921e-08,-4.732102160953655e-07,2.2057706208474628e-08,4.733451795673737e-07,-2.2912187361305037e-08
3090.0,-1.1718332998400527e-08,1.3280280710347391e-08,-4.7528743910008053e-07,1.998373113947796e-08,4.7543187639721233e-07,-2.082463262830632e-08
3091.0,-1.2143645061746255e-08,1.247040928047701e-08,-4.773579580785725e-07,1.790023127914351e-08,4.775123959190273e-07,-1.872641172381889e-08
3092.0,-1.2626683892902335e-08,1.1655399685699636e-08,-4.794496867022158e-07,1.5808386025498275e-08,4.796159246991119e-07,-1.661868742058147e-08
3093.0,-1.3181973096410005e-08,1.083573867170191e-08,-4.815829024729101e-07,1.3709370175714119e-08,4.817632783524985e-07,-1.4502620066887676e-08
3094.0,-1.3833453230138737e-08,1.0011906559927816e-08,-4.837311876892958e-07,1.1604353136055027e-08,4.83928947647862e-07,-1.2379366855316419e-08
3095.0,-1.4571737760871173e-08,9.184376884937828e-09,-4.858646335259564e-07,9.494498180754074e-09,4.860830974768446e-07,-1.0250081135697621e-08
3096.0,-1.5359432808947915e-08,8.353616078737063e-09,-4.880294915965422e-07,7.380961760818628e-09,4.882711304635899e-07,-8.11591177323174e-09
3097.0,-1.617575000334437e-08,7.520083202315832e-09,-4.90239478401211e-07,5.264892863571623e-09,4.905062701650837e-07,-5.978002552503259e-09
3098.0,-1.702187554797341e-08,6.684229724528672e-09,-4.924616971158091e-07,3.147432423547136e-09,4.927557887771117e-07,-3.837491627951453e-09
3099.0,-1.790380121935442e-08,5.846499348332264e-09,-4.946943171213469e-07,1.0297127851694335e-09,4.950181951102989e-07,-1.695511021185287e-09
3100.0,-1.88667525352626e-08,5.007327884302322e-09,-4.968891592904701e-07,-1.087142782545921e-09,4.972472131360989e-07,4.468138346487438e-10
3101.0,-1.992570662634474e-08,4.167143171251104e-09,-4.990520550141042e-07,-3.2020205192236603e-09,4.994496845512666e-07,2.5883645034182926e-09
3102.0,-2.1044173223461193e-08,3.326365043665776e-09,-5.012013094274348e-07,-5.313816554445306e-09,5.016429106430532e-07,4.728029907634787e-09
3103.0,-2.2167735480582706e-08,2.485405345578625e-09,-5.033544049348748e-07,-7.421437237503794e-09,5.038423021776547e-07,6.864706643509364e-09
3104.0,-2.326800939422835e-08,1.6446679903570304e-09,-5.055255559438532e-07,-9.52379941615261e-09,5.060607552196789e-07,8.997299249977039e-09
3105.0,-2.4320064975769107e-08,8.045490657573529e-10,-5.077185598056921e-07,-1.1619830665109252e-08,5.083006999125536e-07,1.1124720432425969e-08
3106.0,-2.5305005771358857e-08,-3.456301658101866e-11,-5.099222865345698e-07,-1.3708469465275357e-08,5.105497836859129e-07,1.324589124206446e-08
3107.0,-2.6224839522193122e-08,-8.722873282193709e-10,-5.121227427684616e-07,-1.5788665334838112e-08,5.127937654346595e-07,1.5359741212055377e-08
3108.0,-2.7109245834266993e-08,-1.7082501888169e-09,-5.143175818567158e-07,-1.7859378913619904e-08,5.15031539050418e-07,1.7465208451746978e-08
3109.0,-2.7989925266425075e-08,-2.5420848903145913e-09,-5.164885170383382e-07,-1.991958200224833e-08,5.172463863081905e-07,1.9561239700532543e-08
3110.0,-2.887090221059818e-08,-3.3734313821301724e-09,-5.186192126305222e-07,-2.1968257557927286e-08,5.194221950436435e-07,2.164679034307934e-08
3111.0,-2.97222893519411e-08,-4.201935919348482e-09,-5.207059962375471e-07,-2.400439964880224e-08,5.215535916874286e-07,2.372082438788162e-08
3112.0,-3.050025412787427e-08,-5.02725067615587e-09,-5.227042367272894e-07,-2.6027013369129507e-08,5.235933389516363e-07,2.5782314411309862e-08
3113.0,-3.1167493017014714e-08,-5.8490333270332325e-09,-5.246151204840732e-07,-2.8035114717676685e-08,5.255401385826627e-07,2.7830241469550166e-08
3114.0,-3.174398890970487e-08,-6.666946598486856e-09,-5.264676461447237e-07,-3.002773044199885e-08,5.274237985425625e-07,2.986359498104789e-08
3115.0,-3.229085293598999e-08,-7.48065779435465e-09,-5.28263227439485e-07,-3.200389785144495e-08,5.292492197898025e-07,3.1881372582284196e-08
3116.0,-3.280710660080732e-08,-8.289838297970959e-09,-5.300775470229446e-07,-3.3962664601947845e-08,5.310918113672803e-07,3.388257995991709e-08
3117.0,-3.32975132327773e-08,-9.094163054698024e-09,-5.319214101129344e-07,-3.590308845583197e-08,5.329625792905348e-07,3.5866230662503695e-08
3118.0,-3.37997654031863e-08,-9.893310038528732e-09,-5.337337811717191e-07,-3.7824237020031047e-08,5.34802929409676e-07,3.783134589518123e-08
3119.0,-3.431198733472307e-08,-1.068695970662853e-08,-5.355516864424814e-07,-3.972518746624239e-08,5.366497193945452e-07,3.977695430082072e-08
3120.0,-3.481067141486438e-08,-1.1474794445810468e-08,-5.373758996118916e-07,-4.160502623665422e-08,5.385022194272215e-07,4.170209173127756e-08
3121.0,-3.529991685069511e-08,-1.2256498015025143e-08,-5.391874425553222e-07,-4.346284873897e-08,5.403417273716837e-07,4.360580101244921e-08
3122.0,-3.579330290492955e-08,-1.3031754987996413e-08,-5.409877903150839e-07,-4.5297759034520847e-08,5.421705910530755e-07,4.548713170691423e-08
3123.0,-3.6341064116318655e-08,-1.3800250200144199e-08,-5.427661911028281e-07,-4.710886952330538e-08,5.439814437509593e-07,4.7345139877970593e-08
3124.0,-3.700172135356894e-08,-1.4561668203908179e-08,-5.444649263663948e-07,-4.889530062982823e-08,5.45720792554481e-07,4.9178887858915774e-08
3125.0,-3.7766380689419066e-08,-1.531569273652274e-08,-5.460777366406155e-07,-5.0656180493624807e-08,5.473821279188018e-07,5.098744403141935e-08
3126.0,-3.860468504590653e-08,-1.6062006204196678e-08,-5.47635988279449e-07,-5.23906446683614e-08,5.489949884710264e-07,5.2769882616829725e-08
3127.0,-3.946965002055158e-08,-1.680028918652841e-08,-5.491824931480593e-07,-5.409783583338473e-08,5.505990047694085e-07,5.4525283484230195e-08
3128.0,-4.030959439849102e-08,-1.7530219964847494e-08,-5.507552282013606e-07,-5.5776903521561235e-08,5.522283810088934e-07,5.6252731979013496e-08
3129.0,-4.1113925111635474e-08,-1.8251474078025222e-08,-5.523484385150379e-07,-5.742700386719061e-08,5.538764775363599e-07,5.795131877567601e-08
3130.0,-4.188215596556688e-08,-1.8963723909148495e-08,-5.53938891562078e-07,-5.9047299377699137e-08,5.55519946152564e-07,5.962013975844144e-08
3131.0,-4.261936865923577e-08,-1.9666638306306368e-08,-5.555044134686327e-07,-6.06369587327171e-08,5.571369346651158e-07,6.125829593321219e-08
3132.0,-4.334232689418016e-08,-2.0359882240598673e-08,-5.570479841843223e-07,-6.219515661402512e-08,5.587316117640195e-07,6.286489337421578e-08
3133.0,-4.402774100853435e-08,-2.1043116504339778e-08,-5.585757624770871e-07,-6.372107356971973e-08,5.603082405294194e-07,6.443904320857083e-08
3134.0,-4.465841960121786e-08,-2.1715997452296664e-08,-5.600779555137159e-07,-6.521389591580284e-08,5.618555781459345e-07,6.597986164184109e-08
3135.0,-4.522282955055079e-08,-2.2378176788666332e-08,-5.615126730806885e-07,-6.667281567824534e-08,5.633307965509949e-07,6.748647002748391e-08
3136.0,-4.568984932062925e-08,-2.3029301402362276e-08,-5.628556544456931e-07,-6.809703057841362e-08,5.647070480102327e-07,6.895799498292985e-08
3137.0,-4.60504885752e-08,-2.366901325303933e-08,-5.640858990463293e-07,-6.948574406458052e-08,5.659624978750096e-07,7.039356855485428e-08
3138.0,-4.633726422009765e-08,-2.4296949310137083e-08,-5.652059615335325e-07,-7.083816539206824e-08,5.671022138983837e-07,7.179232843602038e-08
3139.0,-4.659631620829163e-08,-2.491274154705803e-08,-5.662699865960352e-07,-7.215350975438956e-08,5.681838737624089e-07,7.315341823588131e-08
3140.0,-4.683577016495466e-08,-2.5516016992410926e-08,-5.673095271330197e-07,-7.343099846755711e-08,5.692395707809102e-07,7.447598780692373e-08
3141.0,-4.7050609422449874e-08,-2.6106397840035886e-08,-5.683466546280158e-07,-7.466985920951827e-08,5.702908728656641e-07,7.575919362851002e-08
3142.0,-4.726646721242567e-08,-2.6683501619280097e-08,-5.694097442443535e-07,-7.586932631643755e-08,5.713681613138445e-07,7.70021992497258e-08
3143.0,-4.747769323520945e-08,-2.724694142670946e-08,-5.704320147903452e-07,-7.702864113728954e-08,5.724044154727576e-07,7.820417579246463e-08
3144.0,-4.76746862404509e-08,-2.779632622012033e-08,-5.714232163278599e-07,-7.814705244794385e-08,5.734085523137945e-07,7.936430251567994e-08
3145.0,-4.787546817319743e-08,-2.83312611753576e-08,-5.724256749994883e-07,-7.922381692562363e-08,5.744242455288797e-07,8.04817674414119e-08
3146.0,-4.81219311065928e-08,-2.8851348106052148e-08,-5.73410230186866e-07,-8.025819968430299e-08,5.754259399230994e-07,8.155576804285697e-08
3147.0,-4.844723947017293e-08,-2.9356185945963204e-08,-5.74388912516488e-07,-8.124947487128252e-08,5.764284498826841e-07,8.258551199439324e-08
3148.0,-4.890115053168831e-08,-2.984537129315365e-08,-5.752967353611638e-07,-8.219692632484776e-08,5.773713330609131e-07,8.357021798311185e-08
3149.0,-4.9485382694336444e-08,-3.031849901474265e-08,-5.761376584700884e-07,-8.309984829257799e-08,5.782589425229852e-07,8.450911658103544e-08
3150.0,-5.0135611176505e-08,-3.0775162910478714e-08,-5.769455708182214e-07,-8.395754620953516e-08,5.791198245568917e-07,8.540145117683488e-08
3151.0,-5.08001000987246e-08,-3.1214956432868106e-08,-5.777527727901521e-07,-8.476933753522842e-08,5.799818244020666e-07,8.624647896548807e-08
3152.0,-5.147338007216451e-08,-3.163747346109151e-08,-5.785535487079496e-07,-8.553455264791871e-08,5.808388051590694e-07,8.704347199396228e-08
3153.0,-5.216792897666522e-08,-3.204230912545835e-08,-5.793513755680824e-07,-8.625253579450291e-08,5.816953749054084e-07,8.779171826064562e-08
3154.0,-5.291780172389515e-08,-3.242906067869389e-08,-5.801562699137008e-07,-8.692264609389972e-08,5.825646670194378e-07,8.849052286590936e-08
3155.0,-5.374673700542232e-08,-3.2797328409936297e-08,-5.809078986729332e-07,-8.754425859155363e-08,5.833889769950517e-07,8.913920921085295e-08
3156.0,-5.462862133487345e-08,-3.3146716596945915e-08,-5.816039213013546e-07,-8.811676536238414e-08,5.841638533340293e-07,8.973712024097503e-08
3157.0,-5.5545511995491736e-08,-3.347683449170316e-08,-5.822539098088164e-07,-8.86395766592401e-08,5.848973579958237e-07,9.028361973123095e-08
3158.0,-5.6434210124467477e-08,-3.378729733430307e-08,-5.82865135295707e-07,-8.911212210367628e-08,5.855908008290904e-07,9.077809360868612e-08
3159.0,-5.724694623898685e-08,-3.4077727389851055e-08,-5.834820257788476e-07,-8.953385191565605e-08,5.862836235651455e-07,9.121995130875637e-08
3160.0,-5.7983832860153406e-08,-3.434775500293239e-08,-5.839986518541007e-07,-8.990423817859829e-08,5.868701306426844e-07,9.160862716084697e-08
3161.0,-5.866119925923563e-08,-3.4597019664172707e-08,-5.843652519932352e-07,-9.02227761360348e-08,5.873022084375718e-07,9.194358179905865e-08
3162.0,-5.924467830209501e-08,-3.482517108342677e-08,-5.846332464531923e-07,-9.048898551602258e-08,5.876274030076523e-07,9.222430359352796e-08
3163.0,-5.976186603917633e-08,-3.5031870264226704e-08,-5.84815085608037e-07,-9.070241187936757e-08,5.878606680049449e-07,9.24503100979065e-08
3164.0,-6.020676462936692e-08,-3.521679057428269e-08,-5.848895930637976e-07,-9.086262798765861e-08,5.879801787317926e-07,9.262114950845903e-08
3165.0,-6.051062922951544e-08,-3.537961880705376e-08,-5.848985705214638e-07,-9.09692351870773e-08,5.880203007106162e-07,9.273640213026686e-08
3166.0,-6.063921843824094e-08,-3.552005622968699e-08,-5.848396641416898e-07,-9.102186480393791e-08,5.879749548800231e-07,9.279568184605687e-08
3167.0,-6.0614509633794e-08,-3.563781961295237e-08,-5.847211648479789e-07,-9.102017954791519e-08,5.878545393201643e-07,9.279863758323067e-08
3168.0,-6.042387508398139e-08,-3.5732642239169584e-08,-5.846039947132731e-07,-9.096387491893449e-08,5.877183639421872e-07,9.27449547747395e-08
3169.0,-6.01260627675071e-08,-3.580427488451833e-08,-5.844322699122273e-07,-9.085268061372613e-08,5.875169968083313e-07,9.263435680953597e-08
3170.0,-5.974052369461802e-08,-3.5852486772533804e-08,-5.841753380753101e-07,-9.068636192808215e-08,5.872220668424425e-07,9.246660646842934e-08
3171.0,-5.926266072320274e-08,-3.587706649599749e-08,-5.838221756038209e-07,-9.046472115090083e-08,5.868222862867191e-07,9.224150734127747e-08
3172.0,-5.8721484563761805e-08,-3.587782290482817e-08,-5.833233561736151e-07,-9.018759894616245e-08,5.862715672851808e-07,9.195890522156474e-08
3173.0,-5.8135203803710844e-08,-3.5854585957947335e-08,-5.826997075963902e-07,-8.985487571904877e-08,5.855925641213503e-07,9.161868947454002e-08
3174.0,-5.7547459908491305e-08,-3.580720753742876e-08,-5.819607803159155e-07,-8.946647296249585e-08,5.847991620785965e-07,9.122079437521772e-08
3175.0,-5.697718191699508e-08,-3.573556222353594e-08,-5.811288801005343e-07,-8.902235458055182e-08,5.839153830360214e-07,9.076520041267498e-08
3176.0,-5.6412095411628727e-08,-3.563954802950023e-08,-5.80283587597874e-07,-8.852252818498967e-08,5.83019181969333e-07,9.025193555720029e-08
3177.0,-5.5878948912457815e-08,-3.551908709509339e-08,-5.794417262672269e-07,-8.796704636169625e-08,5.82129857567111e-07,8.96810764869575e-08
3178.0,-5.544744320629125e-08,-3.537412633820298e-08,-5.785532875002275e-07,-8.735600790341604e-08,5.812042028714484e-07,8.905274977092189e-08
3179.0,-5.511224991650021e-08,-3.5204638063728814e-08,-5.776662895251583e-07,-8.668955900547151e-08,5.80289326237027e-07,8.836713300491648e-08
3180.0,-5.484078159645467e-08,-3.501062052919039e-08,-5.76757228726299e-07,-8.596789442111161e-08,5.793586214204035e-07,8.762445589763264e-08
3181.0,-5.4587712572384817e-08,-3.47920984664745e-08,-5.757595012978456e-07,-8.519125857316016e-08,5.783414404126935e-07,8.682500130356113e-08
3182.0,-5.4337734770038004e-08,-3.454912355916976e-08,-5.747425539937012e-07,-8.435994661864878e-08,5.773054588267303e-07,8.59691061997927e-08
3183.0,-5.4105514776803254e-08,-3.4281774874940264e-08,-5.736762410946117e-07,-8.347430546313085e-08,5.762220373481961e-07,8.505716260367737e-08
3184.0,-5.390444038355646e-08,-3.3990159252391793e-08,-5.725224596908607e-07,-8.253473472138386e-08,5.750544805003588e-07,8.408961842835909e-08
3185.0,-5.370084656119989e-08,-3.367441164188907e-08,-5.712664084556174e-07,-8.154168762121974e-08,5.737848815986439e-07,8.306697827323313e-08
3186.0,-5.344985155864013e-08,-3.333469539979506e-08,-5.69944072520423e-07,-8.049567184713834e-08,5.724448728330143e-07,8.198980414640571e-08
3187.0,-5.3140330538714586e-08,-3.297120253562871e-08,-5.686011043670725e-07,-7.939725032057653e-08,5.710789005183244e-07,8.085871611627012e-08
3188.0,-5.276731777914545e-08,-3.2584153911678556e-08,-5.67225505593294e-07,-7.824704191352333e-08,5.696746124070945e-07,7.967439288935112e-08
3189.0,-5.2314757012505986e-08,-3.2173799394667696e-08,-5.658086402460238e-07,-7.704572209228939e-08,5.682220087063964e-07,7.843757231160604e-08
3190.0,-5.177620042429165e-08,-3.174041795914073e-08,-5.643137810373844e-07,-7.57940234882358e-08,5.666840551833847e-07,7.714905179040795e-08
3191.0,-5.112402494400481e-08,-3.128431774233134e-08,-5.627641266603423e-07,-7.449273639228405e-08,5.650815234833404e-07,7.580968863447316e-08
3192.0,-5.036367650701479e-08,-3.080583605036694e-08,-5.612142988942193e-07,-7.314270917004669e-08,5.634695991751759e-07,7.442040030903401e-08
3193.0,-4.954784689481517e-08,-3.030533931576761e-08,-5.596348444381061e-07,-7.174484859443859e-08,5.618239477284457e-07,7.298216460359676e-08
3194.0,-4.8724347376238875e-08,-2.9783223006293737e-08,-5.580122793280573e-07,-7.03001200926519e-08,5.601354888847289e-07,7.149601970966588e-08
3195.0,-4.7880737610861424e-08,-2.923991148528337e-08,-5.563187065737996e-07,-6.880954790440524e-08,5.583753829800392e-07,6.996306420585918e-08
3196.0,-4.700806592594642e-08,-2.8675857823689843e-08,-5.54582629846978e-07,-6.727421514841096e-08,5.565713355807038e-07,6.838445694788442e-08
3197.0,-4.6132202100035435e-08,-2.809154356407918e-08,-5.527786938186452e-07,-6.569526379404607e-08,5.54700337489032e-07,6.676141686089927e-08
3198.0,-4.525456148707363e-08,-2.748747843687349e-08,-5.509202119502454e-07,-6.407389453526268e-08,5.527757730496975e-07,6.509522263183282e-08
3199.0,-4.4396864698481586e-08,-2.6864200029130713e-08,-5.490392217255557e-07,-6.241136656383224e-08,5.508313249880214e-07,6.338721229930898e-08
3200.0,-4.356706917452158e-08,-2.6222273406133825e-08,-5.470990832867617e-07,-6.070899723908575e-08,5.488310272293947e-07,6.163878273887887e-08
3201.0,-4.275864945446628e-08,-2.5562290686025395e-08,-5.451526605415591e-07,-5.896816165138613e-08,5.46826961111749e-07,5.985138904134006e-08
3202.0,-4.2008918607616685e-08,-2.488487056766909e-08,-5.431843130843106e-07,-5.719029207665131e-08,5.448063391916945e-07,5.802654378199648e-08
3203.0,-4.132841179005364e-08,-2.4190657811852093e-08,-5.411976112534855e-07,-5.5376877319336573e-08,5.427733339503398e-07,5.616581617879388e-08
3204.0,-4.069280216956184e-08,-2.3480322675866957e-08,-5.391916831909427e-07,-5.352946194138307e-08,5.407250459990669e-07,5.42708311373523e-08
3205.0,-4.005861675704381e-08,-2.2754560301433608e-08,-5.372036322170981e-07,-5.1649645374748484e-08,5.386951227213134e-07,5.234326818101383e-08
3206.0,-3.9421402947548145e-08,-2.201409005584982e-08,-5.352393386282017e-07,-4.973908091525785e-08,5.366891061177856e-07,5.0384860264131177e-08
3207.0,-3.8798867951772564e-08,-2.1259654826197712e-08,-5.332736207064315e-07,-4.7799474595648917e-08,5.34683183479419e-07,4.839739246694459e-08
3208.0,-3.8214168621153455e-08,-2.049202026639107e-08,-5.312311446570295e-07,-4.583258393584218e-08,5.326038412713747e-07,4.638270057053484e-08
3209.0,-3.7619568724056585e-08,-1.9711973996827673e-08,-5.291698726150873e-07,-4.384021656864305e-08,5.305054062254707e-07,4.4342669510502693e-08
3210.0,-3.701110123932594e-08,-1.8920324756415467e-08,-5.270879970264986e-07,-4.1824228739286456e-08,5.283858232620874e-07,4.22792317082127e-08
3211.0,-3.640502425905634e-08,-1.8117901506774633e-08,-5.249654073391508e-07,-3.978652367746453e-08,5.262261915698068e-07,4.019436527865556e-08
3212.0,-3.5771444972798605e-08,-1.730555248848181e-08,-5.227748068048488e-07,-3.7729049840735276e-08,5.239972279557297e-07,3.8090092114226173e-08
3213.0,-3.5071216888948875e-08,-1.6484144229319443e-08,-5.20511073770491e-07,-3.565379902849436e-08,5.216912575190246e-07,3.59684758439858e-08
3214.0,-3.4294894951658605e-08,-1.5654560504623533e-08,-5.181720088009989e-07,-3.356280436600137e-08,5.193056619416042e-07,3.3831619668273025e-08
3215.0,-3.338381575346272e-08,-1.4817701249985197e-08,-5.157672375855071e-07,-3.145813815828341e-08,5.168465173732393e-07,3.168166406884834e-08
3216.0,-3.234503444249359e-08,-1.3974481426753529e-08,-5.13358405257458e-07,-2.9341909614089417e-08,5.143763733897257e-07,2.9520784395095025e-08
3217.0,-3.124874860260807e-08,-1.3125829841002355e-08,-5.109386540802507e-07,-2.7216262440431302e-08,5.118933409632979e-07,2.735118832715129e-08
3218.0,-3.0066950706952866e-08,-1.2272687916854448e-08,-5.085662708459449e-07,-2.5083372308620133e-08,5.094542897718747e-07,2.5175113217207678e-08
3219.0,-2.8846249250369382e-08,-1.1416008425292853e-08,-5.061988928301009e-07,-2.2945444193081555e-08,5.070201427933948e-07,2.2994823310567027e-08
3220.0,-2.7597988741523416e-08,-1.0556754169820176e-08,-5.038072404817129e-07,-2.0804709584614183e-08,5.045625675219831e-07,2.0812606848428658e-08
3221.0,-2.6337770298034968e-08,-9.695896630544815e-09,-5.014656627999603e-07,-1.8663423580137176e-08,5.021568371651186e-07,1.863077305472396e-08
3222.0,-2.5074692988624747e-08,-8.834414568470434e-09,-4.991475539561918e-07,-1.6523861851360817e-08,4.997769711070361e-07,1.6451649009698532e-08
3223.0,-2.3834431747693507e-08,-7.973292591937142e-09,-4.968153323181568e-07,-1.438831749520677e-08,4.973867253587856e-07,1.4277576413307395e-08
3224.0,-2.262535014896372e-08,-7.113519687306759e-09,-4.944757580893633e-07,-1.2259097769205319e-08,4.949931128888702e-07,1.2110908241865396e-08
3225.0,-2.1476564110445295e-08,-6.2560877160982695e-09,-4.920968773580725e-07,-1.013852071550555e-08,4.925653048191234e-07,9.954005301776861e-09
3226.0,-2.042745704533555e-08,-5.401989880863978e-09,-4.896747886895536e-07,-8.028911677550942e-09,4.901006832065203e-07,7.809232684556284e-09
3227.0,-1.9515991767082852e-08,-4.552219162153862e-09,-4.872450816983953e-07,-5.932599713898425e-09,4.8763576937498e-07,5.678956127746048e-09
3228.0,-1.869666076126375e-08,-3.7077667289491618e-09,-4.848690333958405e-07,-3.8519139140877835e-09,4.852293732554106e-07,3.5655382867342567e-09
3229.0,-1.7930182505399017e-08,-2.869620324963717e-09,-4.825468908065123e-07,-1.7891796218993566e-09,4.828798952863009e-07,1.471334922873327e-09
3230.0,-1.7199971308334838e-08,-2.03876263322124e-09,-4.803145887966043e-07,2.532854282329356e-10,4.806224539322508e-07,-6.013089863049951e-10
3231.0,-1.65015389408385e-08,-1.2161696213288987e-09,-4.781462070724274e-07,2.2731750554615695e-09,4.784308687001337e-07,-2.6500632085903576e-09
3232.0,-1.5792279678406018e-08,-4.028088698902202e-10,-4.76044504066353e-07,4.268198650803662e-09,4.7630637823697155e-07,-4.6726162837331094e-09
3233.0,-1.508596360333403e-08,4.0036211346006315e-10,-4.739700691092086e-07,6.236085262419454e-09,4.7421009342824946e-07,-6.666679608253307e-09
3234.0,-1.4443100798677833e-08,1.19239759185612e-09,-4.718996781671869e-07,8.17458774042495e-09,4.721206513328721e-07,-8.629991571053154e-09
3235.0,-1.3872500842504465e-08,1.9723653062101743e-09,-4.6985874124771954e-07,1.0081486933336528e-08,4.700634882720809e-07,-1.0560321732060152e-08
3236.0,-1.3307448060162486e-08,2.7393481886980666e-09,-4.6783148785478623e-07,1.1954595927798528e-08,4.6802071450128884e-07,-1.2455475035709447e-08
3237.0,-1.2723498712952086e-08,3.4924460798568243e-09,-4.65774171787281e-07,1.3791764322787888e-08,4.659479225445973e-07,-1.4313296050643771e-08
3238.0,-1.2068051891134246e-08,4.230777446270897e-09,-4.63604317935129e-07,1.559088252902317e-08,4.637613626473677e-07,-1.613167322656757e-08
3239.0,-1.1274104400049723e-08,4.953481095635764e-09,-4.614073821629372e-07,1.7349886083832876e-08,4.6154509827803174e-07,-1.7908543158742837e-08
3240.0,-1.0449583448535193e-08,5.659717885771801e-09,-4.592374907019803e-07,1.9066759971264362e-08,4.5935636129316783e-07,-1.9641894850162943e-08
3241.0,-9.675279036280848e-09,6.348672423922273e-09,-4.570742225817881e-07,2.073954293674755e-08,4.571766135457673e-07,-2.1329773960993326e-08
3242.0,-8.801502776600856e-09,7.019554752414592e-09,-4.5501747039655704e-07,2.2366331785176437e-08,4.551025871352614e-07,-2.297028703443585e-08
3243.0,-7.790126724249724e-09,7.671602016502129e-09,-4.5301555098853363e-07,2.39452856508429e-08,4.530825261603283e-07,-2.456160568776289e-08
3244.0,-6.712674249786943e-09,8.304080109942966e-09,-4.5090961631188975e-07,2.5474630227256997e-08,4.5095957920651756e-07,-2.6101970756883206e-08
3245.0,-5.5598878279106145e-09,8.91628529361931e-09,-4.4885597730304205e-07,2.69526619445186e-08,4.4889041058294835e-07,-2.7589696382448055e-08
3246.0,-4.37370470396381e-09,9.507545782266332e-09,-4.468487195541382e-07,2.8377752081567828e-08,4.4687012370487504e-07,-2.9023174025183266e-08
3247.0,-3.2172047803591397e-09,1.0077223294172953e-08,-4.448232681364406e-07,2.974835080034084e-08,4.448349022751952e-07,-3.0400876397845435e-08
3248.0,-2.057946008049427e-09,1.0624714558549919e-08,-4.4287051922942133e-07,3.106299108859581e-08,4.4287530067086524e-07,-3.172136130095231e-08
3249.0,-9.11303227324467e-10,1.1149452775141093e-08,-4.4095166604196656e-07,3.2320292597958516e-08,4.409526077241841e-07,-3.298327534923315e-08
3250.0,1.2954369521533948e-10,1.1650909020588175e-08,-4.390547081456475e-07,3.3518965363568884e-08,4.390547272566698e-07,-3.418535757558879e-08
3251.0,1.0331303312849371e-09,1.2128593596049483e-08,-4.371900707844656e-07,3.465781339159513e-08,4.3719129148555495e-07,-3.5326442899245167e-08
3252.0,1.8457652489756171e-09,1.2582057310621136e-08,-4.3538074923077374e-07,3.5735738100820385e-08,4.353846617074426e-07,-3.640546544473174e-08
3253.0,2.5696042932343843e-09,1.3010892695210416e-08,-4.337012063371226e-07,3.6751741604502974e-08,4.3370881849980776e-07,-3.742146169831843e-08
3254.0,3.160136041735484e-09,1.3414735141661562e-08,-4.321297548681713e-07,3.770492981876575e-08,4.321413096456159e-07,-3.8373573488604765e-08
3255.0,3.628478739692298e-09,1.3793263962124784e-08,-4.306114238794567e-07,3.8594515383884024e-08,4.306267110078723e-07,-3.9261050778072024e-08
3256.0,4.019753974127127e-09,1.4146203363881309e-08,-4.2917162856870306e-07,3.941982038501481e-08,4.291904532842329e-07,-4.0083254252583475e-08
3257.0,4.318323199026253e-09,1.4473323335081496e-08,-4.277938606134235e-07,4.0180278859138334e-08,4.2781565550338204e-07,-4.0839657696045884e-08
3258.0,4.522410598783999e-09,1.4774440437109733e-08,-4.2651414833283496e-07,4.087543907526389e-08,4.265381236486459e-07,-4.152985013772403e-08
3259.0,4.641792339388218e-09,1.504941849954989e-08,-4.253178708113481e-07,4.1504965575283296e-08,4.253431996254561e-07,-4.215353776002692e-08
3260.0,4.682711857162403e-09,1.529816921398028e-08,-4.2415121878636164e-07,4.2068640963233846e-08,4.241770670230691e-07,-4.271054555495755e-08
3261.0,4.708687120769106e-09,1.5520652623069567e-08,-4.229942991706981e-07,4.2566367431157485e-08,4.2302050643593077e-07,-4.3200818717835706e-08
3262.0,4.803282785403873e-09,1.571687750166777e-08,-4.2185807036521084e-07,4.299816801021097e-08,4.2188541460659165e-07,-4.362442376736298e-08
3263.0,4.934820177493471e-09,1.5886901626784506e-08,-4.207003677370036e-07,4.3364187536194064e-08,4.2072930949035893e-07,-4.398154938160204e-08
3264.0,5.045440037987348e-09,1.6030831933516234e-08,-4.195618657498734e-07,4.366469331921828e-08,4.1959220161567797e-07,-4.4272506939987246e-08
3265.0,5.195313471095808e-09,1.6148824554127308e-08,-4.1851524884561897e-07,4.390007550784195e-08,4.185474940772831e-07,-4.449773076207612e-08
3266.0,5.442879216777108e-09,1.6241084737609003e-08,-4.175032618236596e-07,4.407084713865196e-08,4.1753873900221965e-07,-4.4657778034393294e-08
3267.0,5.847405476488987e-09,1.6307866647141834e-08,-4.1647910309361436e-07,4.4177643862981726e-08,4.1652015013018027e-07,-4.4753328417415734e-08
3268.0,6.431843932452885e-09,1.634947303297542e-08,-4.154252786769952e-07,4.422122334322094e-08,4.1547506637610704e-07,-4.4785183325500967e-08
3269.0,7.1779222565737655e-09,1.6366254778325652e-08,-4.1436515846315913e-07,4.4202464311998415e-08,4.144273242875286e-07,-4.4754264873371334e-08
3270.0,8.029528472675018e-09,1.635861031598365e-08,-4.1333660738551714e-07,4.412236528840459e-08,4.1341459133956876e-07,-4.466161448363889e-08
3271.0,8.957990904612245e-09,1.6326984913450352e-08,-4.123457015559051e-07,4.398204294637084e-08,4.124429938702786e-07,-4.4508391150790214e-08
3272.0,9.93826705653067e-09,1.6271869824573097e-08,-4.1140954912255445e-07,4.3782730131341725e-08,4.1152956912147935e-07,-4.429586935805347e-08
3273.0,1.0924148780011578e-08,1.6193801305882634e-08,-4.1054057559053447e-07,4.352577352246763e-08,4.1068589120247995e-07,-4.402543664464299e-08
3274.0,1.1859338525099794e-08,1.6093359496124127e-08,-4.0968792647255725e-07,4.3212630938709685e-08,4.0985953814402854e-07,-4.369859082202289e-08
3275.0,1.2742247978980714e-08,1.5971167157854355e-08,-4.088995121942496e-07,4.2844868288487876e-08,4.0909800287492615e-07,-4.331693683904774e-08
3276.0,1.3582868205186394e-08,1.5827888280445434e-08,-4.082488080370261e-07,4.242415616381249e-08,4.0847470371166445e-07,-4.288218329712526e-08
3277.0,1.4318107616206888e-08,1.5664226544394653e-08,-4.077506096378247e-07,4.195226608121801e-08,4.08001921399553e-07,-4.239613861789894e-08
3278.0,1.4886314445017312e-08,1.5480923647488922e-08,-4.0740694631780094e-07,4.143106637326202e-08,4.076788224396154e-07,-4.1860706867363735e-08
3279.0,1.522469220138767e-08,1.5278757494106108e-08,-4.071884808776183e-07,4.086251773585283e-08,4.074730055010387e-07,-4.1277883241799676e-08
3280.0,1.529549799317298e-08,1.5058540249746627e-08,-4.0703993917090564e-07,4.024866843821896e-08,4.0732722022854517e-07,-4.064974922242427e-08
3281.0,1.5141486925385195e-08,1.4821116263764033e-08,-4.069700673681176e-07,3.959164920391823e-08,4.0725164255030547e-07,-3.997846740721598e-08
3282.0,1.4778986159869056e-08,1.4567359864186264e-08,-4.069691634800421e-07,3.889366777289174e-08,4.072374227100928e-07,-3.926627602993214e-08
3283.0,1.425497395124431e-08,1.429817302946735e-08,-4.070184246307562e-07,3.8157003156186417e-08,4.0726797353984663e-07,-3.851548317792806e-08
3284.0,1.362579545027831e-08,1.4014482942958876e-08,-4.0714438645506057e-07,3.738399959658977e-08,4.0737232812688755e-07,-3.7728460721968235e-08
3285.0,1.2902067428322006e-08,1.3717239436817281e-08,-4.0728927308553153e-07,3.6577060250033e-08,4.074935770223448e-07,-3.6907637972799515e-08
3286.0,1.2131134777271235e-08,1.340741233294628e-08,-4.0745229043515074e-07,3.573864060421748e-08,4.0763284142943484e-07,-3.6055495080822775e-08
3287.0,1.133913914153073e-08,1.3085988689395546e-08,-4.077421939807646e-07,3.4871241652497096e-08,4.0789983185669306e-07,-3.517455619674832e-08
3288.0,1.0520973495187214e-08,1.2753969961383616e-08,-4.0813882967727366e-07,3.3977402842598395e-08,4.0827441160770903e-07,-3.426738241264431e-08
3289.0,9.767917238945323e-09,1.2412369086775113e-08,-4.086839884842597e-07,3.305969482127705e-08,4.0880070284992097e-07,-3.333656450428129e-08
3290.0,9.167672412879746e-09,1.2062207506413185e-08,-4.0938952203251056e-07,3.212071199748367e-08,4.094921573943478e-07,-3.2384715497132094e-08
3291.0,8.704724038799405e-09,1.1704512130184426e-08,-4.1008235221462463e-07,3.116306494803383e-08,4.101747284005575e-07,-3.1414463079792957e-08
3292.0,8.382544089413635e-09,1.134031226007717e-08,-4.107343042347722e-07,3.01893726911343e-08,4.108198336505108e-07,-3.0428441889937037e-08
3293.0,8.186899408402226e-09,1.09706364817907e-08,-4.113599615662711e-07,2.920225485439594e-08,4.11441421470575e-07,-2.942928569918085e-08
3294.0,8.07809401315307e-09,1.0596509536673671e-08,-4.1191995481248966e-07,2.8204323765152217e-08,4.119991562802148e-07,-2.8419619524427102e-08
3295.0,8.073199067593073e-09,1.0218949185927493e-08,-4.124710045461111e-07,2.719817649199681e-08,4.125500044048757e-07,-2.7402051694337447e-08
3296.0,8.167276938086943e-09,9.838963079118761e-09,-4.1300102102126424e-07,2.618638686745078e-08,4.130817688753525e-07,-2.637916590058404e-08
3297.0,8.308873131190886e-09,9.457545639115858e-09,-4.134571531533293e-07,2.517149752257148e-08,4.135406326666895e-07,-2.5353513264429896e-08
3298.0,8.503586848562783e-09,9.075674975610486e-09,-4.139041697992507e-07,2.4156011965122927e-08,4.1399151291602346e-07,-2.432760444999627e-08
3299.0,8.734115250486063e-09,8.694309839414582e-09,-4.144066429179194e-07,2.314238673364165e-08,4.144986736573577e-07,-2.330390185629161e-08
3300.0,9.002072601238531e-09,8.314386629745461e-09,-4.1506383088862897e-07,2.213302366035463e-08,4.1516143971118315e-07,-2.228481192070143e-08
3301.0,9.284720534075142e-09,7.936816466733811e-09,-4.15946135562395e-07,2.1130262276435908e-08,4.160497490982132e-07,-2.1272677567171694e-08
3302.0,9.502680808903818e-09,7.562482341415052e-09,-4.1696380193023685e-07,2.013637239352166e-08,4.170720717845702e-07,-2.0269770832754918e-08
3303.0,9.601569123107723e-09,7.192236355498363e-09,-4.180614381621428e-07,1.915354689573054e-08,4.181716826948293e-07,-1.927828570651906e-08
3304.0,9.558196539805053e-09,6.826897063250164e-09,-4.1923812377220315e-07,1.8183894776642076e-08,4.19347068125116e-07,-1.8300331215028715e-08
3305.0,9.32205281023446e-09,6.467246927877723e-09,-4.20480948143398e-07,1.722943445575264e-08,4.2058427029570153e-07,-1.7337924788679198e-08
3306.0,8.859280087314403e-09,6.11402990484687e-09,-4.21768538649836e-07,1.6292087408840545e-08,4.2186157331343145e-07,-1.6392985943079706e-08
3307.0,8.192968636855369e-09,5.767949164603272e-09,-4.230503195257196e-07,1.5373672146414367e-08,4.2312964630937634e-07,-1.5467330309429402e-08
3308.0,7.3641971964910624e-09,5.429664967173094e-09,-4.2432335378705943e-07,1.4475898573982222e-08,4.2438725236444936e-07,-1.4562664047398134e-08
3309.0,6.417567380290201e-09,5.099792701076165e-09,-4.256086035270279e-07,1.3600362767254878e-08,4.256569846335279e-07,-1.3680578673405199e-08
3310.0,5.366413244334289e-09,4.778901098871838e-09,-4.269482165031313e-07,1.274854219457819e-08,4.2698194103066426e-07,-1.2822546336379026e-08
3311.0,4.195759253922127e-09,4.467510641454339e-09,-4.2840081332373714e-07,1.192179141787538e-08,4.284213594723731e-07,-1.1989915572074582e-08
3312.0,2.930285264435284e-09,4.166092162902308e-09,-4.300333273643542e-07,1.1121338302165709e-08,4.3004331086041643e-07,-1.118390756582151e-08
3313.0,1.6616826525872597e-09,3.875065667251621e-09,-4.318117681201272e-07,1.0348280762307429e-08,4.3181496532226444e-07,-1.0405612952169202e-08
3314.0,4.5528000813810365e-10,3.59479936798859e-09,-4.336644514879584e-07,9.60358407398361e-09,4.3366469047437747e-07,-9.655989178278932e-09
3315.0,-6.604849306368621e-10,3.3256089603425226e-09,-4.3555825404717474e-07,8.888078774097546e-09,4.3555875482989297e-07,-8.93585845607596e-09
3316.0,-1.668725310710606e-09,3.067757135586294e-09,-4.374349236169195e-07,8.202459173658756e-09,4.3743810652925836e-07,-8.245906326103836e-09
3317.0,-2.5585802782002176e-09,2.8214533455306164e-09,-4.393017112580555e-07,7.5472825039094e-09,4.3930916203431946e-07,-7.5866808537078e-09
3318.0,-3.3263959642315655e-09,2.58685382422697e-09,-4.411221145583788e-07,6.922968713857434e-09,4.411346561567866e-07,-6.958592475606283e-09
3319.0,-3.973713663674161e-09,2.364061872584921e-09,-4.428653704036112e-07,6.3298009345448545e-09,4.428831975848808e-07,-6.361914512086934e-09
3320.0,-4.526820779338081e-09,2.1531284101740203e-09,-4.4452918102066974e-07,5.767926622288477e-09,4.4455222964830084e-07,-5.796784356987163e-09
3321.0,-4.999311187248168e-09,1.9540527969324023e-09,-4.4610970606484557e-07,5.2373593897929705e-09,4.4613771747926657e-07,-5.2632053542951046e-09
3322.0,-5.367043795501125e-09,1.7667839258578318e-09,-4.4766584100797147e-07,4.737981530459627e-09,4.4769801246429185e-07,-4.761049366643094e-09
3323.0,-5.618171525223481e-09,1.5912215860266409e-09,-4.492949127743451e-07,4.269547237410949e-09,4.4933003738476375e-07,-4.290060037173518e-09
3324.0,-5.783904563627651e-09,1.4272180934853436e-09,-4.510211150388077e-07,3.8316865147323325e-09,4.510581999729642e-07,-3.849856742247981e-09
3325.0,-5.915827466784762e-09,1.2745801857023364e-09,-4.5285452759946665e-07,3.4239097742091475e-09,4.5289316641118894e-07,-3.439939228256127e-09
3326.0,-6.06388499135857e-09,1.1330711733665404e-09,-4.547516863073753e-07,3.0456131064171824e-09,4.5479211393843437e-07,-3.0596929213673366e-09
3327.0,-6.260835863636238e-09,1.0024133413887817e-09,-4.566558366447815e-07,2.696084210410753e-09,4.566987532361532e-07,-2.7083948944607084e-09
3328.0,-6.524195711454794e-09,8.822905890110835e-10,-4.5858045291669036e-07,2.374508961446765e-09,4.5862686023275853e-07,-2.3852204706672295e-09
3329.0,-6.881569578065516e-09,7.723512969659928e-10,-4.605224535325636e-07,2.0799785911855994e-09,4.605738661794761e-07,-2.0892504379638952e-09
3330.0,-7.348096409121041e-09,6.722114076558459e-10,-4.624589537149948e-07,1.8114974496247731e-09,4.6251732766676473e-07,-1.8194788440766627e-09
3331.0,-7.926322154183651e-09,5.814577023406772e-10,-4.643774099699627e-07,1.5679913126551926e-09,4.6444505108064474e-07,-1.5748213355833478e-09
3332.0,-8.617758812112797e-09,4.996512573302726e-10,-4.6624295274577676e-07,1.3483161935914498e-09,4.66322588721632e-07,-1.3541239995683293e-09
