time_seconds,dir_raw,dir_bp,ortho_raw,ortho_bp,mag_raw,mag_bp
0.0,1.5267589429102113e-06,-5.610520726988838e-08,-5.0168075079182195e-06,2.0042248435019963e-07,5.243982307489311e-06,-2.081217119059687e-07
1.0,1.523235732436845e-06,-6.017540499548303e-08,-5.001340839416724e-06,2.150505271562015e-07,5.228160028976733e-06,-2.2330110253356153e-07
2.0,1.5200093057277098e-06,-6.428387939594688e-08,-4.9861770511916426e-06,2.2981961674610168e-07,5.212714252223022e-06,-2.386265588762795e-07
3.0,1.516387715616574e-06,-6.842748415605086e-08,-4.970970137518904e-06,2.447189288599934e-07,5.197112257030587e-06,-2.5408680876785107e-07
4.0,1.512177584067631e-06,-7.260304252012769e-08,-4.955728159783401e-06,2.597375320139326e-07,5.181305109663664e-06,-2.6967046860199183e-07
5.0,1.507573754749858e-06,-7.680735404397573e-08,-4.940480761161936e-06,2.7486441004322e-07,5.165377892993097e-06,-2.8536606686777603e-07
6.0,1.5028561905217064e-06,-8.103720128087646e-08,-4.9251321518895e-06,2.9008848436447444e-07,5.149320677814221e-06,-3.01162067396878e-07
7.0,1.4984083054614405e-06,-8.528935638130296e-08,-4.909802414632125e-06,3.0539863588769153e-07,5.133360225096547e-06,-3.1704689225090286e-07
8.0,1.4943429106351047e-06,-8.956058758656363e-08,-4.894959532264487e-06,3.2078372651294553e-07,5.117977096184816e-06,-3.3300894418053165e-07
9.0,1.4903226187579222e-06,-9.384766559735652e-08,-4.880537162688103e-06,3.3623262015004195e-07,5.103009357659568e-06,-3.490366285919109e-07
10.0,1.485971322490176e-06,-9.814736979901264e-08,-4.866126457003794e-06,3.5173420320324554e-07,5.087956118798147e-06,-3.6511837495960115e-07
11.0,1.4813749445174995e-06,-1.0245649432606934e-07,-4.851677917971919e-06,3.672774044671582e-07,5.072795121624819e-06,-3.8124265762942774e-07
12.0,1.4765291431739769e-06,-1.0677185394972282e-07,-4.8369521503666135e-06,3.8285121438386196e-07,5.057296156601696e-06,-3.9739801595871064e-07
13.0,1.4714927301096026e-06,-1.1109028977265727e-07,-4.821893271111932e-06,3.9844470361554035e-07,5.0414229710231555e-06,-4.1357307374553854e-07
14.0,1.4666269427809908e-06,-1.154086747167454e-07,-4.8068761687725114e-06,4.140470408909122e-07,5.025639570363579e-06,-4.297565579029947e-07
15.0,1.4623848399453188e-06,-1.1972391879017775e-07,-4.792709141165918e-06,4.2964751008795707e-07,5.010851258211248e-06,-4.4593731633850744e-07
16.0,1.458551424277088e-06,-1.240329741217201e-07,-4.7791076505654395e-06,4.4523552651956604e-07,4.996723145517854e-06,-4.621043350028126e-07
17.0,1.4545693893530665e-06,-1.2833283975101841e-07,-4.765425909325494e-06,4.6080065239291824e-07,4.982474907685302e-06,-4.782467540773522e-07
18.0,1.450512950057492e-06,-1.3262056616515135e-07,-4.7514046351837536e-06,4.7633261141753073e-07,4.9678802144908996e-06,-4.943538832732742e-07
19.0,1.4464637403677205e-06,-1.3689325957294306e-07,-4.73719682253515e-06,4.918213025410136e-07,4.953109234373466e-06,-5.104152162194919e-07
20.0,1.4424705152005224e-06,-1.4114808590986744e-07,-4.722872502083142e-06,5.072568127955557e-07,4.9382431955257064e-06,-5.264204439214608e-07
21.0,1.4386158999624143e-06,-1.4538227456768684e-07,-4.7082745410209625e-06,5.226294292420422e-07,4.923155985874388e-06,-5.423594672764247e-07
22.0,1.4351736677686855e-06,-1.4959312184426717e-07,-4.69384937817896e-06,5.379296500024736e-07,4.908354657284621e-06,-5.582224086348671e-07
23.0,1.4321044928267135e-06,-1.5377799411029604e-07,-4.679895738712858e-06,5.53148194375031e-07,4.894113546250968e-06,-5.739996224017888e-07
24.0,1.4288666083384083e-06,-1.5793433069088703e-07,-4.665982598850427e-06,5.682760120297185e-07,4.879862026451105e-06,-5.896817046752372e-07
25.0,1.4255412228436626e-06,-1.6205964646126465e-07,-4.652417438522072e-06,5.833042912860209e-07,4.865917775742916e-06,-6.052595019232171e-07
26.0,1.4222708691891128e-06,-1.6615153415686904e-07,-4.639467379830009e-06,5.982244664774356e-07,4.8525778709723645e-06,-6.207241187037202e-07
27.0,1.4188165453066226e-06,-1.7020766639927748e-07,-4.626661424478318e-06,6.13028224411045e-07,4.839321886999413e-06,-6.360669244360815e-07
28.0,1.4151971188813839e-06,-1.7422579744030919e-07,-4.613365447103668e-06,6.277075099334643e-07,4.825549049985939e-06,-6.512795592351886e-07
29.0,1.4116850413359305e-06,-1.7820376462755924e-07,-4.599857853004874e-06,6.422545306175192e-07,4.811605441407497e-06,-6.663539388232113e-07
30.0,1.408241265044019e-06,-1.8213948959541044e-07,-4.586845904042125e-06,6.566617605868304e-07,4.798155771543979e-06,-6.812822585364543e-07
31.0,1.4044547859415335e-06,-1.860309791863039e-07,-4.574281581681827e-06,6.709219434981308e-07,4.785033462188919e-06,-6.960569964476873e-07
32.0,1.4003939287909883e-06,-1.898763261077226e-07,-4.561970854577435e-06,6.850280947036044e-07,4.772073054114808e-06,-7.106709156268519e-07
33.0,1.3964594993420842e-06,-1.9367370933096504e-07,-4.549634224693122e-06,6.989735026178355e-07,4.759124994345255e-06,-7.251170655654358e-07
34.0,1.3928388491180055e-06,-1.9742139423837016e-07,-4.537238304402891e-06,7.127517293160695e-07,4.746212330959624e-06,-7.393887827919872e-07
35.0,1.38943004823755e-06,-2.0111773252621561e-07,-4.524780280124041e-06,7.263566103924108e-07,4.733302487940613e-06,-7.534796907082548e-07
36.0,1.38612012731687e-06,-2.0476116187105998e-07,-4.512460363592652e-06,7.39782254108307e-07,4.7205537323864525e-06,-7.673836986772451e-07
37.0,1.3827454695969355e-06,-2.0835020536783704e-07,-4.500325702760932e-06,7.530230398631972e-07,4.70796309083042e-06,-7.810950003961038e-07
38.0,1.3793684284779673e-06,-2.1188347074852667e-07,-4.4887228132228785e-06,7.660736160205378e-07,4.69588008316112e-06,-7.946080715881697e-07
39.0,1.3759549949698968e-06,-2.1535964939071315e-07,-4.477512374756465e-06,7.78928897123599e-07,4.684161527347225e-06,-8.079176670498026e-07
40.0,1.37253540166693e-06,-2.1877751512579042e-07,-4.466341321007761e-06,7.915840605364147e-07,4.672478809429781e-06,-8.210188170886842e-07
41.0,1.3693183505136819e-06,-2.2213592285698943e-07,-4.455082361354279e-06,8.04034542546103e-07,4.660771566114727e-06,-8.339068233911951e-07
42.0,1.366552361908857e-06,-2.2543380699778768e-07,-4.443842355150718e-06,8.162760339634123e-07,4.6492150128027155e-06,-8.46577254357205e-07
43.0,1.3641974020428549e-06,-2.286701797416187e-07,-4.432743113069737e-06,8.283044752587959e-07,4.637913977016786e-06,-8.590259399411428e-07
44.0,1.3619694323729892e-06,-2.3184412917412743e-07,-4.42176563075769e-06,8.401160512715868e-07,4.6267669087677584e-06,-8.712489660385687e-07
45.0,1.3595748894201787e-06,-2.3495481723949798e-07,-4.410803965293475e-06,8.517071855299395e-07,4.615586149146231e-06,-8.832426684576404e-07
46.0,1.3569363211396457e-06,-2.3800147757259514e-07,-4.400045355845705e-06,8.630745342191458e-07,4.604527697074626e-06,-8.950036265148786e-07
47.0,1.3540741978235182e-06,-2.4098341320878777e-07,-4.389556565509434e-06,8.742149798357427e-07,4.593661260369378e-06,-9.065286562944894e-07
48.0,1.351199835825101e-06,-2.4389999418336107e-07,-4.379553911526557e-06,8.851256245645159e-07,4.583255770770528e-06,-9.178148036102133e-07
49.0,1.3484540584973725e-06,-2.4675065503238144e-07,-4.369992978425774e-06,8.958037834150778e-07,4.573310286801957e-06,-9.288593367082544e-07
50.0,1.3460213951210775e-06,-2.495348922067752e-07,-4.360762356492298e-06,9.062469771541704e-07,4.563772773257227e-06,-9.396597387493063e-07
51.0,1.3439523878500115e-06,-2.522522614112378e-07,-4.351648669131958e-06,9.164529250692002e-07,4.554454320812285e-06,-9.50213700107036e-07
52.0,1.341946222421786e-06,-2.549023748794133e-07,-4.342557730463437e-06,9.264195375977561e-07,4.545176267899833e-06,-9.605191105196094e-07
53.0,1.3396403337473384e-06,-2.574848985965674e-07,-4.333526591071557e-06,9.361449088569664e-07,4.53586694462337e-06,-9.705740511299298e-07
54.0,1.3369389756934247e-06,-2.5999954948071767e-07,-4.324731449456554e-06,9.456273091055322e-07,4.526666315805349e-06,-9.803767864492034e-07
55.0,1.3339418568625305e-06,-2.624460925328647e-07,-4.316124616987604e-06,9.548651771701314e-07,4.517558254948823e-06,-9.899257562772655e-07
56.0,1.3309363788016615e-06,-2.6482433796660173e-07,-4.30765098380359e-06,9.63857112866636e-07,4.508575012427066e-06,-9.992195676117958e-07
57.0,1.3281712822332814e-06,-2.671341383269876e-07,-4.29918340033586e-06,9.726018694452455e-07,4.499668528311014e-06,-1.008256986577151e-06
58.0,1.3257360215179759e-06,-2.693753856081793e-07,-4.290864391465199e-06,9.810983460872217e-07,4.4910013610212055e-06,-1.0170369304020816e-06
59.0,1.3235424819735275e-06,-2.7154800837895957e-07,-4.282832109459012e-06,9.893455804794352e-07,4.482679508887711e-06,-1.0255584594740765e-06
60.0,1.321525741504459e-06,-2.736519689249772e-07,-4.275369221817815e-06,9.973427414914086e-07,4.474953884491546e-06,-1.0338207694965364e-06
61.0,1.3195581715919058e-06,-2.7568726041623365e-07,-4.268309243271595e-06,1.0050891219779933e-06,4.46762773341879e-06,-1.0418231837734044e-06
62.0,1.3175308793966778e-06,-2.776539041080871e-07,-4.261389609128141e-06,1.0125841317292435e-06,4.460418031860811e-06,-1.0495651456443087e-06
63.0,1.3154701680451186e-06,-2.795519465837923e-07,-4.254540728165779e-06,1.0198272905874612e-06,4.453266056574438e-06,-1.0570462110916774e-06
64.0,1.3135509159822867e-06,-2.813814570463421e-07,-4.247922036071383e-06,1.0268182217497715e-06,4.446375786347657e-06,-1.0642660415396662e-06
65.0,1.3119477562939519e-06,-2.8314252466712366e-07,-4.241728901233088e-06,1.0335566452729425e-06,4.439985471462806e-06,-1.071224396863095e-06
66.0,1.3106928066775048e-06,-2.8483525599865565e-07,-4.235930842144686e-06,1.0400423717955016e-06,4.434075521786784e-06,-1.0779211286229276e-06
67.0,1.3095808445995338e-06,-2.8645977245842694e-07,-4.230252751979968e-06,1.0462752964905168e-06,4.428322519213808e-06,-1.0843561735431477e-06
68.0,1.3083513651368506e-06,-2.8801620789061243e-07,-4.224371406069682e-06,1.0522553932607205e-06,4.422340677862189e-06,-1.090529547242201e-06
69.0,1.3069073455385105e-06,-2.895047062121812e-07,-4.21830974994819e-06,1.0579827091859563e-06,4.41612318174329e-06,-1.0964413382304633e-06
70.0,1.3053445332977809e-06,-2.9092541914962184e-07,-4.212459898456089e-06,1.063457359231227e-06,4.41007287317467e-06,-1.1020917021834972e-06
71.0,1.3037856644027013e-06,-2.92278504072192e-07,-4.2071167857260505e-06,1.0686795212219398e-06,4.40450777129975e-06,-1.1074808564991457e-06
72.0,1.3023811457624213e-06,-2.935641219272581e-07,-4.202285891374835e-06,1.0736494310913123e-06,4.399477623728234e-06,-1.112609075144859e-06
73.0,1.301243609447278e-06,-2.9478243528294663e-07,-4.197786910797863e-06,1.0783673784033306e-06,4.3948435557586395e-06,-1.1174766838000426e-06
74.0,1.3003590297322454e-06,-2.959336064829898e-07,-4.193402692698189e-06,1.0828337021531744e-06,4.390394031215719e-06,-1.122084055296707e-06
75.0,1.2996585728175525e-06,-2.970177959183269e-07,-4.189213402838732e-06,1.087048786845619e-06,4.3861852834122074e-06,-1.1264316053602568e-06
76.0,1.2990158995696e-06,-2.980351604197096e-07,-4.185398231770776e-06,1.091013058850593e-06,4.382351043200961e-06,-1.1305197886508995e-06
77.0,1.298370767954804e-06,-2.9898585177524615e-07,-4.181982549145147e-06,1.0947269830338127e-06,4.378897657223115e-06,-1.1343490951048536e-06
78.0,1.2977688804149956e-06,-2.998700153764913e-07,-4.1787618373922975e-06,1.0981910596592163e-06,4.375643331056571e-06,-1.1379200465732963e-06
79.0,1.2973111404579463e-06,-3.0068778899634034e-07,-4.175491507052431e-06,1.1014058215588041e-06,4.372384420499104e-06,-1.1412331937558242e-06
80.0,1.2970585741289842e-06,-3.014393017016103e-07,-4.1721163496766245e-06,1.1043718315644365e-06,4.3690863781757066e-06,-1.1442891134240742e-06
81.0,1.2970128407396864e-06,-3.021246729027938e-07,-4.168916123592492e-06,1.1070896801951668e-06,4.3660169439196046e-06,-1.1470884059301105e-06
82.0,1.2971217709378813e-06,-3.027440115430432e-07,-4.166172300035242e-06,1.109559983592788e-06,4.3634294450835306e-06,-1.1496316929931918e-06
83.0,1.2973584803954719e-06,-3.032974154279882e-07,-4.1639785112179695e-06,1.1117833816974798e-06,4.361405285975962e-06,-1.1519196157576484e-06
84.0,1.2976122491792363e-06,-3.0378497069749136e-07,-4.16221097992997e-06,1.1137605366547694e-06,4.359793319719365e-06,-1.1539528331138027e-06
85.0,1.2977528270896599e-06,-3.0420675143990155e-07,-4.1607561581114005e-06,1.1154921314444696e-06,4.358446306596096e-06,-1.155732020273178e-06
86.0,1.297709520842183e-06,-3.045628194487612e-07,-4.159591767083359e-06,1.1169788687218225e-06,4.357321845959065e-06,-1.1572578675886515e-06
87.0,1.2975462233832946e-06,-3.0485322412126757e-07,-4.158858787239872e-06,1.118221469860748e-06,4.3565734946192e-06,-1.158531079609694e-06
88.0,1.2974138308696759e-06,-3.050780024970783e-07,-4.158660924624691e-06,1.1192206741888535e-06,4.356345180829019e-06,-1.159552374362395e-06
89.0,1.2973332459975673e-06,-3.05237179435313e-07,-4.158827595024395e-06,1.1199772384036803e-06,4.356480289902271e-06,-1.1603224828435848e-06
90.0,1.297203459454943e-06,-3.053307679268445e-07,-4.159052048480216e-06,1.1204919361595557e-06,4.356655914481812e-06,-1.160842148718034e-06
91.0,1.2969241350302418e-06,-3.0535876953822e-07,-4.159253358559933e-06,1.1207655578143345e-06,4.3567649365918315e-06,-1.161112128207402e-06
92.0,1.2964190188036184e-06,-3.0532117498280916e-07,-4.159531058367527e-06,1.1207989103252776e-06,4.356879720377855e-06,-1.1611331901593592e-06
93.0,1.295726834688038e-06,-3.052179648140627e-07,-4.160143042331033e-06,1.1205928172832832e-06,4.357258101465413e-06,-1.1609061162850638e-06
94.0,1.2949876310452968e-06,-3.0504911023509325e-07,-4.16121026863836e-06,1.1201481190747075e-06,4.358057349827058e-06,-1.160431701552983e-06
95.0,1.294360415765583e-06,-3.0481457401817845e-07,-4.162643352290107e-06,1.1194656731600479e-06,4.359239447915872e-06,-1.1597107547269173e-06
96.0,1.2940019293583571e-06,-3.0451431152726524e-07,-4.1643047931638755e-06,1.1185463544588642e-06,4.360719596987495e-06,-1.158744099036021e-06
97.0,1.2939498309494368e-06,-3.0414827183613434e-07,-4.166206264755168e-06,1.1173910558304577e-06,4.362520006315075e-06,-1.1575325729646248e-06
98.0,1.2941483561734746e-06,-3.0371639893458215e-07,-4.168428311468464e-06,1.1160006886399981e-06,4.364700969784566e-06,-1.1560770311497462e-06
99.0,1.294527562811787e-06,-3.0321863301478676e-07,-4.17109028610918e-06,1.114376183400005e-06,4.367355697187234e-06,-1.1543783453743121e-06
100.0,1.295006722135117e-06,-3.0265491182993643e-07,-4.174035199810966e-06,1.1125184904773e-06,4.3703103161716225e-06,-1.1524374056443075e-06
101.0,1.2956054248614013e-06,-3.0202517211719333e-07,-4.177068241795201e-06,1.1104285808557994e-06,4.373384560445645e-06,-1.1502551213382895e-06
102.0,1.2964237585677552e-06,-3.0132935107712557e-07,-4.180056495939333e-06,1.1081074469457357e-06,4.3764811059827004e-06,-1.1478324224179457e-06
103.0,1.2975257553948794e-06,-3.0056738790185747e-07,-4.183027959292485e-06,1.1055561034301455e-06,4.379645647097e-06,-1.1451702606886405e-06
104.0,1.2988842124639355e-06,-2.997392253443433e-07,-4.186101639158668e-06,1.1027755881396863e-06,4.382983815935777e-06,-1.1422696110991586e-06
105.0,1.3004802874860832e-06,-2.9884481132136e-07,-4.1894906188666425e-06,1.0997669629470814e-06,4.386693586713287e-06,-1.139131473070133e-06
106.0,1.3021925500678044e-06,-2.9788410054301786e-07,-4.1932068785e-06,1.096531314672744e-06,4.390750432824872e-06,-1.135756871840956e-06
107.0,1.3039046510288088e-06,-2.9685705616179223e-07,-4.197112264736624e-06,1.0930697559934356e-06,4.3949879068977146e-06,-1.1321468598253095e-06
108.0,1.3056017620360905e-06,-2.957636514342622e-07,-4.201181587004665e-06,1.089383426346141e-06,4.399377534153984e-06,-1.1283025179658297e-06
109.0,1.3072452756668351e-06,-2.946038713888966e-07,-4.2055164800602896e-06,1.0854734928197426e-06,4.404004890416443e-06,-1.124224957078845e-06
110.0,1.3088644444936293e-06,-2.933777144933397e-07,-4.210295398932029e-06,1.0813411510275e-06,4.409049044899346e-06,-1.1199153191805625e-06
111.0,1.3105243180100423e-06,-2.9208519431473e-07,-4.215595680923112e-06,1.0769876259538261e-06,4.414603145596814e-06,-1.115374778786571e-06
112.0,1.3122038001189829e-06,-2.907263411666317e-07,-4.221197546949718e-06,1.0724141727693633e-06,4.420451056557579e-06,-1.110604544177026e-06
113.0,1.3138730688977418e-06,-2.893012037361857e-07,-4.226937380003015e-06,1.0676220776089075e-06,4.426427685576884e-06,-1.1056058586204215e-06
114.0,1.3154517969626855e-06,-2.8780985068510054e-07,-4.2327625726645834e-06,1.062612658307293e-06,4.432458959390652e-06,-1.1003800015493803e-06
115.0,1.3168323574064278e-06,-2.8625237221810806e-07,-4.238744466755762e-06,1.057387265088898e-06,4.438581092192093e-06,-1.0949282896824387e-06
116.0,1.318016620954765e-06,-2.8462888161251805e-07,-4.244986792856231e-06,1.051947281206986e-06,4.444893776530194e-06,-1.0892520780863198e-06
117.0,1.319136233746132e-06,-2.8293951670252506e-07,-4.251558039236603e-06,1.0462941235296243e-06,4.451501562863852e-06,-1.0833527611737063e-06
118.0,1.3203772362968547e-06,-2.811844413119715e-07,-4.2584416007351855e-06,1.0404292430694452e-06,4.458443777037338e-06,-1.0772317736320382e-06
119.0,1.3218263197889435e-06,-2.79363846629371e-07,-4.265535270997489e-06,1.0343541254550258e-06,4.465648437551976e-06,-1.0708905912793782e-06
120.0,1.323525234853129e-06,-2.774779525191587e-07,-4.272857100307004e-06,1.028070291342169e-06,4.473145073316649e-06,-1.0643307318439202e-06
121.0,1.32545478739865e-06,-2.755270087633808e-07,-4.280569233516829e-06,1.021579296763842e-06,4.481082833018025e-06,-1.0575537556642436e-06
122.0,1.3275347655050673e-06,-2.735112962283478e-07,-4.2886630142180415e-06,1.014882733417991e-06,4.489429696870903e-06,-1.0505612663079512e-06
123.0,1.329693281426625e-06,-2.714311279511604e-07,-4.296943772130746e-06,1.0079822288928693e-06,4.497978435200007e-06,-1.0433549111068378e-06
124.0,1.331909427443323e-06,-2.6928685014144535e-07,-4.305132119353239e-06,1.0008794468298928e-06,4.506455956513867e-06,-1.0359363816072323e-06
125.0,1.334304626926519e-06,-2.6707884309410924e-07,-4.313168296077308e-06,9.935760870243616e-07,4.5148410368166835e-06,-1.0283074139345989e-06
126.0,1.3369865324019958e-06,-2.648075220094102e-07,-4.321192958123277e-06,9.860738854646564e-07,4.523299853995809e-06,-1.020469789071893e-06
127.0,1.3399733233554478e-06,-2.624733377171599e-07,-4.329434441285862e-06,9.783746143107299e-07,4.532055945009557e-06,-1.012425333051516e-06
128.0,1.3431340815939219e-06,-2.6007677730238906e-07,-4.337952308974824e-06,9.704800818128915e-07,4.541127546775047e-06,-1.0041759170610434e-06
129.0,1.3463582154149556e-06,-2.576183646303232e-07,-4.346683579792288e-06,9.623921321720497e-07,4.550421803201462e-06,-9.95723457463208e-07
130.0,1.349611956136254e-06,-2.5509866076901196e-07,-4.355600005889748e-06,9.541126453427357e-07,4.559901736161943e-06,-9.870699157309226e-07
131.0,1.3528030491649634e-06,-2.5251826430840993e-07,-4.364737700990329e-06,9.456435367804075e-07,4.569574519391971e-06,-9.782172982984267e-07
132.0,1.3559173169253036e-06,-2.498778115751125e-07,-4.3741792792872936e-06,9.369867571347081e-07,4.579514836495698e-06,-9.691676563299316e-07
133.0,1.3589849119644004e-06,-2.4717797674229974e-07,-4.3839721511340635e-06,9.281442918905402e-07,4.589776880510197e-06,-9.599230854074175e-07
134.0,1.3620880396914004e-06,-2.444194718347412e-07,-4.394050989953158e-06,9.191181609590016e-07,4.600322589795056e-06,-9.504857251395091e-07
135.0,1.3652685848519752e-06,-2.4160304662896736e-07,-4.4042709964053905e-06,9.099104182204116e-07,4.6110260591934905e-06,-9.408577586935956e-07
136.0,1.368444999039209e-06,-2.3872948844893335e-07,-4.414519744033729e-06,9.005231510218168e-07,4.621755757919175e-06,-9.310414122535887e-07
137.0,1.3715128779623331e-06,-2.3579962185769096e-07,-4.4248133589386285e-06,8.909584796315193e-07,4.632496177640978e-06,-9.210389544059116e-07
138.0,1.3743959153822427e-06,-2.3281430824575845e-07,-4.435263531832323e-06,8.812185566532751e-07,4.643331425713776e-06,-9.108526954564642e-07
139.0,1.3771496300551966e-06,-2.2977444531702959e-07,-4.446027794757779e-06,8.713055664029076e-07,4.654428456354215e-06,-9.004849866814451e-07
140.0,1.3798020502830965e-06,-2.266809664732138e-07,-4.457022161064028e-06,8.612217242501406e-07,4.6657154051850716e-06,-8.899382195150216e-07
141.0,1.3824710428655962e-06,-2.2353484009795605e-07,-4.468136300284087e-06,8.509692759285177e-07,4.677121783990477e-06,-8.792148246769313e-07
142.0,1.385376394241744e-06,-2.2033706874196484e-07,-4.4794438771589284e-06,8.405504968163076e-07,4.688782912690549e-06,-8.683172712431949e-07
143.0,1.3884783171547177e-06,-2.1708868821070003e-07,-4.490944677415509e-06,8.299676911913254e-07,4.7006867724637315e-06,-8.572480656632085e-07
144.0,1.3916734354635363e-06,-2.1379076655644398e-07,-4.502697657671195e-06,8.192231914626072e-07,4.712859126620755e-06,-8.46009750726574e-07
145.0,1.3949229659970808e-06,-2.1044440297690507e-07,-4.514745351458238e-06,8.083193573818599e-07,4.7253291599189e-06,-8.346049044831067e-07
146.0,1.3982580835403269e-06,-2.0705072662287156e-07,-4.5269988956930796e-06,7.97258575237573e-07,4.738021176587566e-06,-8.230361391195336e-07
147.0,1.4016945542316694e-06,-2.0361089531784038e-07,-4.539224013111465e-06,7.860432570346163e-07,4.7507159738896695e-06,-8.113060997964554e-07
148.0,1.4053263500402036e-06,-2.001260941929775e-07,-4.5513499037919125e-06,7.746758396620449e-07,4.763373604585722e-06,-7.994174634491779e-07
149.0,1.4090817538336964e-06,-1.9659753424122143e-07,-4.56336681436964e-06,7.631587840517004e-07,4.77596357518325e-06,-7.873729375560235e-07
150.0,1.4130605459627965e-06,-1.9302645079481036e-07,-4.575504439663369e-06,7.514945743300272e-07,4.788734799916976e-06,-7.751752588777061e-07
151.0,1.4173663351602084e-06,-1.8941410193098622e-07,-4.588003830963139e-06,7.396857169653203e-07,4.801948196407154e-06,-7.628271921713069e-07
152.0,1.4218910992513933e-06,-1.857617668110971e-07,-4.600747130656391e-06,7.277347399124344e-07,4.815459319563747e-06,-7.503315288823385e-07
153.0,1.426447656049934e-06,-1.8207074395876428e-07,-4.6135317316453595e-06,7.15644191756778e-07,4.829019357421233e-06,-7.376910858183245e-07
154.0,1.4309522413658016e-06,-1.783423494831836e-07,-4.626352596404093e-06,7.03416640859242e-07,4.842598751014243e-06,-7.249087038072729e-07
155.0,1.4354552076989435e-06,-1.7457791525397452e-07,-4.6393679577483304e-06,6.910546745035418e-07,4.8563635264147936e-06,-7.119872463443571e-07
156.0,1.4400022519400757e-06,-1.7077878703426263e-07,-4.652603602495198e-06,6.785608980472841e-07,4.870351811475613e-06,-6.98929598230042e-07
157.0,1.4445822809905362e-06,-1.6694632257887218e-07,-4.665949008220149e-06,6.659379340779236e-07,4.884454740691372e-06,-6.85738664202801e-07
158.0,1.449177880918917e-06,-1.6308188970461844e-07,-4.679352192837882e-06,6.531884215746174e-07,4.898617506517665e-06,-6.724173675694658e-07
159.0,1.453773319559648e-06,-1.59186864339725e-07,-4.6928357775866125e-06,6.403150150768637e-07,4.91285706082117e-06,-6.589686488361252e-07
160.0,1.458323603042988e-06,-1.5526262855935214e-07,-4.706463902381941e-06,6.273203838606705e-07,4.927221346318484e-06,-6.453954643423608e-07
161.0,1.4625720823890909e-06,-1.5131056861410944e-07,-4.720185196371851e-06,6.142072111228971e-07,4.941585310832135e-06,-6.317007849014609e-07
162.0,1.466550548168133e-06,-1.4733207295824428e-07,-4.7341108452836345e-06,6.009781931742957e-07,4.956064568361108e-06,-6.178875944490983e-07
163.0,1.4704437502899292e-06,-1.4332853028395357e-07,-4.74829292890222e-06,5.876360386417022e-07,4.970763579313498e-06,-6.039588887028024e-07
164.0,1.474289195335654e-06,-1.3930132756797776e-07,-4.762547273995388e-06,5.741834676797431e-07,4.985517542695477e-06,-5.899176738343964e-07
165.0,1.4781701006549852e-06,-1.3525184813632127e-07,-4.776936919970165e-06,5.606232111923737e-07,5.000411301467552e-06,-5.757669651574234e-07
166.0,1.482052663870359e-06,-1.311814697526251e-07,-4.791460708863937e-06,5.469580100645069e-07,5.015433762205631e-06,-5.615097858314391e-07
167.0,1.4859822995705319e-06,-1.270915627354118e-07,-4.806291353298686e-06,5.331906144039485e-07,5.030763358321543e-06,-5.471491655849117e-07
168.0,1.489870412318961e-06,-1.2298348810913954e-07,-4.821334803950528e-06,5.193237827938033e-07,5.046284092011481e-06,-5.326881394583412e-07
169.0,1.4936275757049255e-06,-1.1885859579374555e-07,-4.8362706113747045e-06,5.053602815554656e-07,5.061663438174533e-06,-5.181297465690813e-07
170.0,1.497374179232347e-06,-1.1471822283713422e-07,-4.851060847521627e-06,4.913028840222382e-07,5.076900706039954e-06,-5.034770288992105e-07
171.0,1.5012438326911237e-06,-1.1056369169487142e-07,-4.8657716896771674e-06,4.771543698235424e-07,5.092098504669458e-06,-4.88733030107669e-07
172.0,1.5052357891232049e-06,-1.0639630856119355e-07,-4.880570512011406e-06,4.629175241795761e-07,5.107416499911931e-06,-4.739007943677245e-07
173.0,1.509411731520638e-06,-1.022173617553293e-07,-4.895471263866025e-06,4.485951372061622e-07,5.122886166077687e-06,-4.589833652306944e-07
174.0,1.5140390362267109e-06,-9.802812016706512e-08,-4.91077975395271e-06,4.3419000322942836e-07,5.13887847638472e-06,-4.4398378451672297e-07
175.0,1.5187733247712387e-06,-9.382983176545524e-08,-4.926152663675687e-06,4.19704920109858e-07,5.154963867756567e-06,-4.2890509123331636e-07
176.0,1.523414730641992e-06,-8.962372217457064e-08,-4.941309765083002e-06,4.051426885751825e-07,5.170815664480957e-06,-4.1375032052226263e-07
177.0,1.528098209496731e-06,-8.541099332017776e-08,-4.956573088910066e-06,3.9050611156152736e-07,5.186781364543389e-06,-3.985225026355072e-07
178.0,1.5328427423466628e-06,-8.119282215121777e-08,-4.971956865718052e-06,3.757979935621754e-07,5.202880158847185e-06,-3.8322466194050354e-07
179.0,1.5375889344526605e-06,-7.697035943990721e-08,-4.9874163729479726e-06,3.610211399832732e-07,5.219051811248934e-06,-3.678598159555031e-07
180.0,1.5425171089877843e-06,-7.274472866419388e-08,-5.00306159190167e-06,3.461783565057833e-07,5.235454547972095e-06,-3.5243097441520314e-07
181.0,1.5475609444759453e-06,-6.851702497617659e-08,-5.0188162941666725e-06,3.3127244845297735e-07,5.251995989284471e-06,-3.3694113836712356e-07
182.0,1.552510770858051e-06,-6.428831425992491e-08,-5.0343349231596335e-06,3.163062201627754e-07,5.268284143074951e-06,-3.213932992990449e-07
183.0,1.5573571604532432e-06,-6.005963228191711e-08,-5.049799849388137e-06,3.012824743642604e-07,5.284490499953183e-06,-3.057904382977942e-07
184.0,1.5620946274275127e-06,-5.58319839370364e-08,-5.065426952055585e-06,2.862040115577335e-07,5.300819732046076e-06,-2.9013552523962027e-07
185.0,1.5668066451202112e-06,-5.160634259273001e-08,-5.081305858412044e-06,2.7107362939772743e-07,5.317382089893993e-06,-2.7443151801234837e-07
186.0,1.5714106372799463e-06,-4.738364953354177e-08,-5.097269697551532e-06,2.558941220784702e-07,5.333993790822563e-06,-2.5868136176946146e-07
187.0,1.5759883185417767e-06,-4.316481350778692e-08,-5.113469974171725e-06,2.4066827972139234e-07,5.350823708265478e-06,-2.428879882162167e-07
188.0,1.580581890786581e-06,-3.895071037765243e-08,-5.129804538095417e-06,2.2539888776439353e-07,5.367786667943019e-06,-2.2705431492788657e-07
189.0,1.5850411496654004e-06,-3.474218287349074e-08,-5.1461918851303246e-06,2.1008872635272303e-07,5.38476056707388e-06,-2.111832447001895e-07
190.0,1.5892978525167134e-06,-3.054004045253383e-08,-5.16257932803299e-06,1.9474056973146923e-07,5.4016750163488915e-06,-1.95277664931951e-07
191.0,1.5935025178825946e-06,-2.634505926169258e-08,-5.179037308511436e-06,1.79357185639779e-07,5.418641685648862e-06,-1.7934044703999107e-07
192.0,1.5977327358640547e-06,-2.2157982203539046e-08,-5.195499153731742e-06,1.6394133470704238e-07,5.435619684238301e-06,-1.6337444590617865e-07
193.0,1.6017977745308443e-06,-1.7979519103996305e-08,-5.211689781348117e-06,1.4849576985136435e-07,5.452290022320928e-06,-1.4738249935650537e-07
194.0,1.6057940650238134e-06,-1.3810346979702302e-08,-5.227706502908269e-06,1.3302323568071278e-07,5.468774072844399e-06,-1.313674276719294e-07
195.0,1.6097412976201486e-06,-9.651110402475712e-09,-5.243700470891621e-06,1.1752646789717779e-07,5.485222117079016e-06,-1.1533203313063432e-07
196.0,1.6136326849991445e-06,-5.502421957801468e-09,-5.25977078857931e-06,1.0200819270481601e-07,5.501726928019035e-06,-9.927909958122579e-08
197.0,1.6173482018655427e-06,-1.3648627937819066e-09,-5.2758880295655786e-06,8.647112622159469e-08,5.518225231593131e-06,-8.321139204629504e-08
198.0,1.6212256721825913e-06,2.761016743424816e-09,-5.2924551133815e-06,7.091797389600983e-08,5.535201333944582e-06,-6.713165635571288e-08
199.0,1.6254709941099232e-06,6.8746963920323345e-09,-5.309332096692376e-06,5.5351429929038414e-08,5.55258167573072e-06,-5.1042618808984737e-08
200.0,1.6296219435829595e-06,1.0975685179586364e-08,-5.326128017624221e-06,3.9774176702187507e-08,5.569857030402918e-06,-3.49469858660104e-08
201.0,1.633362674530181e-06,1.5063520555382074e-08,-5.342711754507956e-06,2.4188884212512025e-08,5.586809690539483e-06,-1.8847443865616508e-08
202.0,1.6370522878672578e-06,1.9137767455469426e-08,-5.359492156964407e-06,8.598209515569393e-09,5.603935793152382e-06,-2.7466587712678567e-09
203.0,1.6406887622388844e-06,2.3198017305538445e-08,-5.376136591794811e-06,-6.99520382264704e-09,5.620916675078193e-06,1.3352724056618731e-08
204.0,1.6445556043631626e-06,2.724388696709031e-08,-5.392819350413802e-06,-2.2588726263725697e-08,5.638001745480382e-06,2.944808006233195e-08
205.0,1.648751468380505e-06,3.127501763235941e-08,-5.40948770588745e-06,-3.817974282372917e-08,5.655169196817575e-06,4.55368056710848e-08
206.0,1.6528723020547975e-06,3.5291073673444736e-08,-5.425549873039337e-06,-5.3765653587915026e-08,5.671735031869621e-06,6.161631844041052e-08
207.0,1.6567975665571222e-06,3.9291741451045487e-08,-5.441367864844615e-06,-6.934387421229561e-08,5.688010409371035e-06,7.768405718737983e-08
208.0,1.6606503757676805e-06,4.327672808808166e-08,-5.457512395334874e-06,-8.491183641112414e-08,5.704577216216038e-06,9.373748209232888e-08
209.0,1.6645764696898713e-06,4.724576021332951e-08,-5.473891704077527e-06,-1.0046698842946734e-07,5.721390146757514e-06,1.0977407477980708e-07
210.0,1.6687537465476243e-06,5.119858268001793e-08,-5.490606842573076e-06,-1.160067955000907e-07,5.7385976132089115e-06,1.257913383774672e-07
211.0,1.6734372156879118e-06,5.513495726411714e-08,-5.507445989483273e-06,-1.3152874028391575e-07,5.756071007373406e-06,1.417867975535798e-07
212.0,1.6781913446395347e-06,5.905466134680424e-08,-5.5238644542376925e-06,-1.4703032329332912e-07,5.773162452071977e-06,1.5775799853380958e-07
213.0,1.6827790061402226e-06,6.295748658532743e-08,-5.539994171077645e-06,-1.6250906329764355e-07,5.789929239557298e-06,1.7370250909782005e-07
214.0,1.6872819680047169e-06,6.684323757622948e-08,-5.556284044527793e-06,-1.779624977100412e-07,5.806824676449944e-06,1.8961791855624092e-07
215.0,1.6916345662587595e-06,7.071173051465955e-08,-5.57265692058273e-06,-1.9338818295539634e-07,5.823755889482325e-06,2.0550183770850873e-07
216.0,1.6960820167222224e-06,7.456279185330844e-08,-5.588887735774595e-06,-2.0878369481843547e-07,5.840578766743943e-06,2.2135189878210566e-07
217.0,1.7008073087965148e-06,7.839625696435312e-08,-5.605095238836455e-06,-2.2414662877178027e-07,5.857460041526766e-06,2.3716575535375193e-07
218.0,1.705637096172108e-06,8.221196880768797e-08,-5.620978670795029e-06,-2.394746002834874e-07,5.874061552398908e-06,2.529410822531408e-07
219.0,1.7101372914440915e-06,8.600977660865123e-08,-5.6367150825242796e-06,-2.5476524510378314e-07,5.890426680397985e-06,2.6867557544986643e-07
220.0,1.7140664945736184e-06,8.978953454843197e-08,-5.652403500422398e-06,-2.700162195307665e-07,5.90658016786425e-06,2.8436695192425366e-07
221.0,1.717819860719283e-06,9.355110047037428e-08,-5.66822463965444e-06,-2.85225200654917e-07,5.922809775728689e-06,3.000129495228724e-07
222.0,1.7216095055394565e-06,9.729433460547604e-08,-5.6842121155531444e-06,-3.003898865822914e-07,5.939209262533605e-06,3.156113267995783e-07
223.0,1.7255073571642576e-06,1.0101909832049303e-07,-5.700594627400246e-06,-3.155079966363002e-07,5.956018363434798e-06,3.311598628429654e-07
224.0,1.7294305204584859e-06,1.0472525289218094e-07,-5.717067315613722e-06,-3.305772715379487e-07,5.972921279939323e-06,3.466563570911407e-07
225.0,1.7333194007318475e-06,1.0841265831132436e-07,-5.7332256013786775e-06,-3.455954735643916e-07,5.989513497877546e-06,3.6209862913473176e-07
226.0,1.736840458677058e-06,1.1208117212029914e-07,-5.748982938369451e-06,-3.6056038668563115e-07,6.0056156723986745e-06,3.7748451850903847e-07
227.0,1.7400364752395703e-06,1.1573064828800003e-07,-5.764627839799363e-06,-3.7546981667918737e-07,6.021516508866684e-06,3.928118844762743e-07
228.0,1.743222556943591e-06,1.1936093612603356e-07,-5.7803060418137875e-06,-3.9032159122260335e-07,6.0374467136419455e-06,4.080786057988798e-07
229.0,1.7463306696552383e-06,1.2297187925011724e-07,-5.796038756278321e-06,-4.0511355996370104e-07,6.053406980540699e-06,4.2328258050496055e-07
230.0,1.749383280069683e-06,1.2656331459062477e-07,-5.81182745607034e-06,-4.198435945685739e-07,6.069405262438849e-06,4.384217256469656e-07
231.0,1.7526823232749678e-06,1.3013507145615597e-07,-5.827682597103756e-06,-4.345095887473706e-07,6.085538577554703e-06,4.534939770547661e-07
232.0,1.7560436464947315e-06,1.3368697065387597e-07,-5.843198210453426e-06,-4.491094582580021e-07,6.101364979661571e-06,4.6849728908432896e-07
233.0,1.7595886108723313e-06,1.372188236701582e-07,-5.858614341991419e-06,-4.636411408879827e-07,6.117149179781312e-06,4.834296343631965e-07
234.0,1.7633267818117915e-06,1.4073043191478777e-07,-5.873968849989808e-06,-4.781025964147233e-07,6.132930081951474e-06,4.982890035339994e-07
235.0,1.7668277376980956e-06,1.4422158603164167e-07,-5.8887910276417266e-06,-4.924918065447102e-07,6.148133051742868e-06,5.130734049972448e-07
236.0,1.7703924436451857e-06,1.4769206527838026e-07,-5.903825370467963e-06,-5.068067748321324e-07,6.163557690936068e-06,5.277808646546336e-07
237.0,1.7743276213011416e-06,1.5114163697727294e-07,-5.919342048410492e-06,-5.210455265776587e-07,6.179550856963044e-06,5.424094256541719e-07
238.0,1.778315506378858e-06,1.5457005603885026e-07,-5.9344406694861185e-06,-5.35206108708187e-07,6.1951587630889935e-06,5.569571481383358e-07
239.0,1.7822090079833153e-06,1.5797706455963475e-07,-5.948886401152542e-06,-5.492865896385097e-07,6.210114198785278e-06,5.714221089965354e-07
240.0,1.7863569382881028e-06,1.6136239149476664e-07,-5.963379558437953e-06,-5.632850591159501e-07,6.225188099083086e-06,5.85802401623103e-07
241.0,1.7903407588670817e-06,1.647257524059174e-07,-5.977605006646236e-06,-5.771996280491383e-07,6.23995846527386e-06,6.000961356820193e-07
242.0,1.7940008248118477e-06,1.6806684928449454e-07,-5.991789287118632e-06,-5.910284283221906e-07,6.2545965354014e-06,6.14301436879569e-07
243.0,1.7978320069889087e-06,1.7138537044978782e-07,-6.006579618855756e-06,-6.047696125956383e-07,6.269864324130717e-06,6.284164467460939e-07
244.0,1.8017248823720688e-06,1.7468099052139642e-07,-6.0214877221076435e-06,-6.184213540954838e-07,6.285262678619864e-06,6.424393224279515e-07
245.0,1.8053404890749913e-06,1.77953370465007e-07,-6.035940819937302e-06,-6.319818463917631e-07,6.300145701749994e-06,6.563682364907136e-07
246.0,1.8088665208748633e-06,1.8120215771035812e-07,-6.0501242332700045e-06,-6.454493031679651e-07,6.3147447555972435e-06,6.702013767345378e-07
247.0,1.812467335660095e-06,1.8442698634002525e-07,-6.0642700079882594e-06,-6.588219579826267e-07,6.329329235599988e-06,6.839369460225669e-07
248.0,1.8157533841767215e-06,1.8762747734749193e-07,-6.077968970175096e-06,-6.720980640243896e-07,6.343395554004222e-06,6.975731621231211e-07
249.0,1.818760452909629e-06,1.9080323896282702e-07,-6.091637158034402e-06,-6.852758938617899e-07,6.35735266051943e-06,7.111082575663982e-07
250.0,1.8217597163305843e-06,1.9395386704416145e-07,-6.105736015615815e-06,-6.983537391890101e-07,6.371720392204367e-06,7.245404795163196e-07
251.0,1.8248467370529653e-06,1.9707894553303638e-07,-6.119953763483732e-06,-7.113299105687819e-07,6.386227343346896e-06,7.378680896580833e-07
252.0,1.8278679491390282e-06,2.0017804697156973e-07,-6.1338514060205185e-06,-7.242027371735493e-07,6.400408917454385e-06,7.510893641018786e-07
253.0,1.8308887717866096e-06,2.0325073307924328e-07,-6.147565591585469e-06,-7.369705665259214e-07,6.4144147353831026e-06,7.642025933030983e-07
254.0,1.8340290559859529e-06,2.0629655538694737e-07,-6.161110166769124e-06,-7.496317642393601e-07,6.428292235521545e-06,7.772060819992512e-07
255.0,1.8370639359999164e-06,2.093150559257293e-07,-6.174358723853857e-06,-7.621847137599771e-07,6.441856064503594e-06,7.900981491636664e-07
256.0,1.8400186514722083e-06,2.123057679674827e-07,-6.187580375016655e-06,-7.746278161102628e-07,6.45537137080872e-06,8.028771279759616e-07
257.0,1.8431675307684081e-06,2.152682168145894e-07,-6.2010756644581555e-06,-7.869594896355286e-07,6.4692044288934065e-06,8.155413658091522e-07
258.0,1.8463749048847067e-06,2.1820192063528793e-07,-6.2145038485228454e-06,-7.991781697538022e-07,6.482989925388845e-06,8.280892242331671e-07
259.0,1.8494727808404665e-06,2.2110639134129545e-07,-6.227715915629872e-06,-8.112823087098805e-07,6.49653716166231e-06,8.405190790344353e-07
260.0,1.8526489050096906e-06,2.2398113550395936e-07,-6.2406132362302635e-06,-8.232703753342118e-07,6.509805030063955e-06,8.528293202511057e-07
261.0,1.8560893847718862e-06,2.2682565530496777e-07,-6.2531117379638346e-06,-8.351408548072713e-07,6.522765840632635e-06,8.650183522233839e-07
262.0,1.8595853829850295e-06,2.296394495174118e-07,-6.2650154886711995e-06,-8.468922484300984e-07,6.535172290758799e-06,8.770845936584107e-07
263.0,1.862898172139138e-06,2.324220145127751e-07,-6.27661434743354e-06,-8.58523073401694e-07,6.547234321923105e-06,8.89026477709072e-07
264.0,1.8661195824998256e-06,2.3517284528924124e-07,-6.28858387913267e-06,-8.700318626039954e-07,6.559625713489804e-06,9.008424520660998e-07
265.0,1.869501840195964e-06,2.3789143651656375e-07,-6.301411464293416e-06,-8.814171643951438e-07,6.5728854830146394e-06,9.125309790627779e-07
266.0,1.87280506958043e-06,2.405772835926491e-07,-6.314345116886777e-06,-8.926775424117083e-07,6.586224493881001e-06,9.240905357914964e-07
267.0,1.8759188461225929e-06,2.432298837069567e-07,-6.326811939516563e-06,-9.038115753804376e-07,6.5990621178503285e-06,9.355196142312901e-07
268.0,1.8790249151912075e-06,2.458487369058271e-07,-6.338760092650109e-06,-9.148178569400034e-07,6.6114003164294125e-06,9.468167213854065e-07
269.0,1.882293070770702e-06,2.4843334715490737e-07,-6.3502878227539306e-06,-9.256949954731174e-07,6.623381510685328e-06,9.579803794278821e-07
270.0,1.8855537293749336e-06,2.509832233939497e-07,-6.36149953930909e-06,-9.364416139493573e-07,6.635057592439533e-06,9.690091258580913e-07
271.0,1.8883974517436286e-06,2.5349788057941815e-07,-6.372395826903521e-06,-9.470563497790335e-07,6.646312775553769e-06,9.79901513662284e-07
272.0,1.8907979798254981e-06,2.559768407105444e-07,-6.3831715869655525e-06,-9.575378546784425e-07,6.6573265286567185e-06,9.906561114811906e-07
273.0,1.8930426101682052e-06,2.5841963383473053e-07,-6.3940959445507595e-06,-9.678847945468495e-07,6.668438593256515e-06,1.0012715037828508e-06
274.0,1.8952872121169584e-06,2.6082579902848894e-07,-6.405226677497211e-06,-9.780958493555134e-07,6.679748678396219e-06,1.0117462910398816e-06
275.0,1.8974467383414684e-06,2.631948853504254e-07,-6.416496398820026e-06,-9.881697130490011e-07,6.691168071488942e-06,1.0220790899104166e-06
276.0,1.89957547661046e-06,2.655264527630798e-07,-6.427839424949511e-06,-9.98105093458925e-07,6.702649227303717e-06,1.032268533421941e-06
277.0,1.9018827054906318e-06,2.678200730207295e-07,-6.439183092399325e-06,-1.0079007122301157e-06,6.714181761233881e-06,1.0423132711572092e-06
278.0,1.904331014906946e-06,2.70075330520519e-07,-6.450277454606024e-06,-1.0175553047591315e-06,6.725515285517927e-06,1.0522119694413958e-06
279.0,1.9066862882999303e-06,2.722918231145107e-07,-6.460847406519754e-06,-1.0270676201449095e-06,6.736319604377749e-06,1.0619633115296143e-06
280.0,1.908786151971764e-06,2.744691628804541e-07,-6.470790261503545e-06,-1.0364364211513422e-06,6.746450265311995e-06,1.071565997793969e-06
281.0,1.9107382753791313e-06,2.766069768492594e-07,-6.4803635133614534e-06,-1.0456604841815783e-06,6.75618472381456e-06,1.081018745909377e-06
282.0,1.912795495551123e-06,2.787049076873372e-07,-6.489893190075868e-06,-1.0547385992639153e-06,6.7659071990675274e-06,1.0903202910375157e-06
283.0,1.915003022295858e-06,2.8076261433212796e-07,-6.4995252624378e-06,-1.0636695700492393e-06,6.775770451577401e-06,1.0994693860083775e-06
284.0,1.917225914471743e-06,2.8277977257929284e-07,-6.509167916779468e-06,-1.0724522138200436e-06,6.785648250237642e-06,1.10846480149904e-06
285.0,1.9194581941939237e-06,2.847560756201627e-07,-6.518624636075998e-06,-1.081085361511122e-06,6.795350388708086e-06,1.1173053262093428e-06
286.0,1.921775873159337e-06,2.866912345281507e-07,-6.527967604363916e-06,-1.0895678577420535e-06,6.804967564234387e-06,1.1259897670342268e-06
287.0,1.924183726770279e-06,2.885849786929381e-07,-6.537304557241441e-06,-1.09789856086162e-06,6.814604455762438e-06,1.1345169492325413e-06
288.0,1.926544449082357e-06,2.9043705620134933e-07,-6.5466190638518995e-06,-1.1060763430043014e-06,6.82420652394688e-06,1.142885716592156e-06
289.0,1.9287383581922946e-06,2.922472341639491e-07,-6.55578628727671e-06,-1.114100090159004e-06,6.833620233727337e-06,1.1510949315912642e-06
290.0,1.9307411493196813e-06,2.94015298986536e-07,-6.564541289388881e-06,-1.1219687022502084e-06,6.8425845793652935e-06,1.1591434755558282e-06
291.0,1.9326873837988146e-06,2.957410565858731e-07,-6.572855684228163e-06,-1.1296810932317542e-06,6.851110301928117e-06,1.1670302488131978e-06
292.0,1.9346342595705224e-06,2.9742433254918696e-07,-6.58081179621961e-06,-1.137236191193542e-06,6.859292501094202e-06,1.1747541708420523e-06
293.0,1.9364720300341087e-06,2.990649722371814e-07,-6.588511570926325e-06,-1.1446329384815154e-06,6.867198019813794e-06,1.182314180418948e-06
294.0,1.938109770782681e-06,3.006628408305361e-07,-6.596139040027094e-06,-1.151870291831365e-06,6.874977797707629e-06,1.1897092357618966e-06
295.0,1.9395820884671178e-06,3.0221782332009386e-07,-6.603725467291266e-06,-1.1589472225164538e-06,6.88267162701038e-06,1.1969383146715243e-06
296.0,1.94098098030282e-06,3.0372982444117555e-07,-6.6114650161264166e-06,-1.1658627165104993e-06,6.890491769486469e-06,1.2040004146704611e-06
297.0,1.9423204872526245e-06,3.0519876855268967e-07,-6.6193082041143825e-06,-1.1726157746655348e-06,6.898394739086568e-06,1.210894553141655e-06
298.0,1.9436118720017603e-06,3.066245994619184e-07,-6.627124049529698e-06,-1.1792054129056248e-06,6.906258051712308e-06,1.2176197674663334e-06
299.0,1.9449291362994003e-06,3.0800728019605223e-07,-6.634782010128681e-06,-1.185630662436746e-06,6.913977268342261e-06,1.2241751151623126e-06
300.0,1.9463148024922994e-06,3.0934679272170443e-07,-6.642037641502174e-06,-1.1918905699731707e-06,6.921329737957324e-06,1.2305596740233463e-06
301.0,1.947794283474469e-06,3.1064313761376445e-07,-6.649001448033598e-06,-1.1979841979806437e-06,6.928428597213707e-06,1.2367725422601794e-06
302.0,1.9492245235674943e-06,3.1189633367504737e-07,-6.655620002959939e-06,-1.2039106249366186e-06,6.93518232399678e-06,1.2428128386439858e-06
303.0,1.950607547290817e-06,3.1310641750826636e-07,-6.661979220334846e-06,-1.2096689456078306e-06,6.941673928939704e-06,1.2486797026528996e-06
304.0,1.9519672712908775e-06,3.1427344304191025e-07,-6.6680939481700285e-06,-1.2152582713455047e-06,6.947924375654395e-06,1.2543722946223827e-06
305.0,1.9533288278528183e-06,3.153974810116532e-07,-6.6739385612413216e-06,-1.2206777303985387e-06,6.953916121793873e-06,1.2598897959002206e-06
306.0,1.9547205261927214e-06,3.164786183989609e-07,-6.679578543944409e-06,-1.2259264682450192e-06,6.959719955590286e-06,1.2652314090069746e-06
307.0,1.95607004840892e-06,3.175169578285937e-07,-6.68509785267668e-06,-1.2310036479424403e-06,6.9653961361967655e-06,1.2703963578027293e-06
308.0,1.9575046812103647e-06,3.1851261692674666e-07,-6.690686730481676e-06,-1.2359084504969702e-06,6.971162994967488e-06,1.2753838876609697e-06
309.0,1.958997944945251e-06,3.194657276416032e-07,-6.696238858405756e-06,-1.240640075252051e-06,6.976911049821615e-06,1.2801932656503683e-06
310.0,1.9603707839543905e-06,3.2037643552813415e-07,-6.701612175585847e-06,-1.2451977402965302e-06,6.9824536777942485e-06,1.2848237807252045e-06
311.0,1.9615038039100252e-06,3.21244898999038e-07,-6.706726759286852e-06,-1.2495806828923997e-06,6.987680659309483e-06,1.2892747439250202e-06
312.0,1.962455395854157e-06,3.220712885438063e-07,-6.711502863743224e-06,-1.2537881599220855e-06,6.9925318641212205e-06,1.2935454885840318e-06
313.0,1.9633785810491133e-06,3.2285578591800724e-07,-6.716096209891109e-06,-1.2578194483550814e-06,6.9971997079571875e-06,1.2976353705506951e-06
314.0,1.9642573849953937e-06,3.235985833050101e-07,-6.720522268632845e-06,-1.2616738457335788e-06,7.00169455472737e-06,1.3015437684177184e-06
315.0,1.96511966291113e-06,3.2429988245250767e-07,-6.724936975122109e-06,-1.2653506706765783e-06,7.00617389228418e-06,1.3052700837627007e-06
316.0,1.965914724483264e-06,3.2495989378632996e-07,-6.729201074862079e-06,-1.2688492634017974e-06,7.010489840935872e-06,1.3088137413994474e-06
317.0,1.9666403932305787e-06,3.255788355041738e-07,-6.733352449217467e-06,-1.2721689862645053e-06,7.01467815667041e-06,1.3121741896398675e-06
318.0,1.967298458527278e-06,3.261569326519935e-07,-6.737479256668788e-06,-1.2753092243122084e-06,7.018823972644278e-06,1.3153509005661963e-06
319.0,1.9678138616363583e-06,3.2669441618591267e-07,-6.741495120865526e-06,-1.2782693858539048e-06,7.0228233538016526e-06,1.318343370313124e-06
320.0,1.9682619666339107e-06,3.271915220226189e-07,-6.745307971900427e-06,-1.281048903042423e-06,7.026609054521323e-06,1.3211511193592391e-06
321.0,1.968735766105789e-06,3.276484900812907e-07,-6.748929231137346e-06,-1.2836472324681656e-06,7.030218082225065e-06,1.3237736928270343e-06
322.0,1.969191690154304e-06,3.2806556332017824e-07,-6.752215271799145e-06,-1.286063855762414e-06,7.033500336908384e-06,1.326210660790581e-06
323.0,1.969548959090961e-06,3.2844298677100706e-07,-6.755143071801584e-06,-1.2882982802081974e-06,7.036411089665329e-06,1.3284616185898547e-06
324.0,1.969853015537648e-06,3.2878100657439724e-07,-6.757817249791742e-06,-1.2903500393566213e-06,7.039063494841171e-06,1.3305261871505855e-06
325.0,1.9702250968200996e-06,3.29079869019492e-07,-6.760386029924792e-06,-1.2922186936464594e-06,7.041633773900916e-06,1.3324040133084197e-06
326.0,1.970672176526689e-06,3.293398195909645e-07,-6.7628679984443885e-06,-1.29390383102473e-06,7.044141707242952e-06,1.3340947701361012e-06
327.0,1.971124897276466e-06,3.295611020265254e-07,-6.765102391836919e-06,-1.2954050675659097e-06,7.04641353687823e-06,1.3355981572722933e-06
328.0,1.971641918258049e-06,3.297439573879873e-07,-6.767150452169357e-06,-1.2967220480873672e-06,7.048524462334526e-06,1.3369139012505782e-06
329.0,1.9722489106865915e-06,3.29888623148859e-07,-6.769030574893531e-06,-1.297854446758529e-06,7.050499322001804e-06,1.3380417558270784e-06
330.0,1.972916736675545e-06,3.2999533230135714e-07,-6.770872514105797e-06,-1.2988019677012232e-06,7.052454540947275e-06,1.3389815023050628e-06
331.0,1.9734342796839943e-06,3.300643124856391e-07,-6.7725139881735785e-06,-1.2995643455785842e-06,7.054175258401132e-06,1.3397329498548056e-06
332.0,1.9737115568851937e-06,3.300957851439883e-07,-6.773890055211673e-06,-1.3001413461698522e-06,7.055573951839622e-06,1.3402959358269037e-06
333.0,1.973854795750407e-06,3.300899647026351e-07,-6.774956986144165e-06,-1.3005327669283508e-06,7.0566383582276985e-06,1.3406703260572004e-06
334.0,1.9739113319428014e-06,3.300470577838675e-07,-6.775819478055389e-06,-1.3007384375199004e-06,7.057482238416687e-06,1.3408560151614218e-06
335.0,1.9738874861841005e-06,3.2996726245107443e-07,-6.776645723072239e-06,-1.3007582203389101e-06,7.0582688432892274e-06,1.3408529268176183e-06
336.0,1.9737456288526634e-06,3.298507674893636e-07,-6.777471078189823e-06,-1.300592010999381e-06,7.05902160523075e-06,1.3406610140344945e-06
337.0,1.9734993175479776e-06,3.2969775172438876e-07,-6.778163486265143e-06,-1.3002397387980607e-06,7.0596175394209825e-06,1.3402802594037139e-06
338.0,1.9731537157507972e-06,3.295083833820054e-07,-6.778547174290939e-06,-1.2997013671469958e-06,7.059889331998685e-06,1.3397106753342662e-06
339.0,1.972740172023757e-06,3.292828194913381e-07,-6.778738464441325e-06,-1.2989768939727643e-06,7.059957432988719e-06,1.3389523042670119e-06
340.0,1.9722438174274437e-06,3.2902120533378333e-07,-6.778760807124584e-06,-1.298066352079714e-06,7.059840207511011e-06,1.3380052188675382e-06
341.0,1.9716928179591697e-06,3.287236739403812e-07,-6.778588738376445e-06,-1.2969698094746232e-06,7.059521078121074e-06,1.336869522195528e-06
342.0,1.9711487986573406e-06,3.2839034563985994e-07,-6.778279991126457e-06,-1.2956873696503023e-06,7.0590726887144e-06,1.3355453478489056e-06
343.0,1.970696019731877e-06,3.280213276594891e-07,-6.777781239308833e-06,-1.2942191718258053e-06,7.058467349936093e-06,1.334032860081108e-06
344.0,1.9702883344574484e-06,3.2761671378066416e-07,-6.776999657287508e-06,-1.2925653911410755e-06,7.0576030262245626e-06,1.3323322538899427e-06
345.0,1.9698526138867134e-06,3.2717658405089185e-07,-6.7758542234286345e-06,-1.2907262388040552e-06,7.056381493201171e-06,1.3304437550765928e-06
346.0,1.969416969727078e-06,3.2670100455355247e-07,-6.77444425511986e-06,-1.2887019621885012e-06,7.054905964389282e-06,1.3283676202734762e-06
347.0,1.969076770108602e-06,3.261900272364943e-07,-6.7728918569098795e-06,-1.2864928448810038e-06,7.053320312588779e-06,1.3261041369398051e-06
348.0,1.9688547529539413e-06,3.256436898001685e-07,-6.771202606947746e-06,-1.284099206675957e-06,7.051636248599702e-06,1.3236536233238427e-06
349.0,1.9686459948875523e-06,3.25062015645655e-07,-6.769237822668028e-06,-1.2815214035175051e-06,7.049691323244315e-06,1.3210164283910156e-06
350.0,1.9684371580785953e-06,3.2444501388256025e-07,-6.767081004888098e-06,-1.2787598273877497e-06,7.04756200199912e-06,1.318192931717195e-06
351.0,1.9682474539650663e-06,3.2379267939640506e-07,-6.764831208594391e-06,-1.2758149061407724e-06,7.045348772119987e-06,1.3151835433466068e-06
352.0,1.968075056923979e-06,3.2310499297477116e-07,-6.762573501795099e-06,-1.272687103282283e-06,7.043132811247247e-06,1.3119887036139842e-06
353.0,1.967838724081794e-06,3.223819214911471e-07,-6.760051706744541e-06,-1.2693769176949587e-06,7.040645447816247e-06,1.3086088829307351e-06
354.0,1.967478934022937e-06,3.216234181451178e-07,-6.757141993884996e-06,-1.2658848833097923e-06,7.037751152275003e-06,1.3050445815350445e-06
355.0,1.967011659803619e-06,3.2082942275728024e-07,-6.7538586160931224e-06,-1.2622115687240141e-06,7.034468073420953e-06,1.3012963292060042e-06
356.0,1.966498886951662e-06,3.1999986211704167e-07,-6.750396652988044e-06,-1.258357576766408e-06,7.031000842344873e-06,1.2973646849420428e-06
357.0,1.965990711588761e-06,3.1913465038126833e-07,-6.746879959884655e-06,-1.2543235440110875e-06,7.027482384975892e-06,1.2932502366041135e-06
358.0,1.9654542807723274e-06,3.1823368952159527e-07,-6.743297201128318e-06,-1.2501101402410334e-06,7.023892629628621e-06,1.2889536005242745e-06
359.0,1.9648866896870842e-06,3.1729686981807955e-07,-6.739584195336601e-06,-1.2457180678629114e-06,7.020169145351155e-06,1.2844754210804764e-06
360.0,1.9642715819445655e-06,3.163240703967782e-07,-6.735668986346255e-06,-1.241148061274872e-06,7.016238275690314e-06,1.279816370238512e-06
361.0,1.963514907166175e-06,3.153151598087586e-07,-6.731580865448894e-06,-1.236400886189205e-06,7.012101806073659e-06,1.2749771470622348e-06
362.0,1.9625327102867907e-06,3.1426999664800245e-07,-6.7273616615737275e-06,-1.2314773389118728e-06,7.007776363766016e-06,1.2699584771932734e-06
363.0,1.9613189056466585e-06,3.1318843020564497e-07,-6.723064918334742e-06,-1.2263782455810828e-06,7.003311627065466e-06,1.2647611123016142e-06
364.0,1.959972086490458e-06,3.120703011579921e-07,-6.718638067115812e-06,-1.2211044613672047e-06,6.998684737628882e-06,1.259385829508539e-06
365.0,1.9585994440185495e-06,3.1091544228577003e-07,-6.714020562348377e-06,-1.2156568696364578e-06,6.993867591951294e-06,1.2538334307835454e-06
366.0,1.9572394384936853e-06,3.097236792220732e-07,-6.7090019225668485e-06,-1.2100363810809247e-06,6.988668901629319e-06,1.2481047423169923e-06
367.0,1.9559077495123756e-06,3.084948312264665e-07,-6.703626110216021e-06,-1.204243932817589e-06,6.983135266495455e-06,1.2422006138703523e-06
368.0,1.954539429721569e-06,3.0722871198267105e-07,-6.698021224049722e-06,-1.1982804874592165e-06,6.977371475000944e-06,1.2361219181060606e-06
369.0,1.9531552942764208e-06,3.0592513041720216e-07,-6.692352540360602e-06,-1.1921470321600447e-06,6.971542019383589e-06,1.229869549899073e-06
370.0,1.9518650349326094e-06,3.0458389153624536e-07,-6.686618129747579e-06,-1.1858445776393635e-06,6.96567578398977e-06,1.223444425632334e-06
371.0,1.9506724793783015e-06,3.032047972779498e-07,-6.68077834936609e-06,-1.1793741571861629e-06,6.959735804983016e-06,1.2168474824784178e-06
372.0,1.9494321725488373e-06,3.017876473771974e-07,-6.674844880816266e-06,-1.1727368256480982e-06,6.953692542694679e-06,1.2100796776696424e-06
373.0,1.9482163919615214e-06,3.0033224023977096e-07,-6.668851485036598e-06,-1.1659336584080675e-06,6.947598667121065e-06,1.2031419877589588e-06
374.0,1.947171744953735e-06,2.9883837382271005e-07,-6.6628183730821355e-06,-1.1589657503517155e-06,6.941514710567647e-06,1.1960354078739028e-06
375.0,1.9462420108029566e-06,2.9730584651751535e-07,-6.6565124042794466e-06,-1.151834214829205e-06,6.935201176097235e-06,1.1887609509658788e-06
376.0,1.945272877140747e-06,2.95734458032747e-07,-6.649721504548012e-06,-1.1445401826145934e-06,6.928411264827436e-06,1.1813196470570234e-06
377.0,1.94419934695933e-06,2.9412401027247904e-07,-6.642593152694776e-06,-1.1370848008661867e-06,6.921268300892879e-06,1.1737125424868854e-06
378.0,1.943004230592349e-06,2.924743082070203e-07,-6.635237261243265e-06,-1.129469232091253e-06,6.913872934404479e-06,1.165940699161178e-06
379.0,1.9416917713399595e-06,2.907851607323124e-07,-6.6277259749281114e-06,-1.1216946531185126e-06,6.9062955724198555e-06,1.1580051938048709e-06
380.0,1.9403423238417705e-06,2.8905638151446407e-07,-6.620087673325781e-06,-1.1137622540818119e-06,6.898586024411932e-06,1.149907117221906e-06
381.0,1.938985969007767e-06,2.87287789815977e-07,-6.612416607709726e-06,-1.1056732374183662e-06,6.89084319818151e-06,1.1416475735638225e-06
382.0,1.9374465453636525e-06,2.854792113003597e-07,-6.604692724232475e-06,-1.0974288168848881e-06,6.882998263669034e-06,1.133227679609553e-06
383.0,1.9357458647950576e-06,2.8363047881200485e-07,-6.596878807052509e-06,-1.089030216594808e-06,6.875021603457671e-06,1.1246485640585912e-06
384.0,1.9340045831484076e-06,2.8174143312841484e-07,-6.588994695355677e-06,-1.0804786700796361e-06,6.866966202266055e-06,1.1159113668396463e-06
385.0,1.932180036773312e-06,2.798119236821034e-07,-6.581007010064699e-06,-1.0717754193773497e-06,6.858788009628671e-06,1.107017238436803e-06
386.0,1.930183481879677e-06,2.778418092497578e-07,-6.5728798536723865e-06,-1.0629217141504744e-06,6.85042756654893e-06,1.0979673392350738e-06
387.0,1.928020085167903e-06,2.758309586065239e-07,-6.564648138085438e-06,-1.0539188108363286e-06,6.841919805557462e-06,1.0887628388871185e-06
388.0,1.925796936558255e-06,2.737792511435525e-07,-6.556323269679698e-06,-1.0447679718316865e-06,6.83330583666505e-06,1.0794049157027683e-06
389.0,1.9235650649263025e-06,2.7168657744722063e-07,-6.547853402094628e-06,-1.035470464713887e-06,6.82455029539142e-06,1.0698947560628682e-06
390.0,1.921436589363834e-06,2.6955283983870646e-07,-6.539190747500978e-06,-1.026027561500231e-06,6.815638942839367e-06,1.060233553858828e-06
391.0,1.9193820642027237e-06,2.6737795287283885e-07,-6.530251919323327e-06,-1.0164405379473004e-06,6.806483500179009e-06,1.0504225099591549e-06
392.0,1.9173063314781302e-06,2.651618437953656e-07,-6.521060818720503e-06,-1.006710672891664e-06,6.797080091493541e-06,1.0404628317041313e-06
393.0,1.915183331147041e-06,2.629044529579864e-07,-6.511790657637295e-06,-9.96839247633258e-07,6.787587550875188e-06,1.0303557324296937e-06
394.0,1.9129990757038584e-06,2.606057341906864e-07,-6.502471621372408e-06,-9.868275453625863e-07,6.778030882962789e-06,1.0201024310214814e-06
395.0,1.910723066878006e-06,2.5826565513109016e-07,-6.492946816760714e-06,-9.766768506327226e-07,6.768250956013879e-06,1.0097041514999233e-06
396.0,1.9084263144231173e-06,2.558841975107375e-07,-6.483170746474087e-06,-9.663884488769563e-07,6.75822416952264e-06,9.991621226371402e-07
397.0,1.9061784639340384e-06,2.534613573983637e-07,-6.473179719468369e-06,-9.559636259727673e-07,6.748005039780463e-06,9.884775776063441e-07
398.0,1.9040255445079701e-06,2.509971454004468e-07,-6.462976842758206e-06,-9.454036678526604e-07,6.73760958680211e-06,9.776517536643192e-07
399.0,1.9019281429222268e-06,2.4849158681945885e-07,-6.452704187864811e-06,-9.347098601622422e-07,6.72716299764824e-06,9.66685891867478e-07
400.0,1.899733907073653e-06,2.459447217704388e-07,-6.442407560147689e-06,-9.238834879657572e-07,6.716666143909003e-06,9.555812368218654e-07
401.0,1.8973750153805646e-06,2.433566052566872e-07,-6.432080432050569e-06,-9.129258354991186e-07,6.706093544930478e-06,9.443390364673791e-07
402.0,1.8948268001584e-06,2.4072730720558044e-07,-6.421714986437621e-06,-9.018381859702835e-07,6.695430678428092e-06,9.329605418963322e-07
403.0,1.8921618148703967e-06,2.3805691246571782e-07,-6.411245456139358e-06,-8.906218214066084e-07,6.684634966288077e-06,9.214470072063579e-07
404.0,1.8895135121543838e-06,2.3534552076684402e-07,-6.400663093653058e-06,-8.792780225486187e-07,6.6737357867289245e-06,9.097996893875117e-07
405.0,1.886807178719252e-06,2.325932466442236e-07,-6.389931329009446e-06,-8.678080687894155e-07,6.662676918410717e-06,8.980198482432978e-07
406.0,1.8839350952870593e-06,2.2980021932937843e-07,-6.379070125850372e-06,-8.562132381587528e-07,6.65144699398341e-06,8.861087463452284e-07
407.0,1.8809150530429974e-06,2.2696658260932105e-07,-6.368063106998445e-06,-8.444948073506377e-07,6.640035329083606e-06,8.740676490204143e-07
408.0,1.8778253420836943e-06,2.240924946566263e-07,-6.356946931296292e-06,-8.326540517931563e-07,6.62849924965592e-06,8.618978243715971e-07
409.0,1.8746861582263907e-06,2.2117812783287186e-07,-6.345752581682351e-06,-8.206922457590841e-07,6.616874187996463e-06,8.496005433289538e-07
410.0,1.8714624442639494e-06,2.182236684681413e-07,-6.334414908382158e-06,-8.086106625157336e-07,6.605087729305685e-06,8.371770797329437e-07
411.0,1.8681985200219575e-06,2.1522931661941043e-07,-6.322972934291737e-06,-7.964105745123884e-07,6.593189853022442e-06,8.246287104474055e-07
412.0,1.8648638092089165e-06,2.121952858107282e-07,-6.311280603299441e-06,-7.840932536036025e-07,6.581031824910205e-06,8.119567155020698e-07
413.0,1.8615088411000347e-06,2.09121802758146e-07,-6.299408628229752e-06,-7.716599713065925e-07,6.568695778532375e-06,7.991623782636197e-07
414.0,1.8582064306160717e-06,2.06009107082353e-07,-6.287535316285009e-06,-7.591119990909237e-07,6.556373349063806e-06,7.862469856343971e-07
415.0,1.8549683089563729e-06,2.0285745101192172e-07,-6.275730613514163e-06,-7.464506086986733e-07,6.544134943644677e-06,7.732118282778301e-07
416.0,1.8517738852863452e-06,1.9966709907997788e-07,-6.263822876328984e-06,-7.336770724932651e-07,6.531810128000568e-06,7.60058200869637e-07
417.0,1.8485883036267747e-06,1.9643832781696902e-07,-6.2517358928593225e-06,-7.207926638351909e-07,6.519315944972392e-06,7.467874023738423e-07
418.0,1.8453984158284253e-06,1.9317142544203368e-07,-6.239351126424708e-06,-7.077986574828703e-07,6.506535006588325e-06,7.334007363426292e-07
419.0,1.84219123691709e-06,1.8986669155527081e-07,-6.226721819435621e-06,-6.946963300169778e-07,6.493514700838813e-06,7.198995112390658e-07
420.0,1.8390081031049998e-06,1.8652443683298875e-07,-6.213914075403615e-06,-6.814869602866527e-07,6.480330156696109e-06,7.062850407817649e-07
421.0,1.8359167884562932e-06,1.8314498272777738e-07,-6.201030810171204e-06,-6.681718298761275e-07,6.4670993159861255e-06,6.925586443105841e-07
422.0,1.8328889425933692e-06,1.797286611750075e-07,-6.188046129618208e-06,-6.547522235904391e-07,6.453789334814386e-06,6.787216471725339e-07
423.0,1.8298630667656912e-06,1.7627581430711723e-07,-6.174878476983281e-06,-6.412294299590157e-07,6.440304577318102e-06,6.647753811271039e-07
424.0,1.8268215860872683e-06,1.7278679417681174e-07,-6.161482809519114e-06,-6.276047417560545e-07,6.426596884774551e-06,6.507211847702837e-07
425.0,1.8237631874140625e-06,1.6926196249008187e-07,-6.1479499333660925e-06,-6.138794565367214e-07,6.412752961633782e-06,6.36560403976586e-07
426.0,1.8206550163324398e-06,1.6570169034975168e-07,-6.1344684600395105e-06,-6.00054877188298e-07,6.398944286030001e-06,6.222943923584315e-07
427.0,1.8175251060570385e-06,1.6210635801010297e-07,-6.121074185683195e-06,-5.861323124954794e-07,6.385213128610887e-06,6.079245117422745e-07
428.0,1.814248554304898e-06,1.5847635464299357e-07,-6.1074134470318064e-06,-5.72113077719089e-07,6.371184884288192e-06,5.934521326608689e-07
429.0,1.810762222886897e-06,1.548120781157941e-07,-6.093511931204443e-06,-5.579984951874943e-07,6.356866168448507e-06,5.788786348610752e-07
430.0,1.8072385695178106e-06,1.511139347814116e-07,-6.079757487564841e-06,-5.437898949000355e-07,6.34267785361621e-06,5.642054078266099e-07
431.0,1.8037028301221003e-06,1.4738233928064025e-07,-6.0661184845822724e-06,-5.294886151417623e-07,6.328596793000894e-06,5.494338513151216e-07
432.0,1.8001264725231447e-06,1.436177143570818e-07,-6.0523640244558585e-06,-5.150960031087626e-07,6.314393526032895e-06,5.345653759089692e-07
433.0,1.7964041637286154e-06,1.3982049068489093e-07,-6.038351518966589e-06,-5.006134155433354e-07,6.299901347328196e-06,5.196014035790411e-07
434.0,1.7925743355517998e-06,1.35991106709633e-07,-6.02416923795035e-06,-4.86042219378221e-07,6.285215808223794e-06,5.045433682609405e-07
435.0,1.7887050610121413e-06,1.321300085025751e-07,-6.0099646742028945e-06,-4.7138379238907105e-07,6.270497682039054e-06,4.893927164428303e-07
436.0,1.7846682146827053e-06,1.2823764962877348e-07,-5.9957913232655535e-06,-4.5663952385430696e-07,6.255761682532772e-06,4.74150907764219e-07
437.0,1.7803808636529528e-06,1.2431449102936088e-07,-5.981368861485148e-06,-4.41810815221486e-07,6.240715461932692e-06,4.588194156249505e-07
438.0,1.7759938731598535e-06,1.203610009184658e-07,-5.966716673244665e-06,-4.268990807792619e-07,6.225420636091767e-06,4.433997278036345e-07
439.0,1.7717996881050357e-06,1.1637765469521071e-07,-5.952396060882048e-06,-4.1190574833399263e-07,6.210498611252822e-06,4.2789334708473047e-07
440.0,1.7676357814688792e-06,1.1236493487121853e-07,-5.938217631451526e-06,-3.968322598900043e-07,6.1957214991000735e-06,4.123017918934534e-07
441.0,1.763382957820081e-06,1.083233310140059e-07,-5.9240829279882945e-06,-3.816800723324847e-07,6.1809609280121375e-06,3.9662659693761366e-07
442.0,1.7590844529902228e-06,1.0425333970654828e-07,-5.909825391559043e-06,-3.664506581119377e-07,6.166069596709715e-06,3.8086931385544546e-07
443.0,1.7547418893204547e-06,1.0015546452317366e-07,-5.894888947810539e-06,-3.511455059291078e-07,6.1505150032460505e-06,3.650315118684152e-07
444.0,1.7505542441176303e-06,9.60302160217771e-08,-5.879608033609873e-06,-3.357661214192985e-07,6.134674464915641e-06,3.491147784379713e-07
445.0,1.7467057022713117e-06,9.187811175215761e-08,-5.864636886454555e-06,-3.2031402783505493e-07,6.119227616318133e-06,3.3312071992518393e-07
446.0,1.7428238863748113e-06,8.769967628005785e-08,-5.849699289128818e-06,-3.047907667262454e-07,6.103803475879019e-06,3.1705096225223063e-07
447.0,1.7389108956655797e-06,8.349544122624664e-08,-5.8346963220379244e-06,-2.891978986166683e-07,6.088307833336562e-06,3.0090715156469257e-07
448.0,1.7350353072598246e-06,7.926594531974028e-08,-5.819470352497191e-06,-2.7353700367637506e-07,6.072609216887909e-06,2.846909548936278e-07
449.0,1.7311256762242433e-06,7.501173446401976e-08,-5.803780306179451e-06,-2.5780968238898746e-07,6.056456220371719e-06,2.6840406081639635e-07
450.0,1.7271746897418172e-06,7.073336181488743e-08,-5.7876098838449686e-06,-2.420175562133419e-07,6.0398311711888696e-06,2.5204818011521125e-07
451.0,1.7236672294473898e-06,6.643138786841584e-08,-5.771910122687185e-06,-2.2616226823888042e-07,6.0237841248047425e-06,2.3562504643241236e-07
452.0,1.720490955814391e-06,6.210638055728769e-08,-5.75659388624139e-06,-2.102454838342483e-07,6.008199588907718e-06,2.1913641692145613e-07
453.0,1.7171614866973162e-06,5.7758915353706735e-08,-5.741226549171863e-06,-1.942688912885764e-07,5.992522495603366e-06,2.0258407289260544e-07
454.0,1.7134467270307763e-06,5.338957537699898e-08,-5.725676974432936e-06,-1.7823420244490906e-07,5.976560591337126e-06,1.859698204522582e-07
455.0,1.70928398440795e-06,4.899895150403477e-08,-5.709886901794636e-06,-1.6214315332518637e-07,5.960239942371403e-06,1.6929549113481648e-07
456.0,1.7047621162780136e-06,4.4587642480698186e-08,-5.6936354418390955e-06,-1.4599750474612878e-07,5.943374329256316e-06,1.5256294252596475e-07
457.0,1.7003923477865168e-06,4.0156255032806384e-08,-5.67738141205032e-06,-1.2979904292531407e-07,5.9265499098805725e-06,1.3577405887621795e-07
458.0,1.696362154524067e-06,3.570540397511883e-08,-5.661726163952441e-06,-1.135495800766601e-07,5.91039657847806e-06,1.1893075170360061e-07
459.0,1.6922695169896418e-06,3.123571231734226e-08,-5.646504681211528e-06,-9.725095499445042e-08,5.894640890934414e-06,1.0203496038431887e-07
460.0,1.687679386824792e-06,2.6747811366323907e-08,-5.631401267025549e-06,-8.09050336249212e-08,5.878855496010279e-06,8.508865273025512e-08
461.0,1.6824097907597313e-06,2.2242340823922246e-08,-5.61588286090986e-06,-6.451370962430949e-08,5.862477548912688e-06,6.809382555208758e-08
462.0,1.6766119336208973e-06,1.7719948880351067e-08,-5.599709612225112e-06,-4.8078904902145185e-08,5.845320805328508e-06,5.105250520681284e-08
463.0,1.6707874061772099e-06,1.3181292303100567e-08,-5.583250432816822e-06,-3.16025701484989e-08,5.82788263026887e-06,3.396674812847477e-08
464.0,1.6654482587197261e-06,8.62703652180942e-09,-5.567066025446987e-06,-1.5086685343874787e-08,5.8108469291626225e-06,1.683864134094715e-08
465.0,1.6606730976476136e-06,4.057855709660243e-09,-5.551396522807117e-06,1.466739749561427e-09,5.794466195490787e-06,-3.296970483084757e-10
466.0,1.656039026631806e-06,-5.255671380345059e-10,-5.536110622761381e-06,1.8055665116706306e-08,5.778493409633607e-06,-1.753611737455308e-08
467.0,1.6510199019881266e-06,-5.122540127397869e-09,-5.520616263521294e-06,3.467802003946814e-08,5.7622105693749774e-06,-3.4778437963172804e-08
468.0,1.6456523068142381e-06,-9.732362391144423e-09,-5.504353829899333e-06,5.133170266918139e-08,5.7450920444889724e-06,-5.205444469919771e-08
469.0,1.640380928841223e-06,-1.4354324014920996e-08,-5.487534118164827e-06,6.801457962265929e-08,5.72746717927995e-06,-6.936189061993781e-08
470.0,1.6356924933125239e-06,-1.8987705964633876e-08,-5.47092449337816e-06,8.472448560294102e-08,5.710210569228075e-06,-8.669849553168734e-08
471.0,1.6314816382312358e-06,-2.3631780014819826e-08,-5.45453714045907e-06,1.0145922304563088e-07,5.693303764294778e-06,-1.0406194565137051e-07
472.0,1.6275994230707802e-06,-2.8285808678430137e-08,-5.438626071496699e-06,1.1821656179156005e-07,5.676947544899808e-06,-1.2144989327392458e-07
473.0,1.6236148424053631e-06,-3.2949045138747706e-08,-5.422421411604983e-06,1.3499423878633948e-07,5.660280834155772e-06,-1.388599564661718e-07
474.0,1.6192937219439152e-06,-3.76207331845195e-08,-5.405141861480889e-06,1.5178995780723094e-07,5.6424879885259895e-06,-1.56289718787892e-07
475.0,1.6152177033657011e-06,-4.230010714972209e-08,-5.387746679852423e-06,1.6860138921762486e-07,5.624654879681666e-06,-1.7373672904077083e-07
476.0,1.611658707351138e-06,-4.6986391859668174e-08,-5.370914147651007e-06,1.8542616974927297e-07,5.6075094801898e-06,-1.9119850104585713e-07
477.0,1.6081721304905816e-06,-5.167880258538985e-08,-5.354188428730033e-06,2.0226190231231992e-07,5.590487575483305e-06,-2.0867251345011335e-07
478.0,1.6044559821570825e-06,-5.6376545008398285e-08,-5.337664018500998e-06,2.1910615583309739e-07,5.573592752711654e-06,-2.2615620956262678e-07
479.0,1.6002842762874447e-06,-6.107881519800116e-08,-5.321229828381124e-06,2.3595646511964054e-07,5.556653367935221e-06,-2.4364699722106263e-07
480.0,1.5956488758350762e-06,-6.578479960335119e-08,-5.303892395169818e-06,2.528103307549292e-07,5.538715543742427e-06,-2.611422486889751e-07
481.0,1.5912999271339157e-06,-7.04936750622891e-08,-5.286810179805368e-06,2.6966521901792843e-07,5.521104720560014e-06,-2.786393005846404e-07
482.0,1.587275860581716e-06,-7.520460882885103e-08,-5.2702393457670915e-06,2.865185618326143e-07,5.504077344955916e-06,-2.961354538421169e-07
483.0,1.5830890149060028e-06,-7.991675862105351e-08,-5.253934470816901e-06,3.033677567453062e-07,5.487257808118198e-06,-3.1362797370529717e-07
484.0,1.578602293828002e-06,-8.462927269026387e-08,-5.2382015812701965e-06,3.202101669308078e-07,5.470899469749066e-06,-3.3111408975580344e-07
485.0,1.5734766579400539e-06,-8.934128991311779e-08,-5.222395715542838e-06,3.370431212280712e-07,5.4542869197359235e-06,-3.485909959756777e-07
486.0,1.567836656640731e-06,-9.40519399065568e-08,-5.205862161516972e-06,3.5386391420631905e-07,5.436829280621247e-06,-3.6605585084592314e-07
487.0,1.5622846060436846e-06,-9.876034316614279e-08,-5.189183616471915e-06,3.7066980626276625e-07,5.419258232981854e-06,-3.8350577748202443e-07
488.0,1.5569006792393036e-06,-1.0346561122738978e-07,-5.172519762564054e-06,3.874580237532445e-07,5.401749755322945e-06,-4.009378638076167e-07
489.0,1.5516890015665474e-06,-1.0816684684947386e-07,-5.156070724154915e-06,4.0422575915716806e-07,5.384496640362029e-06,-4.1834916276748535e-07
490.0,1.5467843975658369e-06,-1.128631442203717e-07,-5.140517451041049e-06,4.2097017127838307e-07,5.368189791448387e-06,-4.3573669258109724e-07
491.0,1.541643509794799e-06,-1.175535891822446e-07,-5.124910358367263e-06,4.3768838548356017e-07,5.3517633442252e-06,-4.5309743703790056e-07
492.0,1.5361731525720401e-06,-1.2223725947572936e-07,-5.108886571181248e-06,4.543774939798827e-07,5.334843010987222e-06,-4.704283458356849e-07
493.0,1.5309247560213457e-06,-1.269132250017036e-07,-5.092910468462719e-06,4.7103455613386934e-07,5.318032309828154e-06,-4.87726334963338e-07
494.0,1.5259852170490529e-06,-1.3158054809905933e-07,-5.076664641223694e-06,4.876565988331942e-07,5.301052231595454e-06,-5.049882871293605e-07
495.0,1.5213094124166826e-06,-1.3623828383704524e-07,-5.060099546039254e-06,5.042406168933443e-07,5.283842327713258e-06,-5.222110522374744e-07
496.0,1.5169756816257873e-06,-1.408854803208275e-07,-5.044006049115257e-06,5.207835735108772e-07,5.267182571560941e-06,-5.393914479106204e-07
497.0,1.5127159705974336e-06,-1.4552117900905993e-07,-5.028152803010499e-06,5.372824007649343e-07,5.250774249396262e-06,-5.565262600645791e-07
498.0,1.5078992460781926e-06,-1.5014441504243248e-07,-5.011544955690894e-06,5.53734000168544e-07,5.233482872737239e-06,-5.73612243532378e-07
499.0,1.503178362310953e-06,-1.547542175823566e-07,-4.9950592746483835e-06,5.701352432711217e-07,5.216336103643119e-06,-5.906461227405873e-07
500.0,1.4991012013132465e-06,-1.5934961015913223e-07,-4.979311888086979e-06,5.864829723134403e-07,5.200081854223368e-06,-6.076245924385275e-07
501.0,1.4951830354104079e-06,-1.639296110291196e-07,-4.963629613885523e-06,6.027740009362139e-07,5.183935884366282e-06,-6.245443184813488e-07
502.0,1.491233456496488e-06,-1.6849323354061123e-07,-4.947971897040215e-06,6.190051149433234e-07,5.1678044773069935e-06,-6.41401938667863e-07
503.0,1.4873928491365707e-06,-1.7303948650825506e-07,-4.932837312066063e-06,6.351730731205865e-07,5.152205492308487e-06,-6.581940636339579e-07
504.0,1.483054024670194e-06,-1.7756737459600428e-07,-4.917142595539659e-06,6.512746081108538e-07,5.135926454395638e-06,-6.749172778023243e-07
505.0,1.4782372543542532e-06,-1.8207589870864396e-07,-4.90071235964562e-06,6.673064273460591e-07,5.118805232878484e-06,-6.915681403891103e-07
506.0,1.4738764015920225e-06,-1.8656405639196682e-07,-4.884599368759623e-06,6.832652140366631e-07,5.102119426322434e-06,-7.081431864679434e-07
507.0,1.4698257858603014e-06,-1.9103084224165135e-07,-4.868779610534002e-06,6.991476282187221e-07,5.085804040339293e-06,-7.246389280915494e-07
508.0,1.4656123087652961e-06,-1.9547524832085046e-07,-4.853021258799384e-06,7.149503078585958e-07,5.069500446588707e-06,-7.410518554709883e-07
509.0,1.4611062198466307e-06,-1.998962645864437e-07,-4.837149586933709e-06,7.306698700151136e-07,5.0530038108087214e-06,-7.573784382123147e-07
510.0,1.4564449335174867e-06,-2.0429287932383827e-07,-4.821902280849333e-06,7.463029120588692e-07,5.037060000677851e-06,-7.736151266103082e-07
511.0,1.4516706099143573e-06,-2.086640795901271e-07,-4.806962868419973e-06,7.618460129481756e-07,5.021378254827801e-06,-7.897583529987765e-07
512.0,1.4471800070803287e-06,-2.1300885166532362e-07,-4.792027440914115e-06,7.772957345611297e-07,5.0057823531758655e-06,-8.058045331568157e-07
513.0,1.4431798320280187e-06,-2.173261815113138e-07,-4.777203871875191e-06,7.926486230831538e-07,4.990435337826925e-06,-8.217500677703163e-07
514.0,1.439290697929918e-06,-2.2161505523810433e-07,-4.762441312700094e-06,8.079012104492957e-07,4.975178888247154e-06,-8.375913439479086e-07
515.0,1.4353067566696964e-06,-2.2587445957690135e-07,-4.747616780653718e-06,8.230500158404873e-07,4.959835741401772e-06,-8.533247367904438e-07
516.0,1.4311508600983736e-06,-2.3010338235952156e-07,-4.732934456352922e-06,8.380915472328398e-07,4.944578986374172e-06,-8.689466110129841e-07
517.0,1.4268097842107252e-06,-2.3430081300358953e-07,-4.7183463938171855e-06,8.530223029989273e-07,4.929358868287751e-06,-8.84453322618138e-07
518.0,1.422405134454685e-06,-2.384657430029136e-07,-4.703651189763569e-06,8.678387735598507e-07,4.914017794176909e-06,-8.998412206194128e-07
519.0,1.4181721126049762e-06,-2.4259716642235255e-07,-4.6886675829083124e-06,8.825374430867167e-07,4.898450351283121e-06,-9.15106648813077e-07
520.0,1.4141779235143925e-06,-2.466940803964017e-07,-4.673542853494972e-06,8.971147912500029e-07,4.882817015085596e-06,-9.302459475968416e-07
521.0,1.410461967693566e-06,-2.5075548563065164e-07,-4.65893122125749e-06,9.115672950151178e-07,4.867755446478162e-06,-9.452554558335056e-07
522.0,1.4069039996900123e-06,-2.5478038690520837e-07,-4.645106926770559e-06,9.258914304823405e-07,4.85349330127029e-06,-9.601315127575582e-07
523.0,1.4032377231576465e-06,-2.5876779357910734e-07,-4.631831461821001e-06,9.400836747692351e-07,4.839725074671859e-06,-9.748704599226404e-07
524.0,1.3991920661260426e-06,-2.627167200946875e-07,-4.618601524619681e-06,9.541405079335946e-07,4.8258904340162246e-06,-9.894686431877003e-07
525.0,1.3948414374909124e-06,-2.6662618648080505e-07,-4.605120911604921e-06,9.680584149349486e-07,4.811727470071705e-06,-1.0039224147396455e-06
526.0,1.39046115169017e-06,-2.704952188536621e-07,-4.591596279412968e-06,9.818338876326481e-07,4.797513794402114e-06,-1.0182281351502312e-06
527.0,1.3861808937365439e-06,-2.7432284991390455e-07,-4.578062524240867e-06,9.954634268184906e-07,4.783320389229525e-06,-1.032382175464848e-06
528.0,1.3821715178219396e-06,-2.781081194385384e-07,-4.564338077439611e-06,1.0089435442817477e-06,4.76902298063695e-06,-1.0463809193207517e-06
529.0,1.3786668735804586e-06,-2.818500747661406e-07,-4.550970335137627e-06,1.022270764904371e-06,4.755213280139052e-06,-1.0602207650921583e-06
530.0,1.3755300433682116e-06,-2.8554777127380644e-07,-4.538271654419557e-06,1.035441628784022e-06,4.742150620711722e-06,-1.073898128059508e-06
531.0,1.3719655618249504e-06,-2.89200272844281e-07,-4.525624163975728e-06,1.0484526933824993e-06,4.729012960057802e-06,-1.0874094426001238e-06
532.0,1.367671426583117e-06,-2.92806652321743e-07,-4.512665096045865e-06,1.0613005356970487e-06,4.715365457752191e-06,-1.1007511643974236e-06
533.0,1.3631769096855706e-06,-2.963659919547307e-07,-4.500011569374962e-06,1.073981754452007e-06,4.70195229788738e-06,-1.113919772665806e-06
534.0,1.3590157022791427e-06,-2.998773838247178e-07,-4.487900381155985e-06,1.086492972308181e-06,4.689154882302493e-06,-1.1269117723882972e-06
535.0,1.3554838870777353e-06,-3.0333993025888156e-07,-4.476292232435952e-06,1.0988308380873374e-06,4.677021351062427e-06,-1.1397236965640255e-06
536.0,1.3525254158319733e-06,-3.067527442256852e-07,-4.464863272213293e-06,1.1109920290091524e-06,4.665225507950355e-06,-1.1523521084625932e-06
537.0,1.3498269979539401e-06,-3.1011494971203296e-07,-4.453504840518097e-06,1.122973252937958e-06,4.653572637116935e-06,-1.1647936038824383e-06
538.0,1.3470742564192228e-06,-3.1342568208094086e-07,-4.442189020792409e-06,1.1347712506365832e-06,4.641944888595299e-06,-1.1770448134103002e-06
539.0,1.3440274703180322e-06,-3.166840884088618e-07,-4.430690229872969e-06,1.1463827980245388e-06,4.630056776548347e-06,-1.1891024046789096e-06
540.0,1.340716906383932e-06,-3.198893278019803e-07,-4.419082671291985e-06,1.1578047084376891e-06,4.617988033632916e-06,-1.200963084619975e-06
541.0,1.337369302800706e-06,-3.23040571690931e-07,-4.407600984301929e-06,1.1690338348864374e-06,4.6060289934924405e-06,-1.2126236017094632e-06
542.0,1.3340285437146715e-06,-3.2613700410349675e-07,-4.396191603583954e-06,1.180067072309311e-06,4.5941411352795366e-06,-1.2240807482020736e-06
543.0,1.3309286458762504e-06,-3.291778219149216e-07,-4.38511967737476e-06,1.190901359818708e-06,4.5826461400934405e-06,-1.2353313623517047e-06
544.0,1.3280820128080961e-06,-3.32162235075554e-07,-4.37441260092708e-06,1.2015336829354787e-06,4.571573846706845e-06,-1.2463723306146495e-06
545.0,1.3253587093642327e-06,-3.350894668156253e-07,-4.3641890976053865e-06,1.2119610758089664e-06,4.561000130250529e-06,-1.2572005898322386e-06
546.0,1.3226241384611814e-06,-3.379587538270696e-07,-4.35446710439491e-06,1.2221806234191382e-06,4.55090302850957e-06,-1.2678131293896845e-06
547.0,1.3198709537531883e-06,-3.407693464223959e-07,-4.34535970333938e-06,1.2321894637574891e-06,4.5413885856604534e-06,-1.2782069933479583e-06
548.0,1.3171170981929325e-06,-3.435205086707257e-07,-4.336736085297499e-06,1.2419847899834678e-06,4.532336850221268e-06,-1.2883792825456288e-06
549.0,1.3142843517111036e-06,-3.4621151851119664e-07,-4.3282844822689626e-06,1.2515638525532563e-06,4.523426789128235e-06,-1.2983271566676894e-06
550.0,1.3113230137307141e-06,-3.4884166784401264e-07,-4.319554221365873e-06,1.260923961317769e-06,4.514212746167325e-06,-1.3080478362784662e-06
551.0,1.3082917590667709e-06,-3.514102625994945e-07,-4.310417121788923e-06,1.2700624875867341e-06,4.5045891145201165e-06,-1.3175386048157054e-06
552.0,1.305370014359486e-06,-3.53916622785561e-07,-4.301169191700538e-06,1.278976866155629e-06,4.4948912434031975e-06,-1.3267968105428855e-06
553.0,1.3025707856495483e-06,-3.5636008251416756e-07,-4.291971552217166e-06,1.2876645972921073e-06,4.48527707691165e-06,-1.3358198684566895e-06
554.0,1.299788302239202e-06,-3.587399900073485e-07,-4.282990414217203e-06,1.2961232486783815e-06,4.4758749445124485e-06,-1.344605262146448e-06
555.0,1.2970505308962377e-06,-3.6105570758367005e-07,-4.274502919898726e-06,1.3043504573058648e-06,4.466958169931855e-06,-1.353150545602255e-06
556.0,1.2945077670356575e-06,-3.633066116260951e-07,-4.266674242636714e-06,1.3123439313182537e-06,4.458728456824347e-06,-1.3614533449683937e-06
557.0,1.292185209222918e-06,-3.654920925324976e-07,-4.259272381845758e-06,1.3201014517991787e-06,4.450971111756232e-06,-1.3695113602387346e-06
558.0,1.290177596813269e-06,-3.6761155465033545e-07,-4.252311409269627e-06,1.327620874500545e-06,4.443727101513267e-06,-1.3773223668908321e-06
559.0,1.2885509372007053e-06,-3.696644161972915e-07,-4.245884512033005e-06,1.3349001315077284e-06,4.437104777586682e-06,-1.3848842174555833e-06
560.0,1.2872738343328027e-06,-3.716501091700127e-07,-4.239847753217951e-06,1.3419372328378521e-06,4.430957333920649e-06,-1.3921948430194587e-06
561.0,1.286151495111243e-06,-3.7356807924339735e-07,-4.233872220427148e-06,1.3487302679674174e-06,4.424913518621759e-06,-1.3992522546564496e-06
562.0,1.2848667365339406e-06,-3.7541778566317864e-07,-4.227492720998427e-06,1.3552774072855736e-06,4.41843606231278e-06,-1.4060545447869872e-06
563.0,1.2832688082997645e-06,-3.7719870113479996e-07,-4.22053683957202e-06,1.361576903469284e-06,4.411316135637943e-06,-1.4125998884611155e-06
564.0,1.2814998326948768e-06,-3.78910311711763e-07,-4.213314599266216e-06,1.3676270927765567e-06,4.403891657793914e-06,-1.418886544563187e-06
565.0,1.2798854125972703e-06,-3.805521166867429e-07,-4.206238887805025e-06,1.3734263962538031e-06,4.3966523913839875e-06,-1.4249128569352698e-06
566.0,1.2786492536442928e-06,-3.8212362848882236e-07,-4.199644076718911e-06,1.3789733208532983e-06,4.389983403723224e-06,-1.4306772554163877e-06
567.0,1.2777323117607597e-06,-3.8362437259021115e-07,-4.193732704937947e-06,1.384266460456702e-06,4.38406134320491e-06,-1.436178256794715e-06
568.0,1.276954312096068e-06,-3.850538874258047e-07,-4.188489641732129e-06,1.3893044968007021e-06,4.378819223726653e-06,-1.4414144656699232e-06
569.0,1.2760861938798662e-06,-3.864117243288892e-07,-4.183711457939054e-06,1.3940862003010584e-06,4.373995603278693e-06,-1.4463845752230916e-06
570.0,1.2751230111240908e-06,-3.876974474862124e-07,-4.17942338304389e-06,1.3986104307716756e-06,4.369613084499839e-06,-1.4510873678918844e-06
571.0,1.274193200923035e-06,-3.889106339154927e-07,-4.175691424079808e-06,1.402876138035758e-06,4.3657722320813015e-06,-1.4555217159490705e-06
572.0,1.2734045808093786e-06,-3.9005087346823104e-07,-4.172427788107225e-06,1.406882362426582e-06,4.362420529178229e-06,-1.459686581982866e-06
573.0,1.2726937299034624e-06,-3.9111776886042065e-07,-4.169332073034049e-06,1.4106282351759297e-06,4.359252145192566e-06,-1.463581019277973e-06
574.0,1.2719049699294604e-06,-3.921109357334347e-07,-4.166098368119098e-06,1.4141129786887274e-06,4.3559290473303015e-06,-1.4672041720965903e-06
575.0,1.270999045094312e-06,-3.930300027470055e-07,-4.16282020115899e-06,1.4173359067029046e-06,4.35252921871962e-06,-1.4705552758590058e-06
576.0,1.269916693441564e-06,-3.9387461170580626e-07,-4.159676684489799e-06,1.4202964243339249e-06,4.349206654985436e-06,-1.4736336572236832e-06
577.0,1.2686488646829197e-06,-3.946444177207115e-07,-4.156730922355578e-06,1.422994028003844e-06,4.346019086788313e-06,-1.4764387340670175e-06
578.0,1.2673585314815217e-06,-3.9533908940535177e-07,-4.154238857245751e-06,1.4254283052551454e-06,4.343258929694324e-06,-1.4789700153631708e-06
579.0,1.2661682713965838e-06,-3.95958309108124e-07,-4.152347887698138e-06,1.4275989344499882e-06,4.341102978732779e-06,-1.4812271009646409e-06
580.0,1.2650627939092551e-06,-3.9650177317937856e-07,-4.150969226901502e-06,1.4295056843559253e-06,4.339461878530187e-06,-1.483209681284494e-06
581.0,1.264024188984969e-06,-3.969691922731066e-07,-4.150036376160404e-06,1.4311484136195793e-06,4.338266828330605e-06,-1.4849175368814767e-06
582.0,1.2630325927909247e-06,-3.9736029168210367e-07,-4.149491243443659e-06,1.4325270701301978e-06,4.337456502360315e-06,-1.4863505379495478e-06
583.0,1.2621382065591824e-06,-3.976748117052993e-07,-4.1492254261310535e-06,1.43364169027542e-06,4.336941836053241e-06,-1.4875086437136747e-06
584.0,1.2614182205994418e-06,-3.979125080457114e-07,-4.149111865026089e-06,1.434492398091974e-06,4.3366237092651396e-06,-1.4883919017340423e-06
585.0,1.2608964266858091e-06,-3.9807315223732097e-07,-4.148962966077363e-06,1.4350794043143243e-06,4.336329495403977e-06,-1.4890004471210595e-06
586.0,1.26049209644985e-06,-3.9815653209905567e-07,-4.148672274606469e-06,1.4354030053245354e-06,4.335933805687184e-06,-1.489334501663762e-06
587.0,1.260216633797162e-06,-3.9816245221402136e-07,-4.148250706548229e-06,1.4354635820067914e-06,4.33545036743323e-06,-1.4893943728743495e-06
588.0,1.260221358045932e-06,-3.9809073443212434e-07,-4.147904411389014e-06,1.4352615985101136e-06,4.33512039940018e-06,-1.4891804529517047e-06
589.0,1.2606122365699246e-06,-3.979412183942705e-07,-4.147803078002887e-06,1.4347976009229046e-06,4.335137089514016e-06,-1.4886932176668325e-06
590.0,1.2613564676910993e-06,-3.9771376207640493e-07,-4.148136484971587e-06,1.4340722158630212e-06,4.335672547199408e-06,-1.4879332251732474e-06
591.0,1.2623217716667412e-06,-3.9740824235175016e-07,-4.149009620757482e-06,1.4330861489871742e-06,4.336788799141827e-06,-1.4869011147454628e-06
592.0,1.2633462634914494e-06,-3.9702455556969646e-07,-4.150388582369047e-06,1.4318401834235971e-06,4.33840629334519e-06,-1.4855976054489024e-06
593.0,1.264310886456288e-06,-3.965626181498698e-07,-4.152164390536228e-06,1.4303351781321194e-06,4.340386059286544e-06,-1.4840234947447457e-06
594.0,1.2652861505202395e-06,-3.960223671899318e-07,-4.15437423140208e-06,1.4285720661959853e-06,4.342784164247166e-06,-1.4821796570334463e-06
595.0,1.2663044387239974e-06,-3.9540376108563756e-07,-4.156853769643476e-06,1.426551853050004e-06,4.345452818030737e-06,-1.4800670421408697e-06
596.0,1.2674125552669668e-06,-3.9470678016159227e-07,-4.159470148923372e-06,1.4242756146498383e-06,4.348278568012055e-06,-1.4776866737511942e-06
597.0,1.2685799731515512e-06,-3.9393142731100527e-07,-4.162117861861159e-06,1.4217444955874375e-06,4.351151599784233e-06,-1.4750396477908609e-06
598.0,1.2697047880594337e-06,-3.930777286425481e-07,-4.164812001827833e-06,1.418959707157779e-06,4.354056644026374e-06,-1.4721271307679648e-06
599.0,1.2705744439345246e-06,-3.921457341321909e-07,-4.167495763485185e-06,1.4159225253822223e-06,4.35687736300283e-06,-1.468950358071528e-06
600.0,1.2711605338056042e-06,-3.91135518277613e-07,-4.170398185121549e-06,1.4126342889938565e-06,4.359824552108726e-06,-1.4655106322351103e-06
601.0,1.2715849398714507e-06,-3.9004718075248524e-07,-4.173676142305016e-06,1.4090963973903174e-06,4.363083863525197e-06,-1.461809321169197e-06
602.0,1.2720331381554928e-06,-3.8888084705760134e-07,-4.177516073289311e-06,1.4053103085596343e-06,4.366887775882987e-06,-1.457847856366804e-06
603.0,1.2726547657659903e-06,-3.8763666916553664e-07,-4.181960575833088e-06,1.4012775369847616e-06,4.371320671221582e-06,-1.4536277310867388e-06
604.0,1.2734352491938772e-06,-3.8631482615524706e-07,-4.186974241870978e-06,1.3969996515325872e-06,4.3763444375392255e-06,-1.4491504985190104e-06
605.0,1.2742633395401715e-06,-3.8491552483281687e-07,-4.192321591989234e-06,1.3924782733333226e-06,4.381701426290388e-06,-1.4444177699369286e-06
606.0,1.2751185585746505e-06,-3.834390003344259e-07,-4.19787798033866e-06,1.3877150736562998e-06,4.387266446915856e-06,-1.4394312128405191e-06
607.0,1.2760733744954234e-06,-3.818855167075441e-07,-4.203583729323057e-06,1.3827117717882704e-06,4.3930034630677996e-06,-1.4341925490959065e-06
608.0,1.2772066098065693e-06,-3.802553674663608e-07,-4.209306965485826e-06,1.3774701329202967e-06,4.398809140417562e-06,-1.4287035530753394e-06
609.0,1.2784755643591161e-06,-3.78548876117528e-07,-4.2149304546601485e-06,1.3719919660492453e-06,4.404558832197042e-06,-1.4229660498024584e-06
610.0,1.2799292188891975e-06,-3.76766396652433e-07,-4.220509112029536e-06,1.366279121899739e-06,4.410319259429033e-06,-1.4169819131073056e-06
611.0,1.28164022880628e-06,-3.749083140024147e-07,-4.226140666696576e-06,1.360333490872186e-06,4.416205000993635e-06,-1.4107530637954071e-06
612.0,1.2836486036338357e-06,-3.7297504445359225e-07,-4.231965657686132e-06,1.3541570010222281e-06,4.4223621590102625e-06,-1.4042814678350687e-06
613.0,1.2859163600886792e-06,-3.7096703601827753e-07,-4.237999650935631e-06,1.3477516160766491e-06,4.428794635843284e-06,-1.3975691345668222e-06
614.0,1.2884215655206699e-06,-3.688847687602738e-07,-4.244409957665507e-06,1.3411193334904769e-06,4.435656210667013e-06,-1.3906181149387663e-06
615.0,1.2911478975974333e-06,-3.6672875507171186e-07,-4.251243972464014e-06,1.3342621825497247e-06,4.442987531704527e-06,-1.3834304997713713e-06
616.0,1.2939904841802186e-06,-3.6449953989941557e-07,-4.2585531715988445e-06,1.3271822225239626e-06,4.450807397370002e-06,-1.3760084180551667e-06
617.0,1.2968382278044643e-06,-3.621977009191072e-07,-4.266209146897015e-06,1.3198815408726566e-06,4.4589606271151105e-06,-1.3683540352845956e-06
618.0,1.2996877288007358e-06,-3.598238486560388e-07,-4.273996796200219e-06,1.3123622515090006e-06,4.4672404016713665e-06,-1.3604695518311792e-06
619.0,1.3025626162954662e-06,-3.5737862655085785e-07,-4.281826300800429e-06,1.3046264931247297e-06,4.475567655571388e-06,-1.3523572013589857e-06
620.0,1.305466394430077e-06,-3.5486271096968313e-07,-4.2897028028621165e-06,1.296676427579158e-06,4.4839483319803505e-06,-1.3440192492852119e-06
621.0,1.3083775323996516e-06,-3.5227681115747026e-07,-4.297641822581522e-06,1.288514238355422e-06,4.492391011754211e-06,-1.3354579912884545e-06
622.0,1.3111609545590763e-06,-3.49621669133805e-07,-4.30566515763342e-06,1.280142129086605e-06,4.500877192105856e-06,-1.3266757518669913e-06
623.0,1.3137139696361988e-06,-3.468980595302648e-07,-4.313797913324535e-06,1.2715623221541381e-06,4.5094009392623774e-06,-1.317674882949108e-06
624.0,1.3160542585710644e-06,-3.441067893684585e-07,-4.322196513806276e-06,1.2627770573605579e-06,4.518117032067912e-06,-1.3084577625572055e-06
625.0,1.3182955139190433e-06,-3.412486977777921e-07,-4.33100483948623e-06,1.2537885906784375e-06,4.527196260564835e-06,-1.2990267935271538e-06
626.0,1.3205803242877234e-06,-3.3832465565194355e-07,-4.34030157941967e-06,1.2445991930770563e-06,4.536755469849433e-06,-1.289384402284095e-06
627.0,1.3229902146028039e-06,-3.3533556524297324e-07,-4.350130640429217e-06,1.2352111494281607e-06,4.5468604219544595e-06,-1.279533037675682e-06
628.0,1.3254679782359613e-06,-3.3228235969198107e-07,-4.360443760675903e-06,1.2256267574919848e-06,4.557448315817343e-06,-1.2694751698635563e-06
629.0,1.3279494037177209e-06,-3.291660024952559e-07,-4.371058737628886e-06,1.2158483269845234e-06,4.568326182163012e-06,-1.2592132892737104e-06
630.0,1.3304145134729328e-06,-3.259874869049548e-07,-4.381733779090791e-06,1.2058781787268576e-06,4.57925689260656e-06,-1.24874990560623e-06
631.0,1.33283202005674e-06,-3.22747835263506e-07,-4.39237559646255e-06,1.1957186438771064e-06,4.590142108267267e-06,-1.2380875469047315e-06
632.0,1.335325820750466e-06,-3.194480982711459e-07,-4.402954327242803e-06,1.1853720632452818e-06,4.600989225737116e-06,-1.2272287586855955e-06
633.0,1.3380533312734588e-06,-3.16089354186287e-07,-4.413488339238825e-06,1.174840786690973e-06,4.611861450426398e-06,-1.216176103126842e-06
634.0,1.3410805482783061e-06,-3.126727079587678e-07,-4.424008690051551e-06,1.1641271726033563e-06,4.622807580531779e-06,-1.2049321583161886e-06
635.0,1.3444025024622608e-06,-3.0919929029646466e-07,-4.434566478028756e-06,1.1532335874625738e-06,4.633875045432619e-06,-1.1934995175575183e-06
636.0,1.3478912057607317e-06,-3.056702566662401e-07,-4.4450526338057905e-06,1.1421624054810221e-06,4.644922348099149e-06,-1.1818807887346584e-06
637.0,1.3516191727236393e-06,-3.0208678623074947e-07,-4.455697857286278e-06,1.1309160083226184e-06,4.656191338798231e-06,-1.1700785937310671e-06
638.0,1.3556798399982917e-06,-2.984500807232093e-07,-4.466850123341359e-06,1.1194967848976445e-06,4.668042186288863e-06,-1.1580955679037487e-06
639.0,1.3599736951863672e-06,-2.947613632628204e-07,-4.478532453389139e-06,1.107907131230339e-06,4.680468073564716e-06,-1.1459343596094886e-06
640.0,1.3644205577867385e-06,-2.910218771141234e-07,-4.490492226782994e-06,1.096149450396043e-06,4.6932040118995e-06,-1.1335976297813064e-06
641.0,1.3690126720589113e-06,-2.8723288439411023e-07,-4.50256413098149e-06,1.084226152524372e-06,4.706089613453933e-06,-1.1210880515528767e-06
642.0,1.3736815901166377e-06,-2.833956647314119e-07,-4.5145347626340815e-06,1.0721396548645955e-06,4.718900850204095e-06,-1.1084083099285283e-06
643.0,1.3783366810127262e-06,-2.7951151388230443e-07,-4.526370560309356e-06,1.0598923819091287e-06,4.7315792770977025e-06,-1.0955611014962878e-06
644.0,1.3829614186888772e-06,-2.755817423086092e-07,-4.538315197200049e-06,1.0474867655707637e-06,4.744353181912037e-06,-1.0825491341812773e-06
645.0,1.3875965036436178e-06,-2.7160767372280054e-07,-4.550489875132513e-06,1.0349252454090077e-06,4.7573503298167465e-06,-1.0693751270365816e-06
646.0,1.3920558515623238e-06,-2.6759064360577306e-07,-4.562759033210906e-06,1.0222102689006566e-06,4.7703867232140235e-06,-1.056041810068524e-06
647.0,1.3961962589126298e-06,-2.635319977027618e-07,-4.575036379794728e-06,1.0093442917495336e-06,4.783337942258196e-06,-1.0425519240931045e-06
648.0,1.4001848994693589e-06,-2.594330905028603e-07,-4.5875272751128016e-06,9.9632977823017e-07,4.7964491295755345e-06,-1.0289082206201964e-06
649.0,1.4042039766237746e-06,-2.5529528370745256e-07,-4.600513904495784e-06,9.831692015601142e-07,4.81004334631457e-06,-1.0151134617619775e-06
650.0,1.4081815501165718e-06,-2.5111994469269634e-07,-4.613811999731876e-06,9.69865044295522e-07,4.8239233458833655e-06,-1.0011704201619767e-06
651.0,1.412068638600994e-06,-2.469084449709725e-07,-4.627437776238974e-06,9.564197987447028e-07,4.838090347759534e-06,-9.870818789410898e-07
652.0,1.4159157108173392e-06,-2.4266215865597707e-07,-4.641405157546075e-06,9.428359673943723e-07,4.852572424666599e-06,-9.728506316568992e-07
653.0,1.419744695557723e-06,-2.383824609358946e-07,-4.655603175196532e-06,9.291160633434645e-07,4.867269863636525e-06,-9.584794822726867e-07
654.0,1.4233764635551704e-06,-2.3407072655885354e-07,-4.66971325696619e-06,9.152626107394747e-07,4.881825730122759e-06,-9.439712451325443e-07
655.0,1.4268794305549726e-06,-2.2972832833464837e-07,-4.68360718341998e-06,9.0127814521241e-07,4.896137371226845e-06,-9.293287449390539e-07
656.0,1.4305942466208421e-06,-2.253566356565224e-07,-4.697603042114196e-06,8.871652143015214e-07,4.910608337033732e-06,-9.1455481673002e-07
657.0,1.4345608111143715e-06,-2.20957013046654e-07,-4.711738816831623e-06,8.729263778700505e-07,4.925286529616626e-06,-8.996523058507656e-07
658.0,1.438695101579901e-06,-2.165308187288895e-07,-4.725890021872736e-06,8.585642085032878e-07,4.940028349528603e-06,-8.846240679185308e-07
659.0,1.4429762512091493e-06,-2.120794032322166e-07,-4.740017440774125e-06,8.440812918852958e-07,4.954790187323424e-06,-8.694729687755492e-07
660.0,1.4473900285527641e-06,-2.0760410802847307e-07,-4.754172781618049e-06,8.294802271497221e-07,4.969617362758613e-06,-8.542018844274497e-07
661.0,1.4519391764167278e-06,-2.0310626420781837e-07,-4.768443599367789e-06,8.147636272002229e-07,4.9845944401089766e-06,-8.388137009637329e-07
662.0,1.4567193027392733e-06,-1.9858719119554916e-07,-4.783108743522391e-06,7.999341189961473e-07,5.000016037907632e-06,-8.23311314457203e-07
663.0,1.4617587168197499e-06,-1.940481955138959e-07,-4.798121006399647e-06,7.84994343799291e-07,5.015845266577916e-06,-8.076976308394162e-07
664.0,1.4670792675142152e-06,-1.8949056959248468e-07,-4.813360902189423e-06,7.699469573777434e-07,5.0319742399873055e-06,-7.919755657494085e-07
665.0,1.4724268288246467e-06,-1.8491559063116574e-07,-4.828499522047114e-06,7.547946301630797e-07,5.048014302738435e-06,-7.761480443532117e-07
666.0,1.4776915221725861e-06,-1.8032451951888502e-07,-4.843321747938223e-06,7.395400473574272e-07,5.063727657442894e-06,-7.602180011318986e-07
667.0,1.4829116937731257e-06,-1.7571859981218259e-07,-4.857996178442292e-06,7.241859089871914e-07,5.079286757143073e-06,-7.44188379636138e-07
668.0,1.4879559083469385e-06,-1.7109905677672837e-07,-4.872610617823181e-06,7.087349299005142e-07,5.094737188325592e-06,-7.280621322054479e-07
669.0,1.4929965430621195e-06,-1.664670964950491e-07,-4.887565290989659e-06,6.931898397058326e-07,5.11051202437508e-06,-7.118422196505528e-07
670.0,1.4981555200299645e-06,-1.6182390504325861e-07,-4.903136433587196e-06,6.775533826492323e-07,5.126911043558921e-06,-6.955316108974579e-07
671.0,1.5030882910271881e-06,-1.5717064773918804e-07,-4.9188104940811606e-06,6.618283174286884e-07,5.143342404245121e-06,-6.791332825921159e-07
672.0,1.5076680464631842e-06,-1.5250846846382974e-07,-4.9343558458647685e-06,6.460174169437263e-07,5.1595475142638166e-06,-6.62650218664836e-07
673.0,1.5120834055415422e-06,-1.478384890574698e-07,-4.950120062852115e-06,6.301234679795284e-07,5.175913915625445e-06,-6.460854098539066e-07
674.0,1.5162975822435865e-06,-1.4316180879129766e-07,-4.966076138923636e-06,6.141492708250322e-07,5.192405085844559e-06,-6.294418531882219e-07
675.0,1.520274068605998e-06,-1.3847950391466618e-07,-4.982294163902168e-06,5.980976388251018e-07,5.209077497919323e-06,-6.127225514290402e-07
676.0,1.5243896604455465e-06,-1.3379262727755757e-07,-4.999272156636092e-06,5.8197139786739e-07,5.2265175722454215e-06,-5.959305124713317e-07
677.0,1.528598397582126e-06,-1.291022080272072e-07,-5.016469465157769e-06,5.657733858050524e-07,5.244194786232765e-06,-5.790687487055163e-07
678.0,1.5325503757157577e-06,-1.2440925137727967e-07,-5.033089655714917e-06,5.495064518169883e-07,5.261245302831927e-06,-5.621402763407232e-07
679.0,1.5361506640054756e-06,-1.1971473844748e-07,-5.049096057641034e-06,5.331734557077564e-07,5.2776064519638726e-06,-5.451481146910054e-07
680.0,1.5399065700638648e-06,-1.150196261710375e-07,-5.065047673280532e-06,5.167772671497174e-07,5.293960726821685e-06,-5.280952854261953e-07
681.0,1.5438906683651332e-06,-1.1032484726712005e-07,-5.081326999278879e-06,5.003207648702934e-07,5.31069510228797e-06,-5.109848117893083e-07
682.0,1.5478080596653676e-06,-1.056313102749405e-07,-5.097958677036107e-06,4.838068357875247e-07,5.327747409772052e-06,-4.938197177825821e-07
683.0,1.551964631807401e-06,-1.0093989964610785e-07,-5.115169358527183e-06,4.672383740973782e-07,5.345423442983397e-06,-4.7660302732445204e-07
684.0,1.5565944974926804e-06,-9.625147589165939e-08,-5.132654773865042e-06,4.5061828031653314e-07,5.3634999261027395e-06,-4.5933776337997334e-07
685.0,1.5610117468645157e-06,-9.156687578017744e-08,-5.149206647847571e-06,4.3394946028462186e-07,5.3806214117039145e-06,-4.420269470674493e-07
686.0,1.5653648014757326e-06,-8.688691258342812e-08,-5.165423765662869e-06,4.1723482413012937e-07,5.3974039723346566e-06,-4.246735967442335e-07
687.0,1.5700310965760522e-06,-8.221237636604919e-08,-5.182298065009583e-06,4.004772852043112e-07,5.414906359191991e-06,-4.0728072707486413e-07
688.0,1.5748243392121886e-06,-7.754403431593541e-08,-5.199585455861744e-06,3.836797589876115e-07,5.43284093381944e-06,-3.898513480848312e-07
689.0,1.5795257275741381e-06,-7.288263111212156e-08,-5.216855447243152e-06,3.668451619731395e-07,5.450732270209128e-06,-3.723884642033906e-07
690.0,1.584408386517966e-06,-6.822888932712716e-08,-5.2342711939212805e-06,3.499764105318089e-07,5.4688156731400785e-06,-3.5489507329894694e-07
691.0,1.589176643196355e-06,-6.358350986090204e-08,-5.251061463040774e-06,3.3307641976376765e-07,5.486267300443239e-06,-3.373741657105836e-07
692.0,1.5937227301199286e-06,-5.89471724036775e-08,-5.2672312066959215e-06,3.161481023407184e-07,5.503060668872577e-06,-3.19828723279345e-07
693.0,1.5982989400864511e-06,-5.4320535925187573e-08,-5.283504551367724e-06,2.9919436734364734e-07,5.519961942459832e-06,-3.0226171838284777e-07
694.0,1.6030843817127494e-06,-4.9704239187866296e-08,-5.300274313058129e-06,2.8221811910035615e-07,5.5373989677966284e-06,-2.8467611297671693e-07
695.0,1.607850879103978e-06,-4.5098901281762794e-08,-5.317552886519028e-06,2.6522225602706765e-07,5.555317556212452e-06,-2.670748576462622e-07
696.0,1.6126275879657648e-06,-4.050512217903971e-08,-5.335078641754976e-06,2.4820966947825147e-07,5.573475742405129e-06,-2.4946089067173187e-07
697.0,1.6172012348991682e-06,-3.592348330603499e-08,-5.352334394359559e-06,2.3118324260872107e-07,5.591316777218377e-06,-2.3183713711042047e-07
698.0,1.6216979884242644e-06,-3.135454813097277e-08,-5.369503157048872e-06,2.1414584925194188e-07,5.609052372657712e-06,-2.142065078988306e-07
699.0,1.6261964820851738e-06,-2.6798862765490624e-08,-5.3866159224758015e-06,1.9710035281836426e-07,5.626734940853001e-06,-1.965718989779949e-07
700.0,1.630763341947672e-06,-2.225695657822451e-08,-5.403697349415371e-06,1.8004960521742015e-07,5.644407331289889e-06,-1.789361904449124e-07
701.0,1.635436450653227e-06,-1.772934281875169e-08,-5.420815010537261e-06,1.6299644580660066e-07,5.662145155556444e-06,-1.6130224573286862e-07
702.0,1.640333082725265e-06,-1.3216519250247183e-08,-5.437974246957911e-06,1.4594370037077827e-07,5.67998737083635e-06,-1.4367291082317635e-07
703.0,1.64490286089225e-06,-8.718968789258448e-09,-5.4543510308868726e-06,1.2889418013465972e-07,5.696986097043611e-06,-1.260510134906215e-07
704.0,1.6489996496615866e-06,-4.237160151036362e-09,-5.4700787299188924e-06,1.1185068081094232e-07,5.713226860198632e-06,-1.0843936258461171e-07
705.0,1.6530601806008516e-06,2.284515011219386e-10,-5.486208704275075e-06,9.481598168643516e-08,5.729842398142528e-06,-9.084074734773439e-08
706.0,1.6573831795596572e-06,4.677423904062043e-09,-5.5031882695844025e-06,7.779284474810384e-08,5.7473472258406875e-06,-7.325793677313841e-08
707.0,1.6618581967220436e-06,9.10932704204407e-09,-5.520644441925349e-06,6.078401385073257e-08,5.7653523500453544e-06,-5.56936790019019e-08
708.0,1.666607547634591e-06,1.3523742494644053e-08,-5.538529529114378e-06,4.379221392769349e-08,5.783847340888633e-06,-3.815070076135197e-08
709.0,1.671242270157025e-06,1.7920262786816172e-08,-5.555854068972632e-06,2.682015024615242e-08,5.801772587863071e-06,-2.0631706845154322e-08
710.0,1.67532497433176e-06,2.2298490742626643e-08,-5.572174742840552e-06,9.870507707876083e-09,5.818577586865185e-06,-3.1393796358461244e-09
711.0,1.6793513755997136e-06,2.6658038844158612e-08,-5.588766641917431e-06,-7.054049803380969e-09,5.835626240647844e-06,1.4323621329699308e-08
712.0,1.6835236203716075e-06,3.09985285970892e-08,-5.6055172295566e-06,-2.3950880027175744e-08,5.852868970958177e-06,3.1754659751611896e-08
713.0,1.687582806608745e-06,3.5319589904455103e-08,-5.622151760087402e-06,-4.08173628838832e-08,5.869968155161944e-06,4.915112291515947e-08
714.0,1.6917321618847847e-06,3.962086045013144e-08,-5.638973580412987e-06,-5.765090098421435e-08,5.887272776774576e-06,6.65104219959321e-08
715.0,1.6959169803487661e-06,4.390198509354726e-08,-5.655619938316203e-06,-7.444892009079757e-08,5.904419640482462e-06,8.382999232257646e-08
716.0,1.6998905847109835e-06,4.816261527714084e-08,-5.671545764918129e-06,-9.120886953212818e-08,5.920815768418218e-06,1.0110729359781104e-07
717.0,1.703877050035496e-06,5.2402408448024266e-08,-5.687462587222747e-06,-1.0792822256942483e-07,5.937207060790126e-06,1.1833981007866356e-07
718.0,1.7080468960317674e-06,5.662102749527861e-08,-5.7039406560766e-06,-1.2460447671715344e-07,5.954188711074525e-06,1.3552505071707505e-07
719.0,1.7122972202077147e-06,6.08181402042414e-08,-5.7207904478051574e-06,-1.412351540181705e-07,5.971549641259779e-06,1.5266054926217975e-07
720.0,1.7163869412417654e-06,6.499341872907539e-08,-5.737496523883223e-06,-1.5781780127460346e-07,5.988726951000299e-06,1.6974386432569976e-07
721.0,1.7203784677677358e-06,6.914653908482639e-08,-5.754175291472485e-06,-1.7434999023569098e-07,6.005850094478826e-06,1.8677257941198212e-07
722.0,1.7243051959880962e-06,7.327718066009152e-08,-5.770832232743217e-06,-1.908293177439201e-07,6.022933925204527e-06,2.0374430291427602e-07
723.0,1.728303530179609e-06,7.738502575133466e-08,-5.78741958401352e-06,-2.072534058408939e-07,6.039971732868832e-06,2.2065666807892531e-07
724.0,1.732307042950909e-06,8.14697591197975e-08,-5.803669926585098e-06,-2.236199018344895e-07,6.056688229371362e-06,2.375073329392414e-07
725.0,1.7364049746948496e-06,8.55310675718635e-08,-5.819405977935954e-06,-2.399264783290117e-07,6.0729390061305356e-06,2.5429398022093644e-07
726.0,1.7406877472481153e-06,8.956863956363507e-08,-5.834939784288284e-06,-2.561708332202121e-07,6.0890488682297444e-06,2.710143172211215e-07
727.0,1.7447736699593985e-06,9.358216483038558e-08,-5.850171231724932e-06,-2.7235068965721534e-07,6.1048127407714645e-06,2.876660756630131e-07
728.0,1.7484248906463051e-06,9.757133404145309e-08,-5.865184440900784e-06,-2.8846379597354857e-07,6.120243305949216e-06,3.0424701152861484e-07
729.0,1.7520286479388858e-06,1.0153583848106112e-07,-5.880722375339875e-06,-3.045079255895942e-07,6.136163299572594e-06,3.20754904871726e-07
730.0,1.7560306867780984e-06,1.0547536975547915e-07,-5.897164920221076e-06,-3.204808768888354e-07,6.153064104102314e-06,3.371875596136662e-07
731.0,1.760184738242021e-06,1.0938961952687285e-07,-5.913964612636047e-06,-3.363804730702518e-07,6.170350699291861e-06,3.5354280332406107e-07
732.0,1.7640748168901155e-06,1.1327827927412495e-07,-5.929993896314212e-06,-3.522045619791382e-07,6.1868237060635326e-06,3.6981848698894974e-07
733.0,1.7678091364659032e-06,1.171410400808392e-07,-5.945222774139669e-06,-3.679510159185292e-07,6.202485225868845e-06,3.8601248476835387e-07
734.0,1.7713432645671823e-06,1.209775924506723e-07,-5.959980111158725e-06,-3.836177314433208e-07,6.217637805978657e-06,4.021226937453458e-07
735.0,1.774658014319641e-06,1.2478762615008562e-07,-5.974999022551053e-06,-3.9920262913912874e-07,6.23297877320908e-06,4.1814703366858746e-07
736.0,1.7780753075458122e-06,1.2857083007855904e-07,-5.991034019048325e-06,-4.147036533878844e-07,6.249323196690859e-06,4.3408344669026397e-07
737.0,1.7816945150350705e-06,1.3232689216625663e-07,-6.007390430606829e-06,-4.301187721221135e-07,6.266033444744176e-06,4.4992989710125967e-07
738.0,1.7852718259547817e-06,1.3605549929906337e-07,-6.022758019252894e-06,-4.4544597656976743e-07,6.281783954500741e-06,4.656843710653362e-07
739.0,1.7888364777784993e-06,1.3975633727082063e-07,-6.037349483623e-06,-4.606832809913823e-07,6.29678685772624e-06,4.813448763539543e-07
740.0,1.7925325850320917e-06,1.4342909076247438e-07,-6.05186182572881e-06,-4.7582872241127575e-07,6.311751312125303e-06,4.96909442083288e-07
741.0,1.7960095689828481e-06,1.470734433477237e-07,-6.0664724271797255e-06,-4.908803603444526e-07,6.326747828198136e-06,5.123761184548993e-07
742.0,1.7992720265369577e-06,1.5068907752462528e-07,-6.08142762331676e-06,-5.058362765208646e-07,6.342014014736844e-06,5.277429765014886e-07
743.0,1.802929861155489e-06,1.542756747724756e-07,-6.097176517616543e-06,-5.206945746086383e-07,6.358153629098682e-06,5.43008107839058e-07
744.0,1.8068819140903969e-06,1.5783291563315844e-07,-6.112502156596644e-06,-5.354533799378138e-07,6.373970886807188e-06,5.581696244267296e-07
745.0,1.8106769582304505e-06,1.6136047981601092e-07,-6.1263797068722425e-06,-5.501108392260713e-07,6.388354980731949e-06,5.732256583353482e-07
746.0,1.8143783976631855e-06,1.6485804632513295e-07,-6.139624060041982e-06,-5.646651203078619e-07,6.402105323138101e-06,5.88174361525908e-07
747.0,1.8182198299465657e-06,1.6832529360795258e-07,-6.1534009472841156e-06,-5.791144118683295e-07,6.416406047628841e-06,6.030139056387875e-07
748.0,1.8217820343391367e-06,1.7176189972378108e-07,-6.167421578828769e-06,-5.934569231833987e-07,6.430861428428045e-06,6.17742481794733e-07
749.0,1.8252121086748119e-06,1.7516754253105035e-07,-6.18170470018109e-06,-6.076908838673549e-07,6.445531183843123e-06,6.323583004084842e-07
750.0,1.8288195586246836e-06,1.785418998919242e-07,-6.196350014642249e-06,-6.218145436291554e-07,6.4605986163795365e-06,6.468595910158407e-07
751.0,1.8323382107165997e-06,1.818846498930118e-07,-6.2106374308368295e-06,-6.358261720385587e-07,6.475297724102236e-06,6.612446021148429e-07
752.0,1.835565000274375e-06,1.8519547108098e-07,-6.224339713367666e-06,-6.497240583030031e-07,6.489353106253207e-06,6.755116010216019e-07
753.0,1.838634444223386e-06,1.8847404271195985e-07,-6.237867187119939e-06,-6.635065110560037e-07,6.503196418964466e-06,6.89658873741195e-07
754.0,1.8416101149887343e-06,1.9172004501376334e-07,-6.2512466903474895e-06,-6.771718581577129e-07,6.5168714118976796e-06,7.036847248539511e-07
755.0,1.8442007087560164e-06,1.949331594600676e-07,-6.2642940563684135e-06,-6.907184465081853e-07,6.530119162682166e-06,7.175874774173949e-07
756.0,1.8466992680876704e-06,1.9811306905587075e-07,-6.2777222184506876e-06,-7.041446418737945e-07,6.5437064755981344e-06,7.313654728840718e-07
757.0,1.8493987866685657e-06,2.0125945863365787e-07,-6.291528621915621e-06,-7.17448828727156e-07,6.557713646730439e-06,7.450170710354204e-07
758.0,1.8522599803949547e-06,2.043720151598286e-07,-6.3050479064963305e-06,-7.306294101007979e-07,6.571491165495582e-06,7.585406499317907e-07
759.0,1.8550403124983905e-06,2.0745042805101016e-07,-6.317944724887337e-06,-7.43684807454726e-07,6.584648821898237e-06,7.71934605878624e-07
760.0,1.8578272678315688e-06,2.1049438949990967e-07,-6.330509471519363e-06,-7.566134605579203e-07,6.597489850397261e-06,7.851973534087335e-07
761.0,1.8606595649783841e-06,2.135035948103557e-07,-6.343122926799616e-06,-7.694138273837513e-07,6.610390493854087e-06,7.983273252805545e-07
762.0,1.8633936949286056e-06,2.1647774274114513e-07,-6.35564945594691e-06,-7.820843840192605e-07,6.6231802081158815e-06,8.113229724922023e-07
763.0,1.8657992604531604e-06,2.194165358582579e-07,-6.367994445144465e-06,-7.94623624588228e-07,6.635703439251811e-06,8.24182764311126e-07
764.0,1.8679831261525504e-06,2.2231968089493017e-07,-6.379986026761042e-06,-8.070300611879321e-07,6.647825408451759e-06,8.369051883191206e-07
765.0,1.8704917342238225e-06,2.2518688911898606e-07,-6.392180011804971e-06,-8.193022238394757e-07,6.66023307633589e-06,8.494887504723983e-07
766.0,1.8732206521765438e-06,2.2801787670671328e-07,-6.404460361153497e-06,-8.314386604515304e-07,6.672785634899947e-06,8.619319751763692e-07
767.0,1.876011192392113e-06,2.308123651224159e-07,-6.416379029483554e-06,-8.434379367973075e-07,6.6850084400826895e-06,8.742334053746963e-07
768.0,1.8788526363333613e-06,2.3357008150259539e-07,-6.427920778595553e-06,-8.552986365045262e-07,6.69688381002368e-06,8.863916026521107e-07
769.0,1.881851950741309e-06,2.362907590435022e-07,-6.43951805801013e-06,-8.670193610581224e-07,6.708856801568165e-06,8.984051473503711e-07
770.0,1.8848808301108466e-06,2.3897413739058627e-07,-6.451209701774374e-06,-8.785987298154025e-07,6.72092868285233e-06,9.102726386966777e-07
771.0,1.887736416766872e-06,2.4161996302817236e-07,-6.462748820323938e-06,-8.900353800333396e-07,6.732805588592788e-06,9.219926949437663e-07
772.0,1.890355292383239e-06,2.4422798966750465e-07,-6.473952195051869e-06,-9.013279669076885e-07,6.744293895972968e-06,9.335639535208562e-07
773.0,1.892927449398396e-06,2.467979786311644e-07,-6.484900167968988e-06,-9.124751636235967e-07,6.7555240001949605e-06,9.449850711945728e-07
774.0,1.8956632612254776e-06,2.493296992317534e-07,-6.495694211405834e-06,-9.234756614173988e-07,6.7666522363759224e-06,9.562547242389515e-07
775.0,1.8984054621917767e-06,2.5182292914266573e-07,-6.506214236534635e-06,-9.34328169649308e-07,6.777519235720806e-06,9.67371608613637e-07
776.0,1.9008792637997818e-06,2.5427745475872505e-07,-6.516440241133292e-06,-9.450314158867516e-07,6.788028829623908e-06,9.783344401494103e-07
777.0,1.9031674730607406e-06,2.566930715444467e-07,-6.526682383101168e-06,-9.555841459981356e-07,6.798501993851259e-06,9.89141954740206e-07
778.0,1.9055424613778627e-06,2.5906958436769687e-07,-6.536995035388848e-06,-9.659851242568555e-07,6.809067202254098e-06,9.997929085408179e-07
779.0,1.9080028320628273e-06,2.6140680781655916e-07,-6.547113544197458e-06,-9.76233133455376e-07,6.819469962377837e-06,1.010286078169508e-06
780.0,1.910372684904571e-06,2.6370456649727944e-07,-6.556927236056609e-06,-9.863269750292035e-07,6.829554785941062e-06,1.0206202609147554e-06
781.0,1.9127031941623684e-06,2.6596269531123624e-07,-6.566630357918157e-06,-9.962654691905573e-07,6.8395224808820736e-06,1.0307942749453827e-06
782.0,1.915017900921967e-06,2.681810397089829e-07,-6.576273431424529e-06,-1.0060474550715299e-06,6.849428137130261e-06,1.0408069595233075e-06
783.0,1.9171885943802813e-06,2.7035945591952206e-07,-6.58566532091287e-06,-1.015671790876492e-06,6.859052399967233e-06,1.0506571752181753e-06
784.0,1.9193591319355274e-06,2.72497811153112e-07,-6.5949690932209926e-06,-1.0251373540434758e-06,6.868592054990923e-06,1.0603438041231377e-06
785.0,1.921449544778353e-06,2.745959837760654e-07,-6.60406996239038e-06,-1.0344430414142327e-06,6.877914540125939e-06,1.0698657500710552e-06
786.0,1.923438432360758e-06,2.766538634561827e-07,-6.61299649901137e-06,-1.0435877694126247e-06,6.887041316778857e-06,1.079221938850417e-06
787.0,1.9254073573837793e-06,2.786713512776578e-07,-6.621909658832692e-06,-1.052570474230964e-06,6.8961497244193655e-06,1.0884113184202842e-06
788.0,1.9273378711881506e-06,2.806483598245108e-07,-6.630864216428112e-06,-1.0613901120238798e-06,6.905287215346141e-06,1.097432859123588e-06
789.0,1.9291189456149826e-06,2.8258481323182256e-07,-6.639542401210008e-06,-1.070045659109238e-06,6.914117673557214e-06,1.1062855538981265e-06
790.0,1.930762632579297e-06,2.8448064720428014e-07,-6.6479528119112175e-06,-1.0785361121756063e-06,6.922652738131734e-06,1.114968418484633e-06
791.0,1.932257926606784e-06,2.8633580900177924e-07,-6.6561643684015515e-06,-1.0868604884957237e-06,6.93095554697281e-06,1.1234804916313286e-06
792.0,1.9336779599476994e-06,2.881502573920657e-07,-6.664360322650165e-06,-1.095017826145422e-06,6.939222504207608e-06,1.1318208352944225e-06
793.0,1.93505907628011e-06,2.899239625706279e-07,-6.6725331060446536e-06,-1.1030071842274494e-06,6.947456489964938e-06,1.1399885348340952e-06
794.0,1.936504405442019e-06,2.916569060482683e-07,-6.680588564289547e-06,-1.110827643099669e-06,6.955595796020109e-06,1.1479826992055735e-06
795.0,1.9379111352302303e-06,2.933490805069684e-07,-6.688247050856688e-06,-1.1184783046071384e-06,6.9633431756120215e-06,1.155802461144999e-06
796.0,1.939323694077899e-06,2.950004896248289e-07,-6.695372869403027e-06,-1.125958292317636e-06,6.970580625080673e-06,1.1634469773498896e-06
797.0,1.94073487830293e-06,2.9661114787099793e-07,-6.702161744642776e-06,-1.1332667517602868e-06,6.977494100263689e-06,1.1709154286541173e-06
798.0,1.942025444123807e-06,2.981810802716145e-07,-6.708702233459984e-06,-1.140402850667045e-06,6.984135485717273e-06,1.1782070201974576e-06
799.0,1.9432963733190256e-06,2.997103221478795e-07,-6.715355656106148e-06,-1.1473657792169106e-06,6.990879943365621e-06,1.1853209815898995e-06
800.0,1.9444787797417984e-06,3.0119891882743723e-07,-6.7218817555447785e-06,-1.1541547502828593e-06,6.997477549831218e-06,1.1922565670710285e-06
801.0,1.9456916324489537e-06,3.026469253303018e-07,-6.7282438201421435e-06,-1.1607689996815475e-06,7.003926101256553e-06,1.1990130556648892e-06
802.0,1.9469797133686573e-06,3.0405440603059263e-07,-6.734278905129454e-06,-1.1672077864259097e-06,7.010081481433768e-06,1.2055897513307898e-06
803.0,1.9484331998387283e-06,3.0542143429535754e-07,-6.740193299659136e-06,-1.1734703929807911e-06,7.0161668773628595e-06,1.211985983110546e-06
804.0,1.9498322841038362e-06,3.0674809210175373e-07,-6.746086072983992e-06,-1.1795561255217747e-06,7.022216405113286e-06,1.2182011052726655e-06
805.0,1.950990708932121e-06,3.08034469633842e-07,-6.751877951349794e-06,-1.1854643141973469e-06,7.028102205877697e-06,1.2242344974539713e-06
806.0,1.9519715511451263e-06,3.0928066486022755e-07,-6.757389619582721e-06,-1.1911943133945252e-06,7.033669554885573e-06,1.230085564799116e-06
807.0,1.95292420640536e-06,3.10486783093763e-07,-6.762484020761406e-06,-1.1967455020080356e-06,7.038828246733781e-06,1.2357537380984193e-06
808.0,1.954064737491601e-06,3.116529365345163e-07,-6.767386168227141e-06,-1.2021172837130724e-06,7.043854381531474e-06,1.2412384739243903e-06
809.0,1.955393033076236e-06,3.12779243797187e-07,-6.772260673804098e-06,-1.2073090872416228e-06,7.048906053265047e-06,1.2465392547672464e-06
810.0,1.9567679371279567e-06,3.138658294241324e-07,-6.777174779259987e-06,-1.2123203666622588e-06,7.054008700619078e-06,1.2516555891696651e-06
811.0,1.9579942092950997e-06,3.1491282338513744e-07,-6.781986781667637e-06,-1.2171506016632188e-06,7.058972023626932e-06,1.2565870118609062e-06
812.0,1.9590694886051363e-06,3.1592036056504225e-07,-6.786659901059089e-06,-1.2217992978384807e-06,7.063760037956198e-06,1.2613330838903351e-06
813.0,1.9598975144752284e-06,3.1688858024033936e-07,-6.7910533581572174e-06,-1.2262659869764196e-06,7.068210804764145e-06,1.265893392760259e-06
814.0,1.9605235712649716e-06,3.178176255458774e-07,-6.795142757254347e-06,-1.2305502273505133e-06,7.0723134662535826e-06,1.270267552557883e-06
815.0,1.961159522778644e-06,3.187076429328513e-07,-6.799026057324742e-06,-1.2346516040114506e-06,7.076220884198442e-06,1.2744552040860913e-06
816.0,1.9619547222959888e-06,3.195587816193154e-07,-6.802761934820989e-06,-1.2385697290798973e-06,7.080030810257039e-06,1.2784560149926803e-06
817.0,1.96287613399293e-06,3.2037119303451034e-07,-6.8062809879254615e-06,-1.2423042420390737e-06,7.083667383777603e-06,1.2822696798975928e-06
818.0,1.9637684111895037e-06,3.211450302583405e-07,-6.809556561016006e-06,-1.2458548100262197e-06,7.087061939228546e-06,1.2858959205176316e-06
819.0,1.9644436627663797e-06,3.2188044745737847e-07,-6.8126130525758555e-06,-1.249221128121918e-06,7.0901858585166796e-06,1.2893344857880559e-06
820.0,1.9648754510659394e-06,3.225775993188115e-07,-6.8156809459041234e-06,-1.2524029196361687e-06,7.09325329412126e-06,1.2925851519803775e-06
821.0,1.9651426438893616e-06,3.2323664048379167e-07,-6.818762370575104e-06,-1.2553999363899975e-06,7.0962881760257934e-06,1.2956477228156017e-06
822.0,1.9654366293087033e-06,3.238577249817041e-07,-6.821726756200963e-06,-1.25821195899128e-06,7.099218061173813e-06,1.2985220295720648e-06
823.0,1.965847769819229e-06,3.244410056669158e-07,-6.824374519209808e-06,-1.2608387971033692e-06,7.101876162856075e-06,1.3012079311869444e-06
824.0,1.9664125325002946e-06,3.2498663365960654e-07,-6.826682284799546e-06,-1.2632802897050112e-06,7.104250084672567e-06,1.3037053143504312e-06
825.0,1.966997714097918e-06,3.254947577922987e-07,-6.828746326348334e-06,-1.2655363053399644e-06,7.10639545739486e-06,1.3060140935914908e-06
826.0,1.9674402302882754e-06,3.259655240637038e-07,-6.830711130612066e-06,-1.267606742354689e-06,7.1084059823299594e-06,1.3081342113540906e-06
827.0,1.9676615442276724e-06,3.2639907510149137e-07,-6.832571125603426e-06,-1.269491529122432e-06,7.110254576248455e-06,1.3100656380627372e-06
828.0,1.9676881099772725e-06,3.2679554963557735e-07,-6.834229826668814e-06,-1.2711906242520294e-06,7.111855863406933e-06,1.311808372176144e-06
829.0,1.9676335398788325e-06,3.2715508198351767e-07,-6.8356105274447465e-06,-1.2727040167797238e-06,7.1131675806330865e-06,1.3133624402278463e-06
830.0,1.967763654270316e-06,3.274778015495829e-07,-6.836823758349375e-06,-1.2740317263423109e-06,7.114369466213977e-06,1.3147278968525715e-06
831.0,1.968165415117129e-06,3.2776383233906585e-07,-6.837937451042997e-06,-1.275173803329935e-06,7.1155508350119726e-06,1.31590482479719e-06
832.0,1.968653298684009e-06,3.2801329248932857e-07,-6.838858595592523e-06,-1.276130329016887e-06,7.116570993177063e-06,1.3168933349150768e-06
833.0,1.9690311171549624e-06,3.282262938190354e-07,-6.839561665528127e-06,-1.2769014156687951e-06,7.117351144694661e-06,1.317693566142745e-06
834.0,1.9691884152461814e-06,3.2840294139695016e-07,-6.8399976345667746e-06,-1.2774872066246534e-06,7.1178136148412065e-06,1.3183056854576366e-06
835.0,1.9691037168589887e-06,3.2854333313161497e-07,-6.840122861784259e-06,-1.2778878763521967e-06,7.117910522902881e-06,1.3187298878160092e-06
836.0,1.968958649428698e-06,3.2864755938318405e-07,-6.840047489409251e-06,-1.2781036304752138e-06,7.117797961485974e-06,1.318966396069917e-06
837.0,1.968871278734685e-06,3.287157025986559e-07,-6.839847620787598e-06,-1.2781347057714733e-06,7.117581723297606e-06,1.3190154608623606e-06
838.0,1.9688801517481203e-06,3.287478369717237e-07,-6.839564380967111e-06,-1.2779813701400296e-06,7.1173119907266765e-06,1.318877360499766e-06
839.0,1.9689276279377665e-06,3.2874402812843515e-07,-6.839112590084628e-06,-1.2776439225367717e-06,7.116890966138986e-06,1.318552400801025e-06
840.0,1.968950365888178e-06,3.2870433283981767e-07,-6.838477843940094e-06,-1.277122692877151e-06,7.1162872880028354e-06,1.3180409149224035e-06
841.0,1.968860529222294e-06,3.286287987625827e-07,-6.837612352539324e-06,-1.276418041905116e-06,7.115430729557265e-06,1.3173432631576974e-06
842.0,1.9685786321332888e-06,3.285174642089866e-07,-6.836595108417054e-06,-1.2755303610273609e-06,7.114375201472281e-06,1.3164598327130743e-06
843.0,1.9681589510933684e-06,3.283703579468915e-07,-6.83547705709886e-06,-1.2744600721120896e-06,7.113184677406727e-06,1.3153910374561303e-06
844.0,1.9677431668529977e-06,3.2818749903104467e-07,-6.834268842792479e-06,-1.2732076272515796e-06,7.11190858956024e-06,1.3141373176387609e-06
845.0,1.9673566711009283e-06,3.279688966665713e-07,-6.832755467089946e-06,-1.2717735084879408e-06,7.110347357504616e-06,1.3126991395935407e-06
846.0,1.9670060005527734e-06,3.27714550105645e-07,-6.830923317380222e-06,-1.2701582275015688e-06,7.10848971119319e-06,1.3110769954034068e-06
847.0,1.966627866833992e-06,3.2742444857825906e-07,-6.828901695121736e-06,-1.2683623252619066e-06,7.10644239604069e-06,1.3092714025445335e-06
848.0,1.9660762476669813e-06,3.270985712579669e-07,-6.8267689945500365e-06,-1.2663863716402676e-06,7.104240333532502e-06,1.3072829035024033e-06
849.0,1.9652688445226385e-06,3.2673688726339766e-07,-6.824491160350998e-06,-1.2642309649846008e-06,7.101828020232555e-06,1.3051120653611925e-06
850.0,1.9643708928096526e-06,3.263393556962769e-07,-6.822190200206357e-06,-1.2618967316562263e-06,7.099368431931777e-06,1.3027594793667023e-06
851.0,1.9635220588898328e-06,3.2590592571660155e-07,-6.819780591971192e-06,-1.2593843255287044e-06,7.096818033342401e-06,1.3002257604631768e-06
852.0,1.962778656217079e-06,3.2543653665551114e-07,-6.817178984930283e-06,-1.2566944274491417e-06,7.094112302880214e-06,1.2975115468044573e-06
853.0,1.962099286267893e-06,3.24931118166268e-07,-6.814359494622391e-06,-1.2538277446623912e-06,7.091214912208154e-06,1.2946174992400291e-06
854.0,1.961442672032687e-06,3.243895904135912e-07,-6.811307562637481e-06,-1.250785010198763e-06,7.088100455588455e-06,1.2915443007766272e-06
855.0,1.9607056093717823e-06,3.2381186430139976e-07,-6.80800545915794e-06,-1.2475669822260507e-06,7.084723341002546e-06,1.2882926560161947e-06
856.0,1.959828412029241e-06,3.2319784173880224e-07,-6.804387468972717e-06,-1.2441744433668788e-06,7.08100390004906e-06,1.2848632905711228e-06
857.0,1.958886275521543e-06,3.2254741594394456e-07,-6.800505143456093e-06,-1.2406081999825978e-06,7.077012480319604e-06,1.2812569504578436e-06
858.0,1.9579771519673272e-06,3.2186047178508923e-07,-6.796403167863563e-06,-1.2368690814251884e-06,7.072819137216218e-06,1.277474401470018e-06
859.0,1.957226685445068e-06,3.2113688615805403e-07,-6.7921685397709375e-06,-1.232957939258865e-06,7.068542266328494e-06,1.2735164285327012e-06
860.0,1.9565925894193814e-06,3.203765283988802e-07,-6.787782922790253e-06,-1.2288756464532937e-06,7.064152572523744e-06,1.269383835039025e-06
861.0,1.956081559617573e-06,3.1957926073033454e-07,-6.783294531464978e-06,-1.224623096550549e-06,7.0596982774392416e-06,1.2650774421710463e-06
862.0,1.955540211900919e-06,3.187449387405814e-07,-6.778592671952133e-06,-1.2202012028081182e-06,7.055030555044014e-06,1.2605980882065362e-06
863.0,1.954827548972249e-06,3.178734118921057e-07,-6.773619506905693e-06,-1.2156108973204233e-06,7.050054749472104e-06,1.2559466278135505e-06
864.0,1.9539586937622477e-06,3.1696452405873226e-07,-6.768494100362066e-06,-1.2108531301214844e-06,7.044889421670518e-06,1.25112393133471e-06
865.0,1.9530765368591663e-06,3.160181140883916e-07,-6.763332088377538e-06,-1.2059288682714561e-06,7.039685283910572e-06,1.2461308840631705e-06
866.0,1.9522837740038046e-06,3.150340163891172e-07,-6.758127295114491e-06,-1.2008390949298789e-06,7.0344649029766325e-06,1.2409683855123218e-06
867.0,1.951517810516723e-06,3.140120615356327e-07,-6.7526825012209635e-06,-1.1955848084185562e-06,7.0290214629818705e-06,1.2356373486812852e-06
868.0,1.9507236199978184e-06,3.1295207689378574e-07,-6.746905269472414e-06,-1.1901670212770257e-06,7.023250910856882e-06,1.2301386993183035e-06
869.0,1.94983415252592e-06,3.1185388726001905e-07,-6.74094255947999e-06,-1.1845867593136262e-06,7.017275811350521e-06,1.2244733751841348e-06
870.0,1.9486635990106915e-06,3.1071731551303496e-07,-6.7349152620410635e-06,-1.178845060655183e-06,7.01116063209102e-06,1.218642325317569e-06
871.0,1.947221837911295e-06,3.0954218327481294e-07,-6.7289640739987e-06,-1.172942974798335e-06,7.005043211515817e-06,1.2126465093051899e-06
872.0,1.945681434828428e-06,3.0832831157817884e-07,-6.7230653023053755e-06,-1.1668815616655093e-06,6.998948728551916e-06,1.2064868965574945e-06
873.0,1.9441807006248535e-06,3.07075521538193e-07,-6.71695989601373e-06,-1.1606618906685108e-06,6.992666790383975e-06,1.2001644655934733e-06
874.0,1.942764538243047e-06,3.057836350247039e-07,-6.710437582824191e-06,-1.1542850397826455e-06,6.9860079161159055e-06,1.1936802033357136e-06
875.0,1.9414208893286933e-06,3.044524753334935e-07,-6.703521952367009e-06,-1.1477520946342402e-06,6.978991448295964e-06,1.1870351044180735e-06
876.0,1.9400483390330514e-06,3.0308186785351644e-07,-6.696401483763381e-06,-1.141064147604383e-06,6.971770247902129e-06,1.1802301705079463e-06
877.0,1.9385145418604477e-06,3.0167164072780294e-07,-6.689235971191199e-06,-1.1342222969516657e-06,6.964460963153048e-06,1.1732664096451152e-06
878.0,1.9368123293506123e-06,3.002216255056646e-07,-6.682112670686191e-06,-1.12722764595666e-06,6.957145373130382e-06,1.1661448355991749e-06
879.0,1.934990599639086e-06,2.987316577839174e-07,-6.674942428730457e-06,-1.1200813020908072e-06,6.9497514378255055e-06,1.1588664672474573e-06
880.0,1.9331915747655692e-06,2.972015778349175e-07,-6.667598277887432e-06,-1.1127843762123027e-06,6.942196803608497e-06,1.1514323279753323e-06
881.0,1.93155253780386e-06,2.956312312192823e-07,-6.660017269510821e-06,-1.1053379817914552e-06,6.9344592605681155e-06,1.1438434451006797e-06
882.0,1.9300814601830307e-06,2.9402046938124624e-07,-6.652224377179383e-06,-1.097743234167893e-06,6.926565065548861e-06,1.1361008493242408e-06
883.0,1.928641727599878e-06,2.923691502246632e-07,-6.644284329615502e-06,-1.0900012498418583e-06,6.9185383692087425e-06,1.128205574207455e-06
884.0,1.927077812519107e-06,2.906771386677284e-07,-6.636147633520828e-06,-1.0821131458017268e-06,6.91028829423111e-06,1.1201586556792943e-06
885.0,1.925328040580654e-06,2.889443071745611e-07,-6.627810064607775e-06,-1.0740800388897529e-06,6.9017935579356664e-06,1.111961131573507e-06
886.0,1.9234291221692512e-06,2.871705362618751e-07,-6.6192911788443e-06,-1.0659030452079192e-06,6.893083148949731e-06,1.1036140411975799e-06
887.0,1.9214868000050345e-06,2.8535571497907323e-07,-6.610625620462329e-06,-1.0575832795656216e-06,6.884219826277088e-06,1.0951184249346223e-06
888.0,1.9195628360446637e-06,2.834997413602327e-07,-6.601864130484358e-06,-1.0491218549707613e-06,6.875269556817378e-06,1.0864753238792533e-06
889.0,1.917656621136521e-06,2.8160252284659156e-07,-6.593075263905401e-06,-1.0405198821656377e-06,6.866298009270353e-06,1.0776857795084422e-06
890.0,1.9157557596682917e-06,2.796639766782981e-07,-6.5842942723604025e-06,-1.0317784692088334e-06,6.857335575552667e-06,1.0687508333881078e-06
891.0,1.913816598503315e-06,2.7768403025433963e-07,-6.57550393579065e-06,-1.0228987211040655e-06,6.848353523461323e-06,1.059671526916103e-06
892.0,1.9117062504125926e-06,2.756626214597298e-07,-6.566566994548051e-06,-1.013881739476737e-06,6.839182910388813e-06,1.0504489011020353e-06
893.0,1.9094100560390626e-06,2.7359969895920243e-07,-6.5573831642962155e-06,-1.0047286222986873e-06,6.82972332715598e-06,1.0410839963841943e-06
894.0,1.9070445757829457e-06,2.7149522245684e-07,-6.5479285794589615e-06,-9.954404636614073e-07,6.819984435152225e-06,1.0315778524836775e-06
895.0,1.9046935576527702e-06,2.693491629212511e-07,-6.538328305494279e-06,-9.86018353597757e-07,6.81010973325626e-06,1.0219315082956417e-06
896.0,1.9023983639510078e-06,2.671615027760961e-07,-6.5286325763302955e-06,-9.764633779520264e-07,6.80015903136718e-06,1.0121460018174708e-06
897.0,1.900146035321848e-06,2.649322360559419e-07,-6.518803695787501e-06,-9.667766182979717e-07,6.790092531016209e-06,1.0022223701134994e-06
898.0,1.8979073255764867e-06,2.6266136852758875e-07,-6.508897339274622e-06,-9.569591519042738e-07,6.779955515318161e-06,9.921616493157964e-07
899.0,1.8956012232673736e-06,2.603489177771788e-07,-6.498871446991572e-06,-9.470120517466698e-07,6.7696849322679035e-06,9.819648746603746e-07
900.0,1.8931555474666073e-06,2.579949132635454e-07,-6.488762791190261e-06,-9.36936386565814e-07,6.759295857353695e-06,9.71633080558043e-07
901.0,1.8905739289087897e-06,2.5559939633842324e-07,-6.478551593691595e-06,-9.267332209697388e-07,6.748770297824154e-06,9.61167300698992e-07
902.0,1.8879218727230196e-06,2.531624202342997e-07,-6.468202451481719e-06,-9.16403615579603e-07,6.738092604799976e-06,9.50568568190059e-07
903.0,1.8852711859695948e-06,2.506840500208528e-07,-6.4576637561208905e-06,-9.05948627217239e-07,6.727233356422577e-06,9.398379157235065e-07
904.0,1.8827172732216457e-06,2.481643625310815e-07,-6.4469653618393075e-06,-8.953693091328481e-07,6.716247963531646e-06,9.289763757760378e-07
905.0,1.8802060027245382e-06,2.4560344625838807e-07,-6.436160421952053e-06,-8.846667112710437e-07,6.705172301274846e-06,9.179849808366619e-07
906.0,1.877685888745928e-06,2.4300140122601427e-07,-6.425327791159674e-06,-8.738418805733071e-07,6.694067636396008e-06,9.06864763661939e-07
907.0,1.8750370170961261e-06,2.4035833883037104e-07,-6.414449061964422e-06,-8.628958613147929e-07,6.682882655263146e-06,8.956167575570523e-07
908.0,1.8721895808371247e-06,2.376743816599356e-07,-6.403440159230556e-06,-8.518296954733032e-07,6.671517046327749e-06,8.842419966810729e-07
909.0,1.869271148202678e-06,2.3494966329153015e-07,-6.392327771276296e-06,-8.406444231281488e-07,6.660032204196398e-06,8.727415163747287e-07
910.0,1.8663414386721477e-06,2.3218432806593877e-07,-6.3810502677896785e-06,-8.293410828865225e-07,6.648385735331814e-06,8.611163535089425e-07
911.0,1.8633349559149526e-06,2.2937853084496303e-07,-6.369528272764935e-06,-8.179207123349525e-07,6.636483072794388e-06,8.493675468523781e-07
912.0,1.8602691213009948e-06,2.2653243675215147e-07,-6.357801443923616e-06,-8.063843485133475e-07,6.624367170079207e-06,8.37496137456232e-07
913.0,1.8571828898639176e-06,2.236462208995607e-07,-6.346018327441083e-06,-7.947330284091289e-07,6.612191535234095e-06,8.255031690545161e-07
914.0,1.8540934624000638e-06,2.2072006810301373e-07,-6.334270532371011e-06,-7.829677894689372e-07,6.600048919862518e-06,8.133896884781025e-07
915.0,1.850934986669106e-06,2.1775417258840827e-07,-6.322492740129526e-06,-7.710896701254038e-07,6.587858132493924e-06,8.011567460808302e-07
916.0,1.8477017794948924e-06,2.1474873769169956e-07,-6.3106497954490415e-06,-7.59099710336489e-07,6.575583830105857e-06,7.888053961760037e-07
917.0,1.8444414084939353e-06,2.1170397555523382e-07,-6.29876890601011e-06,-7.469989521349183e-07,6.56326548607375e-06,7.763366974816534e-07
918.0,1.8409921550277542e-06,2.086201068231406e-07,-6.286547469092074e-06,-7.347884401852788e-07,6.55056724230976e-06,7.637517135729733e-07
919.0,1.837445473745758e-06,2.0549736033850757e-07,-6.274077266610334e-06,-7.224692223464111e-07,6.537602879984787e-06,7.510515133404183e-07
920.0,1.8339066702732776e-06,2.023359728450508e-07,-6.2614270476824e-06,-7.100423502368221e-07,6.524467974380865e-06,7.3823717145203e-07
921.0,1.8304656969614364e-06,1.99136188695958e-07,-6.248660545549178e-06,-6.975088798009584e-07,6.511248980130883e-06,7.253097688186633e-07
922.0,1.8271809603676026e-06,1.9589825957251307e-07,-6.235865817050268e-06,-6.848698718743149e-07,6.4980468411812696e-06,7.122703930608924e-07
923.0,1.8239098604766468e-06,1.9262244421500953e-07,-6.223139049965631e-06,-6.721263927454986e-07,6.484913786192619e-06,6.991201389764827e-07
924.0,1.82055662728553e-06,1.8930900816832725e-07,-6.210517802918147e-06,-6.592795147134947e-07,6.471858914834015e-06,6.858601090074102e-07
925.0,1.8170646905735222e-06,1.859582235443962e-07,-6.197762378756799e-06,-6.463303166385286e-07,6.4586362796849145e-06,6.724914137054977e-07
926.0,1.813490397101214e-06,1.8257036880360754e-07,-6.184713827350752e-06,-6.332798844850562e-07,6.445109195863318e-06,6.590151721958308e-07
927.0,1.8098884579098584e-06,1.791457285570643e-07,-6.171429441426124e-06,-6.201293118555714e-07,6.431348037587181e-06,6.454325126372174e-07
928.0,1.8062883547220743e-06,1.7568459339138977e-07,-6.157925119543162e-06,-6.068797005140985e-07,6.4173763640840985e-06,6.317445726790788e-07
929.0,1.8026819355310142e-06,1.7218725971763217e-07,-6.144226097293259e-06,-5.935321608984348e-07,6.403216105626094e-06,6.179524999143015e-07
930.0,1.7990031855041888e-06,1.686540296456111e-07,-6.1304084093549704e-06,-5.800878126204211e-07,6.388921640382229e-06,6.040574523277192e-07
931.0,1.7951845334429617e-06,1.650852108848486e-07,-6.1166404182189105e-06,-5.665477849537288e-07,6.374635480943364e-06,5.90060598740053e-07
932.0,1.7913568764738041e-06,1.6148111667301457e-07,-6.102994615064805e-06,-5.529132173088411e-07,6.360464034203794e-06,5.759631192472539e-07
933.0,1.7875285340807068e-06,1.578420657325922e-07,-6.089452358581937e-06,-5.391852596950987e-07,6.346391753397503e-06,5.617662056553098e-07
934.0,1.7836755712430374e-06,1.5416838225623442e-07,-6.075890434831255e-06,-5.253650731698292e-07,6.332293669715825e-06,5.474710619106649e-07
935.0,1.7798754701758845e-06,1.5046039592103474e-07,-6.061971936532906e-06,-5.11453830274742e-07,6.317868346890931e-06,5.330789045264742e-07
936.0,1.7761353046652495e-06,1.467184419316735e-07,-6.047617975180053e-06,-4.974527154599194e-07,6.303042106332402e-06,5.185909630050023e-07
937.0,1.7724514675965253e-06,1.4294286109212945e-07,-6.033421318385468e-06,-4.833629254959137e-07,6.288382702264018e-06,5.040084802565527e-07
938.0,1.7686592263532752e-06,1.39133999905369e-07,-6.019294755743587e-06,-4.6918566987463796e-07,6.273760022146752e-06,4.893327130154197e-07
939.0,1.7646277068461558e-06,1.3529221070014826e-07,-6.004822134364485e-06,-4.5492217119992936e-07,6.2587378766906966e-06,4.745649322534555e-07
940.0,1.7605543657928102e-06,1.314178517837947e-07,-5.990129036348435e-06,-4.405736655688503e-07,6.243492415869243e-06,4.597064235919491e-07
941.0,1.7565817046205634e-06,1.2751128761957518e-07,-5.9753378699456405e-06,-4.2614140294496804e-07,6.228181271046484e-06,4.4475848771261426e-07
942.0,1.752658690651332e-06,1.235728890270051e-07,-5.96031857896806e-06,-4.1162664752502236e-07,6.212665293471674e-06,4.2972244076856103e-07
943.0,1.748890181285656e-06,1.1960303340320367e-07,-5.945337321955346e-06,-3.9703067810054226e-07,6.197229440486494e-06,4.145996147962221e-07
944.0,1.7452915988536155e-06,1.1560210496315623e-07,-5.930357598771252e-06,-3.823547884160946e-07,6.181843092018184e-06,3.993913581292295e-07
945.0,1.7417298596167363e-06,1.1157049499650634e-07,-5.915266629741289e-06,-3.676002875259329e-07,6.166360531530038e-06,3.840990358152771e-07
946.0,1.7382142840083326e-06,1.075086021382875e-07,-5.900314970164189e-06,-3.527685001508783e-07,6.15102476375069e-06,3.68724030036982e-07
947.0,1.7345987316230715e-06,1.034168326508238e-07,-5.8853079955567544e-06,-3.3786076703726184e-07,6.1356077907826405e-06,3.532677405377241e-07
948.0,1.7308179464381457e-06,9.929560071390208e-08,-5.869973458527689e-06,-3.228784453197542e-07,6.119829994986125e-06,3.377315850533909e-07
949.0,1.726993607120697e-06,9.514532872024963e-08,-5.854574425478987e-06,-3.078229088898535e-07,6.103978098134721e-06,3.221169997508943e-07
950.0,1.7232237258524297e-06,9.096644757334697e-08,-5.839103387250688e-06,-2.926955487717456e-07,6.088072632315024e-06,3.0642543967425834e-07
951.0,1.719380203685228e-06,8.675939698466235e-08,-5.823494778567362e-06,-2.7749777350715744e-07,6.072014469747745e-06,2.906583791990171e-07
952.0,1.7154140288522246e-06,8.2524625767511e-08,-5.808006380836339e-06,-2.622310095507147e-07,6.056036939304338e-06,2.748173124955791e-07
953.0,1.7112410182207327e-06,7.826259212491027e-08,-5.7927696616721924e-06,-2.4689670167717184e-07,6.0402422282248666e-06,2.5890375400213133e-07
954.0,1.7068615743298654e-06,7.397376392902487e-08,-5.7772690755797385e-06,-2.314963134017042e-07,6.0241359883035336e-06,2.4291923890754545e-07
955.0,1.7023055702003465e-06,6.965861899006028e-08,-5.761600659348609e-06,-2.160313274142548e-07,6.007818773243868e-06,2.268653236446393e-07
956.0,1.6977201166834543e-06,6.531764531276709e-08,-5.746002905371306e-06,-2.0050324602871277e-07,5.99156098050643e-06,2.1074358639401578e-07
957.0,1.692960688831624e-06,6.09513413390384e-08,-5.7302598773234514e-06,-1.8491359164746858e-07,5.975114572591242e-06,1.9455562759858493e-07
958.0,1.6881527673262564e-06,5.656021617541379e-08,-5.714605131157402e-06,-1.6926390724166184e-07,5.958739092365247e-06,1.783030704887349e-07
959.0,1.6833347836198165e-06,5.214478980461977e-08,-5.699319559404614e-06,-1.535557568471994e-07,5.942714820177423e-06,1.6198756161798886e-07
960.0,1.678384110137543e-06,4.770559328057864e-08,-5.683917409293748e-06,-1.3779072607637892e-07,5.9265411781944745e-06,1.4561077140882917e-07
961.0,1.6732151371101622e-06,4.324316890658901e-08,-5.668073966180742e-06,-1.219704226447111e-07,5.909882518388201e-06,1.2917439470822573e-07
962.0,1.6681262420825682e-06,3.8758070396620356e-08,-5.652152711310698e-06,-1.060964769123169e-07,5.893171932966269e-06,1.1268015135225421e-07
963.0,1.6632597736321308e-06,3.4250863019857456e-08,-5.63623677812819e-06,-9.017054243907131e-08,5.87652942592034e-06,9.612978673905617e-08
964.0,1.6586030258114448e-06,2.972212372878097e-08,-5.6201597393168434e-06,-7.419429655249791e-08,5.859791761886155e-06,7.952507240927048e-08
965.0,1.653979088772628e-06,2.5172441271164807e-08,-5.604064623021543e-06,-5.8169440927260974e-08,5.843046048517735e-06,6.286780663294602e-08
966.0,1.6494389892818262e-06,2.0602416286423293e-08,-5.588291360769659e-06,-4.2097702174965735e-08,5.826632759340154e-06,4.6159815001825675e-08
967.0,1.6445966359857067e-06,1.6012661386760154e-08,-5.572125254871274e-06,-2.5980832442839968e-08,5.809757133570195e-06,2.9402951025763033e-08
968.0,1.6397032224224617e-06,1.1403801223570475e-08,-5.5555329050993585e-06,-9.820610019737886e-09,5.792458244757948e-06,1.2599096731917672e-08
969.0,1.6353006040414897e-06,6.7764725395384796e-09,-5.53922977430954e-06,6.381160052202754e-09,5.7755756906282316e-06,-4.2498367347488195e-09
970.0,1.6312094170967129e-06,2.1313242068579577e-09,-5.5227790222711626e-06,2.2622645362035897e-08,5.758639795234932e-06,-2.1141908511256463e-08
971.0,1.6270556318642715e-06,-2.5309827480181562e-09,-5.506166665891765e-06,3.890198551250434e-08,5.741531274996147e-06,-3.8075147418366466e-08
972.0,1.62274141063401e-06,-7.209775132708597e-09,-5.490134317498452e-06,5.521729150256435e-08,5.7249335812706725e-06,-5.504755136612207e-08
973.0,1.6180593127579357e-06,-1.1904367589916857e-08,-5.473979412196073e-06,7.156664511206802e-08,5.7081140970332e-06,-7.205708676509552e-08
974.0,1.613208259448884e-06,-1.6614062610684516e-08,-5.457530468322425e-06,8.794809829086468e-08,5.690964742556545e-06,-8.91016879453812e-08
975.0,1.6086296423523105e-06,-2.1338150559356025e-08,-5.441301063668913e-06,1.0435967255470879e-07,5.674103153075291e-06,-1.061792565854703e-07
976.0,1.6042337187271993e-06,-2.6075909709605308e-08,-5.4249624447111344e-06,1.2079935839048894e-07,5.657188643737055e-06,-1.232876611532277e-07
977.0,1.5995973201288205e-06,-3.082660629073407e-08,-5.408539934359524e-06,1.3726511467337798e-07,5.640125513508102e-06,-1.4042473636123796e-07
978.0,1.5945660496730074e-06,-3.558949454329774e-08,-5.392339290311021e-06,1.5375486809859028e-07,5.623163158632492e-06,-1.5758828263882514e-07
979.0,1.5888688863485712e-06,-4.036381678294512e-08,-5.375701776444419e-06,1.7026651263048453e-07,5.605593093266246e-06,-1.747760656230526e-07
980.0,1.58301503028202e-06,-4.514880347117889e-08,-5.359096328594326e-06,1.8679790897178347e-07,5.5880094886508536e-06,-1.9198581567098914e-07
981.0,1.577435855049103e-06,-4.9943673291570597e-08,-5.3428439400482475e-06,2.0334688405569268e-07,5.570842417848918e-06,-2.0921522739549277e-07
982.0,1.5720153822007532e-06,-5.474763322982491e-08,-5.326515588988112e-06,2.1991123056369664e-07,5.553647511465699e-06,-2.2646195922671476e-07
983.0,1.5667500511407084e-06,-5.955987865601368e-08,-5.310559364202216e-06,2.364887064717797e-07,5.536853482210384e-06,-2.43723633001485e-07
984.0,1.561446462905458e-06,-6.43795934073064e-08,-5.294880723205608e-06,2.530770346277777e-07,5.520314930281995e-06,-2.6099783358269217e-07
985.0,1.5556862444643382e-06,-6.9205949869607e-08,-5.278492825722125e-06,2.696739023624835e-07,5.502967036282836e-06,-2.782821085107223e-07
986.0,1.5499137921426431e-06,-7.403810905666186e-08,-5.26169912379304e-06,2.8627696113700417e-07,5.485226561628829e-06,-2.9557396768894254e-07
987.0,1.5446966701582188e-06,-7.887522068541911e-08,-5.245175956625214e-06,3.0288382622868236e-07,5.467902579486683e-06,-3.128708831050977e-07
988.0,1.5398558455281819e-06,-8.37164232467024e-08,-5.2286040528315425e-06,3.194920764576493e-07,5.450638161380165e-06,-3.301702885903389e-07
989.0,1.5350074435704908e-06,-8.856084407061203e-08,-5.211834316232178e-06,3.360992539557997e-07,5.433181829432193e-06,-3.4746957961742734e-07
990.0,1.5300020562436512e-06,-9.340759938647694e-08,-5.195313597938789e-06,3.5270286397967067e-07,5.415920020923267e-06,-3.647661131394871e-07
991.0,1.5247656346140115e-06,-9.825579437763284e-08,-5.178309730846653e-06,3.693003747683981e-07,5.398129482430095e-06,-3.820572074705043e-07
992.0,1.5199437819468642e-06,-1.0310452323176939e-07,-5.161315200230554e-06,3.858892174476081e-07,5.380465007451484e-06,-3.993401422086073e-07
993.0,1.5156773560398573e-06,-1.0795286918806943e-07,-5.144336000240113e-06,4.024667859797852e-07,5.362972191889346e-06,-4.166121582029891e-07
994.0,1.5117447821066943e-06,-1.12799904582842e-07,-5.127542439586907e-06,4.190304371613655e-07,5.345751935508387e-06,-4.338704575651904e-07
995.0,1.5078461645112728e-06,-1.176446908958261e-07,-5.110725552315287e-06,4.3557749066652e-07,5.32851909323029e-06,-4.511122037253268e-07
996.0,1.5037552031915702e-06,-1.2248627879978466e-07,-5.094065270772052e-06,4.5210522913735507e-07,5.311382183011468e-06,-4.683345215337358e-07
997.0,1.4993365816673432e-06,-1.2732370821639387e-07,-5.0766615644071145e-06,4.686108983200412e-07,5.293439602437568e-06,-4.855344974084268e-07
998.0,1.4953579890453206e-06,-1.3215600838172968e-07,-5.0595050301582845e-06,4.850917072462055e-07,5.275858855731325e-06,-5.027091795286304e-07
999.0,1.4917112560741685e-06,-1.3698219792485638e-07,-5.042648601460975e-06,5.015448284587796e-07,5.258660227597396e-06,-5.1985557807466e-07
1000.0,1.4878914056659642e-06,-1.4180128496312894e-07,-5.02550157138737e-06,5.179673982813938e-07,5.241134121454207e-06,-5.369706655142421e-07
1001.0,1.483961152792812e-06,-1.4661226721783112e-07,-5.008570076014962e-06,5.343565171303706e-07,5.223783581787313e-06,-5.540513769354255e-07
1002.0,1.479956673572369e-06,-1.5141413215367609e-07,-4.992310373597153e-06,5.507092498683889e-07,5.207056233802083e-06,-5.710946104261821e-07
1003.0,1.4755469598393134e-06,-1.5620585714548903e-07,-4.97552033545956e-06,5.670226261989735e-07,5.1897053326044104e-06,-5.880972275008254e-07
1004.0,1.4710190828493008e-06,-1.6098640967506883e-07,-4.958666996957017e-06,5.832936411011021e-07,5.172260195390166e-06,-6.05056053573418e-07
1005.0,1.4666374597571696e-06,-1.6575474756080222e-07,-4.942392927531625e-06,5.995192553034084e-07,5.15541203867136e-06,-6.219678784783972e-07
1006.0,1.462041783029111e-06,-1.7050981922209234e-07,-4.92645970179284e-06,6.156963957976781e-07,5.138829766465488e-06,-6.388294570387079e-07
1007.0,1.4570611484299167e-06,-1.7525056398008895e-07,-4.910692364523683e-06,6.318219563915858e-07,5.1222970129869575e-06,-6.556375096818193e-07
1008.0,1.4518024172571753e-06,-1.7997591239558233e-07,-4.895457418663263e-06,6.47892798300904e-07,5.106195608934205e-06,-6.723887231040866e-07
1009.0,1.4462416669247524e-06,-1.8468478664426613e-07,-4.879875720564808e-06,6.639057507816943e-07,5.089676021841389e-06,-6.890797509840038e-07
1010.0,1.4407011050543428e-06,-1.893761009289103e-07,-4.86384347947455e-06,6.798576118032537e-07,5.072730336508329e-06,-7.057072147449621e-07
1011.0,1.4353259585042633e-06,-1.9404876192733657e-07,-4.847899226445573e-06,6.957451487628169e-07,5.055916090772054e-06,-7.222677043681525e-07
1012.0,1.429687885662334e-06,-1.987016692744889e-07,-4.832050322256531e-06,7.115650992431817e-07,5.039118749070028e-06,-7.387577792562521e-07
1013.0,1.4238691578571938e-06,-2.033337160763603e-07,-4.816708697341632e-06,7.273141718145694e-07,5.022756818097356e-06,-7.551739691485127e-07
1014.0,1.4179297560257265e-06,-2.0794378945308912e-07,-4.801860164937999e-06,7.429890468821357e-07,5.006833913426883e-06,-7.715127750878505e-07
1015.0,1.4119205219986775e-06,-2.1253077110818448e-07,-4.786970479342401e-06,7.585863775806498e-07,4.990852224874689e-06,-7.877706704405266e-07
1016.0,1.4061753685623568e-06,-2.1709353792059526e-07,-4.7717108186962065e-06,7.741027907179251e-07,4.974590767531928e-06,-8.039441019690069e-07
1017.0,1.4011770886335206e-06,-2.2163096255621353e-07,-4.756531442662304e-06,7.895348877686098e-07,4.95861760965157e-06,-8.200294909585737e-07
1018.0,1.396955965932145e-06,-2.2614191409541153e-07,-4.741735746882636e-06,8.048792459199126e-07,4.94323212726431e-06,-8.360232343982417e-07
1019.0,1.3928724485190447e-06,-2.3062525867334408e-07,-4.7264846231853674e-06,8.201324191707453e-07,4.927448685785694e-06,-8.519217062164649e-07
1020.0,1.3886512916505556e-06,-2.3507986012997322e-07,-4.7110721858034665e-06,8.352909394856129e-07,4.911471627695085e-06,-8.677212585720552e-07
1021.0,1.384054471170737e-06,-2.3950458066705537e-07,-4.696085959932095e-06,8.503513180044022e-07,4.895797189655537e-06,-8.834182232006292e-07
1022.0,1.3790226397747407e-06,-2.438982815096213e-07,-4.68104030842964e-06,8.653100463089928e-07,4.87994280808232e-06,-8.990089128167709e-07
1023.0,1.374047280067181e-06,-2.4825982356976393e-07,-4.665660947977823e-06,8.801635977473906e-07,4.863784330060836e-06,-9.144896225719619e-07
1024.0,1.3700659834137152e-06,-2.525880681108298e-07,-4.650835645214624e-06,8.94908428815845e-07,4.848438201906498e-06,-9.298566315681824e-07
1025.0,1.3671629708056354e-06,-2.5688187741040524e-07,-4.636516370670751e-06,9.095409805991818e-07,4.8338823573024575e-06,-9.451062044269505e-07
1026.0,1.364523153440933e-06,-2.611401154208027e-07,-4.622087560191002e-06,9.240576802693751e-07,4.819296302402332e-06,-9.60234592913451e-07
1027.0,1.3618437225138003e-06,-2.653616484260721e-07,-4.607725843708277e-06,9.384549426421742e-07,4.804763862597974e-06,-9.752380376153063e-07
1028.0,1.3586378619923067e-06,-2.6954534569483106e-07,-4.593540712916067e-06,9.527291717914134e-07,4.790251884948898e-06,-9.90112769675426e-07
1029.0,1.3544855268221578e-06,-2.7369008012837767e-07,-4.579230035717252e-06,9.668767627204254e-07,4.775351166394543e-06,-1.0048550125782372e-06
1030.0,1.3494452678619595e-06,-2.777947289035896e-07,-4.5645431697161065e-06,9.808941030897837e-07,4.759837904714508e-06,-1.019460983988402e-06
1031.0,1.3442909303773565e-06,-2.8185817411002905e-07,-4.549481072646522e-06,9.947775750003802e-07,4.743932560214549e-06,-1.033926897640915e-06
1032.0,1.3400052306655752e-06,-2.858793033805183e-07,-4.535018992390949e-06,1.008523556830653e-06,4.728848832385924e-06,-1.0482489652812273e-06
1033.0,1.3367621911064553e-06,-2.8985701051427413e-07,-4.521748216246291e-06,1.0221284251266164e-06,4.7152030801120586e-06,-1.0624233986538522e-06
1034.0,1.33368570287562e-06,-2.937901960915483e-07,-4.509051323375868e-06,1.0355885565432345e-06,4.702154973083352e-06,-1.0764464115377578e-06
1035.0,1.329753690937352e-06,-2.976777680786259e-07,-4.496220224359249e-06,1.0489003298356489e-06,4.688735563507356e-06,-1.090314221826789e-06
1036.0,1.3250754753446614e-06,-3.0151864242194307e-07,-4.483523963705327e-06,1.0620601278987632e-06,4.675233913771568e-06,-1.104023053653337e-06
1037.0,1.3202260514544317e-06,-3.053117436299882e-07,-4.471304905662166e-06,1.0750643398536853e-06,4.662141609425598e-06,-1.117569139553443e-06
1038.0,1.315399825646546e-06,-3.090560053415245e-07,-4.459310387672222e-06,1.0879093631795049e-06,4.649271538091999e-06,-1.1309487226714584e-06
1039.0,1.3106972485132928e-06,-3.1275037087855984e-07,-4.446771927402171e-06,1.1005916058887845e-06,4.63591499615689e-06,-1.1441580590022692e-06
1040.0,1.30644599874441e-06,-3.1639379378242713e-07,-4.433598114195192e-06,1.1131074887450094e-06,4.622076739500378e-06,-1.1571934196689327e-06
1041.0,1.3029129937447426e-06,-3.199852383313613e-07,-4.420483810219089e-06,1.1254534475200349e-06,4.608498604282957e-06,-1.170051093233397e-06
1042.0,1.2997574170281467e-06,-3.2352368003807856e-07,-4.4078423555027335e-06,1.1376259352893315e-06,4.595480777251012e-06,-1.1827273880377696e-06
1043.0,1.2963266604049117e-06,-3.270081061260611e-07,-4.395572083426558e-06,1.1496214247625863e-06,4.582741183077595e-06,-1.1952186345734287e-06
1044.0,1.2925037678745976e-06,-3.304375159834964e-07,-4.383814694586263e-06,1.1614364106470084e-06,4.57038261707272e-06,-1.2075211878751398e-06
1045.0,1.2886708767589905e-06,-3.338109215940908e-07,-4.372793432627642e-06,1.1730674120405237e-06,4.558727347959978e-06,-1.2196314299372614e-06
1046.0,1.2852513188721382e-06,-3.371273479442399e-07,-4.3622546030963605e-06,1.1845109748519405e-06,4.547651720932239e-06,-1.2315457721490922e-06
1047.0,1.2823359275548896e-06,-3.4038583340631325e-07,-4.3517335802101265e-06,1.1957636742450746e-06,4.536735674934843e-06,-1.2432606577464128e-06
1048.0,1.2799010222774854e-06,-3.4358543009809024e-07,-4.341110676764348e-06,1.2068221171037369e-06,4.52585776784295e-06,-1.2547725642762573e-06
1049.0,1.2778473173769012e-06,-3.4672520421867956e-07,-4.330473000246915e-06,1.2176829445143472e-06,4.515073661901305e-06,-1.2660780060719185e-06
1050.0,1.2758298958137626e-06,-3.498042363615407e-07,-4.319691367105083e-06,1.2283428342627667e-06,4.504162011972298e-06,-1.2771735367350878e-06
1051.0,1.2732917175906078e-06,-3.5282162180547085e-07,-4.308531117547254e-06,1.2387985033416978e-06,4.49273994227997e-06,-1.2880557516218817e-06
1052.0,1.2700251046382505e-06,-3.557764707845935e-07,-4.297212679305051e-06,1.2490467104647363e-06,4.480959783081243e-06,-1.298721290329295e-06
1053.0,1.2662432503918186e-06,-3.586679087384716e-07,-4.285968236594773e-06,1.2590842585828862e-06,4.469104574102305e-06,-1.3091668391783851e-06
1054.0,1.2625861197657073e-06,-3.614950765434757e-07,-4.275317420088243e-06,1.2689079973991153e-06,4.457854052381596e-06,-1.3193891336902712e-06
1055.0,1.2595732667708415e-06,-3.642571307265083e-07,-4.265510266110439e-06,1.2785148258763632e-06,4.447595152962702e-06,-1.3293849610508613e-06
1056.0,1.2573441986740708e-06,-3.669532436621585e-07,-4.256785636536087e-06,1.2879016947343447e-06,4.438596443624863e-06,-1.3391511625601519e-06
1057.0,1.255487743018202e-06,-3.6958260375437196e-07,-4.248909047099847e-06,1.2970656089305292e-06,4.430516624886523e-06,-1.3486846360619802e-06
1058.0,1.2533876587172976e-06,-3.721444156037705e-07,-4.2414046693695084e-06,1.3060036301207752e-06,4.422724747525477e-06,-1.357982338350218e-06
1059.0,1.2507123717253599e-06,-3.7463790016181006e-07,-4.233836819522718e-06,1.3147128790952219e-06,4.41470901092395e-06,-1.3670412875475341e-06
1060.0,1.2474588440281043e-06,-3.7706229487300104e-07,-4.225884105424349e-06,1.3231905381851346e-06,4.406160464624738e-06,-1.3758585654529422e-06
1061.0,1.2439081562565235e-06,-3.7941685380640825e-07,-4.217462666988858e-06,1.331433853636391e-06,4.39707844467736e-06,-1.3844313198543556e-06
1062.0,1.240711664629579e-06,-3.8170084777761625e-07,-4.208829632146305e-06,1.339440137945218e-06,4.387893834994268e-06,-1.392756766802271e-06
1063.0,1.238302426015414e-06,-3.8391356446233166e-07,-4.2002953596353976e-06,1.3472067721516064e-06,4.3790266049032305e-06,-1.4008321928405388e-06
1064.0,1.2365540531522612e-06,-3.860543085028276e-07,-4.191852040313915e-06,1.35473120808564e-06,4.370433554494476e-06,-1.4086549571899939e-06
1065.0,1.2350534571714533e-06,-3.8812240160853895e-07,-4.18361213538887e-06,1.3620109705617832e-06,4.362105860870891e-06,-1.4162224938805687e-06
1066.0,1.2334629826971089e-06,-3.901171826522762e-07,-4.175858693167278e-06,1.3690436595160402e-06,4.354219419710584e-06,-1.4235323138274339e-06
1067.0,1.2317003149076022e-06,-3.920380077637032e-07,-4.168707598228849e-06,1.3758269520808653e-06,4.34686193768268e-06,-1.430582006846723e-06
1068.0,1.2299059264364587e-06,-3.9388425042188137e-07,-4.162274231944707e-06,1.3823586045927573e-06,4.340183794471661e-06,-1.4373692436064992e-06
1069.0,1.2283514019550967e-06,-3.9565530154880507e-07,-4.156599912985559e-06,1.3886364545276272e-06,4.3343015588808085e-06,-1.4438917775088002e-06
1070.0,1.2272409377345195e-06,-3.9735056960592925e-07,-4.15153065874696e-06,1.39465842235926e-06,4.329125446295992e-06,-1.4501474464988502e-06
1071.0,1.2265390611498894e-06,-3.989694806957339e-07,-4.146681077676906e-06,1.400422513336471e-06,4.324275896435166e-06,-1.4561341747977987e-06
1072.0,1.2260926378071524e-06,-4.0051147867037363e-07,-4.141737747598295e-06,1.40592681917483e-06,4.319409071431589e-06,-1.4618499745556171e-06
1073.0,1.2255609187772354e-06,-4.019760252494205e-07,-4.136597074488879e-06,1.4111695196590948e-06,4.314329023417669e-06,-1.4672929474210165e-06
1074.0,1.2244733790245377e-06,-4.0336260014859757e-07,-4.131221537251317e-06,1.416148884152666e-06,4.308866027830165e-06,-1.4724612860254077e-06
1075.0,1.2226802009462912e-06,-4.0467070122120185e-07,-4.125685378997268e-06,1.4208632730105471e-06,4.303048537985355e-06,-1.4773532753779961e-06
1076.0,1.2204920810943154e-06,-4.0589984461362737e-07,-4.12041354547199e-06,1.4253111388923775e-06,4.297372302433546e-06,-1.481967294169138e-06
1077.0,1.2182862430820673e-06,-4.0704956493604207e-07,-4.115619663846992e-06,1.4294910279722447e-06,4.2921494134672254e-06,-1.4863018159790964e-06
1078.0,1.216357702393811e-06,-4.081194154488867e-07,-4.1113852158325415e-06,1.4334015810421384e-06,4.287541772757339e-06,-1.4903554103893768e-06
1079.0,1.2148581718940399e-06,-4.0910896826550714e-07,-4.107887977555791e-06,1.4370415345061349e-06,4.283762833533753e-06,-1.4941267439939465e-06
1080.0,1.2136937729001485e-06,-4.100178145709351e-07,-4.10519129712128e-06,1.4404097212627227e-06,4.280846663959934e-06,-1.497614581307855e-06
1081.0,1.2126870405637646e-06,-4.108455648566182e-07,-4.10323069716112e-06,1.4435050714730407e-06,4.278681106658527e-06,-1.500817785571068e-06
1082.0,1.211577277476783e-06,-4.1159184917075886e-07,-4.101692257563183e-06,1.4463266132132123e-06,4.276891262944595e-06,-1.5037353194456785e-06
1083.0,1.2102139318737049e-06,-4.122563173838389e-07,-4.100107775018014e-06,1.448873473009362e-06,4.274985558766764e-06,-1.506366245605015e-06
1084.0,1.2087173818231545e-06,-4.128386394688648e-07,-4.098166908661494e-06,1.4511448762542415e-06,4.272700518450775e-06,-1.5087097272134926e-06
1085.0,1.2074879476575706e-06,-4.133385057958666e-07,-4.0958971769256e-06,1.4531401475046632e-06,4.27017573733042e-06,-1.5107650282963027e-06
1086.0,1.2068696182421235e-06,-4.137556274402266e-07,-4.093504266444725e-06,1.4548587106591286e-06,4.26770564294646e-06,-1.5125315139982402e-06
1087.0,1.206939834547116e-06,-4.140897365045172e-07,-4.0912264650527774e-06,1.4563000890151531e-06,4.265540733900552e-06,-1.514008650731089e-06
1088.0,1.2074858662669552e-06,-4.143405864536938e-07,-4.0891993033920215e-06,1.457463905205889e-06,4.263751055126959e-06,-1.515196006209147e-06
1089.0,1.2082380779210311e-06,-4.1450795246370036e-07,-4.087518564510617e-06,1.4583498810157591e-06,4.262352316287011e-06,-1.5160932493726324e-06
1090.0,1.2089750234811625e-06,-4.145916317837651e-07,-4.086319492113688e-06,1.4589578370750062e-06,4.261411456199641e-06,-1.51670015019895e-06
1091.0,1.2096928633242854e-06,-4.1459144411285613e-07,-4.085758797844896e-06,1.4592876924333128e-06,4.2610775371664715e-06,-1.5170165794021043e-06
1092.0,1.2105488685631993e-06,-4.1450723199089137e-07,-4.08592726824919e-06,1.4593394640129985e-06,4.261482160540148e-06,-1.51704250802091e-06
1093.0,1.2116898263359044e-06,-4.1433886120533946e-07,-4.086679100345769e-06,1.459113265942734e-06,4.262527220376292e-06,-1.5167780068970749e-06
1094.0,1.213136214039956e-06,-4.1408622121380184e-07,-4.087800862140334e-06,1.4586093087731871e-06,4.264013996497954e-06,-1.5162232460446874e-06
1095.0,1.214708547470078e-06,-4.137492255830253e-07,-4.089060625489527e-06,1.4578278985765402e-06,4.2656691918414944e-06,-1.5153784939130784e-06
1096.0,1.2160719843612444e-06,-4.1332781244456377e-07,-4.090241192522548e-06,1.4567694359323037e-06,4.267189248692466e-06,-1.5142441165454553e-06
1097.0,1.2169012492679876e-06,-4.1282194496696283e-07,-4.091285212781681e-06,1.4554344148023505e-06,4.268426330955712e-06,-1.5128205766360606e-06
1098.0,1.2171350841638784e-06,-4.122316118438908e-07,-4.092364409680194e-06,1.4538234212985049e-06,4.269527406484204e-06,-1.511108432488894e-06
1099.0,1.216930920810988e-06,-4.1155682779708637e-07,-4.093665734006269e-06,1.4519371323464503e-06,4.270716568423028e-06,-1.5091083368812766e-06
1100.0,1.2166129509383339e-06,-4.10797634092364e-07,-4.095411301141549e-06,1.4497763142501019e-06,4.272299240211154e-06,-1.50682103583573e-06
1101.0,1.2164156953375915e-06,-4.0995409906626766e-07,-4.097807262071207e-06,1.4473418211610263e-06,4.2745399168737635e-06,-1.5042473673038707e-06
1102.0,1.2164572713579958e-06,-4.090263186603378e-07,-4.10099498260319e-06,1.4446345934579292e-06,4.277607759060697e-06,-1.5013882597662724e-06
1103.0,1.2166951615100174e-06,-4.080144169594038e-07,-4.1049928536374125e-06,1.441655656041743e-06,4.281508314187433e-06,-1.4982447307525722e-06
1104.0,1.2169817672214034e-06,-4.0691854672985887e-07,-4.109705808663655e-06,1.438406116552355e-06,4.286108544532338e-06,-1.4948178852864566e-06
1105.0,1.2172281910471927e-06,-4.057388899535261e-07,-4.114875527760908e-06,1.4348871635135236e-06,4.29113563966995e-06,-1.491108914260551e-06
1106.0,1.2174057537062133e-06,-4.044756583524802e-07,-4.120112727823422e-06,1.431100064412977e-06,4.296208288610964e-06,-1.4871190927466014e-06
1107.0,1.217624970684117e-06,-4.0312909390005025e-07,-4.125091352669141e-06,1.4270461637250398e-06,4.301045133115813e-06,-1.482849778246619e-06
1108.0,1.2181299670344092e-06,-4.01699469313189e-07,-4.129782887996036e-06,1.422726880883339e-06,4.3056877869362675e-06,-1.4783024088908607e-06
1109.0,1.2191658942117822e-06,-4.0018708852147055e-07,-4.134371994479746e-06,1.4181437082112091e-06,4.310382496524833e-06,-1.4734785015885937e-06
1110.0,1.2207720354318052e-06,-3.985922871081616e-07,-4.138990386592933e-06,1.4132982088173543e-06,4.315266594638277e-06,-1.4683796501375936e-06
1111.0,1.2227751603199888e-06,-3.9691543271910936e-07,-4.143614421359132e-06,1.4081920144641533e-06,4.320268459898175e-06,-1.4630075232982366e-06
1112.0,1.2249993066038023e-06,-3.9515692543556934e-07,-4.148418430993672e-06,1.4028268234157805e-06,4.325505609727931e-06,-1.4573638628379549e-06
1113.0,1.2273472768109528e-06,-3.9331719810753473e-07,-4.153590785316297e-06,1.3972043982730758e-06,4.331131232110118e-06,-1.4514504815517194e-06
1114.0,1.2297972450392436e-06,-3.913967166445848e-07,-4.159315743823555e-06,1.3913265638018696e-06,4.3373158428600294e-06,-1.4452692612641232e-06
1115.0,1.2324839145927413e-06,-3.8939598026171e-07,-4.165761842200855e-06,1.3851952047612851e-06,4.344259237852468e-06,-1.4388221508185847e-06
1116.0,1.2354901132438645e-06,-3.873155216779839e-07,-4.172857442807931e-06,1.3788122637383814e-06,4.351916251253106e-06,-1.4321111640591609e-06
1117.0,1.2387750827347332e-06,-3.8515590726630654e-07,-4.180352223381867e-06,1.372179738995374e-06,4.360035368794405e-06,-1.4251383778104385e-06
1118.0,1.2421541203122555e-06,-3.829177371527481e-07,-4.187902964747359e-06,1.365299682335549e-06,4.368235124251948e-06,-1.4179059298609345e-06
1119.0,1.2454141845863465e-06,-3.806016452642421e-07,-4.195337704626656e-06,1.3581741969938318e-06,4.376290089451445e-06,-1.4104160169553618e-06
1120.0,1.2482778621314417e-06,-3.782082993235121e-07,-4.202571532385679e-06,1.3508054355577688e-06,4.3840398157300035e-06,-1.4026708928009535e-06
1121.0,1.2506098473752392e-06,-3.7573840079014804e-07,-4.2096704642724525e-06,1.3431955979244098e-06,4.3915088987863575e-06,-1.39467286609279e-06
1122.0,1.2525474138158632e-06,-3.7319268474668624e-07,-4.216843261906078e-06,1.3353469292982609e-06,4.3989364759381896e-06,-1.3864242985627543e-06
1123.0,1.2544042711226666e-06,-3.7057191972840745e-07,-4.224395946161863e-06,1.3272617182351366e-06,4.406705252834545e-06,-1.3779276030563692e-06
1124.0,1.2563186818914662e-06,-3.678769074953953e-07,-4.232471000842342e-06,1.3189422947364016e-06,4.414991212158964e-06,-1.3691852416414016e-06
1125.0,1.2583559037826486e-06,-3.6510848274522813e-07,-4.241224806633692e-06,1.3103910283978042e-06,4.4239628661404526e-06,-1.3601997237517903e-06
1126.0,1.260463310892579e-06,-3.622675127645567e-07,-4.250740122002661e-06,1.30161032661685e-06,4.433684623753643e-06,-1.3509736043701824e-06
1127.0,1.2625505243502033e-06,-3.5935489701776617e-07,-4.26087125593444e-06,1.2926026328624646e-06,4.443991188805993e-06,-1.3415094822521544e-06
1128.0,1.2646343823252693e-06,-3.563715666709477e-07,-4.271453602766595e-06,1.2833704250105062e-06,4.45472962159848e-06,-1.3318099981950155e-06
1129.0,1.2667296474533352e-06,-3.533184840495188e-07,-4.282216990669774e-06,1.2739162137484784e-06,4.4656451219189085e-06,-1.3218778333539365e-06
1130.0,1.2689194704706974e-06,-3.5019664202803027e-07,-4.2929261448443334e-06,1.264242541052528e-06,4.476535659148452e-06,-1.3117157076079335e-06
1131.0,1.2713375426853801e-06,-3.4700706335098734e-07,-4.30343897350749e-06,1.2543519787394486e-06,4.487302769609434e-06,-1.3013263779779826e-06
1132.0,1.2740763136731559e-06,-3.437507998839009e-07,-4.313695117608152e-06,1.2442471270959378e-06,4.49791463021914e-06,-1.290712637099192e-06
1133.0,1.277124021786813e-06,-3.4042893179426594e-07,-4.323633362057766e-06,1.2339306135867873e-06,4.508309130541501e-06,-1.2798773117485497e-06
1134.0,1.280431100925128e-06,-3.370425666627344e-07,-4.333360579700241e-06,1.2234050916430096e-06,4.518574744088709e-06,-1.2688232614292871e-06
1135.0,1.284048325639331e-06,-3.3359283852539467e-07,-4.343194647649096e-06,1.2126732395302124e-06,4.529030784830781e-06,-1.257553377012412e-06
1136.0,1.2879841230217792e-06,-3.3008090684876376e-07,-4.353434087500663e-06,1.2017377592968234e-06,4.539966019186587e-06,-1.2460705794354824e-06
1137.0,1.292302388239408e-06,-3.2650795543982315e-07,-4.364341594564891e-06,1.190601375801102e-06,4.551650581569118e-06,-1.2343778184582685e-06
1138.0,1.2969406724128163e-06,-3.2287519129415195e-07,-4.375848752791178e-06,1.179266835815293e-06,4.564001250554465e-06,-1.2224780714745882e-06
1139.0,1.3018005494691565e-06,-3.191838433859068e-07,-4.387741472100526e-06,1.167736907204776e-06,4.576784886422901e-06,-1.2103743423793286e-06
1140.0,1.3068315828923538e-06,-3.1543516140403963e-07,-4.399856829762072e-06,1.1560143781796297e-06,4.589831032668729e-06,-1.1980696604894288e-06
1141.0,1.31195866742706e-06,-3.1163041443969937e-07,-4.412039972923054e-06,1.1441020566156689e-06,4.602969939909216e-06,-1.1855670795174042e-06
1142.0,1.317041074061498e-06,-3.0777088963020893e-07,-4.424152112547652e-06,1.1320027694416314e-06,4.616028499232313e-06,-1.172869676595775e-06
1143.0,1.3218727483998993e-06,-3.0385789076532613e-07,-4.436115540240593e-06,1.1197193620888605e-06,4.628873367173312e-06,-1.1599805513505103e-06
1144.0,1.3262995254004206e-06,-2.998927368616743e-07,-4.447941315544046e-06,1.1072546979994593e-06,4.641470928229658e-06,-1.146902825021315e-06
1145.0,1.3303134058229027e-06,-2.9587676071126455e-07,-4.4596789127715475e-06,1.0946116581885587e-06,4.653866109239859e-06,-1.1336396396262694e-06
1146.0,1.3341382913423239e-06,-2.9181130740994636e-07,-4.471635161429344e-06,1.0817931408560257e-06,4.666416826362283e-06,-1.120194157168004e-06
1147.0,1.3380214839986415e-06,-2.8769773287143464e-07,-4.4841142015084046e-06,1.0688020610426926e-06,4.679485192177798e-06,-1.1065695588783095e-06
1148.0,1.3419904683065198e-06,-2.8353740233231454e-07,-4.497242913015231e-06,1.0556413503260215e-06,4.6932006387636224e-06,-1.0927690444978486e-06
1149.0,1.3459375589330858e-06,-2.7933168885314486e-07,-4.510984168704102e-06,1.0423139565500532e-06,4.707496795840205e-06,-1.0787958315874959e-06
1150.0,1.3497128591166696e-06,-2.7508197182049864e-07,-4.525259584775565e-06,1.0288228435845228e-06,4.7222557228159525e-06,-1.0646531548677792e-06
1151.0,1.353327298725393e-06,-2.707896354545016e-07,-4.539948868120813e-06,1.015170991108112e-06,4.737365354564372e-06,-1.0503442655829146e-06
1152.0,1.356776310745822e-06,-2.664560673261731e-07,-4.55475661903515e-06,1.001361394410953e-06,4.752541406031677e-06,-1.0358724308859766e-06
1153.0,1.3600893452037077e-06,-2.6208265688864246e-07,-4.569399773945992e-06,9.873970642116104e-07,4.767521087638138e-06,-1.021240933241799e-06
1154.0,1.3635587642890634e-06,-2.576707940261268e-07,-4.583844954886285e-06,9.732810264838577e-07,4.7823558079785285e-06,-1.0064530698442322e-06
1155.0,1.3673957645898849e-06,-2.5322186762443193e-07,-4.598228255714432e-06,9.590163222885936e-07,4.797236107246436e-06,-9.915121520443735e-07
1156.0,1.3715275846148955e-06,-2.487372641666887e-07,-4.61263380385768e-06,9.446060076062181e-07,4.812221786643893e-06,-9.76421504786353e-07
1157.0,1.3758488577320094e-06,-2.4421836635807264e-07,-4.626960568521188e-06,9.300531531647215e-07,4.827185948559718e-06,-9.611844660472009e-07
1158.0,1.3803200996087561e-06,-2.3966655178336287e-07,-4.641139894900892e-06,9.153608442586698e-07,4.842051538493223e-06,-9.458043862772904e-07
1159.0,1.3850159732153866e-06,-2.3508319160136218e-07,-4.655376051543314e-06,9.005321805541977e-07,4.857035662556409e-06,-9.302846278378259e-07
1160.0,1.3900537893796194e-06,-2.3046964928040197e-07,-4.6699658312054915e-06,8.855702758750897e-07,4.8724563006758135e-06,-9.146285644318788e-07
1161.0,1.3954922902792433e-06,-2.2582727937937018e-07,-4.6850654897845345e-06,8.704782579650555e-07,4.888480068057842e-06,-8.988395805255583e-07
1162.0,1.4012451423905947e-06,-2.2115742637890686e-07,-4.700583771222178e-06,8.552592682213853e-07,4.904994978524499e-06,-8.829210707560375e-07
1163.0,1.4072180812285673e-06,-2.1646142356758862e-07,-4.716315995356712e-06,8.399164613953367e-07,4.921778062468298e-06,-8.66876439323367e-07
1164.0,1.4133919942205253e-06,-2.11740591988038e-07,-4.73201312445326e-06,8.244530052548016e-07,4.93858533785988e-06,-8.507090993632371e-07
1165.0,1.419605886149311e-06,-2.069962394479187e-07,-4.747521934911347e-06,8.088720802050575e-07,4.955224050883487e-06,-8.344224722980908e-07
1166.0,1.4257069949341616e-06,-2.022296596006835e-07,-4.762797349344705e-06,7.931768788636652e-07,4.971607288023577e-06,-8.180199871642155e-07
1167.0,1.431551466646308e-06,-1.9744213110071055e-07,-4.7779928609714695e-06,7.773706055858324e-07,4.987840753387334e-06,-8.015050799126291e-07
1168.0,1.436955139544338e-06,-1.9263491683707736e-07,-4.793071041508945e-06,7.614564759368563e-07,5.003835537066994e-06,-7.848811926817396e-07
1169.0,1.442060001549672e-06,-1.8780926324969172e-07,-4.80825555537745e-06,7.454377161085789e-07,5.019846465170777e-06,-7.681517730399116e-07
1170.0,1.4472668035114822e-06,-1.829663997308283e-07,-4.824029255889872e-06,7.293175622771684e-07,5.0364510781132125e-06,-7.513202731962523e-07
1171.0,1.4525691421352072e-06,-1.7810753811434284e-07,-4.840227085578519e-06,7.130992599000023e-07,5.053489423423318e-06,-7.343901491781528e-07
1172.0,1.4578461607628324e-06,-1.7323387225398073e-07,-4.856885480963857e-06,6.967860629499958e-07,5.070961644860711e-06,-7.173648599744061e-07
1173.0,1.4627478957529583e-06,-1.6834657769128047e-07,-4.873981414299511e-06,6.803812330863387e-07,5.088745054870283e-06,-7.002478666430712e-07
1174.0,1.4670446915054924e-06,-1.63446811412619e-07,-4.891368104664728e-06,6.638880387613046e-07,5.1066331434914985e-06,-6.830426313836446e-07
1175.0,1.4708567158683294e-06,-1.5853571169395577e-07,-4.908881197362991e-06,6.473097542635072e-07,5.1245033016321574e-06,-6.657526165734911e-07
1176.0,1.4744003100641834e-06,-1.5361439803083558e-07,-4.926301197971661e-06,6.306496586986738e-07,5.142207674477411e-06,-6.483812837688793e-07
1177.0,1.477975369562623e-06,-1.4868397115023128e-07,-4.943487893371845e-06,6.139110349096551e-07,5.15969802846521e-06,-6.309320926713048e-07
1178.0,1.4819592014658767e-06,-1.437455130999025e-07,-4.960704519552106e-06,5.970971683379891e-07,5.17733448843264e-06,-6.134085000600911e-07
1179.0,1.4859774629671918e-06,-1.3880008741014174e-07,-4.978036262537344e-06,5.802113458298479e-07,5.195091341986508e-06,-5.958139586925277e-07
1180.0,1.4895886588650598e-06,-1.3384873932211348e-07,-4.995248072570124e-06,5.632568543896554e-07,5.212617162149446e-06,-5.781519161730523e-07
1181.0,1.4932128954148194e-06,-1.288924960764609e-07,-5.0124715310073675e-06,5.462369798850851e-07,5.230158276782114e-06,-5.60425813793228e-07
1182.0,1.4971567617871884e-06,-1.2393236725546512e-07,-5.02983276634561e-06,5.291550057074986e-07,5.247923020278501e-06,-5.426390853445032e-07
1183.0,1.5015017187092194e-06,-1.1896934517178979e-07,-5.047409287028959e-06,5.120142113922397e-07,5.266008727876638e-06,-5.247951559059995e-07
1184.0,1.5061366737956217e-06,-1.140044052967314e-07,-5.065004499704706e-06,4.948178712034993e-07,5.284195138541068e-06,-5.068974406098364e-07
1185.0,1.5108972759025896e-06,-1.0903850672092034e-07,-5.082988279114797e-06,4.775692526887603e-07,5.30278987175131e-06,-4.889493433867837e-07
1186.0,1.515423456832643e-06,-1.0407259264055859e-07,-5.101172640187279e-06,4.602716152080833e-07,5.3215101764925576e-06,-4.709542556953198e-07
1187.0,1.5205256933825684e-06,-9.910759086251402e-08,-5.1198432200472155e-06,4.429282084437202e-07,5.3408606967510376e-06,-4.5291555523744804e-07
1188.0,1.5259557495372889e-06,-9.414441432189483e-08,-5.138260315784571e-06,4.255422708956999e-07,5.360061568891953e-06,-4.348366046648736e-07
1189.0,1.5314052345671847e-06,-8.918396160607778e-08,-5.155672278156498e-06,4.0811702836913304e-07,5.378304438409115e-06,-4.167207502793333e-07
1190.0,1.5370596390396063e-06,-8.42271174795485e-08,-5.1726326356082986e-06,3.906556924589935e-07,5.396172784198503e-06,-3.985713207309846e-07
1191.0,1.542266941878534e-06,-7.927475340429995e-08,-5.189388837145703e-06,3.7316145903804865e-07,5.413718114485072e-06,-3.8039162571880317e-07
1192.0,1.5471794326815669e-06,-7.432772805091046e-08,-5.206700237125883e-06,3.5563750675348296e-07,5.431711659891344e-06,-3.6218495469690954e-07
1193.0,1.5525563964446931e-06,-6.938688779576564e-08,-5.224738860665212e-06,3.3808699553760486e-07,5.450534609218306e-06,-3.439545755907039e-07
1194.0,1.5579809454491222e-06,-6.445306720020088e-08,-5.242632323376739e-06,3.2051306513789453e-07,5.469231966601629e-06,-3.2570373352664146e-07
1195.0,1.5633934156156215e-06,-5.952708946763046e-08,-5.26027645481042e-06,3.029188336715543e-07,5.487686885475806e-06,-3.074356495794769e-07
1196.0,1.5685868197390374e-06,-5.460976687499521e-08,-5.277840206929785e-06,2.853073962096432e-07,5.506002348432451e-06,-2.891535195408049e-07
1197.0,1.5733083764402078e-06,-4.9701901175104887e-08,-5.295765284074605e-06,2.676818233958006e-07,5.52452977106529e-06,-2.7086051271271865e-07
1198.0,1.5779764126477858e-06,-4.4804283966664496e-08,-5.314520534760447e-06,2.500451601044785e-07,5.543837846948921e-06,-2.5255977073037914e-07
1199.0,1.5823724430485964e-06,-3.99176970289651e-08,-5.33314033651644e-06,2.324004241434924e-07,5.562938827409328e-06,-2.3425440641725247e-07
1200.0,1.586723420377023e-06,-3.5042912618400176e-08,-5.35137194773716e-06,2.1475060500558842e-07,5.581655035542878e-06,-2.1594750267670062e-07
1201.0,1.591023340463682e-06,-3.018069372416568e-08,-5.369181043657356e-06,1.9709866267355732e-07,5.5999518167096504e-06,-1.9764211142351668e-07
1202.0,1.594933243975749e-06,-2.5331794280725696e-08,-5.386436549792428e-06,1.7944752648320345e-07,5.617607209273247e-06,-1.7934125255884127e-07
1203.0,1.5989694021334433e-06,-2.0496959334909348e-08,-5.404244372009259e-06,1.618000940481968e-07,5.635828278199464e-06,-1.61047912991707e-07
1204.0,1.6034262446396053e-06,-1.567692516583974e-08,-5.422350072226134e-06,1.4415923025050687e-07,5.654454529640311e-06,-1.4276504571024102e-07
1205.0,1.60808028659698e-06,-1.087241935631344e-08,-5.440284514490745e-06,1.2652776629977343e-07,5.67297257236007e-06,-1.244955689053455e-07
1206.0,1.6129296725175823e-06,-6.0841608147344045e-09,-5.458328765306497e-06,1.0890849886462841e-07,5.6916513454936805e-06,-1.0624236514947588e-07
1207.0,1.6175558635589393e-06,-1.3128597472637931e-09,-5.475975557056589e-06,9.130418927862983e-08,5.709885749576354e-06,-8.800828063297164e-08
1208.0,1.6218204246520873e-06,3.4407824195517382e-09,-5.493270950229778e-06,7.371756282311348e-08,5.727680789155158e-06,-6.979612446021309e-08
1209.0,1.6266185356994534e-06,8.176073164780923e-09,-5.5115623973645e-06,5.615130808889459e-08,5.746582281732626e-06,-5.16086680077015e-08
1210.0,1.6321058697588153e-06,1.2892329046198801e-08,-5.530178808110797e-06,3.860807641836356e-08,5.7659905670907e-06,-3.344864434596947e-08
1211.0,1.6376915764615418e-06,1.7588875918273033e-08,-5.548104577757229e-06,2.1090481429134086e-08,5.784764308538751e-06,-1.531874772704651e-08
1212.0,1.6433653527436753e-06,2.2265049192195548e-08,-5.565227898907121e-06,3.60109861999976e-09,5.8027934005418905e-06,2.778366860996369e-09
1213.0,1.6490629558274517e-06,2.6920194134479075e-08,-5.5818403451590726e-06,-1.3857534940472323e-08,5.8203393604778685e-06,2.0840084071131822e-08
1214.0,1.654618044799605e-06,3.155366620007548e-08,-5.598398128414672e-06,-3.128292084283188e-08,5.837792603237406e-06,3.886382850507064e-08
1215.0,1.6602968256340667e-06,3.6164831395492814e-08,-5.615356836685681e-06,-4.867259948369724e-08,5.855665457701898e-06,5.684706495084946e-08
1216.0,1.6657816970799821e-06,4.075306666702198e-08,-5.632675404820819e-06,-6.60241501317651e-08,5.873828468588442e-06,7.478729854988901e-08
1217.0,1.6710637012751217e-06,4.531776030892791e-08,-5.649935462703759e-06,-8.333519091421301e-08,5.891877852301153e-06,9.268207489335454e-08
1218.0,1.6763552789234026e-06,4.9858312386322717e-08,-5.667044243262698e-06,-1.0060337872509187e-07,5.909784892554994e-06,1.1052898004786914e-07
1219.0,1.6815893879029709e-06,5.437413516740993e-08,-5.684470358924276e-06,-1.1782640905750193e-07,5.927979936790996e-06,1.2832564051080242e-07
1220.0,1.6867389785457654e-06,5.886465355986939e-08,-5.702164934340281e-06,-1.3500201576148504e-07,5.946408438727155e-06,1.4606972309551528e-07
1221.0,1.6916128539046227e-06,6.332930554632722e-08,-5.719802198878021e-06,-1.521279707296756e-07,5.964703784915491e-06,1.6375893474710088e-07
1222.0,1.695777808036203e-06,6.776754261412166e-08,-5.737082734880161e-06,-1.6920208351283244e-07,5.9824560743133e-06,1.8139102228931216e-07
1223.0,1.6996964552207228e-06,7.217883017492214e-08,-5.7543418698902116e-06,-1.862222008674617e-07,6.000118198457549e-06,1.9896377210354544e-07
1224.0,1.7036584800123045e-06,7.65626479701642e-08,-5.771740800242231e-06,-2.031862062378232e-07,6.017926892352437e-06,2.1647500974095037e-07
1225.0,1.7074533230077016e-06,8.091849045870475e-08,-5.788757256930399e-06,-2.200920191747129e-07,6.03532165090763e-06,2.3392259946895044e-07
1226.0,1.711452464026042e-06,8.524586718354378e-08,-5.805674996028909e-06,-2.369375946935228e-07,6.052679712006582e-06,2.513044437536936e-07
1227.0,1.71537326409954e-06,8.954430311487561e-08,-5.822457454174312e-06,-2.537209225741891e-07,6.0698860154748804e-06,2.6861848268017257e-07
1228.0,1.7189309362286576e-06,9.381333896711297e-08,-5.839240358407327e-06,-2.704400266057541e-07,6.08699035047509e-06,2.8586269331197427e-07
1229.0,1.722367571482808e-06,9.805253148786429e-08,-5.856361922629283e-06,-2.870929637783723e-07,6.104385720129236e-06,3.0303508899280934e-07
1230.0,1.7256722577019268e-06,1.0226145371713526e-07,-5.873548237278481e-06,-3.036778234256759e-07,6.12180640306758e-06,3.2013371859214436e-07
1231.0,1.7293915030580642e-06,1.0643969521526478e-07,-5.891019183190682e-06,-3.2019272632049726e-07,6.139617413778324e-06,3.3715666569739696e-07
1232.0,1.7338638065300671e-06,1.105868622582796e-07,-5.9084715609558636e-06,-3.366358237270185e-07,6.157622908738335e-06,3.541020477552797e-07
1233.0,1.7382088141060237e-06,1.1470257799945906e-07,-5.924921381073034e-06,-3.530052964125068e-07,6.174630616752087e-06,3.70968015164991e-07
1234.0,1.7422903295927217e-06,1.1878648259594707e-07,-5.940911172230834e-06,-3.6929935362192196e-07,6.1911227696541e-06,3.8775275032608575e-07
1235.0,1.746384100081988e-06,1.2283823329926063e-07,-5.9572540524466255e-06,-3.855162320188479e-07,6.207957254235157e-06,4.0445446664402165e-07
1236.0,1.7503579780864253e-06,1.2685750450854988e-07,-5.973199499909043e-06,-4.016541945963973e-07,6.224376701097423e-06,4.21071407496573e-07
1237.0,1.7549878314482292e-06,1.3084398778547195e-07,-5.989369280312573e-06,-4.1771152956194213e-07,6.241195932229921e-06,4.3760184516448763e-07
1238.0,1.7600395061934115e-06,1.347973918295647e-07,-6.0053091314737905e-06,-4.336865491996973e-07,6.257913136815183e-06,4.540440797299542e-07
1239.0,1.764707065976534e-06,1.387174424130434e-07,-6.020428487851781e-06,-4.495775887153404e-07,6.27373494866055e-06,4.703964379465918e-07
1240.0,1.7689781417196127e-06,1.4260388227401137e-07,-6.0353990709027805e-06,-4.653830050669548e-07,6.289302474117136e-06,4.86657272084806e-07
1241.0,1.7730456889353263e-06,1.4645647096719922e-07,-6.051048780486568e-06,-4.811011757866596e-07,6.305464483991653e-06,5.028249587564491e-07
1242.0,1.776778771889198e-06,1.502749846715372e-07,-6.06722181867303e-06,-4.967304977972929e-07,6.3220347516616955e-06,5.188978977227895e-07
1243.0,1.780806678758351e-06,1.5405921595412343e-07,-6.084079296697631e-06,-5.122693862284544e-07,6.339344864859072e-06,5.348745106898064e-07
1244.0,1.7849274079051458e-06,1.5780897349045234e-07,-6.100473074588386e-06,-5.277162732360936e-07,6.3562361178034335e-06,5.507532400947927e-07
1245.0,1.78872650993811e-06,1.6152408174110104e-07,-6.1158327613886065e-06,-5.430696068296699e-07,6.3720446398804806e-06,5.665325478881942e-07
1246.0,1.792398485134239e-06,1.6520438058541923e-07,-6.130879989019178e-06,-5.583278497107721e-07,6.387517653147215e-06,5.82210914314572e-07
1247.0,1.795830495310291e-06,1.6884972491313448e-07,-6.145877306018566e-06,-5.734894781269792e-07,6.402875528113945e-06,5.97786836696581e-07
1248.0,1.7986354733656729e-06,1.7245998417515942e-07,-6.160636699115152e-06,-5.885529807446795e-07,6.417829391977773e-06,6.132588282258923e-07
1249.0,1.8016224237749068e-06,1.7603504189526953e-07,-6.175922525664124e-06,-6.035168575444778e-07,6.433339910253002e-06,6.286254167650234e-07
1250.0,1.8049784470675068e-06,1.7957479514468333e-07,-6.191413883527286e-06,-6.183796187427389e-07,6.449151345061818e-06,6.438851436640495e-07
1251.0,1.8082379354966704e-06,1.830791539819036e-07,-6.206375405548581e-06,-6.331397837426736e-07,6.464427283678545e-06,6.590365625961329e-07
1252.0,1.811333126267023e-06,1.8654804086045257e-07,-6.2212652512938504e-06,-6.477958801182175e-07,6.479588645992013e-06,6.740782384157317e-07
1253.0,1.8142345395433246e-06,1.8998139000735298e-07,-6.236239697254842e-06,-6.623464426337745e-07,6.4947773269057605e-06,6.890087460432383e-07
1254.0,1.8168645616878365e-06,1.9337914677537671e-07,-6.251028361936584e-06,-6.767900123027349e-07,6.5097121608603176e-06,7.038266693796888e-07
1255.0,1.8197589760349242e-06,1.9674126697220198e-07,-6.266170653357328e-06,-6.911251354875076e-07,6.525060719093446e-06,7.185306002550573e-07
1256.0,1.8231812337066167e-06,2.000677161696879e-07,-6.281526659102088e-06,-7.053503630436552e-07,6.540761957138497e-06,7.331191374135216e-07
1257.0,1.8268057695447482e-06,2.0335846899648216e-07,-6.296233432456777e-06,-7.194642495105825e-07,6.555896182493163e-06,7.475908855389479e-07
1258.0,1.8302819644044899e-06,2.066135084171254e-07,-6.309908823221022e-06,-7.334653523511176e-07,6.569998586498087e-06,7.619444543237373e-07
1259.0,1.8336400197105363e-06,2.0983282500072273e-07,-6.322986178475265e-06,-7.473522312422613e-07,6.583493748388715e-06,7.761784575840707e-07
1260.0,1.8369494829140187e-06,2.1301641618214184e-07,-6.335841113813689e-06,-7.611234474193455e-07,6.596761783047041e-06,7.902915124245357e-07
1261.0,1.840071122582998e-06,2.1616428551858534e-07,-6.348731938776719e-06,-7.747775630758214e-07,6.610012024694619e-06,8.042822384550647e-07
1262.0,1.8432607940821466e-06,2.192764419442849e-07,-6.362208023913407e-06,-7.883131408208308e-07,6.6238433929666915e-06,8.181492570630194e-07
1263.0,1.8468351787315207e-06,2.2235289902596964e-07,-6.376460320867139e-06,-8.017287431965796e-07,6.6385274271477815e-06,8.318911907431005e-07
1264.0,1.8507480119278608e-06,2.253936742216704e-07,-6.391069696465301e-06,-8.150229322572998e-07,6.653648628288994e-06,8.455066624875171e-07
1265.0,1.8544535545228502e-06,2.2839878814533874e-07,-6.405132236708688e-06,-8.281942692113022e-07,6.668186931663455e-06,8.589942952385445e-07
1266.0,1.8576426871197427e-06,2.313682638396952e-07,-6.418291026710765e-06,-8.412413141272952e-07,6.681713556907793e-06,8.723527114052758e-07
1267.0,1.860373220030631e-06,2.343021260596928e-07,-6.430848752514429e-06,-8.541626257058655e-07,6.6945353980334975e-06,8.855805324460931e-07
1268.0,1.8629890627119838e-06,2.3720040056900328e-07,-6.443298487202043e-06,-8.669567611167837e-07,6.707221752929048e-06,8.986763785181555e-07
1269.0,1.8655026123859386e-06,2.400631134519924e-07,-6.455794155368899e-06,-8.796222759025764e-07,6.719923970798628e-06,9.116388681950277e-07
1270.0,1.8679871623128452e-06,2.42890290443726e-07,-6.468513273738541e-06,-8.921577239486367e-07,6.732832985534194e-06,9.24466618253403e-07
1271.0,1.8705595306311995e-06,2.4568195628061637e-07,-6.481442332173515e-06,-9.04561657519907e-07,6.745968252439828e-06,9.371582435296833e-07
1272.0,1.8731731715182498e-06,2.484381340743527e-07,-6.494177616389596e-06,-9.168326273639211e-07,6.758928956847482e-06,9.497123568469429e-07
1273.0,1.8757526856483242e-06,2.511588447117626e-07,-6.506664808947349e-06,-9.289691828797037e-07,6.7716419776676574e-06,9.621275690125243e-07
1274.0,1.87826557718207e-06,2.5384410628320813e-07,-6.518913189978992e-06,-9.409698723517437e-07,6.784107218854164e-06,9.744024888862388e-07
1275.0,1.8806221276645996e-06,2.564939335420512e-07,-6.530951466410251e-06,-9.528332432479755e-07,6.796327437937929e-06,9.865357235188414e-07
1276.0,1.8827694087397706e-06,2.591083373976193e-07,-6.542887806271214e-06,-9.645578425804393e-07,6.808391990179388e-06,9.985258783601814e-07
1277.0,1.8849356304140308e-06,2.616873244439711e-07,-6.554958303484071e-06,-9.76142217327057e-07,6.82059093416539e-06,1.010371557536154e-06
1278.0,1.8872767744149144e-06,2.6423089652659763e-07,-6.567145202973634e-06,-9.875849149127193e-07,6.832950295456976e-06,1.0220713641933133e-06
1279.0,1.8896846024907266e-06,2.667390503489926e-07,-6.57907504258981e-06,-9.988844837476656e-07,6.845081176503216e-06,1.0336239009097323e-06
1280.0,1.8921747826083912e-06,2.692117771207806e-07,-6.590799399908143e-06,-1.0100394738209282e-06,6.8570374169730655e-06,1.0450277701704386e-06
1281.0,1.8947441163541523e-06,2.7164906224880556e-07,-6.6020381800369066e-06,-1.0210484373464472e-06,6.8685488567181134e-06,1.0562815749055056e-06
1282.0,1.8973579339887081e-06,2.740508850722707e-07,-6.612546407602782e-06,-1.0319099294593235e-06,6.879370401597108e-06,1.0673839190886667e-06
1283.0,1.8999665377938957e-06,2.7641721864268795e-07,-6.62276801516315e-06,-1.0426225089595902e-06,6.8899150232353784e-06,1.078333408394132e-06
1284.0,1.9024274956203069e-06,2.787480295490623e-07,-6.633139419065515e-06,-1.053184739100806e-06,6.900562942894801e-06,1.0891286509091362e-06
1285.0,1.9049006310112304e-06,2.8104327778840774e-07,-6.643917898285778e-06,-1.0635951884207047e-06,6.911605562616337e-06,1.099768257899577e-06
1286.0,1.9074826425324876e-06,2.833029166813768e-07,-6.655033516489439e-06,-1.0738524316110402e-06,6.923002321042548e-06,1.1102508446259313e-06
1287.0,1.9100107515324094e-06,2.85526892832489e-07,-6.665909523251301e-06,-1.0839550504236341e-06,6.934153938523559e-06,1.1205750312064207e-06
1288.0,1.9123329874082273e-06,2.877151461341678e-07,-6.676413275452653e-06,-1.0939016346094957e-06,6.944891048776079e-06,1.1307394435241955e-06
1289.0,1.914528234642221e-06,2.898676098135385e-07,-6.686709376035882e-06,-1.1036907828877466e-06,6.9553936366541065e-06,1.140742714175101e-06
1290.0,1.91671072630184e-06,2.9198421052071183e-07,-6.69674174835766e-06,-1.1133211039410032e-06,6.965639242202895e-06,1.1505834834524473e-06
1291.0,1.9188363540867392e-06,2.9406486845706793e-07,-6.706316466098539e-06,-1.1227912174338199e-06,6.975429269746005e-06,1.160260400365101e-06
1292.0,1.9209060376501608e-06,2.96109497541868e-07,-6.715406717205941e-06,-1.1320997550508027e-06,6.9847381756924515e-06,1.1697721236851736e-06
1293.0,1.922988307506701e-06,2.9811800561534454e-07,-6.724198103880141e-06,-1.1412453615510471e-06,6.993763233841475e-06,1.1791173230215685e-06
1294.0,1.9251498982464366e-06,3.0009029467625145e-07,-6.733087479227073e-06,-1.1502266958356003e-06,7.002904335605524e-06,1.1882946799156485e-06
1295.0,1.9273102688788235e-06,3.0202626115169894e-07,-6.7422131910799266e-06,-1.1590424320246944e-06,7.012272355413609e-06,1.1973028889552933e-06
1296.0,1.929382507842581e-06,3.03925796196947e-07,-6.7514308792482325e-06,-1.1676912605415305e-06,7.021704620591462e-06,1.2061406589035945e-06
1297.0,1.931321192194524e-06,3.0578878602269654e-07,-6.760467817057414e-06,-1.1761718891993844e-06,7.030926443427545e-06,1.2148067138384062e-06
1298.0,1.9332508806868542e-06,3.0761511224730096e-07,-6.769417401131239e-06,-1.184483044288803e-06,7.040061854729326e-06,1.2232997942989138e-06
1299.0,1.935283785836628e-06,3.094046522712254e-07,-6.778298552112538e-06,-1.1926234716616388e-06,7.0491598501731454e-06,1.2316186584353594e-06
1300.0,1.9372925021132748e-06,3.111572796710028e-07,-6.78695157602105e-06,-1.2005919378087099e-06,7.058031873971591e-06,1.2397620831580608e-06
1301.0,1.939120874372424e-06,3.128728646098816e-07,-6.795096179013083e-06,-1.2083872309279204e-06,7.066365533105761e-06,1.2477288652819018e-06
1302.0,1.940838348729601e-06,3.1455127426232355e-07,-6.80277149861519e-06,-1.2160081619797932e-06,7.074217522685502e-06,1.2555178226625724e-06
1303.0,1.9425239471682065e-06,3.1619237324949483e-07,-6.810060617756797e-06,-1.2234535657275206e-06,7.081689410221549e-06,1.2631277953209782e-06
1304.0,1.94419552657088e-06,3.1779602408290423e-07,-6.8170522765087505e-06,-1.2307223017588367e-06,7.088871418370583e-06,1.2705576465524368e-06
1305.0,1.9457812534540153e-06,3.1936208761336554e-07,-6.823887655993399e-06,-1.2378132554872247e-06,7.095879609175466e-06,1.277806264017474e-06
1306.0,1.947350062342368e-06,3.208904234825036e-07,-6.830755442888137e-06,-1.244725339130167e-06,7.102914344538496e-06,1.2848725608112574e-06
1307.0,1.94890725310759e-06,3.223808905740711e-07,-6.83769393494682e-06,-1.2514574926623414e-06,7.110013912027452e-06,1.291755476508873e-06
1308.0,1.950421131768909e-06,3.2383334746240235e-07,-6.844638509306833e-06,-1.2580086847417955e-06,7.11710748228076e-06,1.2984539781838206e-06
1309.0,1.951837016761493e-06,3.252476528553965e-07,-6.851439205146637e-06,-1.2643779136072512e-06,7.1240358591054815e-06,1.3049670613972174e-06
1310.0,1.9532168698543906e-06,3.26623666029499e-07,-6.858010175914142e-06,-1.2705642079447802e-06,7.1307334625286415e-06,1.3112937511553144e-06
1311.0,1.954695829725628e-06,3.2796124725423e-07,-6.8644477403956294e-06,-1.2765666277221781e-06,7.137329932640736e-06,1.3174331028330337e-06
1312.0,1.9562764080327533e-06,3.2926025820390127e-07,-6.870726280527872e-06,-1.2823842649894604e-06,7.1438012994876825e-06,1.3233842030613558e-06
1313.0,1.957826160803311e-06,3.3052056235425856e-07,-6.876688993184832e-06,-1.2880162446440187e-06,7.149960474360348e-06,1.329146170576518e-06
1314.0,1.9592162234793875e-06,3.317420253618977e-07,-6.882095236582231e-06,-1.2934617251591145e-06,7.155540724203354e-06,1.334718157029152e-06
1315.0,1.960499908415514e-06,3.3292451542442567e-07,-6.887088047191625e-06,-1.298719899274534e-06,7.160694216391801e-06,1.3400993477516667e-06
1316.0,1.961764628882756e-06,3.3406790361948733e-07,-6.891896372096529e-06,-1.3037899946484114e-06,7.1656650816831225e-06,1.34528896248239e-06
1317.0,1.963019793355114e-06,3.3517206422094936e-07,-6.8966848148499516e-06,-1.3086712744693806e-06,7.170614209709365e-06,1.3502862560451946e-06
1318.0,1.9642087286941834e-06,3.3623687499072435e-07,-6.901528539715596e-06,-1.3133630380283783e-06,7.175598380231944e-06,1.3550905189835224e-06
1319.0,1.9653326334967414e-06,3.372622174449243e-07,-6.906364710457247e-06,-1.3178646212495291e-06,7.180557490483343e-06,1.3597010781478987e-06
1320.0,1.9663464905228523e-06,3.382479770932577e-07,-6.911057799985354e-06,-1.3221753971796312e-06,7.185348873612884e-06,1.3641172972361663e-06
1321.0,1.967291893667511e-06,3.391940436508144e-07,-6.91553703074943e-06,-1.3262947764358129e-06,7.189915842244368e-06,1.3683385772857846e-06
1322.0,1.968248170142184e-06,3.4010031122163003e-07,-6.919876321676011e-06,-1.3302222076109775e-06,7.1943511984445385e-06,1.372364357117651e-06
1323.0,1.9690871120303655e-06,3.409666784536714e-07,-6.923930448543558e-06,-1.3339571776366976e-06,7.198480180637625e-06,1.3761941137310136e-06
1324.0,1.9697887064795694e-06,3.4179304866513504e-07,-6.9276794673056585e-06,-1.337499212103273e-06,7.202278136111023e-06,1.3798273626491676e-06
1325.0,1.970377308979643e-06,3.425793299422089e-07,-6.931037100255111e-06,-1.3408478755367464e-06,7.205668742376008e-06,1.3832636582157698e-06
1326.0,1.9709370122356074e-06,3.4332543520869e-07,-6.934097388777705e-06,-1.3440027716327382e-06,7.208765449316131e-06,1.3865025938417423e-06
1327.0,1.97144454130993e-06,3.440312822680924e-07,-6.936913117983057e-06,-1.3469635434470612e-06,7.2116126619436606e-06,1.389543802202895e-06
1328.0,1.971886471940909e-06,3.4469679381909883e-07,-6.939695939511825e-06,-1.349729873543147e-06,7.2144103009948415e-06,1.3923869553885272e-06
1329.0,1.972276802708617e-06,3.453218974454103e-07,-6.942430310297176e-06,-1.3523014840963843e-06,7.217147248036129e-06,1.3950317650013933e-06
1330.0,1.972617171386304e-06,3.45906525581221e-07,-6.945159956972535e-06,-1.3546781369555053e-06,7.219866019032683e-06,1.3974779822094875e-06
1331.0,1.9729887179298355e-06,3.464506154536915e-07,-6.947886927233249e-06,-1.3568596336611646e-06,7.222590756418163e-06,1.3997253977501714e-06
1332.0,1.9733561173185254e-06,3.469541090039075e-07,-6.950415983975056e-06,-1.3588458154218549e-06,7.22512399312665e-06,1.4017738418871761e-06
1333.0,1.973689585016425e-06,3.4741695278789875e-07,-6.9526903192507206e-06,-1.360636563047285e-06,7.227402939742947e-06,1.40362318432104e-06
1334.0,1.9740428394143805e-06,3.4783909785934555e-07,-6.954687029769868e-06,-1.3622317968393546e-06,7.229420226677408e-06,1.4052733340535451e-06
1335.0,1.9744740919758197e-06,3.482204996356325e-07,-6.9564371428243454e-06,-1.3636314764408703e-06,7.231221588497332e-06,1.4067242392067575e-06
1336.0,1.974862948866951e-06,3.4856111774891077e-07,-6.957767023141326e-06,-1.364835600642208e-06,7.232607110518335e-06,1.4079758867973063e-06
1337.0,1.97516846378587e-06,3.4886091588382213e-07,-6.958783007104952e-06,-1.3658442071461831e-06,7.233667907798012e-06,1.4090283024666217e-06
1338.0,1.975490078326425e-06,3.4911986160351004e-07,-6.959618038759885e-06,-1.3666573722914923e-06,7.234559025607444e-06,1.4098815501679175e-06
1339.0,1.9758690776305876e-06,3.49337926165509e-07,-6.960289172908141e-06,-1.36727521073517e-06,7.23530814702726e-06,1.410535731810787e-06
1340.0,1.9762805073264555e-06,3.4951508432906566e-07,-6.960829784297129e-06,-1.3676978750946065e-06,7.2359405697944014e-06,1.410990986864361e-06
1341.0,1.9766644424878965e-06,3.4965131415540536e-07,-6.9612288088327645e-06,-1.3679255555497425e-06,7.236429288476411e-06,1.4112474919200346e-06
1342.0,1.9770291191378853e-06,3.4974659680241856e-07,-6.96151217105534e-06,-1.3679584794061088e-06,7.236801492763965e-06,1.4113054602148182e-06
1343.0,1.9773736628092564e-06,3.498009163152151e-07,-6.961677534333965e-06,-1.3677969106194304e-06,7.237054697487227e-06,1.4111651411163982e-06
1344.0,1.977590445206845e-06,3.498142594139773e-07,-6.9617312178360535e-06,-1.3674411492825426e-06,7.237165572126043e-06,1.4108268195710223e-06
1345.0,1.9775567518531822e-06,3.497866152805475e-07,-6.9615701927538964e-06,-1.3668915310753875e-06,7.237001468525458e-06,1.4102908155153468e-06
1346.0,1.9773464682848463e-06,3.497179753452064e-07,-6.961124553783726e-06,-1.3661484266789e-06,7.2365153291435265e-06,1.409557483253422e-06
1347.0,1.9771279984592827e-06,3.4960833307513696e-07,-6.960410496581471e-06,-1.3652122411536114e-06,7.235768749981796e-06,1.408627210800033e-06
1348.0,1.97696509643408e-06,3.494576837661106e-07,-6.959443344112248e-06,-1.3640834132838705e-06,7.234793891495934e-06,1.407500419191676e-06
1349.0,1.9767565430650613e-06,3.492660243389788e-07,-6.958239479160078e-06,-1.3627624148886152e-06,7.233578856962329e-06,1.4061775617665155e-06
1350.0,1.9763740857769996e-06,3.490333531425779e-07,-6.956924291590116e-06,-1.3612497500997202e-06,7.232209214745347e-06,1.4046591234147454e-06
1351.0,1.9758001180425477e-06,3.487596697646773e-07,-6.955585828472e-06,-1.359545954608995e-06,7.230764850532581e-06,1.4029456198008423e-06
1352.0,1.9751098012665835e-06,3.484449748525988e-07,-6.954224336608306e-06,-1.3576515948849776e-06,7.229266549999008e-06,1.4010375965592614e-06
1353.0,1.9743797168847443e-06,3.4808926994512025e-07,-6.952781799629548e-06,-1.355567267360732e-06,7.227679435317105e-06,1.3989356284651845e-06
1354.0,1.9736563777184024e-06,3.476925573172339e-07,-6.951086581497012e-06,-1.3532935975939173e-06,7.22585110286507e-06,1.3966403185819724e-06
1355.0,1.9729951175884164e-06,3.4725483983925466e-07,-6.949070257444845e-06,-1.3508312394004782e-06,7.223730835027859e-06,1.3941522973870384e-06
1356.0,1.972449342385607e-06,3.4677612085165673e-07,-6.946703717813918e-06,-1.3481808739634109e-06,7.221305211065872e-06,1.3914722218779186e-06
1357.0,1.971994073701744e-06,3.462564040568633e-07,-6.94406344742271e-06,-1.3453432089181866e-06,7.218640993188882e-06,1.388600774660406e-06
1358.0,1.9714273551407757e-06,3.4569569342902015e-07,-6.941161757811898e-06,-1.342318977416582e-06,7.2156948636086126e-06,1.3855386630207153e-06
1359.0,1.970674660484173e-06,3.450939931425688e-07,-6.937996456957141e-06,-1.3391089371708412e-06,7.2124443466985755e-06,1.3822866179837618e-06
1360.0,1.969834684811822e-06,3.4445130752019763e-07,-6.934631696653426e-06,-1.335713869480283e-06,7.208978114387507e-06,1.378845393359748e-06
1361.0,1.9691079678751944e-06,3.4376764100050857e-07,-6.931167425061613e-06,-1.3321345782426493e-06,7.205447110581328e-06,1.375215764781368e-06
1362.0,1.968614590591722e-06,3.430429981254761e-07,-6.927574764448163e-06,-1.3283718889526668e-06,7.201856394243754e-06,1.3713985287340272e-06
1363.0,1.968279330383238e-06,3.4227738354751474e-07,-6.923843500317162e-06,-1.3244266476904362e-06,7.198175625760884e-06,1.3673945015815598e-06
1364.0,1.9679448795550947e-06,3.414708020556929e-07,-6.919932692139863e-06,-1.3202997201024134e-06,7.194322449870673e-06,1.3632045185899695e-06
1365.0,1.9674660051982595e-06,3.406232586203601e-07,-6.915866219425748e-06,-1.3159919903778535e-06,7.190280109050341e-06,1.358829432951769e-06
1366.0,1.9667950891810726e-06,3.3973475845520243e-07,-6.911629682471165e-06,-1.3115043602237054e-06,7.186021694264724e-06,1.3542701148135215e-06
1367.0,1.9659712736930235e-06,3.388053070955178e-07,-6.907120336852035e-06,-1.306837747841032e-06,7.181459071577387e-06,1.3495274503092231e-06
1368.0,1.9651517564056586e-06,3.378349104913217e-07,-6.902254781504524e-06,-1.3019930869061314e-06,7.176555057582037e-06,1.3446023406022025e-06
1369.0,1.9644544784480633e-06,3.3682357511374283e-07,-6.896988433091611e-06,-1.296971325559614e-06,7.171299104352999e-06,1.3394957009382534e-06
1370.0,1.963838657803585e-06,3.357713080730505e-07,-6.89148367011283e-06,-1.291773425406765e-06,7.16583627006057e-06,1.3342084597127513e-06
1371.0,1.963138151456212e-06,3.346781172465572e-07,-6.885830123148917e-06,-1.286400360532569e-06,7.160207251649071e-06,1.328741557554531e-06
1372.0,1.962234493280146e-06,3.335440114145727e-07,-6.880100958783775e-06,-1.280853116534794e-06,7.154449902660288e-06,1.3230959464293017e-06
1373.0,1.9611937159824677e-06,3.3236900040254624e-07,-6.874266007539376e-06,-1.2751326895785159e-06,7.148553275595033e-06,1.3172725887653332e-06
1374.0,1.96008903777245e-06,3.311530952275336e-07,-6.868464057452339e-06,-1.26924008547536e-06,7.142670897116175e-06,1.3112724566040777e-06
1375.0,1.958946260982586e-06,3.298963082471591e-07,-6.8627072474236606e-06,-1.2631763187906268e-06,7.1368215066133525e-06,1.3050965307782635e-06
1376.0,1.957793096835081e-06,3.285986533093047e-07,-6.856917391662165e-06,-1.256942411981275e-06,7.130937520837928e-06,1.2987458001198506e-06
1377.0,1.9566578418617198e-06,3.2726014590084196e-07,-6.85090450547321e-06,-1.2505393945675283e-06,7.12484403009863e-06,1.2922212607000462e-06
1378.0,1.9555416383709723e-06,3.258808032938246e-07,-6.84462474892511e-06,-1.2439683023406392e-06,7.11849921352814e-06,1.285523915103395e-06
1379.0,1.9543668147992133e-06,3.2446064468767634e-07,-6.838103887130131e-06,-1.2372301766091081e-06,7.111906524833734e-06,1.2786547717377522e-06
1380.0,1.952997398857459e-06,3.2299969134604293e-07,-6.831334373513798e-06,-1.2303260634854283e-06,7.105021334429275e-06,1.2716148441817795e-06
1381.0,1.9514026419753527e-06,3.2149796672713574e-07,-6.8244174137310765e-06,-1.2232570132152078e-06,7.097932467130435e-06,1.2644051505714196e-06
1382.0,1.949614343882411e-06,3.1995549660656806e-07,-6.817353209120913e-06,-1.2160240795503026e-06,7.09064883263748e-06,1.257026713026661e-06
1383.0,1.9477484634045084e-06,3.1837230919188136e-07,-6.8101120462849e-06,-1.2086283191673797e-06,7.083173734961562e-06,1.2494805571197367e-06
1384.0,1.9458983296360977e-06,3.167484352281525e-07,-6.802771154446052e-06,-1.2010707911331051e-06,7.075607089786984e-06,1.241767711385749e-06
1385.0,1.9440579046292594e-06,3.150839080942658e-07,-6.795337054832373e-06,-1.1933525564169214e-06,7.067953510410875e-06,1.2338892068765397e-06
1386.0,1.9421405018649196e-06,3.133787638896026e-07,-6.7878784330566155e-06,-1.1854746774521545e-06,7.060255190213684e-06,1.225846076758452e-06
1387.0,1.940132117628224e-06,3.116330415110474e-07,-6.780318145716002e-06,-1.1774382177459353e-06,7.052434103979864e-06,1.2176393559544347e-06
1388.0,1.938073026980236e-06,3.0984678272032916e-07,-6.772597161863736e-06,-1.1692442415382046e-06,7.044444575322675e-06,1.2092700808307514e-06
1389.0,1.9360156437442377e-06,3.0802003220180834e-07,-6.764681479309864e-06,-1.1608938135098275e-06,7.036268335512817e-06,1.2007392889283638e-06
1390.0,1.9340241048104723e-06,3.061528376108877e-07,-6.756506694460818e-06,-1.1523879985396575e-06,7.027861122011575e-06,1.1920480187388839e-06
1391.0,1.932102424384574e-06,3.042452496132604e-07,-6.748041301074537e-06,-1.143727861510189e-06,7.019193769894123e-06,1.183197309524813e-06
1392.0,1.9301820250172685e-06,3.022973219152199e-07,-6.739364744490217e-06,-1.1349144671612924e-06,7.010323802006399e-06,1.1741882011836516e-06
1393.0,1.928277264306999e-06,3.0030911128524414e-07,-6.73065695999675e-06,-1.125948879991375e-06,7.001428162967609e-06,1.165021734155313e-06
1394.0,1.9263344343545263e-06,2.9828067756703447e-07,-6.721820837385373e-06,-1.1168321642052029e-06,6.992398710234433e-06,1.1556989493721534e-06
1395.0,1.9242993528900687e-06,2.962120836841548e-07,-6.712692913524165e-06,-1.1075653837074911e-06,6.983063378690665e-06,1.1462208882508144e-06
1396.0,1.9221922077095055e-06,2.941033956363738e-07,-6.703337986191382e-06,-1.0981496021412591e-06,6.9734900186703845e-06,1.1365885927249403e-06
1397.0,1.9200935426622046e-06,2.919546824877769e-07,-6.6939824823197824e-06,-1.0885858829698418e-06,6.963918486468463e-06,1.1268031053177315e-06
1398.0,1.918028390529569e-06,2.8976601634667664e-07,-6.6846081143712155e-06,-1.078875289601345e-06,6.954338110100411e-06,1.116865469253176e-06
1399.0,1.916059952811189e-06,2.8753747233731804e-07,-6.67507076745899e-06,-1.0690188855542158e-06,6.944627815322602e-06,1.1067767286046922e-06
1400.0,1.9142177094533253e-06,2.852691285633442e-07,-6.665352622059473e-06,-1.059017734662503e-06,6.934778656567189e-06,1.0965379284798037e-06
1401.0,1.91232226628979e-06,2.829610660629645e-07,-6.655313353254311e-06,-1.0488729013192811e-06,6.924606290624244e-06,1.0861501152393667e-06
1402.0,1.9102582238805788e-06,2.806133687557576e-07,-6.64495982238833e-06,-1.0385854507566167e-06,6.914085443719837e-06,1.0756143367497798e-06
1403.0,1.9080225326928435e-06,2.7822612338105814e-07,-6.634421100104593e-06,-1.0281564493603704e-06,6.9033392875315525e-06,1.0649316426665221e-06
1404.0,1.9057335748640103e-06,2.75799419427921e-07,-6.623807542016635e-06,-1.017586965018053e-06,6.892506569604444e-06,1.0541030847473143e-06
1405.0,1.9034797451022989e-06,2.733333490567337e-07,-6.61323614520315e-06,-1.0068780674978722e-06,6.881724162754282e-06,1.0431297171931306e-06
1406.0,1.9012818594510428e-06,2.708280070126525e-07,-6.6026825202847306e-06,-9.960308288569986e-07,6.870974397620117e-06,1.0320125970152208e-06
1407.0,1.8989879345399086e-06,2.6828349053116237e-07,-6.591975520109372e-06,-9.850463238769716e-07,6.860050760253118e-06,1.0207527844262285e-06
1408.0,1.8965264731996e-06,2.656998992362015e-07,-6.581132446337179e-06,-9.739256305240302e-07,6.848950061124617e-06,1.0093513432534043e-06
1409.0,1.8939097615189304e-06,2.630773350314568e-07,-6.570182556009385e-06,-9.62669830432023e-07,6.837703781538559e-06,9.9780934137183e-07
1410.0,1.8911912555152899e-06,2.604159019856131e-07,-6.55917199654521e-06,-9.51280009405428e-07,6.826371045086868e-06,9.861278511554957e-07
1411.0,1.8883942220770944e-06,2.5771570621253687e-07,-6.548048692822661e-06,-9.397572579398889e-07,6.814908247478517e-06,9.743079499440153e-07
1412.0,1.885552983638128e-06,2.549768557475778e-07,-6.536733509310277e-06,-9.281026717575818e-07,6.8032488581446516e-06,9.6235072052273e-07
1413.0,1.8826795236126515e-06,2.5219946042137263e-07,-6.5251899173945915e-06,-9.163173523546455e-07,6.791361104130629e-06,9.502572516139196e-07
1414.0,1.8797520447977334e-06,2.493836317327282e-07,-6.513395545304501e-06,-9.044024075578463e-07,6.779217453328502e-06,9.380286383768481e-07
1415.0,1.876777926346218e-06,2.465294827223364e-07,-6.501559122684686e-06,-8.923589520876156e-07,6.767020497278316e-06,9.256659829143767e-07
1416.0,1.8736958270759718e-06,2.4363712784923744e-07,-6.4897261570218134e-06,-8.801881081245761e-07,6.75479693592154e-06,9.131703947839037e-07
1417.0,1.870505548534629e-06,2.407066828720863e-07,-6.477737788335158e-06,-8.678910058766719e-07,6.742394074920577e-06,9.005429915104292e-07
1418.0,1.8672390616203405e-06,2.3773826473739778e-07,-6.465514780396031e-06,-8.554687841440106e-07,6.729744652567462e-06,8.877848990995745e-07
1419.0,1.8639850370427702e-06,2.347319914770418e-07,-6.453244476289921e-06,-8.429225908785595e-07,6.7170532593605146e-06,8.748972525484266e-07
1420.0,1.8607974859863319e-06,2.316879821173248e-07,-6.441087517683464e-06,-8.302535837358458e-07,6.704489219493963e-06,8.618811963521305e-07
1421.0,1.8576856509189277e-06,2.2860635660202856e-07,-6.428835757410489e-06,-8.174629306158711e-07,6.691855136910077e-06,8.487378850041961e-07
1422.0,1.854625154201761e-06,2.254872357317736e-07,-6.4163452217491646e-06,-8.045518101905069e-07,6.679005949036222e-06,8.354684834885506e-07
1423.0,1.8514916280132354e-06,2.2233074112204415e-07,-6.40352674041722e-06,-7.915214124147193e-07,6.665821477045533e-06,8.220741677614331e-07
1424.0,1.8482414497478228e-06,2.1913699518215676e-07,-6.390518369148168e-06,-7.783729390190853e-07,6.652422226752155e-06,8.085561252213295e-07
1425.0,1.8449164463640866e-06,2.1590612111738126e-07,-6.377566943438495e-06,-7.651076039812111e-07,6.639056921890647e-06,7.949155551652547e-07
1426.0,1.841559676279969e-06,2.126382429563421e-07,-6.364575842243703e-06,-7.517266339738238e-07,6.625644700176166e-06,7.811536692298306e-07
1427.0,1.8381684721846536e-06,2.0933348560573245e-07,-6.351405595517168e-06,-7.382312687874871e-07,6.612050844548947e-06,7.67271691815754e-07
1428.0,1.8346704172833572e-06,2.0599197493426873e-07,-6.337941504452882e-06,-7.246227617261026e-07,6.59814504644458e-06,7.532708604944147e-07
1429.0,1.8311339189391873e-06,2.0261383788769009e-07,-6.32438373865396e-06,-7.109023799735516e-07,6.58413859991117e-06,7.391524263955824e-07
1430.0,1.8276001631789551e-06,1.99199202636468e-07,-6.3108833286973365e-06,-6.970714049300704e-07,6.570188029644335e-06,7.24917654575268e-07
1431.0,1.8240369732691608e-06,1.9574819875773002e-07,-6.297322135084826e-06,-6.83131132517179e-07,6.556170906320414e-06,7.105678243630342e-07
1432.0,1.820387608764129e-06,1.922609574527225e-07,-6.283533969420052e-06,-6.690828734502322e-07,6.54191181467602e-06,6.961042296882283e-07
1433.0,1.8166844241163105e-06,1.8873761180093474e-07,-6.269603670561175e-06,-6.549279534779173e-07,6.527501243411675e-06,6.815281793847878e-07
1434.0,1.8130333436505719e-06,1.8517829705178427e-07,-6.255768217278135e-06,-6.406677135882777e-07,6.513196288574146e-06,6.668409974744609e-07
1435.0,1.809444683892325e-06,1.8158315095451982e-07,-6.241708710774674e-06,-6.263035101811224e-07,6.49869353749095e-06,6.520440234284829e-07
1436.0,1.8058006547305716e-06,1.7795231412673564e-07,-6.22723790477675e-06,-6.118367152069691e-07,6.483780373155285e-06,6.371386124079494e-07
1437.0,1.8021582056382268e-06,1.7428593046161081e-07,-6.21279030527111e-06,-5.972687162729557e-07,6.46888998016042e-06,6.221261354833287e-07
1438.0,1.7984606308918405e-06,1.7058414757369265e-07,-6.198285726177755e-06,-5.826009167164689e-07,6.4539295459593276e-06,6.070079798337749e-07
1439.0,1.7946654978784338e-06,1.6684711728274337e-07,-6.1835492597417385e-06,-5.678347356475412e-07,6.438719259055162e-06,5.91785548927103e-07
1440.0,1.7907899134139704e-06,1.630749961348639e-07,-6.168618881308152e-06,-5.529716079613633e-07,6.423300352374677e-06,5.764602626814997e-07
1441.0,1.787001622011175e-06,1.592679459597996e-07,-6.153720746193692e-06,-5.380129843225513e-07,6.407936783334025e-06,5.610335576102261e-07
1442.0,1.7833597971694815e-06,1.554261344630236e-07,-6.138977614422725e-06,-5.22960331123085e-07,6.39276296420755e-06,5.455068869507495e-07
1443.0,1.7798078723318955e-06,1.515497358508805e-07,-6.124383253480747e-06,-5.078151304160798e-07,6.37775715263054e-06,5.298817207798963e-07
1444.0,1.7760085891382893e-06,1.4763893148675985e-07,-6.109526717423819e-06,-4.925788798277944e-07,6.362430606270566e-06,5.141595461167577e-07
1445.0,1.771951161022578e-06,1.4369391057596378e-07,-6.09435143439363e-06,-4.77253092450502e-07,6.346725953036334e-06,4.983418670152082e-07
1446.0,1.767682337033838e-06,1.397148708766466e-07,-6.078768476303065e-06,-4.618392967190808e-07,6.330570829961331e-06,4.824302046480392e-07
1447.0,1.7635276083893814e-06,1.3570201943392947e-07,-6.063044517667926e-06,-4.463390362744046e-07,6.314312191266335e-06,4.6642609738485197e-07
1448.0,1.7596290429466865e-06,1.3165557333403418e-07,-6.047191114078032e-06,-4.307538698168532e-07,6.298000852569471e-06,4.503311008660014e-07
1449.0,1.7559141201883843e-06,1.2757576047501958e-07,-6.0310784819050944e-06,-4.150853709534706e-07,6.281492024382074e-06,4.341467880750201e-07
1450.0,1.7523139922148712e-06,1.2346282035044147e-07,-6.015100545986307e-06,-3.993351280424845e-07,6.265144763342407e-06,4.1787474941205087e-07
1451.0,1.7486445825221075e-06,1.1931700484199778e-07,-5.999502703246673e-06,-3.835047440390266e-07,6.24914318624946e-06,4.01516592770866e-07
1452.0,1.7446464344039736e-06,1.1513857901698268e-07,-5.983722012159465e-06,-3.675958363459772e-07,6.232874160439966e-06,3.850739436220641e-07
1453.0,1.7404888871253021e-06,1.1092782192617207e-07,-5.967699430509121e-06,-3.51610036673872e-07,6.216328342285787e-06,3.685484451049981e-07
1454.0,1.7365332706242853e-06,1.0668502739760666e-07,-5.951517765723224e-06,-3.3554899091378735e-07,6.199686404625982e-06,3.5194175813091364e-07
1455.0,1.7328350146728067e-06,1.0241050482162895e-07,-5.9353143305740375e-06,-3.194143590270654e-07,6.183095777261876e-06,3.352555614997029e-07
1456.0,1.729219061413767e-06,9.81045799224581e-08,-5.919186426450729e-06,-3.032078149556557e-07,6.16660088812591e-06,3.184915520325765e-07
1457.0,1.7253694326035962e-06,9.37675955115541e-08,-5.903056295608611e-06,-2.8693104655673223e-07,6.150038480211918e-06,3.0165144472282864e-07
1458.0,1.7214308247193166e-06,8.939991221803342e-08,-5.886866639159827e-06,-2.705857555651097e-07,6.13339407763326e-06,2.847369729067447e-07
1459.0,1.7173881135257307e-06,8.500190919147007e-08,-5.870439980903974e-06,-2.5417365758679667e-07,6.116493072167688e-06,2.677498884565478e-07
1460.0,1.7131463624364685e-06,8.057398477254763e-08,-5.853439300762542e-06,-2.376964821268287e-07,6.098985334204435e-06,2.5069196199712734e-07
1461.0,1.7089307781381624e-06,7.611655712722149e-08,-5.836230316857982e-06,-2.211559726543006e-07,6.08128512042316e-06,2.3356498314812966e-07
1462.0,1.7049909767363758e-06,7.163006484029923e-08,-5.819603494827685e-06,-2.0455388670727e-07,6.064221225166763e-06,2.1637076079282641e-07
1463.0,1.700964804784988e-06,6.71149674646392e-08,-5.803286697747545e-06,-1.878919960399086e-07,6.047430674540291e-06,1.9911112337497835e-07
1464.0,1.6964898438276421e-06,6.257174602250155e-08,-5.786852687816868e-06,-1.711720868139398e-07,6.030401464305975e-06,1.8178791922466957e-07
1465.0,1.6917289500095745e-06,5.800090345596012e-08,-5.770258460102706e-06,-1.543959598359974e-07,6.013138077301015e-06,1.6440301691381916e-07
1466.0,1.6869511143546845e-06,5.3402965023701806e-08,-5.7535650509477065e-06,-1.3756543084211817e-07,5.995774750414611e-06,1.4695830564178107e-07
1467.0,1.6822669084148867e-06,4.877847864198925e-08,-5.736672855805036e-06,-1.2068233083013022e-07,5.978247017786911e-06,1.2945569565113667e-07
1468.0,1.677859461979292e-06,4.4128015168029484e-08,-5.720341766435322e-06,-1.0374850644025717e-07,5.961335613684052e-06,1.1189711867349524e-07
1469.0,1.6732899324467532e-06,3.9452168624458896e-08,-5.704321472510543e-06,-8.676582038381133e-08,5.944676833922304e-06,9.428452840481789e-08
1470.0,1.6682274864288082e-06,3.4751556364118047e-08,-5.687826945877106e-06,-6.973615191940609e-08,5.927424256177574e-06,7.661990100948816e-08
1471.0,1.6628847410160574e-06,3.002681917475196e-08,-5.6707759971130756e-06,-5.266139737569255e-08,5.909558872821037e-06,5.8905235652068e-08
1472.0,1.6576370351351066e-06,2.5278621323726886e-08,-5.653378177206125e-06,-3.5543470719226634e-08,5.8913873879385965e-06,4.114255505543027e-08
1473.0,1.6526237870406746e-06,2.050765054329936e-08,-5.636119542573592e-06,-1.8384304165718428e-08,5.873415435644972e-06,2.3333906083739708e-08
1474.0,1.6476975584212017e-06,1.5714617957389183e-08,-5.619216318364373e-06,-1.1858488325791235e-09,5.85580901981952e-06,5.481360348549323e-09
1475.0,1.642771651572117e-06,1.0900257951174885e-08,-5.602904647405982e-06,1.604992456964001e-08,5.838770348894751e-06,-1.2412985163923922e-08
1476.0,1.6377362230535208e-06,6.065327985155953e-09,-5.5868290283478395e-06,3.332102500965649e-08,5.821927389472637e-06,-3.034700744651162e-08
1477.0,1.6324675508605502e-06,1.2106083556093435e-09,-5.570112862729459e-06,5.06254403747809e-08,5.8044041561694186e-06,-4.8318556808198394e-08
1478.0,1.6272329358135718e-06,-3.6630980963777737e-09,-5.552793643892606e-06,6.796113668052075e-08,5.786311802785137e-06,-6.632545619722942e-08
1479.0,1.622095886139041e-06,-8.5549663248951e-09,-5.535253546740115e-06,8.532605725407677e-08,5.768034924523969e-06,-8.436550051301513e-08
1480.0,1.6170726635789112e-06,-1.34641494656234e-08,-5.517957760214909e-06,1.0271812189552185e-07,5.750024508018216e-06,-1.024364559097396e-07
1481.0,1.6122092612591565e-06,-1.838977926593273e-08,-5.501108461258841e-06,1.2013522602059313e-07,5.732487505841021e-06,-1.2053605909467212e-07
1482.0,1.6071224808178464e-06,-2.333096655581211e-08,-5.484377703313115e-06,1.3757523978913822e-07,5.715001440152762e-06,-1.386620166242591e-07
1483.0,1.6017018447112008e-06,-2.8286801756700973e-08,-5.46725881289678e-06,1.5503600722336218e-07,5.697049036698629e-06,-1.568120042011501e-07
1484.0,1.5963192383228186e-06,-3.325635542524064e-08,-5.450110607818637e-06,1.7251534532011494e-07,5.679079216571712e-06,-1.7498366597538835e-07
1485.0,1.5909015477766353e-06,-3.823867882894069e-08,-5.4324680284212334e-06,1.9001104316151237e-07,5.660625108107494e-06,-1.9317461385304162e-07
1486.0,1.5858430419679603e-06,-4.3232804550760335e-08,-5.414994529329142e-06,2.0752086102821e-07,5.642434218174168e-06,-2.1138242681557006e-07
1487.0,1.581091077257346e-06,-4.8237747119652556e-08,-5.398169813652931e-06,2.250425295196353e-07,5.624952118162119e-06,-2.296046502532356e-07
1488.0,1.5760950074217295e-06,-5.325250366420981e-08,-5.381130663173472e-06,2.4257374868545487e-07,5.607195616934144e-06,-2.478387953158511e-07
1489.0,1.570888117058411e-06,-5.82760545866773e-08,-5.3639381437653455e-06,2.601121871725133e-07,5.589232674209953e-06,-2.660823382841628e-07
1490.0,1.5655226548449974e-06,-6.330736425474703e-08,-5.3464815776282926e-06,2.7765548139141284e-07,5.570971768260152e-06,-2.8433271996514256e-07
1491.0,1.56016454655461e-06,-6.834538170870721e-08,-5.32855383095221e-06,2.952012347068204e-07,5.552260741507141e-06,-3.025873451144254e-07
1492.0,1.5555201954287057e-06,-7.338904138169464e-08,-5.3111152614193635e-06,3.127470166554682e-07,5.534219764200572e-06,-3.2084358188906434e-07
1493.0,1.5510430211862491e-06,-7.843726383098888e-08,-5.293710786891115e-06,3.302903621956722e-07,5.516258546226592e-06,-3.3909876133369394e-07
1494.0,1.5462779159314266e-06,-8.34889564785005e-08,-5.275975275109701e-06,3.4782877099205764e-07,5.497898734686382e-06,-3.5735017690311813e-07
1495.0,1.541664630316797e-06,-8.854301435882538e-08,-5.258879669678418e-06,3.6535970673904337e-07,5.480195727574592e-06,-3.7559508402427407e-07
1496.0,1.5368366477752637e-06,-9.359832087344416e-08,-5.241413841339249e-06,3.828805965265173e-07,5.462077071785766e-06,-3.938306997004652e-07
1497.0,1.5321984437599578e-06,-9.865374854982645e-08,-5.223570666235133e-06,4.0038883025101725e-07,5.443649747753118e-06,-4.1205420216069103e-07
1498.0,1.5278903712223624e-06,-1.0370815980434071e-07,-5.205980404487942e-06,4.1788176007561957e-07,5.425558124136764e-06,-4.302627305568399e-07
1499.0,1.5236117524852766e-06,-1.0876040770797957e-07,-5.188622871576953e-06,4.3535669994162746e-07,5.407698223436911e-06,-4.484533847114249e-07
1500.0,1.5192738924418858e-06,-1.1380933675397824e-07,-5.171592891484167e-06,4.528109251350435e-07,5.390136008998761e-06,-4.6662322491847316e-07
1501.0,1.5145305820030153e-06,-1.1885378362642104e-07,-5.155023380776225e-06,4.7024167191072795e-07,5.372901352172021e-06,-4.847692718000925e-07
1502.0,1.5089929352452014e-06,-1.2389257796889088e-07,-5.1376568084293694e-06,4.876461371770594e-07,5.35467806313513e-06,-5.02888506221149e-07
1503.0,1.503398177560289e-06,-1.2892454315211696e-07,-5.119624854388327e-06,5.050214782438258e-07,5.335800289550041e-06,-5.209778692643813e-07
1504.0,1.4983196528761678e-06,-1.339484970394306e-07,-5.101913274574432e-06,5.223648126359669e-07,5.31737537169173e-06,-5.390342622681251e-07
1505.0,1.4937098085643363e-06,-1.3896325274867952e-07,-5.084806269983755e-06,5.396732179756608e-07,5.2996626114751315e-06,-5.570545469286633e-07
1506.0,1.489197608867121e-06,-1.4396761940910453e-07,-5.068622075887763e-06,5.569437319351288e-07,5.2828627908012455e-06,-5.750355454690485e-07
1507.0,1.4836593132117049e-06,-1.4896040291155654e-07,-5.0520145800647676e-06,5.741733522624205e-07,5.265367629602592e-06,-5.929740408761165e-07
1508.0,1.4774947403595196e-06,-1.539404066503186e-07,-5.035166085576304e-06,5.913590368823585e-07,5.247464932434312e-06,-6.108667772072891e-07
1509.0,1.4714198473264606e-06,-1.589064322546846e-07,-5.018154270564068e-06,6.084977040747159e-07,5.229431006360694e-06,-6.287104599686284e-07
1510.0,1.466001299965658e-06,-1.6385728030835037e-07,-5.001206215382581e-06,6.255862327315587e-07,5.211643063399714e-06,-6.465017565654512e-07
1511.0,1.4613005801522583e-06,-1.687917510546237e-07,-4.984658687590127e-06,6.426214626955e-07,5.194441415332456e-06,-6.642372968266152e-07
1512.0,1.456590237647326e-06,-1.7370864508548634e-07,-4.968415660333569e-06,6.596001951804048e-07,5.177529265417758e-06,-6.819136736033923e-07
1513.0,1.4512810880551452e-06,-1.7860676401264503e-07,-4.951953774479101e-06,6.765191932758372e-07,5.1602386554426275e-06,-6.995274434436468e-07
1514.0,1.4455133347524018e-06,-1.8348491111886686e-07,-4.934978537374235e-06,6.933751825362913e-07,5.142326512901661e-06,-7.17075127341828e-07
1515.0,1.440195307234049e-06,-1.8834189198808197e-07,-4.918223033223423e-06,7.101648516559486e-07,5.124751733255806e-06,-7.345532115650678e-07
1516.0,1.4353554830814907e-06,-1.9317651511294758e-07,-4.9015098610438734e-06,7.268848532293939e-07,5.107351983241651e-06,-7.519581485554187e-07
1517.0,1.4305759717392341e-06,-1.9798759247881824e-07,-4.884503925439709e-06,7.435318045983741e-07,5.089688223118739e-06,-7.692863579080185e-07
1518.0,1.4257959282670818e-06,-2.027739401233594e-07,-4.867910523620456e-06,7.601022887843506e-07,5.072420220667622e-06,-7.865342274247183e-07
1519.0,1.4212522079504186e-06,-2.0753437867137833e-07,-4.852045345282718e-06,7.765928555062574e-07,5.055917510332188e-06,-8.036981142424931e-07
1520.0,1.4168772391742745e-06,-2.1226773384480426e-07,-4.835981448625404e-06,7.930000222825772e-07,5.039271542826322e-06,-8.207743460357545e-07
1521.0,1.4126255730162462e-06,-2.1697283694810995e-07,-4.819367584840695e-06,8.093202756165515e-07,5.02213250794448e-06,-8.377592222915098e-07
1522.0,1.408592500001804e-06,-2.216485253298214e-07,-4.802853594942924e-06,8.255500722630654e-07,5.0051508953794295e-06,-8.546490156561467e-07
1523.0,1.4044845888794288e-06,-2.262936428210897e-07,-4.786495918784883e-06,8.416858405754639e-07,4.988298321165662e-06,-8.714399733524382e-07
1524.0,1.4002988458217125e-06,-2.3090704015259182e-07,-4.770496636774535e-06,8.577239819302858e-07,4.971767796175398e-06,-8.881283186651925e-07
1525.0,1.3960817829561378e-06,-2.3548757535126884e-07,-4.754603232404175e-06,8.736608722276462e-07,4.955330084090284e-06,-9.047102524937848e-07
1526.0,1.3919627822878144e-06,-2.4003411411859785e-07,-4.73866995648331e-06,8.894928634647809e-07,4.938881790825932e-06,-9.211819549696668e-07
1527.0,1.3880914795094679e-06,-2.445455301922238e-07,-4.722804275325565e-06,9.052162853800831e-07,4.9225682502653245e-06,-9.375395871367933e-07
1528.0,1.384284220196097e-06,-2.490207056928538e-07,-4.706928975306557e-06,9.208274471647944e-07,4.906263668094525e-06,-9.537792926927842e-07
1529.0,1.3801398363599837e-06,-2.5345853145834066e-07,-4.690822565101005e-06,9.36322639239401e-07,4.889642349412535e-06,-9.698971997885215e-07
1530.0,1.3758132345054186e-06,-2.578579073668513e-07,-4.675146274557562e-06,9.516981350916657e-07,4.873382269507463e-06,-9.858894228837759e-07
1531.0,1.371477276468358e-06,-2.6221774265092554e-07,-4.6599882166376005e-06,9.669501931731827e-07,4.857616709773462e-06,-1.0017520646563703e-06
1532.0,1.3671230005840584e-06,-2.665369562040908e-07,-4.6453306471461175e-06,9.820750588513272e-07,4.8423261063295736e-06,-1.0174812179623528e-06
1533.0,1.3626159187096754e-06,-2.7081447688151694e-07,-4.6305348915254285e-06,9.970689664135094e-07,4.8268597994509255e-06,-1.033072967844624e-06
1534.0,1.3581983388244456e-06,-2.7504924379599627e-07,-4.615725125112213e-06,1.0119281411207273e-06,4.811405320504357e-06,-1.0485233935874926e-06
1535.0,1.354246308371554e-06,-2.792402066103261e-07,-4.601558431738262e-06,1.0266488013074992e-06,4.796699184276566e-06,-1.063828570814661e-06
1536.0,1.3505284890413805e-06,-2.8338632582696473e-07,-4.587665437760791e-06,1.041227160525366e-06,4.7823217550199715e-06,-1.0789845736281827e-06
1537.0,1.3466593193900422e-06,-2.8748657307563427e-07,-4.5734167933297876e-06,1.055659429727235e-06,4.767560433598191e-06,-1.093987476785963e-06
1538.0,1.342586719577099e-06,-2.915399313993407e-07,-4.558716160674159e-06,1.069941819489912e-06,4.752308084833783e-06,-1.1088333579153873e-06
1539.0,1.3382952054052932e-06,-2.955453955390705e-07,-4.543937661027897e-06,1.0840705422722351e-06,4.7369192017722315e-06,-1.1235182997606577e-06
1540.0,1.3338310601018755e-06,-2.9950197221719027e-07,-4.529721515711405e-06,1.0980418147062497e-06,4.72202099813113e-06,-1.1380383924613938e-06
1541.0,1.3293611999254384e-06,-3.034086804193327e-07,-4.5163788150448525e-06,1.111851859918926e-06,4.707959090821961e-06,-1.1523897358600327e-06
1542.0,1.3250276699183772e-06,-3.07264551674316e-07,-4.503443377823491e-06,1.1254969098819934e-06,4.6943264248783954e-06,-1.1665684418355692e-06
1543.0,1.32116511691871e-06,-3.1106863033143314e-07,-4.490785140365272e-06,1.1389732077875839e-06,4.681092654828396e-06,-1.1805706366612333e-06
1544.0,1.3178872576014022e-06,-3.1481997383427707e-07,-4.4780637195040995e-06,1.1522770104475106e-06,4.667963313875446e-06,-1.194392463383785e-06
1545.0,1.3148271922613919e-06,-3.1851765299014745e-07,-4.465150790944339e-06,1.16540459071414e-06,4.654711820443971e-06,-1.2080300842221884e-06
1546.0,1.311551434513003e-06,-3.221607522339898e-07,-4.4524180587979245e-06,1.1783522399208892e-06,4.641572334423217e-06,-1.221479682983486e-06
1547.0,1.3077319012677613e-06,-3.257483698857321e-07,-4.439834647651519e-06,1.1911162703404334e-06,4.628422455230322e-06,-1.2347374674937108e-06
1548.0,1.3034160314673304e-06,-3.292796183997797e-07,-4.427323686939655e-06,1.2036930176586992e-06,4.615201878577251e-06,-1.2477996720416414e-06
1549.0,1.2988789672152556e-06,-3.327536246053e-07,-4.414619824255617e-06,1.2160788434627027e-06,4.601733886719751e-06,-1.2606625598331461e-06
1550.0,1.2946514433842538e-06,-3.3616952993579523e-07,-4.402177891826842e-06,1.228270137740246e-06,4.588604640971583e-06,-1.2733224254537963e-06
1551.0,1.291046377860372e-06,-3.395264906463518e-07,-4.39037432770073e-06,1.2402633213894669e-06,4.576263485325121e-06,-1.2857755973373577e-06
1552.0,1.287982546005484e-06,-3.4282367801691196e-07,-4.3794164447108486e-06,1.252054848736201e-06,4.564886355104426e-06,-1.2980184402377444e-06
1553.0,1.2851343916542302e-06,-3.460602785399439e-07,-4.368950320576825e-06,1.2636412100571231e-06,4.554041865011875e-06,-1.3100473577020259e-06
1554.0,1.282382483591693e-06,-3.4923549409098254e-07,-4.358803137038958e-06,1.2750189341066384e-06,4.543530523907973e-06,-1.3218587945421062e-06
1555.0,1.279380025337451e-06,-3.5234854208064665e-07,-4.348399193832009e-06,1.2861845906454794e-06,4.532702151934464e-06,-1.3334492393027266e-06
1556.0,1.275767039787823e-06,-3.5539865558687224e-07,-4.337189818792719e-06,1.2971347929689005e-06,4.520928783341782e-06,-1.344815226723414e-06
1557.0,1.271844306233172e-06,-3.5838508346622544e-07,-4.325763324541931e-06,1.307866200432219e-06,4.508859753779197e-06,-1.3559533401918976e-06
1558.0,1.2682271146868818e-06,-3.6130709044326746e-07,-4.315005054877918e-06,1.3183755209712407e-06,4.497518053109848e-06,-1.3668602141863425e-06
1559.0,1.26506243780522e-06,-3.641639571770712e-07,-4.304821652700852e-06,1.3286595136148609e-06,4.486855517298031e-06,-1.3775325367035534e-06
1560.0,1.2622349419566525e-06,-3.6695498030415317e-07,-4.294878445609829e-06,1.3387149909868865e-06,4.4765185033975025e-06,-1.3879670516701093e-06
1561.0,1.2596575801604448e-06,-3.696794724573117e-07,-4.285207619025844e-06,1.3485388217939168e-06,4.466513355785786e-06,-1.3981605613332537e-06
1562.0,1.2572241622765823e-06,-3.7233676226014697e-07,-4.275944983256341e-06,1.358127933295943e-06,4.456940440935589e-06,-1.4081099286282792e-06
1563.0,1.2548948868373877e-06,-3.7492619429736007e-07,-4.2672857867298575e-06,1.3674793137561756e-06,4.44797585005104e-06,-1.4178120795190884e-06
1564.0,1.252588801708976e-06,-3.774471290612643e-07,-4.2590488354976586e-06,1.3765900148664536e-06,4.439422900481625e-06,-1.427264005308564e-06
1565.0,1.2503349235415406e-06,-3.7989894287527216e-07,-4.250794433502403e-06,1.3854571541444478e-06,4.430867943972449e-06,-1.4364627649153317e-06
1566.0,1.2480555252047942e-06,-3.8228102779543474e-07,-4.241939524474159e-06,1.3940779172986797e-06,4.421729698126093e-06,-1.4454054871134082e-06
1567.0,1.2459087596616847e-06,-3.8459279149139874e-07,-4.2325843093160564e-06,1.4024495605571638e-06,4.412148974464733e-06,-1.4540893727311105e-06
1568.0,1.2440460710194667e-06,-3.8683365710841366e-07,-4.2232292289945406e-06,1.4105694129552354e-06,4.40264871951565e-06,-1.462511696805429e-06
1569.0,1.2425057689946506e-06,-3.8900306311226283e-07,-4.214481573394657e-06,1.4184348785778632e-06,4.393822426824745e-06,-1.4706698106878968e-06
1570.0,1.241098451509881e-06,-3.9110046311921056e-07,-4.206530189510005e-06,1.4260434387515366e-06,4.3857977155358295e-06,-1.4785611440978376e-06
1571.0,1.2396880779974584e-06,-3.931253257132415e-07,-4.199150539507812e-06,1.4333926541806807e-06,4.37832065798952e-06,-1.4861832071188063e-06
1572.0,1.2381942095796017e-06,-3.9507713425300747e-07,-4.192170209083024e-06,1.44048016702353e-06,4.371203033783681e-06,-1.493533592134042e-06
1573.0,1.2366107921546465e-06,-3.9695538667097616e-07,-4.185665675116024e-06,1.447303702902452e-06,4.364516398768347e-06,-1.5006099756968485e-06
1574.0,1.2349400430600177e-06,-3.987595952672916e-07,-4.179807739146391e-06,1.4538610728438614e-06,4.358425133712995e-06,-1.5074101203319489e-06
1575.0,1.2331270134446903e-06,-4.0048928650080724e-07,-4.174535046974626e-06,1.4601501751430167e-06,4.352854820655803e-06,-1.5139318762640098e-06
1576.0,1.2311136711740112e-06,-4.021440007796573e-07,-4.169498586392706e-06,1.4661689971491876e-06,4.347454350914144e-06,-1.5201731830696751e-06
1577.0,1.2289184857239288e-06,-4.037232922535974e-07,-4.164193395994609e-06,1.4719156169668288e-06,4.341744728078691e-06,-1.526132071249563e-06
1578.0,1.226545180837979e-06,-4.0522672861020055e-07,-4.15841440043474e-06,1.4773882050685084e-06,4.335530348916945e-06,-1.5318066637167513e-06
1579.0,1.2239935028024451e-06,-4.0665389087685426e-07,-4.152368192511524e-06,1.4825850258154069e-06,4.3290093209744906e-06,-1.5371951771982807e-06
1580.0,1.2214826544398871e-06,-4.080043732304028e-07,-4.146599669796469e-06,1.4875044388812047e-06,4.322766324548864e-06,-1.5422959235462087e-06
1581.0,1.2192753469641993e-06,-4.092777828162307e-07,-4.141373801613835e-06,1.4921449005751908e-06,4.317129756725884e-06,-1.5471073109547156e-06
1582.0,1.2176457948875896e-06,-4.10473739578623e-07,-4.136790919040401e-06,1.4965049650604526e-06,4.312273227621663e-06,-1.5516278450798352e-06
1583.0,1.2166659583701112e-06,-4.115918761043698e-07,-4.132697780934169e-06,1.5005832854631363e-06,4.3080699858283255e-06,-1.5558561300585074e-06
1584.0,1.216197958203713e-06,-4.126318374818075e-07,-4.128986747509167e-06,1.504378614868934e-06,4.304377891710393e-06,-1.5597908694239092e-06
1585.0,1.2160153923523875e-06,-4.1359328117778515e-07,-4.125688799538896e-06,1.5078898072032366e-06,4.301162808483146e-06,-1.5634308669143465e-06
1586.0,1.216071331550106e-06,-4.144758769353724e-07,-4.12293791257623e-06,1.5111158179916953e-06,4.2985400445240114e-06,-1.5667750271733926e-06
1587.0,1.21640022132663e-06,-4.1527930669544245e-07,-4.120601401758073e-06,1.5140557049982722e-06,4.296392138831611e-06,-1.5698223563393644e-06
1588.0,1.2170050900373042e-06,-4.1600326454552696e-07,-4.11834408209355e-06,1.5167086287382197e-06,4.294398603726914e-06,-1.5725719625226447e-06
1589.0,1.2177779758759666e-06,-4.1664745669952105e-07,-4.115760557643622e-06,1.5190738528637585e-06,4.29214027804119e-06,-1.575023056169731e-06
1590.0,1.2185531338970712e-06,-4.172116015118885e-07,-4.112849273429919e-06,1.5211507444205444e-06,4.289568846175964e-06,-1.5771749503132191e-06
1591.0,1.219179734140985e-06,-4.176954295299639e-07,-4.109881333258514e-06,1.5229387739733186e-06,4.286901421493952e-06,-1.5790270607072e-06
1592.0,1.219657783657624e-06,-4.180986835877547e-07,-4.107387163110321e-06,1.5244375155994353e-06,4.284646358443142e-06,-1.5805789058477906e-06
1593.0,1.2200117500971164e-06,-4.1842111894430763e-07,-4.10557633789832e-06,1.5256466467493038e-06,4.283011293084062e-06,-1.5818301068787406e-06
1594.0,1.2201651841681205e-06,-4.1866250346923126e-07,-4.104347818389975e-06,1.5265659479731963e-06,4.281877402609581e-06,-1.5827803873823295e-06
1595.0,1.2200577092780218e-06,-4.188226178773703e-07,-4.10360959579581e-06,1.527195302514391e-06,4.281139162498246e-06,-1.583429573056092e-06
1596.0,1.2197210111641876e-06,-4.1890125601393425e-07,-4.1035175238901545e-06,1.527534695769227e-06,4.280954965185802e-06,-1.5837775912762944e-06
1597.0,1.219200190305525e-06,-4.1889822519062275e-07,-4.104204629262753e-06,1.5275842146153346e-06,4.281465256533426e-06,-1.583824470549526e-06
1598.0,1.218606376807152e-06,-4.1881334657248717e-07,-4.10569917469461e-06,1.5273440466100175e-06,4.2827289448064605e-06,-1.5835703398542334e-06
1599.0,1.2179740353224222e-06,-4.1864645561445926e-07,-4.1076552513841236e-06,1.526814479061511e-06,4.28442439715572e-06,-1.5830154278744998e-06
1600.0,1.2172576251689993e-06,-4.1839740254569646e-07,-4.109585152622941e-06,1.52599589797653e-06,4.286071190809947e-06,-1.582160062128822e-06
1601.0,1.2164530757141634e-06,-4.1806605289916005e-07,-4.111259479300244e-06,1.524888786888161e-06,4.287448261093137e-06,-1.5810046679970322e-06
1602.0,1.2155517515322067e-06,-4.176522880831864e-07,-4.112796305300037e-06,1.5234937255686673e-06,4.288666402221401e-06,-1.5795497676488335e-06
1603.0,1.2146296442527849e-06,-4.171560059912503e-07,-4.114440121050222e-06,1.5218113886322025e-06,4.289981664576833e-06,-1.577795978877654e-06
1604.0,1.2138267679873138e-06,-4.1657712164566826e-07,-4.11637377034646e-06,1.519842544032741e-06,4.291609073515301e-06,-1.5757440138437032e-06
1605.0,1.213349238471384e-06,-4.159155678706702e-07,-4.1185897445839e-06,1.5175880514627822e-06,4.293599638845099e-06,-1.573394677730257e-06
1606.0,1.213403274885616e-06,-4.1517129599009016e-07,-4.121142826496449e-06,1.5150488606585966e-06,4.296063978095098e-06,-1.5707488673173595e-06
1607.0,1.213976502850711e-06,-4.143442765448969e-07,-4.1240609134907125e-06,1.5122260096179784e-06,4.299025164808353e-06,-1.5678075694772957e-06
1608.0,1.2149724309962195e-06,-4.13434500025893e-07,-4.127525510044805e-06,1.5091206227366638e-06,4.302629991546042e-06,-1.5645718595964168e-06
1609.0,1.2162738120546912e-06,-4.1244197761713786e-07,-4.131594929013271e-06,1.5057339088697472e-06,4.306901280890732e-06,-1.5610428999281245e-06
1610.0,1.2178356237069199e-06,-4.1136674194595633e-07,-4.13606486232565e-06,1.50206715932461e-06,4.311630335700699e-06,-1.557221937882086e-06
1611.0,1.2196959102983573e-06,-4.1020884783574736e-07,-4.140677940134285e-06,1.4981217457920121e-06,4.316581044937445e-06,-1.5531103042549733e-06
1612.0,1.221804123069381e-06,-4.0896837305816794e-07,-4.145103318364818e-06,1.4938991182221003e-06,4.3214218534029245e-06,-1.5487094114082301e-06
1613.0,1.224079293066227e-06,-4.07645419081611e-07,-4.149401904129935e-06,1.4894008026521135e-06,4.326188423741001e-06,-1.5440207513984904e-06
1614.0,1.2263847331273059e-06,-4.062401118131956e-07,-4.153682694685301e-06,1.484628398992551e-06,4.330946714261892e-06,-1.5390458940663359e-06
1615.0,1.2287125108478847e-06,-4.047526023317224e-07,-4.158193916636854e-06,1.479583578778468e-06,4.335932550521267e-06,-1.5337864850890598e-06
1616.0,1.2309575867230915e-06,-4.031830676092087e-07,-4.162967469190093e-06,1.4742680828924685e-06,4.341146706786826e-06,-1.52824424400305e-06
1617.0,1.2330659032167013e-06,-4.015317112186906e-07,-4.1680740706651065e-06,1.4686837192658497e-06,4.346641574851372e-06,-1.5224209622013178e-06
1618.0,1.2350355781676203e-06,-3.997987640259709e-07,-4.173534779161603e-06,1.46283236056428e-06,4.352436723516071e-06,-1.5163185009116306e-06
1619.0,1.2369512108478808e-06,-3.97984484862907e-07,-4.179673380289017e-06,1.4567159418643582e-06,4.3588665801919955e-06,-1.5099387891606412e-06
1620.0,1.2388264633012014e-06,-3.960891611796862e-07,-4.186601300748549e-06,1.4503364583274081e-06,4.36604185247975e-06,-1.503283821729376e-06
1621.0,1.2405975504670153e-06,-3.941131096733493e-07,-4.194263163337375e-06,1.4436959628769076e-06,4.373891375600634e-06,-1.4963556571054403e-06
1622.0,1.2422149817947759e-06,-3.920566768896107e-07,-4.202284610510532e-06,1.4367965638860154e-06,4.3820422189578505e-06,-1.4891564154372853e-06
1623.0,1.2437627127936945e-06,-3.899202397948092e-07,-4.21037280723402e-06,1.4296404228816894e-06,4.390237449345036e-06,-1.4816882764958653e-06
1624.0,1.2452927664885483e-06,-3.877042063146182e-07,-4.218451768511766e-06,1.4222297522718845e-06,4.398418965665816e-06,-1.473953477648941e-06
1625.0,1.2467813900463032e-06,-3.8540901583597645e-07,-4.226535669504816e-06,1.4145668131022119e-06,4.406593650447283e-06,-1.4659543118531392e-06
1626.0,1.2481873215286488e-06,-3.830351396685783e-07,-4.234658460611218e-06,1.4066539128482454e-06,4.4147824258564585e-06,-1.457693125668652e-06
1627.0,1.2495533928402747e-06,-3.8058308146221004e-07,-4.242823899602843e-06,1.3984934032493658e-06,4.423001054103393e-06,-1.449172317301171e-06
1628.0,1.2510180879832244e-06,-3.7805337757624884e-07,-4.251005017719134e-06,1.390087678189674e-06,4.431262790349322e-06,-1.4403943346753034e-06
1629.0,1.252872401602545e-06,-3.7544659739776454e-07,-4.2594124838868375e-06,1.3814391716310829e-06,4.439851795115279e-06,-1.4313616735433555e-06
1630.0,1.2552211097471844e-06,-3.7276334360489525e-07,-4.268272758789493e-06,1.372550355603258e-06,4.449014764841697e-06,-1.4220768756330112e-06
1631.0,1.2579972175630338e-06,-3.700042523725051e-07,-4.277722330747746e-06,1.363423738254628e-06,4.458863682416661e-06,-1.412542526837101e-06
1632.0,1.2611055493216838e-06,-3.671699935175699e-07,-4.287697670191104e-06,1.354061861968244e-06,4.46931074299966e-06,-1.4027612554483478e-06
1633.0,1.2645420406631747e-06,-3.642612705822469e-07,-4.298028080773619e-06,1.3444673015458258e-06,4.480191062412757e-06,-1.3927357304417116e-06
1634.0,1.2682624259963138e-06,-3.6127882085313997e-07,-4.308385593121411e-06,1.3346426624628957e-06,4.4911775738897464e-06,-1.3824686598066827e-06
1635.0,1.2721358696454743e-06,-3.5822341531583385e-07,-4.318506118317078e-06,1.324590579197422e-06,4.501980093778812e-06,-1.3719627889315737e-06
1636.0,1.2761249184589651e-06,-3.5509585854431227e-07,-4.328409367815311e-06,1.3143137136338868e-06,4.512607058331496e-06,-1.3612208990415337e-06
1637.0,1.2802104969733552e-06,-3.5189698852536377e-07,-4.338208381415853e-06,1.3038147535441282e-06,4.523161601927078e-06,-1.350245805691598e-06
1638.0,1.2844150348023664e-06,-3.4862767641850384e-07,-4.348086830474607e-06,1.2930964111457136e-06,4.533826316366021e-06,-1.3390403573156519e-06
1639.0,1.2886769614750548e-06,-3.4528882625227957e-07,-4.358154706562978e-06,1.282161421738029e-06,4.544689291620893e-06,-1.3276074338317075e-06
1640.0,1.2927509649152125e-06,-3.418813745580737e-07,-4.368382369279722e-06,1.271012542415702e-06,4.5556524869137165e-06,-1.3159499453034582e-06
1641.0,1.2965184544577735e-06,-3.3840628994267933e-07,-4.378879038147154e-06,1.2596525508585115e-06,4.566786806220992e-06,-1.304070830657637e-06
1642.0,1.3001668870415983e-06,-3.34864572600978e-07,-4.389978406849071e-06,1.2480842441965406e-06,4.578465282904365e-06,-1.2919730564563642e-06
1643.0,1.3038414896915373e-06,-3.3125725377003e-07,-4.401925706165599e-06,1.2363104379490295e-06,4.590964229096384e-06,-1.2796596157233807e-06
1644.0,1.307411058359964e-06,-3.275853951258005e-07,-4.414613439918114e-06,1.2243339650352037e-06,4.6041432970127634e-06,-1.2671335268228412e-06
1645.0,1.3108359923630353e-06,-3.2385008812361163e-07,-4.42764492319947e-06,1.2121576748552163e-06,4.617610915268676e-06,-1.2543978323892027e-06
1646.0,1.3140967562719208e-06,-3.200524532832584e-07,-4.440619042200833e-06,1.1997844324392865e-06,4.6309769771400315e-06,-1.2414555983066219e-06
1647.0,1.3172054927346188e-06,-3.161936394195698e-07,-4.453472749965659e-06,1.187217117663027e-06,4.644184518812419e-06,-1.2283099127361666e-06
1648.0,1.3202039244042396e-06,-3.122748228190524e-07,-4.466307413353299e-06,1.1744586245268712e-06,4.657342623491103e-06,-1.2149638851890114e-06
1649.0,1.3231049251771765e-06,-3.0829720636314505e-07,-4.479182514394164e-06,1.1615118604973505e-06,4.6705120319171145e-06,-1.2014206456436162e-06
1650.0,1.3259591168102158e-06,-3.0426201859856215e-07,-4.492058093996665e-06,1.148379745907798e-06,4.68366880760084e-06,-1.1876833437046932e-06
1651.0,1.3288739829642182e-06,-3.0017051275522164e-07,-4.504961540474639e-06,1.1350652134158416e-06,4.696869653690085e-06,-1.1737551478015847e-06
1652.0,1.3320934889038405e-06,-2.9602396571237484e-07,-4.518165484856951e-06,1.1215712075148493e-06,4.710445033299153e-06,-1.1596392444235045e-06
1653.0,1.3357176584516406e-06,-2.9182367691377514e-07,-4.531783026506808e-06,1.1079006840963063e-06,4.724531623604052e-06,-1.145338837388989e-06
1654.0,1.3396901890339041e-06,-2.8757096723305973e-07,-4.545910511966067e-06,1.0940566100599468e-06,4.739205860204564e-06,-1.1308571471468502e-06
1655.0,1.3439912429635825e-06,-2.832671777909554e-07,-4.560458381985821e-06,1.0800419629683634e-06,4.7543762067160326e-06,-1.1161974101059502e-06
1656.0,1.3486039268095773e-06,-2.789136687264457e-07,-4.575109609605832e-06,1.0658597307427294e-06,4.7697337966928344e-06,-1.1013628779911836e-06
1657.0,1.353536206755157e-06,-2.7451181792461604e-07,-4.589765833118431e-06,1.0515129113962066e-06,4.785186586315989e-06,-1.0863568172231612e-06
1658.0,1.3586006169796772e-06,-2.700630197045023e-07,-4.604270844477121e-06,1.0370045128015458e-06,4.800531808639499e-06,-1.071182508319193e-06
1659.0,1.3639046986813064e-06,-2.6556868347086964e-07,-4.618829634261967e-06,1.022337552489289e-06,4.815996596491892e-06,-1.0558432453132533e-06
1660.0,1.3693410520765337e-06,-2.610302323344189e-07,-4.633402612086446e-06,1.0075150574728786e-06,4.831512670229849e-06,-1.0403423351926705e-06
1661.0,1.3748982105321605e-06,-2.564491017054285e-07,-4.6478601271604525e-06,9.92540064096859e-07,4.846952532362218e-06,-1.024683097349312e-06
1662.0,1.380485832924716e-06,-2.518267378662774e-07,-4.662210403738598e-06,9.77415617904241e-07,4.862298528847676e-06,-1.0088688630430553e-06
1663.0,1.3861143005333698e-06,-2.471645965286334e-07,-4.676621159549477e-06,9.621447735190285e-07,4.877714457006376e-06,-9.929029748753548e-07
1664.0,1.3916708630767882e-06,-2.4246414138133143e-07,-4.6912513010366474e-06,9.467305945398511e-07,4.893320606767446e-06,-9.76788786270751e-07
1665.0,1.3969248614242868e-06,-2.3772684263509046e-07,-4.706346917127124e-06,9.311761534407089e-07,4.909287155261673e-06,-9.605296609642347e-07
1666.0,1.4022866063334583e-06,-2.329541755702334e-07,-4.722332630824333e-06,9.15484531474926e-07,4.926137757153211e-06,-9.441289724924956e-07
1667.0,1.4076701851939433e-06,-2.281476190934784e-07,-4.7388948510862505e-06,8.996588185786304e-07,4.943547285091519e-06,-9.275901036872582e-07
1668.0,1.412795769178965e-06,-2.233086543096799e-07,-4.755537911904639e-06,8.837021132703397e-07,4.960960866301237e-06,-9.109164461691096e-07
1669.0,1.4177737893972253e-06,-2.1843876311412083e-07,-4.772102255745647e-06,8.676175225435574e-07,4.978256969783145e-06,-8.941113998404568e-07
1670.0,1.4225302061021683e-06,-2.135394268106099e-07,-4.7885335389130645e-06,8.514081617495953e-07,4.995362413335829e-06,-8.771783723764488e-07
1671.0,1.4267752878049933e-06,-2.0861212476022863e-07,-4.804785347423124e-06,8.350771544681176e-07,5.0121502328544554e-06,-8.601207787128564e-07
1672.0,1.4311151819990098e-06,-2.0365833306512495e-07,-4.8215270129770005e-06,8.186276323631551e-07,5.02943469994541e-06,-8.429420405300142e-07
1673.0,1.4355410246635891e-06,-1.986795232912869e-07,-4.838406337581702e-06,8.020627350225439e-07,5.0468756593602505e-06,-8.256455857319969e-07
1674.0,1.4398678399307752e-06,-1.936771612337764e-07,-4.854977067869637e-06,7.853856097789304e-07,5.063992666464573e-06,-8.082348479202554e-07
1675.0,1.4443542280251354e-06,-1.886527057274891e-07,-4.871424456098783e-06,7.685994115106652e-07,5.081036839808526e-06,-7.907132658609916e-07
1676.0,1.4490692844537634e-06,-1.8360760750613643e-07,-4.888189674423504e-06,7.517073024210779e-07,5.098450753345364e-06,-7.73084282945605e-07
1677.0,1.4537258831714972e-06,-1.7854330811183807e-07,-4.905445669944886e-06,7.347124517947903e-07,5.116318614412494e-06,-7.553513466436287e-07
1678.0,1.4586798611215812e-06,-1.7346123885745255e-07,-4.923390866218291e-06,7.17618035729905e-07,5.1349317968989005e-06,-7.375179079476555e-07
1679.0,1.463889727382206e-06,-1.6836281984356696e-07,-4.941286521842336e-06,7.004272368450939e-07,5.1535701823954896e-06,-7.195874208098844e-07
1680.0,1.4692597908039229e-06,-1.6324945903189294e-07,-4.95871938505088e-06,6.831432439607953e-07,5.1718103476976576e-06,-7.015633415700445e-07
1681.0,1.4748922279039789e-06,-1.581225513766712e-07,-4.975914940419379e-06,6.65769251753895e-07,5.189897549877103e-06,-6.834491283745711e-07
1682.0,1.4804902690734867e-06,-1.5298347801554718e-07,-4.993061727631698e-06,6.483084603853921e-07,5.207928268780372e-06,-6.652482405869885e-07
1683.0,1.4859807773714984e-06,-1.4783360552123366e-07,-5.010350223377813e-06,6.307640751006362e-07,5.226064315679602e-06,-6.469641381894955e-07
1684.0,1.491810625642298e-06,-1.4267428521509523e-07,-5.028041249244275e-06,6.131393058017896e-07,5.2446828070800615e-06,-6.286002811757647e-07
1685.0,1.4978359542394681e-06,-1.375068525435758e-07,-5.045506589640425e-06,5.954373665922503e-07,5.2631406300722585e-06,-6.101601289349796e-07
1686.0,1.50360912004599e-06,-1.3233262651812184e-07,-5.062359578089648e-06,5.77661475292857e-07,5.28093977278301e-06,-5.916471396271419e-07
1687.0,1.5090973870812707e-06,-1.2715290921893286e-07,-5.079236252536479e-06,5.598148529298206e-07,5.298680574706908e-06,-5.730647695497087e-07
1688.0,1.5146936521714949e-06,-1.2196898536248558e-07,-5.097001269271928e-06,5.419007231944761e-07,5.317303715125578e-06,-5.54416472495653e-07
1689.0,1.5200222173439304e-06,-1.1678212193233164e-07,-5.115412924416862e-06,5.239223118751447e-07,5.336470456070214e-06,-5.357056991030965e-07
1690.0,1.525691770809523e-06,-1.1159356787216132e-07,-5.134584453281299e-06,5.058828462616445e-07,5.356462721553648e-06,-5.169358961967636e-07
1691.0,1.5311997408062883e-06,-1.0640455383957802e-07,-5.153106599931068e-06,4.87785554523295e-07,5.375786479809105e-06,-4.981105061216379e-07
1692.0,1.5358838851287082e-06,-1.0121629201844308e-07,-5.1704036664879105e-06,4.696336650615689e-07,5.393701269353883e-06,-4.792329660693359e-07
1693.0,1.5405430880410798e-06,-9.602997598704131e-08,-5.188371345110632e-06,4.5143040583884415e-07,5.412251862291356e-06,-4.6030670739782336e-07
1694.0,1.5450680004580608e-06,-9.084678063869224e-08,-5.2072138735925755e-06,4.331790036849623e-07,5.431603027778675e-06,-4.413351549451608e-07
1695.0,1.5492615201562199e-06,-8.566786215081313e-08,-5.226168546645926e-06,4.148826835835333e-07,5.450967706360766e-06,-4.223217263380209e-07
1696.0,1.553680896604348e-06,-8.049435799785884e-08,-5.244864436204644e-06,3.96544667940157e-07,5.470148744105369e-06,-4.032698312957627e-07
1697.0,1.557926577328006e-06,-7.532738700304003e-08,-5.262737443223475e-06,3.781681758349476e-07,5.488491652234821e-06,-3.841828709309146e-07
1698.0,1.5617391287969795e-06,-7.016804942328996e-08,-5.280469223434281e-06,3.5975642226194984e-07,5.506576461473334e-06,-3.6506423704698754e-07
1699.0,1.5656834683464016e-06,-6.50174270616119e-08,-5.2995576335646e-06,3.4131261735819567e-07,5.525999985027691e-06,-3.4591731143459053e-07
1700.0,1.5697535844794164e-06,-5.987658340071601e-08,-5.31934146213997e-06,3.2283996562530304e-07,5.546126567869451e-06,-3.2674546516690705e-07
1701.0,1.573981767116761e-06,-5.474656375175313e-08,-5.33886135323236e-06,3.0434166514665194e-07,5.566045198545739e-06,-3.0755205789568935e-07
1702.0,1.5782549103171561e-06,-4.962839541198161e-08,-5.357507978809295e-06,2.8582090680331176e-07,5.5851392377402255e-06,-2.8834043714906604e-07
1703.0,1.582536003269519e-06,-4.45230878253726e-08,-5.375688735542727e-06,2.6728087349197033e-07,5.603788859609651e-06,-2.691139376325726e-07
1704.0,1.5868824733700215e-06,-3.943163274044872e-08,-5.394598943442297e-06,2.4872473934812006e-07,5.623156919816279e-06,-2.4987588053491803e-07
1705.0,1.5915386970821732e-06,-3.435500436006056e-08,-5.414534531900106e-06,2.3015566897770626e-07,5.643596337571347e-06,-2.3062957284003887e-07
1706.0,1.5966336124051406e-06,-2.9294159478320265e-08,-5.434086354394463e-06,2.1157681670032005e-07,5.663791433243106e-06,-2.1137830664704834e-07
1707.0,1.6018664328598664e-06,-2.425003760051724e-08,-5.452319558230112e-06,1.9299132580687265e-07,5.682760300574167e-06,-1.921253584996944e-07
1708.0,1.6070558996328366e-06,-1.9223561042519978e-08,-5.469888119447042e-06,1.744023278344732e-07,5.70107925780835e-06,-1.7287398872694416e-07
1709.0,1.6122101751392393e-06,-1.4215635006895483e-08,-5.487767936018795e-06,1.5581294186097235e-07,5.719686929231221e-06,-1.5362744079624963e-07
1710.0,1.6173159967936002e-06,-9.227147633723804e-09,-5.5063569106006405e-06,1.372262738213119e-07,5.738961357284427e-06,-1.3438894068096551e-07
1711.0,1.6230675084494273e-06,-4.258970024834009e-09,-5.525680767226593e-06,1.1864541584751069e-07,5.759122856675494e-06,-1.1516169624329247e-07
1712.0,1.629303536532234e-06,6.880437590778763e-10,-5.544476165963985e-06,1.0007344563383139e-07,5.778913909126795e-06,-9.594889663405819e-08
1713.0,1.6350725225988683e-06,5.6130567282805725e-09,-5.562373022904854e-06,8.151342582843219e-08,5.7977112553228714e-06,-7.675371171060936e-08
1714.0,1.640762395005435e-06,1.0515249019958017e-08,-5.580526265702712e-06,6.296840345256379e-08,5.8167322990715185e-06,-5.757929147404626e-08
1715.0,1.646193252824446e-06,1.539381797885749e-08,-5.59915354308993e-06,4.444140934812961e-08,5.836135075950628e-06,-3.842876552696331e-08
1716.0,1.6516880078643048e-06,2.024797826072027e-08,-5.6181142058520095e-06,2.593545765418728e-08,5.855875724886835e-06,-1.9305242552762085e-08
1717.0,1.65769270454863e-06,2.5076961956178964e-08,-5.636987779555902e-06,7.453545312735336e-09,5.8756766699314155e-06,-2.1180981749719708e-10
1718.0,1.6633387200093441e-06,2.988001873249658e-08,-5.654721525416573e-06,-1.1001348396087322e-08,5.894282927336612e-06,1.884846730490993e-08
1719.0,1.6685966257312668e-06,3.465641599030469e-08,-5.672136523415805e-06,-2.942626228947781e-08,5.912473884903789e-06,3.7872545783397613e-08
1720.0,1.6735281875845942e-06,3.9405439032365664e-08,-5.69008634049295e-06,-4.781825368842055e-08,5.931085832872817e-06,5.685740535590832e-08
1721.0,1.6783556861243998e-06,4.412639124135158e-08,-5.708390396097496e-06,-6.617439879562354e-08,5.950008296078606e-06,7.580004893062276e-08
1722.0,1.6834069497262405e-06,4.8818594263675816e-08,-5.72689159766826e-06,-8.449179304561281e-08,5.96918305380476e-06,9.469750296211768e-08
1723.0,1.6883736840833663e-06,5.3481388196529106e-08,-5.745167183490718e-06,-1.0276755142777506e-07,5.988117539207452e-06,1.1354681780243894e-07
1724.0,1.692904229994019e-06,5.8114131775429664e-08,-5.763443709339011e-06,-1.2099880878319965e-07,6.006930008136524e-06,1.3234506802717302e-07
1725.0,1.696929276956416e-06,6.271620255979135e-08,-5.782080741201234e-06,-1.39182720076218e-07,6.025946122291672e-06,1.510893527367104e-07
1726.0,1.700699994999777e-06,6.72869971142394e-08,-5.8008377100682296e-06,-1.5731646064156875e-07,6.045006088627361e-06,1.6977679583297701e-07
1727.0,1.7047459729135905e-06,7.182593118363807e-08,-5.8194228944596915e-06,-1.7539722640815833e-07,6.063979028387773e-06,1.8840454627202902e-07
1728.0,1.7089805543213377e-06,7.633243986002415e-08,-5.8373780771336925e-06,-1.9342223410044545e-07,6.082400623968263e-06,2.0696977829301532e-07
1729.0,1.7132926014573613e-06,8.080597773983632e-08,-5.854769018043271e-06,-2.113887214185651e-07,6.100302598465743e-06,2.2546969162415747e-07
1730.0,1.7175003288183444e-06,8.524601906997671e-08,-5.872175929289014e-06,-2.2929394719842677e-07,6.11819070673777e-06,2.439015116665511e-07
1731.0,1.7215491531219485e-06,8.9652057881348e-08,-5.890097850902443e-06,-2.4713519155315926e-07,6.136528675058927e-06,2.6226248965675827e-07
1732.0,1.7254777307795788e-06,9.402360810858072e-08,-5.9080297655222935e-06,-2.6490975599741313e-07,6.1548427363916985e-06,2.805499028093048e-07
1733.0,1.729407605954858e-06,9.836020369470973e-08,-5.925457453315186e-06,-2.8261496355613464e-07,6.172673383436305e-06,2.987610544403155e-07
1734.0,1.7333836879185327e-06,1.0266139867957968e-07,-5.942762313471128e-06,-3.002481588595043e-07,6.190399254002505e-06,3.168932740736004e-07
1735.0,1.7376804001822954e-06,1.0692676727074507e-07,-5.960273762428692e-06,-3.1780670822578974e-07,6.2084133638373e-06,3.349439175305534e-07
1736.0,1.7422258360433318e-06,1.1115590389558974e-07,-5.977718681993149e-06,-3.3528799973389955e-07,6.2264332891975e-06,3.5291036700524785e-07
1737.0,1.746639573002584e-06,1.1534842323331439e-07,-5.995440358785853e-06,-3.5268944328744233e-07,6.244682129118894e-06,3.707900311261096e-07
1738.0,1.75114622971706e-06,1.195039602253555e-07,-6.013227023760059e-06,-3.7000847067209224e-07,6.263019428129736e-06,3.8858034500552227e-07
1739.0,1.755506032624643e-06,1.236221700627124e-07,-6.0300080091391095e-06,-3.8724253560804737e-07,6.280350151135152e-06,4.0627877027867855e-07
1740.0,1.7594159213429883e-06,1.277027281485935e-07,-6.046433518425154e-06,-4.0438911379935033e-07,6.297213882107736e-06,4.2388279513295514e-07
1741.0,1.7635704243068595e-06,1.3174533003475694e-07,-6.063719299842507e-06,-4.2144570298182313e-07,6.314972081392948e-06,4.4138993432906286e-07
1742.0,1.767949311615169e-06,1.3574969132991107e-07,-6.080805115327159e-06,-4.384098229713535e-07,6.332601015304019e-06,4.5879772921520595e-07
1743.0,1.7724248410899701e-06,1.3971554757855506e-07,-6.09771683723892e-06,-4.5527901571423217e-07,6.350089798141427e-06,4.7610374773544877e-07
1744.0,1.776916743967405e-06,1.4364265410867454e-07,-6.114383775568388e-06,-4.7205084534118264e-07,6.367348119109373e-06,4.93305584433445e-07
1745.0,1.781096301778362e-06,1.4753078584676667e-07,-6.130482221089473e-06,-4.887228982266479e-07,6.383973394313503e-06,5.104008604526218e-07
1746.0,1.7846250932040952e-06,1.5137973709876647e-07,-6.146474084811615e-06,-5.052927830548135e-07,6.4003148671416554e-06,5.273872235338583e-07
1747.0,1.787968616107083e-06,1.5518932129558668e-07,-6.163300813211148e-06,-5.217581308937516e-07,6.417406694788252e-06,5.442623480116469e-07
1748.0,1.791702927356198e-06,1.5895937070216512e-07,-6.1806577639766935e-06,-5.381165952789508e-07,6.435116920095714e-06,5.610239348096512e-07
1749.0,1.7957607605645354e-06,1.626897360891126e-07,-6.197516621064825e-06,-5.543658523073498e-07,6.4524389944855795e-06,5.776697114365007e-07
1750.0,1.8000003679241594e-06,1.6638028636625743e-07,-6.213675629807014e-06,-5.705036007428321e-07,6.469139522145484e-06,5.941974319825517e-07
1751.0,1.8040898300542008e-06,1.7003090817757456e-07,-6.229276810099105e-06,-5.865275621339986e-07,6.485262499833254e-06,6.106048771182655e-07
1752.0,1.8074063603268353e-06,1.736415054571882e-07,-6.2443107825549404e-06,-6.024354809449241e-07,6.500625731457072e-06,6.268898540948037e-07
1753.0,1.8102539096620518e-06,1.7721199894635426e-07,-6.259721787804651e-06,-6.182251246995337e-07,6.516220996725249e-06,6.430501967474328e-07
1754.0,1.8132458548536512e-06,1.807423256715777e-07,-6.275772073849328e-06,-6.338942841401662e-07,6.532470868901831e-06,6.590837655023277e-07
1755.0,1.816578750257758e-06,1.8423243838427892e-07,-6.291775428157731e-06,-6.494407734007908e-07,6.54877060174331e-06,6.749884473873411e-07
1756.0,1.820270282143488e-06,1.876823049626716e-07,-6.30763715747662e-06,-6.64862430195217e-07,6.565033923022369e-06,6.907621560472479e-07
1757.0,1.8239703978017996e-06,1.910919077767266e-07,-6.322876469955219e-06,-6.801571160204748e-07,6.580701700151027e-06,7.064028317638837e-07
1758.0,1.8274076125368577e-06,1.9446124301727732e-07,-6.33758846169119e-06,-6.953227163753987e-07,6.59579002789802e-06,7.219084414814917e-07
1759.0,1.8307477879786482e-06,1.9779031999048252e-07,-6.352468269299472e-06,-7.103571409943163e-07,6.611012825251917e-06,7.372769788375241e-07
1760.0,1.8339848900372768e-06,2.0107916037902667e-07,-6.367561914799591e-06,-7.252583240956352e-07,6.626412703393237e-06,7.525064641990715e-07
1761.0,1.8370972891534887e-06,2.0432779747160945e-07,-6.382464792897835e-06,-7.400242246450106e-07,6.641594935133842e-06,7.675949447050441e-07
1762.0,1.840432619887311e-06,2.0753627536245795e-07,-6.397534573265862e-06,-7.546528266326634e-07,6.656999387447567e-06,7.825404943141607e-07
1763.0,1.8439856516172526e-06,2.1070464812277631e-07,-6.4124974588075645e-06,-7.691421393642993e-07,6.672361406772252e-06,7.973412138587374e-07
1764.0,1.847462980042458e-06,2.138329789462272e-07,-6.426526916680775e-06,-7.834901977649596e-07,6.686805490923889e-06,8.119952311042073e-07
1765.0,1.8506570464149608e-06,2.1692133927071922e-07,-6.440121206485738e-06,-7.976950626950474e-07,6.700753141078447e-06,8.265007008142556e-07
1766.0,1.8537999349754752e-06,2.1996980787896502e-07,-6.4539372100491654e-06,-8.11754821277698e-07,6.714899828751899e-06,8.408558048214442e-07
1767.0,1.856967006025334e-06,2.2297846998047995e-07,-6.467852994740397e-06,-8.256675872366077e-07,6.7291491901308755e-06,8.550587521031942e-07
1768.0,1.859954543409481e-06,2.2594741627791787e-07,-6.481771126998215e-06,-8.394315012433658e-07,6.743351380903807e-06,8.691077788629977e-07
1769.0,1.8629239811884801e-06,2.28876742020881e-07,-6.495649957471983e-06,-8.530447312732543e-07,6.757510941884808e-06,8.830011486167108e-07
1770.0,1.8658586508069064e-06,2.3176654605058834e-07,-6.5090770762221695e-06,-8.665054729683673e-07,6.771226837803613e-06,8.967371522837429e-07
1771.0,1.8685940856022487e-06,2.346169298390398e-07,-6.522017226728849e-06,-8.798119500067995e-07,6.784419839787008e-06,9.103141082829247e-07
1772.0,1.8710711489344778e-06,2.3742799652656318e-07,-6.534676087521785e-06,-8.929624144765484e-07,6.79727142412336e-06,9.237303626328025e-07
1773.0,1.8734435382750103e-06,2.4019984996187466e-07,-6.5474466675596865e-06,-9.059551472526725e-07,6.810201799920677e-06,9.369842890560848e-07
1774.0,1.8757237850719477e-06,2.4293259374901557e-07,-6.56026398582199e-06,-9.187884583761602e-07,6.823152004869718e-06,9.50074289087925e-07
1775.0,1.8780768942794346e-06,2.456263303057316e-07,-6.5732713058763714e-06,-9.314606874328291e-07,6.8363051776148745e-06,9.629987921876748e-07
1776.0,1.8804544454353866e-06,2.4828115993802665e-07,-6.586462768576329e-06,-9.439702039304445e-07,6.849642379219507e-06,9.757562558536399e-07
1777.0,1.8826351137757324e-06,2.508971799357457e-07,-6.599420503905495e-06,-9.56315407672095e-07,6.862701068747613e-06,9.883451657402674e-07
1778.0,1.8848083338796062e-06,2.534744836941101e-07,-6.6122672298107865e-06,-9.684947291237125e-07,6.875651269072017e-06,1.0007640357770666e-06
1779.0,1.8868243987224531e-06,2.5601315986614646e-07,-6.6247198752811265e-06,-9.80506629773524e-07,6.888179711473789e-06,1.0130114082884765e-06
1780.0,1.888614288819701e-06,2.5851329155092005e-07,-6.63664378819373e-06,-9.923496024811689e-07,6.900138020598166e-06,1.0250858541138212e-06
1781.0,1.8902495263206642e-06,2.60974955522396e-07,-6.6480735296248206e-06,-1.0040221718142275e-06,6.9115790472983605e-06,1.0369859727264912e-06
1782.0,1.8919860176880299e-06,2.633982215036061e-07,-6.659405144437969e-06,-1.0155228943699724e-06,6.922953702639784e-06,1.048710392351512e-06
1783.0,1.893908666394939e-06,2.657831514905785e-07,-6.670829352406482e-06,-1.0268503590802724e-06,6.9344685654759254e-06,1.0602577700807055e-06
1784.0,1.8960271187806743e-06,2.681297991301959e-07,-6.682345992214955e-06,-1.0380031874977046e-06,6.946126027853441e-06,1.0716267919846994e-06
1785.0,1.8984540537669847e-06,2.7043820915577015e-07,-6.693840179816668e-06,-1.0489800340610728e-06,6.957846229056254e-06,1.082816173221066e-06
1786.0,1.9011028947468755e-06,2.727084168836771e-07,-6.704904362719866e-06,-1.05977958633867e-06,6.969213350847773e-06,1.0938246581378886e-06
1787.0,1.9038033786666908e-06,2.7494044777389804e-07,-6.7155664865148346e-06,-1.0704005652477838e-06,6.980207771938018e-06,1.1046510203720713e-06
1788.0,1.906330563711256e-06,2.7713431705679164e-07,-6.7259739549019315e-06,-1.080841725249132e-06,6.990909945075734e-06,1.1152940629417471e-06
1789.0,1.9085102124505315e-06,2.7929002942789554e-07,-6.7361347705352514e-06,-1.091101854515139e-06,7.001280088515384e-06,1.1257526183322033e-06
1790.0,1.9105974944921833e-06,2.814075788120551e-07,-6.746042436611699e-06,-1.1011797750712058e-06,7.011381557334169e-06,1.1360255485748543e-06
1791.0,1.912779011958854e-06,2.834869481977015e-07,-6.755588507711963e-06,-1.1110743429093997e-06,7.021160846620752e-06,1.1461117453189014e-06
1792.0,1.9150371058374027e-06,2.8552810954164873e-07,-6.7647492143496635e-06,-1.12078444807424e-06,7.030590234808063e-06,1.1560101298954648e-06
1793.0,1.917383852911847e-06,2.875310237443442e-07,-6.7737960163793964e-06,-1.1303090147205198e-06,7.039934183706866e-06,1.1657196533740817e-06
1794.0,1.9197968464668147e-06,2.8949564069508546e-07,-6.783303658275397e-06,-1.1396470011433222e-06,7.049739601721209e-06,1.175239296611579e-06
1795.0,1.922020228029009e-06,2.9142189938630786e-07,-6.792870305527554e-06,-1.1487973997805967e-06,7.059550180051891e-06,1.1845680702934017e-06
1796.0,1.923959097399619e-06,2.933097280956676e-07,-6.801886987706229e-06,-1.1577592371888094e-06,7.068754147796773e-06,1.19370501496753e-06
1797.0,1.9257514548010057e-06,2.9515904463429456e-07,-6.810370433540935e-06,-1.1665315739923286e-06,7.077405181824532e-06,1.2026492010711573e-06
1798.0,1.9274461899310147e-06,2.96969756659281e-07,-6.818675235498173e-06,-1.1751135048073338e-06,7.085857801443355e-06,1.211399728950339e-06
1799.0,1.9290197111332397e-06,2.9874176204818503e-07,-6.826917574975777e-06,-1.1835041581411674e-06,7.094217407258796e-06,1.2199557288728769e-06
1800.0,1.9305882245634898e-06,3.0047494933306436e-07,-6.835318762721254e-06,-1.1917026962681874e-06,7.102728594056824e-06,1.22831636103476e-06
1801.0,1.9321567329699807e-06,3.021691981912955e-07,-6.843634940190135e-06,-1.199708315083295e-06,7.111158051636348e-06,1.2364808155605225e-06
1802.0,1.9336784413681585e-06,3.03824379990171e-07,-6.8514813987841094e-06,-1.207520243934419e-06,7.11912281622509e-06,1.2444483124979178e-06
1803.0,1.9352137709538475e-06,3.0544035838199787e-07,-6.8589337604563205e-06,-1.2151377454353292e-06,7.1267120518242415e-06,1.2522181018073204e-06
1804.0,1.9368168149291876e-06,3.070169899461462e-07,-6.866236995139996e-06,-1.2225601152602606e-06,7.1341761856588296e-06,1.2597894633462916e-06
1805.0,1.9384279290601825e-06,3.0855412487421574e-07,-6.8734416030502565e-06,-1.2297866819219155e-06,7.141547612856938e-06,1.2671617068497648e-06
1806.0,1.9401817594466575e-06,3.100516076942076e-07,-6.88052876857137e-06,-1.2368168065345347e-06,7.148844759457837e-06,1.2743341719063333e-06
1807.0,1.9420258158542314e-06,3.115092780293144e-07,-6.88726719766386e-06,-1.2436498825638086e-06,7.155830749917224e-06,1.2813062279311422e-06
1808.0,1.9438593261977832e-06,3.1292697138667987e-07,-6.89357038330396e-06,-1.2502853355654938e-06,7.162394970232485e-06,1.288077274135893e-06
1809.0,1.9456129388972787e-06,3.143045199712455e-07,-6.899593326947784e-06,-1.2567226229146743e-06,7.1686677831565675e-06,1.2946467394964874e-06
1810.0,1.9473139899195413e-06,3.1564175351960367e-07,-6.90548881454589e-06,-1.2629612335276658e-06,7.174803658857486e-06,1.301014082718838e-06
1811.0,1.9490228883589644e-06,3.169385001486222e-07,-6.911334425985238e-06,-1.2690006875786032e-06,7.1808936607608825e-06,1.3071787922033685e-06
1812.0,1.9507077660407823e-06,3.1819458721350893e-07,-6.9170456479250575e-06,-1.2748405362127634e-06,7.1868477988594415e-06,1.3131403860087168e-06
1813.0,1.952274653216346e-06,3.194098421699363e-07,-6.922527699737557e-06,-1.2804803612586452e-06,7.192549344649974e-06,1.3188984118151117e-06
1814.0,1.953733336057528e-06,3.2058409343485703e-07,-6.92780128047632e-06,-1.285919774940769e-06,7.198020875920812e-06,1.3244524468878403e-06
1815.0,1.9551267579354104e-06,3.217171712407052e-07,-6.932919139279736e-06,-1.2911584195950663e-06,7.203324817845319e-06,1.3298020980411518e-06
1816.0,1.956425400684303e-06,3.2280890847779506e-07,-6.937976241794264e-06,-1.296195967388612e-06,7.208544560460481e-06,1.3349470016028654e-06
1817.0,1.957543350944446e-06,3.238591415198962e-07,-6.942854664793163e-06,-1.3010321200453188e-06,7.213543294891007e-06,1.3398868233798642e-06
1818.0,1.9584943285744227e-06,3.248677110281783e-07,-6.947535740653432e-06,-1.3056666085790546e-06,7.218306789179511e-06,1.3446212586245685e-06
1819.0,1.9593750798518883e-06,3.2583446272896215e-07,-6.9518633729059864e-06,-1.310099193035482e-06,7.222711060197299e-06,1.3491500320023854e-06
1820.0,1.960314433974153e-06,3.267592481609984e-07,-6.956035311367348e-06,-1.3143296622437412e-06,7.226981384577993e-06,1.3534728975600504e-06
1821.0,1.961116065180013e-06,3.276419253882846e-07,-6.960028611557867e-06,-1.3183578335789267e-06,7.231042421035245e-06,1.357589638694679e-06
1822.0,1.961793826305014e-06,3.284823596747478e-07,-6.963929937930935e-06,-1.3221835527361238e-06,7.234981354318698e-06,1.3615000681232658e-06
1823.0,1.9624346609681265e-06,3.2928042411742656e-07,-6.967733299279022e-06,-1.3258066935165881e-06,7.2388160032184e-06,1.3652040278522686e-06
1824.0,1.963046336178609e-06,3.3003600023510903e-07,-6.971293583513116e-06,-1.3292271576264616e-06,7.2424087944216045e-06,1.3687013891468285e-06
1825.0,1.963637764390569e-06,3.307489785096946e-07,-6.9746086935329465e-06,-1.332444874488234e-06,7.245760118693286e-06,1.3719920524990794e-06
1826.0,1.964197463955042e-06,3.3141925887785716e-07,-6.977721028256223e-06,-1.3354598010649701e-06,7.2489076711996064e-06,1.3750759475949056e-06
1827.0,1.9647688793977824e-06,3.320467511708915e-07,-6.980670234246755e-06,-1.3382719216971586e-06,7.251901382999404e-06,1.3779530332784337e-06
1828.0,1.965414306581703e-06,3.326313755009121e-07,-6.9834542001934174e-06,-1.3408812479518778e-06,7.254756092572315e-06,1.3806232975134628e-06
1829.0,1.9660184065461994e-06,3.3317306259186327e-07,-6.985903997225318e-06,-1.3432878184838303e-06,7.257277935515983e-06,1.383086757340985e-06
1830.0,1.9664806105157417e-06,3.336717540540761e-07,-6.987930325053071e-06,-1.3454916989076678e-06,7.259353705346688e-06,1.3853434588318986e-06
1831.0,1.9668552733442812e-06,3.3412740260138824e-07,-6.98970722523562e-06,-1.347492981680917e-06,7.261165661296623e-06,1.3873934770339796e-06
1832.0,1.9672212904220387e-06,3.3453997221012265e-07,-6.991431552583194e-06,-1.349291785996701e-06,7.262924669852056e-06,1.3892369159121532e-06
1833.0,1.967597644370045e-06,3.3490943821950605e-07,-6.993200376337327e-06,-1.3508882576853593e-06,7.264729313177132e-06,1.3908739082810844e-06
1834.0,1.9679174105280417e-06,3.3523578737338795e-07,-6.994809325588935e-06,-1.3522825691239537e-06,7.2663647332077495e-06,1.392304615729085e-06
1835.0,1.9681700592355522e-06,3.355190178034025e-07,-6.99612580556952e-06,-1.3534749191525367e-06,7.267700438888978e-06,1.3935292285322954e-06
1836.0,1.9684158299726473e-06,3.357591389539912e-07,-6.997227875227274e-06,-1.3544655329959488e-06,7.2688278847104714e-06,1.3945479655580719e-06
1837.0,1.9686610319702424e-06,3.3595617144997697e-07,-6.99813647075942e-06,-1.3552546621898091e-06,7.269768931827974e-06,1.3953610741564898e-06
1838.0,1.968838654942129e-06,3.3611014690764976e-07,-6.998862231377689e-06,-1.3558425845092757e-06,7.27051567517734e-06,1.3959688300388583e-06
1839.0,1.9688667226291923e-06,3.362211076905932e-07,-6.9992790673878424e-06,-1.3562296038990924e-06,7.270924537818436e-06,1.396371537142161e-06
1840.0,1.9688425320074643e-06,3.362891066117433e-07,-6.999406705343603e-06,-1.356416050403384e-06,7.271040856895975e-06,1.3965695274783536e-06
1841.0,1.9688007552309816e-06,3.363142065834363e-07,-6.9992984897404575e-06,-1.3564022800936366e-06,7.270925371799736e-06,1.3965631609674987e-06
1842.0,1.9687659836842286e-06,3.3629648021745644e-07,-6.9990828279742345e-06,-1.3561886749932696e-06,7.270708351416383e-06,1.3963528252537666e-06
1843.0,1.9686587908462894e-06,3.362360093773431e-07,-6.998640675159873e-06,-1.3557756429972057e-06,7.2702536912255415e-06,1.3959389355033776e-06
1844.0,1.968483482633898e-06,3.3613288468545264e-07,-6.997998617364054e-06,-1.3551636177848258e-06,7.269588149959507e-06,1.3953219341836375e-06
1845.0,1.9682587629465953e-06,3.3598720498749547e-07,-6.997288054921835e-06,-1.354353058724697e-06,7.268843283595256e-06,1.3945022908222498e-06
1846.0,1.9679746610934412e-06,3.3579907677748065e-07,-6.9964399546096345e-06,-1.3533444507694449e-06,7.267949938267593e-06,1.3934805017461555e-06
1847.0,1.967633777438804e-06,3.3556861358619903e-07,-6.995428496914258e-06,-1.3521383043391484e-06,7.2668839634026195e-06,1.3922570897991939e-06
1848.0,1.967205123160065e-06,3.3529593533656453e-07,-6.9940790332068126e-06,-1.3507351551916312e-06,7.26546884373819e-06,1.3908326040379382e-06
1849.0,1.9667822486746367e-06,3.3498116766929817e-07,-6.992465297006589e-06,-1.3491355642780455e-06,7.263800888208811e-06,1.3892076194051193e-06
1850.0,1.9663744028342034e-06,3.346244412425933e-07,-6.990562889330754e-06,-1.3473401175821737e-06,7.261859114704024e-06,1.3873827363801212e-06
1851.0,1.9659681332051537e-06,3.342258910095284e-07,-6.988539134611393e-06,-1.345349425941922e-06,7.259800957104342e-06,1.3853585806061203e-06
1852.0,1.965438590018076e-06,3.3378565547710543e-07,-6.986295715716295e-06,-1.3431641248515409e-06,7.2574979626981716e-06,1.3831358024935193e-06
1853.0,1.9648201361743833e-06,3.333038759508811e-07,-6.983911007507615e-06,-1.340784874243168e-06,7.25503488126021e-06,1.380715076799421e-06
1854.0,1.964106678353783e-06,3.327806957692323e-07,-6.9813640746207994e-06,-1.3382123582463537e-06,7.252389908599776e-06,1.3780971021829624e-06
1855.0,1.963378210761979e-06,3.32216259531354e-07,-6.978733440132778e-06,-1.3354472849242954e-06,7.2496602973465175e-06,1.3752826007364091e-06
1856.0,1.9626496678137872e-06,3.316107123231229e-07,-6.976046729723073e-06,-1.3324903859855706e-06,7.246876685431425e-06,1.372272317491985e-06
1857.0,1.961830180308155e-06,3.309641989449759e-07,-6.9732079389095425e-06,-1.3293424164702209e-06,7.243922046491044e-06,1.3690670199044743e-06
1858.0,1.960896074598706e-06,3.302768631459403e-07,-6.970200323752618e-06,-1.3260041544091312e-06,7.2407738515035606e-06,1.3656674973097166e-06
1859.0,1.9599001944980987e-06,3.29548846867913e-07,-6.966931560326017e-06,-1.3224764004557342e-06,7.237357538401734e-06,1.3620745603591916e-06
1860.0,1.9588357368371945e-06,3.28780289504224e-07,-6.963313291474815e-06,-1.3187599774892e-06,7.233586208730794e-06,1.3582890404309973e-06
1861.0,1.95770112326743e-06,3.2797132717642017e-07,-6.9594424019214784e-06,-1.3148557301884227e-06,7.229552699420979e-06,1.3543117890176411e-06
1862.0,1.9564990959286543e-06,3.2712209203307865e-07,-6.9552885924584196e-06,-1.3107645245763007e-06,7.225228585778575e-06,1.3501436770912127e-06
1863.0,1.9553907980585095e-06,3.2623271157429376e-07,-6.950949814732432e-06,-1.3064872475340142e-06,7.2207517960431746e-06,1.3457855944466573e-06
1864.0,1.9544338816790408e-06,3.253033080052763e-07,-6.946391604201185e-06,-1.3020248062852235e-06,7.216104774514552e-06,1.341238449024027e-06
1865.0,1.953554535000235e-06,3.2433399762226205e-07,-6.9416679177036755e-06,-1.297378127850342e-06,7.21131949097365e-06,1.3365031662107406e-06
1866.0,1.9526673018521734e-06,3.23324890233647e-07,-6.936863715278907e-06,-1.2925481584712607e-06,7.206454592660369e-06,1.3315806881250275e-06
1867.0,1.9517270574420653e-06,3.222760886189662e-07,-6.931902250428834e-06,-1.2875358630071262e-06,7.201423978370653e-06,1.3264719728818556e-06
1868.0,1.9507387814254873e-06,3.211876880280156e-07,-6.926823224950862e-06,-1.282342224301978e-06,7.196267211761669e-06,1.3211779938427652e-06
1869.0,1.949713374166384e-06,3.200597757220998e-07,-6.921526414960244e-06,-1.2769682425252684e-06,7.190890776141414e-06,1.3156997388511454e-06
1870.0,1.948723703903976e-06,3.188924305590725e-07,-6.915918627059536e-06,-1.2714149344864847e-06,7.1852247376311265e-06,1.3100382094545962e-06
1871.0,1.9477447850413387e-06,3.1768572262353195e-07,-6.909945788280414e-06,-1.2656833329253059e-06,7.1792103009056615e-06,1.3041944201161386e-06
1872.0,1.9466795717348884e-06,3.164397129032351e-07,-6.903623676557391e-06,-1.25977448577893e-06,7.172836344329468e-06,1.2981693974161549e-06
1873.0,1.9456018562902244e-06,3.1515445301251096e-07,-6.8970850247707105e-06,-1.2536894554284125e-06,7.166250653034428e-06,1.2919641792470544e-06
1874.0,1.944577416618243e-06,3.1382998496318355e-07,-6.890459356367895e-06,-1.2474293179260438e-06,7.159595761701881e-06,1.285579814002771e-06
1875.0,1.943591092373742e-06,3.1246634098326777e-07,-6.883729838202957e-06,-1.2409951622059583e-06,7.152851376879032e-06,1.2790173597652887e-06
1876.0,1.942633858498244e-06,3.110635433834732e-07,-6.87697294188272e-06,-1.2343880892802795e-06,7.146088661048843e-06,1.2722778834904348e-06
1877.0,1.9416364898661165e-06,3.0962160447135137e-07,-6.87013958322602e-06,-1.2276092114231948e-06,7.139241566986553e-06,1.265362460195213e-06
1878.0,1.9405628411128806e-06,3.08140526512755e-07,-6.863195413153722e-06,-1.2206596513453814e-06,7.132267200508011e-06,1.2582721721489297e-06
1879.0,1.9393468074502263e-06,3.0662030174015116e-07,-6.856126626653136e-06,-1.2135405413612097e-06,7.1251342696309585e-06,1.2510081080703382e-06
1880.0,1.937946144475733e-06,3.0506091240724225e-07,-6.848855006402754e-06,-1.2062530225511326e-06,7.117755977667149e-06,1.243571362332975e-06
1881.0,1.9363934427030216e-06,3.034623308893101e-07,-6.841418958070111e-06,-1.1987982439216222e-06,7.110178121874612e-06,1.2359630341808206e-06
1882.0,1.934743040610254e-06,3.018245198286954e-07,-6.833828143260057e-06,-1.1911773615649833e-06,7.102424777834891e-06,1.2281842269563698e-06
1883.0,1.9330183593790906e-06,3.001474323248518e-07,-6.82609536406531e-06,-1.1833915378213112e-06,7.094514634350298e-06,1.2202360473431531e-06
1884.0,1.9312153884398775e-06,2.984310121684625e-07,-6.818223615090435e-06,-1.175441940444809e-06,7.086449473602692e-06,1.2121196046247145e-06
1885.0,1.929262414296362e-06,2.966751941191653e-07,-6.810179545679862e-06,-1.1673297417766335e-06,7.0781776544258194e-06,1.2038360099620044e-06
1886.0,1.9270688856320994e-06,2.9487990422649023e-07,-6.80195527974492e-06,-1.1590561179263614e-06,7.069666902876056e-06,1.1953863756911186e-06
1887.0,1.924705428091311e-06,2.9304506019366696e-07,-6.793705752405899e-06,-1.150622247964126e-06,7.061085528103817e-06,1.186771814643251e-06
1888.0,1.9222668314888836e-06,2.9117057178399806e-07,-6.785469198467009e-06,-1.1420293131254119e-06,7.052496154893445e-06,1.1779934394887048e-06
1889.0,1.9198642993156767e-06,2.8925634126950645e-07,-6.777096775711922e-06,-1.1332784960304336e-06,7.0437858879406466e-06,1.1690523621067407e-06
1890.0,1.9175382047487144e-06,2.8730226392154023e-07,-6.768640039234164e-06,-1.1243709799199956e-06,7.035015333842193e-06,1.1599496929830012e-06
1891.0,1.915207683833575e-06,2.853082285429451e-07,-6.759933741773416e-06,-1.1153079479096874e-06,7.026003463234409e-06,1.1506865406361926e-06
1892.0,1.9128548151559066e-06,2.832741180412909e-07,-6.750905447217015e-06,-1.1060905822642745e-06,7.016675701579025e-06,1.141264011075679e-06
1893.0,1.9104812563341955e-06,2.81199810042468e-07,-6.741534712861874e-06,-1.0967200636941717e-06,7.007012838258962e-06,1.1316832072916162e-06
1894.0,1.9082403249770508e-06,2.790851775437532e-07,-6.7319393495246516e-06,-1.087197570675942e-06,6.997170038204511e-06,1.1219452287792482e-06
1895.0,1.9060376338086993e-06,2.769300896051953e-07,-6.722069041398271e-06,-1.077524278798853e-06,6.98707318258655e-06,1.1120511710990117e-06
1896.0,1.9037876970440237e-06,2.747344120778894e-07,-6.712045776458009e-06,-1.0677013601396192e-06,6.9768163298659354e-06,1.102002125474096e-06
1897.0,1.90159142732238e-06,2.724980083674032e-07,-6.702059371421765e-06,-1.0577299826675507e-06,6.9666096327071655e-06,1.0917991784271262e-06
1898.0,1.8995364714502472e-06,2.702207402303033e-07,-6.6919420498856574e-06,-1.0476113096824138e-06,6.956315634399974e-06,1.0814434114576235e-06
1899.0,1.8976228743916579e-06,2.679024686014028e-07,-6.681687223286659e-06,-1.0373464992873805e-06,6.9459280678140225e-06,1.0709359007618693e-06
1900.0,1.895735904089424e-06,2.655430544490356e-07,-6.671137596891974e-06,-1.02693670389948e-06,6.935264339210105e-06,1.0602777169967595e-06
1901.0,1.8938125232459413e-06,2.631423596553568e-07,-6.660335089281322e-06,-1.016383069800002e-06,6.924347577549469e-06,1.049469925089181e-06
1902.0,1.891856384106383e-06,2.6070024791839467e-07,-6.64949572409812e-06,-1.0056867367273164e-06,6.913386576988391e-06,1.038513584092377e-06
1903.0,1.8897996542921458e-06,2.582165856723483e-07,-6.6385777512945054e-06,-9.948488375145774e-07,6.902322601367247e-06,1.0274097470907121e-06
1904.0,1.8877109495274436e-06,2.5569124302244134e-07,-6.627503081668706e-06,-9.838704977747571e-07,6.891099311901839e-06,1.0161594611541743e-06
1905.0,1.8855488852498326e-06,2.531240946905183e-07,-6.616208402199231e-06,-9.727528356354155e-07,6.879644483546993e-06,1.0047637673438745e-06
1906.0,1.883247068762417e-06,2.5051502096749875e-07,-6.60465946400457e-06,-9.614969615255415e-07,6.867906970647416e-06,9.932237007697235e-07
1907.0,1.8808258075431183e-06,2.4786390866879015e-07,-6.592947064787413e-06,-9.501039780167192e-07,6.855979632219541e-06,9.81540290701375e-07
1908.0,1.878315092879168e-06,2.4517065208879727e-07,-6.5812661901309966e-06,-9.385749797207519e-07,6.84405817139941e-06,9.697145607334218e-07
1909.0,1.87562491008042e-06,2.424351539507494e-07,-6.56960532008366e-06,-9.269110532457383e-07,6.832106766216825e-06,9.57747529005718e-07
1910.0,1.8726781086386701e-06,2.3965732634819016e-07,-6.557975923027204e-06,-9.151132772124235e-07,6.820115212045835e-06,9.456402084795684e-07
1911.0,1.8695384965405903e-06,2.3683709167463078e-07,-6.546303340959625e-06,-9.031827223324413e-07,6.808029202486311e-06,9.333936072703741e-07
1912.0,1.866365530317493e-06,2.339743835380433e-07,-6.534516325207296e-06,-8.911204515498436e-07,6.795824004280714e-06,9.210087290371534e-07
1913.0,1.8632230132931138e-06,2.310691476570534e-07,-6.522578105350174e-06,-8.789275202470854e-07,6.783481785754167e-06,9.084865734291894e-07
1914.0,1.8600254332312716e-06,2.2812134273586912e-07,-6.510492329303563e-06,-8.666049765164028e-07,6.770982571398904e-06,8.958281365898837e-07
1915.0,1.856699309077392e-06,2.2513094131514216e-07,-6.4982174524663705e-06,-8.541538614973172e-07,6.758266226175689e-06,8.830344117177392e-07
1916.0,1.8533496110306746e-06,2.2209793059609517e-07,-6.485818477730554e-06,-8.415752097808005e-07,6.745424086503282e-06,8.701063896842456e-07
1917.0,1.8500175129054774e-06,2.1902231323536085e-07,-6.473333566903161e-06,-8.28870049880469e-07,6.732504160151123e-06,8.57045059708305e-07
1918.0,1.8467436430080753e-06,2.1590410810806935e-07,-6.4605177216847665e-06,-8.160394047710176e-07,6.7192820535525715e-06,8.438514100867141e-07
1919.0,1.8435733130928167e-06,2.1274335103678017e-07,-6.447398126496751e-06,-8.030842924939636e-07,6.705796385389422e-06,8.305264289800987e-07
1920.0,1.8404578165376329e-06,2.0954009548389442e-07,-6.434037334357434e-06,-7.900057268306518e-07,6.6920939469167485e-06,8.170711052535874e-07
1921.0,1.8374796850739727e-06,2.062944132052034e-07,-6.420495350656363e-06,-7.768047180423402e-07,6.678255171888801e-06,8.034864293713981e-07
1922.0,1.8346366456589713e-06,2.030063948622393e-07,-6.406828942373544e-06,-7.634822736770683e-07,6.66433407914325e-06,7.897733943443954e-07
1923.0,1.8319088317397814e-06,1.996761505911079e-07,-6.393271912541465e-06,-7.500393994428654e-07,6.650550031049899e-06,7.759329967295393e-07
1924.0,1.8292066979175292e-06,1.963038105255142e-07,-6.379698594349836e-06,-7.364771001466821e-07,6.636757589249108e-06,7.619662376799911e-07
1925.0,1.8264872444218039e-06,1.9288952527175543e-07,-6.366052568262948e-06,-7.22796380698225e-07,6.622890679750257e-06,7.478741240444635e-07
1926.0,1.8237186482639167e-06,1.8943346633356792e-07,-6.352275987164813e-06,-7.08998247177646e-07,6.608884922975756e-06,7.336576695142113e-07
1927.0,1.8208345331227616e-06,1.8593582648488733e-07,-6.3380507505650385e-06,-6.950837079657863e-07,6.594416252690638e-06,7.193178958158631e-07
1928.0,1.8179263013284874e-06,1.8239682008882138e-07,-6.323649176465107e-06,-6.810537749354097e-07,6.579771648322585e-06,7.048558339481102e-07
1929.0,1.8149891880536728e-06,1.7881668336144957e-07,-6.309306370466672e-06,-6.669094647015882e-07,6.5651757500590235e-06,6.902725254600912e-07
1930.0,1.8118380350207186e-06,1.7519567457944765e-07,-6.2949634285769385e-06,-6.526517999291225e-07,6.550520714589708e-06,6.755690237691463e-07
1931.0,1.8083379451638848e-06,1.7153407423098674e-07,-6.280542215131302e-06,-6.382818106945661e-07,6.535694044243957e-06,6.607463955154413e-07
1932.0,1.804476265188093e-06,1.6783218510987484e-07,-6.266030818602442e-06,-6.238005359000989e-07,6.5206807015297686e-06,6.458057219507908e-07
1933.0,1.8002989653209678e-06,1.6409033235347418e-07,-6.251544427571254e-06,-6.092090247361394e-07,6.505604053001761e-06,6.307481003588242e-07
1934.0,1.7959268354406088e-06,1.6030886342553444e-07,-6.237068386372169e-06,-5.94508338189225e-07,6.490483437660006e-06,6.15574645503463e-07
1935.0,1.7914489575110437e-06,1.564881480456922e-07,-6.22268720323893e-06,-5.796995505913182e-07,6.475424727129561e-06,6.002864911024822e-07
1936.0,1.786931533270808e-06,1.5262857806798158e-07,-6.208564141407802e-06,-5.647837512063384e-07,6.460603145417025e-06,5.848847913227603e-07
1937.0,1.7822004734213692e-06,1.4873056731124946e-07,-6.194357653921401e-06,-5.497620458493687e-07,6.445642347521152e-06,5.693707222936249e-07
1938.0,1.7772834860207976e-06,1.4479455134485647e-07,-6.180038829073364e-06,-5.346355585336837e-07,6.4305222586145145e-06,5.537454836345497e-07
1939.0,1.7722700447475592e-06,1.4082098723344955e-07,-6.165525725299048e-06,-5.194054331404755e-07,6.415188896738261e-06,5.380102999933176e-07
1940.0,1.767182475687079e-06,1.3681035324491418e-07,-6.150463699561293e-06,-5.040728351059825e-07,6.3993075892628176e-06,5.2216642259068e-07
1941.0,1.7621667193767898e-06,1.3276314852583116e-07,-6.134978686456183e-06,-4.88638953120609e-07,6.38303963877327e-06,5.062151307674929e-07
1942.0,1.7573991447916715e-06,1.2867989274887095e-07,-6.119581349495196e-06,-4.7310500083460327e-07,6.366924504594344e-06,4.901577335303232e-07
1943.0,1.752952974415356e-06,1.2456112573655063e-07,-6.104510662796603e-06,-4.5747221856489546e-07,6.351212054616745e-06,4.7399557109154844e-07
1944.0,1.7484789996968786e-06,1.2040740706565482e-07,-6.089185776325667e-06,-4.4174187499777327e-07,6.335247606130941e-06,4.577300164000123e-07
1945.0,1.7439261036922282e-06,1.1621931565639534e-07,-6.0734532970618815e-06,-4.259152688821914e-07,6.3188696146329046e-06,4.4136247665834615e-07
1946.0,1.739595562350038e-06,1.1199744935007698e-07,-6.057512265844611e-06,-4.0999373070865096e-07,6.302352542615009e-06,4.2489439482312665e-07
1947.0,1.7356496048448466e-06,1.0774242447866217e-07,-6.041588350436111e-06,-3.9397862436876143e-07,6.2859581089061835e-06,4.083272510840939e-07
1948.0,1.7320771203699348e-06,1.0345487542920667e-07,-6.025761032257826e-06,-3.7787134879081013e-07,6.269759737724078e-06,3.9166256431875463e-07
1949.0,1.7286551159401142e-06,9.913545420568946e-08,-6.0097985125073805e-06,-3.6167333954689553e-07,6.253473168632121e-06,3.7490189351878395e-07
1950.0,1.724943740261109e-06,9.478482999030148e-08,-5.993279264648876e-06,-3.4538607042742985e-07,6.236571754669079e-06,3.580468391847588e-07
1951.0,1.721029912554739e-06,9.040368870582356e-08,-5.9764791092153935e-06,-3.290110549790814e-07,6.219344539643724e-06,3.4109904468588686e-07
1952.0,1.717286174263144e-06,8.599273258034108e-08,-5.959627089713315e-06,-3.125498480024972e-07,6.202114708126587e-06,3.240601975815573e-07
1953.0,1.7137675603906555e-06,8.155267971521931e-08,-5.9426549099406145e-06,-2.960040470064316e-07,6.1848319807160995e-06,3.0693203090170926e-07
1954.0,1.710370295560093e-06,7.708426365700929e-08,-5.925682464880122e-06,-2.7937529361516136e-07,6.167582931953334e-06,2.897163243832073e-07
1955.0,1.7066294178968988e-06,7.25882329737659e-08,-5.908514138674992e-06,-2.6266527492630006e-07,6.150050674340285e-06,2.7241490565957513e-07
1956.0,1.7022850216930063e-06,6.806535083614775e-08,-5.891094098486871e-06,-2.4587572481632173e-07,6.1321092596517876e-06,2.5502965140159376e-07
1957.0,1.6975698484689161e-06,6.351639460363406e-08,-5.874211806311536e-06,-2.290084251912357e-07,6.114581566701078e-06,2.3756248840640137e-07
1958.0,1.6928712283093006e-06,5.894215541624195e-08,-5.85773892136654e-06,-2.120652071799646e-07,6.09745178468267e-06,2.2001539463283976e-07
1959.0,1.6883032749048787e-06,5.434343779223052e-08,-5.8413154988556926e-06,-1.950479522680201e-07,6.08040580103222e-06,2.0239040018086575e-07
1960.0,1.6838430871302101e-06,4.972105923241388e-08,-5.825219190680464e-06,-1.7795859336909965e-07,6.063703996861007e-06,1.8468958821291924e-07
1961.0,1.6789380239690121e-06,4.507584983184671e-08,-5.808694034159512e-06,-1.60799115832243e-07,6.046466676564858e-06,1.6691509581518256e-07
1962.0,1.6736603592748533e-06,4.040865189978328e-08,-5.791786144015987e-06,-1.4357155838222705e-07,6.0287582250595856e-06,1.4906911479675218e-07
1963.0,1.6680875477015356e-06,3.5720319588937744e-08,-5.774280440518087e-06,-1.2627801399098168e-07,6.010393553882031e-06,1.3115389242487526e-07
1964.0,1.662448034345232e-06,3.101171853518747e-08,-5.756308158522128e-06,-1.0892063067795808e-07,5.991562157131205e-06,1.1317173209457979e-07
1965.0,1.6573903560412884e-06,2.6283725508932316e-08,-5.738994522885843e-06,-9.150161223758826e-08,5.973525000032424e-06,9.512499393124811e-08
1966.0,1.6523511104371558e-06,2.1537228079341347e-08,-5.722298260790737e-06,-7.402321889219605e-08,5.956086095550634e-06,7.701609532489993e-08
1967.0,1.64686245066048e-06,1.6773124292657282e-08,-5.705501955055592e-06,-5.648776786893748e-08,5.938426432190486e-06,5.884751139514558e-08
1968.0,1.6412390167752644e-06,1.19923223656003e-08,-5.688521629521048e-06,-3.8897633899563126e-08,5.920552663368027e-06,4.06217753859389e-08
1969.0,1.6356961728969388e-06,7.195740394711719e-09,-5.6708808789940335e-06,-2.125524964200565e-08,5.902066749348895e-06,2.234147898941134e-08
1970.0,1.6306942130783764e-06,2.384306082217784e-09,-5.6528078204443055e-06,-3.5631060230531705e-09,5.883315380926269e-06,4.009272598239836e-09
1971.0,1.6262418821022528e-06,-2.441043521334418e-09,-5.634975570545375e-06,1.4176247498339582e-08,5.864947769566806e-06,-1.4372134513807804e-08
1972.0,1.621973523435738e-06,-7.279362257812872e-09,-5.617286600867466e-06,3.196020274722845e-08,5.846768925399029e-06,-3.2799974083305996e-08
1973.0,1.6178169469915904e-06,-1.2129695086196265e-08,-5.5998245333532815e-06,4.978609272814307e-08,5.828839205049191e-06,-5.1271418820547144e-08
1974.0,1.6134595544059493e-06,-1.6991078292280896e-08,-5.581814166766286e-06,6.765119159931856e-08,5.810327110070194e-06,-6.978358244464783e-08
1975.0,1.6089768365146195e-06,-2.1862539684893937e-08,-5.563367213634596e-06,8.555271472488134e-08,5.791360912098723e-06,-8.833351979001202e-08
1976.0,1.6047045582334718e-06,-2.6743098780508596e-08,-5.544660192036144e-06,1.034878188038833e-07,5.772203510303978e-06,-1.0691822698360688e-07
1977.0,1.6004427478844008e-06,-3.163176697849774e-08,-5.525592739363816e-06,1.2145360207481245e-07,5.752703026453381e-06,-1.2553464169235e-07
1978.0,1.5963073463076682e-06,-3.652754772954361e-08,-5.506965336632419e-06,1.3944710459397007e-07,5.733660642447095e-06,-1.4417964343974905e-07
1979.0,1.5923447961585513e-06,-4.1429436699942566e-08,-5.489272249470378e-06,1.5746530858593623e-07,5.7155639948004084e-06,-1.6285005399083716e-07
1980.0,1.588548149716873e-06,-4.633642193469451e-08,-5.471794175093692e-06,1.7550513886424779e-07,5.6977203089093586e-06,-1.8154263780439856e-07
1981.0,1.5846912874151187e-06,-5.124748402234579e-08,-5.4540877821862566e-06,1.9356346332041246e-07,5.679640834789008e-06,-2.002541025514941e-07
1982.0,1.580585136690127e-06,-5.6161596264539415e-08,-5.4361711357975295e-06,2.1163709347942208e-07,5.66129013494309e-06,-2.1898109969933378e-07
1983.0,1.5758168724899768e-06,-6.107772485311636e-08,-5.417700502163836e-06,2.2972278511999853e-07,5.6422227487728954e-06,-2.377202251595771e-07
1984.0,1.5704480845202262e-06,-6.599482905739501e-08,-5.399142263162737e-06,2.4781723895786307e-07,5.62290355279577e-06,-2.5646802000014064e-07
1985.0,1.5651709033837058e-06,-7.091186142394596e-08,-5.381031450035767e-06,2.659171013903792e-07,5.604039562946803e-06,-2.75220971219557e-07
1986.0,1.5605559755549336e-06,-7.582776799080864e-08,-5.363403977165504e-06,2.840189653009807e-07,5.585824663835677e-06,-2.9397551258288637e-07
1987.0,1.555854718782168e-06,-8.074148851769164e-08,-5.345123610334124e-06,3.0211937092188737e-07,5.5669588031265365e-06,-3.1272802551816293e-07
1988.0,1.550557973989397e-06,-8.565195673329923e-08,-5.326849822573365e-06,3.2021480675373534e-07,5.547932863955006e-06,-3.3147484007235543e-07
1989.0,1.5447804221080386e-06,-9.055810060052986e-08,-5.308990959185245e-06,3.3830171054088757e-07,5.5291709647323215e-06,-3.502122359258497e-07
1990.0,1.5386253551796791e-06,-9.545884259990647e-08,-5.290962723558668e-06,3.5637647030134486e-07,5.510141062231451e-06,-3.689364434645026e-07
1991.0,1.5328082888788064e-06,-1.0035310003122991e-07,-5.273178645681664e-06,3.744354254103448e-07,5.49144009160882e-06,-3.87643644908372e-07
1992.0,1.5278089404158202e-06,-1.0523978533312311e-07,-5.256182229684825e-06,3.924748677369153e-07,5.473723759020823e-06,-4.063299754963081e-07
1993.0,1.523020186244839e-06,-1.1011780641988354e-07,-5.239050910654797e-06,4.1049104283282205e-07,5.45593666863373e-06,-4.249915247256928e-07
1994.0,1.5180166387518401e-06,-1.1498606703489964e-07,-5.22135559888337e-06,4.2848015117352513e-07,5.437548050869818e-06,-4.4362433764672983e-07
1995.0,1.5129891489662484e-06,-1.198434671197973e-07,-5.203562313205179e-06,4.464383494508827e-07,5.419058674004079e-06,-4.6222441621079034e-07
1996.0,1.508178460091214e-06,-1.2468890319844227e-07,-5.185673138230484e-06,4.6436175191743145e-07,5.400537766190355e-06,-4.807877206723881e-07
1997.0,1.5035435721177937e-06,-1.2952126877490863e-07,-5.1674626703190896e-06,4.822464317821014e-07,5.381757493830248e-06,-4.993101710443839e-07
1998.0,1.4989699233247666e-06,-1.3433945474452325e-07,-5.149502789458804e-06,5.000884226572207e-07,5.363235013466804e-06,-5.177876486060193e-07
1999.0,1.4944201350564068e-06,-1.3914234981710593e-07,-5.131510732614419e-06,5.178837200566613e-07,5.344688385584232e-06,-5.362159974633757e-07
2000.0,1.4900883447688251e-06,-1.439288409515371e-07,-5.113810358559068e-06,5.356282829449698e-07,5.326482860060841e-06,-5.545910261618522e-07
2001.0,1.4860189486987085e-06,-1.4869781380078636e-07,-5.096358426215364e-06,5.5331803533735e-07,5.3085894100361495e-06,-5.729085093502795e-07
2002.0,1.4821138462628447e-06,-1.534481531665199e-07,-5.078757458198968e-06,5.709488679504081e-07,5.290599093911358e-06,-5.91164189496325e-07
2003.0,1.4781755027781784e-06,-1.5817874346235743e-07,-5.0615452467650535e-06,5.885166399036378e-07,5.272972890321306e-06,-6.093537786528936e-07
2004.0,1.473513093985801e-06,-1.6288846918475703e-07,-5.044251786268106e-06,6.060171804716916e-07,5.255065834165789e-06,-6.274729602752737e-07
2005.0,1.4684182208513086e-06,-1.675762153903593e-07,-5.027269336710383e-06,6.23446290887565e-07,5.23733606475244e-06,-6.45517391088811e-07
2006.0,1.4633074707226523e-06,-1.7224086817841617e-07,-5.010774224489811e-06,6.407997461968836e-07,5.220069643470688e-06,-6.63482703006898e-07
2007.0,1.4581403287861061e-06,-1.7688131517668696e-07,-4.9942045630690934e-06,6.580732971635355e-07,5.202715871178495e-06,-6.813645050990481e-07
2008.0,1.4532356763796717e-06,-1.814964460289323e-07,-4.9772147242554965e-06,6.752626722269134e-07,5.185032337647317e-06,-6.991583856087774e-07
2009.0,1.448424286870642e-06,-1.8608515288191123e-07,-4.960257494190934e-06,6.923635795110167e-07,5.1674062471876595e-06,-7.168599140209415e-07
2010.0,1.443333745215769e-06,-1.906463308696053e-07,-4.943595531714529e-06,7.093717088856026e-07,5.149985347674926e-06,-7.344646431780592e-07
2011.0,1.4380890373533184e-06,-1.9517887859226308e-07,-4.926986442832515e-06,7.26282734079467e-07,5.13257201481004e-06,-7.519681114450236e-07
2012.0,1.432981904359032e-06,-1.9968169858778082e-07,-4.910896162113598e-06,7.43092314845803e-07,5.1156952854213774e-06,-7.693658449214491e-07
2013.0,1.427478870164034e-06,-2.0415369779290956e-07,-4.894452413306549e-06,7.597960991794245e-07,5.098368400859935e-06,-7.866533597007402e-07
2014.0,1.421709253407455e-06,-2.0859378799181985e-07,-4.877517564005895e-06,7.763897255854667e-07,5.08049552587249e-06,-8.038261641748159e-07
2015.0,1.416505067963758e-06,-2.1300088624967492e-07,-4.861549848356184e-06,7.928688253989696e-07,5.063709463981819e-06,-8.208797613832555e-07
2016.0,1.411935253436969e-06,-2.1737391532907027e-07,-4.845912111639539e-06,8.092290251545204e-07,5.047417691615475e-06,-8.378096514054761e-07
2017.0,1.408049830592395e-06,-2.217118040875167e-07,-4.8302269806121956e-06,8.254659490048937e-07,5.031271907745126e-06,-8.546113337944064e-07
2018.0,1.4046700245740062e-06,-2.260134878545576e-07,-4.814731121904892e-06,8.41575221187371e-07,5.015449496722729e-06,-8.71280310049998e-07
2019.0,1.4010353640570017e-06,-2.3027790878759593e-07,-4.799028303026365e-06,8.575524685361424e-07,4.999357233143721e-06,-8.878120861307835e-07
2020.0,1.397025294974652e-06,-2.3450401620602213e-07,-4.783111480333169e-06,8.733933230388908e-07,4.982954455751524e-06,-9.042021750015404e-07
2021.0,1.3931441183723248e-06,-2.386907669037286e-07,-4.767261541582801e-06,8.89093424435302e-07,4.966652105836468e-06,-9.204460992149248e-07
2022.0,1.3897143864016748e-06,-2.428371254405451e-07,-4.7516020278970394e-06,9.046484228548834e-07,4.9506593406623164e-06,-9.365393935247089e-07
2023.0,1.3867429561886802e-06,-2.46942064413528e-07,-4.735967037816646e-06,9.200539814910828e-07,4.934819126353538e-06,-9.524776075280068e-07
2024.0,1.383738227972442e-06,-2.510045647093842e-07,-4.71961871006954e-06,9.353057793083425e-07,4.91828549923556e-06,-9.682563083336166e-07
2025.0,1.3806650035197432e-06,-2.550236157396012e-07,-4.703572733910644e-06,9.50399513778384e-07,4.902023287901825e-06,-9.838710832533705e-07
2026.0,1.3774265371635508e-06,-2.589982156600709e-07,-4.688636925931355e-06,9.653309036417391e-07,4.886780135067404e-06,-9.993175425131777e-07
2027.0,1.3738055299472585e-06,-2.6292737157712175e-07,-4.674260195625113e-06,9.800956916903294e-07,4.8719657234548545e-06,-1.014591321980269e-06
2028.0,1.3700529409022e-06,-2.668100997418995e-07,-4.660079970186803e-06,9.94689647566769e-07,4.857302789554199e-06,-1.029688085903047e-06
2029.0,1.3664717848360652e-06,-2.70645425734977e-07,-4.646019987730732e-06,1.0091085705760122e-06,4.84280361620689e-06,-1.0446035296598735e-06
2030.0,1.3631676693826034e-06,-2.74432384642942e-07,-4.631971902480103e-06,1.023348292504963e-06,4.828394122295232e-06,-1.0593333825130846e-06
2031.0,1.3598390237179458e-06,-2.78170021228536e-07,-4.617950897123357e-06,1.0374046804456694e-06,4.81400380750458e-06,-1.0738734103644845e-06
2032.0,1.3564381472763731e-06,-2.818573900956989e-07,-4.604592011903108e-06,1.0512736396177384e-06,4.800228332430497e-06,-1.0882194185085134e-06
2033.0,1.3526958791421073e-06,-2.854935558506346e-07,-4.591537798470657e-06,1.0649511161856043e-06,4.786648670649728e-06,-1.1023672543792228e-06
2034.0,1.3484187366130662e-06,-2.8907759325972857e-07,-4.57807609177685e-06,1.0784331000662919e-06,4.7725269817307455e-06,-1.1163128102871165e-06
2035.0,1.343754353511084e-06,-2.926085874048501e-07,-4.5643187432387045e-06,1.091715627723306e-06,4.7580123321046715e-06,-1.1300520261418204e-06
2036.0,1.3390196679785582e-06,-2.9608563383625873e-07,-4.550967233285519e-06,1.10479478494228e-06,4.743867244102838e-06,-1.143580892156461e-06
2037.0,1.3344614608890026e-06,-2.9950783872305433e-07,-4.5382773427027345e-06,1.1176667095840093e-06,4.730406814417446e-06,-1.1568954515295443e-06
2038.0,1.3304644211342698e-06,-3.028743190008999e-07,-4.526370222801557e-06,1.1303275943105046e-06,4.717855759746027e-06,-1.1699918031000831e-06
2039.0,1.327201882561635e-06,-3.0618420251662895e-07,-4.514853486292658e-06,1.1427736892797604e-06,4.7058864031937825e-06,-1.1828661039717339e-06
2040.0,1.324407399305727e-06,-3.094366281693487e-07,-4.5032732771677075e-06,1.1550013048049958e-06,4.693988194295821e-06,-1.1955145721017767e-06
2041.0,1.3216130766713352e-06,-3.1263074604774097e-07,-4.491459264899245e-06,1.167006813974217e-06,4.681865808913999e-06,-1.2079334888508785e-06
2042.0,1.3184131015531175e-06,-3.1576571756341736e-07,-4.4797333465518285e-06,1.1787866552259988e-06,4.669713477565337e-06,-1.220119201489669e-06
2043.0,1.3148850641631071e-06,-3.1884071558036476e-07,-4.468438262905661e-06,1.1903373348774084e-06,4.657881840639431e-06,-1.2320681256582428e-06
2044.0,1.3114822464410647e-06,-3.218549245406858e-07,-4.457548411773704e-06,1.2016554295999889e-06,4.646474311350099e-06,-1.2437767477747354e-06
2045.0,1.308674264066667e-06,-3.24807540587011e-07,-4.446803636593e-06,1.2127375888397053e-06,4.635373869694564e-06,-1.255241627389153e-06
2046.0,1.3065104570164632e-06,-3.276977716821287e-07,-4.435714228034904e-06,1.2235805371767396e-06,4.6241248130954085e-06,-1.2664593994786823e-06
2047.0,1.3048732831200116e-06,-3.305248377265743e-07,-4.424864761765068e-06,1.2341810766210053e-06,4.613255081275111e-06,-1.2774267766807326e-06
2048.0,1.3031972556365456e-06,-3.3328797067511515e-07,-4.414441589495333e-06,1.2445360888392542e-06,4.602783683181809e-06,-1.2881405514600251e-06
2049.0,1.3011114623762143e-06,-3.3598641465325023e-07,-4.4045877006237966e-06,1.254642537309647e-06,4.592742519455363e-06,-1.298597598206094e-06
2050.0,1.2985357022154975e-06,-3.3861942607496515e-07,-4.394922637040999e-06,1.2644974693997034e-06,4.5827437147961595e-06,-1.3087948752576435e-06
2051.0,1.2955558055527394e-06,-3.411862737630232e-07,-4.384902627663223e-06,1.2740980183636205e-06,4.572290006046122e-06,-1.3187294268502822e-06
2052.0,1.2925511810590873e-06,-3.4368623907303975e-07,-4.374677965934826e-06,1.2834414052550556e-06,4.561633025714904e-06,-1.3283983849842535e-06
2053.0,1.29008866064928e-06,-3.4611861602249914e-07,-4.365253355176346e-06,1.292524940751614e-06,4.5518969240542125e-06,-1.337798971208888e-06
2054.0,1.2882843269113042e-06,-3.4848271142577206e-07,-4.357015952582977e-06,1.3013460268874532e-06,4.543485943416999e-06,-1.3469284983206492e-06
2055.0,1.286742283501674e-06,-3.507778450361049e-07,-4.349529968916688e-06,1.3099021586906685e-06,4.535869999752584e-06,-1.3557843719718515e-06
2056.0,1.2850283143406305e-06,-3.530033496954775e-07,-4.342205831842083e-06,1.318190925722411e-06,4.528360548227197e-06,-1.3643640921873912e-06
2057.0,1.2828554556421068e-06,-3.55158571493153e-07,-4.334556109375498e-06,1.3262100135150326e-06,4.520408696721478e-06,-1.3726652547871318e-06
2058.0,1.2803650782655662e-06,-3.5724286993364113e-07,-4.32689929230623e-06,1.3339572049068746e-06,4.512359939034356e-06,-1.3806855527118722e-06
2059.0,1.277812622296759e-06,-3.592556181146555e-07,-4.319684741571628e-06,1.3414303812716115e-06,4.504717678641766e-06,-1.388422777251066e-06
2060.0,1.2754074542875582e-06,-3.611962029154802e-07,-4.313250946241798e-06,1.3486275236403157e-06,4.4978659272712914e-06,-1.3958748191706529e-06
2061.0,1.2732100380108413e-06,-3.630640251959972e-07,-4.3071762806379255e-06,1.355546713714637e-06,4.491417517152188e-06,-1.4030396697395425e-06
2062.0,1.2711482057226053e-06,-3.648585000064869e-07,-4.300788579048032e-06,1.3621861347696984e-06,4.484707366437836e-06,-1.4099154216534454e-06
2063.0,1.2691564742761674e-06,-3.665790568082246e-07,-4.294034419927151e-06,1.3685440724455083e-06,4.4776656592153255e-06,-1.4165002698549122e-06
2064.0,1.2671915373130282e-06,-3.6822513970485106e-07,-4.287442083805715e-06,1.374618915425857e-06,4.470786733252443e-06,-1.4227925122485856e-06
2065.0,1.2652267815382867e-06,-3.697962076844963e-07,-4.281618259327491e-06,1.380409156003814e-06,4.464644860157222e-06,-1.4287905503108276e-06
2066.0,1.2633925662308698e-06,-3.712917348726793e-07,-4.27666646873881e-06,1.3859133905331139e-06,4.4593762861236894e-06,-1.434492889593035e-06
2067.0,1.2618626596683225e-06,-3.7271121079608577e-07,-4.272068541366636e-06,1.391130319764894e-06,4.454533308215314e-06,-1.4398981401181736e-06
2068.0,1.2608575154227086e-06,-3.740541406574472e-07,-4.2673949929850075e-06,1.3960587490694891e-06,4.449766477058255e-06,-1.4450050166703062e-06
2069.0,1.2605051776248821e-06,-3.7532004562190075e-07,-4.2626663444012e-06,1.4006975885432322e-06,4.4451319065366135e-06,-1.4498123389771801e-06
2070.0,1.2606223585287513e-06,-3.765084631153898e-07,-4.25825957878212e-06,1.4050458530004617e-06,4.440939469426741e-06,-1.4543190317862296e-06
2071.0,1.2608457896634562e-06,-3.776189471358447e-07,-4.254460448216424e-06,1.4091026618511925e-06,4.437360229995978e-06,-1.458524124834639e-06
2072.0,1.2609689290510318e-06,-3.786510685780238e-07,-4.251336594984778e-06,1.4128672388651482e-06,4.434400239478713e-06,-1.462426752714391e-06
2073.0,1.2607759403426844e-06,-3.7960441557295835e-07,-4.248200744072506e-06,1.4163389118231162e-06,4.431339022652766e-06,-1.4660261546334873e-06
2074.0,1.2603036732838913e-06,-3.8047859384290595e-07,-4.244757810800692e-06,1.4195171120568517e-06,4.427904043816482e-06,-1.4693216740747796e-06
2075.0,1.2597346312759328e-06,-3.81273227072563e-07,-4.241221683298768e-06,1.4224013738790353e-06,4.4243522359911116e-06,-1.472312758354062e-06
2076.0,1.2592897301877404e-06,-3.8198795729703343e-07,-4.238279852464277e-06,1.4249913339050508e-06,4.421405515484972e-06,-1.4749989580792673e-06
2077.0,1.2590460564398942e-06,-3.826224453067236e-07,-4.236367119436757e-06,1.4272867302686467e-06,4.419502612611711e-06,-1.4773799265127843e-06
2078.0,1.2587816353160086e-06,-3.8317637106895106e-07,-4.235256229667694e-06,1.4292874017338477e-06,4.41836242700255e-06,-1.4794554188391126e-06
2079.0,1.2581848418402597e-06,-3.8364943416564336e-07,-4.23434804691647e-06,1.4309932867058594e-06,4.4173218672247465e-06,-1.4812252913403017e-06
2080.0,1.2570580112114538e-06,-3.8404135424606633e-07,-4.23334221189009e-06,1.4324044221440862e-06,4.416036812179148e-06,-1.4826895004818671e-06
2081.0,1.255481717282736e-06,-3.843518714930703e-07,-4.232457664288258e-06,1.4335209423807827e-06,4.414740334654308e-06,-1.4838481019121215e-06
2082.0,1.2538471859391276e-06,-3.8458074710089923e-07,-4.23229820384341e-06,1.434343077849203e-06,4.414122885913307e-06,-1.4847012493780767e-06
2083.0,1.2525179667322028e-06,-3.847277637622027e-07,-4.232987126040477e-06,1.434871153725444e-06,4.41440610571925e-06,-1.4852491935612604e-06
2084.0,1.251614660552347e-06,-3.847927261615697e-07,-4.2340035887877825e-06,1.4351055884884523e-06,4.415124646980806e-06,-1.4854922808369708e-06
2085.0,1.2510470587534517e-06,-3.8477546147269905e-07,-4.234755115239963e-06,1.4350468924029063e-06,4.415684502913076e-06,-1.4854309519606645e-06
2086.0,1.250681378239804e-06,-3.846758198562485e-07,-4.2351960213848905e-06,1.4346956659298682e-06,4.4160037646530855e-06,-1.4850657406853308e-06
2087.0,1.2504415662639712e-06,-3.8449367495545895e-07,-4.235792183171494e-06,1.43405259807022e-06,4.416507616845852e-06,-1.484397272313821e-06
2088.0,1.2503578753764177e-06,-3.842289243868136e-07,-4.237072867119274e-06,1.433118464645932e-06,4.417712224420483e-06,-1.4834262621902055e-06
2089.0,1.2505727974565506e-06,-3.83881490223238e-07,-4.239038514652904e-06,1.431894126524217e-06,4.419658340918334e-06,-1.4821535141342788e-06
2090.0,1.2512165134259678e-06,-3.8345131946766783e-07,-4.2411562859445695e-06,1.4303805277895964e-06,4.421871708369316e-06,-1.4805799188234207e-06
2091.0,1.2524020652493473e-06,-3.8293838451518114e-07,-4.2430417740435544e-06,1.42857869386887e-06,4.424015645239007e-06,-1.478706452126073e-06
2092.0,1.2540547151274062e-06,-3.8234268360230317e-07,-4.2448417434948205e-06,1.4264897296139296e-06,4.426209965178948e-06,-1.4765341733911792e-06
2093.0,1.2560572776598722e-06,-3.8166424124251567e-07,-4.247047877492527e-06,1.4241148173472915e-06,4.428893265645053e-06,-1.4740642236979714e-06
2094.0,1.258219608141209e-06,-3.809031086474043e-07,-4.249962028080034e-06,1.4214552148751312e-06,4.43230118814518e-06,-1.4712978240705351e-06
2095.0,1.260353540671888e-06,-3.800593641332254e-07,-4.2534144839567745e-06,1.418512253472536e-06,4.436217512680982e-06,-1.4682362736615937e-06
2096.0,1.2623444013148966e-06,-3.791331135129272e-07,-4.256859242213196e-06,1.4152873358456192e-06,4.440086034701013e-06,-1.4648809479099838e-06
2097.0,1.2642104969262657e-06,-3.7812449047380205e-07,-4.260108844356125e-06,1.4117819340751133e-06,4.443732164104834e-06,-1.4612332966762827e-06
2098.0,1.2660338652714653e-06,-3.7703365694096446e-07,-4.263477739574473e-06,1.4079975875460287e-06,4.447480655816421e-06,-1.4572948423610418e-06
2099.0,1.2678636624463557e-06,-3.75860803426749e-07,-4.26749008469729e-06,1.40393590086794e-06,4.451847918509971e-06,-1.4530671780100175e-06
2100.0,1.2696655735944251e-06,-3.746061493659167e-07,-4.272269524985273e-06,1.3995985417904634e-06,4.456942625038912e-06,-1.4485519654107459e-06
2101.0,1.2713667983388355e-06,-3.7326994343626804e-07,-4.27757807047735e-06,1.3949872391185113e-06,4.462515847024756e-06,-1.443750933184732e-06
2102.0,1.2727885469188127e-06,-3.718524638638966e-07,-4.282996999949162e-06,1.3901037806319708e-06,4.468115261129823e-06,-1.4386658748794942e-06
2103.0,1.2738160606873272e-06,-3.703540187118975e-07,-4.288458412271545e-06,1.3849500110145267e-06,4.473643136219916e-06,-1.4332986470646409e-06
2104.0,1.274510336796153e-06,-3.6877494615088905e-07,-4.294352590528128e-06,1.3795278297964252e-06,4.479491128507331e-06,-1.4276511674361185e-06
2105.0,1.275035283382353e-06,-3.671156147092371e-07,-4.300941012669313e-06,1.3738391893160283e-06,4.4859568174839636e-06,-1.4217254129326681e-06
2106.0,1.2755592745383737e-06,-3.6537642350042553e-07,-4.3080948322615775e-06,1.3678860927050372e-06,4.492964783594433e-06,-1.4155234178684432e-06
2107.0,1.2763262474402293e-06,-3.635578024246319e-07,-4.315474748162185e-06,1.361670591902255e-06,4.500258991650406e-06,-1.409047272085621e-06
2108.0,1.2773433064605655e-06,-3.6166021234127635e-07,-4.3227363005771124e-06,1.3551947857007213e-06,4.507510959153256e-06,-1.4022991191307166e-06
2109.0,1.27852720027688e-06,-3.5968414520914536e-07,-4.329902916044848e-06,1.348460817832944e-06,4.514719378236206e-06,-1.395281154458165e-06
2110.0,1.2797807066866618e-06,-3.5763012419064645e-07,-4.337387607467047e-06,1.3414708750987705e-06,4.522252747759255e-06,-1.3879956236645456e-06
2111.0,1.2810038140242952e-06,-3.554987037168395e-07,-4.3452423364453985e-06,1.3342271855402072e-06,4.530132639778029e-06,-1.3804448207566265e-06
2112.0,1.2824258224242158e-06,-3.532904695100876e-07,-4.353416211799743e-06,1.3267320166671787e-06,4.538375117063513e-06,-1.3726310864561557e-06
2113.0,1.2842889021424941e-06,-3.5100603856148543e-07,-4.3616535129742395e-06,1.3189876737378814e-06,4.546803201306045e-06,-1.364556806544102e-06
2114.0,1.2868166301416295e-06,-3.4864605906063765e-07,-4.369874452181399e-06,1.3109964980970156e-06,4.555403359466288e-06,-1.3562244102467933e-06
2115.0,1.2899754588124868e-06,-3.4621121027587066e-07,-4.378271664662314e-06,1.3027608655747718e-06,4.564350934571464e-06,-1.3476363686661736e-06
2116.0,1.2935559380866657e-06,-3.4370220238354963e-07,-4.387128518856809e-06,1.2942831849490261e-06,4.573858721684133e-06,-1.3387951932561517e-06
2117.0,1.2971763861668872e-06,-3.411197762458005e-07,-4.396272774542798e-06,1.2855658964727649e-06,4.5836536611108844e-06,-1.329703434346778e-06
2118.0,1.300712854701569e-06,-3.3846470313656245e-07,-4.40539517515548e-06,1.2766114704683144e-06,4.593404029656991e-06,-1.3203636797177412e-06
2119.0,1.3043431265902239e-06,-3.3573778441647506e-07,-4.4145067795708925e-06,1.2674224059895208e-06,4.603170765761415e-06,-1.3107785532224224e-06
2120.0,1.308183614601166e-06,-3.329398511576073e-07,-4.42368339975685e-06,1.2580012295525964e-06,4.613059634428683e-06,-1.3009507134634822e-06
2121.0,1.3121891890843784e-06,-3.300717637194486e-07,-4.4330900956235375e-06,1.248350493935935e-06,4.623216225082429e-06,-1.2908828525206718e-06
2122.0,1.316264721301641e-06,-3.271344112779009e-07,-4.443014838595438e-06,1.238472777048814e-06,4.633889691449564e-06,-1.2805776947312862e-06
2123.0,1.3202502516795889e-06,-3.241287113092325e-07,-4.4533397036139455e-06,1.2283706808685528e-06,4.644921446358847e-06,-1.2700379955234016e-06
2124.0,1.3241283591536313e-06,-3.2105560903107266e-07,-4.463829455847446e-06,1.2180468304454107e-06,4.65608089732193e-06,-1.2592665403018028e-06
2125.0,1.3277742102191237e-06,-3.179160768025395e-07,-4.474289574507573e-06,1.2075038729742608e-06,4.667145974776252e-06,-1.248266143386275e-06
2126.0,1.3310781400432958e-06,-3.147111134855076e-07,-4.484889527867075e-06,1.196744476931888e-06,4.678247865608756e-06,-1.237039647001723e-06
2127.0,1.3341460051441434e-06,-3.1144174376883954e-07,-4.496065303338792e-06,1.1857713312786002e-06,4.689834621277068e-06,-1.225589920319387e-06
2128.0,1.3371172784826246e-06,-3.081090174571614e-07,-4.508003945857819e-06,1.1745871447227305e-06,4.7021252846225236e-06,-1.2139198585482418e-06
2129.0,1.3400247823591727e-06,-3.0471400872547484e-07,-4.520471921232172e-06,1.163194645046526e-06,4.714905386960085e-06,-1.2020323820755075e-06
2130.0,1.3429014674715134e-06,-3.0125781534060164e-07,-4.533025845632199e-06,1.1515965784918796e-06,4.727759265075439e-06,-1.1899304356550786e-06
2131.0,1.3457046958154084e-06,-2.977415578501838e-07,-4.545453016258083e-06,1.1397957092043351e-06,4.740470889199653e-06,-1.1776169876425777e-06
2132.0,1.3484241372929695e-06,-2.9416637873972815e-07,-4.557883033717847e-06,1.1277948187337415e-06,4.7531616218141885e-06,-1.165095029275623e-06
2133.0,1.3510927963922281e-06,-2.9053344155801237e-07,-4.57061825681615e-06,1.1155967055898576e-06,4.76613082006821e-06,-1.1523675739977724e-06
2134.0,1.3539114132599117e-06,-2.8684393001107195e-07,-4.583857184048412e-06,1.1032041848510926e-06,4.779625801117457e-06,-1.1394376568244772e-06
2135.0,1.3568713417566602e-06,-2.8309904702497474e-07,-4.59726906276714e-06,1.0906200878244287e-06,4.793326889912305e-06,-1.1263083337492339e-06
2136.0,1.3599948717468724e-06,-2.7930001377767706e-07,-4.610456237064131e-06,1.0778472617544098e-06,4.80685892918248e-06,-1.112982681187998e-06
2137.0,1.3635950787127538e-06,-2.7544806870044037e-07,-4.623634473677196e-06,1.064888569578904e-06,4.820517325439858e-06,-1.0994637954598066e-06
2138.0,1.3676536655127247e-06,-2.7154446644957365e-07,-4.637119160044723e-06,1.0517468897291526e-06,4.834599327063647e-06,-1.0857547923014478e-06
2139.0,1.3718250093108786e-06,-2.675904768496373e-07,-4.650862219679475e-06,1.0384251159714136e-06,4.84896104775164e-06,-1.071858806413925e-06
2140.0,1.3762001581374417e-06,-2.635873838096791e-07,-4.664988491165367e-06,1.0249261572872814e-06,4.863747988739019e-06,-1.057778991038377e-06
2141.0,1.380834043496204e-06,-2.595364842145436e-07,-4.679245212413363e-06,1.0112529377895823e-06,4.8787332796097245e-06,-1.043518517559061e-06
2142.0,1.3856601328299245e-06,-2.5543908679377907e-07,-4.693330250216121e-06,9.974083966705315e-07,4.893608366155588e-06,-1.029080575130955e-06
2143.0,1.3906127215301822e-06,-2.5129651097112685e-07,-4.707212635624014e-06,9.833954881786697e-07,4.908325023697998e-06,-1.0144683703294844e-06
2144.0,1.3956893062105902e-06,-2.4711008569801e-07,-4.721195836554504e-06,9.69217181620906e-07,4.92317364781806e-06,-9.99685126819838e-07
2145.0,1.4007917557845584e-06,-2.4288114827480946e-07,-4.735440191916407e-06,9.548764613858362e-07,4.938280202083644e-06,-9.847340850432816e-07
2146.0,1.4059226157159266e-06,-2.3861104316402715e-07,-4.749910501367083e-06,9.403763269843712e-07,4.953611629142802e-06,-9.696185019178327e-07
2147.0,1.4110446541759636e-06,-2.3430112079965645e-07,-4.764688537439721e-06,9.257197931036264e-07,4.969235743541257e-06,-9.543416505506578e-07
2148.0,1.416165513218326e-06,-2.2995273639722856e-07,-4.77979016028085e-06,9.109098896700086e-07,4.985169880470129e-06,-9.389068199595644e-07
2149.0,1.421216970720618e-06,-2.2556724876905096e-07,-4.79518600643436e-06,8.959496619174733e-07,5.001366464694243e-06,-9.233173148010184e-07
2150.0,1.4261651574420942e-06,-2.2114601914912272e-07,-4.810834349500137e-06,8.808421704570305e-07,5.017775821480294e-06,-9.075764551022091e-07
2151.0,1.4310466944222888e-06,-2.1669041003209574e-07,-4.826755635733981e-06,8.655904913437149e-07,5.034427932616248e-06,-8.91687575994777e-07
2152.0,1.4358142378656513e-06,-2.1220178403045832e-07,-4.842741609945023e-06,8.501977161374013e-07,5.051109662871182e-06,-8.756540274479345e-07
2153.0,1.4403620991199073e-06,-2.076815027538619e-07,-4.8586736861588875e-06,8.346669519540355e-07,5.067677275158107e-06,-8.594791739988011e-07
2154.0,1.4447719654253621e-06,-2.0313092571420297e-07,-4.874700624102335e-06,8.190013215040298e-07,5.08429662851242e-06,-8.43166394477878e-07
2155.0,1.449078672666193e-06,-1.985514092597264e-07,-4.8910586734618455e-06,8.032039631147613e-07,5.1012041663535054e-06,-8.267190817276532e-07
2156.0,1.4535085637035206e-06,-1.9394430554105045e-07,-4.907828324740571e-06,7.872780307342939e-07,5.118541394761335e-06,-8.101406423124113e-07
2157.0,1.4582633149629043e-06,-1.893109615116488e-07,-4.924744201995068e-06,7.71226693913634e-07,5.136111111614569e-06,-7.934344962173927e-07
2158.0,1.463127967699096e-06,-1.8465271796497076e-07,-4.9412089324629704e-06,7.550531377650167e-07,5.153279457211217e-06,-7.766040765355252e-07
2159.0,1.4678194054096316e-06,-1.7997090861004756e-07,-4.957546207551289e-06,7.387605628939071e-07,5.1702764149417825e-06,-7.596528291400406e-07
2160.0,1.472349096726111e-06,-1.7526685918711788e-07,-4.9741281614168464e-06,7.22352185302563e-07,5.187462079748664e-06,-7.425842123413532e-07
2161.0,1.4767696177031553e-06,-1.7054188662449815e-07,-4.991328103332027e-06,7.058312362631854e-07,5.205209384730187e-06,-7.254016965266533e-07
2162.0,1.4813773827615506e-06,-1.6579729823762512e-07,-5.009119918075733e-06,6.892009621588476e-07,5.223577443076775e-06,-7.081087637807561e-07
2163.0,1.4866810540969944e-06,-1.6103439097091413e-07,-5.027293580761594e-06,6.724646242905882e-07,5.242509065683881e-06,-6.907089074868438e-07
2164.0,1.4919762797160896e-06,-1.5625445068281368e-07,-5.044674392051807e-06,6.556254986492598e-07,5.260677992527078e-06,-6.732056319058582e-07
2165.0,1.4967561005330143e-06,-1.5145875147419446e-07,-5.061227834446402e-06,6.386868756509079e-07,5.277907352034309e-06,-6.556024517334102e-07
2166.0,1.5014165353766096e-06,-1.4664855505997608e-07,-5.078146717241161e-06,6.216520598345998e-07,5.295453303970254e-06,-6.379028916331534e-07
2167.0,1.5057091802828104e-06,-1.4182511018365743e-07,-5.095382070274823e-06,6.045243695217509e-07,5.313198526091988e-06,-6.201104857456071e-07
2168.0,1.5103871738586516e-06,-1.3698965207417266e-07,-5.113494576602928e-06,5.873071364361086e-07,5.331894241252754e-06,-6.022287771714668e-07
2169.0,1.5155345687578592e-06,-1.3214340194425964e-07,-5.131749525766338e-06,5.7000370528371e-07,5.350859578077443e-06,-5.842613174285135e-07
2170.0,1.5204792098155728e-06,-1.2728756652932074e-07,-5.149337712728741e-06,5.526174332923126e-07,5.36912803974834e-06,-5.662116658813524e-07
2171.0,1.5249797715166657e-06,-1.22423337665581e-07,-5.166661050937105e-06,5.351516897100112e-07,5.387016773577518e-06,-5.480833891433712e-07
2172.0,1.5290371575549244e-06,-1.1755189190620547e-07,-5.184380327705185e-06,5.176098552629712e-07,5.405159943191336e-06,-5.298800604504636e-07
2173.0,1.5329368499850116e-06,-1.1267439017391731e-07,-5.202977767626571e-06,4.999953215724226e-07,5.424101127049379e-06,-5.116052590062499e-07
2174.0,1.5377008362460476e-06,-1.07791977448574e-07,-5.222834222162742e-06,4.823114905312925e-07,5.444494574704441e-06,-4.932625692987094e-07
2175.0,1.5429135641620295e-06,-1.029057824881275e-07,-5.242492579993208e-06,4.645617736410899e-07,5.464824857006766e-06,-4.7485558038837e-07
2176.0,1.5479692723474603e-06,-9.801691758143329e-08,-5.261071963358344e-06,4.4674959130990193e-07,5.484075771884187e-06,-4.563878851684365e-07
2177.0,1.5528497711858602e-06,-9.312647833148205e-08,-5.279035917959973e-06,4.288783721125327e-07,5.502686855980765e-06,-4.3786307959744016e-07
2178.0,1.5576974861375437e-06,-8.82355434677798e-08,-5.297272349547022e-06,4.109515520139178e-07,5.52155012687512e-06,-4.1928476190512706e-07
2179.0,1.5634394757435555e-06,-8.334517468677665e-08,-5.316790483989031e-06,3.9297257355694864e-07,5.541895347708183e-06,-4.006565317723594e-07
2180.0,1.5697190119956517e-06,-7.845641651942437e-08,-5.336249609633192e-06,3.7494488501580657e-07,5.562335631093381e-06,-3.8198198948581183e-07
2181.0,1.5757770679414307e-06,-7.35702962251223e-08,-5.354144231417557e-06,3.568719395158309e-07,5.581212576015358e-06,-3.632647350682343e-07
2182.0,1.581663520794363e-06,-6.868782371146152e-08,-5.371181410696035e-06,3.3875719412085846e-07,5.599218627596021e-06,-3.445083673849966e-07
2183.0,1.5872926318605263e-06,-6.380999147927285e-08,-5.388279823714814e-06,3.2060410888884633e-07,5.617210816571768e-06,-3.257164832275482e-07
2184.0,1.5931102280153375e-06,-5.893777459249454e-08,-5.4067411294767e-06,3.0241614589646624e-07,5.6365636552585885e-06,-3.068926763743086e-07
2185.0,1.5992485833393744e-06,-5.407213067228974e-08,-5.4259044409143975e-06,2.8419676823328033e-07,5.656680566661651e-06,-2.8804053662939854e-07
2186.0,1.6048590892048242e-06,-4.9213999914667816e-08,-5.444005214405578e-06,2.65949438966113e-07,5.6756290814920654e-06,-2.6916364883957774e-07
2187.0,1.6102821253916044e-06,-4.4364305130601344e-08,-5.461616494895072e-06,2.476776200743347e-07,5.694055080578834e-06,-2.502655918897831e-07
2188.0,1.6150669353010016e-06,-3.9523951807285276e-08,-5.479599373969801e-06,2.2938477135694424e-07,5.7126570442056825e-06,-2.3134993767772133e-07
2189.0,1.6191586078573295e-06,-3.469382818876225e-08,-5.498574474516182e-06,2.1107434931255124e-07,5.732014990315308e-06,-2.1242025006805804e-07
2190.0,1.6232932711912618e-06,-2.9874805373664616e-08,-5.519033458134537e-06,1.927498059936405e-07,5.7528089970294765e-06,-1.9348008382688425e-07
2191.0,1.6267453864238224e-06,-2.5067737427327006e-08,-5.5387762578074096e-06,1.7441458783683282e-07,5.7727240524991525e-06,-1.745329835373113e-07
2192.0,1.6301544800145784e-06,-2.0273461505056594e-08,-5.557781892873148e-06,1.5607213447122932e-07,5.791920510285015e-06,-1.5558248249727893e-07
2193.0,1.6334769440407015e-06,-1.5492797982955897e-08,-5.576588143318961e-06,1.377258775072689e-07,5.810902016633749e-06,-1.366321016008754e-07
2194.0,1.6362059251928684e-06,-1.0726550592410009e-08,-5.5955625339887405e-06,1.1937923930883334e-07,5.8298790640471045e-06,-1.1768534820468244e-07
2195.0,1.639519049662086e-06,-5.9755065542157565e-09,-5.616263206720262e-06,1.010356317515584e-07,5.850678176191597e-06,-9.874571498083035e-08
2196.0,1.6431313538123327e-06,-1.2404367083620036e-09,-5.6369488301011295e-06,8.269845497048437e-08,5.871547731140371e-06,-7.981667875863606e-08
2197.0,1.646733154364588e-06,3.4779043643084824e-09,-5.656118289454337e-06,6.437109610031537e-08,5.8909595301600405e-06,-6.090169935687202e-08
2198.0,1.651162649884963e-06,8.178778231919856e-09,-5.674852687986842e-06,4.6056928011608855e-08,5.910185371604398e-06,-4.20042184088964e-08
2199.0,1.655777823766913e-06,1.2861462515648386e-08,-5.693098398096286e-06,2.7759308046174158e-08,5.92899397639134e-06,-2.3127658182987278e-08
2200.0,1.6603666345982315e-06,1.7525250810126517e-08,-5.711671214159164e-06,9.481576754816843e-09,5.948109398787272e-06,-4.275420400289446e-09
2201.0,1.665677473089433e-06,2.2169452621383704e-08,-5.7313301471406675e-06,-8.772943359646404e-09,5.968469376639296e-06,1.4549114947177755e-08
2202.0,1.6715750657259054e-06,2.6793393322633768e-08,-5.750277506155754e-06,-2.7000949091402973e-08,5.988309828169999e-06,3.334259077597136e-08
2203.0,1.6781477556182534e-06,3.13964141272812e-08,-5.769004174926984e-06,-4.5199157770208614e-08,6.008126917768262e-06,5.210167408559822e-08
2204.0,1.684874690793814e-06,3.5977872077595436e-08,-5.787002940960129e-06,-6.336430848724444e-08,6.027288425350054e-06,7.082305712523458e-08
2205.0,1.691365254047339e-06,4.0537140046641e-08,-5.804310528378931e-06,-8.149316330624324e-08,6.045720563543201e-06,8.950345855019067e-08
2206.0,1.6976952807723489e-06,4.507360675031041e-08,-5.8224621761193696e-06,-9.958250845809886e-08,6.064918388461415e-06,1.0813962456554868e-07
2207.0,1.7040273932455996e-06,4.9586676765732894e-08,-5.840937600587459e-06,-1.1762915551738576e-07,6.084427780070019e-06,1.267283300544343e-07
2208.0,1.7099641053397452e-06,5.407577055194561e-08,-5.85893505872237e-06,-1.356299425593703e-07,6.1033676985641665e-06,1.4526637968843246e-07
2209.0,1.7158053997046174e-06,5.854032446852741e-08,-5.877119277741816e-06,-1.5358173529617785e-07,6.122460222366496e-06,1.637506090176762e-07
2210.0,1.721156705464244e-06,6.297979078789155e-08,-5.8947341338710935e-06,-1.7148142819078982e-07,6.140868905439158e-06,1.8217788553815154e-07
2211.0,1.7259121849466652e-06,6.739363769710843e-08,-5.912652840056598e-06,-1.893259455475036e-07,6.159402282460265e-06,2.0054510973376196e-07
2212.0,1.7306741404710113e-06,7.178134928545012e-08,-5.931808661041593e-06,-2.0711224257738682e-07,6.179125097592954e-06,2.1884921609069515e-07
2213.0,1.73511791692893e-06,7.614242551429523e-08,-5.950886758032681e-06,-2.2483730643710994e-07,6.198684327546975e-06,2.3708717408161145e-07
2214.0,1.739237968173546e-06,8.04763821665643e-08,-5.9702297926511605e-06,-2.4249815723935054e-07,6.218407552339744e-06,2.5525598911714093e-07
2215.0,1.743283826044495e-06,8.478275077344191e-08,-5.989717431154062e-06,-2.600918490327597e-07,6.238249225801992e-06,2.7335270346214367e-07
2216.0,1.7465574865538347e-06,8.906107851675121e-08,-6.008017701342183e-06,-2.7761547074931234e-07,6.2567355508666224e-06,2.91374397114194e-07
2217.0,1.7495044089543832e-06,9.33109281059506e-08,-6.026159660332819e-06,-2.950661471167681e-07,6.274979356840418e-06,3.0931818864182694e-07
2218.0,1.7526285729374536e-06,9.753187762929367e-08,-6.044512048553052e-06,-3.1244103953396064e-07,6.293475416634261e-06,3.2718123598023515e-07
2219.0,1.7558626693170432e-06,1.0172352037919809e-07,-6.062342924217923e-06,-3.297373469067043e-07,6.3115018374643835e-06,3.4496073718230946e-07
2220.0,1.7591956843754364e-06,1.0588546465227276e-07,-6.07968566396222e-06,-3.46952306442242e-07,6.329087393022227e-06,3.62653931123162e-07
2221.0,1.7628092187083055e-06,1.100173335247387e-07,-6.0966837824860676e-06,-3.6408319440030873e-07,6.346420210259608e-06,3.8025809815649037e-07
2222.0,1.7670076952192026e-06,1.1411876460413689e-07,-6.1141630444128126e-06,-3.811273267990671e-07,6.3643778901497695e-06,3.9777056072136175e-07
2223.0,1.7713434078414636e-06,1.1818940975826215e-07,-6.132298989547369e-06,-3.980820600743213e-07,6.383004650296527e-06,4.151886838981484e-07
2224.0,1.7755207972480758e-06,1.2222893482221356e-07,-6.15019627381308e-06,-4.14944791690554e-07,6.401358317410824e-06,4.325098759124656e-07
2225.0,1.7797871486868733e-06,1.262370192843435e-07,-6.168035121933979e-06,-4.317129607024258e-07,6.419680643150566e-06,4.4973158858602147e-07
2226.0,1.784147528660629e-06,1.3021335595174538e-07,-6.185816060322313e-06,-4.4838404826547184e-07,6.437973496075244e-06,4.668513177333442e-07
2227.0,1.7886786206067207e-06,1.3415765059577005e-07,-6.203359977030587e-06,-4.6495557809483625e-07,6.4560859824231345e-06,4.838666035034049e-07
2228.0,1.7935239674526926e-06,1.3806962157791151e-07,-6.220551072633196e-06,-4.814251168710334e-07,6.4739465451195415e-06,5.007750306652555e-07
2229.0,1.798492740345825e-06,1.4194899945627324e-07,-6.237544715681498e-06,-4.977902745919058e-07,6.4916515785432305e-06,5.175742288369404e-07
2230.0,1.803278418421872e-06,1.4579552657272389e-07,-6.253390778254708e-06,-5.140487048701713e-07,6.508203229763735e-06,5.342618726571233e-07
2231.0,1.8080327313652056e-06,1.4960895662080146e-07,-6.2690355142058785e-06,-5.301981051762009e-07,6.524552753719024e-06,5.508356818990954e-07
2232.0,1.8126268709894866e-06,1.5338905419444113e-07,-6.285224161850511e-06,-5.462362170259078e-07,6.541380507059852e-06,5.67293421527064e-07
2233.0,1.8167747155850567e-06,1.571355943177e-07,-6.301293586474799e-06,-5.621608261138391e-07,6.557970054074477e-06,5.836329016948469e-07
2234.0,1.8207658678548455e-06,1.6084836195582882e-07,-6.317447141412913e-06,-5.779697623917007e-07,6.574597077395039e-06,5.99851977687286e-07
2235.0,1.8248431911394025e-06,1.6452715150828985e-07,-6.334258719764563e-06,-5.936609000926113e-07,6.591880323637652e-06,6.15948549804819e-07
2236.0,1.8286685763979627e-06,1.6817176628462316e-07,-6.35077033905862e-06,-6.092321577013755e-07,6.608805691028606e-06,6.319205631917246e-07
2237.0,1.8321522481934416e-06,1.7178201796440583e-07,-6.367083998204404e-06,-6.24681497871006e-07,6.625446437844838e-06,6.477660076085977e-07
2238.0,1.8354000540232729e-06,1.7535772604290927e-07,-6.383712841839806e-06,-6.400069272856562e-07,6.6423251204212434e-06,6.634829171496394e-07
2239.0,1.8383858160220257e-06,1.7889871726442833e-07,-6.4004067094058925e-06,-6.552064964700521e-07,6.659194279667694e-06,6.790693699053834e-07
2240.0,1.8413202494127479e-06,1.824048250456103e-07,-6.4171302452398216e-06,-6.702782995454768e-07,6.676078253381181e-06,6.945234875715346e-07
2241.0,1.8443377714227882e-06,1.8587588889143482e-07,-6.433508815462119e-06,-6.852204739323546e-07,6.692653994771101e-06,7.098434350046893e-07
2242.0,1.8473289774278978e-06,1.8931175380676402e-07,-6.448742109255168e-06,-7.000311999995373e-07,6.708121878925993e-06,7.250274197258269e-07
2243.0,1.8503264329339242e-06,1.9271226970657936e-07,-6.463184801908106e-06,-7.147087006605323e-07,6.722831672147526e-06,7.400736913726456e-07
2244.0,1.8534751406174e-06,1.96077290828146e-07,-6.477798749016106e-06,-7.292512409170879e-07,6.737747897453668e-06,7.549805411020254e-07
2245.0,1.856331752342344e-06,1.994066751483915e-07,-6.492602539542869e-06,-7.436571273507878e-07,6.752766493166553e-06,7.697463009441373e-07
2246.0,1.8591510262400135e-06,2.0270028380975982e-07,-6.508158787665863e-06,-7.579247075635208e-07,6.768498603371481e-06,7.84369343109911e-07
2247.0,1.8625166375019209e-06,2.0595798055770931e-07,-6.524447247191478e-06,-7.720523695678668e-07,6.785085121526179e-06,7.988480792537308e-07
2248.0,1.8660848204454794e-06,2.091796311928671e-07,-6.540059670101517e-06,-7.860385411285902e-07,6.80107734447899e-06,8.131809596933085e-07
2249.0,1.8696519006322632e-06,2.1236510304063435e-07,-6.554586753637626e-06,-7.998816890565599e-07,6.816025655798228e-06,8.273664725887639e-07
2250.0,1.8735672905612066e-06,2.1551426444077454e-07,-6.5688189972989974e-06,-8.13580318456599e-07,6.8307860024697794e-06,8.414031430830424e-07
2251.0,1.8776294401223748e-06,2.1862698425923254e-07,-6.582747987982085e-06,-8.271329719310108e-07,6.845294981788327e-06,8.552895324059473e-07
2252.0,1.8812077375862657e-06,2.2170313142414615e-07,-6.59599473840089e-06,-8.405382287408214e-07,6.859015172819394e-06,8.690242369442802e-07
2253.0,1.8846655003290635e-06,2.2474257448775472e-07,-6.609427246173638e-06,-8.537947039271094e-07,6.872880951289135e-06,8.826058872808211e-07
2254.0,1.8882569795819482e-06,2.27745181215691e-07,-6.6227808898089435e-06,-8.66901047395092e-07,6.8867075685960766e-06,8.960331472051139e-07
2255.0,1.8918270184298258e-06,2.3071081820497224e-07,-6.635526251907997e-06,-8.798559429639055e-07,6.899943340884857e-06,9.09304712699223e-07
2256.0,1.8952307036801397e-06,2.3363935053187953e-07,-6.648413347409843e-06,-8.926581073852069e-07,6.9132698094454025e-06,9.224193109017892e-07
2257.0,1.8988135387643101e-06,2.3653064143082405e-07,-6.662427359915846e-06,-9.053062893338541e-07,6.927729150389027e-06,9.353756990538036e-07
2258.0,1.9021985753486792e-06,2.393845520052455e-07,-6.676603104494028e-06,-9.177992683739775e-07,6.94228985529975e-06,9.481726634295555e-07
2259.0,1.9049210634169977e-06,2.422009409715708e-07,-6.690249601981613e-06,-9.30135853903742e-07,6.956160147284195e-06,9.608090182562038e-07
2260.0,1.9071155694938557e-06,2.4497966443728125e-07,-6.703629155280222e-06,-9.42314884082074e-07,6.969629376583011e-06,9.732836046253842e-07
2261.0,1.9092058662351086e-06,2.477205757141803e-07,-6.716859872746284e-06,-9.543352247405941e-07,6.982927293748358e-06,9.855952894002748e-07
2262.0,1.9113783857327427e-06,2.504235251680064e-07,-6.729695537444069e-06,-9.661957682840352e-07,6.995868020491876e-06,9.977429641215535e-07
2263.0,1.9135180125695594e-06,2.5308836010556114e-07,-6.741987873093436e-06,-9.778954325824776e-07,7.008277367896273e-06,1.0097255439157784e-06
2264.0,1.915797547186182e-06,2.5571492470049114e-07,-6.754053122726145e-06,-9.894331598588708e-07,7.020506664508722e-06,1.021541966409822e-06
2265.0,1.9183449184723145e-06,2.583030599587591e-07,-6.766078115727492e-06,-1.0008079155754425e-06,7.032770456538095e-06,1.0331911906550884e-06
2266.0,1.9209029140099254e-06,2.6085260372466e-07,-6.7777642870359145e-06,-1.0120186873227536e-06,7.044711259921962e-06,1.0446721960653677e-06
2267.0,1.9233300214138715e-06,2.633633907279904e-07,-6.7891901811556465e-06,-1.023064483715308e-06,7.056366039766654e-06,1.0559839813722277e-06
2268.0,1.925743600528218e-06,2.6583525267268105e-07,-6.800611371482468e-06,-1.0339443332977443e-06,7.068012693884473e-06,1.067125563601903e-06
2269.0,1.928288733382688e-06,2.682680183668612e-07,-6.812562043823078e-06,-1.0446572834657348e-06,7.080204731519385e-06,1.0780959770776276e-06
2270.0,1.9309984957416315e-06,2.706615138939574e-07,-6.824458114507159e-06,-1.0552023994057726e-06,7.092389142398988e-06,1.0888942724513123e-06
2271.0,1.9338677696711937e-06,2.730155628240376e-07,-6.83595734091158e-06,-1.0655787630580655e-06,7.104235167654289e-06,1.0995195157684067e-06
2272.0,1.9368284383813883e-06,2.753299864642094e-07,-6.847126825193506e-06,-1.0757854721067689e-06,7.115788793943183e-06,1.109970787569682e-06
2273.0,1.9397136713783514e-06,2.776046041464763e-07,-6.857580659491713e-06,-1.0858216390018348e-06,7.126633260408934e-06,1.1202471820336032e-06
2274.0,1.9426214484807858e-06,2.7983923355106716e-07,-6.867236581775682e-06,-1.0956863900167966e-06,7.136716076892491e-06,1.130347806162902e-06
2275.0,1.945689049653865e-06,2.82033691062899e-07,-6.876664665478316e-06,-1.1053788643468803e-06,7.146623174575595e-06,1.1402717790189254e-06
2276.0,1.9489323703769657e-06,2.8418779215852374e-07,-6.886024261798518e-06,-1.1148982132518882e-06,7.156512245387483e-06,1.1500182310073073e-06
2277.0,1.9520578622977958e-06,2.863013518206523e-07,-6.895254601513301e-06,-1.1242435992483027e-06,7.166244896558377e-06,1.1595863032184492e-06
2278.0,1.954880591265029e-06,2.8837418497716354e-07,-6.9045322090288686e-06,-1.1334141953549802e-06,7.175940576093268e-06,1.1689751468261568e-06
2279.0,1.9575127841453543e-06,2.904061069613909e-07,-6.914004381075589e-06,-1.142409184396625e-06,7.185771557851316e-06,1.1781839225475872e-06
2280.0,1.9598725509439863e-06,2.923969339904526e-07,-6.923731243835274e-06,-1.1512277583689423e-06,7.1957733950427065e-06,1.1872118001673744e-06
2281.0,1.9618289529288457e-06,2.943464836584414e-07,-6.933522900820499e-06,-1.159869117869001e-06,7.205727767321785e-06,1.1960579581284505e-06
2282.0,1.963630438389652e-06,2.9625457544140676e-07,-6.9434186543149146e-06,-1.168332471593882e-06,7.215740232828416e-06,1.2047215831916854e-06
2283.0,1.9653235153460624e-06,2.981210312112253e-07,-6.9529023815628754e-06,-1.176617035910209e-06,7.225326847106289e-06,1.213201870166043e-06
2284.0,1.9669320755755226e-06,2.9994567575563784e-07,-6.96200514849199e-06,-1.1847220344966613e-06,7.234523997994395e-06,1.2214980217105323e-06
2285.0,1.968498378079886e-06,3.017283373019151e-07,-6.9708253561118205e-06,-1.1926466980611052e-06,7.243437858497485e-06,1.2296092482088312e-06
2286.0,1.9700360879837397e-06,3.0346884804177954e-07,-6.9795054263854794e-06,-1.2003902641335382e-06,7.25220919340463e-06,1.237534767717079e-06
2287.0,1.9715235284323285e-06,3.051670446553448e-07,-6.98789880815287e-06,-1.2079519769356425e-06,7.260691067394795e-06,1.2452738059849883e-06
2288.0,1.973016620221424e-06,3.0682276883193456e-07,-6.996089147170981e-06,-1.215331087327353e-06,7.268979153831269e-06,1.2528255965500894e-06
2289.0,1.9745698749407126e-06,3.0843586778570783e-07,-7.004290160261828e-06,-1.222526852830492e-06,7.277293922892221e-06,1.260189380904578e-06
2290.0,1.97609893742845e-06,3.100061947640413e-07,-7.012464889377679e-06,-1.229538537729159e-06,7.285576904766056e-06,1.2673644087339125e-06
2291.0,1.977622443583016e-06,3.1153360954661175e-07,-7.020607654784072e-06,-1.236365413246225e-06,7.293827690025037e-06,1.2743499382259673e-06
2292.0,1.9792193076961784e-06,3.130179789330816e-07,-7.028447495061041e-06,-1.2430067577949396e-06,7.3018068489098756e-06,1.2811452364492183e-06
2293.0,1.980940096707462e-06,3.1445917721722594e-07,-7.035925395637577e-06,-1.2494618573043572e-06,7.309471242143385e-06,1.287749579798122e-06
2294.0,1.982730619770612e-06,3.1585708664525396e-07,-7.042932738676733e-06,-1.2557300056170057e-06,7.316701597858184e-06,1.2941622545035593e-06
2295.0,1.984704964014261e-06,3.172115978559842e-07,-7.0496272837616836e-06,-1.2618105049569847e-06,7.32368067532576e-06,1.3003825572059578e-06
2296.0,1.9868054806360114e-06,3.1852261030043657e-07,-7.056009298456178e-06,-1.267702666466472e-06,7.330393116183152e-06,1.3064097955884886e-06
2297.0,1.988895793031409e-06,3.197900326383244e-07,-7.062035674798572e-06,-1.27340581080843e-06,7.33676048046178e-06,1.3122432890675226e-06
2298.0,1.9909324841804743e-06,3.2101378310887825e-07,-7.067807807459303e-06,-1.2789192688331212e-06,7.342868605643691e-06,1.317882369537348e-06
2299.0,1.992769365993796e-06,3.22193789873429e-07,-7.073407784108365e-06,-1.284242382305836e-06,7.34875686264882e-06,1.323326382165949e-06
2300.0,1.9943836212232835e-06,3.2332999132723254e-07,-7.079070766191631e-06,-1.289374504693007e-06,7.354645398749872e-06,1.3285746862384444e-06
2301.0,1.9958640008477246e-06,3.2442233637813234e-07,-7.084964126269355e-06,-1.2943150020036143e-06,7.360719379272897e-06,1.3336266560445496e-06
2302.0,1.9972329281248147e-06,3.254707846898367e-07,-7.0910880257679665e-06,-1.2990632536824663e-06,7.366985052134683e-06,1.3384816818061764e-06
2303.0,1.9984707580189554e-06,3.2647530688781257e-07,-7.0971636734751264e-06,-1.3036186535516015e-06,7.373168761038351e-06,1.3431391706410077e-06
2304.0,1.999606757036032e-06,3.274358847260646e-07,-7.103080508608084e-06,-1.3079806107956885e-06,7.379172033131646e-06,1.3475985475576174e-06
2305.0,2.0005746226570142e-06,3.2835251121336167e-07,-7.108650824150242e-06,-1.312148550986974e-06,7.384796230127895e-06,1.351859256477452e-06
2306.0,2.0013852561062695e-06,3.2922519069777945e-07,-7.113939415048787e-06,-1.3161219171450226e-06,7.390106693705053e-06,1.355920761278801e-06
2307.0,2.002009149904005e-06,3.300539389087416e-07,-7.118817592077775e-06,-1.319900170826277e-06,7.3949715716543065e-06,1.35978254685774e-06
2308.0,2.002521847288552e-06,3.308387829560536e-07,-7.123285109322808e-06,-1.3234827932383077e-06,7.399411091267196e-06,1.3634441202009798e-06
2309.0,2.0030419555505663e-06,3.315797612857157e-07,-7.127352306457446e-06,-1.3268692863735364e-06,7.403467294184538e-06,1.3669050114655376e-06
2310.0,2.003635011182947e-06,3.3227692359256764e-07,-7.131140784155665e-06,-1.3300591741571834e-06,7.407274947069696e-06,1.3701647750601972e-06
2311.0,2.004292483426262e-06,3.329303306900486e-07,-7.134839606293131e-06,-1.333052003604186e-06,7.41101373407499e-06,1.373222990723779e-06
2312.0,2.0049501283647686e-06,3.3354005433754146e-07,-7.138533684891701e-06,-1.33584734597986e-06,7.414748019155027e-06,1.3760792645953191e-06
2313.0,2.005612574601523e-06,3.341061770259203e-07,-7.14233393284136e-06,-1.338444797959103e-06,7.418585836102247e-06,1.3787332302713164e-06
2314.0,2.006272895815897e-06,3.346287917220312e-07,-7.146088491505331e-06,-1.340843982778949e-06,7.4223791105622225e-06,1.3811845498452575e-06
2315.0,2.0069619706686304e-06,3.351080015729235e-07,-7.149668859063318e-06,-1.3430445513793298e-06,7.426012466052685e-06,1.3834329149246884e-06
2316.0,2.0076686871872695e-06,3.3554391957071643e-07,-7.152829901158064e-06,-1.3450461835269305e-06,7.429246876528814e-06,1.3854780476211587e-06
2317.0,2.0084371869233397e-06,3.3593666817903747e-07,-7.155589436758092e-06,-1.3468485889171286e-06,7.4321114174412455e-06,1.387319701508467e-06
2318.0,2.0092902515700395e-06,3.3628637892201584e-07,-7.157961435133586e-06,-1.3484515082491267e-06,7.43462569480899e-06,1.3889576625447787e-06
2319.0,2.0101950187478845e-06,3.3659319193685736e-07,-7.15998833339393e-06,-1.349854714269578e-06,7.436821696648104e-06,1.3903917499543674e-06
2320.0,2.011055101974746e-06,3.368572554910771e-07,-7.161726462645568e-06,-1.3510580127802177e-06,7.438727616261833e-06,1.3916218170649632e-06
2321.0,2.0117521040974307e-06,3.3707872546553733e-07,-7.163202190518803e-06,-1.352061243605256e-06,7.440336830452894e-06,1.3926477520969336e-06
2322.0,2.0122914214104615e-06,3.3725776480452606e-07,-7.1645687687582615e-06,-1.352864281514516e-06,7.441798331515603e-06,1.3934694789007769e-06
2323.0,2.0127394217139827e-06,3.3739454293423747e-07,-7.165970594691373e-06,-1.353467037098546e-06,7.443269076400703e-06,1.3940869576396663e-06
2324.0,2.0131264963085815e-06,3.3748923515116586e-07,-7.167383164141672e-06,-1.353869457592116e-06,7.444733689781062e-06,1.3945001854140135e-06
2325.0,2.0134821067385733e-06,3.3754202198210115e-07,-7.168699192094952e-06,-1.3540715276427092e-06,7.4460968500885894e-06,1.3947091968252459e-06
2326.0,2.0137934528818846e-06,3.3755308851760434e-07,-7.169814177199196e-06,-1.3540732700207776e-06,7.447254487825465e-06,1.3947140644762053e-06
2327.0,2.0139263443852418e-06,3.3752262372104586e-07,-7.170541573842115e-06,-1.3538747462686862e-06,7.44799072118159e-06,1.3945148994057825e-06
2328.0,2.0139482112269125e-06,3.374508197154951e-07,-7.171084200785494e-06,-1.353476057285457e-06,7.448519048257808e-06,1.3941118514556305e-06
2329.0,2.0138828069060644e-06,3.373378710509605e-07,-7.1714079800666575e-06,-1.3528773438446054e-06,7.448813085083797e-06,1.3935051095670372e-06
2330.0,2.0137189289115565e-06,3.371839739546867e-07,-7.171477769685186e-06,-1.3520787870425788e-06,7.448835971193454e-06,1.3926949020062985e-06
2331.0,2.0134984857200777e-06,3.3698932556741254e-07,-7.171223994462128e-06,-1.351080608675529e-06,7.448532052072167e-06,1.3916814965172082e-06
2332.0,2.0133390852827837e-06,3.36754123168673e-07,-7.170753177354605e-06,-1.3498830715423995e-06,7.448035674113577e-06,1.3904652003995578e-06
2333.0,2.0132068411504722e-06,3.364785633943878e-07,-7.170171371584377e-06,-1.3484864796725302e-06,7.447439780430806e-06,1.3890463605128094e-06
2334.0,2.0129340600749668e-06,3.36162841450107e-07,-7.169476846924372e-06,-1.3468911784762465e-06,7.4466973745946275e-06,1.3874253632043838e-06
2335.0,2.012547308832824e-06,3.3580715032338895e-07,-7.1688065725328265e-06,-1.3450975548171135e-06,7.445947511544793e-06,1.3856026341622466e-06
2336.0,2.0121264603656375e-06,3.354116799988631e-07,-7.16804455141995e-06,-1.3431060370047786e-06,7.445100105683252e-06,1.3835786381917217e-06
2337.0,2.011689043429632e-06,3.349766166795839e-07,-7.16699293201728e-06,-1.340917094707539e-06,7.443969404493846e-06,1.3813538789166961e-06
2338.0,2.011310134664157e-06,3.345021420183073e-07,-7.165706905731817e-06,-1.3385312387840107e-06,7.442628831041852e-06,1.3789288984056018e-06
2339.0,2.0109509814569826e-06,3.339884323623178e-07,-7.164130650716416e-06,-1.3359490210335233e-06,7.441014166789176e-06,1.3763042767228072e-06
2340.0,2.010598864260471e-06,3.334356580154016e-07,-7.1622656458991685e-06,-1.3331710338651345e-06,7.439123401005856e-06,1.3734806314063003e-06
2341.0,2.0102738030047806e-06,3.3284398252049836e-07,-7.160156673902129e-06,-1.3301979098854522e-06,7.437005066414337e-06,1.3704586168728125e-06
2342.0,2.0099442314958083e-06,3.322135619664818e-07,-7.1577845212056346e-06,-1.3270303214057668e-06,7.434632140579266e-06,1.3672389237518087e-06
2343.0,2.0094872902054473e-06,3.3154454432242027e-07,-7.1551151195614615e-06,-1.3236689798693158e-06,7.431938612749318e-06,1.3638222781500552e-06
2344.0,2.0089242377396843e-06,3.3083706880255913e-07,-7.152223938211577e-06,-1.3201146351998177e-06,7.4290028843246985e-06,1.3602094408487466e-06
2345.0,2.0083608150145427e-06,3.3009126526515053e-07,-7.149244594495396e-06,-1.316368075072735e-06,7.425982186566806e-06,1.356401206435455e-06
2346.0,2.007804291076498e-06,3.293072536481349e-07,-7.146217298248381e-06,-1.3124301241110163e-06,7.422917199123912e-06,1.3523984023734101e-06
2347.0,2.0072342904187135e-06,3.2848514344454995e-07,-7.143091945494007e-06,-1.308301643007344e-06,7.419754176414072e-06,1.3482018880108506e-06
2348.0,2.006610662685926e-06,3.2762503322040667e-07,-7.139805051015191e-06,-1.3039835275751745e-06,7.416421139478723e-06,1.3438125535333983e-06
2349.0,2.005848506458907e-06,3.26727010177624e-07,-7.1362799458074555e-06,-1.2994767077310884e-06,7.412821304725826e-06,1.339231318862594e-06
2350.0,2.0049796148613463e-06,3.257911497644615e-07,-7.132566279988151e-06,-1.2947821464112028e-06,7.409011067236542e-06,1.3344591325039135e-06
2351.0,2.0040641764973444e-06,3.2481751533573014e-07,-7.128566545444581e-06,-1.2899008384246223e-06,7.404912843265049e-06,1.3294969703477561e-06
2352.0,2.003077140794174e-06,3.2380615786489065e-07,-7.12419819387522e-06,-1.2848338092471287e-06,7.400440388084152e-06,1.3243458344270662e-06
2353.0,2.0020506015794304e-06,3.2275711570996923e-07,-7.119553239176568e-06,-1.2795821137585377e-06,7.395690970879876e-06,1.3190067516354242e-06
2354.0,2.0010825543814725e-06,3.2167041443502004e-07,-7.1148861686132214e-06,-1.2741468349273627e-06,7.390936109977789e-06,1.3134807724095852e-06
2355.0,2.0000992540791795e-06,3.205460666886419e-07,-7.1101677515672534e-06,-1.2685290824466295e-06,7.3861277054756525e-06,1.307768969380582e-06
2356.0,1.999025362853235e-06,3.1938407214081837e-07,-7.105435720633491e-06,-1.2627299913248632e-06,7.3812816760631e-06,1.3018724359976164e-06
2357.0,1.997893687266661e-06,3.181844174790868e-07,-7.100660091019506e-06,-1.2567507204364125e-06,7.3763780349041975e-06,1.2957922851290332e-06
2358.0,1.9967800707898498e-06,3.169470764647628e-07,-7.095693268066583e-06,-1.250592451035413e-06,7.371295246127979e-06,1.289529647644715e-06
2359.0,1.995762517942312e-06,3.1567201004965615e-07,-7.0904769603474804e-06,-1.2442563852378026e-06,7.365998340567413e-06,1.2830856709842753e-06
2360.0,1.994870914956426e-06,3.1435916655340364e-07,-7.084947626356808e-06,-1.2377437444759204e-06,7.3604342830812675e-06,1.2764615177154517e-06
2361.0,1.9939987684902682e-06,3.130084819012303e-07,-7.079016506872371e-06,-1.2310557679303498e-06,7.354488819307037e-06,1.269658364087141e-06
2362.0,1.993021665036565e-06,3.116198799216263e-07,-7.072721000200843e-06,-1.2241937109438021e-06,7.3481642404063845e-06,1.2626773985815586e-06
2363.0,1.99189142560674e-06,3.1019327270311227e-07,-7.066176361314458e-06,-1.2171588434219718e-06,7.341558405448048e-06,1.2555198204700489e-06
2364.0,1.990705387089342e-06,3.087285610089648e-07,-7.059506928031034e-06,-1.2099524482264214e-06,7.334817380487717e-06,1.2481868383771193e-06
2365.0,1.989453504103178e-06,3.072256347484918e-07,-7.052740315316441e-06,-1.2025758195646641e-06,7.327965010852486e-06,1.240679668857284e-06
2366.0,1.988160018062679e-06,3.0568437350318554e-07,-7.045952839013214e-06,-1.195030261382655e-06,7.321081318153854e-06,1.2329995349892943e-06
2367.0,1.986905377143744e-06,3.0410464710583375e-07,-7.0392351709802625e-06,-1.1873170857649272e-06,7.31427540977835e-06,1.2251476649922701e-06
2368.0,1.985714841473696e-06,3.0248631627043685e-07,-7.032530137285331e-06,-1.1794376113475715e-06,7.307499131951734e-06,1.2171252908681552e-06
2369.0,1.9844974033511598e-06,3.0082923327055153e-07,-7.025644480462834e-06,-1.1713931617491752e-06,7.30054178193409e-06,1.2089336470747798e-06
2370.0,1.983203691935387e-06,2.9913324266347494e-07,-7.018461433749845e-06,-1.1631850640247437e-06,7.293277574639545e-06,1.2005739692336633e-06
2371.0,1.9818130348736585e-06,2.973981820574865e-07,-7.011030591697054e-06,-1.154814647147518e-06,7.2857486137600905e-06,1.192047492876528e-06
2372.0,1.9802699638415966e-06,2.9562388291919777e-07,-7.0033700539928745e-06,-1.1462832405234843e-06,7.277957216338755e-06,1.1833554522343443e-06
2373.0,1.9785466154331743e-06,2.9381017141791123e-07,-6.9955532139842624e-06,-1.1375921725432695e-06,7.269966401512982e-06,1.1744990790725775e-06
2374.0,1.9767081782251505e-06,2.919568693037667e-07,-6.987585590756407e-06,-1.1287427691760064e-06,7.261799199234908e-06,1.165479601576174e-06
2375.0,1.974880190130923e-06,2.9006379481634504e-07,-6.979356221792354e-06,-1.1197363526096323e-06,7.253383006297351e-06,1.1562982432876777e-06
2376.0,1.9730959081865063e-06,2.881307636202971e-07,-6.970978495723923e-06,-1.110574239941959e-06,7.244835998885531e-06,1.1469562221017145e-06
2377.0,1.9712483842748707e-06,2.861575897644661e-07,-6.962657929376892e-06,-1.101257741926704e-06,7.236326805363422e-06,1.137454749318914e-06
2378.0,1.9692830874884493e-06,2.84144086660862e-07,-6.954359329403026e-06,-1.0917881617785105e-06,7.227806690907204e-06,1.1277950287621524e-06
2379.0,1.9672264316150656e-06,2.8209006807973475e-07,-6.945907996935841e-06,-1.0821667940407919e-06,7.219114747331712e-06,1.117978255957784e-06
2380.0,1.965206350623694e-06,2.799953491568738e-07,-6.93734932788459e-06,-1.0723949235200537e-06,7.210329513803961e-06,1.1080056173843174e-06
2381.0,1.9632997909357908e-06,2.7785974740913704e-07,-6.928549002582773e-06,-1.0624738242901311e-06,7.201342746341078e-06,1.0978782897907533e-06
2382.0,1.9615536799577615e-06,2.7568308375408236e-07,-6.9194630277769065e-06,-1.0524047587695944e-06,7.192124959434965e-06,1.0875974395865844e-06
2383.0,1.9598964361156046e-06,2.7346518352943913e-07,-6.91010605868847e-06,-1.0421889768753918e-06,7.182670797316396e-06,1.0771642223052496e-06
2384.0,1.9582091525804923e-06,2.712058775080227e-07,-6.900501536621917e-06,-1.031827715255628e-06,7.172970412748922e-06,1.0665797821426222e-06
2385.0,1.956460646462821e-06,2.68905002903575e-07,-6.8906519172795555e-06,-1.0213221966042143e-06,7.163017667594164e-06,1.0558452515719307e-06
2386.0,1.9547052560742184e-06,2.665624043629226e-07,-6.880601176428858e-06,-1.0106736290599639e-06,7.152869716917704e-06,1.044961751036326e-06
2387.0,1.9529844232091254e-06,2.6417793493978533e-07,-6.870393836899691e-06,-9.998832056925205e-07,7.142580740279156e-06,1.0339303887201166e-06
2388.0,1.9513028164108714e-06,2.617514570455624e-07,-6.860057988944401e-06,-9.8895210407731e-07,7.132179070453356e-06,1.0227522603994936e-06
2389.0,1.949611894452863e-06,2.5928284337245756e-07,-6.8496284543195785e-06,-9.77881485961468e-07,7.121684948185822e-06,1.0114284493733534e-06
2390.0,1.947904261723199e-06,2.567719777843975e-07,-6.83919360761065e-06,-9.66672497022416e-07,7.1111813515914336e-06,9.999600264745847e-07
2391.0,1.9461092213290954e-06,2.542187561713446e-07,-6.82867951401489e-06,-9.553262667204546e-07,7.100577793846694e-06,9.883480501619181e-07
2392.0,1.9441457702329412e-06,2.516230872628164e-07,-6.81810128050353e-06,-9.438439082463809e-07,7.089866560600313e-06,9.7659356669217e-07
2393.0,1.9419683688348677e-06,2.4898489339670106e-07,-6.80751858095352e-06,-9.322265185647606e-07,7.079092482485491e-06,9.646976103724034e-07
2394.0,1.9395701963687006e-06,2.463041112397951e-07,-6.796860106739189e-06,-9.20475178553083e-07,7.068185046900256e-06,9.526612038912446e-07
2395.0,1.936973483968041e-06,2.435806924568893e-07,-6.785956048693809e-06,-9.085909532366069e-07,7.056987018012671e-06,9.404853587282956e-07
2396.0,1.9342605571404103e-06,2.408146043256734e-07,-6.7749884956058715e-06,-8.965748921182805e-07,7.0456960634490214e-06,9.281710756402986e-07
2397.0,1.931420005929496e-06,2.380058302952003e-07,-6.763935769760199e-06,-8.844280296027089e-07,7.034288189770603e-06,9.157193452224374e-07
2398.0,1.928450851867991e-06,2.351543704861415e-07,-6.7527251692012236e-06,-8.721513855127267e-07,7.022693208366294e-06,9.031311485428996e-07
2399.0,1.9253821260667436e-06,2.3226024213154895e-07,-6.741382219066505e-06,-8.597459656967426e-07,7.010943627994974e-06,8.904074578485793e-07
2400.0,1.92221925296443e-06,2.2932347995731194e-07,-6.729985908948688e-06,-8.472127627246392e-07,6.999116886516114e-06,8.775492373395546e-07
2401.0,1.9189717292422692e-06,2.2634413650194224e-07,-6.718424730101091e-06,-8.345527566696395e-07,6.987108368392821e-06,8.645574440097495e-07
2402.0,1.9157844100559096e-06,2.2332228237573504e-07,-6.706781412291196e-06,-8.217669159732153e-07,6.9750374062128125e-06,8.514330285509683e-07
2403.0,1.912701089040736e-06,2.2025800645972383e-07,-6.694998296807864e-06,-8.088561983897755e-07,6.9628605939138126e-06,8.381769363172759e-07
2404.0,1.9097128956258036e-06,2.1715141604517294e-07,-6.683094955994839e-06,-7.958215520075727e-07,6.950594329592481e-06,8.247901083464921e-07
2405.0,1.9067918229920267e-06,2.140026369146329e-07,-6.670971094968614e-06,-7.826639163419898e-07,6.9381345047596195e-06,8.112734824353847e-07
2406.0,1.9039065317083548e-06,2.108118133658252e-07,-6.658718255725393e-06,-7.693842234971109e-07,6.925560547032447e-06,7.976279942649613e-07
2407.0,1.9010491406623586e-06,2.0757910817983487e-07,-6.646441506219514e-06,-7.559833993912581e-07,6.91297132431566e-06,7.838545785721041e-07
2408.0,1.8981638014448077e-06,2.0430470253528452e-07,-6.633825795354653e-06,-7.424623650419718e-07,6.900048586801994e-06,7.699541703636478e-07
2409.0,1.895296554615955e-06,2.009887958703505e-07,-6.6210070015504385e-06,-7.288220379057318e-07,6.886935657062511e-06,7.559277061688857e-07
2410.0,1.892387109736493e-06,1.9763160569467065e-07,-6.608056562218412e-06,-7.150633332675615e-07,6.873684637992541e-06,7.417761253263809e-07
2411.0,1.8893877033465678e-06,1.9423336735338783e-07,-6.595083076099684e-06,-7.011871656755069e-07,6.860386772931515e-06,7.275003713008769e-07
2412.0,1.8863561718207578e-06,1.9079433374578257e-07,-6.5822354377576e-06,-6.871944504148566e-07,6.8472011044687625e-06,7.131013930260371e-07
2413.0,1.8831809943109512e-06,1.8731477500116738e-07,-6.569285776747424e-06,-6.730861050168344e-07,6.8338778357466994e-06,6.985801462686683e-07
2414.0,1.8797536184278485e-06,1.8379497811494903e-07,-6.556085299369574e-06,-6.588630507963798e-07,6.820243992600443e-06,6.839375950100448e-07
2415.0,1.8761500290009892e-06,1.8023524654801046e-07,-6.542799892705897e-06,-6.445262144135178e-07,6.806479954228376e-06,6.69174712839901e-07
2416.0,1.8725132645280862e-06,1.7663589979281053e-07,-6.529552781076031e-06,-6.30076529452739e-07,6.792743587586047e-06,6.542924843586506e-07
2417.0,1.8688974436631423e-06,1.729972729098417e-07,-6.51641967469585e-06,-6.155149380147376e-07,6.779122585681262e-06,6.392919065833947e-07
2418.0,1.865221658431393e-06,1.6931971603830864e-07,-6.5030083582495735e-06,-6.008423923148306e-07,6.765217627138492e-06,6.241739903533104e-07
2419.0,1.8613589753690984e-06,1.6560359388508417e-07,-6.489227765360539e-06,-5.860598562823726e-07,6.750906178129958e-06,6.089397617300622e-07
2420.0,1.8572663925131572e-06,1.6184928519615953e-07,-6.475263405691933e-06,-5.711683071555215e-07,6.736354698637233e-06,5.935902633889584e-07
2421.0,1.8530447603581912e-06,1.5805718221492902e-07,-6.461358317000343e-06,-5.561687370657859e-07,6.721824617212238e-06,5.781265559966864e-07
2422.0,1.8488319336873449e-06,1.5422769013172697e-07,-6.4476064179919135e-06,-5.410621546068995e-07,6.707444225660964e-06,5.625497195715853e-07
2423.0,1.8447111680419681e-06,1.503612265290609e-07,-6.433868924959896e-06,-5.258495863827151e-07,6.693103064876812e-06,5.46860854822574e-07
2424.0,1.840750807502456e-06,1.4645822082694864e-07,-6.419864775397688e-06,-5.105320785289832e-07,6.678549787919002e-06,5.310610844629948e-07
2425.0,1.836851117931193e-06,1.4251911373265798e-07,-6.405494407224488e-06,-4.951106982040788e-07,6.663661203154709e-06,5.151515544958138e-07
2426.0,1.8329158141539015e-06,1.3854435669898e-07,-6.390947098589006e-06,-4.795865350440012e-07,6.648592723181252e-06,4.991334354667991e-07
2427.0,1.829041188561309e-06,1.345344113949331e-07,-6.376406365748988e-06,-4.6396070257725167e-07,6.633547302207016e-06,4.830079236825285e-07
2428.0,1.8252810728147661e-06,1.304897491925246e-07,-6.361723576153722e-06,-4.482343395955393e-07,6.618396924797267e-06,4.6677624239031906e-07
2429.0,1.8215178704539259e-06,1.264108506728881e-07,-6.346686257874268e-06,-4.32408611476626e-07,6.6029049522367865e-06,4.504396429174362e-07
2430.0,1.8175928735986169e-06,1.2229820515478212e-07,-6.331313875285183e-06,-4.1648471145600116e-07,6.587046321496089e-06,4.339994057672223e-07
2431.0,1.8136386430722684e-06,1.1815231024809134e-07,-6.315788291355595e-06,-4.0046386184448386e-07,6.571032405099631e-06,4.1745684167007237e-07
2432.0,1.8097998245591995e-06,1.1397367143461709e-07,-6.300484396482009e-06,-3.843473151892455e-07,6.555263460402471e-06,4.0081329258746963e-07
2433.0,1.8061420813120233e-06,1.0976280167808547e-07,-6.285487671120471e-06,-3.68136355376138e-07,6.539839790216085e-06,3.840701326675699e-07
2434.0,1.8025073983685136e-06,1.0552022106494484e-07,-6.2705483605540735e-06,-3.518322986715782e-07,6.524477731069407e-06,3.672287691510891e-07
2435.0,1.7987484660086928e-06,1.0124645647716806e-07,-6.255315261549654e-06,-3.3543649470259856e-07,6.508799049390344e-06,3.5029064322647474e-07
2436.0,1.7948798428368828e-06,9.694204129793655e-08,-6.2396113804097375e-06,-3.1895032737401036e-07,6.492637663443176e-06,3.3325723083359346e-07
2437.0,1.7909364058987798e-06,9.26075151507637e-08,-6.223767845758843e-06,-3.023752157219871e-07,6.476321441055509e-06,3.1613004341541435e-07
2438.0,1.7869649489299366e-06,8.82434236723282e-08,-6.207689387305315e-06,-2.85712614703751e-07,6.459771765160687e-06,2.989106286174499e-07
2439.0,1.783085450901556e-06,8.385031831902873e-08,-6.191321239468195e-06,-2.6896401592342336e-07,6.442969223541798e-06,2.81600570935016e-07
2440.0,1.7792944585481862e-06,7.942875620703868e-08,-6.174634257616329e-06,-2.5213094829448447e-07,6.425884918480056e-06,2.642014923086706e-07
2441.0,1.775550481808441e-06,7.497929998543253e-08,-6.1578520401117665e-06,-2.352149786396362e-07,6.408722279936839e-06,2.4671505266847245e-07
2442.0,1.7718926462184648e-06,7.050251774177555e-08,-6.141390169411842e-06,-2.1821771222917013e-07,6.3918914855206585e-06,2.2914295042794678e-07
2443.0,1.7679015703597756e-06,6.599898293942376e-08,-6.124990790945528e-06,-2.0114079325919312e-07,6.3750284824185754e-06,2.1148692292884818e-07
2444.0,1.7633787094128994e-06,6.146927438567808e-08,-6.10880917384371e-06,-1.8398590527123648e-07,6.358227268291671e-06,1.9374874683794879e-07
2445.0,1.7586734881724908e-06,5.6913976229882196e-08,-6.093144225227665e-06,-1.6675477151489616e-07,6.341871883555046e-06,1.759302384971793e-07
2446.0,1.754044330226634e-06,5.233367799053746e-08,-6.077721082964338e-06,-1.494491552552084e-07,6.325769919520422e-06,1.5803325422850486e-07
2447.0,1.7493728664552677e-06,4.772897461051475e-08,-6.06209887743514e-06,-1.3207086002651175e-07,6.30946497142906e-06,1.4005969059496614e-07
2448.0,1.7446399697973458e-06,4.310046653944964e-08,-6.045834727630428e-06,-1.146217298345979e-07,6.29252621591969e-06,1.2201148461935685e-07
2449.0,1.740002372380145e-06,3.844875984239613e-08,-6.029565842891049e-06,-9.710364930904626e-08,6.2756093337338155e-06,1.0389061396211541e-07
2450.0,1.73540025619201e-06,3.3774466333776196e-08,-6.013134454696534e-06,-7.951854380779427e-08,6.258546158609831e-06,8.569909706013075e-08
2451.0,1.7303036536631122e-06,2.9078203735600137e-08,-5.995695179006333e-06,-6.186837947620341e-08,6.240377505683426e-06,6.743899322834936e-08
2452.0,1.7247484169757854e-06,2.436059585884133e-08,-5.97763751364333e-06,-4.4155163263131655e-08,6.221487550929961e-06,4.911240272629547e-08
2453.0,1.7192643569363675e-06,1.962227280673081e-08,-5.9598749909683946e-06,-2.638094289678907e-08,6.20290092110154e-06,3.0721466791828816e-08
2454.0,1.7141022593258892e-06,1.4863871198578684e-08,-5.942180235862793e-06,-8.547806823393518e-09,6.184468652269532e-06,1.2268367644660731e-08
2455.0,1.7096084189704985e-06,1.0086034412512608e-08,-5.925184028809927e-06,9.342115888169578e-09,6.1668927930911075e-06,-6.244671537742875e-09
2456.0,1.705621632791532e-06,5.2894128452364574e-09,-5.908837884760487e-06,2.728665567239256e-08,6.150082137876472e-06,-2.4815386669223974e-08
2457.0,1.7017557063236932e-06,4.74664186557797e-10,-5.892345217695105e-06,4.528360262058598e-08,6.133164325900589e-06,-4.344147282640475e-08
2458.0,1.698194832616684e-06,-4.357546293955518e-09,-5.875662198784326e-06,6.333070665846646e-08,6.116148458282309e-06,-6.212058434017418e-08
2459.0,1.6947845032366793e-06,-9.20654545121342e-09,-5.858806699510222e-06,8.14256777447038e-08,6.099008973155972e-06,-8.08503349049613e-08
2460.0,1.6908716206909258e-06,-1.4071651963093507e-08,-5.841149874563634e-06,9.956618608729979e-08,6.080960343134357e-06,-9.962829770371499e-08
2461.0,1.6866159586181872e-06,-1.895217602679001e-08,-5.8233004939789446e-06,1.1774986237468098e-07,6.062631609708854e-06,-1.184520055465916e-07
2462.0,1.6824474309007353e-06,-2.3847419056776737e-08,-5.805028007510593e-06,1.359742980183841e-07,6.043920873549462e-06,-1.3731895102138543e-07
2463.0,1.6787347135172048e-06,-2.875667338818374e-08,-5.785889329812388e-06,1.5423704540420255e-07,6.024505421626288e-06,-1.5622658665374243e-07
2464.0,1.6753451254070129e-06,-3.3679221989335185e-08,-5.766822614161615e-06,1.725356181486877e-07,6.005249732728094e-06,-1.751723250752103e-07
2465.0,1.6719066409098815e-06,-3.861433818706193e-08,-5.748630953150702e-06,1.9086749135800702e-07,5.986821331177415e-06,-1.941535391972346e-07
2466.0,1.6675259159604217e-06,-4.3561285408176406e-08,-5.7308986257664785e-06,2.0923010188637405e-07,5.968571163956391e-06,-2.131675623893649e-07
2467.0,1.6624619048888345e-06,-4.8519316940169825e-08,-5.71397189536027e-06,2.2762084859162433e-07,5.950903662988811e-06,-2.322116886601773e-07
2468.0,1.6570946333449577e-06,-5.348767571375272e-08,-5.69720442478161e-06,2.4603709258598267e-07,5.933304381338599e-06,-2.512831728397616e-07
2469.0,1.6516323138315858e-06,-5.846559410933472e-08,-5.680584966860636e-06,2.644761574806437e-07,5.915820726308035e-06,-2.703792307630158e-07
2470.0,1.646579964570405e-06,-6.34522937889627e-08,-5.664133584104558e-06,2.8293532962337026e-07,5.898612958849379e-06,-2.89497039453401e-07
2471.0,1.6416423569143301e-06,-6.84469855546626e-08,-5.647625698768088e-06,3.01411858328887e-07,5.881382971835874e-06,-3.086337373071933e-07
2472.0,1.6362446661200014e-06,-7.344886923358935e-08,-5.630344275198151e-06,3.199029561023439e-07,5.863281782812656e-06,-3.277864242786003e-07
2473.0,1.630412768072187e-06,-7.845713358989277e-08,-5.6126315079452205e-06,3.384057988565349e-07,5.844645261970332e-06,-3.4695216206636066e-07
2474.0,1.6244437000267897e-06,-8.347095626275791e-08,-5.5946287342845125e-06,3.569175261238731e-07,5.8256920626684905e-06,-3.661279743026328e-07
2475.0,1.6183511569733966e-06,-8.8489503729682e-08,-5.5765760527681785e-06,3.754352412643575e-07,5.806656605963939e-06,-3.853108467450813e-07
2476.0,1.6124326928657062e-06,-9.351193129372396e-08,-5.559141057653871e-06,3.939560116709542e-07,5.7882629940177355e-06,-4.044977274731691e-07
2477.0,1.6064010482652602e-06,-9.853738309323312e-08,-5.541539172648768e-06,4.124768689739942e-07,5.769677697226122e-06,-4.23685527089767e-07
2478.0,1.6008090923669283e-06,-1.0356499213244889e-07,-5.5245178014473595e-06,4.3099480924636006e-07,5.7517724823495405e-06,-4.428711189293282e-07
2479.0,1.5956681414519558e-06,-1.0859388033137321e-07,-5.50805556115419e-06,4.4950679321143157e-07,5.734529874576149e-06,-4.6205133927406023e-07
2480.0,1.5907056635511285e-06,-1.136231585934468e-07,-5.491007968372319e-06,4.680097464559252e-07,5.71677470404265e-06,-4.812229875797332e-07
2481.0,1.5861945568407254e-06,-1.1865192688979521e-07,-5.473808424139026e-06,4.865005596499045e-07,5.698999196027888e-06,-5.003828267129544e-07
2482.0,1.5820322892268202e-06,-1.2367927435912425e-07,-5.456680091608934e-06,5.049760887763112e-07,5.681389247914416e-06,-5.195275832019067e-07
2483.0,1.5776672311063056e-06,-1.2870427942270038e-07,-5.43876425590506e-06,5.234331553723661e-07,5.662966583286286e-06,-5.386539475026361e-07
2484.0,1.5734859619975783e-06,-1.3372600991421946e-07,-5.420717586190893e-06,5.41868546785105e-07,5.644469613864766e-06,-5.577585742830094e-07
2485.0,1.5694892744611e-06,-1.3874352322471083e-07,-5.402438009671773e-06,5.602790164431952e-07,5.625800656883848e-06,-5.76838082726433e-07
2486.0,1.5655268572334347e-06,-1.4375586646292388e-07,-5.383288383731255e-06,5.786612841470107e-07,5.606306106799295e-06,-5.958890568573531e-07
2487.0,1.5622021712624612e-06,-1.487620766318818e-07,-5.364535057450492e-06,5.970120363788017e-07,5.587370759714492e-06,-6.149080458904847e-07
2488.0,1.5591152595639812e-06,-1.5376118082245302e-07,-5.346658258409409e-06,6.153279266346901e-07,5.569344209583638e-06,-6.338915646056666e-07
2489.0,1.5550786099660652e-06,-1.5875219642486266e-07,-5.328762525791397e-06,6.336055757801995e-07,5.5510340964051646e-06,-6.528360937502345e-07
2490.0,1.5504157564460996e-06,-1.6373413135902733e-07,-5.311454471079724e-06,6.518415724311065e-07,5.5331128324108054e-06,-6.717380804708715e-07
2491.0,1.5457774064919771e-06,-1.687059843244323e-07,-5.295233456936721e-06,6.700324733615656e-07,5.516241941202641e-06,-6.905939387770077e-07
2492.0,1.5412336053510778e-06,-1.736667450699863e-07,-5.279551755443812e-06,6.88174803941687e-07,5.499915250680989e-06,-7.094000500379788e-07
2493.0,1.536295684417821e-06,-1.7861539468391858e-07,-5.262816259066216e-06,7.062650586069849e-07,5.48246654405228e-06,-7.281527635162825e-07
2494.0,1.5312888486107568e-06,-1.835509059033599e-07,-5.245449902380184e-06,7.242997013623207e-07,5.464392941238755e-06,-7.468483969393494e-07
2495.0,1.5264022109606756e-06,-1.8847224344280154e-07,-5.228275761104406e-06,7.422751663230884e-07,5.446537537167765e-06,-7.654832371122345e-07
2496.0,1.521057439252127e-06,-1.933783643401759e-07,-5.210453793258463e-06,7.60187858296419e-07,5.427931877353081e-06,-7.8405354057355e-07
2497.0,1.5149150077720108e-06,-1.9826821831886146e-07,-5.192837679912632e-06,7.780341534051523e-07,5.40930038458702e-06,-8.025555342967957e-07
2498.0,1.508048926318617e-06,-2.031407481635061e-07,-5.175919298883169e-06,7.958103997572499e-07,5.391136443526724e-06,-8.209854164390697e-07
2499.0,1.5010800805681512e-06,-2.0799489010720605e-07,-5.159347255923041e-06,8.135129181632777e-07,5.37327698108697e-06,-8.393393571389867e-07
2500.0,1.4952042466653825e-06,-2.1282957422732323e-07,-5.143640189331222e-06,8.31138002904534e-07,5.356553942279451e-06,-8.576134993655268e-07
2501.0,1.4904991993691663e-06,-2.1764372484711454e-07,-5.1285819588908765e-06,8.486819225543977e-07,5.340780914096843e-06,-8.758039598194874e-07
2502.0,1.485983781829292e-06,-2.2243626094041302e-07,-5.11276075049194e-06,8.661409208554186e-07,5.324328154014419e-06,-8.939068298891967e-07
2503.0,1.481414963366845e-06,-2.272060965368429e-07,-5.096415142069599e-06,8.835112176545944e-07,5.307356931091358e-06,-9.11918176662125e-07
2504.0,1.476658547189258e-06,-2.3195214112541317e-07,-5.080176588845298e-06,9.007890098990794e-07,5.290436148262158e-06,-9.298340439939524e-07
2505.0,1.4712909026104448e-06,-2.3667330005477028e-07,-5.06363320240677e-06,9.179704726942753e-07,5.2730520695912434e-06,-9.476504536364872e-07
2506.0,1.465887466134408e-06,-2.4136847492885354e-07,-5.046608230252492e-06,9.350517604258664e-07,5.255195590367892e-06,-9.653634064255834e-07
2507.0,1.4613794216133957e-06,-2.4603656399718666e-07,-5.029648157184319e-06,9.520290079469149e-07,5.237651229223145e-06,-9.829688835299163e-07
2508.0,1.4582190480671997e-06,-2.5067646253956e-07,-5.0125524797550725e-06,9.688983318306625e-07,5.220352972208368e-06,-1.0004628477611728e-06
2509.0,1.4562810067564325e-06,-2.5528706324542504e-07,-4.995688047348956e-06,9.8565583168924e-07,5.203619263269052e-06,-1.0178412449459413e-06
2510.0,1.4544800150673165e-06,-2.5986725658890983e-07,-4.979429480411746e-06,1.0022975915580844e-06,5.187507114657657e-06,-1.0351000053593679e-06
2511.0,1.4514662458886551e-06,-2.644159312009089e-07,-4.963326140527968e-06,1.018819681345536e-06,5.171204950512246e-06,-1.0522350452204802e-06
2512.0,1.4472950435329146e-06,-2.68931974240131e-07,-4.947579204717112e-06,1.035218158346841e-06,5.154920264173263e-06,-1.0692422682489672e-06
2513.0,1.4427669469407878e-06,-2.7341427176523004e-07,-4.9322819260511075e-06,1.0514890688215993e-06,5.138966964403961e-06,-1.0861175672830934e-06
2514.0,1.4385508729786167e-06,-2.7786170911020744e-07,-4.917052671915556e-06,1.0676284496335918e-06,5.123166559125269e-06,-1.1028568259583335e-06
2515.0,1.4351097066822582e-06,-2.8227317126519285e-07,-4.90202646991067e-06,1.0836323299518066e-06,5.107778713092267e-06,-1.119455920446199e-06
2516.0,1.4321751577173192e-06,-2.866475432645471e-07,-4.887227485372847e-06,1.0994967330114196e-06,5.092751532930547e-06,-1.1359107212526005e-06
2517.0,1.4289277437962156e-06,-2.9098371058402714e-07,-4.872253498322543e-06,1.1152176779333922e-06,5.077468724562152e-06,-1.1522170950749593e-06
2518.0,1.424974019809122e-06,-2.952805595484994e-07,-4.857109234923662e-06,1.130791181601249e-06,5.061823888393559e-06,-1.1683709067171017e-06
2519.0,1.420035963123345e-06,-2.9953697775136813e-07,-4.841820450462997e-06,1.1462132605934734e-06,5.045763313026617e-06,-1.1843680210607752e-06
2520.0,1.414194206544872e-06,-3.037518544864864e-07,-4.8262005824528664e-06,1.161479933169832e-06,5.0291308708258396e-06,-1.2002043050923791e-06
2521.0,1.407912236933706e-06,-3.0792408119286363e-07,-4.810638540575507e-06,1.1765872213098167e-06,5.012430551636413e-06,-1.2158756299832613e-06
2522.0,1.4023925109518665e-06,-3.12052551912031e-07,-4.796536447249089e-06,1.1915311528012988e-06,4.997345960063481e-06,-1.231377873221722e-06
2523.0,1.398187243650817e-06,-3.1613616375755496e-07,-4.7835881946123315e-06,1.20630776337747e-06,4.9837379128463745e-06,-1.2467069207947293e-06
2524.0,1.3950876082413632e-06,-3.2017381739594917e-07,-4.771101902223407e-06,1.2209130989001833e-06,4.9708835025645515e-06,-1.2618586694173327e-06
2525.0,1.3921841218456077e-06,-3.241644175381517e-07,-4.758427101014817e-06,1.2353432175878995e-06,4.957903297240811e-06,-1.27682902880782e-06
2526.0,1.3884986462819882e-06,-3.2810687344076755e-07,-4.744815742252495e-06,1.249594192286523e-06,4.943804700699048e-06,-1.291613924006751e-06
2527.0,1.384648683488976e-06,-3.320000994163551e-07,-4.731355427001205e-06,1.2636621127814388e-06,4.929804879840733e-06,-1.3062092977380472e-06
2528.0,1.381181733872694e-06,-3.3584301535210667e-07,-4.718277474280441e-06,1.2775430881489913e-06,4.916279620433097e-06,-1.3206111128102692e-06
2529.0,1.3781596076289926e-06,-3.396345472363067e-07,-4.7049501631923896e-06,1.2912332491455086e-06,4.9026400991939224e-06,-1.334815354556095e-06
2530.0,1.3755250393987506e-06,-3.4337362769195436e-07,-4.691091414044113e-06,1.3047287506317975e-06,4.888599777945759e-06,-1.3488180333078363e-06
2531.0,1.3729331304612735e-06,-3.47059196516911e-07,-4.676823580518352e-06,1.3180257740308456e-06,4.874179334412173e-06,-1.3626151869066502e-06
2532.0,1.3701360135620622e-06,-3.5069020122987417e-07,-4.663336851284949e-06,1.3311205298163088e-06,4.860450934245913e-06,-1.376202883242921e-06
2533.0,1.366931057067422e-06,-3.5426559762136185e-07,-4.651410795808442e-06,1.3440092600292429e-06,4.848105084065194e-06,-1.3895772228251585e-06
2534.0,1.3632512734229607e-06,-3.577843503087044e-07,-4.640888370210927e-06,1.3566882408205233e-06,4.836972079643252e-06,-1.402734341374675e-06
2535.0,1.3591973149207348e-06,-3.612454332937818e-07,-4.6308933324690216e-06,1.3691537850164607e-06,4.826239778294669e-06,-1.4156704124433005e-06
2536.0,1.3552444692033205e-06,-3.646478305219358e-07,-4.620956338075022e-06,1.3814022447052402e-06,4.8155918690958335e-06,-1.4283816500514233e-06
2537.0,1.3515690583387752e-06,-3.679905364401618e-07,-4.610741312027766e-06,1.3934300138419126e-06,4.8047553908496e-06,-1.4408643113436462e-06
2538.0,1.3476562902570155e-06,-3.712725565523887e-07,-4.599745270394973e-06,1.405233530869663e-06,4.793102755959882e-06,-1.4531146992592657e-06
2539.0,1.3435290024677027e-06,-3.7449290796940763e-07,-4.588457277077129e-06,1.4168092813549553e-06,4.7811097418940224e-06,-1.465129165214581e-06
2540.0,1.3392721188720813e-06,-3.7765061995083807e-07,-4.576915156206951e-06,1.428153800633877e-06,4.768836562045821e-06,-1.4769041117937452e-06
2541.0,1.3348417778336064e-06,-3.807447344364231e-07,-4.565114422427907e-06,1.4392636764666481e-06,4.756266630636814e-06,-1.488435995444481e-06
2542.0,1.330346482197875e-06,-3.8377430656394723e-07,-4.553645898630609e-06,1.4501355516968714e-06,4.743997547724032e-06,-1.4997213291746196e-06
2543.0,1.3260509962031986e-06,-3.867384051711865e-07,-4.542982266653173e-06,1.4607661269117308e-06,4.732557355136512e-06,-1.5107566852451024e-06
2544.0,1.3225449772003017e-06,-3.896361132795506e-07,-4.534005746792413e-06,1.471152163099059e-06,4.722958112101395e-06,-1.5215386978548742e-06
2545.0,1.3199265763985668e-06,-3.924665285574752e-07,-4.5263183712229704e-06,1.4812904842970059e-06,4.7148450838552275e-06,-1.5320640658130304e-06
2546.0,1.3179947584707197e-06,-3.9522876376216743e-07,-4.518808333187074e-06,1.49117798023193e-06,4.7070945322393125e-06,-1.5423295551936285e-06
2547.0,1.3165286999738957e-06,-3.979219471589684e-07,-4.511154116038085e-06,1.5008116089400468e-06,4.699336046347645e-06,-1.552332001968675e-06
2548.0,1.3151792250809535e-06,-4.005452229183245e-07,-4.503120166365893e-06,1.5101883993682337e-06,4.691245850178364e-06,-1.5620683146148772e-06
2549.0,1.3135540966879855e-06,-4.0309775149109165e-07,-4.494402267352093e-06,1.5193054539491525e-06,4.682422034129925e-06,-1.5715354766897161e-06
2550.0,1.3116756430175958e-06,-4.055787099635798e-07,-4.485103165696724e-06,1.5281599511454607e-06,4.67296944131121e-06,-1.580730549372229e-06
2551.0,1.3097982468068814e-06,-4.0798729239433705e-07,-4.475251616620213e-06,1.5367491479574125e-06,4.662987076906841e-06,-1.5896506739635905e-06
2552.0,1.3082808416053915e-06,-4.103227101351716e-07,-4.465055738256396e-06,1.5450703823876116e-06,4.6527756776195516e-06,-1.5982930743422177e-06
2553.0,1.307314075799093e-06,-4.125841921393152e-07,-4.454935533637627e-06,1.5531210758561855e-06,4.642792338846269e-06,-1.6066550593677535e-06
2554.0,1.306918927024281e-06,-4.1477098525995984e-07,-4.445743573722183e-06,1.560898735559266e-06,4.6338615651642406e-06,-1.6147340252280154e-06
2555.0,1.3067931645682762e-06,-4.168823545426452e-07,-4.438083393787373e-06,1.5684009567634574e-06,4.626477340825698e-06,-1.6225274577228637e-06
2556.0,1.306447229731944e-06,-4.189175835151171e-07,-4.431819225492184e-06,1.5756254250290018e-06,4.62037076558975e-06,-1.630032934479016e-06
2557.0,1.3056103712050238e-06,-4.2087597447829087e-07,-4.426514305710949e-06,1.5825699183545951e-06,4.6150457570929675e-06,-1.6372481270900688e-06
2558.0,1.3043372900090056e-06,-4.2275684880180537e-07,-4.421679100863329e-06,1.589232309237237e-06,4.61004792134741e-06,-1.6441708031763543e-06
2559.0,1.3029021294352905e-06,-4.2455954722733764e-07,-4.417002250067803e-06,1.595610566641e-06,4.605156114182346e-06,-1.6507988283596658e-06
2560.0,1.3015987278541807e-06,-4.262834301823819e-07,-4.41244068177804e-06,1.6017027578691392e-06,4.6004121574660544e-06,-1.6571301681482508e-06
2561.0,1.300372586610088e-06,-4.279278781066166e-07,-4.407748396439981e-06,1.607507050334408e-06,4.59556468677422e-06,-1.6631628897277497e-06
2562.0,1.2988749227560437e-06,-4.294922917923211e-07,-4.402576279316506e-06,1.6130217132228238e-06,4.590180166416661e-06,-1.6688951636539217e-06
2563.0,1.2968228856879982e-06,-4.309760927395928e-07,-4.396847246013191e-06,1.6182451190463904e-06,4.5841046346716314e-06,-1.6743252654430574e-06
2564.0,1.2939863101024685e-06,-4.323787235263752e-07,-4.3907747099281025e-06,1.6231757450804827e-06,4.57747781251606e-06,-1.6794515770559592e-06
2565.0,1.290562288674968e-06,-4.33699648192557e-07,-4.385233942028055e-06,1.6278121746817724e-06,4.571195439626804e-06,-1.6842725882713214e-06
2566.0,1.2870109198925839e-06,-4.34938352636691e-07,-4.3808827751568025e-06,1.6321530984827657e-06,4.5660191630772114e-06,-1.68878689794433e-06
2567.0,1.2838714192053846e-06,-4.3609434502325436e-07,-4.377896481944088e-06,1.6361973154593146e-06,4.5622695478972824e-06,-1.6929932151464043e-06
2568.0,1.2813937860511881e-06,-4.3716715619789823e-07,-4.375902083908478e-06,1.6399437338678612e-06,4.559658877907991e-06,-1.6968903601822459e-06
2569.0,1.279607980519959e-06,-4.381563401078599e-07,-4.374587311506417e-06,1.6433913720496688e-06,4.557895427695035e-06,-1.7004772654807586e-06
2570.0,1.2783326384657734e-06,-4.390614742246513e-07,-4.373736628926483e-06,1.6465393590998251e-06,4.5567210177692536e-06,-1.703752976356906e-06
2571.0,1.2772614938205695e-06,-4.3988215996627876e-07,-4.372946499853203e-06,1.649386935399313e-06,4.555662192719641e-06,-1.7067166516420822e-06
2572.0,1.2761546070161334e-06,-4.406180231165548e-07,-4.371690466797862e-06,1.6519334530088313e-06,4.554146255721242e-06,-1.7093675641810537e-06
2573.0,1.2752694953377386e-06,-4.41268714239481e-07,-4.369730396636129e-06,1.6541783759233212e-06,4.552016698675952e-06,-1.7117051011938897e-06
2574.0,1.2749358803132438e-06,-4.4183390908718163e-07,-4.366892852436521e-06,1.656121280186254e-06,4.54919934533224e-06,-1.7137287645015438e-06
2575.0,1.27544741412855e-06,-4.4231330900042085e-07,-4.36343339271783e-06,1.6577618538627234e-06,4.546022115970427e-06,-1.7154381706138982e-06
2576.0,1.2767548743797263e-06,-4.427066413013274e-07,-4.359981474244545e-06,1.65909989687032e-06,4.543076211666279e-06,-1.7168330506791718e-06
2577.0,1.2785977588081199e-06,-4.430136596785435e-07,-4.357273988953025e-06,1.660135320666719e-06,4.540996459328696e-06,-1.7179132502937285e-06
2578.0,1.2806508452589682e-06,-4.4323414456557695e-07,-4.3557931265203464e-06,1.6608681477929885e-06,4.54015422078418e-06,-1.7186787291715472e-06
2579.0,1.282570004784711e-06,-4.4336790351359355e-07,-4.355548577139601e-06,1.6612985112718928e-06,4.540461344951222e-06,-1.7191295606729995e-06
2580.0,1.284223905273496e-06,-4.4341477156020527e-07,-4.356180155096201e-06,1.6614266538609193e-06,4.54153460655425e-06,-1.7192659311931106e-06
2581.0,1.2856182257381388e-06,-4.433746115959249e-07,-4.357425797796299e-06,1.6612529271604104e-06,4.543123793784492e-06,-1.719088139410131e-06
2582.0,1.2869140009197366e-06,-4.4324731472987765e-07,-4.359210709625749e-06,1.6607777905779377e-06,4.545202487973344e-06,-1.718596595395964e-06
2583.0,1.2882374952338793e-06,-4.4303280065607785e-07,-4.361424164267547e-06,1.6600018101508688e-06,4.54770014235584e-06,-1.7177918195906695e-06
2584.0,1.289500938500554e-06,-4.427310180211225e-07,-4.363691802788949e-06,1.658925657229855e-06,4.55023283141877e-06,-1.7166744416439146e-06
2585.0,1.2902869009623341e-06,-4.4234194479355207e-07,-4.365557418894994e-06,1.6575501070267126e-06,4.552244706127309e-06,-1.715245199126755e-06
2586.0,1.2900965759843341e-06,-4.418655886344037e-07,-4.366739645600415e-06,1.6558760370307995e-06,4.553324533549628e-06,-1.7135049361175547e-06
2587.0,1.2888944624922516e-06,-4.4130198726766116e-07,-4.3677405979214434e-06,1.6539044252985505e-06,4.553944100027399e-06,-1.7114546016661427e-06
2588.0,1.2870910268136804e-06,-4.4065120884843103e-07,-4.369354892952426e-06,1.6516363486213352e-06,4.554982490841387e-06,-1.7090952481405497e-06
2589.0,1.2853049194960775e-06,-4.3991335232580795e-07,-4.37222191562725e-06,1.649072980577284e-06,4.5572286771207826e-06,-1.7064280294608774e-06
2590.0,1.2839510252493636e-06,-4.3908854779661296e-07,-4.3763704208332754e-06,1.6462155894732576e-06,4.5608275888903444e-06,-1.7034541992251471e-06
2591.0,1.2831890421061143e-06,-4.381769568455806e-07,-4.381467184400023e-06,1.6430655361837135e-06,4.565504222509872e-06,-1.700175108732357e-06
2592.0,1.2830120584006455e-06,-4.3717877286718793e-07,-4.3872293013502706e-06,1.6396242718938504e-06,4.570984673418611e-06,-1.6965922049084668e-06
2593.0,1.2831888316078288e-06,-4.3609422136418075e-07,-4.39342564634293e-06,1.635893335754997e-06,4.576981809829143e-06,-1.692707028141563e-06
2594.0,1.2834256182814308e-06,-4.349235602179481e-07,-4.399730135551394e-06,1.6318743524607261e-06,4.583100106187968e-06,-1.6885212100329626e-06
2595.0,1.283660747197768e-06,-4.3366707992618525e-07,-4.405703145471396e-06,1.627569029752502e-06,4.588900208101379e-06,-1.6840364710714268e-06
2596.0,1.2842489738318363e-06,-4.323251038037427e-07,-4.410995618431279e-06,1.6229791558638123e-06,4.594146033008536e-06,-1.679254618237909e-06
2597.0,1.2855343339002179e-06,-4.308979881431452e-07,-4.415422190817697e-06,1.6181065969116571e-06,4.598755445422341e-06,-1.674177542548355e-06
2598.0,1.2877259857047019e-06,-4.2938612233196955e-07,-4.419311150194449e-06,1.6129532942440052e-06,4.603102134049616e-06,-1.6688072165420258e-06
2599.0,1.290797894903939e-06,-4.277899289250724e-07,-4.423335050962596e-06,1.6075212617514328e-06,4.60782510286173e-06,-1.6631456917226488e-06
2600.0,1.294429287118648e-06,-4.2610986367052137e-07,-4.42797679922613e-06,1.6018125831507093e-06,4.61329878870157e-06,-1.6571950959595275e-06
2601.0,1.2982414424322908e-06,-4.243464154889508e-07,-4.433421884553201e-06,1.5958294092476865e-06,4.6195952689909896e-06,-1.6509576308555757e-06
2602.0,1.3019287891380404e-06,-4.2250010640687105e-07,-4.43952486267607e-06,1.5895739551865159e-06,4.626488903942753e-06,-1.644435569089167e-06
2603.0,1.3055294874331214e-06,-4.205714914451429e-07,-4.4463452711918094e-06,1.5830484976920183e-06,4.634047206622647e-06,-1.637631251736679e-06
2604.0,1.3090205195076532e-06,-4.1856115846434344e-07,-4.45369913842919e-06,1.5762553723119226e-06,4.642086894505207e-06,-1.6305470855826597e-06
2605.0,1.31252618193467e-06,-4.164697279690732e-07,-4.461552561285664e-06,1.5691969706656645e-06,4.650610307839034e-06,-1.623185540424609e-06
2606.0,1.3161250719539996e-06,-4.142978528733905e-07,-4.469768135617613e-06,1.5618757377064352e-06,4.659507741297193e-06,-1.6155491463794043e-06
2607.0,1.319602423138777e-06,-4.120462182295189e-07,-4.477926073942484e-06,1.5542941690031611e-06,4.668315807531414e-06,-1.6076404911983826e-06
2608.0,1.3225774482261698e-06,-4.097155409217654e-07,-4.485638885054488e-06,1.5464548080490528e-06,4.676555069029907e-06,-1.5994622175979919e-06
2609.0,1.3247971933916247e-06,-4.073065693272342e-07,-4.493035664465683e-06,1.5383602436032563e-06,4.684277648237657e-06,-1.5910170206127259e-06
2610.0,1.3262367918598361e-06,-4.0482008294443303e-07,-4.500638843774052e-06,1.530013107071997e-06,4.691977624645124e-06,-1.582307644976778e-06
2611.0,1.3271650572688198e-06,-4.022568919902872e-07,-4.508994187635285e-06,1.521416069935423e-06,4.700254851959001e-06,-1.5733368825405163e-06
2612.0,1.3279448772551827e-06,-3.9961783696545e-07,-4.518215696580619e-06,1.5125718412261918e-06,4.7093216791652455e-06,-1.5641075697275465e-06
2613.0,1.3289074533295864e-06,-3.969037881872012e-07,-4.528234718470525e-06,1.5034831650657203e-06,4.719205937981173e-06,-1.5546225850378437e-06
2614.0,1.3301284189914941e-06,-3.9411564528871845e-07,-4.538816564425563e-06,1.4941528182639352e-06,4.729703734539055e-06,-1.5448848466022143e-06
2615.0,1.3316870390300828e-06,-3.9125433668315125e-07,-4.549967132949639e-06,1.4845836079882872e-06,4.740842887171296e-06,-1.5348973097931733e-06
2616.0,1.3335529931435275e-06,-3.883208189907443e-07,-4.561696770766233e-06,1.4747783695077027e-06,4.752624644755899e-06,-1.5246629648971916e-06
2617.0,1.335492161053109e-06,-3.853160764272557e-07,-4.5736541472995995e-06,1.4647399640169608e-06,4.76464600692907e-06,-1.5141848348530866e-06
2618.0,1.3374608505423158e-06,-3.8224112015208085e-07,-4.58529650870787e-06,1.4544712765466905e-06,4.776373687171258e-06,-1.503465973061101e-06
2619.0,1.33963375917312e-06,-3.790969875748099e-07,-4.596244868648736e-06,1.4439752139637353e-06,4.787492611095722e-06,-1.4925094612668637e-06
2620.0,1.3422254308559367e-06,-3.758847416193973e-07,-4.606286368946666e-06,1.4332547030660135e-06,4.797858190899379e-06,-1.4813184075239713e-06
2621.0,1.3455586073130021e-06,-3.7260546994569193e-07,-4.615860035084296e-06,1.4223126887752378e-06,4.807982095349618e-06,-1.4698959442383532e-06
2622.0,1.3498572158654465e-06,-3.692602841287552e-07,-4.625836793670235e-06,1.4111521324299966e-06,4.8187633833689466e-06,-1.458245226296945e-06
2623.0,1.3547131479385577e-06,-3.658503187971551e-07,-4.636399870694419e-06,1.3997760101807974e-06,4.830264120539665e-06,-1.4463694292825454e-06
2624.0,1.3598003933412706e-06,-3.62376730732224e-07,-4.647465287443975e-06,1.3881873114878246e-06,4.8423125371797085e-06,-1.434271747776143e-06
2625.0,1.364933706421434e-06,-3.588406979310474e-07,-4.65886572309504e-06,1.376389037721404e-06,4.854696061418801e-06,-1.4219553937474926e-06
2626.0,1.370014722668067e-06,-3.5524341863665427e-07,-4.670535316719793e-06,1.3643842008645181e-06,4.867323749767845e-06,-1.4094235950342965e-06
2627.0,1.3751417003438071e-06,-3.515861103394497e-07,-4.6826318736981065e-06,1.3521758223161725e-06,4.880374571751424e-06,-1.3966795939099727e-06
2628.0,1.380422434804629e-06,-3.478700087543439e-07,-4.695293463308214e-06,1.3397669317939353e-06,4.894011320491279e-06,-1.3837266457396742e-06
2629.0,1.3858692078927426e-06,-3.440963667782757e-07,-4.70834079757676e-06,1.3271605663335684e-06,4.908065456726409e-06,-1.3705680177238847e-06
2630.0,1.3911162214386152e-06,-3.4026645343290034e-07,-4.721047768441178e-06,1.3143597693832974e-06,4.921737129657889e-06,-1.3572069877285902e-06
2631.0,1.3958466110741696e-06,-3.3638155279711313e-07,-4.7331747151102554e-06,1.3013675899899172e-06,4.934706743607597e-06,-1.3436468432006595e-06
2632.0,1.3998090344080616e-06,-3.3244296293380785e-07,-4.744970735492959e-06,1.2881870820735963e-06,4.947141863085697e-06,-1.3298908801666725e-06
2633.0,1.4031871910513694e-06,-3.284519948148413e-07,-4.7570681452890895e-06,1.2748213037879113e-06,4.959700760333713e-06,-1.3159424023129988e-06
2634.0,1.406339838166959e-06,-3.2440997124761693e-07,-4.77003010623811e-06,1.2612733169613734e-06,4.9730251311282775e-06,-1.301804720144504e-06
2635.0,1.4093558438343923e-06,-3.203182258060614e-07,-4.783771702487893e-06,1.2475461866165019e-06,4.98705881217317e-06,-1.2874811502188966e-06
2636.0,1.4123553007672207e-06,-3.1617810176811013e-07,-4.798081137902255e-06,1.233642980562423e-06,5.001632743564711e-06,-1.272975014453458e-06
2637.0,1.4155389580217115e-06,-3.119909510611929e-07,-4.812937469733658e-06,1.219566769056973e-06,5.016783594021514e-06,-1.2582896395007317e-06
2638.0,1.4187498378337438e-06,-3.0775813321666065e-07,-4.8281242398529045e-06,1.205320624534377e-06,5.032259410822187e-06,-1.2434283561896737e-06
2639.0,1.4218329389414919e-06,-3.034810143336435e-07,-4.843624884731668e-06,1.1909076213946703e-06,5.0480006864352605e-06,-1.2283944990287373e-06
2640.0,1.4248160988827863e-06,-2.9916096605248634e-07,-4.859356930286829e-06,1.1763308358511042e-06,5.063936284311069e-06,-1.213191405767339e-06
2641.0,1.427803293652108e-06,-2.947993645376788e-07,-4.8750057238811095e-06,1.1615933458318017e-06,5.079793603409236e-06,-1.1978224170121086e-06
2642.0,1.4309664385092624e-06,-2.903975894700848e-07,-4.8901151363245354e-06,1.146698230931855e-06,5.0951831168909144e-06,-1.1822908758942285e-06
2643.0,1.434575337910804e-06,-2.8595702304828993e-07,-4.9046043436029585e-06,1.1316485724118904e-06,5.1101027550755676e-06,-1.1666001277840056e-06
2644.0,1.4387328747256234e-06,-2.8147904899902977e-07,-4.918619800120538e-06,1.116447453238884e-06,5.124721750783554e-06,-1.1507535200486347e-06
2645.0,1.4435110674559937e-06,-2.769650515969349e-07,-4.932677675650865e-06,1.1010979581646892e-06,5.139555744783042e-06,-1.1347544018488797e-06
2646.0,1.4487978407529134e-06,-2.72416414694204e-07,-4.947203220362351e-06,1.0856031738374284e-06,5.154981560290387e-06,-1.118606123970199e-06
2647.0,1.4542426477470727e-06,-2.6783452076126977e-07,-4.962149253606718e-06,1.0699661889406234e-06,5.1708555282077e-06,-1.1023120386837164e-06
2648.0,1.4597849680164643e-06,-2.63220749939998e-07,-4.977579802944998e-06,1.0541900943547557e-06,5.187222074244826e-06,-1.0858754996323825e-06
2649.0,1.4655980330180451e-06,-2.5857647911141714e-07,-4.9936052219923255e-06,1.0382779833358693e-06,5.204235842801072e-06,-1.0692998617377376e-06
2650.0,1.4716750416920998e-06,-2.539030809803637e-07,-5.009959960666777e-06,1.022232951705838e-06,5.22164018636134e-06,-1.0525884811227987e-06
2651.0,1.4778360482581299e-06,-2.4920192317973427e-07,-5.02617652614612e-06,1.0060580980490136e-06,5.238935947071074e-06,-1.0357447150467698e-06
2652.0,1.4839342259154176e-06,-2.4447436739721825e-07,-5.04218837504844e-06,9.897565239100789e-07,5.2560179219934945e-06,-1.0187719218474285e-06
2653.0,1.4897585805251357e-06,-2.3972176852744137e-07,-5.057913186667928e-06,9.73331333988068e-07,5.272747522129007e-06,-1.0016734608871964e-06
2654.0,1.4950833243099204e-06,-2.349454738523609e-07,-5.073201698568841e-06,9.567856363216407e-07,5.288917622821458e-06,-9.844526924989875e-07
2655.0,1.5002382948159365e-06,-2.3014682225251367e-07,-5.088751895310217e-06,9.401225424608357e-07,5.3052908302236885e-06,-9.671129779279945e-07
2656.0,1.5053871989523238e-06,-2.253271434513452e-07,-5.1048781155582645e-06,9.233451676206952e-07,5.3222148766726075e-06,-9.496576792656339e-07
2657.0,1.5101498705705207e-06,-2.2048775729436288e-07,-5.121299046451089e-06,9.064566308123895e-07,5.33931236722155e-06,-9.320901593719555e-07
2658.0,1.5144024542723677e-06,-2.1562997306428754e-07,-5.137994553650049e-06,8.894600549477839e-07,5.3565289905725085e-06,-9.144137817829607e-07
2659.0,1.5184453848460233e-06,-2.1075508883276008e-07,-5.154990555311656e-06,8.723585669137895e-07,5.373974694033511e-06,-8.966319105994887e-07
2660.0,1.5223816872689255e-06,-2.0586439084851844e-07,-5.172330939939851e-06,8.551552976133066e-07,5.391720815657172e-06,-8.787479103545841e-07
2661.0,1.5265867636116148e-06,-2.0095915296132918e-07,-5.190457960491113e-06,8.378533819700627e-07,5.410297680022768e-06,-8.607651458565693e-07
2662.0,1.5307646963613752e-06,-1.9604063608037443e-07,-5.208885206220426e-06,8.204559588951666e-07,5.429155150408611e-06,-8.426869820053707e-07
2663.0,1.5344652341264808e-06,-1.9111008766527598e-07,-5.227124651507875e-06,8.029661712137037e-07,5.447698199895453e-06,-8.245167835799809e-07
2664.0,1.537844959736967e-06,-1.861687412475061e-07,-5.245075471282945e-06,7.85387165550143e-07,5.4658744789505e-06,-8.062579149952447e-07
2665.0,1.541029653273629e-06,-1.81217815979594e-07,-5.262313370058003e-06,7.677220921716891e-07,5.48331235631893e-06,-7.879137400264197e-07
2666.0,1.544603923597787e-06,-1.7625851620929915e-07,-5.2794069873574045e-06,7.499741047890016e-07,5.500721718006817e-06,-7.694876215001521e-07
2667.0,1.5490277552876464e-06,-1.7129203107581525e-07,-5.296911345042954e-06,7.321463603138823e-07,5.518764063075739e-06,-7.509829209506688e-07
2668.0,1.553680718191508e-06,-1.6631953412510462e-07,-5.314148722623813e-06,7.142420185736879e-07,5.536614526969019e-06,-7.32402998240126e-07
2669.0,1.5583455457435225e-06,-1.6134218294164506e-07,-5.331269168906694e-06,6.96264241982337e-07,5.554356109512042e-06,-7.137512111422338e-07
2670.0,1.5629897675839555e-06,-1.5636111879417186e-07,-5.348640239433156e-06,6.782161951679275e-07,5.5723324940688624e-06,-6.950309148884778e-07
2671.0,1.5679042274785449e-06,-1.513774662933864e-07,-5.366518667171416e-06,6.601010445571328e-07,5.590871691574076e-06,-6.762454616765388e-07
2672.0,1.5733263306616507e-06,-1.463923330600443e-07,-5.384882783399103e-06,6.419219579167444e-07,5.61001945929792e-06,-6.573982001408008e-07
2673.0,1.578970832444293e-06,-1.4140680940230932e-07,-5.40311782332159e-06,6.236821038529403e-07,5.629105710715092e-06,-6.384924747851908e-07
2674.0,1.5846983849321372e-06,-1.3642196800174398e-07,-5.4211468283327235e-06,6.053846512691065e-07,5.648017519939937e-06,-6.195316253789593e-07
2675.0,1.5902254359434487e-06,-1.3143886360778348e-07,-5.438956513170723e-06,5.870327687832614e-07,5.666662588268668e-06,-6.0051898631636e-07
2676.0,1.5957288694856686e-06,-1.2645853274097146e-07,-5.457024558508383e-06,5.686296241063529e-07,5.68554901984616e-06,-5.814578859415135e-07
2677.0,1.6017826510728028e-06,-1.2148199340561015e-07,-5.4756693773083676e-06,5.501783833828775e-07,5.7051435381478725e-06,-5.623516458400193e-07
2678.0,1.607836307149224e-06,-1.1651024481277413e-07,-5.4936079310063946e-06,5.316822104954399e-07,5.724060245158468e-06,-5.432035800991307e-07
2679.0,1.6134010015766975e-06,-1.1154426711485378e-07,-5.510526552066075e-06,5.131442663350265e-07,5.741860819709401e-06,-5.240169945385067e-07
2680.0,1.6185325860951227e-06,-1.065850211529193e-07,-5.527477832445449e-06,4.945677080389109e-07,5.7595710708721705e-06,-5.047951859137351e-07
2681.0,1.6233541038634947e-06,-1.0163344821822383e-07,-5.545155363495535e-06,4.7595568819825564e-07,5.777891185530734e-06,-4.855414410949586e-07
2682.0,1.6283583504361765e-06,-9.66904698291001e-08,-5.564173090832902e-06,4.573113540376444e-07,5.79754888743374e-06,-4.662590362230957e-07
2683.0,1.6334655338900994e-06,-9.175698752436543e-08,-5.583723671431784e-06,4.3863784656902126e-07,5.817746959890444e-06,-4.4695123584632583e-07
2684.0,1.6384662958890406e-06,-8.683388267416471e-08,-5.602540091964592e-06,4.19938299722793e-07,5.837210573967241e-06,-4.2762129203972996e-07
2685.0,1.643049431676591e-06,-8.192201630896833e-08,-5.6207909171490655e-06,4.0121583945915563e-07,5.856014170853602e-06,-4.082724435112141e-07
2686.0,1.647055206499548e-06,-7.702222896720905e-08,-5.639380384725445e-06,3.82473582862972e-07,5.874981019278562e-06,-3.8890791469702416e-07
2687.0,1.6509789358964966e-06,-7.213534056179375e-08,-5.658629349813982e-06,3.6371463722572227e-07,5.894558301124023e-06,-3.695309148502858e-07
2688.0,1.6549414152411401e-06,-6.726215026548464e-08,-5.677647094359806e-06,3.4494209911817984e-07,5.913924890964772e-06,-3.501446371260496e-07
2689.0,1.6588854011012621e-06,-6.240343641492851e-08,-5.695955276996401e-06,3.2615905345752946e-07,5.932605438719993e-06,-3.307522576663333e-07
2690.0,1.6630558921648664e-06,-5.7559956432954426e-08,-5.7137928935468985e-06,3.073685725726514e-07,5.950897758390016e-06,-3.1135693468861253e-07
2691.0,1.6671140133373008e-06,-5.2732446768675916e-08,-5.731396973018832e-06,2.8857371527124983e-07,5.968934611452452e-06,-2.919618075811338e-07
2692.0,1.671422077714757e-06,-4.792162285492973e-08,-5.749961216106048e-06,2.6977752591239175e-07,5.987963405749575e-06,-2.7256999600833e-07
2693.0,1.676012194140597e-06,-4.312817908265485e-08,-5.769075834882731e-06,2.5098303348790366e-07,6.007599592477503e-06,-2.5318459902951095e-07
2694.0,1.680236856038686e-06,-3.835278879195344e-08,-5.787211045549245e-06,2.3219325071594883e-07,6.026193456745142e-06,-2.3380869423392993e-07
2695.0,1.6845818355537556e-06,-3.3596104279769886e-08,-5.8053808406066665e-06,2.1341117314999018e-07,6.044854230265658e-06,-2.1444533689525785e-07
2696.0,1.6892589936312596e-06,-2.8858756824357527e-08,-5.82396550574682e-06,1.9463977830620685e-07,6.064006114747322e-06,-1.9509755914844494e-07
2697.0,1.6944856536527109e-06,-2.414135672697206e-08,-5.843246439984906e-06,1.7588202481227526e-07,6.083979831395822e-06,-1.7576836919185667e-07
2698.0,1.7003090985456826e-06,-1.9444493371518167e-08,-5.862511145648952e-06,1.5714085158022647e-07,6.104104190088454e-06,-1.5646075051747702e-07
2699.0,1.706037648652181e-06,-1.4768735303167792e-08,-5.880397973834217e-06,1.3841917700587187e-07,6.122878799167287e-06,-1.3717766117182794e-07
2700.0,1.7115181606686125e-06,-1.0114630327235207e-08,-5.897041351621279e-06,1.1971989819699367e-07,6.140390143714795e-06,-1.1792203305005261e-07
2701.0,1.7163523122754043e-06,-5.482705629790052e-09,-5.913474230789806e-06,1.010458902321659e-07,6.157519203223666e-06,-9.86967712253486e-08
2702.0,1.721321153697053e-06,-8.734679215935888e-10,-5.931018240257213e-06,8.240000545168219e-08,6.17575289988425e-06,-7.95047533155847e-08
2703.0,1.7265818968159596e-06,3.712596393058352e-09,-5.949026283036396e-06,6.378507278170752e-08,6.194513601782664e-06,-6.034882888860158e-08
2704.0,1.7317575754516312e-06,8.275021021099336e-09,-5.966391953549088e-06,4.5203897092484625e-08,6.212633680131915e-06,-4.123181890738154e-08
2705.0,1.7368657505845153e-06,1.2813359557752034e-08,-5.983277536147913e-06,2.665925859122456e-08,6.230273887248116e-06,-2.2156515216040086e-08
2706.0,1.7415269654985632e-06,1.732718523482095e-08,-6.000518531001919e-06,8.153912250189266e-09,6.248130825491418e-06,-3.1256800674069894e-09
2707.0,1.7455707070901383e-06,2.1816090639478717e-08,-6.018835093268837e-06,-1.0309412729582487e-08,6.266848727503773e-06,1.585795430718452e-08
2708.0,1.7494066534284869e-06,2.627968740320004e-08,-6.03791992620506e-06,-2.8728013418459063e-08,6.286246946654575e-06,3.4791686085393717e-08
2709.0,1.7532601715997131e-06,3.07176058609422e-08,-6.056928764153202e-06,-4.709921362182557e-08,6.305577474216322e-06,5.367284419822823e-08
2710.0,1.7565933292940095e-06,3.512949468114503e-08,-6.07468741109507e-06,-6.542036430657088e-08,6.323562861792167e-06,7.249878863091375e-08
2711.0,1.759563730219238e-06,3.9515020467581126e-08,-6.091737630720129e-06,-8.36888439898839e-08,6.340767452149205e-06,9.126691068003025e-08
2712.0,1.7624560610662865e-06,4.387386733451063e-08,-6.109093387163256e-06,-1.0190205908983842e-07,6.358244520327219e-06,1.099746331668333e-07
2713.0,1.7653376520043729e-06,4.820573645694574e-08,-6.126786163684894e-06,-1.2005744423736131e-07,6.376043108472917e-06,1.286194106068876e-07
2714.0,1.7685717692561553e-06,5.251034559809062e-08,-6.144666008678357e-06,-1.3815246254933743e-07,6.394119678362069e-06,1.4719872933636397e-07
2715.0,1.7720748240468431e-06,5.6787428616163247e-08,-6.162142414001259e-06,-1.5618460586277128e-07,6.411883367034519e-06,1.6571010759554345e-07
2716.0,1.7756042599292865e-06,6.103673495282573e-08,-6.179247394155762e-06,-1.7415139493008986e-07,6.429297694621071e-06,1.841510955702442e-07
2717.0,1.779093685233546e-06,6.525802910534767e-08,-6.196351184539761e-06,-1.9205037957586205e-07,6.446700112692166e-06,2.0251927539203163e-07
2718.0,1.7827876258869058e-06,6.945109008442741e-08,-6.213762469786666e-06,-2.0987913881540412e-07,6.464454791391518e-06,2.2081226109820963e-07
2719.0,1.787170279321515e-06,7.361571085931143e-08,-6.231605097439807e-06,-2.2763528093596243e-07,6.4828141804102276e-06,2.390276985527173e-07
2720.0,1.791967277037232e-06,7.775169779150981e-08,-6.2488670899418786e-06,-2.4531644354139386e-07,6.500729699789933e-06,2.571632653291879e-07
2721.0,1.7970650889320705e-06,8.185887005801921e-08,-6.265367571256508e-06,-2.629202935615122e-07,6.517996144277097e-06,2.752166705575494e-07
2722.0,1.8021797704992348e-06,8.593705906457357e-08,-6.281037171818049e-06,-2.804445272275454e-07,6.534468599584571e-06,2.931856547357065e-07
2723.0,1.806948909638395e-06,8.998610784908328e-08,-6.296108521042232e-06,-2.9788687001545386e-07,6.550270747899203e-06,3.1106798950803787e-07
2724.0,1.8116451321881222e-06,9.400587047513949e-08,-6.311618781618122e-06,-3.1524507655916965e-07,6.566474680485378e-06,3.2886147741265683e-07
2725.0,1.816487821298951e-06,9.799621141527466e-08,-6.327529233407514e-06,-3.3251693053608916e-07,6.583103690855408e-06,3.4656395159959216e-07
2726.0,1.821199974799681e-06,1.0195700492359924e-07,-6.34355974094003e-06,-3.4970024452733206e-07,6.599812083316123e-06,3.641732755222104e-07
2727.0,1.8258080887179062e-06,1.0588813439746992e-07,-6.359756342722012e-06,-3.6679285985536533e-07,6.61665141258179e-06,3.816873426042711e-07
2728.0,1.830170223093841e-06,1.0978949172798674e-07,-6.3756778020951366e-06,-3.8379264640156047e-07,6.633158409206585e-06,3.9910407588503225e-07
2729.0,1.8340909097858127e-06,1.1366097663936206e-07,-6.391607853095671e-06,-4.0069750240615704e-07,6.649551895662835e-06,4.164214276447945e-07
2730.0,1.8376791293128747e-06,1.1750249601754278e-07,-6.408029632920531e-06,-4.1750535425296556e-07,6.666326451554842e-06,4.336373790132222e-07
2731.0,1.8407193097813579e-06,1.213139632288885e-07,-6.424270352134442e-06,-4.342141562409602e-07,6.682776154766487e-06,4.50749939562728e-07
2732.0,1.843260707262706e-06,1.250952974301868e-07,-6.440169994625933e-06,-4.5082189034473223e-07,6.698761049225356e-06,4.677571468891623e-07
2733.0,1.8457597444343499e-06,1.2884642287178757e-07,-6.456167790158673e-06,-4.673265659655897e-07,6.7148292285699035e-06,4.846570661820048e-07
2734.0,1.8482362212079995e-06,1.3256726819612258e-07,-6.471760580717412e-06,-4.837262196749212e-07,6.7305023693267495e-06,5.01447789786231e-07
2735.0,1.8506854818911567e-06,1.3625776573430726e-07,-6.486821598150616e-06,-5.000189149513098e-07,6.745657210318059e-06,5.181274367580123e-07
2736.0,1.853318604722043e-06,1.3991785080386413e-07,-6.50204271979149e-06,-5.162027419127667e-07,6.7610168895368375e-06,5.346941524163954e-07
2737.0,1.8560299305248051e-06,1.4354746101084357e-07,-6.517416327345149e-06,-5.322758170453703e-07,6.776545040575547e-06,5.511461078930811e-07
2738.0,1.8585039191498787e-06,1.4714653555974727e-07,-6.532491223620873e-06,-5.482362829295062e-07,6.791721313789251e-06,5.674814996823848e-07
2739.0,1.8610715901978825e-06,1.507150145746803e-07,-6.547614138707747e-06,-5.640823079648297e-07,6.8069698378388065e-06,5.836985491933743e-07
2740.0,1.8639737044967575e-06,1.5425283843507995e-07,-6.562835470846906e-06,-5.798120860949816e-07,6.822404809776513e-06,5.99795502306092e-07
2741.0,1.8672797044982925e-06,1.5775994712919992e-07,-6.578004866752973e-06,-5.95423836533022e-07,6.8379003737885095e-06,6.157706289336445e-07
2742.0,1.8709961169538492e-06,1.612362796282733e-07,-6.592958505746704e-06,-6.109158034884896e-07,6.85330054266951e-06,6.316222225918171e-07
2743.0,1.8748634680043619e-06,1.64681773283955e-07,-6.607248825063472e-06,-6.262862558969683e-07,6.868103818373742e-06,6.473485999777673e-07
2744.0,1.878619445616625e-06,1.6809636325128237e-07,-6.620799730128191e-06,-6.415334871530532e-07,6.882165363307862e-06,6.62948100559249e-07
2745.0,1.8823652850885608e-06,1.7147998193902695e-07,-6.6340742725379265e-06,-6.566558148476601e-07,6.8959582742397855e-06,6.784190861757766e-07
2746.0,1.886144286478153e-06,1.7483255848897012e-07,-6.647375722534932e-06,-6.716515805106809e-07,6.909786123025878e-06,6.937599406530957e-07
2747.0,1.8899112370629467e-06,1.78154018285344e-07,-6.660668312008511e-06,-6.865191493600455e-07,6.923602158311171e-06,7.089690694323087e-07
2748.0,1.8936608450759174e-06,1.8144428249544673e-07,-6.673911305765667e-06,-7.012569100582571e-07,6.937365747414536e-06,7.24044899214939e-07
2749.0,1.8974057966469893e-06,1.8470326764227477e-07,-6.687222420254102e-06,-7.158632744774184e-07,6.951193599310749e-06,7.389858776251275e-07
2750.0,1.9010938343000383e-06,1.8793088520991348e-07,-6.700655835634173e-06,-7.303366774736397e-07,6.965123573522003e-06,7.537904728900074e-07
2751.0,1.9042984252537476e-06,1.9112704128239962e-07,-6.713849115658199e-06,-7.446755766715558e-07,6.9786905963976e-06,7.684571735391311e-07
2752.0,1.9069770051394208e-06,1.9429163621680976e-07,-6.7271752189901335e-06,-7.588784522594536e-07,6.992241967003535e-06,7.829844881236249e-07
2753.0,1.9093470178255245e-06,1.9742456435143605e-07,-6.740741044897192e-06,-7.72943806795281e-07,7.005940041767479e-06,7.973709449555462e-07
2754.0,1.911664084419673e-06,2.005257137500671e-07,-6.754348543636102e-06,-7.868701650235535e-07,7.019664081747732e-06,8.116150918677217e-07
2755.0,1.9137956680792545e-06,2.035949659835641e-07,-6.767490956238742e-06,-8.006560737029467e-07,7.032890423000495e-06,8.257154959941695e-07
2756.0,1.915757965015308e-06,2.0663219595008712e-07,-6.780129311212413e-06,-8.143001014441476e-07,7.045585998146733e-06,8.396707435710464e-07
2757.0,1.91771056434753e-06,2.0963727173544791e-07,-6.792534366806269e-06,-8.278008385573906e-07,7.058054755586298e-06,8.534794397579495e-07
2758.0,1.919681525686112e-06,2.126100545151283e-07,-6.804842318242077e-06,-8.411568969089937e-07,7.070435356906869e-06,8.671402084793223e-07
2759.0,1.9215203644340484e-06,2.1555039849949412e-07,-6.8168766449994145e-06,-8.543669097861608e-07,7.082517045801813e-06,8.806516922856492e-07
2760.0,1.9233144970820515e-06,2.184581509236459e-07,-6.828977977824113e-06,-8.674295317692831e-07,7.094651427398861e-06,8.940125522340867e-07
2761.0,1.9253080208725404e-06,2.213331520831715e-07,-6.841382061972823e-06,-8.803434386109798e-07,7.107131593907605e-06,9.072214677881173e-07
2762.0,1.9276755754693564e-06,2.2417523541681082e-07,-6.853883905533209e-06,-8.931073271211149e-07,7.119807421186915e-06,9.202771367357559e-07
2763.0,1.930371944930398e-06,2.2698422763669838e-07,-6.865962902613543e-06,-9.057199150570681e-07,7.132165339210789e-06,9.331782751257798e-07
2764.0,1.9333147907585335e-06,2.2975994890643797e-07,-6.877249716485956e-06,-9.181799410186051e-07,7.143827387547369e-06,9.459236172214038e-07
2765.0,1.9364338084137955e-06,2.3250221306679946e-07,-6.887879217876147e-06,-9.304861643468214e-07,7.154904333002509e-06,9.585119154708209e-07
2766.0,1.9395077076878042e-06,2.3521082790834276e-07,-6.897936237648672e-06,-9.426373650268175e-07,7.165417956187002e-06,9.70941940494082e-07
2767.0,1.9424675054002805e-06,2.3788559548980324e-07,-6.907711671666483e-06,-9.546323435939986e-07,7.175629627315874e-06,9.83212481085874e-07
2768.0,1.945213099208143e-06,2.40526312500639e-07,-6.917461439936989e-06,-9.66469921044122e-07,7.1857586081322046e-06,9.95322344233874e-07
2769.0,1.9478705191033896e-06,2.4313277066576575e-07,-6.927385034716238e-06,-9.781489387474234e-07,7.196031057353949e-06,1.0072703551524454e-06
2770.0,1.9505407614917036e-06,2.4570475719019313e-07,-6.937452596722515e-06,-9.896682583672865e-07,7.2064455728196965e-06,1.0190553573314875e-06
2771.0,1.95328989982535e-06,2.482420552410256e-07,-6.947644677401943e-06,-1.0010267617839692e-06,7.217001316072436e-06,1.030676212600244e-06
2772.0,1.9560952755348637e-06,2.507444444640966e-07,-6.957877730695561e-06,-1.0122233510238968e-06,7.227611724648677e-06,1.0421318012057915e-06
2773.0,1.95879483827488e-06,2.532117015323597e-07,-6.968063629486654e-06,-1.023256948194951e-06,7.238148103142615e-06,1.0534210219058425e-06
2774.0,1.961144078604926e-06,2.556436007230721e-07,-6.978012980496384e-06,-1.034126495428105e-06,7.248361970336691e-06,1.0645427920753787e-06
2775.0,1.9630728669561837e-06,2.580399145207722e-07,-6.9876141370883715e-06,-1.0448309548256566e-06,7.258126921583615e-06,1.075496047826539e-06
2776.0,1.964660188619183e-06,2.6040041424307664e-07,-6.9968764775385495e-06,-1.0553693084162643e-06,7.267473432952984e-06,1.0862797441411317e-06
2777.0,1.9661112906910194e-06,2.6272487068639373e-07,-7.0059581016024275e-06,-1.0657405581169392e-06,7.276609274160005e-06,1.0968928550151312e-06
2778.0,1.967489300119807e-06,2.650130547887392e-07,-7.014851726938609e-06,-1.0759437257021567e-06,7.285544516164836e-06,1.10733437361454e-06
2779.0,1.968827016390895e-06,2.672647383069306e-07,-7.0236376597532235e-06,-1.0859778527802668e-06,7.294365345660609e-06,1.1176033124420407e-06
2780.0,1.9701199259480884e-06,2.694796945054959e-07,-7.032318414479377e-06,-1.0958420007774224e-06,7.303072970006766e-06,1.1276987035139149e-06
2781.0,1.9714236296486387e-06,2.7165769885464984e-07,-7.040867570751175e-06,-1.1055352509292746e-06,7.311656944659847e-06,1.13761959854675e-06
2782.0,1.9728324503198724e-06,2.737985297346523e-07,-7.049292886751601e-06,-1.1150567042807512e-06,7.320150140553255e-06,1.1473650691534953e-06
2783.0,1.9744048787295743e-06,2.759019691437742e-07,-7.057522702358376e-06,-1.124405481694282e-06,7.328499254244011e-06,1.1569342070484596e-06
2784.0,1.9761690265851506e-06,2.779678034069524e-07,-7.0654852598606155e-06,-1.133580723866917e-06,7.336642691241146e-06,1.1663261242608854e-06
2785.0,1.9781637488613946e-06,2.7999582388202944e-07,-7.073141397861971e-06,-1.1425815913568828e-06,7.3445531553293395e-06,1.1755399533567743e-06
2786.0,1.9803256744443942e-06,2.8198582766025716e-07,-7.080415562632503e-06,-1.1514072646202437e-06,7.352140798191516e-06,1.1845748476686988e-06
2787.0,1.982595036836843e-06,2.839376182575174e-07,-7.087295114116543e-06,-1.160056944058466e-06,7.359377359170428e-06,1.1934299815334091e-06
2788.0,1.9848863536675587e-06,2.8585100629250025e-07,-7.093748918274301e-06,-1.1685298500778476e-06,7.366209849881655e-06,1.2021045505371318e-06
2789.0,1.9872228265160885e-06,2.8772581014790084e-07,-7.10001620246592e-06,-1.1768252231619104e-06,7.372874923495256e-06,1.210597771768553e-06
2790.0,1.9895216034904184e-06,2.895618566105776e-07,-7.106139988943827e-06,-1.1849423239579896e-06,7.3793916926276285e-06,1.21890888407957e-06
2791.0,1.991694449698933e-06,2.913589814865637e-07,-7.1121113679462056e-06,-1.1928804333793428e-06,7.385727783436862e-06,1.2270371483539714e-06
2792.0,1.9937164175420907e-06,2.9311703018686017e-07,-7.117896534902801e-06,-1.2006388527241377e-06,7.391843899539422e-06,1.2349818477842491e-06
2793.0,1.9955842110175315e-06,2.9483585828005775e-07,-7.123527697550092e-06,-1.2082169038126584e-06,7.397770150594419e-06,1.2427422881567615e-06
2794.0,1.99729316613384e-06,2.965153320080482e-07,-7.129191594290596e-06,-1.2156139291439864e-06,7.403685081065282e-06,1.2503177981454437e-06
2795.0,1.9987352301020778e-06,2.9815532876137103e-07,-7.134873082348392e-06,-1.2228292920732704e-06,7.409544953724948e-06,1.2577077296142025e-06
2796.0,1.9999142903126543e-06,2.997557375111077e-07,-7.140585188636361e-06,-1.2298623770105122e-06,7.415363376448234e-06,1.2649114579280486e-06
2797.0,2.0008534884208284e-06,3.0131645919465e-07,-7.146244533517976e-06,-1.236712589641552e-06,7.421066339479883e-06,1.2719283822729059e-06
2798.0,2.0015610895651736e-06,3.0283740705313157e-07,-7.151694279727838e-06,-1.2433793571716838e-06,7.426505090953161e-06,1.2787579259839057e-06
2799.0,2.0020860380665084e-06,3.04318506918787e-07,-7.156858265744415e-06,-1.2498621285920556e-06,7.431619523345837e-06,1.2853995368818488e-06
2800.0,2.002443170223689e-06,3.0575969745098117e-07,-7.161658540921767e-06,-1.2561603749687532e-06,7.436338595487244e-06,1.2918526876173965e-06
2801.0,2.0027651768672605e-06,3.0716093032010544e-07,-7.166303970351784e-06,-1.2622735897542273e-06,7.440899202996362e-06,1.2981168760224435e-06
2802.0,2.0030893949085637e-06,3.085221703389471e-07,-7.17083081586134e-06,-1.268201289120508e-06,7.445346312543277e-06,1.3041916254680265e-06
2803.0,2.0034041785521595e-06,3.098433955414921e-07,-7.175175995577376e-06,-1.273943012313449e-06,7.449616021658435e-06,1.3100764852280364e-06
2804.0,2.0037825194108017e-06,3.111245972094064e-07,-7.17930982768733e-06,-1.279498322027077e-06,7.453699349116799e-06,1.3157710308478947e-06
2805.0,2.0043540014946792e-06,3.123657798466561e-07,-7.18328347243391e-06,-1.2848668047969342e-06,7.457680363802803e-06,1.3212748645172642e-06
2806.0,2.0051174408064476e-06,3.13566961102869e-07,-7.187047050438711e-06,-1.2900480714111713e-06,7.46151065513184e-06,1.3265876154457473e-06
2807.0,2.006022690681508e-06,3.1472817164612377e-07,-7.190542892387963e-06,-1.2950417573380005e-06,7.465121172680329e-06,1.3317089402404245e-06
2808.0,2.0070335172983622e-06,3.1584945498588493e-07,-7.193792320892012e-06,-1.2998475231680058e-06,7.4685227117338215e-06,1.33663852328398e-06
2809.0,2.008134210029766e-06,3.169308672467995e-07,-7.1968091543972434e-06,-1.3044650550697169e-06,7.471724366590877e-06,1.3413760771120744e-06
2810.0,2.0092862535459055e-06,3.179724768940637e-07,-7.199499083621053e-06,-1.3088940652567654e-06,7.474624960742105e-06,1.3459213427885445e-06
2811.0,2.0104602692638807e-06,3.1897436441105964e-07,-7.201904901998901e-06,-1.3131342924648818e-06,7.477257833706445e-06,1.3502740902769351e-06
2812.0,2.0116218357180138e-06,3.1993662192998486e-07,-7.2040561721054e-06,-1.317185502436932e-06,7.479642220105679e-06,1.3544341188068364e-06
2813.0,2.0127349268372896e-06,3.208593528162497e-07,-7.205985426583794e-06,-1.321047488414131e-06,7.481799773707442e-06,1.358401257233442e-06
2814.0,2.013777637616121e-06,3.2174267120752394e-07,-7.207754504579e-06,-1.3247200716315087e-06,7.4837841612409985e-06,1.3621753643887194e-06
2815.0,2.014679468503866e-06,3.2258670150846687e-07,-7.209413405262488e-06,-1.3282031018156194e-06,7.485624557028591e-06,1.365756329422542e-06
2816.0,2.015355578616207e-06,3.2339157784238744e-07,-7.211019749819858e-06,-1.3314964576823863e-06,7.48735360060893e-06,1.3691440721320924e-06
2817.0,2.0157816487675895e-06,3.241574434613464e-07,-7.212594255345817e-06,-1.334600047432849e-06,7.488984680699758e-06,1.3723385432778056e-06
2818.0,2.0159793342189314e-06,3.248844501165249e-07,-7.2140865928216336e-06,-1.337513809244447e-06,7.490475154803375e-06,1.3753397248840683e-06
2819.0,2.015993530141147e-06,3.255727573910333e-07,-7.2154167005678005e-06,-1.340237711755324e-06,7.4917600119333565e-06,1.3781476305228442e-06
2820.0,2.0158957347859996e-06,3.262225319977029e-07,-7.21657387697805e-06,-1.3427717545389945e-06,7.49284819914366e-06,1.3807623055783612e-06
2821.0,2.01564771151741e-06,3.2683394704477463e-07,-7.217446529539373e-06,-1.3451159685665902e-06,7.493621961622118e-06,1.3831838274909736e-06
2822.0,2.0152711110721366e-06,3.2740718127275036e-07,-7.218118349749947e-06,-1.3472704166538102e-06,7.494167743126572e-06,1.3854123059783148e-06
2823.0,2.014803251487729e-06,3.279424182659935e-07,-7.2186643599869704e-06,-1.3492351938896307e-06,7.494567851741127e-06,1.3874478832318835e-06
2824.0,2.0142948152779283e-06,3.2843984564294133e-07,-7.219025452920302e-06,-1.3510104280438011e-06,7.494778988920668e-06,1.3892907340872506e-06
2825.0,2.013762178870726e-06,3.2889965422900923e-07,-7.219126001212217e-06,-1.3525962799501638e-06,7.494732706002828e-06,1.3909410661661372e-06
2826.0,2.0132403015515887e-06,3.2932203721642133e-07,-7.218916039553047e-06,-1.353992943862869e-06,7.494390255244771e-06,1.3923991199887042e-06
2827.0,2.0128093222993027e-06,3.2970718931528856e-07,-7.218456162916276e-06,-1.3552006477826437e-06,7.4938315129097304e-06,1.3936651690544778e-06
2828.0,2.0125100372025972e-06,3.300553059002685e-07,-7.217818386251462e-06,-1.356219653750369e-06,7.493136786870427e-06,1.3947395198904619e-06
2829.0,2.012322901950858e-06,3.3036658215708745e-07,-7.217034660889077e-06,-1.3570502581053701e-06,7.492331596918961e-06,1.3956225120650877e-06
2830.0,2.0122354224549888e-06,3.306412122330904e-07,-7.216108339369587e-06,-1.3576927917059854e-06,7.491415818181627e-06,1.3963145181667984e-06
2831.0,2.012158735548164e-06,3.308793883958218e-07,-7.214883619821588e-06,-1.3581476201101534e-06,7.490215512561214e-06,1.3968159437461835e-06
2832.0,2.012152109542864e-06,3.3108130020343887e-07,-7.213383998394551e-06,-1.3584151437139731e-06,7.4887692460265035e-06,1.3971272272207257e-06
2833.0,2.012226934577921e-06,3.312471336905399e-07,-7.211586291688832e-06,-1.3584957978463984e-06,7.487057771829675e-06,1.3972488397413696e-06
2834.0,2.0123410912065154e-06,3.3137707057276337e-07,-7.209464010282662e-06,-1.3583900528184724e-06,7.485044287305132e-06,1.397181285020301e-06
2835.0,2.0124924914044495e-06,3.314712874732904e-07,-7.20711629603743e-06,-1.3580984139257522e-06,7.482823753942597e-06,1.3969250991194816e-06
2836.0,2.0126069968651183e-06,3.3152995517417385e-07,-7.204538541139005e-06,-1.3576214214028237e-06,7.48037181660028e-06,1.3964808501996964e-06
2837.0,2.0126379027540775e-06,3.3155323789523644e-07,-7.201833357506349e-06,-1.3569596503290508e-06,7.477774738309084e-06,1.3958491382300325e-06
2838.0,2.012437962606306e-06,3.315412926031313e-07,-7.1989484695111905e-06,-1.3561137104849323e-06,7.474942516168036e-06,1.3950305946579087e-06
2839.0,2.011961241221716e-06,3.3149426835304533e-07,-7.195973856843896e-06,-1.3550842461586414e-06,7.471949396547011e-06,1.3940258820399207e-06
2840.0,2.0112316507503447e-06,3.3141230566545627e-07,-7.192947178324971e-06,-1.3538719359025088e-06,7.468838053081156e-06,1.392835693633944e-06
2841.0,2.0103478709510014e-06,3.312955359403066e-07,-7.189818608366316e-06,-1.35247749223936e-06,7.4655870622106995e-06,1.3914607529530604e-06
2842.0,2.0094382463531346e-06,3.311440809109314e-07,-7.1865375148583155e-06,-1.3509016613187703e-06,7.462182222270688e-06,1.3899018132820054e-06
2843.0,2.0084999504121903e-06,3.3095805214004284e-07,-7.183033404911665e-06,-1.349145222523418e-06,7.458554883278841e-06,1.38815965715696e-06
2844.0,2.0074744590259375e-06,3.307375505600222e-07,-7.17930568711056e-06,-1.3472089880258548e-06,7.454688716010851e-06,1.386235095809605e-06
2845.0,2.006361596057493e-06,3.3048266605968476e-07,-7.175373273549113e-06,-1.345093802296142e-06,7.4506018863510136e-06,1.3841289685764725e-06
2846.0,2.0051722014469142e-06,3.301934771195612e-07,-7.171254832571972e-06,-1.3428005415609432e-06,7.446315292219523e-06,1.3818421422747299e-06
2847.0,2.003958308904874e-06,3.298700504975751e-07,-7.166900890642758e-06,-1.3403301132148202e-06,7.441795299531212e-06,1.3793755105456364e-06
2848.0,2.0028578686104304e-06,3.2951244096678657e-07,-7.162351639888875e-06,-1.3376834551846307e-06,7.437117765322368e-06,1.3767299931669988e-06
2849.0,2.001880166940806e-06,3.291206911066185e-07,-7.15760366187812e-06,-1.334861535248089e-06,7.4322819095700365e-06,1.3739065353360516e-06
2850.0,2.0010029704586874e-06,3.286948311486795e-07,-7.152783420005804e-06,-1.3318653503077175e-06,7.427403553146578e-06,1.3709061069242483e-06
2851.0,2.0002928316220636e-06,3.282348788779549e-07,-7.1478469595986915e-06,-1.3286959256215702e-06,7.4224583239034e-06,1.3677297017055248e-06
2852.0,1.999703769239858e-06,3.2774083958976413e-07,-7.142659113834604e-06,-1.325354313992273e-06,7.417303713692505e-06,1.3643783365596378e-06
2853.0,1.9992373660182583e-06,3.272127061024929e-07,-7.137137284285444e-06,-1.321841594916081e-06,7.411860674649857e-06,1.360853050652228e-06
2854.0,1.998875266057132e-06,3.266504588257215e-07,-7.1312923197175415e-06,-1.3181588736938038e-06,7.406134786683089e-06,1.357154904593309e-06
2855.0,1.9985156811674898e-06,3.2605406588300227e-07,-7.1252288540435416e-06,-1.3143072805056181e-06,7.40019939936533e-06,1.3532849795759278e-06
2856.0,1.998073644982057e-06,3.254234832882083e-07,-7.118937139560799e-06,-1.3102879694519322e-06,7.3940221995737865e-06,1.3492443764968036e-06
2857.0,1.9976122168641197e-06,3.2475865517409714e-07,-7.112452740598574e-06,-1.3061021175626004e-06,7.387654469194735e-06,1.3450342150608085e-06
2858.0,1.9970985879191883e-06,3.2405951407151826e-07,-7.105903673088054e-06,-1.3017509237769093e-06,7.381210590484133e-06,1.3406556328711968e-06
2859.0,1.996421170102902e-06,3.2332598123754907e-07,-7.09928854830677e-06,-1.2972356078968247e-06,7.374659000967752e-06,1.3361097845075363e-06
2860.0,1.99552456844887e-06,3.2255796703076925e-07,-7.092537954778155e-06,-1.29255740951604e-06,7.367917815994675e-06,1.331397840593304e-06
2861.0,1.994357273799041e-06,3.2175537133188e-07,-7.085631878844811e-06,-1.2877175869273643e-06,7.360953746496238e-06,1.3265209868551226e-06
2862.0,1.9928966067395137e-06,3.2091808400793366e-07,-7.0787305680997115e-06,-1.2827174160109668e-06,7.353914830952499e-06,1.321480423175592e-06
2863.0,1.991219634567276e-06,3.200459854185481e-07,-7.071878016851052e-06,-1.2775581891059445e-06,7.346864250706379e-06,1.3162773626416627e-06
2864.0,1.989368922206136e-06,3.191389469626214e-07,-7.064919190391539e-06,-1.2722412138676067e-06,7.339664289012287e-06,1.31091303059046e-06
2865.0,1.9873921397184358e-06,3.181968316642173e-07,-7.057870138882372e-06,-1.2667678121127981e-06,7.332343309907283e-06,1.305388663654437e-06
2866.0,1.9852803818665166e-06,3.172194947964326e-07,-7.050611809611418e-06,-1.261139318655503e-06,7.3247843029304316e-06,1.2997055088077028e-06
2867.0,1.983036936908933e-06,3.162067845421708e-07,-7.0431144791327505e-06,-1.2553570801349235e-06,7.316959550203524e-06,1.2938648224153463e-06
2868.0,1.9807015432249386e-06,3.151585426908123e-07,-7.035455352022435e-06,-1.2494224538381894e-06,7.308954139521931e-06,1.287867869287564e-06
2869.0,1.9783306430543046e-06,3.140746053697782e-07,-7.027626925781849e-06,-1.2433368065198537e-06,7.300776146494406e-06,1.2817159217403966e-06
2870.0,1.9760621210451745e-06,3.129548038099213e-07,-7.019594729651413e-06,-1.2371015132203635e-06,7.2924297511035e-06,1.2754102586648898e-06
2871.0,1.9740114282074117e-06,3.117989651435439e-07,-7.011368541809393e-06,-1.2307179560857441e-06,7.283955652512434e-06,1.2689521646065158e-06
2872.0,1.972181082665614e-06,3.106069132336206e-07,-7.0029179731756486e-06,-1.224187523190816e-06,7.275325309692388e-06,1.262342928856696e-06
2873.0,1.9704454851943165e-06,3.0937846953251854e-07,-6.994260253467832e-06,-1.2175116073683626e-06,7.266521306881482e-06,1.2555838445582904e-06
2874.0,1.96873103971984e-06,3.081134539681529e-07,-6.985432611961162e-06,-1.2106916050467793e-06,7.25755955421703e-06,1.2486762078269271e-06
2875.0,1.967132221947221e-06,3.0681168585512635e-07,-6.976483014953239e-06,-1.2037289150988563e-06,7.248511877382422e-06,1.2416213168900545e-06
2876.0,1.9657216409063594e-06,3.054729848279856e-07,-6.967352323306031e-06,-1.1966249377044771e-06,7.239341127934609e-06,1.2344204712456137e-06
2877.0,1.964500872669861e-06,3.0409717179331114e-07,-6.95804619221807e-06,-1.1893810732301366e-06,7.230053284157803e-06,1.2270749708422302e-06
2878.0,1.9634299388004983e-06,3.026840698969541e-07,-6.948412553609007e-06,-1.1819987211283113e-06,7.22049126720124e-06,1.2195861152828318e-06
2879.0,1.9624849234289865e-06,3.012335055023604e-07,-6.938554562740951e-06,-1.174479278859827e-06,7.210747984420156e-06,1.2119552030536164e-06
2880.0,1.961505376568695e-06,2.997453091756022e-07,-6.928608200895692e-06,-1.1668241408424688e-06,7.200910702392228e-06,1.2041835307802931e-06
2881.0,1.9602801462348385e-06,2.9821931667248946e-07,-6.918508200171036e-06,-1.1590346974291736e-06,7.190859056298931e-06,1.1962723925135422e-06
2882.0,1.958706989740877e-06,2.9665536992297347e-07,-6.908225572477278e-06,-1.1511123339191913e-06,7.180537140903094e-06,1.1882230790456516e-06
2883.0,1.9568565092775714e-06,2.95053318007998e-07,-6.8977612376897035e-06,-1.143058429605643e-06,7.1699649573813535e-06,1.180036877260291e-06
2884.0,1.95483200904345e-06,2.9341301812398886e-07,-6.8873127075930185e-06,-1.1348743568628738e-06,7.159360621993638e-06,1.1717150695173869e-06
2885.0,1.9526650731904738e-06,2.917343365302955e-07,-6.876895026208807e-06,-1.1265614802769636e-06,7.148747169228563e-06,1.1632589330750433e-06
2886.0,1.9504226750344245e-06,2.900171494750826e-07,-6.866586765796878e-06,-1.1181211558226597e-06,7.138218434841096e-06,1.1546697395504157e-06
2887.0,1.9480237287150537e-06,2.8826134409539615e-07,-6.856196307913898e-06,-1.1095547300898713e-06,7.127567906396197e-06,1.1459487544213882e-06
2888.0,1.9454256118822677e-06,2.8646681928737657e-07,-6.845687768541886e-06,-1.1008635395627146e-06,7.116749386885243e-06,1.137097236570817e-06
2889.0,1.9425959559282724e-06,2.846334865428556e-07,-6.8349990688942874e-06,-1.0920489099539327e-06,7.105694288370043e-06,1.1281164378750287e-06
2890.0,1.9396045268516016e-06,2.8276127074883046e-07,-6.82407997343315e-06,-1.083112155597353e-06,7.094373348252445e-06,1.1190076028381635e-06
2891.0,1.936608742980628e-06,2.8085011094655805e-07,-6.813018260554138e-06,-1.0740545789008845e-06,7.082914036047109e-06,1.109771968273877e-06
2892.0,1.9338175910044164e-06,2.7889996104722765e-07,-6.80181259843371e-06,-1.064877469862426e-06,7.071372221817323e-06,1.1004107630358363e-06
2893.0,1.9313717975200095e-06,2.769107905013491e-07,-6.790296684766606e-06,-1.055582105650914e-06,7.059626483561863e-06,1.0909252077983689e-06
2894.0,1.929173041120835e-06,2.7488258491912354e-07,-6.7784469932608005e-06,-1.046169750254618e-06,7.04762742084411e-06,1.0813165148885313e-06
2895.0,1.9269583879932828e-06,2.7281534663915437e-07,-6.766290294446531e-06,-1.0366416541986592e-06,7.0353289175261015e-06,1.0715858881707653e-06
2896.0,1.9246154369101376e-06,2.707090952429238e-07,-6.754156862520677e-06,-1.0269990543335847e-06,7.023017834487391e-06,1.0617345229851957e-06
2897.0,1.9222302103105715e-06,2.6856386801252907e-07,-6.7421836305037175e-06,-1.0172431736966674e-06,7.010849384265997e-06,1.051763606140471e-06
2898.0,1.919978790093646e-06,2.6637972032925973e-07,-6.730307917923728e-06,-1.0073752214473904e-06,6.998811558005851e-06,1.0416743159618887e-06
2899.0,1.9179108069755646e-06,2.641567260107166e-07,-6.7183716894181345e-06,-9.973963928783338e-07,6.986766063114518e-06,1.0314678223953295e-06
2900.0,1.9160682694918663e-06,2.6189497758432957e-07,-6.70641258532223e-06,-9.873078695023976e-07,6.974760739833443e-06,1.0211452871673033e-06
2901.0,1.914300891553422e-06,2.595945864953258e-07,-6.694275416496698e-06,-9.771108192169856e-07,6.962605206049979e-06,1.0107078640011662e-06
2902.0,1.912428121281229e-06,2.5725568324745535e-07,-6.6817766966598136e-06,-9.668063965454686e-07,6.950073463143636e-06,1.0001566988893393e-06
2903.0,1.910254504966513e-06,2.5487841747510273e-07,-6.668886731397983e-06,-9.563957429559363e-07,6.937083141347012e-06,9.89492930421153e-07
2904.0,1.907610643836488e-06,2.5246295794582177e-07,-6.6556467374079276e-06,-9.458799872569473e-07,6.9236270741315246e-06,9.787176901657623e-07
2905.0,1.9044142855195734e-06,2.500094924928326e-07,-6.642217742658385e-06,-9.352602460696873e-07,6.909837213117027e-06,9.678321031094313e-07
2906.0,1.9009929386470947e-06,2.475182278775991e-07,-6.629041700734195e-06,-9.245376243756241e-07,6.896228536153586e-06,9.568372881463347e-07
2907.0,1.8977404817044352e-06,2.4498938958324564e-07,-6.616374558510163e-06,-9.137132161384021e-07,6.883155616023826e-06,9.45734358621867e-07
2908.0,1.8945488101940189e-06,2.424232215402311e-07,-6.603978016161971e-06,-9.027881049983104e-07,6.870359585360738e-06,9.345244229272339e-07
2909.0,1.8912273854199135e-06,2.3981998578635313e-07,-6.59159665028497e-06,-8.917633650372168e-07,6.857542374889876e-06,9.232085851438677e-07
2910.0,1.8875844000343367e-06,2.3717996206378018e-07,-6.5789934566296004e-06,-8.806400616114019e-07,6.844423260555128e-06,9.117879457359275e-07
2911.0,1.8835847149234475e-06,2.3450344735640044e-07,-6.56627209083549e-06,-8.69419252249282e-07,6.8310921929936156e-06,9.002636022888864e-07
2912.0,1.8793071372424919e-06,2.3179075537132736e-07,-6.553407522091881e-06,-8.581019876106097e-07,6.8175468804182794e-06,8.88636650291975e-07
2913.0,1.8749677737628367e-06,2.2904221596890146e-07,-6.540354315021091e-06,-8.466893125034111e-07,6.803803253964959e-06,8.769081839620676e-07
2914.0,1.8708898729957735e-06,2.2625817454595727e-07,-6.52710598902928e-06,-8.35182266954651e-07,6.7899441462283066e-06,8.650792971064678e-07
2915.0,1.8671146787274662e-06,2.234389913774609e-07,-6.513462653345847e-06,-8.235818873304324e-07,6.775788733428064e-06,8.531510840219483e-07
2916.0,1.863524652673254e-06,2.2058504092185044e-07,-6.4993765367948875e-06,-8.118892075013877e-07,6.761258721433523e-06,8.411246404273422e-07
2917.0,1.8600162641491114e-06,2.176967110955324e-07,-6.485138380585287e-06,-8.001052600488489e-07,6.746605095767765e-06,8.290010644269247e-07
2918.0,1.85648672179628e-06,2.1477440252201173e-07,-6.4709658957329275e-06,-7.88231077507313e-07,6.732008806585486e-06,8.167814575017885e-07
2919.0,1.8528989987887101e-06,2.1181852776108878e-07,-6.456878876015537e-06,-7.762676936387006e-07,6.717478657892995e-06,8.044669255263593e-07
2920.0,1.8494066202912052e-06,2.0882951052345778e-07,-6.442904415981943e-06,-7.642161447338422e-07,6.70308303399686e-06,7.920585798071341e-07
2921.0,1.8461942905001472e-06,2.0580778487590719e-07,-6.429047389122644e-06,-7.520774709365769e-07,6.688877610620487e-06,7.795575381406294e-07
2922.0,1.8432160533710107e-06,2.0275379444215619e-07,-6.415223994193919e-06,-7.398527175857842e-07,6.674769233096077e-06,7.669649258874169e-07
2923.0,1.8402851763021921e-06,1.9966799160418077e-07,-6.401114724552404e-06,-7.275429365706074e-07,6.660399330895947e-06,7.542818770590241e-07
2924.0,1.8373265703863773e-06,1.965508367086964e-07,-6.386564663340977e-06,-7.151491876940999e-07,6.645598327109713e-06,7.415095354143884e-07
2925.0,1.834263449074225e-06,1.9340279728329142e-07,-6.371632076840328e-06,-7.026725400405139e-07,6.630401022806257e-06,7.286490555625055e-07
2926.0,1.8309197843402458e-06,1.9022434726656827e-07,-6.356456335565586e-06,-6.901140733414945e-07,6.614892622154981e-06,7.157016040679156e-07
2927.0,1.8273170759308677e-06,1.8701596625655632e-07,-6.34124239023981e-06,-6.774748793365052e-07,6.59927592602119e-06,7.026683605556973e-07
2928.0,1.823521479538126e-06,1.8377813878161182e-07,-6.326310345250441e-06,-6.647560631228641e-07,6.583876758472904e-06,6.895505188126885e-07
2929.0,1.8195429947742703e-06,1.8051135359800699e-07,-6.31167620929185e-06,-6.51958744490821e-07,6.568713213466763e-06,6.763492878816931e-07
2930.0,1.8153645398033547e-06,1.772161030184207e-07,-6.297026790724747e-06,-6.39084059239118e-07,6.553479596022303e-06,6.630658931454487e-07
2931.0,1.8110093444045905e-06,1.7389288227555017e-07,-6.2823996879735056e-06,-6.261331604664689e-07,6.538218464151404e-06,6.497015773971298e-07
2932.0,1.8065440025860635e-06,1.7054218892505219e-07,-6.267927931846717e-06,-6.131072198343819e-07,6.523076098904867e-06,6.362576018941398e-07
2933.0,1.801977658699716e-06,1.6716452229197696e-07,-6.253657208854513e-06,-6.000074287967491e-07,6.5080989519452546e-06,6.227352473919401e-07
2934.0,1.7971841340391759e-06,1.637603829647579e-07,-6.239494483251118e-06,-5.868349997916704e-07,6.4931627284523895e-06,6.091358151546817e-07
2935.0,1.7922129159630984e-06,1.603302723406542e-07,-6.22500664659853e-06,-5.73591167391081e-07,6.477864994451553e-06,5.954606279394417e-07
2936.0,1.7873000956736274e-06,1.568746922262989e-07,-6.209967135573091e-06,-5.602771894039153e-07,6.46205334680029e-06,5.817110309509779e-07
2937.0,1.7825480895516943e-06,1.533941444966691e-07,-6.1944349467046855e-06,-5.468943479288027e-07,6.445812749414978e-06,5.678883927640573e-07
2938.0,1.7779700438314006e-06,1.4988913081535886e-07,-6.178599163297882e-06,-5.334439503526335e-07,6.429328510619684e-06,5.539941062106342e-07
2939.0,1.7739435387853497e-06,1.4636015241849359e-07,-6.163034268147349e-06,-5.199273302917534e-07,6.413257134183598e-06,5.400295892294031e-07
2940.0,1.7703732962670582e-06,1.428077099639834e-07,-6.147718859539353e-06,-5.063458484729984e-07,6.397551780491607e-06,5.259962856755096e-07
2941.0,1.7667510533725395e-06,1.3923230344709475e-07,-6.132139015457838e-06,-4.927008935522584e-07,6.381578032860932e-06,5.118956660884656e-07
2942.0,1.7627916506224306e-06,1.3563443218254948e-07,-6.115994267974489e-06,-4.789938828687261e-07,6.364968208043223e-06,4.977292284165461e-07
2943.0,1.7590496786956678e-06,1.3201459485257902e-07,-6.099590473540584e-06,-4.6522626313345966e-07,6.348169792706113e-06,4.83498498696192e-07
2944.0,1.7559243244424927e-06,1.2837328961959269e-07,-6.083267291234762e-06,-4.513995110513639e-07,6.3316199483051364e-06,4.6920503168517303e-07
2945.0,1.7532760376304246e-06,1.2471101430138569e-07,-6.0670460593215125e-06,-4.3751513387614207e-07,6.31530084398659e-06,4.548504114485087e-07
2946.0,1.750627074664779e-06,1.210282666061225e-07,-6.051165930331948e-06,-4.2357466989821065e-07,6.299309824969674e-06,4.4043625189636526e-07
2947.0,1.7473760409725259e-06,1.1732554442371382e-07,-6.0350080914317594e-06,-4.0957968886594844e-07,6.28288514077821e-06,4.259641972733427e-07
2948.0,1.7438597262331434e-06,1.1360334616968577e-07,-6.018647370598096e-06,-3.955317923409951e-07,6.266192058689656e-06,4.11435922598756e-07
2949.0,1.7406080905502108e-06,1.0986217117724974e-07,-6.002317168463112e-06,-3.8143261398861577e-07,6.249602220598994e-06,3.968531340576948e-07
2950.0,1.7372854423658435e-06,1.0610252013302058e-07,-5.9859184510790975e-06,-3.672838198044321e-07,6.232927114223739e-06,3.8221756934283946e-07
2951.0,1.7334366696764025e-06,1.0232489555169204e-07,-5.96910405831208e-06,-3.5308710827906695e-07,6.215706391612828e-06,3.6753099794721945e-07
2952.0,1.7293151793884576e-06,9.852980228494521e-08,-5.952712591128506e-06,-3.388442105024644e-07,6.198815869361114e-06,3.527952214082946e-07
2953.0,1.7249574491284836e-06,9.471774805993089e-08,-5.936670765538388e-06,-3.245568902098368e-07,6.182195239532798e-06,3.3801207350393955e-07
2954.0,1.7202003192717807e-06,9.088924404280661e-08,-5.92031099633239e-06,-3.1022694377132156e-07,6.165157859432064e-06,3.2318342040107394e-07
2955.0,1.7154033517818856e-06,8.704480542300855e-08,-5.904053855643188e-06,-2.9585620012754e-07,6.148207916916906e-06,3.083111607578464e-07
2956.0,1.7105809543005446e-06,8.31849520141612e-08,-5.888229403339107e-06,-2.8144652067331067e-07,6.131666389128079e-06,2.9339722578040217e-07
2957.0,1.7055900545237535e-06,7.931020886775045e-08,-5.872133406803481e-06,-2.669997990918397e-07,6.114817101221246e-06,2.784435792353883e-07
2958.0,1.7005803427116994e-06,7.542110689588294e-08,-5.855969380519355e-06,-2.525179611417653e-07,6.0978972513152165e-06,2.63452217419456e-07
2959.0,1.6954273764357985e-06,7.151818349961126e-08,-5.839532869533759e-06,-2.380029643994955e-07,6.0806757949370354e-06,2.484251690871373e-07
2960.0,1.6903416739377786e-06,6.76019831994114e-08,-5.822696621637924e-06,-2.2345679795937137e-07,6.063089222688749e-06,2.3336449533857126e-07
2961.0,1.6859963028470482e-06,6.367305826444439e-08,-5.806386410400766e-06,-2.0888148209427962e-07,6.046214243648715e-06,2.1827228946867683e-07
2962.0,1.682137089537017e-06,5.973196933721836e-08,-5.790343054201674e-06,-1.9427906787945257e-07,6.0297311609505145e-06,2.0315067677945627e-07
2963.0,1.678130006593781e-06,5.577928605019662e-08,-5.7737877841579355e-06,-1.7965163678230042e-07,6.012715334648885e-06,1.8800181435721185e-07
2964.0,1.6738355647916148e-06,5.1815587630786974e-08,-5.756587839522709e-06,-1.6500130022121733e-07,5.995000337956787e-06,1.728278908165078e-07
2965.0,1.6695023295765221e-06,4.784146349103744e-08,-5.738829023327341e-06,-1.5033019909639534e-07,5.976737955393868e-06,1.5763112601277667e-07
2966.0,1.6657963221033967e-06,4.385751379827429e-08,-5.72150159966478e-06,-1.356405032957712e-07,5.959065190254243e-06,1.4241377072552256e-07
2967.0,1.6627795247359245e-06,3.986435002286075e-08,-5.705436267655628e-06,-1.209344111792762e-07,5.942797216139989e-06,1.2717810631411319e-07
2968.0,1.6594306285477867e-06,3.586259545924016e-08,-5.690026391946823e-06,-1.0621414904456654e-07,5.927065914262628e-06,1.1192644434814244e-07
2969.0,1.6549115115505053e-06,3.1852885716466465e-08,-5.6734182075635076e-06,-9.1481970577329e-08,5.909856704605916e-06,9.666112621428745e-08
2970.0,1.6501415274761122e-06,2.783586917453875e-08,-5.655923094094462e-06,-7.674015628915589e-08,5.891725817365593e-06,8.138452270150893e-08
2971.0,1.6462464980382396e-06,2.3812207403061725e-08,-5.638823178000241e-06,-6.19910129458547e-08,5.874219468580988e-06,6.609903356638772e-08
2972.0,1.6427819176934033e-06,1.9782575539032398e-08,-5.6221371447784385e-06,-4.723687298895541e-08,5.85723130017911e-06,5.080708708035874e-08
2973.0,1.6388291493862894e-06,1.5747662620880293e-08,-5.6058315505147505e-06,-3.2480093953063265e-08,5.840471586577988e-06,3.551113956059476e-08
2974.0,1.6341020021293229e-06,1.170817187625471e-08,-5.590044368009028e-06,-1.772305788155203e-08,5.8239922209488325e-06,2.0213674886242824e-08
2975.0,1.6287559090888415e-06,7.664820961458355e-09,-5.573534221203769e-06,-2.9681707429143456e-09,5.806645290210288e-06,4.917204001656468e-09
2976.0,1.6234924624658476e-06,3.6183421508799634e-09,-5.556019719410443e-06,1.178213815012181e-08,5.788357530263755e-06,-1.0375735591801702e-08
2977.0,1.6189034471592034e-06,-4.3051752474319135e-10,-5.538553788375644e-06,2.6525416716797034e-08,5.770305575786619e-06,-2.566258035387027e-08
2978.0,1.6143915535227205e-06,-4.480996191938841e-09,-5.5216480786546285e-06,4.12591906781294e-08,5.7528130156120886e-06,-4.094074123195191e-08
2979.0,1.6093108971826364e-06,-8.53231710027385e-09,-5.505528698268591e-06,5.598096411882216e-08,5.7359156035675624e-06,-5.620760419475462e-08
2980.0,1.6039190616212728e-06,-1.2583688640204689e-08,-5.490649822359472e-06,7.068822004002533e-08,5.7201216619935775e-06,-7.146053077178566e-08
2981.0,1.5983413878817299e-06,-1.6634304412601666e-08,-5.475710597446781e-06,8.537842090201886e-08,5.704217890228833e-06,-8.669685859767999e-08
2982.0,1.593022382867515e-06,-2.0683343349271972e-08,-5.459766772908381e-06,1.0004900915621077e-07,5.6874223974372865e-06,-1.0191390196058328e-07
2983.0,1.5884996173443078e-06,-2.4729969883603837e-08,-5.443650745173834e-06,1.1469740776613014e-07,5.670684656171126e-06,-1.1710895235403032e-07
2984.0,1.5846051938384065e-06,-2.8773334170331427e-08,-5.427393341472797e-06,1.2932102071730254e-07,5.653987274782541e-06,-1.3227927903192266e-07
2985.0,1.5808061765709702e-06,-3.2812572353385137e-08,-5.411092747376056e-06,1.4391723351600353e-07,5.637275307148896e-06,-1.4742212956630365e-07
2986.0,1.5767592078108628e-06,-3.6846806880818944e-08,-5.395050137191326e-06,1.584834136769316e-07,5.620741550918747e-06,-1.6253473040768015e-07
2987.0,1.5719008180925531e-06,-4.087514686585423e-08,-5.3781635524496885e-06,1.7301691119983658e-07,5.603170118675524e-06,-1.7761428744765093e-07
2988.0,1.5668113767242087e-06,-4.4896688493119435e-08,-5.360803719156593e-06,1.8751505903512476e-07,5.585079623922614e-06,-1.9265798658359695e-07
2989.0,1.5623150297627841e-06,-4.8910515469178585e-08,-5.343525370349322e-06,2.0197517353844865e-07,5.567233750776911e-06,-2.0766299428517964e-07
2990.0,1.5586074160467422e-06,-5.2915699516447544e-08,-5.327182195091762e-06,2.1639455491430038e-07,5.550506933340286e-06,-2.2262645816240982e-07
2991.0,1.5550393241137161e-06,-5.691130090961881e-08,-5.3116172670231165e-06,2.3077048764870258e-07,5.534566404956956e-06,-2.375455075351232e-07
2992.0,1.5512678923912393e-06,-6.089636905375311e-08,-5.296329385284793e-06,2.4510024093123757e-07,5.518834753042996e-06,-2.5241725400385074e-07
2993.0,1.5473991838155232e-06,-6.486994310323646e-08,-5.280920417904955e-06,2.593810690668757e-07,5.502959630446002e-06,-2.6723879202229927e-07
2994.0,1.5438017892110967e-06,-6.883105262080733e-08,-5.266008583471038e-06,2.736102118783115e-07,5.487637958681498e-06,-2.820071994718923e-07
2995.0,1.540348037815109e-06,-7.277871827581361e-08,-5.2509975452808e-06,2.8778489509975694e-07,5.472261625520644e-06,-2.967195382390432e-07
2996.0,1.5365610550044373e-06,-7.671195258075228e-08,-5.235423943261708e-06,3.0190233076333413e-07,5.456251803338471e-06,-3.113728547959846e-07
2997.0,1.5322798402883642e-06,-8.06297606649759e-08,-5.219297979752735e-06,3.1595971757933873e-07,5.4395728610254975e-06,-3.259641807860601e-07
2998.0,1.5276515867856943e-06,-8.453114108421687e-08,-5.202378944246799e-06,3.299542413117175e-07,5.422035231363892e-06,-3.4049053361437923e-07
2999.0,1.5230239772123788e-06,-8.841508666429551e-08,-5.184885318976207e-06,3.438830751501233e-07,5.4039465028901626e-06,-3.5494891704468504e-07
3000.0,1.5186692033375415e-06,-9.228058537705754e-08,-5.168270332256419e-06,3.5774338007994096e-07,5.386777735942682e-06,-3.693363218032179e-07
3001.0,1.5144473589912e-06,-9.612662124626492e-08,-5.15349994412162e-06,3.715323052517649e-07,5.371416245015551e-06,-3.836497261903521e-07
3002.0,1.5101649840087994e-06,-9.99521752808597e-08,-5.13974506854975e-06,3.8524698835199536e-07,5.3570120075101355e-06,-3.978860967008782e-07
3003.0,1.5059121608040904e-06,-1.0375622643274931e-07,-5.126266456045858e-06,3.9888455597652696e-07,5.342881171656226e-06,-4.1204238865401617e-07
3004.0,1.501744474191602e-06,-1.0753775257601636e-07,-5.112881778179812e-06,4.124421240098609e-07,5.328864470354652e-06,-4.261155468345253e-07
3005.0,1.4973417139241274e-06,-1.1129573150423732e-07,-5.098432229622141e-06,4.259167980123254e-07,5.313759818462539e-06,-4.401025061465498e-07
3006.0,1.4928722975871e-06,-1.1502914194239575e-07,-5.0831769857762055e-06,4.3930567361833046e-07,5.2978633396519255e-06,-4.540001922820179e-07
3007.0,1.4887634851024067e-06,-1.1873696456970101e-07,-5.068334703206556e-06,4.5260583694871344e-07,5.2824647067729806e-06,-4.678055224054872e-07
3008.0,1.48480925707406e-06,-1.2241818304948e-07,-5.053973202440165e-06,4.6581436504024303e-07,5.2675709450254315e-06,-4.815154058572943e-07
3009.0,1.480356534050431e-06,-1.2607178506219724e-07,-5.039220858871207e-06,4.789283262952857e-07,5.252161681859049e-06,-4.951267448767845e-07
3010.0,1.4755147803857671e-06,-1.2969676333758428e-07,-5.023946388349465e-06,4.919447809545553e-07,5.23614182200468e-06,-5.086364353472882e-07
3011.0,1.4708237827676385e-06,-1.3329211668181964e-07,-5.008352640445413e-06,5.048607815957847e-07,5.219858117900471e-06,-5.220413675644229e-07
3012.0,1.4668307810050685e-06,-1.3685685099570375e-07,-4.993302905598185e-06,5.176733736610741e-07,5.204293078522694e-06,-5.353384270292231e-07
3013.0,1.4638508451791932e-06,-1.403899802798344e-07,-4.979676522909315e-06,5.30379596015647e-07,5.19037932811717e-06,-5.485244952675911e-07
3014.0,1.4613828512588523e-06,-1.438905276229157e-07,-4.967177311021587e-06,5.429764815407675e-07,5.177691597331874e-06,-5.615964506776204e-07
3015.0,1.4585484935381032e-06,-1.473575261695081e-07,-4.954706040838364e-06,5.554610577636724e-07,5.164927459231392e-06,-5.745511694064896e-07
3016.0,1.4550566158622047e-06,-1.5079002006371216e-07,-4.9420250075038474e-06,5.678303475274925e-07,5.15177648293846e-06,-5.873855262587925e-07
3017.0,1.4511189542487646e-06,-1.5418706536542116e-07,-4.92904597093613e-06,5.800813697042445e-07,5.1382137365996875e-06,-6.000963956383136e-07
3018.0,1.4469816994600038e-06,-1.5754773093585603e-07,-4.915528615034859e-06,5.922111399539888e-07,5.124078219914161e-06,-6.126806525252911e-07
3019.0,1.4430186546787738e-06,-1.608710992891199e-07,-4.901633300802288e-06,6.042166715331593e-07,5.109629326407629e-06,-6.251351734911355e-07
3020.0,1.4397712095604032e-06,-1.6415626740650834e-07,-4.8875545324289504e-06,6.160949761549002e-07,5.095206614392178e-06,-6.374568377524021e-07
3021.0,1.4373146514090607e-06,-1.6740234751032445e-07,-4.87358489398293e-06,6.278430649040218e-07,5.0811123906103234e-06,-6.496425282656092e-07
3022.0,1.4348200021996327e-06,-1.7060846779398758e-07,-4.860002615347803e-06,6.394579492089659e-07,5.067379387799934e-06,-6.616891328642913e-07
3023.0,1.4314560411454735e-06,-1.7377377310527257e-07,-4.847234673976963e-06,6.509366418729987e-07,5.054181475010215e-06,-6.735935454395271e-07
3024.0,1.4271761077377931e-06,-1.7689742557955117e-07,-4.835717288154129e-06,6.622761581667527e-07,5.041923574733191e-06,-6.853526671650925e-07
3025.0,1.42244066964059e-06,-1.7997860521989835e-07,-4.825117723317174e-06,6.734735169842024e-07,5.030417328862197e-06,-6.969634077683614e-07
3026.0,1.417760283645153e-06,-1.8301651042089252e-07,-4.8144768254321235e-06,6.845257420641817e-07,5.018887458840312e-06,-7.084226868480817e-07
3027.0,1.413685274148646e-06,-1.8601035843291744e-07,-4.8033121369805976e-06,6.954298632795533e-07,5.007026416907529e-06,-7.197274352401532e-07
3028.0,1.4104021947569656e-06,-1.889593857638288e-07,-4.7919664828421915e-06,7.061829179960621e-07,4.995215423148258e-06,-7.308745964324729e-07
3029.0,1.4074858191159834e-06,-1.918628485150105e-07,-4.780936253223622e-06,7.167819525027239e-07,4.9838105690726764e-06,-7.418611280297919e-07
3030.0,1.4041562205746594e-06,-1.9472002264912676e-07,-4.7699274275947445e-06,7.272240235152868e-07,4.972309559580852e-06,-7.526840032692955e-07
3031.0,1.4000503589517432e-06,-1.9753020418723954e-07,-4.758477415933715e-06,7.375061997538899e-07,4.960166159066862e-06,-7.633402125873384e-07
3032.0,1.3953465865523818e-06,-2.0029270933338135e-07,-4.746452190673711e-06,7.476255635955646e-07,4.947302345213465e-06,-7.738267652374124e-07
3033.0,1.3907927904344142e-06,-2.0300687452514159e-07,-4.734401165551461e-06,7.57579212801677e-07,4.934456300576526e-06,-7.841406909590448e-07
3034.0,1.3872409065640579e-06,-2.0567205640935192e-07,-4.723094529424099e-06,7.673642623198687e-07,4.9226069583829785e-06,-7.942790416969445e-07
3035.0,1.385018179062003e-06,-2.0828763174259053e-07,-4.712960773534114e-06,7.769778461595198e-07,4.912257587831027e-06,-8.042388933693917e-07
3036.0,1.3837601407218347e-06,-2.1085299721697827e-07,-4.70366861371474e-06,7.864171193392978e-07,4.902987921124797e-06,-8.140173476846278e-07
3037.0,1.382728050142168e-06,-2.1336756921260371e-07,-4.694566934304589e-06,7.956792599049454e-07,4.893965218645914e-06,-8.236115340038602e-07
3038.0,1.3812951067948553e-06,-2.1583078347881703e-07,-4.6851907564149364e-06,8.047614710150958e-07,4.884566367248107e-06,-8.330186112493981e-07
3039.0,1.3792652073518763e-06,-2.1824209474750303e-07,-4.675376983787061e-06,8.136609830925233e-07,4.874579207761138e-06,-8.422357698563228e-07
3040.0,1.376898105615032e-06,-2.2060097628221062e-07,-4.665443568419025e-06,8.223750560378092e-07,4.864381983700367e-06,-8.512602337658923e-07
3041.0,1.3747674164066304e-06,-2.229069193676547e-07,-4.655727012137234e-06,8.30900981501916e-07,4.8544597496279295e-06,-8.600892624586041e-07
3042.0,1.3732595143256532e-06,-2.2515943274463039e-07,-4.646123903107036e-06,8.392360852136424e-07,4.844822908704557e-06,-8.68720153024484e-07
3043.0,1.3722798720139373e-06,-2.2735804199581201e-07,-4.636279917369368e-06,8.473777293574163e-07,4.835105326602214e-06,-8.771502422677949e-07
3044.0,1.3715164109695532e-06,-2.2950228888827292e-07,-4.6262965540111445e-06,8.553233149963993e-07,4.825316266444532e-06,-8.853769088430081e-07
3045.0,1.3704768610789397e-06,-2.3159173067884108e-07,-4.616747235508534e-06,8.630702845354591e-07,4.8158656400826295e-06,-8.933975754185448e-07
3046.0,1.3686636607668223e-06,-2.336259393885891e-07,-4.608167739394986e-06,8.706161242182296e-07,4.807124933960458e-06,-9.012097108645405e-07
3047.0,1.3659965598933344e-06,-2.3560450105280474e-07,-4.600490961625958e-06,8.779583666522539e-07,4.799006531527391e-06,-9.088108324606683e-07
3048.0,1.3629398765702128e-06,-2.3752701495271164e-07,-4.593347064041353e-06,8.850945933560861e-07,4.791288173120309e-06,-9.161985081199321e-07
3049.0,1.3601417861441867e-06,-2.393930928350309e-07,-4.586306352583058e-06,8.920224373222125e-07,4.7837424301648195e-06,-9.233703586242686e-07
3050.0,1.3579802197738466e-06,-2.4120235812525314e-07,-4.579299845708373e-06,8.987395855896862e-07,4.776410509389007e-06,-9.303240598677674e-07
3051.0,1.3563157603424525e-06,-2.4295444514027577e-07,-4.572424333493252e-06,9.052437818204186e-07,4.769345523997453e-06,-9.370573451033108e-07
3052.0,1.3547817871717438e-06,-2.4464899830589094e-07,-4.565913533260968e-06,9.115328288731096e-07,4.762667328721157e-06,-9.435680071884119e-07
3053.0,1.3529570435377725e-06,-2.462856713844824e-07,-4.55971348850559e-06,9.176045913688099e-07,4.756204354200762e-06,-9.498539008260152e-07
3054.0,1.3505857516526998e-06,-2.478641267181837e-07,-4.5536403645018986e-06,9.234569982420995e-07,4.749707616452645e-06,-9.559129447959795e-07
3055.0,1.3478062257099577e-06,-2.493840344926455e-07,-4.547389842401994e-06,9.290880452718536e-07,4.742924836094639e-06,-9.617431241729239e-07
3056.0,1.3451645399509271e-06,-2.50845072026455e-07,-4.541092354481968e-06,9.34495797585528e-07,4.7361363379315815e-06,-9.67342492526047e-07
3057.0,1.3432492208254043e-06,-2.5224692309116373e-07,-4.535262739913115e-06,9.396783921308636e-07,4.7300028107065935e-06,-9.727091740964765e-07
3058.0,1.342266985809859e-06,-2.5358927726684387e-07,-4.5301190989555096e-06,9.446340401088777e-07,4.724792028430094e-06,-9.77841365947663e-07
3059.0,1.3419885633580986e-06,-2.548718293381296e-07,-4.5254667683236605e-06,9.493610293620057e-07,4.720252405897987e-06,-9.82737340084344e-07
3060.0,1.3418767711992352e-06,-2.5609427873579017e-07,-4.520879870795191e-06,9.538577267112828e-07,4.715823159878372e-06,-9.873954455356464e-07
3061.0,1.3414315235826813e-06,-2.572563290289957e-07,-4.516044110336459e-06,9.58122580236513e-07,4.711060702110086e-06,-9.918141103979872e-07
3062.0,1.3405871139016146e-06,-2.583576874735096e-07,-4.511129056028462e-06,9.621541214934335e-07,4.7061087078501814e-06,-9.959918438335194e-07
3063.0,1.3397053145458582e-06,-2.5939806462104045e-07,-4.506648129787294e-06,9.659509676619688e-07,4.701562261157214e-06,-9.999272380199341e-07
3064.0,1.339212283346658e-06,-2.6037717399489083e-07,-4.502785976467916e-06,9.695118236197429e-07,4.697719775565874e-06,-1.0036189700474963e-06
3065.0,1.3393459312727174e-06,-2.612947318368599e-07,-4.4993189427522395e-06,9.728354839351575e-07,4.694434840555987e-06,-1.007065803759253e-06
3066.0,1.340003129901568e-06,-2.6215045693011186e-07,-4.495917953484252e-06,9.759208347745092e-07,4.691362982397336e-06,-1.0102665915304564e-06
3067.0,1.3407550695232473e-06,-2.629440705024093e-07,-4.492546925860541e-06,9.787668557178403e-07,4.68834747405856e-06,-1.0132202759833615e-06
3068.0,1.3411086400294536e-06,-2.6367529621371745e-07,-4.489534137674944e-06,9.813726214784876e-07,4.685561776106506e-06,-1.0159258916337055e-06
3069.0,1.3407825106559468e-06,-2.6434386023168143e-07,-4.4871769603882505e-06,9.837373035215812e-07,4.683209883693021e-06,-1.0183825664653094e-06
3070.0,1.3398047147283876e-06,-2.649494913978443e-07,-4.4853362144436915e-06,9.858601715770865e-07,4.681166268165283e-06,-1.020589523429387e-06
3071.0,1.3386026906092585e-06,-2.6549192148671224e-07,-4.483751289807714e-06,9.8774059504334e-07,4.679303665307338e-06,-1.0225460818652744e-06
3072.0,1.3376320518454499e-06,-2.6597088555892276e-07,-4.482206997336036e-06,9.893780442774327e-07,4.6775462662695695e-06,-1.0242516588394324e-06
3073.0,1.337085167002483e-06,-2.663861224088784e-07,-4.480827144326405e-06,9.90772091769195e-07,4.676067647195705e-06,-1.0257057703997127e-06
3074.0,1.3367536234321076e-06,-2.66737375106326e-07,-4.479814796842785e-06,9.919224131959457e-07,4.675002766177837e-06,-1.0269080327420072e-06
3075.0,1.33637114271834e-06,-2.670243916305181e-07,-4.47946252302156e-06,9.928287883555686e-07,4.67455584267051e-06,-1.0278581632865535e-06
3076.0,1.335684396808201e-06,-2.67246925594791e-07,-4.479614554242506e-06,9.934911019758767e-07,4.674505253228215e-06,-1.028555981661313e-06
3077.0,1.3345920055751748e-06,-2.6740473705863676e-07,-4.479917243727094e-06,9.939093443986109e-07,4.674483322463407e-06,-1.0290014105900017e-06
3078.0,1.333265474384726e-06,-2.6749759342361805e-07,-4.4800661709865075e-06,9.940836121368096e-07,4.674247503246275e-06,-1.0291944766825109e-06
3079.0,1.3321303011792907e-06,-2.67525270408803e-07,-4.4803468965959325e-06,9.940141083046245e-07,4.674192919976328e-06,-1.0291353111255973e-06
3080.0,1.3314996734625772e-06,-2.674875531007964e-07,-4.4810854871735195e-06,9.937011429189833e-07,4.674721224178838e-06,-1.0288241502718554e-06
3081.0,1.3315098540411796e-06,-2.673842370729503e-07,-4.482459007415507e-06,9.931451330727745e-07,4.67604076592251e-06,-1.0282613361251132e-06
3082.0,1.3319572201575536e-06,-2.672151295679635e-07,-4.4841527741534826e-06,9.92346602979495e-07,4.677791801510432e-06,-1.0274473167205383e-06
3083.0,1.3325181804912933e-06,-2.669800507378179e-07,-4.48585720796979e-06,9.91306183889544e-07,4.679585408092724e-06,-1.0263826463978996e-06
3084.0,1.3328908580745313e-06,-2.666788349348316e-07,-4.487404416719798e-06,9.90024613878568e-07,4.681174685774395e-06,-1.025067985966599e-06
3085.0,1.3331251806358857e-06,-2.6631133204748723e-07,-4.489138996310871e-06,9.885027375084608e-07,4.682904192426366e-06,-1.0235041027612364e-06
3086.0,1.3334368044182199e-06,-2.658774088746077e-07,-4.491353350455363e-06,9.867415053617842e-07,4.685115647454574e-06,-1.0216918705866091e-06
3087.0,1.3340998653577074e-06,-2.653769505313794e-07,-4.4940434910101246e-06,9.847419734505224e-07,4.687883248315589e-06,-1.0196322695511665e-06
3088.0,1.3352487743534258e-06,-2.648098618806776e-07,-4.496902951955928e-06,9.82505302500233e-07,4.690951443867466e-06,-1.0173263857880692e-06
3089.0,1.3367988224155525e-06,-2.6417606898313013e-07,-4.499752322584261e-06,9.80032757110806e-07,4.694124205452393e-06,-1.0147754110631449e-06
3090.0,1.3384667684468443e-06,-2.634755205593649e-07,-4.502668227823747e-06,9.773257047952056e-07,4.697394433096925e-06,-1.0119806422691853e-06
3091.0,1.3399225614885157e-06,-2.6270818945789563e-07,-4.505977038604669e-06,9.743856148977275e-07,4.70098091287536e-06,-1.0089434808061896e-06
3092.0,1.3410035047400903e-06,-2.6187407412210055e-07,-4.509890872361755e-06,9.71214057393477e-07,4.705040497204788e-06,-1.0056654318473277e-06
3093.0,1.3417747728172724e-06,-2.609732000497043e-07,-4.514297151758662e-06,9.678127015709655e-07,4.709483869315746e-06,-1.0021481034905572e-06
3094.0,1.3424891428248653e-06,-2.6000562123809853e-07,-4.518908702233482e-06,9.641833145999257e-07,4.714107864455811e-06,-9.98393205796017e-07
3095.0,1.343470978271144e-06,-2.5897142160873713e-07,-4.523564128777746e-06,9.603277599866817e-07,4.7188501455992e-06,-9.944025497095061e-07
3096.0,1.344822702087356e-06,-2.578707164037557e-07,-4.528432536343718e-06,9.56247995919633e-07,4.723901918569642e-06,-9.901780458725563e-07
3097.0,1.3463754821863017e-06,-2.567036535479056e-07,-4.533724727917576e-06,9.519460735076416e-07,4.7294171784231195e-06,-9.857217033198013e-07
3098.0,1.3478513749831667e-06,-2.554704149688825e-07,-4.539515075618894e-06,9.474241349143155e-07,4.735388099281327e-06,-9.810356280645474e-07
3099.0,1.349052484889146e-06,-2.5417121786915276e-07,-4.545602816485861e-06,9.426844113913883e-07,4.741565940934468e-06,-9.761220215736514e-07
3100.0,1.3499306369124664e-06,-2.5280631594244006e-07,-4.551662373453169e-06,9.377292212145826e-07,4.74762499428759e-06,-9.709831791330102e-07
3101.0,1.3506774430849244e-06,-2.5137600052811706e-07,-4.557637464153164e-06,9.325609675255228e-07,4.7535659046563045e-06,-9.656214881051603e-07
3102.0,1.351616772615749e-06,-2.498806016968657e-07,-4.563900810994337e-06,9.271821360834103e-07,4.759838076301649e-06,-9.600394260806623e-07
3103.0,1.3529883669261e-06,-2.4832048926115113e-07,-4.570750369026211e-06,9.215952929303105e-07,4.7667951977183365e-06,-9.5423955892513e-07
3104.0,1.35483203353437e-06,-2.466960737043143e-07,-4.578162603463554e-06,9.158030819740149e-07,4.774425898769721e-06,-9.48224538723946e-07
3105.0,1.3569720194450685e-06,-2.4500780702244323e-07,-4.585847471927362e-06,9.098082224925601e-07,4.782402126268702e-06,-9.419971016269149e-07
3106.0,1.3591707729299074e-06,-2.4325618347361704e-07,-4.593535188501807e-06,9.036135065645955e-07,4.790397761980858e-06,-9.355600655953512e-07
3107.0,1.361302167768308e-06,-2.4144174022962347e-07,-4.601206925636259e-06,8.97221796429885e-07,4.798358965781298e-06,-9.289163280543133e-07
3108.0,1.363379629165662e-06,-2.395650579257843e-07,-4.60909308996893e-06,8.906360217842872e-07,4.8065104936141805e-06,-9.220688634529194e-07
3109.0,1.3655516271360302e-06,-2.3762676110508272e-07,-4.617354023295217e-06,8.8385917701359e-07,4.815048226426646e-06,-9.150207207358641e-07
3110.0,1.3680435915486289e-06,-2.3562751855335278e-07,-4.625872432328926e-06,8.768943183705698e-07,4.823923613466324e-06,-9.077750207294117e-07
3111.0,1.371017975870803e-06,-2.335680435228698e-07,-4.6343769062318074e-06,8.697445610996298e-07,4.832922469808053e-06,-9.003349534452916e-07
3112.0,1.3743340238625557e-06,-2.3144909384227184e-07,-4.642794063480782e-06,8.624130765133386e-07,4.841934605613611e-06,-8.927037753060601e-07
3113.0,1.3777258991432006e-06,-2.292714719113328e-07,-4.651329734206566e-06,8.549030890251528e-07,4.85108203903872e-06,-8.848848062956234e-07
3114.0,1.3809395311703554e-06,-2.270360245796828e-07,-4.660233078046527e-06,8.472178731425658e-07,4.860531486418745e-06,-8.76881427038742e-07
3115.0,1.3839908349355667e-06,-2.2474364290910375e-07,-4.669696758163866e-06,8.393607504248974e-07,4.870472096664939e-06,-8.686970758134603e-07
3116.0,1.3869918112641155e-06,-2.2239526181950122e-07,-4.679569073240408e-06,8.313350864099308e-07,4.8807902019797785e-06,-8.603352455005361e-07
3117.0,1.3899950929430194e-06,-2.1999185961906162e-07,-4.689485026132534e-06,8.231442875136293e-07,4.891150802083997e-06,-8.51799480474081e-07
3118.0,1.3931076139062082e-06,-2.1753445741945687e-07,-4.699241381689312e-06,8.147917979072095e-07,4.901389434364986e-06,-8.430933734377716e-07
3119.0,1.3964032518631875e-06,-2.150241184372683e-07,-4.709150152604202e-06,8.062810963759046e-07,4.911826259303791e-06,-8.342205622111278e-07
3120.0,1.3997577913982262e-06,-2.1246194718308086e-07,-4.719464180402699e-06,7.976156931638026e-07,4.922668384594291e-06,-8.251847264704926e-07
3121.0,1.402955133428252e-06,-2.0984908853995192e-07,-4.730211215719926e-06,7.887991268092137e-07,4.933880952327008e-06,-8.159895844494778e-07
3122.0,1.405839045370838e-06,-2.0718672673318494e-07,-4.741153222076466e-06,7.798349609750959e-07,4.945191330645888e-06,-8.066388896037781e-07
3123.0,1.4084325823393584e-06,-2.044760841935408e-07,-4.752133694330141e-06,7.707267812791569e-07,4.956456091582265e-06,-7.971364272454101e-07
3124.0,1.41095373598632e-06,-2.0171842031620174e-07,-4.7632115602325165e-06,7.61478192128372e-07,4.967793757054176e-06,-7.8748601115158e-07
3125.0,1.4136835211342458e-06,-1.9891503011798635e-07,-4.774626045422892e-06,7.520928135627506e-07,4.9795135276005785e-06,-7.77691480153551e-07
3126.0,1.416802815623619e-06,-1.9606724279551782e-07,-4.786525578281964e-06,7.425742781133126e-07,4.9918090237815095e-06,-7.677566947110382e-07
3127.0,1.4202493567594399e-06,-1.931764201872996e-07,-4.798769229485966e-06,7.329262276793331e-07,5.004527385601655e-06,-7.576855334778441e-07
3128.0,1.423814564138759e-06,-1.9024395514295236e-07,-4.811190781106589e-06,7.2315231043003e-07,5.017450014226218e-06,-7.474818898646311e-07
3129.0,1.4272966995798608e-06,-1.872712698032147e-07,-4.823485137472883e-06,7.13256177735961e-07,5.030227106210351e-06,-7.371496686049219e-07
3130.0,1.4306203553471342e-06,-1.8425981379468075e-07,-4.8355253424725575e-06,7.032414811354601e-07,5.042715532213562e-06,-7.266927823305785e-07
3131.0,1.4339519511796794e-06,-1.81211062343633e-07,-4.847662695595112e-06,6.931118693414779e-07,5.0552993787268896e-06,-7.161151481631615e-07
3132.0,1.4374483254808723e-06,-1.7812651431371464e-07,-4.860073654466834e-06,6.82870985294185e-07,5.068192341976612e-06,-7.054206843276675e-07
3133.0,1.4413093973875135e-06,-1.7500769017257438e-07,-4.872756755369689e-06,6.725224632646782e-07,5.081449712040698e-06,-6.94613306795239e-07
3134.0,1.4455385731748649e-06,-1.7185612989301725e-07,-4.8854468870374035e-06,6.6206992601511e-07,5.094818255109782e-06,-6.836969259615366e-07
3135.0,1.4500682169737988e-06,-1.6867339079460034e-07,-4.898149971288568e-06,6.515169820205511e-07,5.108284543279845e-06,-6.726754433675622e-07
3136.0,1.4546942115611916e-06,-1.6546104533201416e-07,-4.911130451035195e-06,6.408672227579035e-07,5.1220442751146536e-06,-6.615527484698492e-07
3137.0,1.4591950013020938e-06,-1.6222067883696596e-07,-4.92455237316447e-06,6.301242200672004e-07,5.13619179235597e-06,-6.50332715467061e-07
3138.0,1.4634548140268766e-06,-1.5895388722060266e-07,-4.9382437154466e-06,6.192915235906684e-07,5.150529194737787e-06,-6.390192001901571e-07
3139.0,1.4675699898936134e-06,-1.5566227464376425e-07,-4.951892833282567e-06,6.083726582949734e-07,5.164785020458411e-06,-6.276160370634169e-07
3140.0,1.4717582168810583e-06,-1.523474511625363e-07,-4.965428974990083e-06,5.973711220821364e-07,5.178953287550291e-06,-6.161270361437089e-07
3141.0,1.4761674733410057e-06,-1.490110303566807e-07,-4.979059905207972e-06,5.862903834946497e-07,5.193275262202033e-06,-6.045559802454768e-07
3142.0,1.4806319556803782e-06,-1.4565462694857638e-07,-4.992902162770374e-06,5.751338795203783e-07,5.207815568468125e-06,-5.929066221589745e-07
3143.0,1.4849331979038816e-06,-1.4227985442031382e-07,-5.006988574640658e-06,5.639050135028627e-07,5.22254355547363e-06,-5.811826819693147e-07
3144.0,1.48892674470269e-06,-1.3888832263655272e-07,-5.0212474835831244e-06,5.526071531626885e-07,5.237349438645546e-06,-5.693878444839383e-07
3145.0,1.4927624225891112e-06,-1.3548163548067957e-07,-5.035617654469693e-06,5.412436287356336e-07,5.252217133011635e-06,-5.575257567761268e-07
3146.0,1.4965626222995798e-06,-1.3206138851168894e-07,-5.050135780615417e-06,5.298177312333583e-07,5.2672166354837046e-06,-5.456000258522019e-07
3147.0,1.5004084076841728e-06,-1.2862916664907547e-07,-5.06493143470621e-06,5.183327108324547e-07,5.282495227458749e-06,-5.336142164500677e-07
3148.0,1.5043414542392775e-06,-1.251865418928825e-07,-5.080014192693216e-06,5.067917753977147e-07,5.298073933884582e-06,-5.215718489767481e-07
3149.0,1.5084611663940262e-06,-1.217350710859191e-07,-5.09535180598375e-06,4.951980891455087e-07,5.313950048434845e-06,-5.094763975925643e-07
3150.0,1.5126674380860905e-06,-1.1827629372504626e-07,-5.110742742675534e-06,4.835547714531686e-07,5.329901890284339e-06,-4.973312884495707e-07
3151.0,1.5170024266486504e-06,-1.148117298283384e-07,-5.126225110119176e-06,4.718648958202418e-07,5.345977950017588e-06,-4.851398980918032e-07
3152.0,1.521301251528051e-06,-1.1134287786484932e-07,-5.141688892484897e-06,4.6013148898740216e-07,5.362025938486626e-06,-4.7290555202481026e-07
3153.0,1.525434533133918e-06,-1.0787121275363707e-07,-5.1569572016574305e-06,4.48357530218678e-07,5.377839537825941e-06,-4.606315234617743e-07
3154.0,1.5296167472922395e-06,-1.0439818393862894e-07,-5.172210560067114e-06,4.365459507524535e-07,5.393652702136713e-06,-4.483210322533303e-07
3155.0,1.5339952866844087e-06,-1.009252135458269e-07,-5.187526442351764e-06,4.246996334264664e-07,5.409581511509807e-06,-4.3597724400793074e-07
3156.0,1.5384964581477423e-06,-9.745369462926671e-08,-5.202795780867575e-06,4.128214124817256e-07,5.425500464394652e-06,-4.2360326940929506e-07
3157.0,1.5432729622011365e-06,-9.398498951205703e-08,-5.218185097188854e-06,4.009140735499646e-07,5.441612550006195e-06,-4.112021637371655e-07
3158.0,1.5484198667148341e-06,-9.05204282287274e-08,-5.2340642767712e-06,3.8898035382891723e-07,5.458299454684546e-06,-3.987769265972373e-07
3159.0,1.553555960653874e-06,-8.706130707500178e-08,-5.250185359739756e-06,3.770229424493679e-07,5.475215286590004e-06,-3.863305018657885e-07
3160.0,1.5584121449419008e-06,-8.36088872709676e-08,-5.266258398917145e-06,3.650444810375903e-07,5.492005638896212e-06,-3.738657778541547e-07
3161.0,1.5631411528771455e-06,-8.016439374340786e-08,-5.2824491254543915e-06,3.530475644764405e-07,5.508872754641548e-06,-3.613855876978166e-07
3162.0,1.5677222831578241e-06,-7.672901403279734e-08,-5.298592044844508e-06,3.4103474186799846e-07,5.525652071457186e-06,-3.488927099744171e-07
3163.0,1.5722501260084787e-06,-7.330389733012421e-08,-5.3146881955901115e-06,3.2900851770023687e-07,5.542371430631346e-06,-3.3638986955454766e-07
3164.0,1.5769745899119059e-06,-6.989015364830131e-08,-5.331015137222117e-06,3.169713532197578e-07,5.559367882279349e-06,-3.238797386885925e-07
3165.0,1.5817374008630924e-06,-6.648885313248466e-08,-5.347305113645451e-06,3.04925668012147e-07,5.576339765805875e-06,-3.113649383323343e-07
3166.0,1.5865139332271738e-06,-6.310102551313522e-08,-5.363671919833557e-06,2.9287384179098373e-07,5.593389216202905e-06,-2.9884803971338733e-07
3167.0,1.5913759863206423e-06,-5.972765970514549e-08,-5.380315539649239e-06,2.808182163960063e-07,5.610728369474776e-06,-2.863315661398625e-07
3168.0,1.5957416094614096e-06,-5.636970355580251e-08,-5.396778495370125e-06,2.6876109800036183e-07,5.627753496045817e-06,-2.738179950519698e-07
3169.0,1.5997406441481399e-06,-5.302806374377311e-08,-5.413273910293004e-06,2.5670475952628435e-07,5.6447058875018825e-06,-2.613097603165275e-07
3170.0,1.6040614637946593e-06,-4.970360583067502e-08,-5.430460766175926e-06,2.4465144326792605e-07,5.662412675936565e-06,-2.488092547635844e-07
3171.0,1.6085917254049509e-06,-4.6397154466154304e-08,-5.447838207106592e-06,2.326033637194262e-07,5.68036164956525e-06,-2.3631883296355507e-07
3172.0,1.6132982512406802e-06,-4.310949374674129e-08,-5.465150410000064e-06,2.2056271060563226e-07,5.698298013563357e-06,-2.238408142424479e-07
3173.0,1.6179655847603502e-06,-3.984136772811394e-08,-5.4822796039522e-06,2.0853165211216912e-07,5.716047785785139e-06,-2.1137748593189354e-07
3174.0,1.6220871692784744e-06,-3.65934810897629e-08,-5.498719153007592e-06,1.9651233831079366e-07,5.732981694405659e-06,-1.9893110684976546e-07
3175.0,1.6259157379627798e-06,-3.336649995041175e-08,-5.515083923712805e-06,1.8450690477513382e-07,5.749761096997899e-06,-1.8650391100620836e-07
3176.0,1.629987078394235e-06,-3.016105283190391e-08,-5.532354166282172e-06,1.7251747638103053e-07,5.767477828038169e-06,-1.7409811152885548e-07
3177.0,1.6342958082393721e-06,-2.6977731768626438e-08,-5.549967603268868e-06,1.6054617128478187e-07,5.785590997137869e-06,-1.6171590479995974e-07
3178.0,1.6386943293700273e-06,-2.3817093558923254e-08,-5.567428626174209e-06,1.4859510507166627e-07,5.803583428594227e-06,-1.49359474797092e-07
3179.0,1.643000047624188e-06,-2.0679661154369053e-08,-5.584349556553292e-06,1.366663950661885e-07,5.821031620449251e-06,-1.3703099762801073e-07
3180.0,1.6472017363711178e-06,-1.756592518222522e-08,-5.600972608932331e-06,1.247621647945379e-07,5.838164756694887e-06,-1.2473264624923235e-07
3181.0,1.6513940312434805e-06,-1.447634559588229e-08,-5.617951903014173e-06,1.1288454858876728e-07,5.855637098643252e-06,-1.1246659535674464e-07
3182.0,1.6557099735137193e-06,-1.1411353447594317e-08,-5.635786915647589e-06,1.0103569632120772e-07,5.87396541315808e-06,-1.0023502643620726e-07
3183.0,1.6600988637927028e-06,-8.3713527773362e-09,-5.653918638492961e-06,8.921777825661524e-08,5.892599104662044e-06,-8.804013295887813e-08
3184.0,1.6646583278212557e-06,-5.356722611162234e-09,-5.671616453484241e-06,7.743299000855558e-08,5.910864618972238e-06,-7.58841257084267e-08
3185.0,1.6690205676406222e-06,-2.367819062015296e-09,-5.688449853546995e-06,6.568355758553061e-08,5.928245220259217e-06,-6.376923822270247e-08
3186.0,1.6731627354715783e-06,5.950224744761066e-10,-5.704944141537993e-06,5.397174251130865e-08,5.9452385315847005e-06,-5.1697732333425836e-08
3187.0,1.6775011095482295e-06,3.531485037074056e-09,-5.721874071940025e-06,4.229984700287417e-08,5.962705163570899e-06,-3.967190378564175e-08
3188.0,1.681814003118287e-06,6.441267737130343e-09,-5.739294832884934e-06,3.067021918833687e-08,5.98063571201795e-06,-2.7694087917642257e-08
3189.0,1.6864832741436686e-06,9.324083326533883e-09,-5.757264302574949e-06,1.9085258346108936e-08,5.999193119384486e-06,-1.5766665380963776e-08
3190.0,1.6914013460933575e-06,1.2179655704387821e-08,-5.774906227662413e-06,7.547420145671028e-09,6.017506165502495e-06,-3.8920678790172795e-09
3191.0,1.695958910807871e-06,1.5007717371743706e-08,-5.791640560193212e-06,-3.940778130693092e-09,6.034846891647191e-06,7.927216098084197e-09
3192.0,1.7003428161299627e-06,1.7808006844061865e-08,-5.8084467804420115e-06,-1.5376752406725044e-08,6.052207836285196e-06,1.968863556590844e-08
3193.0,1.7046366873330054e-06,2.0580266031417777e-08,-5.825408886772632e-06,-2.6757846694002447e-08,6.069693149895734e-06,3.138957138966316e-08
3194.0,1.7089178855067555e-06,2.332423759684225e-08,-5.842752576590282e-06,-3.808132806000795e-08,6.08754121223481e-06,4.302733070500774e-08
3195.0,1.7132823313947831e-06,2.6039662303558852e-08,-5.860185034622933e-06,-4.934438170652675e-08,6.105497931134539e-06,5.459914144187192e-08
3196.0,1.7175626967347313e-06,2.8726276362256494e-08,-5.876757165845792e-06,-6.054410618316172e-08,6.122605360754076e-06,6.610214697822405e-08
3197.0,1.721533911480666e-06,3.138380878990018e-08,-5.893052907823826e-06,-7.167750876139286e-08,6.139360844810213e-06,7.753340095145017e-08
3198.0,1.7253681412476851e-06,3.4011978791929384e-08,-5.910007708942455e-06,-8.274150099516969e-08,6.156710675563027e-06,8.888986225562975e-08
3199.0,1.7290417815285508e-06,3.6610493180020445e-08,-5.927342036027294e-06,-9.373289449449307e-08,6.17438005748979e-06,1.0016839025354686e-07
3200.0,1.7328026703511412e-06,3.9179043837882967e-08,-5.944960480230854e-06,-1.0464839693881159e-07,6.192346906132013e-06,1.1136574023270158e-07
3201.0,1.7366060046930532e-06,4.1717305247809286e-08,-5.962358357869402e-06,-1.1548460835730106e-07,6.210114137694337e-06,1.224785591348891e-07
3202.0,1.740219783524788e-06,4.4224932090884146e-08,-5.9789925644371245e-06,-1.2623801770324937e-07,6.22709538874791e-06,1.3350338158911772e-07
3203.0,1.7434233940405441e-06,4.67015569338812e-08,-5.995048555029747e-06,-1.3690499974983503e-07,6.243407107345484e-06,1.4443662627772326e-07
3204.0,1.746642149913491e-06,4.9146788015915976e-08,-6.0116994399783685e-06,-1.47481812334578e-07,6.260294638153276e-06,1.5527459266555155e-07
3205.0,1.7500141390180968e-06,5.156020714789055e-08,-6.029073093771764e-06,-1.5796459397965025e-07,6.27791938916118e-06,1.6601345812196646e-07
3206.0,1.7534760236026514e-06,5.3941367737631456e-08,-6.046496486722397e-06,-1.683493619150194e-07,6.295617358869236e-06,1.7664927546520902e-07
3207.0,1.7570135558975242e-06,5.628979295338787e-08,-6.063293876645837e-06,-1.7863201053106334e-07,6.3127354823545836e-06,1.8717797095823512e-07
3208.0,1.7603003633903658e-06,5.8604974038013356e-08,-6.079184415030969e-06,-1.888083102868352e-07,6.328913060021261e-06,1.9759534278462701e-07
3209.0,1.7635658059456105e-06,6.088636878570116e-08,-6.094797205757896e-06,-1.9887390709960747e-07,6.3448181480019465e-06,2.0789706003251344e-07
3210.0,1.7672349302555457e-06,6.313340019259553e-08,-6.111177167644755e-06,-2.0882432224066882e-07,6.361572578620627e-06,2.1807866221365114e-07
3211.0,1.771050511745198e-06,6.534545529195405e-08,-6.128282195261292e-06,-2.1865495276157964e-07,6.379064396908804e-06,2.2813555934390031e-07
3212.0,1.775157367100988e-06,6.752188418380077e-08,-6.145472294827314e-06,-2.2836107247415865e-07,6.396718956188634e-06,2.380630326102193e-07
3213.0,1.779524567230295e-06,6.966199926819031e-08,-6.162103014573095e-06,-2.3793783350639907e-07,6.413908422139109e-06,2.478562356480533e-07
3214.0,1.7838072336462396e-06,7.176507469032427e-08,-6.177901603676705e-06,-2.473802684552988e-07,6.430274991905079e-06,2.575101964515637e-07
3215.0,1.7878477434896123e-06,7.383034600484416e-08,-6.193072679516742e-06,-2.5668329315628e-07,6.445971514649873e-06,2.670198199376456e-07
3216.0,1.791741160106497e-06,7.585701006569898e-08,-6.2081780977107925e-06,-2.6584171008747093e-07,6.461564181969856e-06,2.7637989118306295e-07
3217.0,1.7955930262936182e-06,7.78442251470606e-08,-6.223885958167585e-06,-2.7485021242560746e-07,6.477724194217435e-06,2.855850793523244e-07
3218.0,1.7995449502483662e-06,7.97911112998463e-08,-6.239988066925051e-06,-2.837033887686585e-07,6.494290808343235e-06,2.946299423320686e-07
3219.0,1.8038115652263542e-06,8.169675094749554e-08,-6.25609072990585e-06,-2.9239572853842783e-07,6.510945198944486e-06,3.0350893208570924e-07
3220.0,1.8080256565244923e-06,8.356018972373943e-08,-6.271503446231286e-06,-3.009216280743837e-07,6.5269221115884105e-06,3.122164007398959e-07
3221.0,1.8120276278343894e-06,8.538043755419051e-08,-6.286431450563956e-06,-3.0927539742779664e-07,6.542374531213784e-06,3.2074660741201984e-07
3222.0,1.8158048406269334e-06,8.71564699826854e-08,-6.301231034067101e-06,-3.1745126786297497e-07,6.557641326264692e-06,3.2909372578553767e-07
3223.0,1.819317480999949e-06,8.888722974243764e-08,-6.316414091045441e-06,-3.2544340006998137e-07,6.573203409771328e-06,3.3725185243732907e-07
3224.0,1.8226280847077891e-06,9.057162857120679e-08,-6.331902686118607e-06,-3.3324589309067427e-07,6.589003320809727e-06,3.452150159186285e-07
3225.0,1.826075436889285e-06,9.220854926885726e-08,-6.347498447023536e-06,-3.4085279395723506e-07,6.6049442114355965e-06,3.5297718658826066e-07
3226.0,1.8296599539335823e-06,9.379684799484804e-08,-6.362855522301647e-06,-3.482581080395364e-07,6.620693766117929e-06,3.605322871939802e-07
3227.0,1.8331665601334368e-06,9.533535680235219e-08,-6.377671506629934e-06,-3.5545581009477973e-07,6.635901859104819e-06,3.67874204194671e-07
3228.0,1.8363850077529609e-06,9.682288640484618e-08,-6.392076165762095e-06,-3.624398560098338e-07,6.6506351279861754e-06,3.7499679981304246e-07
3229.0,1.839495119476675e-06,9.825822917013234e-08,-6.40660297618334e-06,-3.6920419522364594e-07,6.665456022585382e-06,3.8189392480526986e-07
3230.0,1.8426450477948553e-06,9.964016233587133e-08,-6.421538711720576e-06,-3.7574278381398044e-07,6.680681117841867e-06,3.885594319307955e-07
3231.0,1.845772139796864e-06,1.0096745143979888e-07,-6.436554178090859e-06,-3.820495982295674e-07,6.695976738277186e-06,3.9498719010219504e-07
3232.0,1.8491744028514834e-06,1.02238853956884e-07,-6.451402502383186e-06,-3.881186496455086e-07,6.711187690708491e-06,4.0117109919166016e-07
3233.0,1.8528234099757235e-06,1.0345312313474412e-07,-6.46564072531719e-06,-3.9394399891651267e-07,6.725880208376764e-06,4.071051054672354e-07
3234.0,1.856379567399813e-06,1.0460901201767686e-07,-6.479284077487435e-06,-3.995197720992526e-07,6.739975315610712e-06,4.127832176285307e-07
3235.0,1.859814931781667e-06,1.0570527764870666e-07,-6.492913297462266e-06,-4.0484017651186256e-07,6.754023591078163e-06,4.1819952340821804e-07
3236.0,1.8631485688702654e-06,1.0674068543809836e-07,-6.506711453746483e-06,-4.098995172953361e-07,6.768206300933726e-06,4.2334820670223197e-07
3237.0,1.8661634296757157e-06,1.0771401368587033e-07,-6.520505499596485e-06,-4.1469221443834167e-07,6.782297392220945e-06,4.2822356518821535e-07
3238.0,1.8691560503270033e-06,1.0862405824495939e-07,-6.534475644248694e-06,-4.192128202237307e-07,6.796551793796132e-06,4.3282002838839693e-07
3239.0,1.8725033417432702e-06,1.0946963731084164e-07,-6.548380845128321e-06,-4.234560370517815e-07,6.8108413913174645e-06,4.3713217612974565e-07
3240.0,1.8760278249763118e-06,1.1024959632259644e-07,-6.561619758149728e-06,-4.274167355920307e-07,6.824539123679067e-06,4.4115475735095275e-07
3241.0,1.8795129723414572e-06,1.1096281295960943e-07,-6.5743449915722785e-06,-4.310899732124173e-07,6.837732159233156e-06,4.4488270920257055e-07
3242.0,1.8829235024497848e-06,1.1160820221735212e-07,-6.586986980694487e-06,-4.344710126314278e-07,6.850824651085185e-06,4.4831117638351063e-07
3243.0,1.8860708988210906e-06,1.1218472154496782e-07,-6.599813807850463e-06,-4.375553407359942e-07,6.864022562147755e-06,4.51435530654081e-07
3244.0,1.888928841120574e-06,1.1269137602674906e-07,-6.612816558615453e-06,-4.4033868750505863e-07,6.8773101576645385e-06,4.54251390462841e-07
3245.0,1.8917358984571475e-06,1.131272235890198e-07,-6.626133492337871e-06,-4.428170449759713e-07,6.8908859929469985e-06,4.567546406217527e-07
3246.0,1.894465419399749e-06,1.1349138021343532e-07,-6.6392453478281155e-06,-4.4498668618826394e-07,6.904243478757013e-06,4.5894145196144987e-07
3247.0,1.8971506273723904e-06,1.1378302513726753e-07,-6.651851233441253e-06,-4.468441840368508e-07,6.917102379954584e-06,4.608083008959239e-07
3248.0,1.8998275841397572e-06,1.1400140602085033e-07,-6.664042553117255e-06,-4.4838642996440394e-07,6.9295604477640465e-06,4.6235198882360674e-07
3249.0,1.9024704011882942e-06,1.1414584406200662e-07,-6.675993107774225e-06,-4.496106524205593e-07,6.94177769756757e-06,4.635696612897275e-07
3250.0,1.9050074170079423e-06,1.1421573903696279e-07,-6.6878333155329095e-06,-4.5051443501375706e-07,6.953859914839181e-06,4.644588268329444e-07
3251.0,1.9073780004319474e-06,1.1421057424698235e-07,-6.6996540285524375e-06,-4.51095734279886e-07,6.965877901516124e-06,4.6501737543761425e-07
3252.0,1.909739535121968e-06,1.1412992134971568e-07,-6.711714227169985e-06,-4.513528969905189e-07,6.978123885343671e-06,4.652435965116626e-07
3253.0,1.912254459418561e-06,1.1397344505406881e-07,-6.724103201405374e-06,-4.5128467692235733e-07,6.990728215337524e-06,4.651361963088516e-07
3254.0,1.9148532497681447e-06,1.1374090765724295e-07,-6.7364019336046965e-06,-4.508902510086086e-07,7.003268806723094e-06,4.6469431471332937e-07
3255.0,1.9175361145595815e-06,1.1343217340248205e-07,-6.748152523661233e-06,-4.5016923479238946e-07,7.015305213120504e-06,4.6391754130372014e-07
3256.0,1.9203814353441206e-06,1.130472126360025e-07,-6.759363290809173e-06,-4.491216971019545e-07,7.026866794977186e-06,4.628059306137036e-07
3257.0,1.9232463180640647e-06,1.1258610574157002e-07,-6.770057726812606e-06,-4.477481738675888e-07,7.037937057428267e-06,4.6136001650608154e-07
3258.0,1.9260269142062914e-06,1.120490468312569e-07,-6.780588226895645e-06,-4.460496810004241e-07,7.0488265957507306e-06,4.5958082557774266e-07
3259.0,1.9286748758895467e-06,1.114363471710693e-07,-6.791185293286706e-06,-4.440277262542067e-07,7.05974393761142e-06,4.574698895137272e-07
3260.0,1.931343358546611e-06,1.1074843832039214e-07,-6.801947745882497e-06,-4.41684319992158e-07,7.070825998871567e-06,4.550292563097306e-07
3261.0,1.934088774496745e-06,1.099858749645706e-07,-6.812648183973646e-06,-4.390219847825148e-07,7.081869433012285e-06,4.5226150028388324e-07
3262.0,1.936901833338167e-06,1.0914933742042946e-07,-6.82318567940543e-06,-4.360437637481103e-07,7.092774600086492e-06,4.4916973080047786e-07
3263.0,1.9396814588679145e-06,1.0823963379513047e-07,-6.833442001030754e-06,-4.3275322759747985e-07,7.1034001536818374e-06,4.457575996305287e-07
3264.0,1.942461554826913e-06,1.0725770177948607e-07,-6.843543642276462e-06,-4.2915448026746346e-07,7.113877035465483e-06,4.4202930687663094e-07
3265.0,1.9452036117140192e-06,1.0620461005769205e-07,-6.853543459417466e-06,-4.252521631101485e-07,7.124245576982112e-06,4.3798960539258623e-07
3266.0,1.947851020839275e-06,1.0508155931641624e-07,-6.863417578717446e-06,-4.2105145756024614e-07,7.134467356378628e-06,4.336438036316548e-07
3267.0,1.9503071353732526e-06,1.0388988283729377e-07,-6.873015074626565e-06,-4.1655808622264183e-07,7.1443708007305885e-06,4.28997766861106e-07
3268.0,1.9524924630143214e-06,1.0263104665812772e-07,-6.882274220465501e-06,-4.117783123238877e-07,7.1538748426158355e-06,4.2405791668495214e-07
3269.0,1.9544871949772613e-06,1.0130664928947648e-07,-6.8914747726744885e-06,-4.0671893747581116e-07,7.163270533613747e-06,4.188312288213739e-07
3270.0,1.9564306853181446e-06,9.991842097481414e-08,-6.9009066855918455e-06,-4.013872977041992e-07,7.172874884570388e-06,4.1332522908635534e-07
3271.0,1.9581879274199743e-06,9.846822248406427e-08,-6.91032047916984e-06,-3.9579125770067e-07,7.182411091265065e-06,4.075479875404495e-07
3272.0,1.959792630457091e-06,9.695804343201049e-08,-6.919668474658636e-06,-3.899392032613552e-07,7.19184252841916e-06,4.015081107613556e-07
3273.0,1.9613245394456413e-06,9.539000011486428e-08,-6.928842814279967e-06,-3.8384003188188505e-07,7.201087188336967e-06,3.952147322111263e-07
3274.0,1.962815543460339e-06,9.376633286010459e-08,-6.937802768391954e-06,-3.775031414844012e-07,7.210114569877275e-06,3.886775006733206e-07
3275.0,1.964368030321628e-06,9.208940288658061e-08,-6.946550211273106e-06,-3.7093841725892636e-07,7.218954328452848e-06,3.819065667422787e-07
3276.0,1.9660782352992623e-06,9.03616886737777e-08,-6.955126876817541e-06,-3.6415621660837775e-07,7.227672758222192e-06,3.749125673539152e-07
3277.0,1.9679574126130195e-06,8.858578184107753e-08,-6.963406585513976e-06,-3.571673521938258e-07,7.236151439338313e-06,3.677066083549893e-07
3278.0,1.9699139252871145e-06,8.676438253979458e-08,-6.971374690079024e-06,-3.4998307308423435e-07,7.244351312748057e-06,3.6030024511568554e-07
3279.0,1.971836715491948e-06,8.490029436274729e-08,-6.979123219674754e-06,-3.426150440228581e-07,7.252330725219678e-06,3.527054611985205e-07
3280.0,1.9736176479212553e-06,8.299641877812984e-08,-6.986736508729496e-06,-3.3507532283068725e-07,7.2601414354404874e-06,3.44934645105039e-07
3281.0,1.97534055718096e-06,8.105574909649959e-08,-6.994276857297255e-06,-3.2737633597577783e-07,7.267866198091978e-06,3.3700056513044826e-07
3282.0,1.9770533652152533e-06,7.908136398178583e-08,-7.001618089697015e-06,-3.195308523459574e-07,7.27539661344187e-06,3.2891634236523545e-07
3283.0,1.978792527584927e-06,7.707642051935792e-08,-7.008629649252196e-06,-3.115519552712203e-07,7.282616935388192e-06,3.2069542189188304e-07
3284.0,1.980585538352564e-06,7.504414685635303e-08,-7.015353721440132e-06,-3.03453012851083e-07,7.289575221619928e-06,3.1235154223400317e-07
3285.0,1.982438982028878e-06,7.298783443165054e-08,-7.021883575264454e-06,-2.9524764665123084e-07,7.296363016053711e-06,3.0389870312452546e-07
3286.0,1.984301150004253e-06,7.091082981508233e-08,-7.028353213867078e-06,-2.869496988429112e-07,7.303095230981442e-06,2.9535113166894907e-07
3287.0,1.9860124708948046e-06,6.881652617768484e-08,-7.034704498365407e-06,-2.7857319786767e-07,7.309672558594686e-06,2.8672324698907406e-07
3288.0,1.9875187034779085e-06,6.670835441702604e-08,-7.040918799161577e-06,-2.7013232271914786e-07,7.316062337969888e-06,2.7802962344200156e-07
3289.0,1.9888223397046545e-06,6.458977396387296e-08,-7.04694705211395e-06,-2.616413659427008e-07,7.322218041973742e-06,2.692849525185095e-07
3290.0,1.9900409174433698e-06,6.246426329869526e-08,-7.052924825834417e-06,-2.5311469546254834e-07,7.328302085201611e-06,2.605040035341168e-07
3291.0,1.991264592604569e-06,6.033531020870707e-08,-7.058988616415185e-06,-2.445667153549482e-07,7.334470326099889e-06,2.5170158323521426e-07
3292.0,1.9924472507704127e-06,5.820640181831479e-08,-7.065090932401041e-06,-2.360118256945015e-07,7.340664542818858e-06,2.4289249445150326e-07
3293.0,1.993502591862706e-06,5.608101442793797e-08,-7.071056383645136e-06,-2.2746438160906834e-07,7.346692518708807e-06,2.3409149393462112e-07
3294.0,1.9944577686337173e-06,5.3962603198188035e-08,-7.07676106204147e-06,-2.1893865168689184e-07,7.352442377882992e-06,2.2531324953118651e-07
3295.0,1.995311188274229e-06,5.1854591718308386e-08,-7.082188296980707e-06,-2.1044877588734797e-07,7.357897648917305e-06,2.1657229684654665e-07
3296.0,1.996078343224905e-06,4.976036149958489e-08,-7.087361367952294e-06,-2.020087231142235e-07,7.3630849453360304e-06,2.078829955631977e-07
3297.0,1.996827257516598e-06,4.7683241436110416e-08,-7.092385273632651e-06,-1.9363224861752844e-07,7.368123775154877e-06,1.9925948558514493e-07
3298.0,1.9976408882627084e-06,4.562649727681398e-08,-7.097239366538055e-06,-1.8533285139652243e-07,7.37301673295243e-06,1.9071564318630212e-07
3299.0,1.99858829239008e-06,4.359332115402558e-08,-7.101940829312703e-06,-1.7712373178281318e-07,7.377799042094972e-06,1.8226503734734534e-07
3300.0,1.999624455933935e-06,4.158682121503043e-08,-7.106395068456894e-06,-1.690177493880132e-07,7.3823674274420635e-06,1.739208864711735e-07
3301.0,2.000685404929259e-06,3.9610011404058594e-08,-7.11066614572653e-06,-1.6102738160546048e-07,7.386766215704835e-06,1.6569601567222857e-07
3302.0,2.0017107184855387e-06,3.7665801442958236e-08,-7.114760616155902e-06,-1.53164682859869e-07,7.390985348767984e-06,1.576028148393394e-07
3303.0,2.0027612022133212e-06,3.575698705940672e-08,-7.118796916116832e-06,-1.4544124480241178e-07,7.395155303711036e-06,1.4965319767541975e-07
3304.0,2.003883554785313e-06,3.388624051192698e-08,-7.122707514073401e-06,-1.3786815765160422e-07,7.399223718213736e-06,1.4185856192021992e-07
3305.0,2.0050537588856e-06,3.205610146118964e-08,-7.126281297231696e-06,-1.3045597288239495e-07,7.402980866063044e-06,1.3422975096435026e-07
3306.0,2.0062485767136096e-06,3.0268968237090896e-08,-7.129469189515181e-06,-1.2321466746702463e-07,7.406373220126814e-06,1.2677701706390896e-07
3307.0,2.007431140454985e-06,2.8527089550896256e-08,-7.132364354789367e-06,-1.1615360987144133e-07,7.409480486048825e-06,1.195099863652103e-07
3308.0,2.0085600981878393e-06,2.6832556701328448e-08,-7.135091395660265e-06,-1.0928152801029768e-07,7.412411408742602e-06,1.1243762594826495e-07
3309.0,2.0095861888169697e-06,2.518729632284855e-08,-7.137682904390097e-06,-1.026064793617537e-07,7.4151840094434985e-06,1.0556821309575794e-07
3310.0,2.0104608864646156e-06,2.3593063723528362e-08,-7.140113426562511e-06,-9.613582344039697e-08,7.417760627047918e-06,9.890930699123656e-08
3311.0,2.011175782135055e-06,2.2051436858829797e-08,-7.142399837956059e-06,-8.987619682252187e-08,7.420155218853666e-06,9.246772304601093e-08
3312.0,2.011767712445378e-06,2.056381098628172e-08,-7.1445768043965074e-06,-8.383349091272722e-08,7.422411134042517e-06,8.624951004882587e-08
3313.0,2.012259298606045e-06,1.9131394044459367e-08,-7.14670711682297e-06,-7.801283263425423e-08,7.424594945077784e-06,8.025993032564206e-08
3314.0,2.0125952720218e-06,1.7755202797808743e-08,-7.148826335123815e-06,-7.241856821765687e-08,7.426725907068625e-06,7.450344308882377e-08
3315.0,2.0127649526247016e-06,1.6436059786697968e-08,-7.150833893965203e-06,-6.705425025324275e-08,7.4287043374733835e-06,6.898369114563412e-08
3316.0,2.0127900890454242e-06,1.517459111960262e-08,-7.152647299057957e-06,-6.192262816221333e-08,7.4304567374610675e-06,6.370349112515405e-08
3317.0,2.0127137191350286e-06,1.3971225141523107e-08,-7.154190550029416e-06,-5.702564222954688e-08,7.431921618351781e-06,5.8664827370543097e-08
3318.0,2.0125596768838516e-06,1.2826192009572632e-08,-7.155522747770426e-06,-5.236442132838937e-08,7.433162331530159e-06,5.3868849629920634e-08
3319.0,2.0123589765386196e-06,1.1739524203146852e-08,-7.156630781046669e-06,-4.793928445102082e-08,7.434174654033911e-06,4.9315874664048316e-08
3320.0,2.012164389358917e-06,1.0711057992176884e-08,-7.157547804670372e-06,-4.374974614533075e-08,7.435004781837454e-06,4.500539187240685e-08
3321.0,2.011998093465195e-06,9.7404358826641e-09,-7.158341111868083e-06,-3.979452593814319e-08,7.435723488805131e-06,4.0936073021160256e-08
3322.0,2.0118753656928057e-06,8.827110053991545e-09,-7.158948150065569e-06,-3.607156180765917e-08,7.436274679058648e-06,3.710578613687265e-08
3323.0,2.0117650008366628e-06,7.97034679740127e-09,-7.159321295580057e-06,-3.2578027746721027e-08,7.4366040523842226e-06,3.35116136086666e-08
3324.0,2.011705775933903e-06,7.169231959521048e-09,-7.1595437181604105e-06,-2.931035543653861e-08,7.436802160954399e-06,3.0149874518786446e-08
3325.0,2.0117484159087873e-06,6.422677388924502e-09,-7.159672246515036e-06,-2.6264260026954563e-08,7.436937431929166e-06,2.7016151197252768e-08
3326.0,2.0119454932354675e-06,5.729428377423284e-09,-7.159690933788987e-06,-2.3434769994263513e-08,7.437008735716983e-06,2.4105319970471428e-08
3327.0,2.01225680881989e-06,5.088072081132571e-09,-7.159483099761221e-06,-2.081626102104801e-08,7.436892880794274e-06,2.1411586046301587e-08
3328.0,2.012564217140911e-06,4.497046899334142e-09,-7.15897290859413e-06,-1.8402493814471095e-08,7.436484911172799e-06,1.892852244921778e-08
3329.0,2.0127718103613024e-06,3.954652781805624e-09,-7.158147123209613e-06,-1.6186655749986838e-08,7.435746135936808e-06,1.6649112888834336e-08
3330.0,2.0128660460916326e-06,3.459062427609787e-09,-7.157078190378474e-06,-1.416140619652546e-08,7.434742627872183e-06,1.4565798413240314e-08
3331.0,2.0128773610961215e-06,3.0083333303627942e-09,-7.155871846242778e-06,-1.2318925346902357e-08,7.433584407986722e-06,1.2670527665337694e-08
3332.0,2.012845131960095e-06,2.600420616739193e-09,-7.154540763387729e-06,-1.0650966343519646e-08,7.432294333530671e-06,1.0954810525721363e-08
3333.0,2.0128068194957827e-06,2.233190616434176e-09,-7.153117464686609e-06,-9.14891045440151e-09,7.4309138574076685e-06,9.409774889617263e-09
