time_seconds,x
0.0,-2.7198650941779914e-08
1.0,-2.1953898501500534e-08
2.0,-1.716880681232548e-08
3.0,-1.2847073826033342e-08
4.0,-8.991055074827835e-09
5.0,-5.601754062734761e-09
6.0,-2.6788166582147065e-09
7.0,-2.2052956431499963e-10
8.0,1.7761770826135675e-09
9.0,3.315722970668522e-09
10.0,4.403866751776874e-09
11.0,5.047691124314629e-09
12.0,5.255583950834241e-09
13.0,5.037215529266082e-09
14.0,4.403512158660224e-09
15.0,3.3666261545372697e-09
16.0,1.939902471440795e-09
17.0,1.3784208452021011e-10
18.0,-2.0239377271129097e-09
19.0,-4.528746060641159e-09
20.0,-7.35886390100672e-09
21.0,-1.0495592324615232e-08
22.0,-1.3919303245832884e-08
23.0,-1.760949255222458e-08
24.0,-2.1544835480603353e-08
25.0,-2.5703244099960436e-08
26.0,-3.006192678459441e-08
27.0,-3.4597449578727283e-08
28.0,-3.928579936969082e-08
29.0,-4.410244879332994e-08
30.0,-4.902242278311089e-08
31.0,-5.4020366641109796e-08
32.0,-5.9070615466210395e-08
33.0,-6.41472647396971e-08
34.0,-6.922424184632614e-08
35.0,-7.427537828982335e-08
36.0,-7.927448233619943e-08
37.0,-8.41954117895196e-08
38.0,-8.901214658233632e-08
39.0,-9.369886085360548e-08
40.0,-9.822999419303819e-08
41.0,-1.0258032175073807e-07
42.0,-1.0672502293934575e-07
43.0,-1.1063974848779137e-07
44.0,-1.143006856389717e-07
45.0,-1.1768462131778539e-07
46.0,-1.207690031309025e-07
47.0,-1.235319980949826e-07
48.0,-1.259525490232667e-07
49.0,-1.280104285248421e-07
50.0,-1.2968629057869353e-07
51.0,-1.30961719635572e-07
52.0,-1.3181927718250082e-07
53.0,-1.3224254568273534e-07
54.0,-1.322161697776252e-07
55.0,-1.317258946086691e-07
56.0,-1.307586010962857e-07
57.0,-1.2930233800111486e-07
58.0,-1.2734635059165697e-07
59.0,-1.248811057463721e-07
60.0,-1.2189831333184132e-07
61.0,-1.183909437258002e-07
62.0,-1.1435324139477005e-07
63.0,-1.097807344851875e-07
64.0,-1.046702404364178e-07
65.0,-9.901986766487781e-08
66.0,-9.28290133938778e-08
67.0,-8.609835771363683e-08
68.0,-7.882985395432764e-08
69.0,-7.102671544441033e-08
70.0,-6.269339871006128e-08
71.0,-5.3835583157565204e-08
72.0,-4.446014727849365e-08
73.0,-3.4575141431464924e-08
74.0,-2.4189757284291176e-08
75.0,-1.3314294043894747e-08
76.0,-1.9601216493555624e-09
77.0,9.860358859274491e-09
78.0,2.2133757567032042e-08
79.0,3.484574027678692e-08
80.0,4.7981075250909653e-08
81.0,6.152368189859495e-08
82.0,7.54566812227448e-08
83.0,8.976244785768206e-08
84.0,1.0442266354236806e-07
85.0,1.194183718811238e-07
86.0,1.3473003424584e-07
87.0,1.503375866696985e-07
88.0,1.66220497566856e-07
89.0,1.823578260791971e-07
90.0,1.9872828080520563e-07
91.0,2.153102786260762e-07
92.0,2.320820033273054e-07
93.0,2.4902146372092615e-07
94.0,2.661065509943976e-07
95.0,2.833150950388764e-07
96.0,3.0062491953849395e-07
97.0,3.180138956305378e-07
98.0,3.3545999397097704e-07
99.0,3.5294133505906134e-07
100.0,3.704362376908007e-07
101.0,3.879232654287081e-07
102.0,4.053812709977659e-07
103.0,4.227894385447587e-07
104.0,4.4012732372586175e-07
105.0,4.573748916096632e-07
106.0,4.7451255239439397e-07
107.0,4.91521194938548e-07
108.0,5.083822180985354e-07
109.0,5.25077559861605e-07
110.0,5.415897242588425e-07
111.0,5.579018060405757e-07
112.0,5.73997513094865e-07
113.0,5.898611865901412e-07
114.0,6.054778188273755e-07
115.0,6.208330687976833e-07
116.0,6.359132754579748e-07
117.0,6.50705468755769e-07
118.0,6.651973784483077e-07
119.0,6.793774407672259e-07
120.0,6.932348029794552e-07
121.0,7.067593258920945e-07
122.0,7.199415843483758e-07
123.0,7.32772865766541e-07
124.0,7.45245166783363e-07
125.0,7.573511880767577e-07
126.0,7.690843274544676e-07
127.0,7.804386713058501e-07
128.0,7.914089845191598e-07
129.0,8.019906989650719e-07
130.0,8.121799006381308e-07
131.0,8.219733155346894e-07
132.0,8.313682943348039e-07
133.0,8.403627959504688e-07
134.0,8.489553700019512e-07
135.0,8.571451382828645e-07
136.0,8.649317752706311e-07
137.0,8.723154877343214e-07
138.0,8.79296993490029e-07
139.0,8.858774993558711e-07
140.0,8.920586783614884e-07
141.0,8.978426462666226e-07
142.0,9.032319374394989e-07
143.0,9.082294801423609e-07
144.0,9.128385712732338e-07
145.0,9.170628506211871e-07
146.0,9.209062747042525e-07
147.0,9.243730902706178e-07
148.0,9.274678075524533e-07
149.0,9.301951733681976e-07
150.0,9.325601441749144e-07
151.0,9.345678591783752e-07
152.0,9.362236136139832e-07
153.0,9.37532832314806e-07
154.0,9.385010436829146e-07
155.0,9.391338541775244e-07
156.0,9.394369234288784e-07
157.0,9.394159400804974e-07
158.0,9.390765984540206e-07
159.0,9.384245761211563e-07
160.0,9.37465512458938e-07
161.0,9.362049882596051e-07
162.0,9.346485064633379e-07
163.0,9.328014740769587e-07
164.0,9.306691853330249e-07
165.0,9.282568061326655e-07
166.0,9.255693598032465e-07
167.0,9.226117141888924e-07
168.0,9.193885700782106e-07
169.0,9.159044509597437e-07
170.0,9.121636940834356e-07
171.0,9.081704427988927e-07
172.0,9.039286401400015e-07
173.0,8.994420236282135e-07
174.0,8.947141212695721e-07
175.0,8.897482487218355e-07
176.0,8.84547507609562e-07
177.0,8.79114784969223e-07
178.0,8.734527538143185e-07
179.0,8.675638748209207e-07
180.0,8.614503991441944e-07
181.0,8.551143723836846e-07
182.0,8.485576397188106e-07
183.0,8.417818522364776e-07
184.0,8.34788474470492e-07
185.0,8.275787931680651e-07
186.0,8.201539272918591e-07
187.0,8.125148392550974e-07
188.0,8.046623473708476e-07
189.0,7.965971394757033e-07
190.0,7.88319787665024e-07
191.0,7.798307640534136e-07
192.0,7.71130457451229e-07
193.0,7.622191908271478e-07
194.0,7.530972394104426e-07
195.0,7.437648492767363e-07
196.0,7.342222562581179e-07
197.0,7.244697050208213e-07
198.0,7.145074681583334e-07
199.0,7.043358651530769e-07
200.0,6.939552810664428e-07
201.0,6.833661848270574e-07
202.0,6.725691470020181e-07
203.0,6.615648569543511e-07
204.0,6.503541393084362e-07
205.0,6.389379696593355e-07
206.0,6.273174894701124e-07
207.0,6.154940201049672e-07
208.0,6.034690759488968e-07
209.0,5.912443765701258e-07
210.0,5.7882185789083e-07
211.0,5.662036823416327e-07
212.0,5.533922479819403e-07
213.0,5.403901965706763e-07
214.0,5.272004205728953e-07
215.0,5.138260690897084e-07
216.0,5.002705527026304e-07
217.0,4.865375472277621e-07
218.0,4.726309963788804e-07
219.0,4.585551133421831e-07
220.0,4.443143812709157e-07
221.0,4.2991355271461733e-07
222.0,4.1535764800160124e-07
223.0,4.0065195259208674e-07
224.0,3.8580201341459936e-07
225.0,3.708136341936642e-07
226.0,3.556928697759534e-07
227.0,3.40446019466756e-07
228.0,3.2507961939917316e-07
229.0,3.0960043397386613e-07
230.0,2.9401544642494773e-07
231.0,2.7833184858367755e-07
232.0,2.6255702992264717e-07
233.0,2.4669856596836257e-07
234.0,2.3076420617182767e-07
235.0,2.147618613294457e-07
236.0,1.9869959065320623e-07
237.0,1.8258558859672019e-07
238.0,1.6642817154567178e-07
239.0,1.5023576447422324e-07
240.0,1.340168876543199e-07
241.0,1.1778014348643215e-07
242.0,1.0153420350225611e-07
243.0,8.528779557601595e-08
244.0,6.90496913723373e-08
245.0,5.28286940532698e-08
246.0,3.663362626210752e-08
247.0,2.0473318395813562e-08
248.0,4.356597171853732e-09
249.0,-1.1707725509322072e-08
250.0,-2.771086340761606e-08
251.0,-4.36440664953533e-08
252.0,-5.9498631221489514e-08
253.0,-7.526591049073341e-08
254.0,-9.093732335800056e-08
255.0,-1.0650436443271357e-07
256.0,-1.2195861297702e-07
257.0,-1.3729174166948489e-07
258.0,-1.5249552499595297e-07
259.0,-1.6756184722491226e-07
260.0,-1.824827099249242e-07
261.0,-1.9725023898422022e-07
262.0,-2.118566910970568e-07
263.0,-2.2629445968930993e-07
264.0,-2.4055608026734917e-07
265.0,-2.546342351880354e-07
266.0,-2.6852175786190244e-07
267.0,-2.822116364135798e-07
268.0,-2.9569701683092096e-07
269.0,-3.089712056375139e-07
270.0,-3.220276721245681e-07
271.0,-3.348600501786266e-07
272.0,-3.474621397400746e-07
273.0,-3.598279079227295e-07
274.0,-3.7195148981689524e-07
275.0,-3.8382718898889406e-07
276.0,-3.954494776822925e-07
277.0,-4.068129967234265e-07
278.0,-4.179125551378395e-07
279.0,-4.2874312949214333e-07
280.0,-4.39299862983307e-07
281.0,-4.4957806430306664e-07
282.0,-4.595732063105788e-07
283.0,-4.6928092455306036e-07
284.0,-4.786970156815832e-07
285.0,-4.878174358154033e-07
286.0,-4.966382989106037e-07
287.0,-5.051558751855251e-07
288.0,-5.133665896466079e-07
289.0,-5.212670207465198e-07
290.0,-5.288538991957244e-07
291.0,-5.361241069425364e-07
292.0,-5.430746763374295e-07
293.0,-5.497027895040808e-07
294.0,-5.560057779474749e-07
295.0,-5.619811224330379e-07
296.0,-5.676264531688091e-07
297.0,-5.729395503160586e-07
298.0,-5.779183448420475e-07
299.0,-5.825609197109708e-07
300.0,-5.86865511387569e-07
301.0,-5.908305116070764e-07
302.0,-5.944544693486683e-07
303.0,-5.97736092937502e-07
304.0,-6.006742521914259e-07
305.0,-6.032679805226866e-07
306.0,-6.055164769043343e-07
307.0,-6.074191076170868e-07
308.0,-6.089754077057355e-07
309.0,-6.10185082094024e-07
310.0,-6.110480063303422e-07
311.0,-6.115642269594064e-07
312.0,-6.117339615335653e-07
313.0,-6.11557598288484e-07
314.0,-6.11035695510207e-07
315.0,-6.101689806164196e-07
316.0,-6.089583489701059e-07
317.0,-6.074048624434201e-07
318.0,-6.055097477537481e-07
319.0,-6.032743946006444e-07
320.0,-6.007003536393841e-07
321.0,-5.977893343313657e-07
322.0,-5.945432027107953e-07
323.0,-5.909639791011784e-07
324.0,-5.870538358071184e-07
325.0,-5.828150947997019e-07
326.0,-5.782502254078483e-07
327.0,-5.733618420213841e-07
328.0,-5.68152701801972e-07
329.0,-5.626257023859828e-07
330.0,-5.567838795528914e-07
331.0,-5.506304048282621e-07
332.0,-5.44168582993427e-07
333.0,-5.37401849481692e-07
334.0,-5.30333767648172e-07
335.0,-5.229680259042979e-07
336.0,-5.153084347109655e-07
337.0,-5.073589234311744e-07
338.0,-4.991235370562095e-07
339.0,-4.906064328364421e-07
340.0,-4.81811876864242e-07
341.0,-4.727442406694727e-07
342.0,-4.634079978967423e-07
343.0,-4.538077211379324e-07
344.0,-4.4394807899350106e-07
345.0,-4.3383383343139673e-07
346.0,-4.2346983750345485e-07
347.0,-4.128610334673147e-07
348.0,-4.0201245134796916e-07
349.0,-3.9092920795627516e-07
350.0,-3.7961650636209577e-07
351.0,-3.6807963579920666e-07
352.0,-3.5632397195973625e-07
353.0,-3.443549776189024e-07
354.0,-3.321782035178515e-07
355.0,-3.197992894256328e-07
356.0,-3.0722396530128994e-07
357.0,-2.944580524820012e-07
358.0,-2.8150746483108284e-07
359.0,-2.683782097890473e-07
360.0,-2.5507638927986753e-07
361.0,-2.416082004310014e-07
362.0,-2.2797993606990448e-07
363.0,-2.1419798496485099e-07
364.0,-2.0026883178660022e-07
365.0,-1.861990567796667e-07
366.0,-1.7199533514510293e-07
367.0,-1.5766443614776304e-07
368.0,-1.4321322196830367e-07
369.0,-1.2864864632357362e-07
370.0,-1.1397775287896493e-07
371.0,-9.920767347325682e-08
372.0,-8.434562617168206e-08
373.0,-6.93989131584035e-08
374.0,-5.437491847682508e-08
375.0,-3.9281105624798154e-08
376.0,-2.4125015009811097e-08
377.0,-8.914261265316931e-09
378.0,6.343469575813825e-09
379.0,2.164042305923961e-08
380.0,3.6968779449310345e-08
381.0,5.232065704133033e-08
382.0,6.768811565149168e-08
383.0,8.3063160283714e-08
384.0,9.84377449664355e-08
385.0,1.1380377674767118e-07
386.0,1.2915311983391826e-07
387.0,1.444775998584009e-07
388.0,1.597690082667666e-07
389.0,1.750191068122137e-07
390.0,1.9021963215495891e-07
391.0,2.0536230056135114e-07
392.0,2.204388126954246e-07
393.0,2.3544085849092943e-07
394.0,2.5036012208610073e-07
395.0,2.6518828679796294e-07
396.0,2.7991704010907443e-07
397.0,2.9453807863799464e-07
398.0,3.0904311306564054e-07
399.0,3.2342387299344416e-07
400.0,3.376721117158656e-07
401.0,3.5177961089789506e-07
402.0,3.6573818515525015e-07
403.0,3.7953968654012093e-07
404.0,3.931760089397976e-07
405.0,4.066390923999426e-07
406.0,4.1992092738706064e-07
407.0,4.330135590040003e-07
408.0,4.4590909116814587e-07
409.0,4.5859969075677145e-07
410.0,4.710775917209896e-07
411.0,4.83335099170318e-07
412.0,4.953645934331349e-07
413.0,5.071585341020032e-07
414.0,5.187094640744637e-07
415.0,5.300100135973516e-07
416.0,5.41052904316237e-07
417.0,5.518309533238669e-07
418.0,5.623370771950115e-07
419.0,5.725642959905854e-07
420.0,5.825057372108826e-07
421.0,5.921546396755953e-07
422.0,6.015043573066305e-07
423.0,6.105483627893253e-07
424.0,6.192802510898828e-07
425.0,6.276937428120235e-07
426.0,6.357826873828418e-07
427.0,6.435410660656451e-07
428.0,6.509629948060806e-07
429.0,6.580427269269098e-07
430.0,6.647746556948202e-07
431.0,6.711533167878878e-07
432.0,6.771733906945102e-07
433.0,6.82829705075177e-07
434.0,6.881172371186081e-07
435.0,6.930311159241697e-07
436.0,6.975666249432013e-07
437.0,7.017192045121308e-07
438.0,7.054844545083988e-07
439.0,7.088581371557963e-07
440.0,7.118361799999885e-07
441.0,7.144146790685798e-07
442.0,7.165899022225191e-07
443.0,7.183582926963067e-07
444.0,7.19716472813822e-07
445.0,7.206612478561071e-07
446.0,7.211896100491678e-07
447.0,7.212987426355456e-07
448.0,7.209860239934144e-07
449.0,7.202490317698013e-07
450.0,7.190855469982918e-07
451.0,7.174935581753156e-07
452.0,7.154712652730682e-07
453.0,7.130170836713761e-07
454.0,7.101296479948871e-07
455.0,7.068078158455474e-07
456.0,7.030506714240521e-07
457.0,6.988575290383079e-07
458.0,6.942279365017034e-07
459.0,6.891616784288127e-07
460.0,6.8365877944096e-07
461.0,6.777195072979724e-07
462.0,6.713443759738673e-07
463.0,6.645341486925302e-07
464.0,6.57289840935275e-07
465.0,6.49612723426294e-07
466.0,6.415043250950427e-07
467.0,6.329664360076645e-07
468.0,6.240011102532937e-07
469.0,6.146106687647913e-07
470.0,6.047977020461813e-07
471.0,5.945650727712203e-07
472.0,5.839159182106319e-07
473.0,5.728536524408132e-07
474.0,5.613819682845648e-07
475.0,5.495048389341617e-07
476.0,5.372265192080925e-07
477.0,5.245515463945325e-07
478.0,5.114847406376189e-07
479.0,4.980312048283235e-07
480.0,4.841963239711411e-07
481.0,4.6998576401015627e-07
482.0,4.554054701111448e-07
483.0,4.404616644076517e-07
484.0,4.2516084322673136e-07
485.0,4.0950977381416906e-07
486.0,3.935154905807336e-07
487.0,3.771852908911767e-07
488.0,3.6052673041623057e-07
489.0,3.435476180651727e-07
490.0,3.2625601051411627e-07
491.0,3.086602063438706e-07
492.0,2.9076873980048503e-07
493.0,2.725903741914277e-07
494.0,2.541340949316895e-07
495.0,2.3540910225692326e-07
496.0,2.1642480362336123e-07
497.0,1.9719080581488587e-07
498.0,1.7771690677572596e-07
499.0,1.5801308718381038e-07
500.0,1.380895017764272e-07
501.0,1.1795647043731457e-07
502.0,9.76244690524453e-08
503.0,7.710412014058218e-08
504.0,5.640618326524618e-08
505.0,3.554154523835092e-08
506.0,1.4521210132437964e-08
507.0,-6.6437108733605014e-09
508.0,-2.79420097806531e-08
509.0,-4.936239215292119e-08
510.0,-7.089348754611813e-08
511.0,-9.252385994131834e-08
512.0,-1.1424201813060256e-07
513.0,-1.3603642600745008e-07
514.0,-1.5789551271402895e-07
515.0,-1.798076825995793e-07
516.0,-2.017613249468775e-07
517.0,-2.237448234281024e-07
518.0,-2.457465652572576e-07
519.0,-2.6775495001353094e-07
520.0,-2.8975839811894765e-07
521.0,-3.117453589642311e-07
522.0,-3.337043186875881e-07
523.0,-3.5562380762074444e-07
524.0,-3.774924074244126e-07
525.0,-3.9929875794120536e-07
526.0,-4.2103156379746157e-07
527.0,-4.426796007869796e-07
528.0,-4.642317220705203e-07
529.0,-4.856768642254232e-07
530.0,-5.070040531783475e-07
531.0,-5.282024100495644e-07
532.0,-5.492611569299871e-07
533.0,-5.701696226040778e-07
534.0,-5.90917248224105e-07
535.0,-6.114935929341623e-07
536.0,-6.318883394363409e-07
537.0,-6.520912994868865e-07
538.0,-6.720924193065277e-07
539.0,-6.918817848860786e-07
540.0,-7.114496271671671e-07
541.0,-7.307863270799228e-07
542.0,-7.498824204237287e-07
543.0,-7.687286025811523e-07
544.0,-7.873157330579953e-07
545.0,-8.056348398452235e-07
546.0,-8.236771236022165e-07
547.0,-8.414339616655105e-07
548.0,-8.588969118937959e-07
549.0,-8.760577163690119e-07
550.0,-8.929083049836077e-07
551.0,-9.094407989521374e-07
552.0,-9.256475142881907e-07
553.0,-9.415209652839608e-07
554.0,-9.570538680203007e-07
555.0,-9.722391439219e-07
556.0,-9.870699233580329e-07
557.0,-1.001539549277168e-06
558.0,-1.0156415808549278e-06
559.0,-1.029369797128271e-06
560.0,-1.0427182005822404e-06
561.0,-1.0556810206483297e-06
562.0,-1.0682527170665333e-06
563.0,-1.0804279830580963e-06
564.0,-1.09220174825385e-06
565.0,-1.1035691813240956e-06
566.0,-1.1145256922595041e-06
567.0,-1.1250669342558986e-06
568.0,-1.1351888051564134e-06
569.0,-1.1448874484026613e-06
570.0,-1.1541592534460092e-06
571.0,-1.1630008555741729e-06
572.0,-1.1714091351167124e-06
573.0,-1.1793812160027126e-06
574.0,-1.1869144636527124e-06
575.0,-1.1940064821951667e-06
576.0,-1.2006551110073513e-06
577.0,-1.2068584205927966e-06
578.0,-1.212614707820816e-06
579.0,-1.217922490565863e-06
580.0,-1.2227805017929565e-06
581.0,-1.227187683139527e-06
582.0,-1.2311431780448954e-06
583.0,-1.2346463244781043e-06
584.0,-1.2376966473141474e-06
585.0,-1.2402938504075327e-06
586.0,-1.2424378084099551e-06
587.0,-1.2441285583757293e-06
588.0,-1.2453662911953643e-06
589.0,-1.2461513428950196e-06
590.0,-1.2464841858387887e-06
591.0,-1.2463654198739737e-06
592.0,-1.2457957634671901e-06
593.0,-1.2447760448884474e-06
594.0,-1.2433071935078178e-06
595.0,-1.2413902312740426e-06
596.0,-1.2390262644478817e-06
597.0,-1.236216475666131e-06
598.0,-1.2329621164146863e-06
599.0,-1.229264499990168e-06
600.0,-1.2251249950289665e-06
601.0,-1.220545019679453e-06
602.0,-1.2155260364868244e-06
603.0,-1.2100695480502648e-06
604.0,-1.2041770934986687e-06
605.0,-1.1978502458150026e-06
606.0,-1.1910906100230719e-06
607.0,-1.1838998222361202e-06
608.0,-1.1762795495531867e-06
609.0,-1.168231490774074e-06
610.0,-1.1597573778877716e-06
611.0,-1.1508589782762716e-06
612.0,-1.1415380975685103e-06
613.0,-1.131796583076313e-06
614.0,-1.1216363277434513e-06
615.0,-1.1110592745401352e-06
616.0,-1.10006742123889e-06
617.0,-1.088662825513296e-06
618.0,-1.0768476103082617e-06
619.0,-1.0646239694401295e-06
620.0,-1.051994173397182e-06
621.0,-1.0389605753244167e-06
622.0,-1.0255256171880733e-06
623.0,-1.0116918361234455e-06
624.0,-9.974618709744612e-07
625.0,-9.828384690370647e-07
626.0,-9.678244930204254e-07
627.0,-9.524229282377587e-07
628.0,-9.366368900298656e-07
629.0,-9.20469631409937e-07
630.0,-9.039245509004629e-07
631.0,-8.870052005156575e-07
632.0,-8.697152938283251e-07
633.0,-8.520587140490912e-07
634.0,-8.34039522036838e-07
635.0,-8.156619641508566e-07
636.0,-7.969304798489482e-07
637.0,-7.778497089334631e-07
638.0,-7.584244983492912e-07
639.0,-7.386599084426888e-07
640.0,-7.185612185963135e-07
641.0,-6.981339321633734e-07
642.0,-6.773837806323775e-07
643.0,-6.563167269639388e-07
644.0,-6.349389680531788e-07
645.0,-6.132569362864066e-07
646.0,-5.912773001788513e-07
647.0,-5.690069640999109e-07
648.0,-5.464530671118917e-07
649.0,-5.236229809665079e-07
650.0,-5.005243073196578e-07
651.0,-4.771648742378302e-07
652.0,-4.535527320771244e-07
653.0,-4.296961488172247e-07
654.0,-4.056036049289016e-07
655.0,-3.8128378784730787e-07
656.0,-3.567455861161926e-07
657.0,-3.319980832600408e-07
658.0,-3.0705055143186364e-07
659.0,-2.8191244487505855e-07
660.0,-2.565933932297977e-07
661.0,-2.3110319470744678e-07
662.0,-2.0545180914859602e-07
663.0,-1.796493509702771e-07
664.0,-1.537060819975229e-07
665.0,-1.2763240416691914e-07
666.0,-1.014388520868608e-07
667.0,-7.513608544006433e-08
668.0,-4.873488121718376e-08
669.0,-2.2246125775114665e-08
670.0,4.319193281416121e-09
671.0,3.0949995392264906e-08
672.0,5.763511550210381e-08
673.0,8.436331267767786e-08
674.0,1.111232788637712e-07
675.0,1.379036477492065e-07
676.0,1.6469300370321609e-07
677.0,1.9147989073417114e-07
678.0,2.1825282141969048e-07
679.0,2.450002857605447e-07
680.0,2.7171075991922476e-07
681.0,2.9837271481469227e-07
682.0,3.2497462455486425e-07
683.0,3.515049746961631e-07
684.0,3.7795227032451944e-07
685.0,4.0430504395510124e-07
686.0,4.305518632503403e-07
687.0,4.5668133855919333e-07
688.0,4.826821302853635e-07
689.0,5.085429560973643e-07
690.0,5.342525979972782e-07
691.0,5.597999092669005e-07
692.0,5.851738213097392e-07
693.0,6.10363350406124e-07
694.0,6.35357604397425e-07
695.0,6.6014578931429e-07
696.0,6.847172159624693e-07
697.0,7.090613064776994e-07
698.0,7.33167600857511e-07
699.0,7.570257634721411e-07
700.0,7.806255895490017e-07
701.0,8.039570116162684e-07
702.0,8.270101058824158e-07
703.0,8.497750985214474e-07
704.0,8.722423718293461e-07
705.0,8.944024702161003e-07
706.0,9.16246105998801e-07
707.0,9.377641649639622e-07
708.0,9.589477116708533e-07
709.0,9.797879944714153e-07
710.0,1.000276450225123e-06
711.0,1.0204047086886229e-06
712.0,1.0401645965612617e-06
713.0,1.059548141170286e-06
714.0,1.0785475737844044e-06
715.0,1.097155332551365e-06
716.0,1.115364065063176e-06
717.0,1.1331666305600665e-06
718.0,1.1505561017896545e-06
719.0,1.1675257665400853e-06
720.0,1.1840691288651682e-06
721.0,1.2001799100167917e-06
722.0,1.215852049096737e-06
723.0,1.231079703437477e-06
724.0,1.245857248719452e-06
725.0,1.2601792788294579e-06
726.0,1.2740406054605935e-06
727.0,1.2874362574494044e-06
728.0,1.3003614798417062e-06
729.0,1.3128117326759202e-06
730.0,1.324782689471957e-06
731.0,1.3362702354147733e-06
732.0,1.3472704652243321e-06
733.0,1.357779680706651e-06
734.0,1.367794387983117e-06
735.0,1.3773112943975363e-06
736.0,1.3863273051034566e-06
737.0,1.3948395193389058e-06
738.0,1.4028452264017825e-06
739.0,1.4103419013457747e-06
740.0,1.4173272004228903e-06
741.0,1.4237989563043464e-06
742.0,1.4297551731170345e-06
743.0,1.4351940213380784e-06
744.0,1.4401138325946366e-06
745.0,1.4445130944196734e-06
746.0,1.4483904450168002e-06
747.0,1.4517446680883102e-06
748.0,1.4545746877798145e-06
749.0,1.456879563791806e-06
750.0,1.4586584867027856e-06
751.0,1.4599107735407238e-06
752.0,1.460635863630459e-06
753.0,1.4608333147354008e-06
754.0,1.4605027995038719e-06
755.0,1.4596441022245868e-06
756.0,1.458257115891875e-06
757.0,1.456341839578355e-06
758.0,1.4538983761103339e-06
759.0,1.4509269300395226e-06
760.0,1.4474278059043253e-06
761.0,1.443401406775771e-06
762.0,1.4388482330876735e-06
763.0,1.433768881757239e-06
764.0,1.4281640456092973e-06
765.0,1.4220345131225232e-06
766.0,1.4153811685181075e-06
767.0,1.4082049922103825e-06
768.0,1.4005070616365945e-06
769.0,1.3922885524810262e-06
770.0,1.383550740307313e-06
771.0,1.3742950026114587e-06
772.0,1.3645228213060969e-06
773.0,1.3542357856433478e-06
774.0,1.3434355955783996e-06
775.0,1.3321240655682431e-06
776.0,1.3203031287902845e-06
777.0,1.3079748417558165e-06
778.0,1.2951413892857563e-06
779.0,1.2818050898110873e-06
780.0,1.2679684009565023e-06
781.0,1.2536339253613577e-06
782.0,1.2388044166875117e-06
783.0,1.223482785760668e-06
784.0,1.2076721067922006e-06
785.0,1.191375623632255e-06
786.0,1.1745967560103218e-06
787.0,1.1573391057243434e-06
788.0,1.1396064627432015e-06
789.0,1.1214028111908637e-06
790.0,1.1027323351841184e-06
791.0,1.0835994244999804e-06
792.0,1.0640086800536174e-06
793.0,1.0439649191723202e-06
794.0,1.0234731806543733e-06
795.0,1.0025387296032254e-06
796.0,9.811670620275393e-07
797.0,9.593639091966755e-07
798.0,9.371352417384412e-07
799.0,9.14487273461631e-07
800.0,8.91426464881024e-07
801.0,8.679595264183466e-07
802.0,8.440934212497537e-07
803.0,8.198353677683592e-07
804.0,7.951928416288346e-07
805.0,7.701735773398208e-07
806.0,7.44785569368943e-07
807.0,7.190370727252025e-07
808.0,6.929366029853769e-07
809.0,6.66492935735023e-07
810.0,6.397151053998543e-07
811.0,6.12612403448684e-07
812.0,5.851943759544645e-07
813.0,5.574708205054207e-07
814.0,5.294517824640285e-07
815.0,5.011475505779996e-07
816.0,4.725686519553109e-07
817.0,4.437258464253664e-07
818.0,4.146301203196911e-07
819.0,3.85292679715362e-07
820.0,3.557249431899592e-07
821.0,3.259385341377723e-07
822.0,2.9594527269499466e-07
823.0,2.6575716731806544e-07
824.0,2.3538640605446044e-07
825.0,2.048453475394874e-07
826.0,1.741465117467252e-07
827.0,1.4330257051366479e-07
828.0,1.1232633785741662e-07
829.0,8.123076008831769e-08
830.0,5.002890572295303e-08
831.0,1.8733955193050147e-08
832.0,-1.2640809657119964e-08
833.0,-4.408201629473625e-08
834.0,-7.557621245487995e-08
835.0,-1.0710987734052825e-07
836.0,-1.3866943307622578e-07
837.0,-1.7024125642307927e-07
838.0,-2.0181169075778254e-07
839.0,-2.3336705831093335e-07
840.0,-2.6489367265117984e-07
841.0,-2.963778513929604e-07
842.0,-3.278059290967846e-07
843.0,-3.5916427032178006e-07
844.0,-3.904392827813041e-07
845.0,-4.2161743054530714e-07
846.0,-4.5268524722897617e-07
847.0,-4.836293491063116e-07
848.0,-5.144364480892164e-07
849.0,-5.45093364516793e-07
850.0,-5.755870397056252e-07
851.0,-6.059045482195456e-07
852.0,-6.360331098252187e-07
853.0,-6.659601011054689e-07
854.0,-6.956730667043945e-07
855.0,-7.251597301777903e-07
856.0,-7.544080044212161e-07
857.0,-7.834060016476355e-07
858.0,-8.121420428869813e-07
859.0,-8.406046669805073e-07
860.0,-8.687826390425139e-07
861.0,-8.966649583609248e-07
862.0,-9.242408657070348e-07
863.0,-9.514998500249835e-07
864.0,-9.78431654474011e-07
865.0,-1.0050262818007424e-06
866.0,-1.0312739990229567e-06
867.0,-1.0571653414095016e-06
868.0,-1.0826911157440438e-06
869.0,-1.1078424028641626e-06
870.0,-1.1326105594713898e-06
871.0,-1.1569872192109764e-06
872.0,-1.180964293022347e-06
873.0,-1.2045339687629048e-06
874.0,-1.227688710109296e-06
875.0,-1.250421254741439e-06
876.0,-1.2727246118160486e-06
877.0,-1.2945920587389622e-06
878.0,-1.31601713725082e-06
879.0,-1.336993648849831e-06
880.0,-1.3575156495882646e-06
881.0,-1.3775774442934815e-06
882.0,-1.3971735802763039e-06
883.0,-1.416298840596893e-06
884.0,-1.4349482369605249e-06
885.0,-1.4531170023135235e-06
886.0,-1.4708005832039664e-06
887.0,-1.4879946319634723e-06
888.0,-1.5046949987573953e-06
889.0,-1.520897723544173e-06
890.0,-1.5365990279823196e-06
891.0,-1.551795307324855e-06
892.0,-1.5664831223437782e-06
893.0,-1.5806591913299795e-06
894.0,-1.5943203822148638e-06
895.0,-1.6074637048565476e-06
896.0,-1.6200863035255517e-06
897.0,-1.6321854496153212e-06
898.0,-1.6437585345950794e-06
899.0,-1.654803063217249e-06
900.0,-1.6653166469877783e-06
901.0,-1.6752969979045286e-06
902.0,-1.684741922466913e-06
903.0,-1.6936493159594984e-06
904.0,-1.70201715701347e-06
905.0,-1.7098435024535893e-06
906.0,-1.7171264824450095e-06
907.0,-1.723864295962322e-06
908.0,-1.7300552066098086e-06
909.0,-1.735697538825386e-06
910.0,-1.7407896745004497e-06
911.0,-1.745330050043487e-06
912.0,-1.7493171539075145e-06
913.0,-1.7527495245915433e-06
914.0,-1.7556257491161224e-06
915.0,-1.7579444619638025e-06
916.0,-1.7597043444686442e-06
917.0,-1.7609041246362548e-06
918.0,-1.761542577378169e-06
919.0,-1.7616185251512222e-06
920.0,-1.761130839002068e-06
921.0,-1.760078440026554e-06
922.0,-1.758460301260871e-06
923.0,-1.7562754500247373e-06
924.0,-1.7535229707363943e-06
925.0,-1.7502020082161593e-06
926.0,-1.746311771491202e-06
927.0,-1.741851538109416e-06
928.0,-1.7368206589646373e-06
929.0,-1.7312185636297876e-06
930.0,-1.7250447661906828e-06
931.0,-1.718298871571795e-06
932.0,-1.7109805823440202e-06
933.0,-1.7030897060004104e-06
934.0,-1.694626162677991e-06
935.0,-1.6855899932938427e-06
936.0,-1.6759813680533801e-06
937.0,-1.665800595278836e-06
938.0,-1.6550481304966924e-06
939.0,-1.643724585715334e-06
940.0,-1.6318307388198374e-06
941.0,-1.6193675430096282e-06
942.0,-1.6063361362053585e-06
943.0,-1.592737850352529e-06
944.0,-1.5785742205514044e-06
945.0,-1.5638469939464887e-06
946.0,-1.548558138314032e-06
947.0,-1.5327098502913966e-06
948.0,-1.516304563196785e-06
949.0,-1.4993449543914709e-06
950.0,-1.4818339521391276e-06
951.0,-1.4637747419189512e-06
952.0,-1.4451707721533644e-06
953.0,-1.4260257593186878e-06
954.0,-1.4063436924172904e-06
955.0,-1.3861288367999775e-06
956.0,-1.3653857373363902e-06
957.0,-1.3441192209388444e-06
958.0,-1.3223343984512713e-06
959.0,-1.3000366659193003e-06
960.0,-1.2772317052594057e-06
961.0,-1.2539254843439721e-06
962.0,-1.2301242565158782e-06
963.0,-1.2058345595426286e-06
964.0,-1.181063214017734e-06
965.0,-1.1558173212161322e-06
966.0,-1.130104260410991e-06
967.0,-1.1039316856614192e-06
968.0,-1.0773075220838425e-06
969.0,-1.0502399616224774e-06
970.0,-1.0227374583354406e-06
971.0,-9.94808723212728e-07
972.0,-9.664627185411006e-07
973.0,-9.377086518292025e-07
974.0,-9.085559693048477e-07
975.0,-8.79014348996234e-07
976.0,-8.490936934106743e-07
977.0,-8.18804121828582e-07
978.0,-7.881559622361497e-07
979.0,-7.571597429258094e-07
980.0,-7.258261837977632e-07
981.0,-6.94166187398705e-07
982.0,-6.621908297365188e-07
983.0,-6.299113509134361e-07
984.0,-5.973391456247193e-07
985.0,-5.644857535735665e-07
986.0,-5.313628498531015e-07
987.0,-4.979822353418408e-07
988.0,-4.643558271507331e-07
989.0,-4.3049564914994425e-07
990.0,-3.964138225940676e-07
991.0,-3.621225568567183e-07
992.0,-3.276341402806485e-07
993.0,-2.92960931148427e-07
994.0,-2.581153487805377e-07
995.0,-2.2310986476989622e-07
996.0,-1.879569943622601e-07
997.0,-1.5266928799101802e-07
998.0,-1.1725932297373903e-07
999.0,-8.173969537687502e-08
1000.0,-4.612301205347569e-08
1001.0,-1.042188285692667e-08
1002.0,2.535108696665313e-08
1003.0,6.118330420208622e-08
1004.0,9.706219489444838e-08
1005.0,1.329752113680929e-07
1006.0,1.6890983901573035e-07
1007.0,2.0485360283641743e-07
1008.0,2.407940737017993e-07
1009.0,2.767188743325518e-07
1010.0,3.126156849718476e-07
1011.0,3.4847224874920196e-07
1012.0,3.8427637673515856e-07
1013.0,4.200159526943315e-07
1014.0,4.5567893755108204e-07
1015.0,4.9125337358848e-07
1016.0,5.267273884069909e-07
1017.0,5.620891986740391e-07
1018.0,5.973271136982337e-07
1019.0,6.324295388615908e-07
1020.0,6.673849789392598e-07
1021.0,7.021820413303891e-07
1022.0,7.368094392186358e-07
1023.0,7.712559946784734e-07
1024.0,8.055106417434072e-07
1025.0,8.395624294521615e-07
1026.0,8.734005248869605e-07
1027.0,9.070142162137171e-07
1028.0,9.403929157277283e-07
1029.0,9.735261629007858e-07
1030.0,1.0064036274168365e-06
1031.0,1.039015112174093e-06
1032.0,1.0713505562230202e-06
1033.0,1.103400037603407e-06
1034.0,1.1351537760408922e-06
1035.0,1.1666021354642795e-06
1036.0,1.1977356263091141e-06
1037.0,1.2285449075789444e-06
1038.0,1.2590207886418335e-06
1039.0,1.2891542307451873e-06
1040.0,1.3189363482371e-06
1041.0,1.3483584094879571e-06
1042.0,1.3774118375124975e-06
1043.0,1.4060882102997065e-06
1044.0,1.4343792608647683e-06
1045.0,1.4622768770429512e-06
1046.0,1.4897731010492118e-06
1047.0,1.5168601288295132e-06
1048.0,1.543530309230848e-06
1049.0,1.5697761430175918e-06
1050.0,1.5955902817625605e-06
1051.0,1.6209655266417212e-06
1052.0,1.645894827161401e-06
1053.0,1.6703712798457332e-06
1054.0,1.6943881269097728e-06
1055.0,1.7179387549399125e-06
1056.0,1.7410166935980502e-06
1057.0,1.7636156143598522e-06
1058.0,1.785729329291142e-06
1059.0,1.8073517898608535e-06
1060.0,1.8284770857851165e-06
1061.0,1.8490994438954144e-06
1062.0,1.8692132270242807e-06
1063.0,1.8888129329039423e-06
1064.0,1.9078931930757105e-06
1065.0,1.926448771809904e-06
1066.0,1.9444745650373335e-06
1067.0,1.9619655992942553e-06
1068.0,1.978917030683856e-06
1069.0,1.9953241438590034e-06
1070.0,2.01118235103264e-06
1071.0,2.026487191023289e-06
1072.0,2.041234328343687e-06
1073.0,2.05541955234096e-06
1074.0,2.0690387763978625e-06
1075.0,2.0820880372067307e-06
1076.0,2.0945634941302383e-06
1077.0,2.1064614286639463e-06
1078.0,2.117778244013636e-06
1079.0,2.128510464795475e-06
1080.0,2.1386547368604615e-06
1081.0,2.1482078272379584e-06
1082.0,2.1571666241879044e-06
1083.0,2.165528137348237e-06
1084.0,2.1732894979633055e-06
1085.0,2.180447959179994e-06
1086.0,2.1870008964000683e-06
1087.0,2.1929458076792023e-06
1088.0,2.1982803141651305e-06
1089.0,2.2030021605696798e-06
1090.0,2.207109215671906e-06
1091.0,2.210599472851268e-06
1092.0,2.2134710506499325e-06
1093.0,2.215722193361996e-06
1094.0,2.2173512716453435e-06
1095.0,2.218356783149635e-06
1096.0,2.2187373531522532e-06
1097.0,2.2184917351938916e-06
1098.0,2.2176188117078827e-06
1099.0,2.216117594642196e-06
1100.0,2.213987226078779e-06
1101.0,2.211226978859328e-06
1102.0,2.207836257228664e-06
1103.0,2.203814597507261e-06
1104.0,2.1991616688041556e-06
1105.0,2.1938772737804497e-06
1106.0,2.1879613494711955e-06
1107.0,2.1814139681695093e-06
1108.0,2.1742353383722764e-06
1109.0,2.1664258057834454e-06
1110.0,2.1579858543696224e-06
1111.0,2.1489161074634888e-06
1112.0,2.1392173289128516e-06
1113.0,2.1288904242763352e-06
1114.0,2.117936442070043e-06
1115.0,2.1063565750720257e-06
1116.0,2.0941521616925593e-06
1117.0,2.0813246874180973e-06
1118.0,2.0678757863355625e-06
1119.0,2.0538072427415303e-06
1120.0,2.0391209928384233e-06
1121.0,2.0238191265182047e-06
1122.0,2.0079038892337463e-06
1123.0,1.991377683958613e-06
1124.0,1.9742430732368062e-06
1125.0,1.956502781324754e-06
1126.0,1.9381596964282834e-06
1127.0,1.919216873036918e-06
1128.0,1.8996775343565278e-06
1129.0,1.8795450748394927e-06
1130.0,1.858823062809773e-06
1131.0,1.8375152431788647e-06
1132.0,1.8156255402472624e-06
1133.0,1.7931580605846937e-06
1134.0,1.7701170959810012e-06
1135.0,1.7465071264582748e-06
1136.0,1.722332823333461e-06
1137.0,1.6975990523193812e-06
1138.0,1.6723108766514926e-06
1139.0,1.6464735602283148e-06
1140.0,1.6200925707546169e-06
1141.0,1.5931735828770073e-06
1142.0,1.565722481300715e-06
1143.0,1.5377453638739568e-06
1144.0,1.5092485446224796e-06
1145.0,1.4802385567124258e-06
1146.0,1.4507221553160343e-06
1147.0,1.4207063203530457e-06
1148.0,1.390198259080966e-06
1149.0,1.359205408508478e-06
1150.0,1.327735437607454e-06
1151.0,1.2957962493001586e-06
1152.0,1.2633959821996106e-06
1153.0,1.2305430120826718e-06
1154.0,1.1972459530770555e-06
1155.0,1.163513658544793e-06
1156.0,1.1293552216454988e-06
1157.0,1.0947799755631911e-06
1158.0,1.0597974933807577e-06
1159.0,1.0244175875866189e-06
1160.0,9.886503091986383e-07
1161.0,9.525059464911171e-07
1162.0,9.159950233117977e-07
1163.0,8.791282969768698e-07
1164.0,8.419167557326852e-07
1165.0,8.043716157737656e-07
1166.0,7.665043178083759e-07
1167.0,7.283265231655989e-07
1168.0,6.898501094410544e-07
1169.0,6.510871656818236e-07
1170.0,6.120499871145062e-07
1171.0,5.727510694233612e-07
1172.0,5.332031025879002e-07
1173.0,4.93418964290996e-07
1174.0,4.534117129096847e-07
1175.0,4.1319458010180505e-07
1176.0,3.7278096300306894e-07
1177.0,3.321844160515286e-07
1178.0,2.914186424592049e-07
1179.0,2.504974853526745e-07
1180.0,2.0943491860498078e-07
1181.0,1.6824503738067665e-07
1182.0,1.2694204841460438e-07
1183.0,8.554026004321435e-08
1184.0,4.405407200479852e-08
1185.0,2.497965022557552e-09
1186.0,-3.911350981704169e-08
1187.0,-8.076574187820192e-08
1188.0,-1.224440719689467e-07
1189.0,-1.641338034999334e-07
1190.0,-2.0582021379522794e-07
1191.0,-2.474885655409435e-07
1192.0,-2.8912411835644464e-07
1193.0,-3.3071214047082925e-07
1194.0,-3.7223792048501904e-07
1195.0,-4.136867791974842e-07
1196.0,-4.5504408146997974e-07
1197.0,-4.962952481084192e-07
1198.0,-5.374257677320832e-07
1199.0,-5.784212086008958e-07
1200.0,-6.192672303659509e-07
1201.0,-6.599495957041747e-07
1202.0,-7.004541817946952e-07
1203.0,-7.407669915920311e-07
1204.0,-7.808741648492336e-07
1205.0,-8.20761988843222e-07
1206.0,-8.604169087553375e-07
1207.0,-8.998255376624262e-07
1208.0,-9.389746660968701e-07
1209.0,-9.778512711379244e-07
1210.0,-1.0164425250014829e-06
1211.0,-1.0547358031006318e-06
1212.0,-1.092718691554388e-06
1213.0,-1.1303789941262037e-06
1214.0,-1.1677047385766616e-06
1215.0,-1.2046841824166058e-06
1216.0,-1.2413058180484774e-06
1217.0,-1.2775583772855026e-06
1218.0,-1.3134308352410234e-06
1219.0,-1.3489124135835667e-06
1220.0,-1.383992583156453e-06
1221.0,-1.418661065963115e-06
1222.0,-1.4529078365210933e-06
1223.0,-1.4867231225896793e-06
1224.0,-1.5200974052785958e-06
1225.0,-1.5530214185476017e-06
1226.0,-1.585486148109535e-06
1227.0,-1.6174828297523165e-06
1228.0,-1.649002947098169e-06
1229.0,-1.6800382288192011e-06
1230.0,-1.7105806453268905e-06
1231.0,-1.740622404950625e-06
1232.0,-1.770155949620266e-06
1233.0,-1.7991739500713858e-06
1234.0,-1.827669300598362e-06
1235.0,-1.8556351133874164e-06
1236.0,-1.8830647124672947e-06
1237.0,-1.9099516273198522e-06
1238.0,-1.9362895861970403e-06
1239.0,-1.9620725091942483e-06
1240.0,-1.987294501131291e-06
1241.0,-2.0119498442914303e-06
1242.0,-2.0360329910672913e-06
1243.0,-2.0595385565617896e-06
1244.0,-2.0824613111918995e-06
1245.0,-2.1047961733423205e-06
1246.0,-2.126538202115011e-06
1247.0,-2.1476825902201794e-06
1248.0,-2.168224657054856e-06
1249.0,-2.188159842015722e-06
1250.0,-2.2074836980922914e-06
1251.0,-2.2261918857843966e-06
1252.0,-2.244280167383944e-06
1253.0,-2.261744401654686e-06
1254.0,-2.278580538934737e-06
1255.0,-2.2947846166750282e-06
1256.0,-2.310352755414486e-06
1257.0,-2.3252811551812705e-06
1258.0,-2.3395660923006305e-06
1259.0,-2.35320391658429e-06
1260.0,-2.366191048874065e-06
1261.0,-2.3785239789143527e-06
1262.0,-2.390199263534559e-06
1263.0,-2.4012135251320404e-06
1264.0,-2.4115634504562163e-06
1265.0,-2.4212457897036775e-06
1266.0,-2.4302573559421686e-06
1267.0,-2.4385950248886616e-06
1268.0,-2.446255735073363e-06
1269.0,-2.4532364884268935e-06
1270.0,-2.4595343513314915e-06
1271.0,-2.465146456178636e-06
1272.0,-2.4700700034749614e-06
1273.0,-2.4743022645350728e-06
1274.0,-2.4778405847931994e-06
1275.0,-2.4806823877564627e-06
1276.0,-2.4828251796125164e-06
1277.0,-2.4842665544938428e-06
1278.0,-2.4850042003893246e-06
1279.0,-2.48503590568055e-06
1280.0,-2.48435956626614e-06
1281.0,-2.482973193223266e-06
1282.0,-2.480874920942709e-06
1283.0,-2.4780630156631635e-06
1284.0,-2.4745358843222197e-06
1285.0,-2.4702920836360837e-06
1286.0,-2.4653303293183935e-06
1287.0,-2.4596495053505366e-06
1288.0,-2.4532486732207236e-06
1289.0,-2.4461270810563138e-06
1290.0,-2.4382841725840074e-06
1291.0,-2.4297195958654676e-06
1292.0,-2.420433211769957e-06
1293.0,-2.4104251021589013e-06
1294.0,-2.399695577769545e-06
1295.0,-2.388245185796305e-06
1296.0,-2.3760747171786427e-06
1297.0,-2.363185213612077e-06
1298.0,-2.349577974303229e-06
1299.0,-2.335254562489799e-06
1300.0,-2.320216811742589e-06
1301.0,-2.304466832060764e-06
1302.0,-2.288007015765113e-06
1303.0,-2.2708400431873154e-06
1304.0,-2.2529688881449177e-06
1305.0,-2.234396823181084e-06
1306.0,-2.2151274245357807e-06
1307.0,-2.1951645768024625e-06
1308.0,-2.1745124772131266e-06
1309.0,-2.1531756394860184e-06
1310.0,-2.131158897165002e-06
1311.0,-2.108467406377801e-06
1312.0,-2.0851066479419657e-06
1313.0,-2.061082428752631e-06
1314.0,-2.0364008823948123e-06
1315.0,-2.011068468934139e-06
1316.0,-1.9850919738522603e-06
1317.0,-1.9584785061055235e-06
1318.0,-1.9312354952976448e-06
1319.0,-1.9033706879691411e-06
1320.0,-1.874892143018336e-06
1321.0,-1.8458082262803177e-06
1322.0,-1.8161276043008056e-06
1323.0,-1.7858592373513916e-06
1324.0,-1.7550123717412657e-06
1325.0,-1.7235965314881965e-06
1326.0,-1.6916215094172853e-06
1327.0,-1.659097357758447e-06
1328.0,-1.6260343783116333e-06
1329.0,-1.5924431122426753e-06
1330.0,-1.5583343295635872e-06
1331.0,-1.5237190183411276e-06
1332.0,-1.4886083736679736e-06
1333.0,-1.453013786422876e-06
1334.0,-1.4169468318398146e-06
1335.0,-1.3804192579019137e-06
1336.0,-1.343442973574247e-06
1337.0,-1.306030036890615e-06
1338.0,-1.2681926429120692e-06
1339.0,-1.2299431115785484e-06
1340.0,-1.1912938754788398e-06
1341.0,-1.152257467567656e-06
1342.0,-1.1128465088618521e-06
1343.0,-1.07307369615099e-06
1344.0,-1.0329517897609444e-06
1345.0,-9.924936014137318e-07
1346.0,-9.517119822331626e-07
1347.0,-9.106198109539853e-07
1348.0,-8.692299823994959e-07
1349.0,-8.275553962965877e-07
1350.0,-7.856089464974639e-07
1351.0,-7.434035106752979e-07
1352.0,-7.009519405581249e-07
1353.0,-6.582670527606725e-07
1354.0,-6.15361620266676e-07
1355.0,-5.722483646043541e-07
1356.0,-5.289399487458992e-07
1357.0,-4.854489707490099e-07
1358.0,-4.417879581460197e-07
1359.0,-3.979693630752813e-07
1360.0,-3.540055581406396e-07
1361.0,-3.0990883297791335e-07
1362.0,-2.6569139150203363e-07
1363.0,-2.2136534980429388e-07
1364.0,-1.7694273466528484e-07
1365.0,-1.324354826452524e-07
1366.0,-8.78554397105289e-08
1367.0,-4.3214361352843716e-08
1368.0,1.4760868427576283e-09
1369.0,4.62043282265107e-08
1370.0,9.09588737543243e-08
1371.0,1.3572832034377897e-07
1372.0,1.8050134895648107e-07
1373.0,2.2526672244369934e-07
1374.0,2.7001328318832715e-07
1375.0,3.147299505721584e-07
1376.0,3.594057182927942e-07
1377.0,4.0402965154945614e-07
1378.0,4.4859088411294994e-07
1379.0,4.930786152931864e-07
1380.0,5.374821068180948e-07
1381.0,5.817906796398328e-07
1382.0,6.25993710687513e-07
1383.0,6.700806295896938e-07
1384.0,7.140409153937526e-07
1385.0,7.578640933123642e-07
1386.0,8.015397315291953e-07
1387.0,8.450574380964015e-07
1388.0,8.884068579555227e-07
1389.0,9.315776701112919e-07
1390.0,9.745595849853328e-07
1391.0,1.0173423419744275e-06
1392.0,1.0599157072361677e-06
1393.0,1.1022694717233089e-06
1394.0,1.1443934494867124e-06
1395.0,1.1862774762653723e-06
1396.0,1.227911408380569e-06
1397.0,1.2692851219496107e-06
1398.0,1.310388512432609e-06
1399.0,1.3512114945229391e-06
1400.0,1.3917440023885951e-06
1401.0,1.43197599026808e-06
1402.0,1.4718974334213724e-06
1403.0,1.511498329434018e-06
1404.0,1.5507686998704423e-06
1405.0,1.5896985922710353e-06
1406.0,1.6282780824862613e-06
1407.0,1.66649727734018e-06
1408.0,1.7043463176155741e-06
1409.0,1.74181538135299e-06
1410.0,1.7788946874556691e-06
1411.0,1.8155744995912656e-06
1412.0,1.8518451303796861e-06
1413.0,1.8876969458544936e-06
1414.0,1.9231203701829365e-06
1415.0,1.9581058906271702e-06
1416.0,1.992644062727349e-06
1417.0,2.0267255156864037e-06
1418.0,2.0603409579361775e-06
1419.0,2.0934811828646475e-06
1420.0,2.1261370746838295e-06
1421.0,2.1582996144176743e-06
1422.0,2.1899598859887355e-06
1423.0,2.2211090823812837e-06
1424.0,2.2517385118565375e-06
1425.0,2.28183960419301e-06
1426.0,2.311403916922556e-06
1427.0,2.340423141531446e-06
1428.0,2.3688891095956726e-06
1429.0,2.3967937988201903e-06
1430.0,2.42412933895257e-06
1431.0,2.4508880175427734e-06
1432.0,2.477062285522531e-06
1433.0,2.502644762580021e-06
1434.0,2.5276282423080014e-06
1435.0,2.5520056971058386e-06
1436.0,2.5757702828175744e-06
1437.0,2.5989153430892045e-06
1438.0,2.621434413429119e-06
1439.0,2.6433212249564337e-06
1440.0,2.664569707822453e-06
1441.0,2.6851739942903977e-06
1442.0,2.7051284214582747e-06
1443.0,2.7244275336098044e-06
1444.0,2.743066084178637e-06
1445.0,2.7610390373112282e-06
1446.0,2.778341569013528e-06
1447.0,2.794969067866003e-06
1448.0,2.810917135290839e-06
1449.0,2.826181585355148e-06
1450.0,2.840758444095277e-06
1451.0,2.854643948349791e-06
1452.0,2.867834544092045e-06
1453.0,2.880326884257309e-06
1454.0,2.8921178260643405e-06
1455.0,2.90320442783713e-06
1456.0,2.9135839453389576e-06
1457.0,2.923253827637499e-06
1458.0,2.9322117125261076e-06
1459.0,2.940455421531998e-06
1460.0,2.947982954546175e-06
1461.0,2.95479248411275e-06
1462.0,2.9608823494176924e-06
1463.0,2.966251050019833e-06
1464.0,2.9708972393693407e-06
1465.0,2.9748197181596793e-06
1466.0,2.9780174275580583e-06
1467.0,2.9804894423575992e-06
1468.0,2.9822349640926326e-06
1469.0,2.9832533141567055e-06
1470.0,2.983543926960668e-06
1471.0,2.9831063431655015e-06
1472.0,2.981940203021202e-06
1473.0,2.9800452398390524e-06
1474.0,2.977421273620014e-06
1475.0,2.9740682048575394e-06
1476.0,2.9699860085293863e-06
1477.0,2.9651747282904944e-06
1478.0,2.9596344708777264e-06
1479.0,2.953365400737104e-06
1480.0,2.9463677348847546e-06
1481.0,2.9386417380138343e-06
1482.0,2.9301877178612103e-06
1483.0,2.921006020849764e-06
1484.0,2.9110970280248466e-06
1485.0,2.9004611513061734e-06
1486.0,2.8890988300786443e-06
1487.0,2.8770105281466614e-06
1488.0,2.8641967310764584e-06
1489.0,2.85065794395004e-06
1490.0,2.83639468955275e-06
1491.0,2.821407507014515e-06
1492.0,2.805696950922719e-06
1493.0,2.7892635909226107e-06
1494.0,2.772108011818597e-06
1495.0,2.754230814186095e-06
1496.0,2.735632615499043e-06
1497.0,2.7163140517734812e-06
1498.0,2.6962757797235383e-06
1499.0,2.6755184794225693e-06
1500.0,2.6540428574586034e-06
1501.0,2.63184965056965e-06
1502.0,2.608939629741288e-06
1503.0,2.5853136047473163e-06
1504.0,2.5609724291144333e-06
1505.0,2.5359170054935605e-06
1506.0,2.5101482914226435e-06
1507.0,2.4836673054680373e-06
1508.0,2.4564751337335157e-06
1509.0,2.4285729367272913e-06
1510.0,2.3999619565781893e-06
1511.0,2.370643524592535e-06
1512.0,2.3406190691434778e-06
1513.0,2.3098901238842435e-06
1514.0,2.2784583362757083e-06
1515.0,2.246325476416397e-06
1516.0,2.2134934461597303e-06
1517.0,2.1799642884999023e-06
1518.0,2.145740197204829e-06
1519.0,2.1108235266723648e-06
1520.0,2.0752168019837156e-06
1521.0,2.038922729125104e-06
1522.0,2.001944205345051e-06
1523.0,1.964284329610153e-06
1524.0,1.92594641311684e-06
1525.0,1.8869339898105386e-06
1526.0,1.8472508268579976e-06
1527.0,1.8069009350146148e-06
1528.0,1.7658885788269303e-06
1529.0,1.7242182866104577e-06
1530.0,1.6818948601438765e-06
1531.0,1.6389233840218727e-06
1532.0,1.5953092346110325e-06
1533.0,1.5510580885568018e-06
1534.0,1.5061759307947422e-06
1535.0,1.4606690620254365e-06
1536.0,1.4145441056183105e-06
1537.0,1.3678080139149957e-06
1538.0,1.3204680739079223e-06
1539.0,1.2725319122751178e-06
1540.0,1.2240074997577636e-06
1541.0,1.1749031548728316e-06
1542.0,1.125227546958874e-06
1543.0,1.0749896985584425e-06
1544.0,1.0241989871449042e-06
1545.0,9.728651462035319e-07
1546.0,9.209982656765094e-07
1547.0,8.68608791779869e-07
1548.0,8.157075261989478e-07
1549.0,7.623056246682181e-07
1550.0,7.084145949410259e-07
1551.0,6.540462941544527e-07
1552.0,5.992129255943246e-07
1553.0,5.439270348657007e-07
1554.0,4.882015054751278e-07
1555.0,4.3204955383261923e-07
1556.0,3.7548472368352764e-07
1557.0,3.1852087998288394e-07
1558.0,2.611722022270024e-07
1559.0,2.0345317725928517e-07
1560.0,1.4537859156962412e-07
1561.0,8.696352310971671e-08
1562.0,2.8223332649578702e-08
1563.0,-3.08263452968455e-08
1564.0,-9.016961194669388e-08
1565.0,-1.497903140911858e-07
1566.0,-2.096720542718524e-07
1567.0,-2.69798201253779e-07
1568.0,-3.3015190075884203e-07
1569.0,-3.907160864213514e-07
1570.0,-4.514734909280955e-07
1571.0,-5.12406657304969e-07
1572.0,-5.734979503137815e-07
1573.0,-6.347295679256586e-07
1574.0,-6.960835528415116e-07
1575.0,-7.575418040349579e-07
1576.0,-8.190860882984608e-07
1577.0,-8.806980517792952e-07
1578.0,-9.423592314979756e-07
1579.0,-1.0040510668471947e-06
1580.0,-1.065754911073422e-06
1581.0,-1.1274520427462192e-06
1582.0,-1.1891236772225429e-06
1583.0,-1.2507509781146518e-06
1584.0,-1.3123150687702987e-06
1585.0,-1.3737970437725686e-06
1586.0,-1.4351779804644735e-06
1587.0,-1.4964389505004944e-06
1588.0,-1.5575610314238815e-06
1589.0,-1.6185253182646027e-06
1590.0,-1.6793129351483334e-06
1591.0,-1.7399050469018355e-06
1592.0,-1.800282870634956e-06
1593.0,-1.8604276872749869e-06
1594.0,-1.9203208530259457e-06
1595.0,-1.979943810723695e-06
1596.0,-2.0392781010571076e-06
1597.0,-2.098305373625115e-06
1598.0,-2.1570073977991327e-06
1599.0,-2.2153660733600983e-06
1600.0,-2.2733634408793626e-06
1601.0,-2.330981691812987e-06
1602.0,-2.388203178279728e-06
1603.0,-2.445010422494296e-06
1604.0,-2.501386125829516e-06
1605.0,-2.5573131774837065e-06
1606.0,-2.612774662732253e-06
1607.0,-2.667753870744614e-06
1608.0,-2.72223430194995e-06
1609.0,-2.7761996749366648e-06
1610.0,-2.8296339328730375e-06
1611.0,-2.882521249437359e-06
1612.0,-2.934846034246118e-06
1613.0,-2.98659293776835e-06
1614.0,-3.037746855713948e-06
1615.0,-3.0882929328846517e-06
1616.0,-3.1382165664788786e-06
1617.0,-3.187503408844888e-06
1618.0,-3.236139369679613e-06
1619.0,-3.2841106176723543e-06
1620.0,-3.331403581593802e-06
1621.0,-3.378004950832366e-06
1622.0,-3.423901675381692e-06
1623.0,-3.469080965284904e-06
1624.0,-3.5135302895419427e-06
1625.0,-3.5572373744861053e-06
1626.0,-3.6001902016353634e-06
1627.0,-3.6423770050237673e-06
1628.0,-3.6837862680183556e-06
1629.0,-3.7244067196274106e-06
1630.0,-3.7642273303076984e-06
1631.0,-3.8032373072825094e-06
1632.0,-3.841426089388627e-06
1633.0,-3.878783341477378e-06
1634.0,-3.9152989484017795e-06
1635.0,-3.9509630086283684e-06
1636.0,-3.985765827518769e-06
1637.0,-4.019697910332309e-06
1638.0,-4.052749955007153e-06
1639.0,-4.0849128447835115e-06
1640.0,-4.116177640737783e-06
1641.0,-4.146535574300419e-06
1642.0,-4.175978039833374e-06
1643.0,-4.204496587345996e-06
1644.0,-4.2320829154305465e-06
1645.0,-4.25872886449851e-06
1646.0,-4.284426410395537e-06
1647.0,-4.309167658466639e-06
1648.0,-4.332944838135859e-06
1649.0,-4.355750298058158e-06
1650.0,-4.377576501897058e-06
1651.0,-4.398416024779014e-06
1652.0,-4.418261550473583e-06
1653.0,-4.4371058693457845e-06
1654.0,-4.454941877122774e-06
1655.0,-4.471762574510797e-06
1656.0,-4.487561067690417e-06
1657.0,-4.502330569708795e-06
1658.0,-4.51606440277846e-06
1659.0,-4.528756001483481e-06
1660.0,-4.540398916886741e-06
1661.0,-4.5509868215253905e-06
1662.0,-4.56051351527511e-06
1663.0,-4.56897293205749e-06
1664.0,-4.576359147359528e-06
1665.0,-4.582666386530392e-06
1666.0,-4.587889033818258e-06
1667.0,-4.592021642108315e-06
1668.0,-4.59505894332121e-06
1669.0,-4.596995859429133e-06
1670.0,-4.597827514045181e-06
1671.0,-4.597549244541187e-06
1672.0,-4.596156614649116e-06
1673.0,-4.5936454275000875e-06
1674.0,-4.590011739052512e-06
1675.0,-4.585251871857942e-06
1676.0,-4.579362429112016e-06
1677.0,-4.5723403089390024e-06
1678.0,-4.564182718860542e-06
1679.0,-4.554887190399832e-06
1680.0,-4.544451593770372e-06
1681.0,-4.532874152593825e-06
1682.0,-4.520153458585822e-06
1683.0,-4.506288486142192e-06
1684.0,-4.491278606751007e-06
1685.0,-4.4751236031479046e-06
1686.0,-4.457823683123645e-06
1687.0,-4.4393794928847225e-06
1688.0,-4.419792129861183e-06
1689.0,-4.399063154852406e-06
1690.0,-4.377194603402445e-06
1691.0,-4.354188996301353e-06
1692.0,-4.330049349116432e-06
1693.0,-4.304779180666934e-06
1694.0,-4.278382520366663e-06
1695.0,-4.250863914370975e-06
1696.0,-4.222228430477771e-06
1697.0,-4.192481661745682e-06
1698.0,-4.1616297288062555e-06
1699.0,-4.129679280860009e-06
1700.0,-4.0966374953584974e-06
1701.0,-4.0625120763859885e-06
1702.0,-4.0273112517645e-06
1703.0,-3.991043768914611e-06
1704.0,-3.95371888951168e-06
1705.0,-3.915346382983264e-06
1706.0,-3.875936518898445e-06
1707.0,-3.835500058303395e-06
1708.0,-3.7940482440592467e-06
1709.0,-3.751592790238231e-06
1710.0,-3.7081458706322223e-06
1711.0,-3.6637201064246588e-06
1712.0,-3.6183285530730916e-06
1713.0,-3.5719846864459662e-06
1714.0,-3.5247023882543387e-06
1715.0,-3.476495930817345e-06
1716.0,-3.427379961199385e-06
1717.0,-3.3773694847569932e-06
1718.0,-3.3264798481346918e-06
1719.0,-3.2747267217521183e-06
1720.0,-3.222126081828762e-06
1721.0,-3.1686941919963585e-06
1722.0,-3.114447584551636e-06
1723.0,-3.059403041404284e-06
1724.0,-3.003577574778034e-06
1725.0,-2.946988407727091e-06
1726.0,-2.889652954534828e-06
1727.0,-2.831588801065134e-06
1728.0,-2.772813685138143e-06
1729.0,-2.713345477002184e-06
1730.0,-2.6532021599740754e-06
1731.0,-2.592401811321035e-06
1732.0,-2.5309625834583193e-06
1733.0,-2.468902685535668e-06
1734.0,-2.4062403654822626e-06
1735.0,-2.342993892574773e-06
1736.0,-2.279181540587097e-06
1737.0,-2.214821571573484e-06
1738.0,-2.149932220328532e-06
1739.0,-2.084531679558427e-06
1740.0,-2.0186380857891607e-06
1741.0,-1.952269506030707e-06
1742.0,-1.8854439252115727e-06
1743.0,-1.818179234394804e-06
1744.0,-1.750493219783808e-06
1745.0,-1.6824035525240546e-06
1746.0,-1.6139277793049412e-06
1747.0,-1.545083313764456e-06
1748.0,-1.4758874286976024e-06
1749.0,-1.4063572490682546e-06
1750.0,-1.3365097458238024e-06
1751.0,-1.2663617305122941e-06
1752.0,-1.1959298507020562e-06
1753.0,-1.1252305862038544e-06
1754.0,-1.0542802460961852e-06
1755.0,-9.830949665553412e-07
1756.0,-9.116907094928325e-07
1757.0,-8.400832620025198e-07
1758.0,-7.682882366177339e-07
1759.0,-6.963210723746952e-07
1760.0,-6.241970366734193e-07
1761.0,-5.519312279218785e-07
1762.0,-4.795385789436817e-07
1763.0,-4.0703386112338855e-07
1764.0,-3.3443168925644515e-07
1765.0,-2.617465270628927e-07
1766.0,-1.889926933163942e-07
1767.0,-1.1618436853324439e-07
1768.0,-4.333560215971298e-08
1769.0,2.9539679810229722e-08
1770.0,1.0242766686080533e-07
1771.0,1.7531465570313195e-07
1772.0,2.481870418299842e-07
1773.0,3.2103131096275633e-07
1774.0,3.9383403047849223e-07
1775.0,4.665818409050438e-07
1776.0,5.392614475707254e-07
1777.0,6.118596124911193e-07
1778.0,6.843631465701416e-07
1779.0,7.567589021858724e-07
1780.0,8.290337662251192e-07
1781.0,9.011746536248147e-07
1782.0,9.731685014730186e-07
1783.0,1.0450022637169041e-06
1784.0,1.1166629065194963e-06
1785.0,1.1881374043009983e-06
1786.0,1.2594127364941698e-06
1787.0,1.3304758850361796e-06
1788.0,1.401313832611715e-06
1789.0,1.4719135616540073e-06
1790.0,1.5422620541017818e-06
1791.0,1.6123462919010018e-06
1792.0,1.6821532582315907e-06
1793.0,1.7516699394319836e-06
1794.0,1.8208833275887866e-06
1795.0,1.8897804237547804e-06
1796.0,1.958348241755872e-06
1797.0,2.0265738125461995e-06
1798.0,2.094444189069961e-06
1799.0,2.1619464515879654e-06
1800.0,2.2290677134260653e-06
1801.0,2.295795127101341e-06
1802.0,2.362115890780661e-06
1803.0,2.4280172550252152e-06
1804.0,2.4934865297744012e-06
1805.0,2.5585110915231037e-06
1806.0,2.6230783906480976e-06
1807.0,2.687175958841762e-06
1808.0,2.7507914166139098e-06
1809.0,2.8139124808248735e-06
1810.0,2.8765269722149498e-06
1811.0,2.9386228228971194e-06
1812.0,3.0001880837817404e-06
1813.0,3.0612109319035283e-06
1814.0,3.121679677622494e-06
1815.0,3.181582771671566e-06
1816.0,3.2409088120248926e-06
1817.0,3.299646550562646e-06
1818.0,3.3577848995105887e-06
1819.0,3.415312937635298e-06
1820.0,3.4722199161783993e-06
1821.0,3.528495264515249e-06
1822.0,3.584128595525273e-06
1823.0,3.6391097106629544e-06
1824.0,3.6934286047201996e-06
1825.0,3.7470754702727436e-06
1826.0,3.8000407018050923e-06
1827.0,3.852314899510326e-06
1828.0,3.903888872763029e-06
1829.0,3.954753643265451e-06
1830.0,4.004900447868257e-06
1831.0,4.054320741067728e-06
1832.0,4.103006197181326e-06
1833.0,4.150948712203659e-06
1834.0,4.198140405345493e-06
1835.0,4.244573620259567e-06
1836.0,4.29024092595819e-06
1837.0,4.33513511742842e-06
1838.0,4.3792492159505334e-06
1839.0,4.422576469125111e-06
1840.0,4.465110350613573e-06
1841.0,4.506844559596667e-06
1842.0,4.547773019955198e-06
1843.0,4.587889879176975e-06
1844.0,4.627189506993513e-06
1845.0,4.665666493749518e-06
1846.0,4.7033156485080744e-06
1847.0,4.7401319968951005e-06
1848.0,4.7761107786882285e-06
1849.0,4.8112474451575285e-06
1850.0,4.845537656168027e-06
1851.0,4.878977277056319e-06
1852.0,4.911562375295409e-06
1853.0,4.94328921696289e-06
1854.0,4.974154263028044e-06
1855.0,5.00415416547335e-06
1856.0,5.033285763265659e-06
1857.0,5.061546078191946e-06
1858.0,5.0889323105742665e-06
1859.0,5.115441834878286e-06
1860.0,5.141072195229514e-06
1861.0,5.165821100850641e-06
1862.0,5.189686421432179e-06
1863.0,5.212666182446913e-06
1864.0,5.234758560416986e-06
1865.0,5.255961878141171e-06
1866.0,5.276274599889052e-06
1867.0,5.295695326568074e-06
1868.0,5.314222790868427e-06
1869.0,5.331855852389456e-06
1870.0,5.348593492750071e-06
1871.0,5.3644348106850825e-06
1872.0,5.379379017129698e-06
1873.0,5.393425430295779e-06
1874.0,5.406573470745147e-06
1875.0,5.418822656466986e-06
1876.0,5.430172597967798e-06
1877.0,5.440622993383215e-06
1878.0,5.450173623621075e-06
1879.0,5.458824347545099e-06
1880.0,5.466575097208335e-06
1881.0,5.473425873145501e-06
1882.0,5.479376739733404e-06
1883.0,5.48442782062838e-06
1884.0,5.488579294288905e-06
1885.0,5.491831389589985e-06
1886.0,5.494184381534157e-06
1887.0,5.495638587063011e-06
1888.0,5.4961943609732085e-06
1889.0,5.4958520919416695e-06
1890.0,5.494612198664837e-06
1891.0,5.492475126116327e-06
1892.0,5.489441341925955e-06
1893.0,5.485511332881812e-06
1894.0,5.480685601556336e-06
1895.0,5.474964663057585e-06
1896.0,5.468349041908221e-06
1897.0,5.460839269056282e-06
1898.0,5.45243587902338e-06
1899.0,5.443139407197422e-06
1900.0,5.432950387278677e-06
1901.0,5.421869348889918e-06
1902.0,5.409896815362986e-06
1903.0,5.39703330171498e-06
1904.0,5.383279312827286e-06
1905.0,5.36863534184058e-06
1906.0,5.353101868779113e-06
1907.0,5.336679359418153e-06
1908.0,5.319368264409106e-06
1909.0,5.301169018677295e-06
1910.0,5.282082041107724e-06
1911.0,5.262107734534209e-06
1912.0,5.241246486046896e-06
1913.0,5.219498667631818e-06
1914.0,5.196864637153706e-06
1915.0,5.173344739690004e-06
1916.0,5.148939309220566e-06
1917.0,5.123648670674313e-06
1918.0,5.097473142331431e-06
1919.0,5.0704130385776585e-06
1920.0,5.042468673005571e-06
1921.0,5.013640361856422e-06
1922.0,4.9839284277945946e-06
1923.0,4.9533332040052984e-06
1924.0,4.921855038604717e-06
1925.0,4.889494299350309e-06
1926.0,4.856251378637513e-06
1927.0,4.822126698767563e-06
1928.0,4.787120717469614e-06
1929.0,4.751233933659013e-06
1930.0,4.714466893412654e-06
1931.0,4.67682019614176e-06
1932.0,4.638294500942193e-06
1933.0,4.598890533102173e-06
1934.0,4.558609090747365e-06
1935.0,4.517451051603294e-06
1936.0,4.475417379855026e-06
1937.0,4.432509133084114e-06
1938.0,4.388727469263288e-06
1939.0,4.3440736537901975e-06
1940.0,4.298549066542407e-06
1941.0,4.252155208936857e-06
1942.0,4.204893710978307e-06
1943.0,4.156766338283042e-06
1944.0,4.1077749990661545e-06
1945.0,4.057921751082715e-06
1946.0,4.007208808515181e-06
1947.0,3.955638548801688e-06
1948.0,3.9032135194025005e-06
1949.0,3.849936444504609e-06
1950.0,3.795810231666709e-06
1951.0,3.7408379784081756e-06
1952.0,3.685022978746447e-06
1953.0,3.6283687296875267e-06
1954.0,3.5708789376738623e-06
1955.0,3.5125575249927304e-06
1956.0,3.453408636146653e-06
1957.0,3.3934366441854667e-06
1958.0,3.332646156997505e-06
1959.0,3.271042023554862e-06
1960.0,3.2086293401052144e-06
1961.0,3.1454134563005515e-06
1962.0,3.081399981251196e-06
1963.0,3.016594789491734e-06
1964.0,2.951004026843953e-06
1965.0,2.8846341161610103e-06
1966.0,2.8174917629368893e-06
1967.0,2.749583960765741e-06
1968.0,2.6809179966365098e-06
1969.0,2.611501456048891e-06
1970.0,2.541342227937221e-06
1971.0,2.47044850938948e-06
1972.0,2.398828810149391e-06
1973.0,2.3264919568904897e-06
1974.0,2.253447097251642e-06
1975.0,2.1797037036236547e-06
1976.0,2.105271576676573e-06
1977.0,2.0301608486175183e-06
1978.0,1.9543819861697204e-06
1979.0,1.877945793264782e-06
1980.0,1.8008634134414695e-06
1981.0,1.7231463319447637e-06
1982.0,1.644806377518216e-06
1983.0,1.5658557238809567e-06
1984.0,1.486306890878478e-06
1985.0,1.4061727452938932e-06
1986.0,1.3254665013043302e-06
1987.0,1.2442017205659296e-06
1988.0,1.1623923119108173e-06
1989.0,1.080052530640345e-06
1990.0,9.971969774002814e-07
1991.0,9.138405966249633e-07
1992.0,8.299986745389359e-07
1993.0,7.456868367065589e-07
1994.0,6.60921045122624e-07
1995.0,5.75717594839788e-07
1996.0,4.900931101312494e-07
1997.0,4.040645401897339e-07
1998.0,3.17649154366711e-07
1999.0,2.3086453695854026e-07
2000.0,1.437285815484312e-07
2001.0,5.6259484914455906e-08
2002.0,-3.152425948528047e-08
2003.0,-1.1960386843838925e-07
2004.0,-2.0796027630229998e-07
2005.0,-2.9657414271388027e-07
2006.0,-3.8542586067235987e-07
2007.0,-4.744955649848222e-07
2008.0,-5.637631410657027e-07
2009.0,-6.532082340842609e-07
2010.0,-7.428102584565019e-07
2011.0,-8.325484076801478e-07
2012.0,-9.224016645130927e-07
2013.0,-1.0123488114975198e-06
2014.0,-1.1023684418336591e-06
2015.0,-1.192438970609023e-06
2016.0,-1.282538646390791e-06
2017.0,-1.3726455631908818e-06
2018.0,-1.4627376728151174e-06
2019.0,-1.5527927976088475e-06
2020.0,-1.6427886436104443e-06
2021.0,-1.7327028141206236e-06
2022.0,-1.8225128236900696e-06
2023.0,-1.912196112521008e-06
2024.0,-2.0017300612705062e-06
2025.0,-2.0910920062348257e-06
2026.0,-2.1802592548857613e-06
2027.0,-2.2692091017223947e-06
2028.0,-2.357918844395124e-06
2029.0,-2.446365800053014e-06
2030.0,-2.5345273218601513e-06
2031.0,-2.6223808156218895e-06
2032.0,-2.709903756457903e-06
2033.0,-2.797073705455593e-06
2034.0,-2.883868326234711e-06
2035.0,-2.970265401352256e-06
2036.0,-3.0562428484763756e-06
2037.0,-3.1417787362596504e-06
2038.0,-3.226851299845495e-06
2039.0,-3.3114389559459983e-06
2040.0,-3.395520317434689e-06
2041.0,-3.4790742074032034e-06
2042.0,-3.562079672636449e-06
2043.0,-3.644515996466354e-06
2044.0,-3.7263627109691226e-06
2045.0,-3.807599608474652e-06
2046.0,-3.888206752358996e-06
2047.0,-3.968164487091698e-06
2048.0,-4.047453447510293e-06
2049.0,-4.126054567295555e-06
2050.0,-4.203949086623721e-06
2051.0,-4.2811185589762615e-06
2052.0,-4.357544857093486e-06
2053.0,-4.433210178064908e-06
2054.0,-4.508097047555655e-06
2055.0,-4.582188323173971e-06
2056.0,-4.655467196989194e-06
2057.0,-4.72791719721263e-06
2058.0,-4.79952218905563e-06
2059.0,-4.870266374780636e-06
2060.0,-4.940134292962567e-06
2061.0,-5.009110816980435e-06
2062.0,-5.0771811527627156e-06
2063.0,-5.1443308358150585e-06
2064.0,-5.210545727564634e-06
2065.0,-5.2758120110609305e-06
2066.0,-5.340116186076632e-06
2067.0,-5.403445063652664e-06
2068.0,-5.465785760127724e-06
2069.0,-5.527125690685395e-06
2070.0,-5.587452562443373e-06
2071.0,-5.6467543671021946e-06
2072.0,-5.705019373167167e-06
2073.0,-5.762236117758448e-06
2074.0,-5.818393398030349e-06
2075.0,-5.87348026223043e-06
2076.0,-5.927486000439479e-06
2077.0,-5.980400135043607e-06
2078.0,-6.0322124109984405e-06
2079.0,-6.082912785953046e-06
2080.0,-6.132491420307544e-06
2081.0,-6.1809386672827076e-06
2082.0,-6.228245063080647e-06
2083.0,-6.274401317212664e-06
2084.0,-6.319398303064389e-06
2085.0,-6.3632270487617784e-06
2086.0,-6.4058787283968306e-06
2087.0,-6.447344653671022e-06
2088.0,-6.487616266017259e-06
2089.0,-6.5266851292650945e-06
2090.0,-6.564542922915077e-06
2091.0,-6.601181436083772e-06
2092.0,-6.6365925621714785e-06
2093.0,-6.670768294291917e-06
2094.0,-6.703700721489748e-06
2095.0,-6.735382025759858e-06
2096.0,-6.765804479873832e-06
2097.0,-6.794960446014896e-06
2098.0,-6.822842375223078e-06
2099.0,-6.849442807655902e-06
2100.0,-6.87475437367464e-06
2101.0,-6.898769795769421e-06
2102.0,-6.92148189133735e-06
2103.0,-6.942883576326707e-06
2104.0,-6.962967869758158e-06
2105.0,-6.981727899130922e-06
2106.0,-6.999156906717267e-06
2107.0,-7.015248256741695e-06
2108.0,-7.029995443431754e-06
2109.0,-7.0433920999172024e-06
2110.0,-7.055432007945489e-06
2111.0,-7.066109108375917e-06
2112.0,-7.075417512412176e-06
2113.0,-7.083351513531656e-06
2114.0,-7.089905600068039e-06
2115.0,-7.095074468399454e-06
2116.0,-7.098853036687551e-06
2117.0,-7.101236459104217e-06
2118.0,-7.102220140474004e-06
2119.0,-7.101799751253534e-06
2120.0,-7.099971242765005e-06
2121.0,-7.096730862600117e-06
2122.0,-7.0920751701133006e-06
2123.0,-7.0860010519286735e-06
2124.0,-7.078505737392221e-06
2125.0,-7.069586813907328e-06
2126.0,-7.0592422420962905e-06
2127.0,-7.047470370732424e-06
2128.0,-7.0342699513872335e-06
2129.0,-7.0196401527363355e-06
2130.0,-7.003580574466773e-06
2131.0,-6.986091260726672e-06
2132.0,-6.967172713055766e-06
2133.0,-6.946825902733242e-06
2134.0,-6.925052282479646e-06
2135.0,-6.901853797452995e-06
2136.0,-6.877232895485257e-06
2137.0,-6.851192536512187e-06
2138.0,-6.823736201155543e-06
2139.0,-6.794867898420894e-06
2140.0,-6.764592172476249e-06
2141.0,-6.7329141084771534e-06
2142.0,-6.699839337403551e-06
2143.0,-6.665374039873188e-06
2144.0,-6.629524948897048e-06
2145.0,-6.592299351545159e-06
2146.0,-6.553705089497158e-06
2147.0,-6.513750558460739e-06
2148.0,-6.472444706451261e-06
2149.0,-6.4297970309354355e-06
2150.0,-6.385817574850416e-06
2151.0,-6.340516921517074e-06
2152.0,-6.293906188473206e-06
2153.0,-6.245997020259398e-06
2154.0,-6.196801580196524e-06
2155.0,-6.14633254119871e-06
2156.0,-6.094603075668355e-06
2157.0,-6.041626844521502e-06
2158.0,-5.987417985394122e-06
2159.0,-5.931991100084021e-06
2160.0,-5.87536124128899e-06
2161.0,-5.8175438987082665e-06
2162.0,-5.7585549845797555e-06
2163.0,-5.6984108187282785e-06
2164.0,-5.6371281131999265e-06
2165.0,-5.574723956554185e-06
2166.0,-5.511215797879258e-06
2167.0,-5.446621430587766e-06
2168.0,-5.380958976041205e-06
2169.0,-5.314246867043793e-06
2170.0,-5.246503831240991e-06
2171.0,-5.177748874455506e-06
2172.0,-5.10800126399318e-06
2173.0,-5.037280511951176e-06
2174.0,-4.965606358560158e-06
2175.0,-4.892998755590873e-06
2176.0,-4.8194778498539276e-06
2177.0,-4.7450639668200385e-06
2178.0,-4.669777594386412e-06
2179.0,-4.593639366812834e-06
2180.0,-4.516670048847835e-06
2181.0,-4.438890520061477e-06
2182.0,-4.360321759398314e-06
2183.0,-4.280984829963422e-06
2184.0,-4.200900864056148e-06
2185.0,-4.12009104846884e-06
2186.0,-4.038576610069763e-06
2187.0,-3.956378801689374e-06
2188.0,-3.87351888832702e-06
2189.0,-3.7900181336910177e-06
2190.0,-3.7058977870797986e-06
2191.0,-3.6211790706062167e-06
2192.0,-3.5358831667629963e-06
2193.0,-3.4500312063256887e-06
2194.0,-3.3636442565906034e-06
2195.0,-3.276743309948147e-06
2196.0,-3.1893492727957537e-06
2197.0,-3.1014829547982545e-06
2198.0,-3.0131650585062164e-06
2199.0,-2.9244161693448665e-06
2200.0,-2.835256745988072e-06
2201.0,-2.7457071111333733e-06
2202.0,-2.65578744269417e-06
2203.0,-2.56551776542299e-06
2204.0,-2.474917942975808e-06
2205.0,-2.384007670423067e-06
2206.0,-2.2928064672096345e-06
2207.0,-2.2013336705637453e-06
2208.0,-2.109608429353392e-06
2209.0,-2.0176496983869217e-06
2210.0,-1.925476233152001e-06
2211.0,-1.8331065849832482e-06
2212.0,-1.7405590966439303e-06
2213.0,-1.6478518983021093e-06
2214.0,-1.5550029038774207e-06
2215.0,-1.4620298077319622e-06
2216.0,-1.3689500816779101e-06
2217.0,-1.275780972275958e-06
2218.0,-1.1825394984024144e-06
2219.0,-1.0892424490685968e-06
2220.0,-9.959063814829462e-07
2221.0,-9.025476193532838e-07
2222.0,-8.091822514334021e-07
2223.0,-7.158261303245988e-07
2224.0,-6.224948715487703e-07
2225.0,-5.292038529144089e-07
2226.0,-4.3596821419955655e-07
2227.0,-3.428028571760503e-07
2228.0,-2.497224459978111e-07
2229.0,-1.5674140797343322e-07
2230.0,-6.387393474041694e-08
2231.0,2.886601614479416e-08
2232.0,1.2146471919085902e-07
2233.0,2.1390867852507626e-07
2234.0,3.0618462501909567e-07
2235.0,3.9827951299768905e-07
2236.0,4.90180516549519e-07
2237.0,5.818750254662103e-07
2238.0,6.7335064084274e-07
2239.0,7.645951703782583e-07
2240.0,8.555966234212071e-07
2241.0,9.463432058048559e-07
2242.0,1.0368233145189615e-06
2243.0,1.127025532260606e-06
2244.0,1.2169386219035751e-06
2245.0,1.306551520921491e-06
2246.0,1.3958533357955027e-06
2247.0,1.4848333364324287e-06
2248.0,1.5734809506138964e-06
2249.0,1.661785758491559e-06
2250.0,1.7497374871383866e-06
2251.0,1.8373260051618896e-06
2252.0,1.9245413173821976e-06
2253.0,2.0113735595758323e-06
2254.0,2.09781299328448e-06
2255.0,2.1838500006868826e-06
2256.0,2.2694750795316533e-06
2257.0,2.354678838130238e-06
2258.0,2.4394519904129517e-06
2259.0,2.523785351056488e-06
2260.0,2.6076698306977003e-06
2261.0,2.6910964312548996e-06
2262.0,2.7740562413842567e-06
2263.0,2.856540432104997e-06
2264.0,2.9385402526324073e-06
2265.0,3.020047026461111e-06
2266.0,3.1010521477418933e-06
2267.0,3.181547077993464e-06
2268.0,3.261523343186731e-06
2269.0,3.3409725312342383e-06
2270.0,3.4198862899120184e-06
2271.0,3.4982563252350215e-06
2272.0,3.5760744003002256e-06
2273.0,3.653332334603596e-06
2274.0,3.730022003828599e-06
2275.0,3.8061353400953257e-06
2276.0,3.881664332650762e-06
2277.0,3.956601028972414e-06
2278.0,4.030937536249818e-06
2279.0,4.104666023202234e-06
2280.0,4.1777787221868925e-06
2281.0,4.250267931551012e-06
2282.0,4.322126018182064e-06
2283.0,4.393345420213659e-06
2284.0,4.463918649848183e-06
2285.0,4.533838296261603e-06
2286.0,4.603097028560801e-06
2287.0,4.671687598768937e-06
2288.0,4.73960284481917e-06
2289.0,4.806835693540799e-06
2290.0,4.8733791636245e-06
2291.0,4.939226368554925e-06
2292.0,5.004370519500491e-06
2293.0,5.068804928151896e-06
2294.0,5.132523009503033e-06
2295.0,5.195518284569718e-06
2296.0,5.257784383042045e-06
2297.0,5.319315045864533e-06
2298.0,5.380104127734676e-06
2299.0,5.44014559950599e-06
2300.0,5.499433550477316e-06
2301.0,5.5579621905462035e-06
2302.0,5.61572585220085e-06
2303.0,5.672718992322325e-06
2304.0,5.728936193767231e-06
2305.0,5.784372166701298e-06
2306.0,5.8390217496569074e-06
2307.0,5.892879910292008e-06
2308.0,5.945941745833294e-06
2309.0,5.998202483192397e-06
2310.0,6.049657478749786e-06
2311.0,6.10030221780755e-06
2312.0,6.150132313718929e-06
2313.0,6.199143506709177e-06
2314.0,6.247331662408398e-06
2315.0,6.294692770122421e-06
2316.0,6.341222940872438e-06
2317.0,6.386918405238071e-06
2318.0,6.431775511041233e-06
2319.0,6.475790720909194e-06
2320.0,6.518960609754196e-06
2321.0,6.5612818622042195e-06
2322.0,6.602751270015552e-06
2323.0,6.643365729493243e-06
2324.0,6.683122238940755e-06
2325.0,6.722017896155344e-06
2326.0,6.760049895981209e-06
2327.0,6.797215527928267e-06
2328.0,6.833512173860887e-06
2329.0,6.868937305758043e-06
2330.0,6.903488483544349e-06
2331.0,6.937163352990125e-06
2332.0,6.969959643678006e-06
2333.0,7.0018751670334824e-06
2334.0,7.032907814417486e-06
2335.0,7.063055555280713e-06
2336.0,7.092316435381818e-06
2337.0,7.120688575074737e-06
2338.0,7.148170167673756e-06
2339.0,7.174759477908287e-06
2340.0,7.200454840481952e-06
2341.0,7.225254658751948e-06
2342.0,7.249157403544444e-06
2343.0,7.272161612120006e-06
2344.0,7.294265887299918e-06
2345.0,7.31546889676026e-06
2346.0,7.3357693724961635e-06
2347.0,7.355166110454271e-06
2348.0,7.373657970327115e-06
2349.0,7.391243875499083e-06
2350.0,7.407922813129701e-06
2351.0,7.423693834356311e-06
2352.0,7.438556054595129e-06
2353.0,7.452508653917755e-06
2354.0,7.465550877479559e-06
2355.0,7.477682035976868e-06
2356.0,7.488901506111114e-06
2357.0,7.49920873104003e-06
2358.0,7.508603220798444e-06
2359.0,7.517084552674384e-06
2360.0,7.52465237152961e-06
2361.0,7.531306390057241e-06
2362.0,7.537046388972246e-06
2363.0,7.5418722171329936e-06
2364.0,7.545783791593541e-06
2365.0,7.548781097587123e-06
2366.0,7.550864188441276e-06
2367.0,7.552033185424272e-06
2368.0,7.552288277520906e-06
2369.0,7.551629721133758e-06
2370.0,7.5500578397042215e-06
2371.0,7.547573023246155e-06
2372.0,7.544175727783824e-06
2373.0,7.5398664746849385e-06
2374.0,7.534645849879133e-06
2375.0,7.5285145029525126e-06
2376.0,7.521473146109771e-06
2377.0,7.513522552996909e-06
2378.0,7.504663557379284e-06
2379.0,7.494897051671631e-06
2380.0,7.484223985319093e-06
2381.0,7.4726453630312e-06
2382.0,7.460162242874445e-06
2383.0,7.446775734232998e-06
2384.0,7.432486995650727e-06
2385.0,7.417297232570403e-06
2386.0,7.401207694987702e-06
2387.0,7.384219675037905e-06
2388.0,7.366334504532542e-06
2389.0,7.3475535524616455e-06
2390.0,7.3278782224753716e-06
2391.0,7.307309950356735e-06
2392.0,7.285850201495132e-06
2393.0,7.263500468368076e-06
2394.0,7.240262268035891e-06
2395.0,7.216137139651144e-06
2396.0,7.1911266419818205e-06
2397.0,7.165232350945375e-06
2398.0,7.138455857150067e-06
2399.0,7.110798763440364e-06
2400.0,7.082262682444248e-06
2401.0,7.052849234121774e-06
2402.0,7.0225600433160554e-06
2403.0,6.99139673730991e-06
2404.0,6.959360943393771e-06
2405.0,6.926454286453146e-06
2406.0,6.892678386586848e-06
2407.0,6.858034856769867e-06
2408.0,6.822525300576493e-06
2409.0,6.786151309980084e-06
2410.0,6.748914463245624e-06
2411.0,6.710816322930631e-06
2412.0,6.671858434009386e-06
2413.0,6.6320423221351e-06
2414.0,6.59136949205431e-06
2415.0,6.549841426187078e-06
2416.0,6.507459583385198e-06
2417.0,6.464225397878472e-06
2418.0,6.420140278416667e-06
2419.0,6.3752056076125625e-06
2420.0,6.329422741489919e-06
2421.0,6.282793009239162e-06
2422.0,6.235317713182895e-06
2423.0,6.186998128953129e-06
2424.0,6.137835505882359e-06
2425.0,6.087831067611119e-06
2426.0,6.03698601291527e-06
2427.0,5.9853015167569545e-06
2428.0,5.932778731564331e-06
2429.0,5.8794187887468365e-06
2430.0,5.825222800454522e-06
2431.0,5.770191861591425e-06
2432.0,5.714327052093668e-06
2433.0,5.657629439482765e-06
2434.0,5.600100081703486e-06
2435.0,5.541740030253962e-06
2436.0,5.482550333613475e-06
2437.0,5.422532040970942e-06
2438.0,5.361686206254427e-06
2439.0,5.300013892459237e-06
2440.0,5.237516176269294e-06
2441.0,5.1741941529633334e-06
2442.0,5.110048941594456e-06
2443.0,5.045081690428689e-06
2444.0,4.979293582625659e-06
2445.0,4.912685842142211e-06
2446.0,4.845259739837843e-06
2447.0,4.777016599759466e-06
2448.0,4.707957805582782e-06
2449.0,4.6380848071886835e-06
2450.0,4.5673991273553595e-06
2451.0,4.4959023685501485e-06
2452.0,4.423596219809097e-06
2453.0,4.35048246369648e-06
2454.0,4.276562983340488e-06
2455.0,4.201839769544583e-06
2456.0,4.126314927976329e-06
2457.0,4.049990686436968e-06
2458.0,3.972869402215672e-06
2459.0,3.894953569532425e-06
2460.0,3.816245827072915e-06
2461.0,3.7367489656179624e-06
2462.0,3.656465935768951e-06
2463.0,3.5753998557693927e-06
2464.0,3.493554019421007e-06
2465.0,3.410931904090272e-06
2466.0,3.3275371787983877e-06
2467.0,3.2433737123841194e-06
2468.0,3.1584455817257266e-06
2469.0,3.0727570800055046e-06
2470.0,2.98631272499848e-06
2471.0,2.899117267365444e-06
2472.0,2.8111756989297678e-06
2473.0,2.722493260917464e-06
2474.0,2.6330754521410663e-06
2475.0,2.5429280371100277e-06
2476.0,2.4520570540531103e-06
2477.0,2.3604688228408355e-06
2478.0,2.2681699527978754e-06
2479.0,2.1751673503961407e-06
2480.0,2.081468226819418e-06
2481.0,1.987080105389903e-06
2482.0,1.8920108288458477e-06
2483.0,1.7962685664576652e-06
2484.0,1.6998618209670652e-06
2485.0,1.6027994353302148e-06
2486.0,1.5050905992417691e-06
2487.0,1.4067448554122833e-06
2488.0,1.3077721055670533e-06
2489.0,1.208182616129515e-06
2490.0,1.1079870235473165e-06
2491.0,1.0071963392147837e-06
2492.0,9.058219539426022e-07
2493.0,8.038756419247898e-07
2494.0,7.013695641542492e-07
2495.0,5.983162712412211e-07
2496.0,4.947287055934465e-07
2497.0,3.9062020292269875e-07
2498.0,2.8600449304911816e-07
2499.0,1.808956999818611e-07
2500.0,7.530834126154685e-08
2501.0,-3.074267344311817e-08
2502.0,-1.3724204448549872e-07
2503.0,-2.4417408513249844e-07
2504.0,-3.515227251860187e-07
2505.0,-4.5927151531771115e-07
2506.0,-5.674036320954927e-07
2507.0,-6.759018836764832e-07
2508.0,-7.847487161385974e-07
2509.0,-8.939262204222208e-07
2510.0,-1.003416139853953e-06
2511.0,-1.1131998782260464e-06
2512.0,-1.223258508407699e-06
2513.0,-1.3335727814677355e-06
2514.0,-1.4441231362919036e-06
2515.0,-1.5548897096816938e-06
2516.0,-1.6658523469246834e-06
2517.0,-1.7769906128290034e-06
2518.0,-1.888283803216533e-06
2519.0,-1.9997109568708854e-06
2520.0,-2.111250867936797e-06
2521.0,-2.222882098766856e-06
2522.0,-2.3345829932095167e-06
2523.0,-2.446331690329317e-06
2524.0,-2.558106138546556e-06
2525.0,-2.6698841101794683e-06
2526.0,-2.7816432163670196e-06
2527.0,-2.8933609223448885e-06
2528.0,-3.0050145630411065e-06
2529.0,-3.1165813589517756e-06
2530.0,-3.2280384322516814e-06
2531.0,-3.3393628230899313e-06
2532.0,-3.4505315060175357e-06
2533.0,-3.5615214064926975e-06
2534.0,-3.67230941741089e-06
2535.0,-3.7828724156101037e-06
2536.0,-3.893187278305907e-06
2537.0,-4.0032308994152965e-06
2538.0,-4.112980205732271e-06
2539.0,-4.222412172921347e-06
2540.0,-4.331503841298301e-06
2541.0,-4.440232331370144e-06
2542.0,-4.548574859108754e-06
2543.0,-4.656508750934362e-06
2544.0,-4.764011458386062e-06
2545.0,-4.8710605724567705e-06
2546.0,-4.977633837569861e-06
2547.0,-5.08370916517411e-06
2548.0,-5.18926464693241e-06
2549.0,-5.294278567477523e-06
2550.0,-5.398729416705078e-06
2551.0,-5.502595901570103e-06
2552.0,-5.605856957348802e-06
2553.0,-5.708491758322485e-06
2554.0,-5.810479727836074e-06
2555.0,-5.911800547679618e-06
2556.0,-6.012434166738253e-06
2557.0,-6.112360808854815e-06
2558.0,-6.21156097985162e-06
2559.0,-6.310015473663565e-06
2560.0,-6.4077053775425475e-06
2561.0,-6.504612076301594e-06
2562.0,-6.6007172555754104e-06
2563.0,-6.69600290408188e-06
2564.0,-6.7904513148766315e-06
2565.0,-6.884045085599758e-06
2566.0,-6.9767671177197975e-06
2567.0,-7.068600614785229e-06
2568.0,-7.159529079698761e-06
2569.0,-7.249536311035096e-06
2570.0,-7.338606398428572e-06
2571.0,-7.426723717062493e-06
2572.0,-7.513872921296431e-06
2573.0,-7.600038937470942e-06
2574.0,-7.685206955931239e-06
2575.0,-7.769362422312565e-06
2576.0,-7.852491028131846e-06
2577.0,-7.93457870073402e-06
2578.0,-8.015611592647884e-06
2579.0,-8.09557607041397e-06
2580.0,-8.174458702954528e-06
2581.0,-8.25224624956307e-06
2582.0,-8.328925647599264e-06
2583.0,-8.40448399998536e-06
2584.0,-8.478908562611633e-06
2585.0,-8.552186731767997e-06
2586.0,-8.624306031725027e-06
2587.0,-8.695254102589402e-06
2588.0,-8.765018688556592e-06
2589.0,-8.833587626677808e-06
2590.0,-8.900948836248869e-06
2591.0,-8.967090308916497e-06
2592.0,-9.03200009958406e-06
2593.0,-9.095666318185604e-06
2594.0,-9.158077122384667e-06
2595.0,-9.219220711242703e-06
2596.0,-9.279085319890002e-06
2597.0,-9.337659215218737e-06
2598.0,-9.394930692602765e-06
2599.0,-9.450888073633001e-06
2600.0,-9.505519704843628e-06
2601.0,-9.55881395739637e-06
2602.0,-9.610759227689233e-06
2603.0,-9.661343938861659e-06
2604.0,-9.710556543177517e-06
2605.0,-9.758385525278084e-06
2606.0,-9.804819406306621e-06
2607.0,-9.849846748913487e-06
2608.0,-9.893456163155714e-06
2609.0,-9.93563631330826e-06
2610.0,-9.976375925605287e-06
2611.0,-1.0015663796928917e-05
2612.0,-1.0053488804460463e-05
2613.0,-1.0089839916306168e-05
2614.0,-1.0124706203106091e-05
2615.0,-1.0158076850630292e-05
2616.0,-1.0189941173360142e-05
2617.0,-1.0220288629044524e-05
2618.0,-1.0249108834210693e-05
2619.0,-1.0276391580597786e-05
2620.0,-1.0302126852466757e-05
2621.0,-1.0326304844724189e-05
2622.0,-1.034891598177923e-05
2623.0,-1.0369950937034495e-05
2624.0,-1.0389400652895133e-05
2625.0,-1.0407256361168514e-05
2626.0,-1.0423509603722586e-05
2627.0,-1.0438152253274379e-05
2628.0,-1.0451176534189873e-05
2629.0,-1.0462575043189145e-05
2630.0,-1.0472340769863778e-05
2631.0,-1.0480467116925645e-05
2632.0,-1.0486947920116364e-05
2633.0,-1.0491777467714636e-05
2634.0,-1.0494950519583888e-05
2635.0,-1.049646232570591e-05
2636.0,-1.0496308644148422e-05
2637.0,-1.049448575841668e-05
2638.0,-1.0490990494141567e-05
2639.0,-1.0485820235059343e-05
2640.0,-1.047897293824077e-05
2641.0,-1.047044714852897e-05
2642.0,-1.0460242012145634e-05
2643.0,-1.0448357289424076e-05
2644.0,-1.0434793366625134e-05
2645.0,-1.0419551266787554e-05
2646.0,-1.0402632659557104e-05
2647.0,-1.038403986992936e-05
2648.0,-1.0363775885831988e-05
2649.0,-1.0341844364467093e-05
2650.0,-1.0318249637334416e-05
2651.0,-1.0292996713862819e-05
2652.0,-1.0266091283588754e-05
2653.0,-1.0237539716834769e-05
2654.0,-1.0207349063856381e-05
2655.0,-1.0175527052440787e-05
2656.0,-1.0142082083955596e-05
2657.0,-1.0107023227860068e-05
2658.0,-1.0070360214705429e-05
2659.0,-1.0032103427664724e-05
2660.0,-9.992263892645993e-06
2661.0,-9.950853267054089e-06
2662.0,-9.907883827276469e-06
2663.0,-9.863368454976204e-06
2664.0,-9.817320622282294e-06
2665.0,-9.769754375972431e-06
2666.0,-9.72068432074585e-06
2667.0,-9.670125601683079e-06
2668.0,-9.618093885984958e-06
2669.0,-9.564605344075363e-06
2670.0,-9.509676630140414e-06
2671.0,-9.453324862162923e-06
2672.0,-9.395567601496187e-06
2673.0,-9.336422832009306e-06
2674.0,-9.275908938828797e-06
2675.0,-9.214044686699203e-06
2676.0,-9.150849197986956e-06
2677.0,-9.08634193035564e-06
2678.0,-9.02054265414517e-06
2679.0,-8.953471429492575e-06
2680.0,-8.885148583237802e-06
2681.0,-8.815594685664708e-06
2682.0,-8.744830527134287e-06
2683.0,-8.672877094674206e-06
2684.0,-8.599755548595297e-06
2685.0,-8.525487199211825e-06
2686.0,-8.450093483747733e-06
2687.0,-8.373595943515503e-06
2688.0,-8.296016201457585e-06
2689.0,-8.217375940142494e-06
2690.0,-8.137696880307614e-06
2691.0,-8.057000760037742e-06
2692.0,-7.97530931466161e-06
2693.0,-7.892644257438198e-06
2694.0,-7.809027261090943e-06
2695.0,-7.724479940231914e-06
2696.0,-7.639023834701454e-06
2697.0,-7.552680393833345e-06
2698.0,-7.465470961643133e-06
2699.0,-7.377416762928103e-06
2700.0,-7.288538890261455e-06
2701.0,-7.1988582918590915e-06
2702.0,-7.1083957602943375e-06
2703.0,-7.017171922034176e-06
2704.0,-6.925207227770773e-06
2705.0,-6.832521943524765e-06
2706.0,-6.739136142501137e-06
2707.0,-6.645069697683229e-06
2708.0,-6.550342275154763e-06
2709.0,-6.454973328144229e-06
2710.0,-6.358982091790993e-06
2711.0,-6.262387578638145e-06
2712.0,-6.165208574862413e-06
2713.0,-6.067463637255116e-06
2714.0,-5.9691710909694e-06
2715.0,-5.870349028047495e-06
2716.0,-5.77101530673706e-06
2717.0,-5.671187551598144e-06
2718.0,-5.57088315439211e-06
2719.0,-5.4701192757320864e-06
2720.0,-5.368912847462248e-06
2721.0,-5.26728057572244e-06
2722.0,-5.1652389446466935e-06
2723.0,-5.062804220639381e-06
2724.0,-4.959992457169964e-06
2725.0,-4.8568195000252245e-06
2726.0,-4.753300992956646e-06
2727.0,-4.649452383660649e-06
2728.0,-4.545288930031487e-06
2729.0,-4.440825706630975e-06
2730.0,-4.33607761132519e-06
2731.0,-4.231059372044868e-06
2732.0,-4.125785553633021e-06
2733.0,-4.020270564750242e-06
2734.0,-3.914528664815431e-06
2735.0,-3.808573970966882e-06
2736.0,-3.7024204650349396e-06
2737.0,-3.5960820005219494e-06
2738.0,-3.4895723095874273e-06
2739.0,-3.3829050100358892e-06
2740.0,-3.27609361230179e-06
2741.0,-3.169151526420676e-06
2742.0,-3.062092068968365e-06
2743.0,-2.9549284699414256e-06
2744.0,-2.8476738795436042e-06
2745.0,-2.740341374835279e-06
2746.0,-2.63294396619707e-06
2747.0,-2.525494603554343e-06
2748.0,-2.4180061823060967e-06
2749.0,-2.3104915488997103e-06
2750.0,-2.2029635059923457e-06
2751.0,-2.0954348171412206e-06
2752.0,-1.98791821096861e-06
2753.0,-1.8804263847534517e-06
2754.0,-1.7729720074088785e-06
2755.0,-1.6655677218137402e-06
2756.0,-1.5582261464761015e-06
2757.0,-1.4509598765182104e-06
2758.0,-1.3437814839850354e-06
2759.0,-1.2367035174913557e-06
2760.0,-1.1297385012339939e-06
2761.0,-1.022898933405103e-06
2762.0,-9.161972840487685e-07
2763.0,-8.096459924066984e-07
2764.0,-7.032574638000015e-07
2765.0,-5.970440660931761e-07
2766.0,-4.910181257837473e-07
2767.0,-3.851919237569126e-07
2768.0,-2.795776907393831e-07
2769.0,-1.741876024811364e-07
2770.0,-6.903377468846585e-08
2771.0,3.587174227298785e-08
2772.0,1.4051696889078803e-07
2773.0,2.448900022233214e-07
2774.0,3.489790218152171e-07
2775.0,4.527722958051299e-07
2776.0,5.562581872202668e-07
2777.0,6.594251604500123e-07
2778.0,7.622617878875269e-07
2779.0,8.647567567238998e-07
2780.0,9.668988758741518e-07
2781.0,1.068677083007966e-06
2782.0,1.1700804516510214e-06
2783.0,1.2710981983162419e-06
2784.0,1.3717196896194577e-06
2785.0,1.4719344493311333e-06
2786.0,1.5717321653151117e-06
2787.0,1.6711026963058818e-06
2788.0,1.7700360784770983e-06
2789.0,1.868522531755808e-06
2790.0,1.9665524658394454e-06
2791.0,2.064116485876794e-06
2792.0,2.1612053977796665e-06
2793.0,2.257810213138638e-06
2794.0,2.3539221537230394e-06
2795.0,2.449532655552234e-06
2796.0,2.5446333725314756e-06
2797.0,2.6392161796511896e-06
2798.0,2.733273175753449e-06
2799.0,2.826796685873762e-06
2800.0,2.919779263169453e-06
2801.0,3.0122136904469357e-06
2802.0,3.1040929812985985e-06
2803.0,3.1954103808567144e-06
2804.0,3.286159366167707e-06
2805.0,3.376333646185832e-06
2806.0,3.4659271613812634e-06
2807.0,3.5549340829543514e-06
2808.0,3.6433488116457864e-06
2809.0,3.7311659761321153e-06
2810.0,3.818380430997088e-06
2811.0,3.9049872542714355e-06
2812.0,3.990981744536713e-06
2813.0,4.076359417592881e-06
2814.0,4.161116002694537e-06
2815.0,4.245247438366805e-06
2816.0,4.328749867818547e-06
2817.0,4.411619633977472e-06
2818.0,4.49385327417886e-06
2819.0,4.575447514546244e-06
2820.0,4.656399264108274e-06
2821.0,4.7367056087006385e-06
2822.0,4.816363804705414e-06
2823.0,4.89537127268226e-06
2824.0,4.9737255909459065e-06
2825.0,5.051424489141772e-06
2826.0,5.1284658418665056e-06
2827.0,5.204847662373163e-06
2828.0,5.280568096392835e-06
2829.0,5.355625416095977e-06
2830.0,5.430018014207988e-06
2831.0,5.503744398285119e-06
2832.0,5.576803185149355e-06
2833.0,5.64919309547499e-06
2834.0,5.720912948515134e-06
2835.0,5.7919616569533445e-06
2836.0,5.862338221863815e-06
2837.0,5.932041727763499e-06
2838.0,6.0010713377414305e-06
2839.0,6.06942628865415e-06
2840.0,6.1371058863807824e-06
2841.0,6.204109501136074e-06
2842.0,6.270436562844257e-06
2843.0,6.3360865565809114e-06
2844.0,6.401059018094461e-06
2845.0,6.46535352942296e-06
2846.0,6.528969714625045e-06
2847.0,6.591907235645182e-06
2848.0,6.654165788332678e-06
2849.0,6.715745098631385e-06
2850.0,6.776644918953623e-06
2851.0,6.836865024747995e-06
2852.0,6.896405211266839e-06
2853.0,6.955265290534956e-06
2854.0,7.013445088516958e-06
2855.0,7.070944442476447e-06
2856.0,7.1277631985169835e-06
2857.0,7.183901209292928e-06
2858.0,7.239358331877677e-06
2859.0,7.294134425777129e-06
2860.0,7.348229351076774e-06
2861.0,7.401642966711278e-06
2862.0,7.4543751288462026e-06
2863.0,7.506425689362946e-06
2864.0,7.557794494440262e-06
2865.0,7.608481383228371e-06
2866.0,7.658486186614358e-06
2867.0,7.707808726079866e-06
2868.0,7.756448812653778e-06
2869.0,7.804406245963329e-06
2870.0,7.851680813386634e-06
2871.0,7.898272289308123e-06
2872.0,7.94418043447619e-06
2873.0,7.989404995460205e-06
2874.0,8.03394570420256e-06
2875.0,8.07780227766066e-06
2876.0,8.12097441753352e-06
2877.0,8.163461810066844e-06
2878.0,8.205264125929458e-06
2879.0,8.246381020152395e-06
2880.0,8.286812132121249e-06
2881.0,8.326557085612495e-06
2882.0,8.365615488865726e-06
2883.0,8.403986934685793e-06
2884.0,8.441671000571344e-06
2885.0,8.47866724886882e-06
2886.0,8.514975226952982e-06
2887.0,8.550594467436466e-06
2888.0,8.585524488411688e-06
2889.0,8.619764793728776e-06
2890.0,8.65331487331317e-06
2891.0,8.686174203525899e-06
2892.0,8.71834224756863e-06
2893.0,8.749818455934635e-06
2894.0,8.780602266906339e-06
2895.0,8.810693107100165e-06
2896.0,8.840090392060158e-06
2897.0,8.868793526903048e-06
2898.0,8.896801907018898e-06
2899.0,8.92411491883266e-06
2900.0,8.950731940632648e-06
2901.0,8.976652343471925e-06
2902.0,9.001875492147909e-06
2903.0,9.026400746264445e-06
2904.0,9.050227461379669e-06
2905.0,9.073354990242401e-06
2906.0,9.095782684119312e-06
2907.0,9.117509894214122e-06
2908.0,9.138535973178813e-06
2909.0,9.15886027671527e-06
2910.0,9.178482165264555e-06
2911.0,9.197401005780104e-06
2912.0,9.215616173580186e-06
2913.0,9.233127054273657e-06
2914.0,9.249933045751229e-06
2915.0,9.266033560232397e-06
2916.0,9.28142802635655e-06
2917.0,9.296115891305796e-06
2918.0,9.310096622946607e-06
2919.0,9.323369711977699e-06
2920.0,9.335934674072227e-06
2921.0,9.347791052003441e-06
2922.0,9.358938417744327e-06
2923.0,9.369376374533263e-06
2924.0,9.379104558899505e-06
2925.0,9.388122642644245e-06
2926.0,9.396430334774742e-06
2927.0,9.404027383390569e-06
2928.0,9.410913577521809e-06
2929.0,9.417088748919446e-06
2930.0,9.422552773797837e-06
2931.0,9.427305574528505e-06
2932.0,9.431347121283498e-06
2933.0,9.434677433625334e-06
2934.0,9.437296582039478e-06
2935.0,9.439204689403711e-06
2936.0,9.4404019323871e-06
2937.0,9.440888542769455e-06
2938.0,9.440664808670528e-06
2939.0,9.439731075677408e-06
2940.0,9.43808774785855e-06
2941.0,9.435735288653979e-06
2942.0,9.43267422163317e-06
2943.0,9.428905131114104e-06
2944.0,9.42442866263907e-06
2945.0,9.41924552330432e-06
2946.0,9.413356481942157e-06
2947.0,9.406762369155233e-06
2948.0,9.399464077203974e-06
2949.0,9.391462559748895e-06
2950.0,9.382758831449865e-06
2951.0,9.373353967424322e-06
2952.0,9.36324910256562e-06
2953.0,9.352445430721605e-06
2954.0,9.34094420373233e-06
2955.0,9.328746730324465e-06
2956.0,9.315854374859034e-06
2957.0,9.302268555928292e-06
2958.0,9.287990744797367e-06
2959.0,9.273022463686502e-06
2960.0,9.25736528389073e-06
2961.0,9.241020823735153e-06
2962.0,9.223990746365661e-06
2963.0,9.206276757376676e-06
2964.0,9.187880602279165e-06
2965.0,9.168804063813626e-06
2966.0,9.149048959113947e-06
2967.0,9.128617136729013e-06
2968.0,9.107510473509793e-06
2969.0,9.08573087137069e-06
2970.0,9.06328025393514e-06
2971.0,9.04016056307684e-06
2972.0,9.016373755368953e-06
2973.0,8.991921798453929e-06
2974.0,8.966806667346183e-06
2975.0,8.941030340679223e-06
2976.0,8.914594796908256e-06
2977.0,8.88750201047873e-06
2978.0,8.859753947970771e-06
2979.0,8.831352564229089e-06
2980.0,8.802299798487798e-06
2981.0,8.772597570499766e-06
2982.0,8.742247776681014e-06
2983.0,8.711252286282194e-06
2984.0,8.679612937601e-06
2985.0,8.647331534251113e-06
2986.0,8.614409841504883e-06
2987.0,8.580849582727839e-06
2988.0,8.546652435923849e-06
2989.0,8.51182003040993e-06
2990.0,8.476353943639542e-06
2991.0,8.440255698192717e-06
2992.0,8.403526758950465e-06
2993.0,8.366168530469678e-06
2994.0,8.32818235457308e-06
2995.0,8.289569508166867e-06
2996.0,8.250331201296292e-06
2997.0,8.210468575446986e-06
2998.0,8.169982702097123e-06
2999.0,8.128874581523223e-06
3000.0,8.087145141860494e-06
3001.0,8.044795238417162e-06
3002.0,8.00182565324089e-06
3003.0,7.958237094934212e-06
3004.0,7.914030198714783e-06
3005.0,7.869205526715857e-06
3006.0,7.823763568522177e-06
3007.0,7.777704741936573e-06
3008.0,7.731029393972429e-06
3009.0,7.683737802066589e-06
3010.0,7.635830175506424e-06
3011.0,7.587306657063781e-06
3012.0,7.5381673248278304e-06
3013.0,7.488412194228144e-06
3014.0,7.438041220238599e-06
3015.0,7.387054299751612e-06
3016.0,7.335451274110971e-06
3017.0,7.283231931790403e-06
3018.0,7.230396011204274e-06
3019.0,7.176943203636627e-06
3020.0,7.122873156275176e-06
3021.0,7.068185475337869e-06
3022.0,7.012879729280974e-06
3023.0,6.956955452079187e-06
3024.0,6.900412146569641e-06
3025.0,6.843249287853191e-06
3026.0,6.785466326747648e-06
3027.0,6.727062693289008e-06
3028.0,6.668037800277523e-06
3029.0,6.608391046865934e-06
3030.0,6.548121822186965e-06
3031.0,6.4872295090167015e-06
3032.0,6.425713487469764e-06
3033.0,6.363573138721532e-06
3034.0,6.300807848751879e-06
3035.0,6.237417012104302e-06
3036.0,6.173400035653494e-06
3037.0,6.1087563423736e-06
3038.0,6.043485375097883e-06
3039.0,5.9775866002587735e-06
3040.0,5.91105951159537e-06
3041.0,5.843903633814169e-06
3042.0,5.7761185261884175e-06
3043.0,5.707703786082042e-06
3044.0,5.638659052385665e-06
3045.0,5.568984008854684e-06
3046.0,5.498678387342563e-06
3047.0,5.427741970925847e-06
3048.0,5.356174596920804e-06
3049.0,5.283976159794661e-06
3050.0,5.21114661397723e-06
3051.0,5.137685976581111e-06
3052.0,5.063594330040315e-06
3053.0,4.988871824677661e-06
3054.0,4.913518681211004e-06
3055.0,4.837535193207413e-06
3056.0,4.760921729493359e-06
3057.0,4.683678736527468e-06
3058.0,4.6058067407405324e-06
3059.0,4.527306350845361e-06
3060.0,4.448178260116691e-06
3061.0,4.368423248639145e-06
3062.0,4.288042185519387e-06
3063.0,4.207036031057753e-06
3064.0,4.125405838874887e-06
3065.0,4.0431527579904044e-06
3066.0,3.960278034852553e-06
3067.0,3.876783015320343e-06
3068.0,3.7926691466018896e-06
3069.0,3.7079379791548083e-06
3070.0,3.622591168555874e-06
3071.0,3.5366304773475652e-06
3072.0,3.4500577768687292e-06
3073.0,3.3628750490754427e-06
3074.0,3.275084388356626e-06
3075.0,3.186688003347155e-06
3076.0,3.0976882187393694e-06
3077.0,3.008087477092233e-06
3078.0,2.917888340635965e-06
3079.0,2.8270934930688625e-06
3080.0,2.735705741342033e-06
3081.0,2.6437280174270834e-06
3082.0,2.5511633800611684e-06
3083.0,2.4580150164637364e-06
3084.0,2.364286244019718e-06
3085.0,2.2699805119253204e-06
3086.0,2.175101402795156e-06
3087.0,2.0796526342328846e-06
3088.0,1.9836380603715404e-06
3089.0,1.8870616733938503e-06
3090.0,1.7899276050470905e-06
3091.0,1.692240128171207e-06
3092.0,1.594003658262663e-06
3093.0,1.4952227550991505e-06
3094.0,1.3959021244515813e-06
3095.0,1.2960466199096988e-06
3096.0,1.195661244846422e-06
3097.0,1.0947511545440693e-06
3098.0,9.933216585027707e-07
3099.0,8.913782229482013e-07
3100.0,7.889264735521138e-07
3101.0,6.859721983752238e-07
3102.0,5.825213510380047e-07
3103.0,4.785800541208409e-07
3104.0,3.741546027911093e-07
3105.0,2.6925146865129955e-07
3106.0,1.6387730379937524e-07
3107.0,5.803894509047227e-08
3108.0,-4.82565814127587e-08
3109.0,-1.5500205581518847e-07
3110.0,-2.6219005960479364e-07
3111.0,-3.698129707249396e-07
3112.0,-4.77862958520208e-07
3113.0,-5.863319785736598e-07
3114.0,-6.952117674550606e-07
3115.0,-8.04493837402101e-07
3116.0,-9.141694709596173e-07
3117.0,-1.0242297156049532e-06
3118.0,-1.1346653783903919e-06
3119.0,-1.245467020635641e-06
3120.0,-1.3566249527041442e-06
3121.0,-1.468129228896449e-06
3122.0,-1.5799696424923082e-06
3123.0,-1.6921357209713577e-06
3124.0,-1.8046167214403259e-06
3125.0,-1.9174016262928936e-06
3126.0,-2.0304791391266455e-06
3127.0,-2.1438376809399847e-06
3128.0,-2.257465386630186e-06
3129.0,-2.3713501018120073e-06
3130.0,-2.4854793799744136e-06
3131.0,-2.5998404799909486e-06
3132.0,-2.714420363997124e-06
3133.0,-2.8292056956463293e-06
3134.0,-2.944182838754406e-06
3135.0,-3.059337856342094e-06
3136.0,-3.1746565100842542e-06
3137.0,-3.290124260175165e-06
3138.0,-3.405726265620441e-06
3139.0,-3.5214473849678624e-06
3140.0,-3.6372721774909937e-06
3141.0,-3.7531849048403297e-06
3142.0,-3.869169533176735e-06
3143.0,-3.985209735801287e-06
3144.0,-4.101288896294163e-06
3145.0,-4.217390112172988e-06
3146.0,-4.3334961990785026e-06
3147.0,-4.449589695493086e-06
3148.0,-4.565652867995949e-06
3149.0,-4.681667717057852e-06
3150.0,-4.7976159833778805e-06
3151.0,-4.913479154764967e-06
3152.0,-5.02923847356706e-06
3153.0,-5.14487494465071e-06
3154.0,-5.260369343932782e-06
3155.0,-5.375702227463543e-06
3156.0,-5.490853941056592e-06
3157.0,-5.605804630456447e-06
3158.0,-5.720534252029337e-06
3159.0,-5.835022583957371e-06
3160.0,-5.949249237910984e-06
3161.0,-6.063193671169777e-06
3162.0,-6.17683519915791e-06
3163.0,-6.290153008357243e-06
3164.0,-6.403126169559427e-06
3165.0,-6.515733651417632e-06
3166.0,-6.627954334259259e-06
3167.0,-6.739767024122514e-06
3168.0,-6.85115046698083e-06
3169.0,-6.962083363119132e-06
3170.0,-7.07254438162432e-06
3171.0,-7.182512174949256e-06
3172.0,-7.291965393505863e-06
3173.0,-7.400882700239458e-06
3174.0,-7.509242785134649e-06
3175.0,-7.617024379604074e-06
3176.0,-7.724206270715643e-06
3177.0,-7.83076731522164e-06
3178.0,-7.936686453362482e-06
3179.0,-8.041942722427197e-06
3180.0,-8.146515270059874e-06
3181.0,-8.25038336730586e-06
3182.0,-8.353526421393425e-06
3183.0,-8.45592398824663e-06
3184.0,-8.557555784723743e-06
3185.0,-8.658401700573601e-06
3186.0,-8.758441810100821e-06
3187.0,-8.857656383530001e-06
3188.0,-8.956025898059317e-06
3189.0,-9.05353104859428e-06
3190.0,-9.150152758152677e-06
3191.0,-9.245872187931763e-06
3192.0,-9.34067074702798e-06
3193.0,-9.434530101796895e-06
3194.0,-9.52743218483628e-06
3195.0,-9.619359203569496e-06
3196.0,-9.710293648400784e-06
3197.0,-9.800218300409709e-06
3198.0,-9.889116238548338e-06
3199.0,-9.976970846301193e-06
3200.0,-1.0063765817765063e-05
3201.0,-1.0149485163104192e-05
3202.0,-1.02341132133362e-05
3203.0,-1.031763462440491e-05
3204.0,-1.0400034380497615e-05
3205.0,-1.0481297796566529e-05
3206.0,-1.05614105200175e-05
3207.0,-1.064035853153314e-05
3208.0,-1.0718128145002798e-05
3209.0,-1.0794706006538669e-05
3210.0,-1.0870079092566666e-05
3211.0,-1.0944234706992325e-05
3212.0,-1.1017160477455732e-05
3213.0,-1.1088844350704364e-05
3214.0,-1.1159274587127886e-05
3215.0,-1.1228439754512788e-05
3216.0,-1.129632872108535e-05
3217.0,-1.1362930647916992e-05
3218.0,-1.1428234980766735e-05
3219.0,-1.1492231441433038e-05
3220.0,-1.155491001868365e-05
3221.0,-1.1616260958828943e-05
3222.0,-1.1676274756001192e-05
3223.0,-1.1734942142199405e-05
3224.0,-1.1792254077155862e-05
3225.0,-1.1848201738077275e-05
3226.0,-1.1902776509310555e-05
3227.0,-1.195596997198093e-05
3228.0,-1.2007773893649173e-05
3229.0,-1.205818021803411e-05
3230.0,-1.2107181054846315e-05
3231.0,-1.2154768669778731e-05
3232.0,-1.2200935474700556e-05
3233.0,-1.2245674018102638e-05
3234.0,-1.2288976975845377e-05
3235.0,-1.2330837142263439e-05
3236.0,-1.237124742168507e-05
3237.0,-1.2410200820428347e-05
3238.0,-1.2447690439342107e-05
3239.0,-1.2483709466965244e-05
3240.0,-1.251825117338297e-05
3241.0,-1.2551308904861108e-05
3242.0,-1.2582876079338822e-05
3243.0,-1.2612946182856883e-05
3244.0,-1.2641512766993742e-05
3245.0,-1.266856944737594e-05
3246.0,-1.2694109903322927e-05
3247.0,-1.271812787867837e-05
3248.0,-1.2740617183869744e-05
3249.0,-1.2761571699225263e-05
3250.0,-1.2780985379562009e-05
3251.0,-1.2798852260042802e-05
3252.0,-1.2815166463282166e-05
3253.0,-1.2829922207664422e-05
3254.0,-1.2843113816819514e-05
3255.0,-1.2854735730186016e-05
3256.0,-1.2864782514577608e-05
3257.0,-1.2873248876660752e-05
3258.0,-1.2880129676247932e-05
3259.0,-1.2885419940311582e-05
3260.0,-1.2889114877627726e-05
3261.0,-1.2891209893963517e-05
3262.0,-1.2891700607728515e-05
3263.0,-1.2890582866014817e-05
3264.0,-1.2887852760955742e-05
3265.0,-1.2883506646336894e-05
3266.0,-1.2877541154396951e-05
3267.0,-1.2869953212758791e-05
3268.0,-1.2860740061434339e-05
3269.0,-1.2849899269848621e-05
3270.0,-1.2837428753829541e-05
3271.0,-1.2823326792509371e-05
3272.0,-1.2807592045081747e-05
3273.0,-1.2790223567354023e-05
3274.0,-1.2771220828029663e-05
3275.0,-1.2750583724649053e-05
3276.0,-1.2728312599109965e-05
3277.0,-1.2704408252681006e-05
3278.0,-1.2678871960413609e-05
3279.0,-1.265170548485178e-05
3280.0,-1.2622911088935753e-05
3281.0,-1.2592491547997188e-05
3282.0,-1.2560450160749692e-05
3283.0,-1.2526790759188484e-05
3284.0,-1.2491517717325071e-05
3285.0,-1.245463595869524e-05
3286.0,-1.2416150962590554e-05
3287.0,-1.2376068768975284e-05
3288.0,-1.2334395982063096e-05
3289.0,-1.2291139772540492e-05
3290.0,-1.2246307878436859e-05
3291.0,-1.21999086046524e-05
3292.0,-1.2151950821165921e-05
3293.0,-1.2102443959953927e-05
3294.0,-1.2051398010660757e-05
3295.0,-1.1998823515065442e-05
3296.0,-1.194473156039421e-05
3297.0,-1.188913377152832e-05
3298.0,-1.1832042302155676e-05
3299.0,-1.177346982491178e-05
3300.0,-1.1713429520551218e-05
3301.0,-1.1651935066185274e-05
3302.0,-1.1589000622615414e-05
3303.0,-1.1524640820786933e-05
3304.0,-1.1458870747383706e-05
3305.0,-1.1391705929584108e-05
3306.0,-1.132316231900079e-05
3307.0,-1.1253256274832146e-05
3308.0,-1.1182004546259274e-05
3309.0,-1.1109424254128251e-05
3310.0,-1.103553287196323e-05
3311.0,-1.0960348206361819e-05
3312.0,-1.0883888376830921e-05
3313.0,-1.0806171795128619e-05
3314.0,-1.0727217144185041e-05
3315.0,-1.064704335668211e-05
3316.0,-1.0565669593377808e-05
3317.0,-1.0483115221265235e-05
3318.0,-1.0399399791659937e-05
3319.0,-1.0314543018310288e-05
3320.0,-1.022856475562423e-05
3321.0,-1.0141484977100674e-05
3322.0,-1.0053323754046072e-05
3323.0,-9.964101234647057e-06
3324.0,-9.873837623459746e-06
3325.0,-9.782553161365966e-06
3326.0,-9.690268106036789e-06
3327.0,-9.597002712935155e-06
3328.0,-9.502777216882629e-06
3329.0,-9.407611814210606e-06
3330.0,-9.311526645513696e-06
3331.0,-9.214541779021668e-06
3332.0,-9.116677194605255e-06
3333.0,-9.017952768429534e-06
3334.0,-8.918388258266795e-06
3335.0,-8.818003289479636e-06
3336.0,-8.716817341685538e-06
3337.0,-8.614849736115794e-06
3338.0,-8.51211962368374e-06
3339.0,-8.40864597377885e-06
3340.0,-8.304447563804098e-06
3341.0,-8.199542969474274e-06
3342.0,-8.093950555892325e-06
3343.0,-7.987688469418892e-06
3344.0,-7.880774630346652e-06
3345.0,-7.773226726385833e-06
3346.0,-7.665062206960764e-06
3347.0,-7.55629827831024e-06
3348.0,-7.446951899377375e-06
3349.0,-7.337039778468122e-06
3350.0,-7.226578370651974e-06
3351.0,-7.115583875874049e-06
3352.0,-7.004072237745154e-06
3353.0,-6.892059142975959e-06
3354.0,-6.779560021422693e-06
3355.0,-6.666590046713636e-06
3356.0,-6.553164137427168e-06
3357.0,-6.439296958793162e-06
3358.0,-6.325002924890347e-06
3359.0,-6.2102962013135874e-06
3360.0,-6.095190708286953e-06
3361.0,-5.979700124200683e-06
3362.0,-5.863837889552526e-06
3363.0,-5.747617211276618e-06
3364.0,-5.631051067446323e-06
3365.0,-5.514152212340893e-06
3366.0,-5.3969331818683756e-06
3367.0,-5.279406299338012e-06
3368.0,-5.161583681573981e-06
3369.0,-5.043477245359503e-06
3370.0,-4.925098714196513e-06
3371.0,-4.806459625362233e-06
3372.0,-4.687571337240407e-06
3373.0,-4.568445036901793e-06
3374.0,-4.449091747906e-06
3375.0,-4.3295223382947685e-06
3376.0,-4.209747528746e-06
3377.0,-4.089777900858192e-06
3378.0,-3.969623905536102e-06
3379.0,-3.8492958714497394e-06
3380.0,-3.7288040135395505e-06
3381.0,-3.6081584415409812e-06
3382.0,-3.487369168501948e-06
3383.0,-3.3664461192675614e-06
3384.0,-3.2453991389080984e-06
3385.0,-3.124238001068419e-06
3386.0,-3.002972416219378e-06
3387.0,-2.881612039794389e-06
3388.0,-2.760166480196432e-06
3389.0,-2.638645306662436e-06
3390.0,-2.5170580569725263e-06
3391.0,-2.395414244991022e-06
3392.0,-2.273723368024154e-06
3393.0,-2.1519949139767937e-06
3394.0,-2.0302383682876133e-06
3395.0,-1.9084632206196923e-06
3396.0,-1.7866789712817361e-06
3397.0,-1.6648951373541017e-06
3398.0,-1.5431212584937638e-06
3399.0,-1.421366902393264e-06
3400.0,-1.2996416698706708e-06
3401.0,-1.177955199569928e-06
3402.0,-1.056317172253829e-06
3403.0,-9.347373146747653e-07
3404.0,-8.132254030115722e-07
3405.0,-6.917912658644376e-07
3406.0,-5.704447868042935e-07
3407.0,-4.491959064787219e-07
3408.0,-3.2805462428282856e-07
3409.0,-2.0703099961047294e-07
3410.0,-8.613515270796236e-08
3411.0,3.4622734842000876e-08
3412.0,1.5523241997439852e-07
3413.0,2.7568359830055754e-07
3414.0,3.9596590453851907e-07
3415.0,5.160689131845696e-07
3416.0,6.359821393989221e-07
3417.0,7.556950400822486e-07
3418.0,8.751970151231429e-07
3419.0,9.944774087992465e-07
3420.0,1.1135255113167652e-06
3421.0,1.2323305604745832e-06
3422.0,1.350881743440439e-06
3423.0,1.4691681986280227e-06
3424.0,1.5871790176658325e-06
3425.0,1.7049032474509739e-06
3426.0,1.8223298922837695e-06
3427.0,1.9394479160815025e-06
3428.0,2.0562462446717017e-06
3429.0,2.172713768166667e-06
3430.0,2.2888393434212067e-06
3431.0,2.404611796574969e-06
3432.0,2.520019925679726e-06
3433.0,2.6350525034109217e-06
3434.0,2.749698279862783e-06
3435.0,2.8639459854274705e-06
3436.0,2.9777843337615054e-06
3437.0,3.0912020248467016e-06
3438.0,3.2041877481575877e-06
3439.0,3.316730185952522e-06
3440.0,3.4288180167108184e-06
3441.0,3.5404399187426617e-06
3442.0,3.651584574001751e-06
3443.0,3.762240672132449e-06
3444.0,3.872396914783715e-06
3445.0,3.9820420202216725e-06
3446.0,4.091164728271619e-06
3447.0,4.199753805618673e-06
3448.0,4.307798051493754e-06
3449.0,4.4152863037679276e-06
3450.0,4.522207445473453e-06
3451.0,4.6285504117643005e-06
3452.0,4.73430419732274e-06
3453.0,4.839457864211551e-06
3454.0,4.9440005501639145e-06
3455.0,5.047921477295326e-06
3456.0,5.151209961214771e-06
3457.0,5.253855420506189e-06
3458.0,5.355847386546199e-06
3459.0,5.457175513619874e-06
3460.0,5.557829589292997e-06
3461.0,5.65779954499686e-06
3462.0,5.757075466780177e-06
3463.0,5.855647606182438e-06
3464.0,5.95350639118391e-06
3465.0,6.050642437189326e-06
3466.0,6.147046558004385e-06
3467.0,6.24270977676581e-06
3468.0,6.337623336786131e-06
3469.0,6.431778712273491e-06
3470.0,6.525167618884862e-06
3471.0,6.617782024068483e-06
3472.0,6.70961415714823e-06
3473.0,6.800656519099039e-06
3474.0,6.890901891958538e-06
3475.0,6.980343347816054e-06
3476.0,7.068974257316701e-06
3477.0,7.1567882976152475e-06
3478.0,7.2437794597126394e-06
3479.0,7.329942055107345e-06
3480.0,7.415270721694769e-06
3481.0,7.499760428850863e-06
3482.0,7.583406481640902e-06
3483.0,7.66620452410088e-06
3484.0,7.748150541546749e-06
3485.0,7.82924086187542e-06
3486.0,7.909472155830736e-06
3487.0,7.988841436217134e-06
3488.0,8.067346056053231e-06
3489.0,8.144983705666807e-06
3490.0,8.221752408741504e-06
3491.0,8.297650517333933e-06
3492.0,8.37267670588723e-06
3493.0,8.446829964273404e-06
3494.0,8.520109589901378e-06
3495.0,8.592515178930606e-06
3496.0,8.664046616631752e-06
3497.0,8.73470406693688e-06
3498.0,8.804487961222736e-06
3499.0,8.873398986371913e-06
3500.0,8.941438072158567e-06
3501.0,9.008606378007469e-06
3502.0,9.074905279178445e-06
3503.0,9.140336352432223e-06
3504.0,9.204901361238513e-06
3505.0,9.26860224059226e-06
3506.0,9.331441081509093e-06
3507.0,9.393420115275641e-06
3508.0,9.45454169753408e-06
3509.0,9.514808292282843e-06
3510.0,9.574222455876604e-06
3511.0,9.632786821108281e-06
3512.0,9.690504081453987e-06
3513.0,9.74737697555813e-06
3514.0,9.803408272030662e-06
3515.0,9.858600754622204e-06
3516.0,9.912957207835768e-06
3517.0,9.966480403026744e-06
3518.0,1.001917308503619e-05
3519.0,1.0071037959396874e-05
3520.0,1.012207768014676e-05
3521.0,1.017229483828071e-05
3522.0,1.022169195086775e-05
3523.0,1.0270271450858588e-05
3524.0,1.0318035677606206e-05
3525.0,1.0364986868121301e-05
3526.0,1.0411127149083707e-05
3527.0,1.0456458529630741e-05
3528.0,1.050098289494286e-05
3529.0,1.0544702000646355e-05
3530.0,1.0587617468051269e-05
3531.0,1.0629730780240308e-05
3532.0,1.06710432790207e-05
3533.0,1.0711556162745459e-05
3534.0,1.0751270485003576e-05
3535.0,1.0790187154170777e-05
3536.0,1.0828306933804047e-05
3537.0,1.0865630443855017e-05
3538.0,1.0902158162669348e-05
3539.0,1.093789042973224e-05
3540.0,1.0972827449114197e-05
3541.0,1.1006969293566044e-05
3542.0,1.104031590920815e-05
3543.0,1.10728671207555e-05
3544.0,1.1104622637217876e-05
3545.0,1.1135582058013063e-05
3546.0,1.1165744879430546e-05
3547.0,1.1195110501383638e-05
3548.0,1.1223678234389238e-05
3549.0,1.1251447306716418e-05
3550.0,1.1278416871647363e-05
3551.0,1.1304586014796695e-05
3552.0,1.132995376143756e-05
3553.0,1.135451908378496e-05
3554.0,1.1378280908189093e-05
3555.0,1.1401238122194102e-05
3556.0,1.1423389581420911e-05
3557.0,1.1444734116236795e-05
3558.0,1.1465270538178597e-05
3559.0,1.148499764610128e-05
3560.0,1.150391423202846e-05
3561.0,1.1522019086686981e-05
3562.0,1.1539311004713052e-05
3563.0,1.1555788789522814e-05
3564.0,1.1571451257845374e-05
3565.0,1.1586297243920914e-05
3566.0,1.1600325603370564e-05
3567.0,1.161353521674808e-05
3568.0,1.1625924992786263e-05
3569.0,1.1637493871353536e-05
3570.0,1.164824082613818e-05
3571.0,1.1658164867079365e-05
3572.0,1.1667265042565259e-05
3573.0,1.167554044141869e-05
3574.0,1.1682990194690444e-05
3575.0,1.1689613477279064e-05
3576.0,1.1695409509394716e-05
3577.0,1.1700377557883076e-05
3578.0,1.1704516937423685e-05
3579.0,1.17078270116155e-05
3580.0,1.1710307193960914e-05
3581.0,1.1711956948758496e-05
3582.0,1.1712775791914317e-05
3583.0,1.1712763291681716e-05
3584.0,1.1711919069339643e-05
3585.0,1.1710242799819761e-05
3586.0,1.1707734212292487e-05
3587.0,1.1704393090721933e-05
3588.0,1.170021927439891e-05
3589.0,1.169521265845982e-05
3590.0,1.1689373194397405e-05
3591.0,1.16827008905669e-05
3592.0,1.1675195812688546e-05
3593.0,1.1666858084344561e-05
3594.0,1.1657687887466009e-05
3595.0,1.1647685462802339e-05
3596.0,1.1636851110364083e-05
3597.0,1.1625185189827392e-05
3598.0,1.1612688120888006e-05
3599.0,1.1599360383551826e-05
3600.0,1.158520251834952e-05
3601.0,1.157021512646319e-05
3602.0,1.1554398869754488e-05
3603.0,1.1537754470685176e-05
3604.0,1.152028271212336e-05
3605.0,1.1501984437030704e-05
3606.0,1.1482860548028215e-05
3607.0,1.1462912006840104e-05
3608.0,1.1442139833616606e-05
3609.0,1.142054510613737e-05
3610.0,1.1398128958896979e-05
3611.0,1.1374892582073835e-05
3612.0,1.1350837220383495e-05
3613.0,1.1325964171817424e-05
3614.0,1.1300274786268137e-05
3615.0,1.1273770464041281e-05
3616.0,1.1246452654254249e-05
3617.0,1.1218322853119517e-05
3618.0,1.118938260210983e-05
3619.0,1.1159633486002182e-05
3620.0,1.1129077130798416e-05
3621.0,1.1097715201522194e-05
3622.0,1.1065549399894385e-05
3623.0,1.1032581461891852e-05
3624.0,1.0998813155197875e-05
3625.0,1.0964246276556001e-05
3626.0,1.0928882649042434e-05
3627.0,1.0892724119274865e-05
3628.0,1.0855772554577777e-05
3629.0,1.0818029840125615e-05
3630.0,1.0779497876086243e-05
3631.0,1.0740178574787407e-05
3632.0,1.0700073857928629e-05
3633.0,1.065918565385994e-05
3634.0,1.061751589494709e-05
3635.0,1.0575066515040144e-05
3636.0,1.0531839447058988e-05
3637.0,1.0487836620705691e-05
3638.0,1.0443059960310095e-05
3639.0,1.0397511382812131e-05
3640.0,1.0351192795881724e-05
3641.0,1.0304106096175045e-05
3642.0,1.0256253167724267e-05
3643.0,1.0207635880456594e-05
3644.0,1.0158256088837695e-05
3645.0,1.0108115630634149e-05
3646.0,1.0057216325789175e-05
3647.0,1.0005559975405482e-05
3648.0,9.953148360828725e-06
3649.0,9.899983242824512e-06
3650.0,9.846066360841513e-06
3651.0,9.791399432352623e-06
3652.0,9.735984152265606e-06
3653.0,9.679822192394198e-06
3654.0,9.622915200980203e-06
3655.0,9.56526480225671e-06
3656.0,9.506872596041949e-06
3657.0,9.447740157352918e-06
3658.0,9.387869036027517e-06
3659.0,9.327260756344055e-06
3660.0,9.265916816627521e-06
3661.0,9.203838688833045e-06
3662.0,9.141027818098617e-06
3663.0,9.077485622260672e-06
3664.0,9.013213491327688e-06
3665.0,8.94821278690797e-06
3666.0,8.882484841588492e-06
3667.0,8.816030958262018e-06
3668.0,8.7488524094002e-06
3669.0,8.680950436271091e-06
3670.0,8.612326248100602e-06
3671.0,8.542981021178449e-06
3672.0,8.472915897909882e-06
3673.0,8.402131985814891e-06
3674.0,8.330630356476457e-06
3675.0,8.258412044438787e-06
3676.0,8.185478046055244e-06
3677.0,8.111829318283752e-06
3678.0,8.037466777425364e-06
3679.0,7.962391297799548e-06
3680.0,7.886603710348086e-06
3681.0,7.810104801158985e-06
3682.0,7.732895309902091e-06
3683.0,7.654975928169797e-06
3684.0,7.576347297718369e-06
3685.0,7.497010008608051e-06
3686.0,7.41696459724272e-06
3687.0,7.336211544312582e-06
3688.0,7.254751272645815e-06
3689.0,7.1725841449773e-06
3690.0,7.089710461644806e-06
3691.0,7.006130458225372e-06
3692.0,6.921844303127357e-06
3693.0,6.836852095156835e-06
3694.0,6.751153861080347e-06
3695.0,6.664749553209362e-06
3696.0,6.577639047034408e-06
3697.0,6.4898221389383615e-06
3698.0,6.401298544018388e-06
3699.0,6.312067894044702e-06
3700.0,6.22212973558207e-06
3701.0,6.131483528297531e-06
3702.0,6.040128643475664e-06
3703.0,5.948064362761068e-06
3704.0,5.855289877146676e-06
3705.0,5.761804286225578e-06
3706.0,5.66760659772343e-06
3707.0,5.572695727327876e-06
3708.0,5.477070498830903e-06
3709.0,5.380729644599452e-06
3710.0,5.283671806388979e-06
3711.0,5.185895536513933e-06
3712.0,5.087399299388334e-06
3713.0,4.9881814734489495e-06
3714.0,4.888240353472798e-06
3715.0,4.787574153300056e-06
3716.0,4.686181008972803e-06
3717.0,4.584058982299486e-06
3718.0,4.481206064854237e-06
3719.0,4.377620182418617e-06
3720.0,4.273299199870782e-06
3721.0,4.168240926523685e-06
3722.0,4.062443121910111e-06
3723.0,3.955903502008488e-06
3724.0,3.8486197459002154e-06
3725.0,3.7405895028472816e-06
3726.0,3.631810399778065e-06
3727.0,3.5222800491696006e-06
3728.0,3.4119960573154004e-06
3729.0,3.3009560329694893e-06
3730.0,3.189157596359185e-06
3731.0,3.0765983885615413e-06
3732.0,2.9632760812409326e-06
3733.0,2.8491883867475987e-06
3734.0,2.734333068578948e-06
3735.0,2.61870795220661e-06
3736.0,2.5023109362726815e-06
3737.0,2.3851400041584723e-06
3738.0,2.2671932359286126e-06
3739.0,2.1484688206525006e-06
3740.0,2.0289650691034166e-06
3741.0,1.9086804268327282e-06
3742.0,1.7876134876126563e-06
3743.0,1.6657630072364183e-06
3744.0,1.5431279176600564e-06
3745.0,1.4197073414663954e-06
3746.0,1.2955006066286014e-06
3747.0,1.1705072615485606e-06
3748.0,1.0447270903433424e-06
3749.0,9.181601283514434e-07
3750.0,7.908066778290332e-07
3751.0,6.626673238051418e-07
3752.0,5.33742950063529e-07
3753.0,4.040347552179736e-07
3754.0,2.7354426884727697e-07
3755.0,1.4227336765636747e-07
3756.0,1.022429163052841e-08
3757.0,-1.2260033984943e-07
3758.0,-2.561975119625447e-07
3759.0,-3.905637985046312e-07
3760.0,-5.256953460774482e-07
3761.0,-6.615878584406354e-07
3762.0,-7.982365810570018e-07
3763.0,-9.356362858621095e-07
3764.0,-1.0737812562893587e-06
3765.0,-1.212665272581769e-06
3766.0,-1.3522815974209667e-06
3767.0,-1.4926229619026327e-06
3768.0,-1.6336815518859124e-06
3769.0,-1.775448994742501e-06
3770.0,-1.9179163465296087e-06
3771.0,-2.061074079609685e-06
3772.0,-2.2049120707386727e-06
3773.0,-2.34941958964356e-06
3774.0,-2.494585288109193e-06
3775.0,-2.640397189593577e-06
3776.0,-2.7868426793905792e-06
3777.0,-2.9339084953588103e-06
3778.0,-3.0815807192360066e-06
3779.0,-3.229844768559254e-06
3780.0,-3.378685389213033e-06
3781.0,-3.5280866486292853e-06
3782.0,-3.678031929666096e-06
3783.0,-3.828503925194122e-06
3784.0,-3.979484633422743e-06
3785.0,-4.130955354000939e-06
3786.0,-4.28289668493116e-06
3787.0,-4.4352885203374575e-06
3788.0,-4.58811004913155e-06
3789.0,-4.741339754622001e-06
3790.0,-4.894955415112405e-06
3791.0,-5.048934105534388e-06
3792.0,-5.203252200160505e-06
3793.0,-5.357885376440397e-06
3794.0,-5.512808620000864e-06
3795.0,-5.667996230847256e-06
3796.0,-5.8234218307998835e-06
3797.0,-5.97905837219516e-06
3798.0,-6.134878147876534e-06
3799.0,-6.290852802495129e-06
3800.0,-6.446953345134293e-06
3801.0,-6.603150163266262e-06
3802.0,-6.7594130380428574e-06
3803.0,-6.915711160916013e-06
3804.0,-7.07201315157841e-06
3805.0,-7.228287077209884e-06
3806.0,-7.384500473011675e-06
3807.0,-7.540620364007662e-06
3808.0,-7.696613288088722e-06
3809.0,-7.852445320272462e-06
3810.0,-8.008082098145556e-06
3811.0,-8.163488848449826e-06
3812.0,-8.318630414767098e-06
3813.0,-8.47347128625218e-06
3814.0,-8.627975627357942e-06
3815.0,-8.78210730849147e-06
3816.0,-8.935829937535153e-06
3817.0,-9.089106892161484e-06
3818.0,-9.241901352865462e-06
3819.0,-9.39417633663373e-06
3820.0,-9.545894731165091e-06
3821.0,-9.697019329552137e-06
3822.0,-9.847512865328193e-06
3823.0,-9.997338047778193e-06
3824.0,-1.0146457597406467e-05
3825.0,-1.0294834281449683e-05
3826.0,-1.0442430949319239e-05
3827.0,-1.0589210567854751e-05
3828.0,-1.0735136256268394e-05
3829.0,-1.0880171320658798e-05
3830.0,-1.1024279287972692e-05
3831.0,-1.1167423939292334e-05
3832.0,-1.1309569342327588e-05
3833.0,-1.1450679882993287e-05
3834.0,-1.1590720295955833e-05
3835.0,-1.1729655694037314e-05
3836.0,-1.1867451596370454e-05
3837.0,-1.2004073955203522e-05
3838.0,-1.2139489181261176e-05
3839.0,-1.2273664167575284e-05
3840.0,-1.2406566311708824e-05
3841.0,-1.2538163536305321e-05
3842.0,-1.2668424307906108e-05
3843.0,-1.2797317653987473e-05
3844.0,-1.2924813178179461e-05
3845.0,-1.3050881073637369e-05
3846.0,-1.3175492134546106e-05
3847.0,-1.3298617765746853e-05
3848.0,-1.3420229990484567e-05
3849.0,-1.3540301456283131e-05
3850.0,-1.3658805438961991e-05
3851.0,-1.3775715844814216e-05
3852.0,-1.3891007210972082e-05
3853.0,-1.4004654703992409e-05
3854.0,-1.411663411669966e-05
3855.0,-1.4226921863329693e-05
3856.0,-1.4335494973021826e-05
3857.0,-1.4442331081711463e-05
3858.0,-1.4547408422480057e-05
3859.0,-1.4650705814423045e-05
3860.0,-1.4752202650100819e-05
3861.0,-1.4851878881642809e-05
3862.0,-1.4949715005580886e-05
3863.0,-1.5045692046494654e-05
3864.0,-1.5139791539557874e-05
3865.0,-1.5231995512082456e-05
3866.0,-1.53222864641642e-05
3867.0,-1.5410647348542307e-05
3868.0,-1.549706154979166e-05
3869.0,-1.558151286297367e-05
3870.0,-1.5663985471878535e-05
3871.0,-1.57444639269992e-05
3872.0,-1.5822933123384014e-05
3873.0,-1.589937827851983e-05
3874.0,-1.5973784910399396e-05
3875.0,-1.604613881592718e-05
3876.0,-1.6116426049816493e-05
3877.0,-1.6184632904128103e-05
3878.0,-1.6250745888595783e-05
3879.0,-1.6314751711877332e-05
3880.0,-1.6376637263860443e-05
3881.0,-1.6436389599142457e-05
3882.0,-1.6493995921792063e-05
3883.0,-1.6549443571490336e-05
3884.0,-1.660272001113833e-05
3885.0,-1.6653812816008244e-05
3886.0,-1.6702709664505214e-05
3887.0,-1.6749398330598264e-05
3888.0,-1.6793866677972753e-05
3889.0,-1.683610265595298e-05
3890.0,-1.6876094297240154e-05
3891.0,-1.691382971750589e-05
3892.0,-1.6949297116874313e-05
3893.0,-1.6982484783317203e-05
3894.0,-1.7013381097977016e-05
3895.0,-1.7041974542423168e-05
3896.0,-1.706825370783685e-05
3897.0,-1.7092207306109594e-05
3898.0,-1.711382418282932e-05
3899.0,-1.7133093332114125e-05
3900.0,-1.7150003913238484e-05
3901.0,-1.71645452689802e-05
3902.0,-1.7176706945600793e-05
3903.0,-1.7186478714357293e-05
3904.0,-1.7193850594429767e-05
3905.0,-1.7198812877135832e-05
3906.0,-1.7201356151291205e-05
3907.0,-1.720147132956426e-05
3908.0,-1.7199149675663495e-05
3909.0,-1.719438283218982e-05
3910.0,-1.718716284898158e-05
3911.0,-1.7177482211779603e-05
3912.0,-1.716533387104151e-05
3913.0,-1.715071127073872e-05
3914.0,-1.7133608376974825e-05
3915.0,-1.711401970627118e-05
3916.0,-1.7091940353374398e-05
3917.0,-1.706736601845122e-05
3918.0,-1.70402930335485e-05
3919.0,-1.7010718388209375e-05
3920.0,-1.6978639754150235e-05
3921.0,-1.6944055508915707e-05
3922.0,-1.6906964758439495e-05
3923.0,-1.6867367358446834e-05
3924.0,-1.68252639346399e-05
3925.0,-1.6780655901612112e-05
3926.0,-1.6733545480441114e-05
3927.0,-1.6683935714914195e-05
3928.0,-1.6631830486342812e-05
3929.0,-1.6577234526925313e-05
3930.0,-1.6520153431618862e-05
3931.0,-1.6460593668483637e-05
3932.0,-1.639856258746431e-05
3933.0,-1.6334068427576607e-05
3934.0,-1.626712032247111e-05
3935.0,-1.6197728304352693e-05
3936.0,-1.6125903306242874e-05
3937.0,-1.605165716258239e-05
3938.0,-1.5975002608182227e-05
3939.0,-1.589595327554205e-05
3940.0,-1.581452369056521e-05
3941.0,-1.573072926670903e-05
3942.0,-1.5644586297617943e-05
3943.0,-1.5556111948295592e-05
3944.0,-1.5465324244879446e-05
3945.0,-1.537224206308811e-05
3946.0,-1.527688511541604e-05
3947.0,-1.5179273937152677e-05
3948.0,-1.5079429871303954e-05
3949.0,-1.4977375052493672e-05
3950.0,-1.487313238992145e-05
3951.0,-1.4766725549452462e-05
3952.0,-1.4658178934911951e-05
3953.0,-1.454751766865435e-05
3954.0,-1.4434767571473042e-05
3955.0,-1.4319955141912614e-05
3956.0,-1.4203107535041553e-05
3957.0,-1.4084252540739606e-05
3958.0,-1.3963418561551343e-05
3959.0,-1.3840634590155248e-05
3960.0,-1.37159301864963e-05
3961.0,-1.3589335454629464e-05
3962.0,-1.3460881019321289e-05
3963.0,-1.3330598002457243e-05
3964.0,-1.319851799930326e-05
3965.0,-1.3064673054671525e-05
3966.0,-1.2929095639042963e-05
3967.0,-1.2791818624701485e-05
3968.0,-1.2652875261937343e-05
3969.0,-1.251229915537766e-05
3970.0,-1.2370124240501164e-05
3971.0,-1.222638476039089e-05
3972.0,-1.2081115242774298e-05
3973.0,-1.1934350477394798e-05
3974.0,-1.1786125493752819e-05
3975.0,-1.1636475539247772e-05
3976.0,-1.1485436057744474e-05
3977.0,-1.1333042668579051e-05
3978.0,-1.1179331146009703e-05
3979.0,-1.1024337399107812e-05
3980.0,-1.0868097452074485e-05
3981.0,-1.0710647424957747e-05
3982.0,-1.0552023514736214e-05
3983.0,-1.0392261976727146e-05
3984.0,-1.0231399106270045e-05
3985.0,-1.006947122063225e-05
3986.0,-9.906514641079775e-06
3987.0,-9.7425656750559e-06
3988.0,-9.577660598411615e-06
3989.0,-9.411835637635767e-06
3990.0,-9.245126952038524e-06
3991.0,-9.077570615848764e-06
3992.0,-8.909202600194134e-06
3993.0,-8.740058754940674e-06
3994.0,-8.570174790377123e-06
3995.0,-8.399586258736487e-06
3996.0,-8.228328535554203e-06
3997.0,-8.056436800868227e-06
3998.0,-7.883946020271396e-06
3999.0,-7.710890925829985e-06
4000.0,-7.5373059968848495e-06
4001.0,-7.363225440752309e-06
4002.0,-7.188683173342123e-06
4003.0,-7.013712799710199e-06
4004.0,-6.838347594564346e-06
4005.0,-6.662620482742387e-06
4006.0,-6.486564019683526e-06
4007.0,-6.310210371915953e-06
4008.0,-6.133591297586654e-06
4009.0,-5.956738127063342e-06
4010.0,-5.779681743643245e-06
4011.0,-5.602452564408917e-06
4012.0,-5.425080521276939e-06
4013.0,-5.247595042290952e-06
4014.0,-5.070025033215183e-06
4015.0,-4.892398859488816e-06
4016.0,-4.71474432860479e-06
4017.0,-4.537088672978581e-06
4018.0,-4.3594585333730636e-06
4019.0,-4.1818799429443655e-06
4020.0,-4.004378311970791e-06
4021.0,-3.826978413323068e-06
4022.0,-3.649704368729511e-06
4023.0,-3.4725796358840647e-06
4024.0,-3.295626996439363e-06
4025.0,-3.118868544920924e-06
4026.0,-2.9423256785936227e-06
4027.0,-2.7660190883079745e-06
4028.0,-2.589968750351922e-06
4029.0,-2.4141939193337955e-06
4030.0,-2.2387131221232046e-06
4031.0,-2.0635441528785933e-06
4032.0,-1.8887040691922668e-06
4033.0,-1.7142091893858928e-06
4034.0,-1.5400750909918611e-06
4035.0,-1.3663166104585301e-06
4036.0,-1.1929478441201376e-06
4037.0,-1.0199821504746335e-06
4038.0,-8.474321538144728e-07
4039.0,-6.753097492562628e-07
4040.0,-5.03626109215206e-07
4041.0,-3.3239169136930723e-07
4042.0,-1.616162481566087e-07
4043.0,8.691162154407688e-09
4044.0,1.7852216278528657e-07
4045.0,3.4786904412854956e-07
4046.0,5.167247477649213e-07
4047.0,6.85082848799323e-07
4048.0,8.529375365048508e-07
4049.0,1.0202835932705062e-06
4050.0,1.1871163718551884e-06
4051.0,1.3534317709574838e-06
4052.0,1.5192262091187569e-06
4053.0,1.6844965969857275e-06
4054.0,1.8492403079685777e-06
4055.0,2.0134551473413106e-06
4056.0,2.177139319842109e-06
4057.0,2.3402913958432997e-06
4058.0,2.502910276172392e-06
4059.0,2.6649951556781627e-06
4060.0,2.8265454856482027e-06
4061.0,2.987560935197253e-06
4062.0,3.148041351758151e-06
4063.0,3.307986720819603e-06
4064.0,3.467397125066185e-06
4065.0,3.6262727030859833e-06
4066.0,3.7846136078194053e-06
4067.0,3.942419964928967e-06
4068.0,4.099691831274004e-06
4069.0,4.256429153676272e-06
4070.0,4.412631728162273e-06
4071.0,4.568299159865848e-06
4072.0,4.723430823770627e-06
4073.0,4.878025826466547e-06
4074.0,5.032082969088584e-06
4075.0,5.185600711599262e-06
4076.0,5.3385771385696185e-06
4077.0,5.4910099266064835e-06
4078.0,5.642896313567225e-06
4079.0,5.794233069696935e-06
4080.0,5.945016470817225e-06
4081.0,6.095242273690193e-06
4082.0,6.244905693675243e-06
4083.0,6.394001384789826e-06
4084.0,6.542523422277536e-06
4085.0,6.69046528777828e-06
4086.0,6.83781985718494e-06
4087.0,6.984579391258981e-06
4088.0,7.130735529063568e-06
4089.0,7.276279284257232e-06
4090.0,7.42120104427392e-06
4091.0,7.565490572396434e-06
4092.0,7.709137012709851e-06
4093.0,7.85212889789999e-06
4094.0,7.994454159840467e-06
4095.0,8.136100142891185e-06
4096.0,8.277053619812206e-06
4097.0,8.417300810180636e-06
4098.0,8.556827401184958e-06
4099.0,8.695618570661756e-06
4100.0,8.833659012234125e-06
4101.0,8.97093296240935e-06
4102.0,9.107424229495199e-06
4103.0,9.243116224198811e-06
4104.0,9.377991991778761e-06
4105.0,9.512034245628427e-06
4106.0,9.645225402176048e-06
4107.0,9.777547616991265e-06
4108.0,9.908982821987945e-06
4109.0,1.0039512763606662e-05
4110.0,1.0169119041847784e-05
4111.0,1.029778315000903e-05
4112.0,1.0425486514961282e-05
4113.0,1.0552210537775387e-05
4114.0,1.067793663449184e-05
4115.0,1.0802646276805845e-05
4116.0,1.0926321032423984e-05
4117.0,1.1048942604836942e-05
4118.0,1.1170492872247121e-05
4119.0,1.1290953925391508e-05
4120.0,1.1410308104009668e-05
4121.0,1.152853803172421e-05
4122.0,1.1645626649125714e-05
4123.0,1.176155724488349e-05
4124.0,1.1876313484735533e-05
4125.0,1.1989879438244367e-05
4126.0,1.2102239603239187e-05
4127.0,1.2213378927897525e-05
4128.0,1.2323282830448715e-05
4129.0,1.2431937216503993e-05
4130.0,1.2539328494032043e-05
4131.0,1.264544358600363e-05
4132.0,1.2750269940726208e-05
4133.0,1.2853795539881011e-05
4134.0,1.2956008904264266e-05
4135.0,1.3056899097222737e-05
4136.0,1.3156455725764294e-05
4137.0,1.3254668939318564e-05
4138.0,1.335152942612327e-05
4139.0,1.3447028407220957e-05
4140.0,1.3541157628069434e-05
4141.0,1.3633909347797213e-05
4142.0,1.3725276326169842e-05
4143.0,1.3815251808370686e-05
4144.0,1.390382950773728e-05
4145.0,1.3991003586628799e-05
4146.0,1.407676863563041e-05
4147.0,1.4161119651324463e-05
4148.0,1.4244052012875848e-05
4149.0,1.4325561457688047e-05
4150.0,1.4405644056386785e-05
4151.0,1.4484296187379365e-05
4152.0,1.456151451121968e-05
4153.0,1.4637295944983232e-05
4154.0,1.471163763682591e-05
4155.0,1.4784536940869023e-05
4156.0,1.4855991392524009e-05
4157.0,1.4925998684346206e-05
4158.0,1.4994556642489502e-05
4159.0,1.5061663203824264e-05
4160.0,1.5127316393780508e-05
4161.0,1.5191514304987145e-05
4162.0,1.5254255076794056e-05
4163.0,1.531553687578333e-05
4164.0,1.5375357877394597e-05
4165.0,1.543371624880419e-05
4166.0,1.549061013320677e-05
4167.0,1.5546037635650964e-05
4168.0,1.5599996810576658e-05
4169.0,1.5652485651190848e-05
4170.0,1.5703502080800907e-05
4171.0,1.575304394619934e-05
4172.0,1.5801109013163547e-05
4173.0,1.584769496409895e-05
4174.0,1.5892799397816412e-05
4175.0,1.5936419831397546e-05
4176.0,1.5978553704067255e-05
4177.0,1.6019198382963692e-05
4178.0,1.605835117067388e-05
4179.0,1.609600931438939e-05
4180.0,1.6132170016531785e-05
4181.0,1.616683044670158e-05
4182.0,1.619998775481637e-05
4183.0,1.623163908532032e-05
4184.0,1.626178159236496e-05
4185.0,1.6290412455876997e-05
4186.0,1.631752889844011e-05
4187.0,1.634312820292351e-05
4188.0,1.6367207730790334e-05
4189.0,1.6389764941013206e-05
4190.0,1.641079740951353e-05
4191.0,1.6430302849025517e-05
4192.0,1.6448279129267513e-05
4193.0,1.646472429728231e-05
4194.0,1.6479636597787335e-05
4195.0,1.649301449335611e-05
4196.0,1.650485668423702e-05
4197.0,1.6515162127605625e-05
4198.0,1.652393005604414e-05
4199.0,1.653115999504676e-05
4200.0,1.6536851779362882e-05
4201.0,1.6541005568011695e-05
4202.0,1.6543621857829974e-05
4203.0,1.6544701495448087e-05
4204.0,1.6544245687623894e-05
4205.0,1.654225600989755e-05
4206.0,1.6538734413559186e-05
4207.0,1.6533683230944388e-05
4208.0,1.652710517908877e-05
4209.0,1.6519003361782057e-05
4210.0,1.6509381270064962e-05
4211.0,1.6498242781209924e-05
4212.0,1.648559215622093e-05
4213.0,1.6471434035880023e-05
4214.0,1.645577343536009e-05
4215.0,1.6438615737416912e-05
4216.0,1.641996668416939e-05
4217.0,1.639983236747651e-05
4218.0,1.637821921792298e-05
4219.0,1.635513399243265e-05
4220.0,1.6330583760539732e-05
4221.0,1.6304575889363098e-05
4222.0,1.627711802734777e-05
4223.0,1.624821808685932e-05
4224.0,1.6217884225738084e-05
4225.0,1.6186124827938307e-05
4226.0,1.6152948483389903e-05
4227.0,1.611836396722636e-05
4228.0,1.6082380218521292e-05
4229.0,1.604500631866888e-05
4230.0,1.600625146953137e-05
4231.0,1.5966124971460178e-05
4232.0,1.5924636201278113e-05
4233.0,1.5881794590289303e-05
4234.0,1.5837609602363185e-05
4235.0,1.5792090712120575e-05
4236.0,1.5745247383234543e-05
4237.0,1.5697089046847474e-05
4238.0,1.564762508009882e-05
4239.0,1.5596864784756084e-05
4240.0,1.554481736594437e-05
4241.0,1.549149191097718e-05
4242.0,1.5436897368301655e-05
4243.0,1.538104252658459e-05
4244.0,1.5323935993979455e-05
4245.0,1.5265586177628047e-05
4246.0,1.5206001263461229e-05
4247.0,1.5145189196370579e-05
4248.0,1.5083157660825927e-05
4249.0,1.5019914062012463e-05
4250.0,1.4955465507555827e-05
4251.0,1.488981878989444e-05
4252.0,1.4822980369346747e-05
4253.0,1.4754956357907719e-05
4254.0,1.4685752503795097e-05
4255.0,1.4615374176752518e-05
4256.0,1.4543826354104872e-05
4257.0,1.4471113607552272e-05
4258.0,1.4397240090683365e-05
4259.0,1.4322209527186907e-05
4260.0,1.424602519974282e-05
4261.0,1.4168689939580155e-05
4262.0,1.4090206116699049e-05
4263.0,1.4010575630765694e-05
4264.0,1.3929799902702435e-05
4265.0,1.3847879867006903e-05
4266.0,1.376481596484369e-05
4267.0,1.3680608137957392e-05
4268.0,1.3595255823456594e-05
4269.0,1.3508757949514445e-05
4270.0,1.3421112932023307e-05
4271.0,1.3332318672230104e-05
4272.0,1.324237255536637e-05
4273.0,1.3151271450274117e-05
4274.0,1.3059011710016215e-05
4275.0,1.2965589173448898e-05
4276.0,1.2870999167725322e-05
4277.0,1.2775236511693206e-05
4278.0,1.2678295520147015e-05
4279.0,1.2580170008895718e-05
4280.0,1.2480853300610935e-05
4281.0,1.2380338231426597e-05
4282.0,1.2278617158269605e-05
4283.0,1.2175681966910751e-05
4284.0,1.2071524080735023e-05
4285.0,1.1966134470239723e-05
4286.0,1.1859503663276502e-05
4287.0,1.1751621756058936e-05
4288.0,1.1642478424959876e-05
4289.0,1.1532062939122232e-05
4290.0,1.1420364173902527e-05
4291.0,1.1307370625159811e-05
4292.0,1.119307042439404e-05
4293.0,1.1077451354728702e-05
4294.0,1.0960500867723637e-05
4295.0,1.0842206100995518e-05
4296.0,1.0722553896616766e-05
4297.0,1.060153082025875e-05
4298.0,1.0479123181042417e-05
4299.0,1.035531705205891e-05
4300.0,1.0230098291524058e-05
4301.0,1.0103452564533823e-05
4302.0,9.975365365392943e-06
4303.0,9.845822040495825e-06
4304.0,9.714807811746849e-06
4305.0,9.5823078005162e-06
4306.0,9.448307052135996e-06
4307.0,9.312790560949024e-06
4308.0,9.175743295928341e-06
4309.0,9.03715022688966e-06
4310.0,8.89699635131987e-06
4311.0,8.755266721844228e-06
4312.0,8.611946474351373e-06
4313.0,8.467020856790249e-06
4314.0,8.320475258646424e-06
4315.0,8.17229524109793e-06
4316.0,8.022466567842982e-06
4317.0,7.870975236583847e-06
4318.0,7.71780751114303e-06
4319.0,7.562949954179926e-06
4320.0,7.406389460468644e-06
4321.0,7.248113290690823e-06
4322.0,7.088109105691804e-06
4323.0,6.926365001144399e-06
4324.0,6.762869542562117e-06
4325.0,6.597611800602959e-06
4326.0,6.430581386605963e-06
4327.0,6.2617684883053265e-06
4328.0,6.091163905670869e-06
4329.0,5.918759086828737e-06
4330.0,5.744546164021577e-06
4331.0,5.568517989572327e-06
4332.0,5.39066817181952e-06
4333.0,5.210991110993683e-06
4334.0,5.029482035003346e-06
4335.0,4.846137035095245e-06
4336.0,4.660953101346567e-06
4337.0,4.47392815793841e-06
4338.0,4.2850610981499045e-06
4339.0,4.094351819002666e-06
4340.0,3.901801255476668e-06
4341.0,3.707411414212082e-06
4342.0,3.511185406608302e-06
4343.0,3.3131274812312143e-06
4344.0,3.113243055442999e-06
4345.0,2.9115387461745995e-06
4346.0,2.7080223997684755e-06
4347.0,2.502703120827476e-06
4348.0,2.2955913000135312e-06
4349.0,2.0866986407467544e-06
4350.0,1.8760381847600943e-06
4351.0,1.6636243364664346e-06
4352.0,1.4494728860934518e-06
4353.0,1.2336010315362874e-06
4354.0,1.0160273988697086e-06
4355.0,7.967720614501725e-07
4356.0,5.758565575247205e-07
4357.0,3.533039062491709e-07
4358.0,1.291386220034329e-07
4359.0,-9.661327312131061e-08
4360.0,-3.2392423879919043e-07
4361.0,-5.527652080518749e-07
4362.0,-7.831055810788799e-07
4363.0,-1.0149132214727526e-06
4364.0,-1.2481544549428996e-06
4365.0,-1.4827940706528247e-06
4366.0,-1.7187953252515055e-06
4367.0,-1.956119949653424e-06
4368.0,-2.1947281585951984e-06
4369.0,-2.434578662972366e-06
4370.0,-2.675628684938662e-06
4371.0,-2.9178339757326788e-06
4372.0,-3.1611488361828895e-06
4373.0,-3.4055261398306436e-06
4374.0,-3.650917358601693e-06
4375.0,-3.897272590949281e-06
4376.0,-4.144540592386669e-06
4377.0,-4.392668808324361e-06
4378.0,-4.6416034091271555e-06
4379.0,-4.891289327307846e-06
4380.0,-5.141670296776658e-06
4381.0,-5.392688894067094e-06
4382.0,-5.644286581458539e-06
4383.0,-5.896403751913345e-06
4384.0,-6.1489797757409835e-06
4385.0,-6.401953048894738e-06
4386.0,-6.655261042798016e-06
4387.0,-6.908840355588081e-06
4388.0,-7.162626764655403e-06
4389.0,-7.41655528034813e-06
4390.0,-7.670560200704448e-06
4391.0,-7.924575167072865e-06
4392.0,-8.178533220481975e-06
4393.0,-8.43236685862734e-06
4394.0,-8.686008093353053e-06
4395.0,-8.939388508519134e-06
4396.0,-9.192439318162697e-06
4397.0,-9.445091424880103e-06
4398.0,-9.69727547837805e-06
4399.0,-9.948921934161804e-06
4400.0,-1.0199961112346642e-05
4401.0,-1.0450323256592179e-05
4402.0,-1.0699938593166332e-05
4403.0,-1.0948737390145204e-05
4404.0,-1.119665001674718e-05
4405.0,-1.1443607002784694e-05
4406.0,-1.1689539098197345e-05
4407.0,-1.1934377332606888e-05
4408.0,-1.2178053074809488e-05
4409.0,-1.2420498092094025e-05
4410.0,-1.2661644609248212e-05
4411.0,-1.2901425367088604e-05
4412.0,-1.3139773680328734e-05
4413.0,-1.3376623494584218e-05
4414.0,-1.361190944230573e-05
4415.0,-1.38455668974295e-05
4416.0,-1.4077532028538291e-05
4417.0,-1.4307741850332024e-05
4418.0,-1.4536134273216392e-05
4419.0,-1.476264815083108e-05
4420.0,-1.4987223325357551e-05
4421.0,-1.5209800670469164e-05
4422.0,-1.5430322131811005e-05
4423.0,-1.5648730764919744e-05
4424.0,-1.5864970770511797e-05
4425.0,-1.6078987527078765e-05
4426.0,-1.629072762073115e-05
4427.0,-1.6500138872225495e-05
4428.0,-1.6707170361097944e-05
4429.0,-1.691177244681244e-05
4430.0,-1.7113896786817085e-05
4431.0,-1.731349635139139e-05
4432.0,-1.75105254351613e-05
4433.0,-1.7704939665158267e-05
4434.0,-1.789669600530255e-05
4435.0,-1.8085752757199266e-05
4436.0,-1.827206955714817e-05
4437.0,-1.8455607369286137e-05
4438.0,-1.8636328474804203e-05
4439.0,-1.881419645720833e-05
4440.0,-1.8989176183623738e-05
4441.0,-1.916123378217586e-05
4442.0,-1.9330336615517222e-05
4443.0,-1.949645325060799e-05
4444.0,-1.9659553424897875e-05
4445.0,-1.981960800909665e-05
4446.0,-1.9976588966757875e-05
4447.0,-2.0130469310932403e-05
4448.0,-2.028122305817201e-05
4449.0,-2.0428825180177635e-05
4450.0,-2.0573251553392036e-05
4451.0,-2.0714478906835096e-05
4452.0,-2.0852484768473813e-05
4453.0,-2.0987247410410194e-05
4454.0,-2.1118745793161724e-05
4455.0,-2.1246959509303367e-05
4456.0,-2.1371868726737894e-05
4457.0,-2.1493454131862668e-05
4458.0,-2.1611696872904292e-05
4459.0,-2.172657850369747e-05
4460.0,-2.1838080928190344e-05
4461.0,-2.1946186345965666e-05
4462.0,-2.205087719907458e-05
4463.0,-2.2152136120487363e-05
4464.0,-2.224994588447243e-05
4465.0,-2.2344289359220292e-05
4466.0,-2.2435149462032914e-05
4467.0,-2.2522509117400387e-05
4468.0,-2.26063512182878e-05
4469.0,-2.2686658590954283e-05
4470.0,-2.2763413963621823e-05
4471.0,-2.2836599939301555e-05
4472.0,-2.2906198973068454e-05
4473.0,-2.29721933540522e-05
4474.0,-2.30345651923833e-05
4475.0,-2.3093296411301286e-05
4476.0,-2.3148368744597034e-05
4477.0,-2.3199763739525025e-05
4478.0,-2.3247462765284744e-05
4479.0,-2.3291447027134105e-05
4480.0,-2.3331697586163446e-05
4481.0,-2.3368195384725408e-05
4482.0,-2.3400921277483364e-05
4483.0,-2.3429856068007324e-05
4484.0,-2.3454980550811136e-05
4485.0,-2.34762755586903e-05
4486.0,-2.349372201518749e-05
4487.0,-2.3507300991983904e-05
4488.0,-2.3516993770987772e-05
4489.0,-2.352278191086612e-05
4490.0,-2.352464731774312e-05
4491.0,-2.3522572319767607e-05
4492.0,-2.3516539745234906e-05
4493.0,-2.3506533003932133e-05
4494.0,-2.3492536171361434e-05
4495.0,-2.3474534075480563e-05
4496.0,-2.3452512385584084e-05
4497.0,-2.342645770293051e-05
4498.0,-2.3396357652701344e-05
4499.0,-2.3362200976859772e-05
4500.0,-2.3323977627461193e-05
4501.0,-2.3281678859955808e-05
4502.0,-2.32352973260144e-05
4503.0,-2.318482716540182e-05
4504.0,-2.3130264096418952e-05
4505.0,-2.3071605504432597e-05
4506.0,-2.3008850528013267e-05
4507.0,-2.2942000142202356e-05
4508.0,-2.2871057238433616e-05
4509.0,-2.2796026700641132e-05
4510.0,-2.2716915477098074e-05
4511.0,-2.2633732647547643e-05
4512.0,-2.2546489485210594e-05
4513.0,-2.2455199513282588e-05
4514.0,-2.2359878555569936e-05
4515.0,-2.2260544780954025e-05
4516.0,-2.215721874142209e-05
4517.0,-2.204992340345371e-05
4518.0,-2.1938684172607144e-05
4519.0,-2.182352891120334e-05
4520.0,-2.1704487949056236e-05
4521.0,-2.1581594087243317e-05
4522.0,-2.145488259495114e-05
4523.0,-2.132439119946769e-05
4524.0,-2.1190160069427167e-05
4525.0,-2.1052231791443137e-05
4526.0,-2.091065134029187e-05
4527.0,-2.0765466042828158e-05
4528.0,-2.0616725535829685e-05
4529.0,-2.0464481717973127e-05
4530.0,-2.030878869614652e-05
4531.0,-2.0149702726300266e-05
4532.0,-1.998728214903458e-05
4533.0,-1.9821587320116117e-05
4534.0,-1.9652680536111406e-05
4535.0,-1.9480625955321068e-05
4536.0,-1.9305489514197192e-05
4537.0,-1.9127338839428468e-05
4538.0,-1.8946243155884985e-05
4539.0,-1.876227319062734e-05
4540.0,-1.8575501073202537e-05
4541.0,-1.8386000232470317e-05
4542.0,-1.8193845290226907e-05
4543.0,-1.799911195191635e-05
4544.0,-1.780187689474142e-05
4545.0,-1.7602217653505555e-05
4546.0,-1.7400212504533907e-05
4547.0,-1.7195940348035394e-05
4548.0,-1.6989480589277812e-05
4549.0,-1.6780913018954645e-05
4550.0,-1.657031769312314e-05
4551.0,-1.635777481308755e-05
4552.0,-1.6143364605589292e-05
4553.0,-1.5927167203647637e-05
4554.0,-1.5709262528372903e-05
4555.0,-1.5489730172049997e-05
4556.0,-1.5268649282765035e-05
4557.0,-1.5046098450822859e-05
4558.0,-1.4822155597179253e-05
4559.0,-1.4596897864089685e-05
4560.0,-1.4370401508157616e-05
4561.0,-1.4142741795951246e-05
4562.0,-1.3913992902348612e-05
4563.0,-1.3684227811767309e-05
4564.0,-1.3453518222435377e-05
4565.0,-1.3221934453863124e-05
4566.0,-1.2989545357680865e-05
4567.0,-1.2756418232013193e-05
4568.0,-1.2522618739566306e-05
4569.0,-1.2288210829609396e-05
4570.0,-1.2053256664034701e-05
4571.0,-1.181781654768254e-05
4572.0,-1.1581948863116463e-05
4573.0,-1.1345710010028548e-05
4574.0,-1.1109154349444662e-05
4575.0,-1.0872334152884879e-05
4576.0,-1.0635299556616546e-05
4577.0,-1.0398098521117682e-05
4578.0,-1.0160776795847722e-05
4579.0,-9.923377889401385e-06
4580.0,-9.68594304510005e-06
4581.0,-9.448511222054195e-06
4582.0,-9.211119081711362e-06
4583.0,-8.973800979888376e-06
4584.0,-8.736588964275645e-06
4585.0,-8.499512777396055e-06
4586.0,-8.262599865000796e-06
4587.0,-8.025875389887716e-06
4588.0,-7.789362251133044e-06
4589.0,-7.553081108733476e-06
4590.0,-7.317050413661235e-06
4591.0,-7.081286443339163e-06
4592.0,-6.845803342544128e-06
4593.0,-6.610613169744481e-06
4594.0,-6.37572594887031e-06
4595.0,-6.141149726503254e-06
4596.0,-5.906890634456275e-06
4597.0,-5.672952957692981e-06
4598.0,-5.439339207511143e-06
4599.0,-5.206050199885797e-06
4600.0,-4.973085138834067e-06
4601.0,-4.740441704627564e-06
4602.0,-4.508116146640775e-06
4603.0,-4.276103380587295e-06
4604.0,-4.0443970898626096e-06
4605.0,-3.812989830683423e-06
4606.0,-3.5818731406906714e-06
4607.0,-3.351037650666558e-06
4608.0,-3.1204731990051287e-06
4609.0,-2.8901689485697418e-06
4610.0,-2.66011350556777e-06
4611.0,-2.430295040072252e-06
4612.0,-2.200701407820977e-06
4613.0,-1.971320272925668e-06
4614.0,-1.7421392311263887e-06
4615.0,-1.5131459332276965e-06
4616.0,-1.2843282083521586e-06
4617.0,-1.0556741866418444e-06
4618.0,-8.271724210287916e-07
4619.0,-5.988120076812433e-07
4620.0,-3.7058270471494265e-07
4621.0,-1.4247504873954873e-07
4622.0,8.551953120950606e-08
4623.0,3.1340860282199117e-07
4624.0,5.411986232306223e-07
4625.0,7.688948357890192e-07
4626.0,9.965011714051645e-07
4627.0,1.2240201549182706e-06
4628.0,1.4514528169913686e-06
4629.0,1.6787986119693691e-06
4630.0,1.906055342125368e-06
4631.0,2.133219088688122e-06
4632.0,2.3602841500123247e-06
4633.0,2.587242987220197e-06
4634.0,2.8140861776077623e-06
4635.0,3.040802376071792e-06
4636.0,3.267378284774603e-06
4637.0,3.493798631224608e-06
4638.0,3.720046154912094e-06
4639.0,3.946101602602594e-06
4640.0,4.1719437323544355e-06
4641.0,4.397549326292141e-06
4642.0,4.622893212131297e-06
4643.0,4.847948293411023e-06
4644.0,5.072685588345456e-06
4645.0,5.297074277154072e-06
4646.0,5.5210817576717015e-06
4647.0,5.744673708973337e-06
4648.0,5.967814162678088e-06
4649.0,6.1904655815245114e-06
4650.0,6.412588944740205e-06
4651.0,6.634143839666485e-06
4652.0,6.855088559047775e-06
4653.0,7.075380203357048e-06
4654.0,7.294974787503276e-06
4655.0,7.5138273512527095e-06
4656.0,7.731892072691046e-06
4657.0,7.949122384056016e-06
4658.0,8.165471089278978e-06
4659.0,8.380890482589923e-06
4660.0,8.595332467563583e-06
4661.0,8.808748676014948e-06
4662.0,9.021090586189327e-06
4663.0,9.232309639732146e-06
4664.0,9.44235735696379e-06
4665.0,9.651185450020877e-06
4666.0,9.858745933454474e-06
4667.0,1.0064991231896143e-05
4668.0,1.0269874284414487e-05
4669.0,1.0473348645190363e-05
4670.0,1.0675368580141822e-05
4671.0,1.0875889159134777e-05
4672.0,1.1074866343426876e-05
4673.0,1.12722570680131e-05
4674.0,1.1468019318573218e-05
4675.0,1.1662112202762644e-05
4676.0,1.1854496015636954e-05
4677.0,1.2045132299052434e-05
4678.0,1.2233983894936725e-05
4679.0,1.2421014992372132e-05
4680.0,1.2606191168479297e-05
4681.0,1.278947942313177e-05
4682.0,1.2970848207574827e-05
4683.0,1.3150267447064823e-05
4684.0,1.3327708557685815e-05
4685.0,1.3503144457535014e-05
4686.0,1.3676549572494327e-05
4687.0,1.3847899836821129e-05
4688.0,1.4017172688797816e-05
4689.0,1.4184347061678477e-05
4690.0,1.4349403370164584e-05
4691.0,1.451232349263277e-05
4692.0,1.4673090749329797e-05
4693.0,1.4831689876745402e-05
4694.0,1.4988106998374592e-05
4695.0,1.5142329592086125e-05
4696.0,1.5294346454322336e-05
4697.0,1.5444147661365526e-05
4698.0,1.5591724527916155e-05
4699.0,1.5737069563235884e-05
4700.0,1.5880176425112773e-05
4701.0,1.6021039871908023e-05
4702.0,1.6159655712947297e-05
4703.0,1.6296020757526802e-05
4704.0,1.6430132762813167e-05
4705.0,1.6561990380921448e-05
4706.0,1.6691593105453754e-05
4707.0,1.681894121777045e-05
4708.0,1.6944035733247554e-05
4709.0,1.7066878347749682e-05
4710.0,1.7187471384520474e-05
4711.0,1.7305817741665534e-05
4712.0,1.7421920840379498e-05
4713.0,1.753578457405149e-05
4714.0,1.764741325837168e-05
4715.0,1.7756811582555623e-05
4716.0,1.78639845618015e-05
4717.0,1.796893749109884e-05
4718.0,1.807167590051421e-05
4719.0,1.8172205512086584e-05
4720.0,1.8270532198468562e-05
4721.0,1.8366661943449137e-05
4722.0,1.8460600804491403e-05
4723.0,1.855235487741803e-05
4724.0,1.8641930263378353e-05
4725.0,1.8729333038229494e-05
4726.0,1.881456922445779e-05
4727.0,1.8897644765754644e-05
4728.0,1.897856550434444e-05
4729.0,1.9057337161141543e-05
4730.0,1.9133965318789016e-05
4731.0,1.9208455407604334e-05
4732.0,1.928081269442946e-05
4733.0,1.9351042274356695e-05
4734.0,1.9419149065279544e-05
4735.0,1.9485137805201712e-05
4736.0,1.9549013052227693e-05
4737.0,1.9610779187155814e-05
4738.0,1.96704404185958e-05
4739.0,1.9728000790532555e-05
4740.0,1.9783464192251454e-05
4741.0,1.98368343705257e-05
4742.0,1.9888114943946556e-05
4743.0,1.9937309419255563e-05
4744.0,1.9984421209516204e-05
4745.0,2.002945365394023e-05
4746.0,2.007241003916096e-05
4747.0,2.0113293621724298e-05
4748.0,2.0152107651551504e-05
4749.0,2.0188855396117454e-05
4750.0,2.0223540165082842e-05
4751.0,2.0256165335115875e-05
4752.0,2.0286734374635825e-05
4753.0,2.0315250868207905e-05
4754.0,2.0341718540318114e-05
4755.0,2.036614127826195e-05
4756.0,2.0388523153895762e-05
4757.0,2.0408868444025723e-05
4758.0,2.0427181649245483e-05
4759.0,2.044346751107432e-05
4760.0,2.045773102728711e-05
4761.0,2.046997746536149e-05
4762.0,2.0480212373994483e-05
4763.0,2.0488441592661165e-05
4764.0,2.0494671259202483e-05
4765.0,2.0498907815437934e-05
4766.0,2.050115801080211e-05
4767.0,2.0501428904004847e-05
4768.0,2.049972786271666e-05
4769.0,2.0496062561287573e-05
4770.0,2.049044097651945e-05
4771.0,2.0482871381527313e-05
4772.0,2.0473362337740878e-05
4773.0,2.0461922685110675e-05
4774.0,2.0448561530592205e-05
4775.0,2.043328823498911e-05
4776.0,2.041611239824504e-05
4777.0,2.0397043843287705e-05
4778.0,2.0376092598548325e-05
4779.0,2.035326887930173e-05
4780.0,2.032858306799179e-05
4781.0,2.0302045693719116e-05
4782.0,2.0273667411072182e-05
4783.0,2.0243458978480506e-05
4784.0,2.021143123626019e-05
4785.0,2.0177595084509197e-05
4786.0,2.0141961460992035e-05
4787.0,2.0104541319133584e-05
4788.0,2.0065345606222008e-05
4789.0,2.0024385241903045e-05
4790.0,1.9981671097034044e-05
4791.0,1.9937213972955493e-05
4792.0,1.989102458123008e-05
4793.0,1.9843113523893444e-05
4794.0,1.9793491274255002e-05
4795.0,1.974216815828145e-05
4796.0,1.9689154336590282e-05
4797.0,1.9634459787077913e-05
4798.0,1.9578094288209145e-05
4799.0,1.952006740300072e-05
4800.0,1.9460388463739075e-05
4801.0,1.9399066557477515e-05
4802.0,1.9336110512358344e-05
4803.0,1.9271528884800906e-05
4804.0,1.920532994758685e-05
4805.0,1.913752167886045e-05
4806.0,1.9068111752045e-05
4807.0,1.899710752665832e-05
4808.0,1.8924516039993266e-05
4809.0,1.8850343999614673e-05
4810.0,1.8774597776613454e-05
4811.0,1.8697283399551934e-05
4812.0,1.8618406549031907e-05
4813.0,1.8537972552817884e-05
4814.0,1.845598638145179e-05
4815.0,1.837245264430028e-05
4816.0,1.828737558598113e-05
4817.0,1.8200759083121804e-05
4818.0,1.811260664141201e-05
4819.0,1.8022921392923386e-05
4820.0,1.793170609368263e-05
4821.0,1.7838963121496907e-05
4822.0,1.7744694474041064e-05
4823.0,1.7648901767223757e-05
4824.0,1.755158623385431e-05
4825.0,1.745274872263375e-05
4826.0,1.735238969749276e-05
4827.0,1.7250509237296583e-05
4828.0,1.714710703593345e-05
4829.0,1.7042182402800164e-05
4830.0,1.693573426369685e-05
4831.0,1.682776116214331e-05
4832.0,1.6718261261131705e-05
4833.0,1.6607232345334746e-05
4834.0,1.6494671823793762e-05
4835.0,1.638057673311591e-05
4836.0,1.6264943741212933e-05
4837.0,1.6147769151615188e-05
4838.0,1.6029048908394416e-05
4839.0,1.590877860172783e-05
4840.0,1.578695347413397e-05
4841.0,1.5663568427407126e-05
4842.0,1.5538618030271097e-05
4843.0,1.5412096526764813e-05
4844.0,1.528399784536204e-05
4845.0,1.5154315608816297e-05
4846.0,1.5023043144709637e-05
4847.0,1.489017349667157e-05
4848.0,1.4755699436222832e-05
4849.0,1.461961347518889e-05
4850.0,1.4481907878620915e-05
4851.0,1.4342574678157986e-05
4852.0,1.4201605685763207e-05
4853.0,1.4058992507768998e-05
4854.0,1.3914726559172136e-05
4855.0,1.3768799078125914e-05
4856.0,1.3621201140583702e-05
4857.0,1.3471923675053866e-05
4858.0,1.3320957477431062e-05
4859.0,1.316829322587333e-05
4860.0,1.3013921495699247e-05
4861.0,1.285783277428363e-05
4862.0,1.2700017475933492e-05
4863.0,1.2540465956726472e-05
4864.0,1.2379168529292297e-05
4865.0,1.2216115477514042e-05
4866.0,1.2051297071121538e-05
4867.0,1.1884703580145122e-05
4868.0,1.1716325289195649e-05
4869.0,1.1546152511537784e-05
4870.0,1.1374175602928875e-05
4871.0,1.1200384975205451e-05
4872.0,1.1024771109613043e-05
4873.0,1.0847324569892262e-05
4874.0,1.0668036015154174e-05
4875.0,1.048689621259998e-05
4876.0,1.0303896050161857e-05
4877.0,1.0119026549161697e-05
4878.0,9.932278877101705e-06
4879.0,9.74364436071429e-06
4880.0,9.553114499408517e-06
4881.0,9.360680979255809e-06
4882.0,9.166335687658699e-06
4883.0,8.970070728842813e-06
4884.0,8.77187844030467e-06
4885.0,8.571751410336377e-06
4886.0,8.369682496734016e-06
4887.0,8.165664846780084e-06
4888.0,7.959691918573677e-06
4889.0,7.751757503766745e-06
4890.0,7.541855751751993e-06
4891.0,7.329981195337679e-06
4892.0,7.1161287779363e-06
4893.0,6.900293882287238e-06
4894.0,6.682472360726966e-06
4895.0,6.462660567014277e-06
4896.0,6.240855389711467e-06
4897.0,6.017054287114968e-06
4898.0,5.791255323720905e-06
4899.0,5.5634572082019445e-06
4900.0,5.333659332862045e-06
4901.0,5.1018618145240085e-06
4902.0,4.868065536791063e-06
4903.0,4.6322721936075606e-06
4904.0,4.3944843340261735e-06
4905.0,4.154705408070133e-06
4906.0,3.912939813559673e-06
4907.0,3.6691929437524785e-06
4908.0,3.423471235629195e-06
4909.0,3.1757822186385483e-06
4910.0,2.926134563703237e-06
4911.0,2.674538132278962e-06
4912.0,2.4210040252544774e-06
4913.0,2.1655446314797337e-06
4914.0,1.9081736757119796e-06
4915.0,1.6489062657747478e-06
4916.0,1.387758938731825e-06
4917.0,1.1247497058874735e-06
4918.0,8.598980964346227e-07
4919.0,5.932251995845994e-07
4920.0,3.247537050238795e-07
4921.0,5.4507941554243276e-08
4922.0,-2.1748608621835807e-07
4923.0,-4.912006632746132e-07
4924.0,-7.666063317770339e-07
4925.0,-1.0436718609926267e-06
4926.0,-1.3223642196663855e-06
4927.0,-1.602648550970631e-06
4928.0,-1.8844881501573464e-06
4929.0,-2.167844445042085e-06
4930.0,-2.4526769794469774e-06
4931.0,-2.738943399725342e-06
4932.0,-3.026599444480575e-06
4933.0,-3.3155989375771707e-06
4934.0,-3.6058937845232952e-06
4935.0,-3.8974339722835715e-06
4936.0,-4.1901675725599055e-06
4937.0,-4.484040748558516e-06
4938.0,-4.778997765243971e-06
4939.0,-5.074981003066377e-06
4940.0,-5.371930975135958e-06
4941.0,-5.669786347809852e-06
4942.0,-5.968483964649714e-06
4943.0,-6.267958873705616e-06
4944.0,-6.568144358082068e-06
4945.0,-6.868971969745035e-06
4946.0,-7.170371566533195e-06
4947.0,-7.472271352341054e-06
4948.0,-7.774597920444604e-06
4949.0,-8.077276299942016e-06
4950.0,-8.380230005282357e-06
4951.0,-8.683381088854727e-06
4952.0,-8.986650196608439e-06
4953.0,-9.289956626671582e-06
4954.0,-9.593218390930255e-06
4955.0,-9.896352279524018e-06
4956.0,-1.0199273928205716e-05
4957.0,-1.0501897888506495e-05
4958.0,-1.0804137700641268e-05
4959.0,-1.1105905969086133e-05
4960.0,-1.140711444075741e-05
4961.0,-1.1707674085720848e-05
4962.0,-1.2007495180357436e-05
4963.0,-1.2306487392907614e-05
4964.0,-1.2604559871306862e-05
4965.0,-1.2901621333212674e-05
4966.0,-1.3197580158105265e-05
4967.0,-1.3492344481323057e-05
4968.0,-1.3785822289870564e-05
4969.0,-1.407792151981161e-05
4970.0,-1.4368550155036372e-05
4971.0,-1.4657616327167337e-05
4972.0,-1.4945028416346943e-05
4973.0,-1.5230695152628154e-05
4974.0,-1.551452571766811e-05
4975.0,-1.579642984640513e-05
4976.0,-1.6076317928382632e-05
4977.0,-1.6354101108371163e-05
4978.0,-1.662969138593254e-05
4979.0,-1.6903001713567355e-05
4980.0,-1.7173946093089006e-05
4981.0,-1.7442439669874015e-05
4982.0,-1.770839882464912e-05
4983.0,-1.797174126248965e-05
4984.0,-1.8232386098720077e-05
4985.0,-1.8490253941424526e-05
4986.0,-1.8745266970291967e-05
4987.0,-1.8997349011537106e-05
4988.0,-1.9246425608652683e-05
4989.0,-1.9492424088761866e-05
4990.0,-1.9735273624349466e-05
4991.0,-1.997490529015819e-05
4992.0,-2.02112521150417e-05
4993.0,-2.0444249128570952e-05
4994.0,-2.06738334021953e-05
4995.0,-2.0899944084766493e-05
4996.0,-2.1122522432242177e-05
4997.0,-2.13415118313967e-05
4998.0,-2.1556857817380956e-05
4999.0,-2.1768508084991156e-05
5000.0,-2.1976412493529562e-05
5001.0,-2.2180523065169538e-05
5002.0,-2.2380793976772098e-05
5003.0,-2.257718154514047e-05
5004.0,-2.2769644205741623e-05
5005.0,-2.295814248496867e-05
5006.0,-2.3142638966065337e-05
5007.0,-2.3323098248882103e-05
5008.0,-2.3499486903683005e-05
5009.0,-2.367177341927e-05
5010.0,-2.38399281457377e-05
5011.0,-2.4003923232213617e-05
5012.0,-2.4163732559976447e-05
5013.0,-2.431933167137595e-05
5014.0,-2.4470697695000987e-05
5015.0,-2.4617809267556134e-05
5016.0,-2.4760646452912143e-05
5017.0,-2.489919065879316e-05
5018.0,-2.5033424551556463e-05
5019.0,-2.5163331969511968e-05
5020.0,-2.5288897835219673e-05
5021.0,-2.5410108067194705e-05
5022.0,-2.5526949491441884e-05
5023.0,-2.5639409753236403e-05
5024.0,-2.5747477229565577e-05
5025.0,-2.5851140942650048e-05
5026.0,-2.595039047497087e-05
5027.0,-2.604521588624071e-05
5028.0,-2.6135607632771244e-05
5029.0,-2.6221556489702994e-05
5030.0,-2.630305347657548e-05
5031.0,-2.6380089786722668e-05
5032.0,-2.645265672097936e-05
5033.0,-2.6520745626177005e-05
5034.0,-2.6584347838891566e-05
5035.0,-2.6643454634880214e-05
5036.0,-2.6698057184609682e-05
5037.0,-2.674814651523741e-05
5038.0,-2.679371347935989e-05
5039.0,-2.6834748730791384e-05
5040.0,-2.687124270758203e-05
5041.0,-2.690318562242893e-05
5042.0,-2.693056746057902e-05
5043.0,-2.6953377985269607e-05
5044.0,-2.69716067507012e-05
5045.0,-2.6985243122486512e-05
5046.0,-2.6994276305468657e-05
5047.0,-2.6998695378750416e-05
5048.0,-2.699848933772757e-05
5049.0,-2.6993647142876068e-05
5050.0,-2.698415777500905e-05
5051.0,-2.697001029669746e-05
5052.0,-2.6951193919534493e-05
5053.0,-2.692769807691482e-05
5054.0,-2.6899512501988494e-05
5055.0,-2.6866627310433467e-05
5056.0,-2.6829033087670848e-05
5057.0,-2.6786720980126465e-05
5058.0,-2.6739682790124132e-05
5059.0,-2.6687911073979897e-05
5060.0,-2.6631399242850297e-05
5061.0,-2.6570141665868508e-05
5062.0,-2.650413377508155e-05
5063.0,-2.6433372171681808e-05
5064.0,-2.635785473301095e-05
5065.0,-2.6277580719805216e-05
5066.0,-2.6192550883147614e-05
5067.0,-2.6102767570593835e-05
5068.0,-2.6008234830944298e-05
5069.0,-2.5908958517143014e-05
5070.0,-2.5804946386794475e-05
5071.0,-2.569620819980168e-05
5072.0,-2.558275581264193e-05
5073.0,-2.546460326881374e-05
5074.0,-2.5341766885008045e-05
5075.0,-2.5214265332580966e-05
5076.0,-2.5082119713931484e-05
5077.0,-2.4945353633413296e-05
5078.0,-2.4803993262432846e-05
5079.0,-2.4658067398404484e-05
5080.0,-2.450760751725055e-05
5081.0,-2.4352647819153088e-05
5082.0,-2.4193225267286707e-05
5083.0,-2.4029379619288786e-05
5084.0,-2.3861153451251022e-05
5085.0,-2.3688592174044204e-05
5086.0,-2.351174404181625e-05
5087.0,-2.333066015253401e-05
5088.0,-2.3145394440473295e-05
5089.0,-2.2956003660598238e-05
5090.0,-2.2762547364809223e-05
5091.0,-2.2565087870077037e-05
5092.0,-2.236369021851894e-05
5093.0,-2.215842212950905e-05
5094.0,-2.194935394395013e-05
5095.0,-2.1736558560865173e-05
5096.0,-2.1520111366495836e-05
5097.0,-2.130009015611993e-05
5098.0,-2.1076575048823388e-05
5099.0,-2.084964839548351e-05
5100.0,-2.0619394680239263e-05
5101.0,-2.0385900415739485e-05
5102.0,-2.0149254032470552e-05
5103.0,-1.9909545762472645e-05
5104.0,-1.9666867517761906e-05
5105.0,-1.9421312763786454e-05
5106.0,-1.9172976388258692e-05
5107.0,-1.8921954565723487e-05
5108.0,-1.8668344618239278e-05
5109.0,-1.8412244872566105e-05
5110.0,-1.8153754514270426e-05
5111.0,-1.7892973439171837e-05
5112.0,-1.763000210257153e-05
5113.0,-1.736494136671494e-05
5114.0,-1.7097892346950664e-05
5115.0,-1.6828956257052633e-05
5116.0,-1.6558234254172558e-05
5117.0,-1.628582728388543e-05
5118.0,-1.6011835925783857e-05
5119.0,-1.5736360240068427e-05
5120.0,-1.545949961557353e-05
5121.0,-1.5181352619661832e-05
5122.0,-1.4902016850418166e-05
5123.0,-1.462158879157528e-05
5124.0,-1.4340163670608228e-05
5125.0,-1.405783532043929e-05
5126.0,-1.3774696045198325e-05
5127.0,-1.3490836490483715e-05
5128.0,-1.3206345518566419e-05
5129.0,-1.2921310088974545e-05
5130.0,-1.2635815144887433e-05
5131.0,-1.234994350575556e-05
5132.0,-1.206377576654336e-05
5133.0,-1.1777390203966905e-05
5134.0,-1.1490862690066946e-05
5135.0,-1.120426661342133e-05
5136.0,-1.091767280825857e-05
5137.0,-1.0631149491685827e-05
5138.0,-1.034476220918956e-05
5139.0,-1.0058573788506613e-05
5140.0,-9.772644301901559e-06
5141.0,-9.48703103682595e-06
5142.0,-9.201788474882631e-06
5143.0,-8.916968278976343e-06
5144.0,-8.632619288502108e-06
5145.0,-8.348787522404317e-06
5146.0,-8.065516189930299e-06
5147.0,-7.782845708900172e-06
5148.0,-7.5008137313174216e-06
5149.0,-7.219455176149403e-06
5150.0,-6.938802269111279e-06
5151.0,-6.658884589290831e-06
5152.0,-6.379729122454039e-06
5153.0,-6.101360320871753e-06
5154.0,-5.8238001695038255e-06
5155.0,-5.5470682583673654e-06
5156.0,-5.271181860898073e-06
5157.0,-4.9961560180884896e-06
5158.0,-4.722003628155259e-06
5159.0,-4.448735541452052e-06
5160.0,-4.176360660307209e-06
5161.0,-3.9048860434276965e-06
5162.0,-3.6343170144752306e-06
5163.0,-3.3646572743911437e-06
5164.0,-3.095909017028061e-06
5165.0,-2.8280730476410737e-06
5166.0,-2.561148903797534e-06
5167.0,-2.2951349782808726e-06
5168.0,-2.0300286435862153e-06
5169.0,-1.7658263776312458e-06
5170.0,-1.5025238903315072e-06
5171.0,-1.2401162507121053e-06
5172.0,-9.785980142461597e-07
5173.0,-7.179633501225233e-07
5174.0,-4.5820616814981265e-07
5175.0,-1.9932024499961926e-07
5176.0,5.870065052118148e-08
5177.0,3.1586263350029926e-07
5178.0,5.721715806114748e-07
5179.0,8.276330098595742e-07
5180.0,1.082251962805313e-06
5181.0,1.3360328897280407e-06
5182.0,1.5889795382133884e-06
5183.0,1.8410948456746049e-06
5184.0,2.0923808363291197e-06
5185.0,2.3428385231541023e-06
5186.0,2.5924678153349067e-06
5187.0,2.841267431698362e-06
5188.0,3.0892348205897582e-06
5189.0,3.3363660866110377e-06
5190.0,3.582655924591713e-06
5191.0,3.828097561117057e-06
5192.0,4.072682703892282e-06
5193.0,4.316401499178368e-06
5194.0,4.559242497495208e-06
5195.0,4.801192627751653e-06
5196.0,5.042237179929714e-06
5197.0,5.282359796422185e-06
5198.0,5.521542472097644e-06
5199.0,5.7597655631414045e-06
5200.0,5.997007804693056e-06
5201.0,6.233246337268875e-06
5202.0,6.468456741919459e-06
5203.0,6.702613084028418e-06
5204.0,6.93568796560587e-06
5205.0,7.16765258587048e-06
5206.0,7.39847680984641e-06
5207.0,7.628129244628153e-06
5208.0,7.856577322889287e-06
5209.0,8.083787393134355e-06
5210.0,8.309724816119621e-06
5211.0,8.534354066801479e-06
5212.0,8.757638841113281e-06
5213.0,8.979542166824451e-06
5214.0,9.200026517701983e-06
5215.0,9.419053930175109e-06
5216.0,9.63658612169944e-06
5217.0,9.852584610026809e-06
5218.0,1.0067010832610093e-05
5219.0,1.027982626540784e-05
5220.0,1.0490992540399654e-05
5221.0,1.0700471561177231e-05
5222.0,1.090822561603329e-05
5223.0,1.1114217488025206e-05
5224.0,1.1318410561536354e-05
5225.0,1.15207689248929e-05
5226.0,1.1721257468616888e-05
5227.0,1.191984197891029e-05
5228.0,1.2116489225973132e-05
5229.0,1.2311167046766303e-05
5230.0,1.2503844421839625e-05
5231.0,1.269449154586234e-05
5232.0,1.2883079891518367e-05
5233.0,1.3069582266463978e-05
5234.0,1.325397286309024e-05
5235.0,1.3436227300885697e-05
5236.0,1.3616322661254114e-05
5237.0,1.3794237514706713e-05
5238.0,1.3969951940416982e-05
5239.0,1.4143447538197592e-05
5240.0,1.431470743303246e-05
5241.0,1.4483716272370954e-05
5242.0,1.4650460216463852e-05
5243.0,1.4814926922087695e-05
5244.0,1.4977105520061284e-05
5245.0,1.5136986586999934e-05
5246.0,1.5294562111777968e-05
5247.0,1.544982545717729e-05
5248.0,1.5602771317192202e-05
5249.0,1.5753395670441245e-05
5250.0,1.5901695730109577e-05
5251.0,1.604766989081486e-05
5252.0,1.6191317672759386e-05
5253.0,1.633263966350481e-05
5254.0,1.6471637457686482e-05
5255.0,1.6608313594972524e-05
5256.0,1.6742671496567948e-05
5257.0,1.687471540056334e-05
5258.0,1.700445029642868e-05
5259.0,1.7131881858955152e-05
5260.0,1.7257016381952548e-05
5261.0,1.7379860712018633e-05
5262.0,1.7500422182710424e-05
5263.0,1.761870854946262e-05
5264.0,1.7734727925610502e-05
5265.0,1.7848488719878524e-05
5266.0,1.795999957568876e-05
5267.0,1.806926931262547e-05
5268.0,1.817630687036528e-05
5269.0,1.8281121255349037e-05
5270.0,1.8383721490432218e-05
5271.0,1.848411656770733e-05
5272.0,1.8582315404647027e-05
5273.0,1.867832680367462e-05
5274.0,1.877215941523373e-05
5275.0,1.886382170440247e-05
5276.0,1.8953321921078675e-05
5277.0,1.9040668073747718e-05
5278.0,1.9125867906829474e-05
5279.0,1.9208928881584578e-05
5280.0,1.9289858160542222e-05
5281.0,1.936866259539416e-05
5282.0,1.944534871828464e-05
5283.0,1.951992273641493e-05
5284.0,1.9592390529874045e-05
5285.0,1.9662757652602416e-05
5286.0,1.9731029336389585e-05
5287.0,1.9797210497798225e-05
5288.0,1.9861305747893212e-05
5289.0,1.992331940463598e-05
5290.0,1.9983255507782143e-05
5291.0,2.0041117836094825e-05
5292.0,2.009690992666011e-05
5293.0,2.0150635096068673e-05
5294.0,2.020229646321272e-05
5295.0,2.0251896973442603e-05
5296.0,2.029943942383216e-05
5297.0,2.0344926489314183e-05
5298.0,2.0388360749464e-05
5299.0,2.0429744715726753e-05
5300.0,2.046908085889989e-05
5301.0,2.0506371636695054e-05
5302.0,2.0541619521212554e-05
5303.0,2.0574827026169963e-05
5304.0,2.0605996733735455e-05
5305.0,2.063513132082788e-05
5306.0,2.0662233584757913e-05
5307.0,2.0687306468096113e-05
5308.0,2.0710353082662178e-05
5309.0,2.0731376732534137e-05
5310.0,2.075038093597689e-05
5311.0,2.076736944618696e-05
5312.0,2.0782346270746094e-05
5313.0,2.0795315689672388e-05
5314.0,2.080628227195626e-05
5315.0,2.0815250890472117e-05
5316.0,2.082222673516681e-05
5317.0,2.0827215324442767e-05
5318.0,2.0830222514675558e-05
5319.0,2.083125450783013e-05
5320.0,2.083031785716406e-05
5321.0,2.0827419471029115e-05
5322.0,2.0822566614803428e-05
5323.0,2.0815766911006234e-05
5324.0,2.0807028337665635e-05
5325.0,2.0796359225027056e-05
5326.0,2.0783768250705467e-05
5327.0,2.076926443339644e-05
5328.0,2.0752857125268012e-05
5329.0,2.0734556003155383e-05
5330.0,2.071437105867298e-05
5331.0,2.0692312587343486e-05
5332.0,2.066839117682365e-05
5333.0,2.064261769428466e-05
5334.0,2.0615003272985542e-05
5335.0,2.0585559298063463e-05
5336.0,2.0554297391557506e-05
5337.0,2.0521229396682292e-05
5338.0,2.0486367361374434e-05
5339.0,2.04497235211463e-05
5340.0,2.0411310281295118e-05
5341.0,2.037114019852871e-05
5342.0,2.032922596208064e-05
5343.0,2.028558037439676e-05
5344.0,2.024021633148306e-05
5345.0,2.0193146803011724e-05
5346.0,2.014438481228819e-05
5347.0,2.009394341618545e-05
5348.0,2.004183568515153e-05
5349.0,1.9988074683390114e-05
5350.0,1.9932673449301467e-05
5351.0,1.9875644976251988e-05
5352.0,1.981700219371654e-05
5353.0,1.975675794881148e-05
5354.0,1.9694924988210645e-05
5355.0,1.9631515940414722e-05
5356.0,1.956654329832871e-05
5357.0,1.950001940209363e-05
5358.0,1.9431956422117676e-05
5359.0,1.936236634225747e-05
5360.0,1.9291260943111017e-05
5361.0,1.9218651785397862e-05
5362.0,1.9144550193417252e-05
5363.0,1.906896723859096e-05
5364.0,1.8991913723112792e-05
5365.0,1.8913400163742095e-05
5366.0,1.883343677579242e-05
5367.0,1.8752033457378154e-05
5368.0,1.8669199773989967e-05
5369.0,1.8584944943473475e-05
5370.0,1.8499277821483335e-05
5371.0,1.8412206887476937e-05
5372.0,1.832374023129843e-05
5373.0,1.8233885540386428e-05
5374.0,1.8142650087620864e-05
5375.0,1.805004071980852e-05
5376.0,1.7956063846795278e-05
5377.0,1.786072543118723e-05
5378.0,1.7764030978663097e-05
5379.0,1.7665985528866253e-05
5380.0,1.7566593646875826e-05
5381.0,1.746585941527075e-05
5382.0,1.7363786426816863e-05
5383.0,1.726037777782322e-05
5384.0,1.715563606222856e-05
5385.0,1.7049563366491463e-05
5386.0,1.6942161265367625e-05
5387.0,1.6833430818664495e-05
5388.0,1.6723372569065885e-05
5389.0,1.661198654111684e-05
5390.0,1.649927224145078e-05
5391.0,1.6385228660327438e-05
5392.0,1.626985427453151e-05
5393.0,1.6153147051660402e-05
5394.0,1.6035104455806114e-05
5395.0,1.5915723454613825e-05
5396.0,1.579500052767988e-05
5397.0,1.5672931676236595e-05
5398.0,1.5549512434061414e-05
5399.0,1.542473787954385e-05
5400.0,1.5298602648844542e-05
5401.0,1.517110095008526e-05
5402.0,1.504222657851533e-05
5403.0,1.4911972932606947e-05
5404.0,1.4780333031039095e-05
5405.0,1.4647299530536744e-05
5406.0,1.4512864744539138e-05
5407.0,1.4377020662677337e-05
5408.0,1.42397589710455e-05
5409.0,1.4101071073251457e-05
5410.0,1.3960948112228318e-05
5411.0,1.3819380992779166e-05
5412.0,1.3676360404811297e-05
5413.0,1.3531876847196065e-05
5414.0,1.3385920652167688e-05
5415.0,1.3238482010152389e-05
5416.0,1.3089550994901153e-05
5417.0,1.293911758878749e-05
5418.0,1.2787171708127485e-05
5419.0,1.2633703228383387e-05
5420.0,1.2478702009124002e-05
5421.0,1.2322157918633345e-05
5422.0,1.2164060858082395e-05
5423.0,1.2004400785204785e-05
5424.0,1.1843167737443897e-05
5425.0,1.1680351854564177e-05
5426.0,1.1515943400742021e-05
5427.0,1.1349932786170242e-05
5428.0,1.1182310588223892e-05
5429.0,1.1013067572244102e-05
5430.0,1.0842194711999888e-05
5431.0,1.0669683209886015e-05
5432.0,1.0495524516907848e-05
5433.0,1.031971035249291e-05
5434.0,1.0142232724155153e-05
5435.0,9.963083947024688e-06
5436.0,9.782256663244917e-06
5437.0,9.59974386123273e-06
5438.0,9.415538894796233e-06
5439.0,9.229635502108254e-06
5440.0,9.042027824542076e-06
5441.0,8.852710425387158e-06
5442.0,8.661678308475712e-06
5443.0,8.468926936763902e-06
5444.0,8.274452250922542e-06
5445.0,8.078250688000648e-06
5446.0,7.880319200230113e-06
5447.0,7.680655274041236e-06
5448.0,7.479256949356463e-06
5449.0,7.276122839224125e-06
5450.0,7.071252149845702e-06
5451.0,6.864644701039499e-06
5452.0,6.656300947170981e-06
5453.0,6.446221998565758e-06
5454.0,6.234409643405197e-06
5455.0,6.020866370087338e-06
5456.0,5.805595390018242e-06
5457.0,5.588600660782511e-06
5458.0,5.369886909628734e-06
5459.0,5.149459657197251e-06
5460.0,4.9273252414142675e-06
5461.0,4.70349084147742e-06
5462.0,4.4779645018612496e-06
5463.0,4.250755156275743e-06
5464.0,4.0218726515161535e-06
5465.0,3.791327771148139e-06
5466.0,3.5591322589788858e-06
5467.0,3.3252988422717375e-06
5468.0,3.0898412546669516e-06
5469.0,2.8527742587733407e-06
5470.0,2.614113668393685e-06
5471.0,2.3738763703417243e-06
5472.0,2.132080345801099e-06
5473.0,1.8887446911681325e-06
5474.0,1.6438896383110232e-06
5475.0,1.3975365741672954e-06
5476.0,1.1497080595889394e-06
5477.0,9.004278473313311e-07
5478.0,6.497208990687338e-07
5479.0,3.976134013077508e-07
5480.0,1.4413278006199257e-07
5481.0,-1.1069228585233402e-07
5482.0,-3.6683185303824423e-07
5483.0,-6.242547033886083e-07
5484.0,-8.829283357260246e-07
5485.0,-1.1428189593188505e-06
5486.0,-1.4038914893654678e-06
5487.0,-1.6661095445232122e-06
5488.0,-1.929435446541274e-06
5489.0,-2.1938302220384246e-06
5490.0,-2.4592536064477416e-06
5491.0,-2.7256640501338886e-06
5492.0,-2.993018726676223e-06
5493.0,-3.2612735433041406e-06
5494.0,-3.5303831534676218e-06
5495.0,-3.8003009715233902e-06
5496.0,-4.070979189513799e-06
5497.0,-4.342368796013233e-06
5498.0,-4.614419597017823e-06
5499.0,-4.887080238860607e-06
5500.0,-5.1602982331457526e-06
5501.0,-5.434019983709586e-06
5502.0,-5.708190815629241e-06
5503.0,-5.982755006308492e-06
5504.0,-6.257655818672976e-06
5505.0,-6.532835536502489e-06
5506.0,-6.808235501915228e-06
5507.0,-7.083796154997325e-06
5508.0,-7.359457075540709e-06
5509.0,-7.635157026816289e-06
5510.0,-7.91083400127206e-06
5511.0,-8.186425268011418e-06
5512.0,-8.461867421879482e-06
5513.0,-8.737096433966941e-06
5514.0,-9.01204770333417e-06
5515.0,-9.286656109763623e-06
5516.0,-9.56085606736388e-06
5517.0,-9.83458157886954e-06
5518.0,-1.0107766290503182e-05
5519.0,-1.0380343547286177e-05
5520.0,-1.0652246448704666e-05
5521.0,-1.092340790465717e-05
5522.0,-1.1193760691632366e-05
5523.0,-1.1463237509088928e-05
5524.0,-1.173177103603117e-05
5525.0,-1.1999293987789919e-05
5526.0,-1.2265739173023483e-05
5527.0,-1.2531039550947069e-05
5528.0,-1.2795128288781057e-05
5529.0,-1.3057938819380286e-05
5530.0,-1.331940489896964e-05
5531.0,-1.3579460664868366e-05
5532.0,-1.3838040693041956e-05
5533.0,-1.409508005528379e-05
5534.0,-1.4350514375805656e-05
5535.0,-1.4604279887009014e-05
5536.0,-1.4856313484214683e-05
5537.0,-1.5106552779141993e-05
5538.0,-1.5354936151944015e-05
5539.0,-1.560140280162e-05
5540.0,-1.5845892794638235e-05
5541.0,-1.6088347111611832e-05
5542.0,-1.632870769187759e-05
5543.0,-1.656691747583609e-05
5544.0,-1.6802920444920874e-05
5545.0,-1.7036661659077074e-05
5546.0,-1.7268087291644512e-05
5547.0,-1.7497144661553707e-05
5548.0,-1.7723782262751753e-05
5549.0,-1.794794979077609e-05
5550.0,-1.8169598166387802e-05
5551.0,-1.8388679556165948e-05
5552.0,-1.8605147389954248e-05
5553.0,-1.8818956375044285e-05
5554.0,-1.9030062506975208e-05
5555.0,-1.9238423076829234e-05
5556.0,-1.9443996674906472e-05
5557.0,-1.9646743190676743e-05
5558.0,-1.9846623808932924e-05
5559.0,-2.004360100210901e-05
5560.0,-2.023763851877053e-05
5561.0,-2.042870136832842e-05
5562.0,-2.06167558020642e-05
5563.0,-2.080176929058358e-05
5564.0,-2.0983710497838513e-05
5565.0,-2.1162549251876428e-05
5566.0,-2.133825651249128e-05
5567.0,-2.1510804335965056e-05
5568.0,-2.168016583710022e-05
5569.0,-2.184631514875365e-05
5570.0,-2.2009227379090476e-05
5571.0,-2.216887856678046e-05
5572.0,-2.2325245634359617e-05
5573.0,-2.2478306339973842e-05
5574.0,-2.2628039227711903e-05
5575.0,-2.277442357672563e-05
5576.0,-2.291743934932899e-05
5577.0,-2.3057067138266815e-05
5578.0,-2.3193288113346846e-05
5579.0,-2.3326083967634224e-05
5580.0,-2.3455436863416236e-05
5581.0,-2.3581329378158445e-05
5582.0,-2.370374445069249e-05
5583.0,-2.382266532789837e-05
5584.0,-2.3938075512165792e-05
5585.0,-2.404995870993499e-05
5586.0,-2.415829878162454e-05
5587.0,-2.4263079693252707e-05
5588.0,-2.436428547005247e-05
5589.0,-2.4461900152372252e-05
5590.0,-2.4555907754145717e-05
5591.0,-2.4646292224204616e-05
5592.0,-2.4733037410699327e-05
5593.0,-2.481612702888194e-05
5594.0,-2.4895544632496645e-05
5595.0,-2.4971273589010047e-05
5596.0,-2.5043297058899452e-05
5597.0,-2.5111597979196827e-05
5598.0,-2.5176159051460222e-05
5599.0,-2.523696273431595e-05
5600.0,-2.52939912406876e-05
5601.0,-2.5347226539801962e-05
5602.0,-2.5396650364033524e-05
5603.0,-2.5442244220618136e-05
5604.0,-2.548398940823623e-05
5605.0,-2.5521867038439904e-05
5606.0,-2.555585806187418e-05
5607.0,-2.5585943299216123e-05
5608.0,-2.5612103476723563e-05
5609.0,-2.563431926625139e-05
5610.0,-2.5652571329563037e-05
5611.0,-2.566684036674035e-05
5612.0,-2.567710716847499e-05
5613.0,-2.568335267200392e-05
5614.0,-2.5685558020429854e-05
5615.0,-2.568370462514502e-05
5616.0,-2.567777423105888e-05
5617.0,-2.566774898432414e-05
5618.0,-2.5653611502267215e-05
5619.0,-2.5635344945258207e-05
5620.0,-2.5612933090291524e-05
5621.0,-2.5586360406079077e-05
5622.0,-2.5555612129478384e-05
5623.0,-2.5520674343091976e-05
5624.0,-2.5481534053886623e-05
5625.0,-2.5438179272689368e-05
5626.0,-2.539059909441561e-05
5627.0,-2.533878377887045e-05
5628.0,-2.5282724831941768e-05
5629.0,-2.5222415086977363e-05
5630.0,-2.515784878611195e-05
5631.0,-2.508902166128205e-05
5632.0,-2.5015931014636208e-05
5633.0,-2.493857579801638e-05
5634.0,-2.48569566911577e-05
5635.0,-2.4771076178230757e-05
5636.0,-2.4680938622333118e-05
5637.0,-2.458655033752263e-05
5638.0,-2.4487919657971648e-05
5639.0,-2.4385057003810212e-05
5640.0,-2.427797494322207e-05
5641.0,-2.4166688250368303e-05
5642.0,-2.405121395874251e-05
5643.0,-2.393157140960465e-05
5644.0,-2.380778229518861e-05
5645.0,-2.3679870696423965e-05
5646.0,-2.354786311495494e-05
5647.0,-2.3411788499282682e-05
5648.0,-2.3271678264902293e-05
5649.0,-2.312756630835139e-05
5650.0,-2.297948901512597e-05
5651.0,-2.2827485261449452e-05
5652.0,-2.26715964099027e-05
5653.0,-2.2511866298941035e-05
5654.0,-2.2348341226341115e-05
5655.0,-2.2181069926635666e-05
5656.0,-2.2010103542604457e-05
5657.0,-2.183549559089628e-05
5658.0,-2.1657301921862517e-05
5659.0,-2.1475580673692493e-05
5660.0,-2.1290392220954765e-05
5661.0,-2.1101799117663528e-05
5662.0,-2.0909866035001693e-05
5663.0,-2.071465969384255e-05
5664.0,-2.0516248792224637e-05
5665.0,-2.0314703927955014e-05
5666.0,-2.011009751654413e-05
5667.0,-1.990250370470575e-05
5668.0,-1.969199827968107e-05
5669.0,-1.947865857466476e-05
5670.0,-1.9262563370624927e-05
5671.0,-1.9043792794822812e-05
5672.0,-1.8822428216352053e-05
5673.0,-1.8598552139028306e-05
5674.0,-1.8372248091964306e-05
5675.0,-1.8143600518162153e-05
5676.0,-1.79126946614468e-05
5677.0,-1.76796164520559e-05
5678.0,-1.744445239119262e-05
5679.0,-1.7207289434839512e-05
5680.0,-1.6968214877121404e-05
5681.0,-1.6727316233493674e-05
5682.0,-1.648468112402096e-05
5683.0,-1.6240397157001334e-05
5684.0,-1.599455181318339e-05
5685.0,-1.574723233081566e-05
5686.0,-1.5498525591756864e-05
5687.0,-1.5248518008863255e-05
5688.0,-1.499729541485985e-05
5689.0,-1.4744942952899933e-05
5690.0,-1.4491544969021837e-05
5691.0,-1.4237184906719145e-05
5692.0,-1.3981945203844905e-05
5693.0,-1.3725907192071986e-05
5694.0,-1.346915099913141e-05
5695.0,-1.32117554540509e-05
5696.0,-1.2953797995614804e-05
5697.0,-1.26953545842615e-05
5698.0,-1.2436499617622138e-05
5699.0,-1.2177305849887451e-05
5700.0,-1.1917844315170919e-05
5701.0,-1.1658184255021633e-05
5702.0,-1.139839305023e-05
5703.0,-1.1138536157062113e-05
5704.0,-1.0878677048051563e-05
5705.0,-1.061887715746974e-05
5706.0,-1.035919583158806e-05
5707.0,-1.0099690283838667e-05
5708.0,-9.84041555497268e-06
5709.0,-9.581424478304564e-06
5710.0,-9.32276765011687e-06
5711.0,-9.06449340528368e-06
5712.0,-8.806647798156046e-06
5713.0,-8.549274588740745e-06
5714.0,-8.292415234193744e-06
5715.0,-8.036108885639677e-06
5716.0,-7.780392390315834e-06
5717.0,-7.525300299023668e-06
5718.0,-7.270864878854164e-06
5719.0,-7.017116131137605e-06
5720.0,-6.764081814553774e-06
5721.0,-6.5117874733238595e-06
5722.0,-6.260256470390885e-06
5723.0,-6.009510025483921e-06
5724.0,-5.759567257956391e-06
5725.0,-5.510445234291543e-06
5726.0,-5.262159020175974e-06
5727.0,-5.01472173704884e-06
5728.0,-4.768144623035318e-06
5729.0,-4.522437098166064e-06
5730.0,-4.277606833770784e-06
5731.0,-4.0336598259147535e-06
5732.0,-3.7906004727224206e-06
5733.0,-3.5484316554028065e-06
5734.0,-3.307154822757971e-06
5735.0,-3.066770078920864e-06
5736.0,-2.8272762740358195e-06
5737.0,-2.588671097564911e-06
5738.0,-2.350951173876478e-06
5739.0,-2.1141121597461805e-06
5740.0,-1.8781488433759938e-06
5741.0,-1.6430552445139443e-06
5742.0,-1.4088247152404802e-06
5743.0,-1.1754500409785721e-06
5744.0,-9.429235412843486e-07
5745.0,-7.112371699832804e-07
5746.0,-4.80382614233662e-07
5747.0,-2.503513921246765e-07
5748.0,-2.1134948450163952e-08
5749.0,2.072752516600858e-07
5750.0,4.3488763152598754e-07
5751.0,6.617104143514821e-07
5752.0,8.87751537500367e-07
5753.0,1.1130185697728075e-06
5754.0,1.3375186318136927e-06
5755.0,1.5612583197627742e-06
5756.0,1.784243632245253e-06
5757.0,2.0064799008024474e-06
5758.0,2.227971723876163e-06
5759.0,2.4487229044846486e-06
5760.0,2.668736391757221e-06
5761.0,2.8880142265238033e-06
5762.0,3.1065574911810525e-06
5763.0,3.3243662640755624e-06
5764.0,3.5414395786547157e-06
5765.0,3.7577753876343214e-06
5766.0,3.973370532418546e-06
5767.0,4.188220717981695e-06
5768.0,4.402320493385569e-06
5769.0,4.615663238063277e-06
5770.0,4.828241153953445e-06
5771.0,5.040045263519886e-06
5772.0,5.25106541364181e-06
5773.0,5.461290285310256e-06
5774.0,5.670707409019702e-06
5775.0,5.879303185701383e-06
5776.0,6.08706291300817e-06
5777.0,6.293970816729933e-06
5778.0,6.500010087093629e-06
5779.0,6.70516291968413e-06
5780.0,6.909410560710275e-06
5781.0,7.112733356334162e-06
5782.0,7.31511080577775e-06
5783.0,7.516521617915818e-06
5784.0,7.716943771055942e-06
5785.0,7.916354575593542e-06
5786.0,8.114730739213679e-06
5787.0,8.312048434292658e-06
5788.0,8.508283367132771e-06
5789.0,8.703410848643456e-06
5790.0,8.897405866063427e-06
5791.0,9.090243155303178e-06
5792.0,9.281897273478285e-06
5793.0,9.47234267120329e-06
5794.0,9.661553764223216e-06
5795.0,9.849505003972515e-06
5796.0,1.0036170946667175e-05
5797.0,1.0221526320553769e-05
5798.0,1.0405546090960955e-05
5799.0,1.0588205522825727e-05
5800.0,1.0769480240399432e-05
5801.0,1.0949346283876092e-05
5802.0,1.1127780162725945e-05
5803.0,1.130475890555817e-05
5804.0,1.1480260106375734e-05
5805.0,1.1654261967120399e-05
5806.0,1.1826743336435199e-05
5807.0,1.1997683744594255e-05
5808.0,1.2167063434566331e-05
5809.0,1.2334863389190912e-05
5810.0,1.2501065354455967e-05
5811.0,1.266565185887703e-05
5812.0,1.2828606228989805e-05
5813.0,1.298991260098421e-05
5814.0,1.3149555928526938e-05
5815.0,1.3307521986840882e-05
5816.0,1.346379737313169e-05
5817.0,1.3618369503472476e-05
5818.0,1.3771226606276823e-05
5819.0,1.3922357712507832e-05
5820.0,1.407175264278833e-05
5821.0,1.421940199159606e-05
5822.0,1.4365297108748198e-05
5823.0,1.4509430078401018e-05
5824.0,1.4651793695809233e-05
5825.0,1.479238144210188e-05
5826.0,1.4931187457334879e-05
5827.0,1.5068206512075705e-05
5828.0,1.5203433977765874e-05
5829.0,1.5336865796094927e-05
5830.0,1.546849844760642e-05
5831.0,1.5598328919742177e-05
5832.0,1.5726354674516466e-05
5833.0,1.585257361599773e-05
5834.0,1.5976984057763353e-05
5835.0,1.6099584690482746e-05
5836.0,1.6220374549774307e-05
5837.0,1.6339352984471937e-05
5838.0,1.645651962542667e-05
5839.0,1.6571874354959516e-05
5840.0,1.6685417277073572e-05
5841.0,1.679714868852777e-05
5842.0,1.690706905087228e-05
5843.0,1.7015178963547665e-05
5844.0,1.7121479138154056e-05
5845.0,1.722597037399915e-05
5846.0,1.7328653535030195e-05
5847.0,1.742952952824349e-05
5848.0,1.7528599283647083e-05
5849.0,1.762586373583292e-05
5850.0,1.7721323807196966e-05
5851.0,1.7814980392831275e-05
5852.0,1.790683434710046e-05
5853.0,1.7996886471904754e-05
5854.0,1.8085137506622524e-05
5855.0,1.8171588119715206e-05
5856.0,1.825623890196852e-05
5857.0,1.8339090361336525e-05
5858.0,1.8420142919351026e-05
5859.0,1.8499396909057094e-05
5860.0,1.8576852574433e-05
5861.0,1.8652510071247836e-05
5862.0,1.872636946930395e-05
5863.0,1.8798430756007024e-05
5864.0,1.8868693841206552e-05
5865.0,1.8937158563251313e-05
5866.0,1.9003824696204116e-05
5867.0,1.906869195815359e-05
5868.0,1.9131760020549005e-05
5869.0,1.9193028518471368e-05
5870.0,1.9252497061745738e-05
5871.0,1.931016524679802e-05
5872.0,1.9366032669163548e-05
5873.0,1.942009893656032e-05
5874.0,1.9472363682443453e-05
5875.0,1.9522826579958173e-05
5876.0,1.9571487356207297e-05
5877.0,1.9618345806748404e-05
5878.0,1.966340181023728e-05
5879.0,1.970665534313867e-05
5880.0,1.974810649443115e-05
5881.0,1.9787755480238066e-05
5882.0,1.9825602658320635e-05
5883.0,1.9861648542372846e-05
5884.0,1.989589381606239e-05
5885.0,1.9928339346767527e-05
5886.0,1.9958986198965144e-05
5887.0,1.9987835647228007e-05
5888.0,2.001488918878797e-05
5889.0,2.0040148555617878e-05
5890.0,2.0063615725979772e-05
5891.0,2.0085292935384115e-05
5892.0,2.0105182686905274e-05
5893.0,2.012328776080279e-05
5894.0,2.0139611223403056e-05
5895.0,2.0154156435199935e-05
5896.0,2.0166927058134035e-05
5897.0,2.0177927062010126e-05
5898.0,2.0187160730013637e-05
5899.0,2.0194632663291354e-05
5900.0,2.0200347784568535e-05
5901.0,2.0204311340781635e-05
5902.0,2.0206528904710897e-05
5903.0,2.0207006375599997e-05
5904.0,2.0205749978752296e-05
5905.0,2.0202766264096053e-05
5906.0,2.0198062103714277e-05
5907.0,2.019164468833725e-05
5908.0,2.0183521522796746e-05
5909.0,2.0173700420440693e-05
5910.0,2.0162189496507052e-05
5911.0,2.014899716045763e-05
5912.0,2.013413210727763e-05
5913.0,2.011760330775492e-05
5914.0,2.0099419997762922e-05
5915.0,2.0079591666580705e-05
5916.0,2.0058128044292397e-05
5917.0,2.003503908831472e-05
5918.0,2.0010334969107227e-05
5919.0,1.998402605512456e-05
5920.0,1.995612289707267e-05
5921.0,1.9926636211530444e-05
5922.0,1.9895576863993658e-05
5923.0,1.9862955851390864e-05
5924.0,1.9828784284112972e-05
5925.0,1.979307336759155e-05
5926.0,1.975583438345726e-05
5927.0,1.9717078670309404e-05
5928.0,1.9676817604130482e-05
5929.0,1.9635062578384793e-05
5930.0,1.959182498384687e-05
5931.0,1.9547116188212576e-05
5932.0,1.9500947515552163e-05
5933.0,1.9453330225670842e-05
5934.0,1.9404275493447766e-05
5935.0,1.9353794388228693e-05
5936.0,1.930189785334959e-05
5937.0,1.9248596685867927e-05
5938.0,1.919390151657539e-05
5939.0,1.9137822790361644e-05
5940.0,1.9080370746994073e-05
5941.0,1.9021555402373282e-05
5942.0,1.8961386530317658e-05
5943.0,1.8899873644921777e-05
5944.0,1.8837025983523712e-05
5945.0,1.87728524903066e-05
5946.0,1.8707361800551943e-05
5947.0,1.8640562225557063e-05
5948.0,1.85724617382274e-05
5949.0,1.8503067959355146e-05
5950.0,1.843238814459906e-05
5951.0,1.8360429172184424e-05
5952.0,1.828719753134697e-05
5953.0,1.8212699311549922e-05
5954.0,1.813694019250819e-05
5955.0,1.805992543505824e-05
5956.0,1.798165987291401e-05
5957.0,1.790214790534825e-05
5958.0,1.7821393490834647e-05
5959.0,1.773940014167963e-05
5960.0,1.7656170919664904e-05
5961.0,1.7571708432713234e-05
5962.0,1.748601483258163e-05
5963.0,1.7399091813578015e-05
5964.0,1.731094061229083e-05
5965.0,1.7221562008315913e-05
5966.0,1.7130956325961567e-05
5967.0,1.7039123436911992e-05
5968.0,1.6946062763831045e-05
5969.0,1.685177328489348e-05
5970.0,1.6756253539238835e-05
5971.0,1.6659501633352953e-05
5972.0,1.6561515248393298e-05
5973.0,1.646229164848484e-05
5974.0,1.63618276900237e-05
5975.0,1.6260119832034273e-05
5976.0,1.6157164147631835e-05
5977.0,1.605295633664503e-05
5978.0,1.5947491739450593e-05
5979.0,1.5840765352065657e-05
5980.0,1.5732771842531415e-05
5981.0,1.562350556860629e-05
5982.0,1.5512960596767135e-05
5983.0,1.5401130722495017e-05
5984.0,1.5288009491798156e-05
5985.0,1.5173590223900868e-05
5986.0,1.5057866035004466e-05
5987.0,1.494082986300546e-05
5988.0,1.4822474493038981e-05
5989.0,1.47027925837022e-05
5990.0,1.458177669380353e-05
5991.0,1.4459419309478545e-05
5992.0,1.433571287151197e-05
5993.0,1.4210649802706115e-05
5994.0,1.4084222535139228e-05
5995.0,1.3956423537161426e-05
5996.0,1.3827245339980927e-05
5997.0,1.3696680563698106e-05
5998.0,1.3564721942649472e-05
5999.0,1.3431362349927836e-05
6000.0,1.3296594820948884e-05
6001.0,1.3160412575938922e-05
6002.0,1.3022809041223977e-05
6003.0,1.2883777869206875e-05
6004.0,1.2743312956927063e-05
6005.0,1.2601408463107987e-05
6006.0,1.2458058823609486e-05
6007.0,1.2313258765217625e-05
6008.0,1.2167003317721237e-05
6009.0,1.2019287824242958e-05
6010.0,1.1870107949812387e-05
6011.0,1.1719459688189548e-05
6012.0,1.1567339366967238e-05
6013.0,1.1413743650999995e-05
6014.0,1.1258669544224401e-05
6015.0,1.1102114389949493e-05
6016.0,1.0944075869707485e-05
6017.0,1.0784552000763126e-05
6018.0,1.0623541132385298e-05
6019.0,1.0461041940986888e-05
6020.0,1.0297053424238818e-05
6021.0,1.0131574894261826e-05
6022.0,9.964605969996095e-06
6023.0,9.796146568844945e-06
6024.0,9.626196897685984e-06
6025.0,9.454757443341671e-06
6026.0,9.281828962602236e-06
6027.0,9.107412471896847e-06
6028.0,8.93150923671453e-06
6029.0,8.754120760883165e-06
6030.0,8.57524877582298e-06
6031.0,8.39489522989867e-06
6032.0,8.21306227800186e-06
6033.0,8.029752271501982e-06
6034.0,7.844967748709115e-06
6035.0,7.658711425995992e-06
6036.0,7.47098618972783e-06
6037.0,7.281795089147453e-06
6038.0,7.091141330358922e-06
6039.0,6.899028271546628e-06
6040.0,6.705459419559227e-06
6041.0,6.510438427978567e-06
6042.0,6.313969096783326e-06
6043.0,6.116055373704103e-06
6044.0,5.916701357351886e-06
6045.0,5.7159113021851795e-06
6046.0,5.513689625363513e-06
6047.0,5.310040915517046e-06
6048.0,5.104969943444268e-06
6049.0,4.898481674733036e-06
6050.0,4.690581284285077e-06
6051.0,4.4812741727110135e-06
6052.0,4.270565984551803e-06
6053.0,4.058462628272456e-06
6054.0,3.844970297964669e-06
6055.0,3.6300954966857807e-06
6056.0,3.4138450613522456e-06
6057.0,3.1962261890961544e-06
6058.0,2.9772464649837035e-06
6059.0,2.7569138909831825e-06
6060.0,2.5352369160580967e-06
6061.0,2.3122244672481192e-06
6062.0,2.0878859815873206e-06
6063.0,1.8622314386951892e-06
6064.0,1.635271393861813e-06
6065.0,1.4070170114348415e-06
6066.0,1.1774800983031698e-06
6067.0,9.466731372616028e-07
6068.0,7.1460932003314e-07
6069.0,4.813025797218975e-07
6070.0,2.4676762247091515e-07
6071.0,1.1019958105250787e-08
6072.0,-2.2592407044855148e-07
6073.0,-4.640472591608987e-07
6074.0,-7.033315164921991e-07
6075.0,-9.437578387369948e-07
6076.0,-1.1853062872534974e-06
6077.0,-1.4279559676895506e-06
6078.0,-1.6716850112925927e-06
6079.0,-1.9164705583688527e-06
6080.0,-2.1622887439365202e-06
6081.0,-2.4091146855996012e-06
6082.0,-2.656922473654215e-06
6083.0,-2.905685163427398e-06
6084.0,-3.155374769839992e-06
6085.0,-3.4059622641789048e-06
6086.0,-3.657417573058546e-06
6087.0,-3.9097095795458815e-06
6088.0,-4.162806126417608e-06
6089.0,-4.416674021511012e-06
6090.0,-4.671279045121502e-06
6091.0,-4.926585959389092e-06
6092.0,-5.18255851960287e-06
6093.0,-5.439159487337182e-06
6094.0,-5.696350645316823e-06
6095.0,-5.954092813892258e-06
6096.0,-6.212345868991154e-06
6097.0,-6.471068761399994e-06
6098.0,-6.730219537220692e-06
6099.0,-6.9897553593424435e-06
6100.0,-7.2496325297694995e-06
6101.0,-7.5098065126514755e-06
6102.0,-7.770231957874261e-06
6103.0,-8.030862725086397e-06
6104.0,-8.291651908056726e-06
6105.0,-8.55255185928306e-06
6106.0,-8.813514214796625e-06
6107.0,-9.0744899191316e-06
6108.0,-9.335429250451901e-06
6109.0,-9.59628184584652e-06
6110.0,-9.856996726819166e-06
6111.0,-1.011752232500642e-05
6112.0,-1.037780650816076e-05
6113.0,-1.0637796606430886e-05
6114.0,-1.0897439438961625e-05
6115.0,-1.1156681340819521e-05
6116.0,-1.1415468190230065e-05
6117.0,-1.1673745436091158e-05
6118.0,-1.1931458125709526e-05
6119.0,-1.2188550932695787e-05
6120.0,-1.2444968184950889e-05
6121.0,-1.2700653892679526e-05
6122.0,-1.2955551776372435e-05
6123.0,-1.320960529470594e-05
6124.0,-1.3462757672314047e-05
6125.0,-1.3714951927396097e-05
6126.0,-1.3966130899134408e-05
6127.0,-1.4216237274912489e-05
6128.0,-1.4465213617345895e-05
6129.0,-1.4713002391161253e-05
6130.0,-1.4959545989980173e-05
6131.0,-1.5204786763078632e-05
6132.0,-1.5448667042196765e-05
6133.0,-1.5691129168468814e-05
6134.0,-1.5932115519530928e-05
6135.0,-1.6171568536849098e-05
6136.0,-1.6409430753293682e-05
6137.0,-1.6645644820973073e-05
6138.0,-1.688015353932538e-05
6139.0,-1.711289988345338e-05
6140.0,-1.7343827032672485e-05
6141.0,-1.7572878399227457e-05
6142.0,-1.779999765712405e-05
6143.0,-1.8025128771019036e-05
6144.0,-1.824821602511442e-05
6145.0,-1.8469204052006678e-05
6146.0,-1.8688037861446784e-05
6147.0,-1.8904662868972224e-05
6148.0,-1.911902492437835e-05
6149.0,-1.9331070340005215e-05
6150.0,-1.954074591882613e-05
6151.0,-1.974799898233518e-05
6152.0,-1.9952777398239442e-05
6153.0,-2.0155029607965933e-05
6154.0,-2.0354704653991544e-05
6155.0,-2.055175220699566e-05
6156.0,-2.074612259282092e-05
6157.0,-2.0937766819207808e-05
6158.0,-2.1126636602244986e-05
6159.0,-2.1312684392451015e-05
6160.0,-2.149586340037788e-05
6161.0,-2.1676127621605097e-05
6162.0,-2.1853431860976758e-05
6163.0,-2.2027731755922425e-05
6164.0,-2.2198983798696306e-05
6165.0,-2.2367145357368094e-05
6166.0,-2.253217469540413e-05
6167.0,-2.2694030989688744e-05
6168.0,-2.2852674346850164e-05
6169.0,-2.3008065817770485e-05
6170.0,-2.3160167410172945e-05
6171.0,-2.3308942099192347e-05
6172.0,-2.3454353835847794e-05
6173.0,-2.3596367553352475e-05
6174.0,-2.373494917121334e-05
6175.0,-2.3870065597092814e-05
6176.0,-2.4001684726423842e-05
6177.0,-2.4129775439788345e-05
6178.0,-2.4254307598089156e-05
6179.0,-2.4375252035567746e-05
6180.0,-2.449258055074546e-05
6181.0,-2.4606265895393612e-05
6182.0,-2.4716281761667358e-05
6183.0,-2.4822602767568098e-05
6184.0,-2.4925204440928836e-05
6185.0,-2.5024063202144378e-05
6186.0,-2.511915634589121e-05
6187.0,-2.5210462022098044e-05
6188.0,-2.5297959216436673e-05
6189.0,-2.53816277306051e-05
6190.0,-2.5461448162674034e-05
6191.0,-2.5537401887765816e-05
6192.0,-2.560947103933267e-05
6193.0,-2.567763849129858e-05
6194.0,-2.5741887841325344e-05
6195.0,-2.5802203395457796e-05
6196.0,-2.5858570154397015e-05
6197.0,-2.5910973801645235e-05
6198.0,-2.5959400693761872e-05
6199.0,-2.6003837852961227e-05
6200.0,-2.6044272962263026e-05
6201.0,-2.6080694363373295e-05
6202.0,-2.6113091057426914e-05
6203.0,-2.6141452708667963e-05
6204.0,-2.6165769651082437e-05
6205.0,-2.6186032897933943e-05
6206.0,-2.6202234154093234e-05
6207.0,-2.621436583100243e-05
6208.0,-2.6222421064076696e-05
6209.0,-2.6226393732315268e-05
6210.0,-2.6226278479864185e-05
6211.0,-2.6222070739243284e-05
6212.0,-2.6213766755923068e-05
6213.0,-2.620136361391917e-05
6214.0,-2.6184859262067937e-05
6215.0,-2.6164252540659434e-05
6216.0,-2.613954320813254e-05
6217.0,-2.611073196757638e-05
6218.0,-2.607782049282609e-05
6219.0,-2.604081145398528e-05
6220.0,-2.599970854225406e-05
6221.0,-2.5954516493992645e-05
6222.0,-2.5905241114003522e-05
6223.0,-2.5851889298061752e-05
6224.0,-2.5794469054754202e-05
6225.0,-2.5732989526703222e-05
6226.0,-2.566746101125066e-05
6227.0,-2.559789498066829e-05
6228.0,-2.5524304101942655e-05
6229.0,-2.5446702256157953e-05
6230.0,-2.536510455747488e-05
6231.0,-2.5279527371679333e-05
6232.0,-2.518998833425474e-05
6233.0,-2.5096506367912314e-05
6234.0,-2.4999101699490903e-05
6235.0,-2.4897795876111253e-05
6236.0,-2.4792611780439638e-05
6237.0,-2.468357364488832e-05
6238.0,-2.457070706456082e-05
6239.0,-2.4454039008740736e-05
6240.0,-2.4333597830721443e-05
6241.0,-2.420941327577507e-05
6242.0,-2.408151648705976e-05
6243.0,-2.39499400092664e-05
6244.0,-2.381471778981552e-05
6245.0,-2.3675885177435175e-05
6246.0,-2.3533478917980756e-05
6247.0,-2.3387537147392346e-05
6248.0,-2.323809938171891e-05
6249.0,-2.3085206504167878e-05
6250.0,-2.292890074916343e-05
6251.0,-2.276922568341879e-05
6252.0,-2.2606226184048067e-05
6253.0,-2.2439948413762286e-05
6254.0,-2.2270439793213283e-05
6255.0,-2.209774897056889e-05
6256.0,-2.1921925788424023e-05
6257.0,-2.1743021248172965e-05
6258.0,-2.1561087471985525e-05
6259.0,-2.1376177662541715e-05
6260.0,-2.1188346060687367e-05
6261.0,-2.0997647901180473e-05
6262.0,-2.0804139366707325e-05
6263.0,-2.0607877540358014e-05
6264.0,-2.040892035675687e-05
6265.0,-2.0207326552039724e-05
6266.0,-2.0003155612855394e-05
6267.0,-1.9796467724548045e-05
6268.0,-1.9587323718658227e-05
6269.0,-1.937578501986829e-05
6270.0,-1.916191359251153e-05
6271.0,-1.8945771886759763e-05
6272.0,-1.8727422784596675e-05
6273.0,-1.8506929545674427e-05
6274.0,-1.8284355753140474e-05
6275.0,-1.805976525951301e-05
6276.0,-1.783322213267838e-05
6277.0,-1.760479060208127e-05
6278.0,-1.737453500517807e-05
6279.0,-1.71425197342247e-05
6280.0,-1.6908809183471132e-05
6281.0,-1.6673467696836003e-05
6282.0,-1.6436559516134907e-05
6283.0,-1.6198148729935936e-05
6284.0,-1.5958299223116288e-05
6285.0,-1.5717074627196433e-05
6286.0,-1.547453827153185e-05
6287.0,-1.523075313544499e-05
6288.0,-1.4985781801377413e-05
6289.0,-1.4739686409132794e-05
6290.0,-1.4492528611268037e-05
6291.0,-1.4244369529677941e-05
6292.0,-1.3995269713413539e-05
6293.0,-1.3745289097775929e-05
6294.0,-1.3494486964731627e-05
6295.0,-1.3242921904697255e-05
6296.0,-1.29906517797392e-05
6297.0,-1.2737733688229386e-05
6298.0,-1.2484223930994938e-05
6299.0,-1.223017797899861e-05
6300.0,-1.1975650442586927e-05
6301.0,-1.1720695042341895e-05
6302.0,-1.1465364581567567e-05
6303.0,-1.12097109204361e-05
6304.0,-1.095378495181157e-05
6305.0,-1.0697636578764913e-05
6306.0,-1.0441314693790373e-05
6307.0,-1.0184867159731172e-05
6308.0,-9.928340792419269e-06
6309.0,-9.671781345030427e-06
6310.0,-9.41523349415103e-06
6311.0,-9.15874082754678e-06
6312.0,-8.902345833615663e-06
6313.0,-8.646089892499845e-06
6314.0,-8.390013268825394e-06
6315.0,-8.134155106036471e-06
6316.0,-7.878553422291492e-06
6317.0,-7.623245107891057e-06
6318.0,-7.368265924208319e-06
6319.0,-7.113650504090851e-06
6320.0,-6.859432353699978e-06
6321.0,-6.60564385575134e-06
6322.0,-6.352316274120801e-06
6323.0,-6.0994797597810226e-06
6324.0,-5.847163358033696e-06
6325.0,-5.5953950169991215e-06
6326.0,-5.34420159731962e-06
6327.0,-5.093608883030065e-06
6328.0,-4.8436415935505715e-06
6329.0,-4.5943233967636535e-06
6330.0,-4.345676923149365e-06
6331.0,-4.0977237809636804e-06
6332.0,-3.850484572455587e-06
6333.0,-3.6039789111266577e-06
6334.0,-3.358225440044373e-06
6335.0,-3.1132418512279387e-06
6336.0,-2.869044906132426e-06
6337.0,-2.6256504572630904e-06
6338.0,-2.383073470956394e-06
6339.0,-2.1413280513668724e-06
6340.0,-1.90042746569957e-06
6341.0,-1.6603841707250384e-06
6342.0,-1.4212098406064715e-06
6343.0,-1.1829153960566679e-06
6344.0,-9.455110348267318e-07
6345.0,-7.090062635110242e-07
6346.0,-4.7340993063398194e-07
6347.0,-2.387302609649086e-07
6348.0,-4.974890986628346e-09
6349.0,2.2784909457554212e-07
6350.0,4.597351252741137e-07
6351.0,6.906771066292292e-07
6352.0,9.206693811128249e-07
6353.0,1.1497066885531929e-06
6354.0,1.3777841260861703e-06
6355.0,1.6048971077808215e-06
6356.0,1.8310413240697543e-06
6357.0,2.0562127011158624e-06
6358.0,2.2804073602469802e-06
6359.0,2.5036215775890173e-06
6360.0,2.72585174402865e-06
6361.0,2.9470943256399645e-06
6362.0,3.1673458247151698e-06
6363.0,3.3866027415456777e-06
6364.0,3.6048615371051995e-06
6365.0,3.822118596791035e-06
6366.0,4.038370195383524e-06
6367.0,4.253612463386742e-06
6368.0,4.46784135491454e-06
6369.0,4.681052617283497e-06
6370.0,4.893241762467095e-06
6371.0,5.104404040553452e-06
6372.0,5.314534415333282e-06
6373.0,5.523627542126808e-06
6374.0,5.731677747938812e-06
6375.0,5.938679014010625e-06
6376.0,6.144624960817595e-06
6377.0,6.349508835541232e-06
6378.0,6.553323502027016e-06
6379.0,6.756061433221016e-06
6380.0,6.957714706060904e-06
6381.0,7.158274998779113e-06
6382.0,7.357733590559442e-06
6383.0,7.5560813634748515e-06
6384.0,7.753308806625296e-06
6385.0,7.949406022389971e-06
6386.0,8.144362734705872e-06
6387.0,8.338168299281879e-06
6388.0,8.530811715652274e-06
6389.0,8.72228164096493e-06
6390.0,8.912566405386776e-06
6391.0,9.101654028992749e-06
6392.0,9.28953223998385e-06
6393.0,9.476188494056122e-06
6394.0,9.661609994717572e-06
6395.0,9.8457837143281e-06
6396.0,1.0028696415622139e-05
6397.0,1.0210334673467329e-05
6398.0,1.0390684896615183e-05
6399.0,1.0569733349209072e-05
6400.0,1.0747466171829902e-05
6401.0,1.0923869401880229e-05
6402.0,1.1098928993133521e-05
6403.0,1.1272630834307771e-05
6404.0,1.14449607665594e-05
6405.0,1.1615904599832275e-05
6406.0,1.1785448128034375e-05
6407.0,1.1953577143048971e-05
6408.0,1.212027744761642e-05
6409.0,1.2285534867145537e-05
6410.0,1.2449335260529071e-05
6411.0,1.2611664530044573e-05
6412.0,1.2772508630420138e-05
6413.0,1.2931853577135066e-05
6414.0,1.3089685454012003e-05
6415.0,1.3245990420142815e-05
6416.0,1.3400754716177956e-05
6417.0,1.3553964670000103e-05
6418.0,1.370560670179838e-05
6419.0,1.3855667328560814e-05
6420.0,1.4004133168009086e-05
6421.0,1.4150990942009721e-05
6422.0,1.429622747950673e-05
6423.0,1.4439829719031337e-05
6424.0,1.4581784710853776e-05
6425.0,1.472207961885024e-05
6426.0,1.4860701722165098e-05
6427.0,1.4997638416755092e-05
6428.0,1.513287721691132e-05
6429.0,1.5266405756867883e-05
6430.0,1.5398211792624116e-05
6431.0,1.5528283204127495e-05
6432.0,1.5656607997981277e-05
6433.0,1.578317431084835e-05
6434.0,1.590797041371574e-05
6435.0,1.603098471716236e-05
6436.0,1.615220577773989e-05
6437.0,1.6271622305538952e-05
6438.0,1.6389223172977313e-05
6439.0,1.650499742481872e-05
6440.0,1.6618934289413303e-05
6441.0,1.673102319114254e-05
6442.0,1.6841253764048935e-05
6443.0,1.6949615866626546e-05
6444.0,1.7056099597737024e-05
6445.0,1.7160695313593436e-05
6446.0,1.726339364572047e-05
6447.0,1.7364185519758323e-05
6448.0,1.7463062174935907e-05
6449.0,1.7560015184005784e-05
6450.0,1.7655036473416897e-05
6451.0,1.774811834350453e-05
6452.0,1.7839253488497455e-05
6453.0,1.7928435016172144e-05
6454.0,1.8015656467014784e-05
6455.0,1.810091183277582e-05
6456.0,1.818419557431521e-05
6457.0,1.8265502638639893e-05
6458.0,1.834482847503239e-05
6459.0,1.8422169050168904e-05
6460.0,1.8497520862133693e-05
6461.0,1.8570880953257737e-05
6462.0,1.8642246921740967e-05
6463.0,1.8711616932051944e-05
6464.0,1.8778989724127383e-05
6465.0,1.884436462141053e-05
6466.0,1.8907741537769584e-05
6467.0,1.896912098332606e-05
6468.0,1.902850406920264e-05
6469.0,1.9085892511176602e-05
6470.0,1.9141288632205056e-05
6471.0,1.9194695363777822e-05
6472.0,1.9246116246054746e-05
6473.0,1.9295555426754835e-05
6474.0,1.9343017658780174e-05
6475.0,1.938850829657169e-05
6476.0,1.9432033291202243e-05
6477.0,1.947359918421179e-05
6478.0,1.951321310018145e-05
6479.0,1.9550882738032275e-05
6480.0,1.9586616361027408e-05
6481.0,1.9620422785457284e-05
6482.0,1.9652311367997657e-05
6483.0,1.96822919917461e-05
6484.0,1.9710375050959395e-05
6485.0,1.9736571434526978e-05
6486.0,1.9760892508220392e-05
6487.0,1.9783350095754392e-05
6488.0,1.980395645868403e-05
6489.0,1.9822724275148998e-05
6490.0,1.9839666617467492e-05
6491.0,1.9854796928581384e-05
6492.0,1.9868128997363816e-05
6493.0,1.987967693281853e-05
6494.0,1.9889455137224606e-05
6495.0,1.9897478278306807e-05
6496.0,1.990376126053608e-05
6497.0,1.9908319195683407e-05
6498.0,1.9911167372762e-05
6499.0,1.9912321227498887e-05
6500.0,1.9911796311480697e-05
6501.0,1.9909608261123736e-05
6502.0,1.99057727666279e-05
6503.0,1.9900305541086744e-05
6504.0,1.989322228993966e-05
6505.0,1.9884538680961184e-05
6506.0,1.9874270314983403e-05
6507.0,1.9862432697537923e-05
6508.0,1.984904121158485e-05
6509.0,1.9834111091471153e-05
6510.0,1.981765739823414e-05
6511.0,1.97996949963422e-05
6512.0,1.978023853194679e-05
6513.0,1.9759302412707457e-05
6514.0,1.9736900789244826e-05
6515.0,1.971304753827264e-05
6516.0,1.9687756247456133e-05
6517.0,1.966104020203774e-05
6518.0,1.963291237326057e-05
6519.0,1.9603385408605778e-05
6520.0,1.9572471623844428e-05
6521.0,1.954018299689019e-05
6522.0,1.9506531163427928e-05
6523.0,1.947152741428517e-05
6524.0,1.94351826945076e-05
6525.0,1.939750760409445e-05
6526.0,1.935851240034242e-05
6527.0,1.931820700173551e-05
6528.0,1.9276600993301698e-05
6529.0,1.9233703633335947e-05
6530.0,1.918952386136672e-05
6531.0,1.91440703072228e-05
6532.0,1.9097351301043177e-05
6533.0,1.9049374884065705e-05
6534.0,1.9000148820030952e-05
6535.0,1.894968060704392e-05
6536.0,1.8897977489747184e-05
6537.0,1.8845046471671468e-05
6538.0,1.8790894327642048e-05
6539.0,1.873552761613032e-05
6540.0,1.8678952691449658e-05
6541.0,1.8621175715704425e-05
6542.0,1.8562202670412228e-05
6543.0,1.85020393677328e-05
6544.0,1.844069146125166e-05
6545.0,1.8378164456282074e-05
6546.0,1.8314463719662768e-05
6547.0,1.824959448903931e-05
6548.0,1.8183561881622188e-05
6549.0,1.811637090241408e-05
6550.0,1.8048026451894054e-05
6551.0,1.797853333313982e-05
6552.0,1.7907896258363122e-05
6553.0,1.7836119854830003e-05
6554.0,1.7763208670138053e-05
6555.0,1.768916717682738e-05
6556.0,1.7613999776310516e-05
6557.0,1.7537710802116464e-05
6558.0,1.746030452245431e-05
6559.0,1.7381785142109827e-05
6560.0,1.7302156803694745e-05
6561.0,1.7221423588272534e-05
6562.0,1.7139589515387657e-05
6563.0,1.70566585425281e-05
6564.0,1.6972634564053795e-05
6565.0,1.688752140962683e-05
6566.0,1.6801322842182042e-05
6567.0,1.671404255547808e-05
6568.0,1.6625684171267706e-05
6569.0,1.653625123612134e-05
6570.0,1.6445747217930345e-05
6571.0,1.6354175502106605e-05
6572.0,1.6261539387485478e-05
6573.0,1.6167842081931274e-05
6574.0,1.607308669763979e-05
6575.0,1.597727624613183e-05
6576.0,1.588041363293556e-05
6577.0,1.5782501651963244e-05
6578.0,1.568354297959846e-05
6579.0,1.558354016852159e-05
6580.0,1.5482495641312896e-05
6581.0,1.5380411683883417e-05
6582.0,1.52772904387933e-05
6583.0,1.517313389852552e-05
6584.0,1.506794389879029e-05
6585.0,1.496172211194209e-05
6586.0,1.485447004059792e-05
6587.0,1.4746189011550756e-05
6588.0,1.4636880170075919e-05
6589.0,1.45265444747284e-05
6590.0,1.4415182692725594e-05
6591.0,1.4302795396002212e-05
6592.0,1.418938295801317e-05
6593.0,1.4074945551347204e-05
6594.0,1.3959483146199622e-05
6595.0,1.3842995509738785e-05
6596.0,1.3725482206388309e-05
6597.0,1.3606942599036805e-05
6598.0,1.3487375851179042e-05
6599.0,1.336678092998642e-05
6600.0,1.3245156610299488e-05
6601.0,1.3122501479530437e-05
6602.0,1.2998813943458606e-05
6603.0,1.2874092232896609e-05
6604.0,1.274833441119896e-05
6605.0,1.262153838257882e-05
6606.0,1.2493701901192073e-05
6607.0,1.2364822580941656e-05
6608.0,1.2234897905948887e-05
6609.0,1.2103925241632262e-05
6610.0,1.1971901846327317e-05
6611.0,1.1838824883373903e-05
6612.0,1.1704691433588883e-05
6613.0,1.1569498508034784e-05
6614.0,1.1433243060988232e-05
6615.0,1.1295922003008292e-05
6616.0,1.115753221400479e-05
6617.0,1.1018070556211271e-05
6618.0,1.0877533886976676e-05
6619.0,1.0735919071303173e-05
6620.0,1.0593222994074363e-05
6621.0,1.0449442571936838e-05
6622.0,1.0304574764817265e-05
6623.0,1.0158616587075615e-05
6624.0,1.0011565118311033e-05
6625.0,9.863417513849652e-06
6626.0,9.714171014952905e-06
6627.0,9.563822958790588e-06
6628.0,9.412370788225682e-06
6629.0,9.25981206145749e-06
6630.0,9.106144461566626e-06
6631.0,8.951365805999647e-06
6632.0,8.795474056023721e-06
6633.0,8.63846732617217e-06
6634.0,8.480343893691635e-06
6635.0,8.32110220799062e-06
6636.0,8.16074090007909e-06
6637.0,7.999258791980393e-06
6638.0,7.83665490609088e-06
6639.0,7.672928474459709e-06
6640.0,7.508078947961365e-06
6641.0,7.342106005335791e-06
6642.0,7.175009562075864e-06
6643.0,7.006789779147921e-06
6644.0,6.837447071538338e-06
6645.0,6.666982116625591e-06
6646.0,6.495395862382943e-06
6647.0,6.322689535420435e-06
6648.0,6.148864648876568e-06
6649.0,5.973923010170467e-06
6650.0,5.797866728624417e-06
6651.0,5.620698222965143e-06
6652.0,5.442420228710343e-06
6653.0,5.2630358054449824e-06
6654.0,5.0825483439900246e-06
6655.0,4.90096157346452e-06
6656.0,4.718279568240551e-06
6657.0,4.534506754789606e-06
6658.0,4.349647918418987e-06
6659.0,4.163708209897899e-06
6660.0,3.976693151975168e-06
6661.0,3.788608645793965e-06
6662.0,3.5994609772135398e-06
6663.0,3.409256823053874e-06
6664.0,3.218003257285799e-06
6665.0,3.025707757195911e-06
6666.0,2.832378209561445e-06
6667.0,2.6380229168741233e-06
6668.0,2.442650603653059e-06
6669.0,2.246270422884691e-06
6670.0,2.048891962622333e-06
6671.0,1.8505252527697565e-06
6672.0,1.6511807720630664e-06
6673.0,1.4508694552540207e-06
6674.0,1.2496027004864857e-06
6675.0,1.0473923768467922e-06
6676.0,8.442508320585817e-07
6677.0,6.401909002835678e-07
6678.0,4.3522590998204105e-07
6679.0,2.293696917814558e-07
6680.0,2.2636586297858236e-08
6681.0,-1.849585481463528e-07
6682.0,-3.934003279639391e-07
6683.0,-6.026728369563878e-07
6684.0,-8.127596192274896e-07
6685.0,-1.0236436723984416e-06
6686.0,-1.2353074411580801e-06
6687.0,-1.4477328111735895e-06
6688.0,-1.6609011033788972e-06
6689.0,-1.87479306865136e-06
6690.0,-2.0893888828827116e-06
6691.0,-2.304668142448078e-06
6692.0,-2.5206098600767554e-06
6693.0,-2.737192461129937e-06
6694.0,-2.9543937802929166e-06
6695.0,-3.1721910586919872e-06
6696.0,-3.390560941448513e-06
6697.0,-3.609479475684026e-06
6698.0,-3.8289221089902036e-06
6699.0,-4.048863688376064e-06
6700.0,-4.2692784597023485e-06
6701.0,-4.490140067610097e-06
6702.0,-4.711421555947938e-06
6703.0,-4.933095368700739e-06
6704.0,-5.155133351421197e-06
6705.0,-5.377506753165927e-06
6706.0,-5.600186228938065e-06
6707.0,-5.823141842639559e-06
6708.0,-6.0463430705379225e-06
6709.0,-6.269758805254847e-06
6710.0,-6.49335736028769e-06
6711.0,-6.717106475079485e-06
6712.0,-6.940973320658746e-06
6713.0,-7.164924505876732e-06
6714.0,-7.388926084276423e-06
6715.0,-7.612943561633196e-06
6716.0,-7.836941904211324e-06
6717.0,-8.060885547781332e-06
6718.0,-8.284738407440967e-06
6719.0,-8.508463888277094e-06
6720.0,-8.732024896898467e-06
6721.0,-8.955383853861169e-06
6722.0,-9.178502707000977e-06
6723.0,-9.40134294568095e-06
6724.0,-9.6238656159593e-06
6725.0,-9.846031336682596e-06
6726.0,-1.0067800316512115e-05
6727.0,-1.0289132371895686e-05
6728.0,-1.0509986946001113e-05
6729.0,-1.0730323128628417e-05
6730.0,-1.0950099677115603e-05
6731.0,-1.116927503824682e-05
6732.0,-1.1387807371164171e-05
6733.0,-1.160565457127658e-05
6734.0,-1.1822774295152083e-05
6735.0,-1.2039123986373195e-05
6736.0,-1.2254660902327108e-05
6737.0,-1.2469342141891474e-05
6738.0,-1.2683124673961456e-05
6739.0,-1.2895965366744718e-05
6740.0,-1.310782101773004e-05
6741.0,-1.3318648384214488e-05
6742.0,-1.352840421425579e-05
6743.0,-1.3737045277902405e-05
6744.0,-1.3944528398544274e-05
6745.0,-1.4150810484222138e-05
6746.0,-1.435584855873197e-05
6747.0,-1.4559599792363677e-05
6748.0,-1.476202153212006e-05
6749.0,-1.496307133127279e-05
6750.0,-1.5162706978125339e-05
6751.0,-1.5360886523866722e-05
6752.0,-1.5557568309412466e-05
6753.0,-1.5752710991140024e-05
6754.0,-1.594627356543429e-05
6755.0,-1.6138215391966494e-05
6756.0,-1.6328496215637377e-05
6757.0,-1.651707618712445e-05
6758.0,-1.670391588198405e-05
6759.0,-1.68889763182704e-05
6760.0,-1.707221897264539e-05
6761.0,-1.7253605794962468e-05
6762.0,-1.7433099221315524e-05
6763.0,-1.7610662185549228e-05
6764.0,-1.7786258129231113e-05
6765.0,-1.7959851010088925e-05
6766.0,-1.813140530891976e-05
6767.0,-1.83008860349815e-05
6768.0,-1.846825872988231e-05
6769.0,-1.863348946999039e-05
6770.0,-1.8796544867393325e-05
6771.0,-1.8957392069444227e-05
6772.0,-1.911599875694056e-05
6773.0,-1.9272333140991133e-05
6774.0,-1.9426363958636622e-05
6775.0,-1.9578060467297762e-05
6776.0,-1.9727392438132483e-05
6777.0,-1.9874330148387713e-05
6778.0,-2.0018844372834324e-05
6779.0,-2.016090637437526e-05
6780.0,-2.0300487893918536e-05
6781.0,-2.043756113960835e-05
6782.0,-2.057209877550882e-05
6783.0,-2.070407390983492e-05
6784.0,-2.083346008282357e-05
6785.0,-2.096023125433506e-05
6786.0,-2.1084361791270818e-05
6787.0,-2.120582645488901e-05
6788.0,-2.1324600388094277e-05
6789.0,-2.1440659102772802e-05
6790.0,-2.1553978467239007e-05
6791.0,-2.1664534693856538e-05
6792.0,-2.177230432689333e-05
6793.0,-2.187726423066916e-05
6794.0,-2.197939157805377e-05
6795.0,-2.2078663839375564e-05
6796.0,-2.217505877180498e-05
6797.0,-2.2268554409284185e-05
6798.0,-2.2359129053084558e-05
6799.0,-2.2446761263083615e-05
6800.0,-2.2531429849862307e-05
6801.0,-2.2613113867730415e-05
6802.0,-2.269179260879394e-05
6803.0,-2.276744559818327e-05
6804.0,-2.2840052590565076e-05
6805.0,-2.290959356806239e-05
6806.0,-2.297604873970553e-05
6807.0,-2.3039398542530288e-05
6808.0,-2.309962364442985e-05
6809.0,-2.3156704948852754e-05
6810.0,-2.3210623601421884e-05
6811.0,-2.3261360998529375e-05
6812.0,-2.3308898797940823e-05
6813.0,-2.3353218931420347e-05
6814.0,-2.3394303619367674e-05
6815.0,-2.3432135387439702e-05
6816.0,-2.3466697085112844e-05
6817.0,-2.3497971906128266e-05
6818.0,-2.3525943410750168e-05
6819.0,-2.355059554975843e-05
6820.0,-2.3571912690092155e-05
6821.0,-2.3589879642060286e-05
6822.0,-2.3604481688038238e-05
6823.0,-2.361570461257351e-05
6824.0,-2.3623534733826663e-05
6825.0,-2.362795893627649e-05
6826.0,-2.362896470461922e-05
6827.0,-2.3626540158791977e-05
6828.0,-2.3620674090048934e-05
6829.0,-2.3611355998013323e-05
6830.0,-2.3598576128618306e-05
6831.0,-2.3582325512833626e-05
6832.0,-2.3562596006054564e-05
6833.0,-2.3539380328006938e-05
6834.0,-2.3512672102999548e-05
6835.0,-2.34824659003359e-05
6836.0,-2.3448757274682113e-05
6837.0,-2.3411542806178244e-05
6838.0,-2.3370820140075364e-05
6839.0,-2.332658802567964e-05
6840.0,-2.3278846354385904e-05
6841.0,-2.322759619658675e-05
6842.0,-2.317283983724865e-05
6843.0,-2.311458080995573e-05
6844.0,-2.305282392923495e-05
6845.0,-2.2987575320993318e-05
6846.0,-2.291884245091666e-05
6847.0,-2.284663415069795e-05
6848.0,-2.277096064197985e-05
6849.0,-2.269183355791083e-05
6850.0,-2.2609265962227034e-05
6851.0,-2.2523272365783472e-05
6852.0,-2.2433868740466202e-05
6853.0,-2.2341072530421368e-05
6854.0,-2.224490266053683e-05
6855.0,-2.2145379542108827e-05
6856.0,-2.2042525075621366e-05
6857.0,-2.193636265056176e-05
6858.0,-2.182691714219357e-05
6859.0,-2.1714214905210038e-05
6860.0,-2.1598283764196974e-05
6861.0,-2.1479153000845157e-05
6862.0,-2.135685333786701e-05
6863.0,-2.1231416919590913e-05
6864.0,-2.1102877289226476e-05
6865.0,-2.097126936281557e-05
6866.0,-2.0836629399907133e-05
6867.0,-2.0698994971020373e-05
6868.0,-2.0558404921991047e-05
6869.0,-2.0414899335328923e-05
6870.0,-2.0268519488747947e-05
6871.0,-2.0119307811062204e-05
6872.0,-1.9967307835668103e-05
6873.0,-1.9812564151856645e-05
6874.0,-1.965512235421865e-05
6875.0,-1.9495028990420164e-05
6876.0,-1.9332331507633313e-05
6877.0,-1.9167078197909365e-05
6878.0,-1.8999318142775632e-05
6879.0,-1.8829101157327613e-05
6880.0,-1.8656477734074125e-05
6881.0,-1.848149898677783e-05
6882.0,-1.8304216594517725e-05
6883.0,-1.8124682746184686e-05
6884.0,-1.794295008560626e-05
6885.0,-1.7759071657482896e-05
6886.0,-1.7573100854304274e-05
6887.0,-1.7385091364400936e-05
6888.0,-1.7195097121273108e-05
6889.0,-1.700317225432528e-05
6890.0,-1.6809371041122893e-05
6891.0,-1.6613747861276997e-05
6892.0,-1.6416357152054784e-05
6893.0,-1.621725336580658e-05
6894.0,-1.601649092929268e-05
6895.0,-1.5814124204984342e-05
6896.0,-1.5610207454402115e-05
6897.0,-1.5404794803542416e-05
6898.0,-1.5197940210429422e-05
6899.0,-1.498969743481437e-05
6900.0,-1.478012001002689e-05
6901.0,-1.456926121696291e-05
6902.0,-1.435717406017116e-05
6903.0,-1.4143911245976867e-05
6904.0,-1.3929525162558944e-05
6905.0,-1.3714067861876686e-05
6906.0,-1.3497591043324503e-05
6907.0,-1.3280146038977947e-05
6908.0,-1.3061783800282432e-05
6909.0,-1.2842554886027873e-05
6910.0,-1.2622509451448311e-05
6911.0,-1.2401697238285264e-05
6912.0,-1.2180167565656553e-05
6913.0,-1.1957969321578415e-05
6914.0,-1.1735150954998076e-05
6915.0,-1.1511760468206102e-05
6916.0,-1.1287845409512133e-05
6917.0,-1.1063452866082246e-05
6918.0,-1.0838629456850252e-05
6919.0,-1.0613421325427241e-05
6920.0,-1.0387874132944162e-05
6921.0,-1.0162033050770654e-05
6922.0,-9.935942753059816e-06
6923.0,-9.709647409072737e-06
6924.0,-9.483190675237573e-06
6925.0,-9.256615686895432e-06
6926.0,-9.029965049679781e-06
6927.0,-8.803280830468675e-06
6928.0,-8.57660454784065e-06
6929.0,-8.349977161956518e-06
6930.0,-8.123439063781128e-06
6931.0,-7.897030063553088e-06
6932.0,-7.670789378408172e-06
6933.0,-7.444755619065248e-06
6934.0,-7.218966775492531e-06
6935.0,-6.993460201487126e-06
6936.0,-6.768272598120912e-06
6937.0,-6.543439996030484e-06
6938.0,-6.3189977365568185e-06
6939.0,-6.094980451770842e-06
6940.0,-5.8714220434531896e-06
6941.0,-5.648355661128306e-06
6942.0,-5.425813679282606e-06
6943.0,-5.203827673921451e-06
6944.0,-4.982428398640039e-06
6945.0,-4.761645760398338e-06
6946.0,-4.541508795200605e-06
6947.0,-4.322045643885707e-06
6948.0,-4.103283528235494e-06
6949.0,-3.885248727604908e-06
6950.0,-3.667966556270336e-06
6951.0,-3.4514613416827104e-06
6952.0,-3.235756403799942e-06
6953.0,-3.0208740356609636e-06
6954.0,-2.806835485351184e-06
6955.0,-2.593660939498368e-06
6956.0,-2.3813695084290524e-06
6957.0,-2.1699792131094395e-06
6958.0,-1.9595069739907772e-06
6959.0,-1.7499686018769121e-06
6960.0,-1.541378790930013e-06
6961.0,-1.333751113928791e-06
6962.0,-1.1270980198917956e-06
6963.0,-9.214308341759423e-07
6964.0,-7.1675976115727e-07
6965.0,-5.130938895952511e-07
6966.0,-3.104412007739543e-07
6967.0,-1.088085795024392e-07
6968.0,9.179817195624593e-08
6969.0,2.913743169727571e-07
6970.0,4.899161646176657e-07
6971.0,6.874210466869622e-07
6972.0,8.838872916891374e-07
6973.0,1.0793141958197245e-06
6974.0,1.2737019909736796e-06
6975.0,1.4670518098693708e-06
6976.0,1.6593656483797423e-06
6977.0,1.8506463251848827e-06
6978.0,2.0408974388756453e-06
6979.0,2.230123322649475e-06
6980.0,2.4183289967468916e-06
6981.0,2.6055201187803945e-06
6982.0,2.7917029321077857e-06
6983.0,2.9768842124009855e-06
6984.0,3.161071212560824e-06
6985.0,3.3442716061291437e-06
6986.0,3.5264934293522757e-06
6987.0,3.7077450220553122e-06
6988.0,3.888034967494734e-06
6989.0,4.067372031368321e-06
6990.0,4.245765100175592e-06
6991.0,4.423223119138656e-06
6992.0,4.599755029911258e-06
6993.0,4.775369708321997e-06
6994.0,4.95007590241536e-06
6995.0,5.123882171070621e-06
6996.0,5.2967968234936125e-06
6997.0,5.468827859888567e-06
6998.0,5.639982913624956e-06
6999.0,5.810269195216203e-06
7000.0,5.979693438422117e-06
7001.0,6.148261848775007e-06
7002.0,6.315980054810893e-06
7003.0,6.482853062262443e-06
7004.0,6.648885211440485e-06
7005.0,6.814080137998047e-06
7006.0,6.978440737237692e-06
7007.0,7.141969132091462e-06
7008.0,7.30466664487523e-06
7009.0,7.466533772896557e-06
7010.0,7.627570167977597e-06
7011.0,7.7877746199415e-06
7012.0,7.947145044101267e-06
7013.0,8.105678472782433e-06
7014.0,8.263371050903372e-06
7015.0,8.420218035626952e-06
7016.0,8.576213800082602e-06
7017.0,8.731351841137315e-06
7018.0,8.885624791168108e-06
7019.0,9.039024433757886e-06
7020.0,9.19154172320273e-06
7021.0,9.343166807682369e-06
7022.0,9.493889055908141e-06
7023.0,9.643697087025418e-06
7024.0,9.792578803511668e-06
7025.0,9.940521426779131e-06
7026.0,1.0087511535164064e-05
7027.0,1.0233535103964641e-05
7028.0,1.0378577547178232e-05
7029.0,1.0522623760587014e-05
7030.0,1.0665658165849761e-05
7031.0,1.080766475527695e-05
7032.0,1.0948627136994785e-05
7033.0,1.1088528580237866e-05
7034.0,1.1227352060546658e-05
7035.0,1.1365080304682324e-05
7036.0,1.1501695835106022e-05
7037.0,1.1637181013901344e-05
7038.0,1.177151808604499e-05
7039.0,1.1904689221950154e-05
7040.0,1.2036676559218239e-05
7041.0,1.216746224353686e-05
7042.0,1.2297028468656814e-05
7043.0,1.2425357515369576e-05
7044.0,1.2552431789393048e-05
7045.0,1.2678233858059158e-05
7046.0,1.2802746485684302e-05
7047.0,1.2925952667493736e-05
7048.0,1.3047835661965108e-05
7049.0,1.316837902145653e-05
7050.0,1.3287566620993083e-05
7051.0,1.3405382685102992e-05
7052.0,1.3521811812619915e-05
7053.0,1.3636838999397839e-05
7054.0,1.3750449658916893e-05
7055.0,1.3862629640789094e-05
7056.0,1.3973365247201048e-05
7057.0,1.4082643247355227e-05
7058.0,1.4190450889992685e-05
7059.0,1.4296775914097458e-05
7060.0,1.440160655789515e-05
7061.0,1.4504931566263044e-05
7062.0,1.4606740196665197e-05
7063.0,1.4707022223713441e-05
7064.0,1.4805767942437264e-05
7065.0,1.490296817032578e-05
7066.0,1.4998614248186702e-05
7067.0,1.509269803985222e-05
7068.0,1.518521193075159e-05
7069.0,1.5276148825365837e-05
7070.0,1.5365502143582513e-05
7071.0,1.5453265815977813e-05
7072.0,1.5539434278068776e-05
7073.0,1.5624002463597382e-05
7074.0,1.5706965796928416e-05
7075.0,1.578832018466104e-05
7076.0,1.5868062006568914e-05
7077.0,1.5946188105994536e-05
7078.0,1.6022695779831394e-05
7079.0,1.6097582768232873e-05
7080.0,1.617084724418959e-05
7081.0,1.624248780311471e-05
7082.0,1.6312503452567158e-05
7083.0,1.6380893602224994e-05
7084.0,1.6447658054197017e-05
7085.0,1.651279699373445e-05
7086.0,1.6576310980380023e-05
7087.0,1.6638200939570832e-05
7088.0,1.6698468154695018e-05
7089.0,1.67571142595902e-05
7090.0,1.6814141231463805e-05
7091.0,1.6869551384211995e-05
7092.0,1.692334736211342e-05
7093.0,1.6975532133875412e-05
7094.0,1.7026108987011e-05
7095.0,1.7075081522523875e-05
7096.0,1.7122453649873888e-05
7097.0,1.716822958218791e-05
7098.0,1.7212413831671534e-05
7099.0,1.7255011205168876e-05
7100.0,1.7296026799811555e-05
7101.0,1.7335465998694384e-05
7102.0,1.7373334466511986e-05
7103.0,1.7409638145084957e-05
7104.0,1.7444383248695262e-05
7105.0,1.7477576259138483e-05
7106.0,1.750922392038922e-05
7107.0,1.7539333232767825e-05
7108.0,1.7567911446494768e-05
7109.0,1.7594966054524307e-05
7110.0,1.7620504784561173e-05
7111.0,1.7644535590182213e-05
7112.0,1.7667066641007686e-05
7113.0,1.7688106311892623e-05
7114.0,1.770766317113499e-05
7115.0,1.7725745967722032e-05
7116.0,1.7742363617656358e-05
7117.0,1.775752518941723e-05
7118.0,1.7771239888620154e-05
7119.0,1.7783517041940687e-05
7120.0,1.7794366080369932e-05
7121.0,1.7803796521872245e-05
7122.0,1.781181795352091e-05
7123.0,1.7818440013194396e-05
7124.0,1.7823672370922304e-05
7125.0,1.782752470997478e-05
7126.0,1.783000670779158e-05
7127.0,1.7831128016847386e-05
7128.0,1.7830898245550074e-05
7129.0,1.7829326939269492e-05
7130.0,1.782642356159746e-05
7131.0,1.782219747594509e-05
7132.0,1.7816657927590755e-05
7133.0,1.7809814026299504e-05
7134.0,1.780167472964116e-05
7135.0,1.7792248827138264e-05
7136.0,1.7781544925374922e-05
7137.0,1.776957143419182e-05
7138.0,1.7756336554080433e-05
7139.0,1.7741848264870555e-05
7140.0,1.772611431578197e-05
7141.0,1.77091422168851e-05
7142.0,1.7690939231990297e-05
7143.0,1.7671512372962174e-05
7144.0,1.765086839543552e-05
7145.0,1.7629013795892526e-05
7146.0,1.760595481004682e-05
7147.0,1.7581697412466868e-05
7148.0,1.7556247317359713e-05
7149.0,1.7529609980426786e-05
7150.0,1.7501790601697798e-05
7151.0,1.7472794129247975e-05
7152.0,1.744262526370686e-05
7153.0,1.741128846347337e-05
7154.0,1.737878795055984e-05
7155.0,1.734512771699732e-05
7156.0,1.7310311531744014e-05
7157.0,1.7274342948046546e-05
7158.0,1.72372253112083e-05
7159.0,1.719896176671968e-05
7160.0,1.71595552687016e-05
7161.0,1.7119008588607906e-05
7162.0,1.707732432412573e-05
7163.0,1.7034504908207142e-05
7164.0,1.699055261816191e-05
7165.0,1.6945469584740187e-05
7166.0,1.6899257801134944e-05
7167.0,1.6851919131836384e-05
7168.0,1.6803455321273945e-05
7169.0,1.675386800218471e-05
7170.0,1.670315870365141e-05
7171.0,1.6651328858758307e-05
7172.0,1.6598379811820147e-05
7173.0,1.6544312825147845e-05
7174.0,1.648912908532431e-05
7175.0,1.6432829708974612e-05
7176.0,1.6375415748025184e-05
7177.0,1.6316888194456935e-05
7178.0,1.625724798456542e-05
7179.0,1.6196496002747113e-05
7180.0,1.6134633084833938e-05
7181.0,1.6071660020998202e-05
7182.0,1.6007577558248044e-05
7183.0,1.594238640253008e-05
7184.0,1.587608722045276e-05
7185.0,1.5808680640642374e-05
7186.0,1.5740167254743636e-05
7187.0,1.5670547618078756e-05
7188.0,1.5599822249982075e-05
7189.0,1.5527991633830783e-05
7190.0,1.5455056216796253e-05
7191.0,1.5381016409344614e-05
7192.0,1.5305872584519855e-05
7193.0,1.5229625077047481e-05
7194.0,1.5152274182301761e-05
7195.0,1.5073820155184662e-05
7196.0,1.499426320896999e-05
7197.0,1.4913603514171393e-05
7198.0,1.483184119749753e-05
7199.0,1.4748976340960656e-05
7200.0,1.4665008981206256e-05
7201.0,1.457993910913006e-05
7202.0,1.4493766669845859e-05
7203.0,1.440649156306222e-05
7204.0,1.431811364391932e-05
7205.0,1.4228632724329402e-05
7206.0,1.4138048574856864e-05
7207.0,1.4046360927167357e-05
7208.0,1.3953569477069525e-05
7209.0,1.3859673888168103e-05
7210.0,1.3764673796142235e-05
7211.0,1.3668568813658262e-05
7212.0,1.3571358535920778e-05
7213.0,1.3473042546859856e-05
7214.0,1.3373620425945567e-05
7215.0,1.3273091755613795e-05
7216.0,1.3171456129280215e-05
7217.0,1.306871315991259e-05
7218.0,1.2964862489124745e-05
7219.0,1.2859903796749414e-05
7220.0,1.2753836810841577e-05
7221.0,1.2646661318058917e-05
7222.0,1.2538377174361335e-05
7223.0,1.2428984315965783e-05
7224.0,1.2318482770485575e-05
7225.0,1.220687266817521e-05
7226.0,1.2094154253193418e-05
7227.0,1.1980327894789803e-05
7228.0,1.1865394098315092e-05
7229.0,1.1749353515952286e-05
7230.0,1.1632206957066366e-05
7231.0,1.151395539807411e-05
7232.0,1.1394599991742668e-05
7233.0,1.1274142075835635e-05
7234.0,1.1152583181037479e-05
7235.0,1.1029925038100686e-05
7236.0,1.0906169584173615e-05
7237.0,1.0781318968280117e-05
7238.0,1.0655375555933705e-05
7239.0,1.0528341932879637e-05
7240.0,1.0400220907968274e-05
7241.0,1.0271015515173156e-05
7242.0,1.0140729014777207e-05
7243.0,1.000936489376011e-05
7244.0,9.876926865428309e-06
7245.0,9.743418868335712e-06
7246.0,9.60884506454848e-06
7247.0,9.473209837310263e-06
7248.0,9.336517788165993e-06
7249.0,9.19877373360228e-06
7250.0,9.059982701261894e-06
7251.0,8.920149925788966e-06
7252.0,8.779280844361384e-06
7253.0,8.637381091967989e-06
7254.0,8.494456496490228e-06
7255.0,8.35051307365084e-06
7256.0,8.205557021894923e-06
7257.0,8.05959471727086e-06
7258.0,7.912632708378787e-06
7259.0,7.764677711452877e-06
7260.0,7.615736605640283e-06
7261.0,7.465816428534618e-06
7262.0,7.314924372015335e-06
7263.0,7.163067778436576e-06
7264.0,7.010254137200398e-06
7265.0,6.85649108173965e-06
7266.0,6.701786386925615e-06
7267.0,6.546147966904472e-06
7268.0,6.389583873355578e-06
7269.0,6.232102294153959e-06
7270.0,6.073711552410193e-06
7271.0,5.914420105853789e-06
7272.0,5.754236546522229e-06
7273.0,5.593169600717499e-06
7274.0,5.4312281291948875e-06
7275.0,5.268421127554572e-06
7276.0,5.10475772681361e-06
7277.0,4.94024719414339e-06
7278.0,4.774898933763983e-06
7279.0,4.608722487991194e-06
7280.0,4.4417275384336494e-06
7281.0,4.273923907336253e-06
7282.0,4.105321559062608e-06
7283.0,3.935930601704212e-06
7284.0,3.765761288798762e-06
7285.0,3.5948240211346347e-06
7286.0,3.423129348613781e-06
7287.0,3.2506879721411962e-06
7288.0,3.07751074550524e-06
7289.0,2.9036086772091202e-06
7290.0,2.7289929322098455e-06
7291.0,2.553674833517591e-06
7292.0,2.3776658636064888e-06
7293.0,2.2009776655888645e-06
7294.0,2.0236220441091973e-06
7295.0,1.845610965922238e-06
7296.0,1.66695656013121e-06
7297.0,1.4876711180753764e-06
7298.0,1.3077670928699605e-06
7299.0,1.1272570986141313e-06
7300.0,9.461539092932258e-07
7301.0,7.644704574095031e-07
7302.0,5.822198323807329e-07
7303.0,3.9941527874836683e-07
7304.0,2.16070194236963e-07
7305.0,3.2198127705848614e-08
7306.0,-1.5218722296705542e-07
7307.0,-3.370720130297204e-07
7308.0,-5.224422529893224e-07
7309.0,-7.082838106950693e-07
7310.0,-8.945824133314071e-07
7311.0,-1.0813236492825065e-06
7312.0,-1.2684929698284423e-06
7313.0,-1.456075690632494e-06
7314.0,-1.6440569929769355e-06
7315.0,-1.8324219247017777e-06
7316.0,-2.021155400795686e-06
7317.0,-2.2102422035809904e-06
7318.0,-2.3996669824255806e-06
7319.0,-2.5894142529051773e-06
7320.0,-2.779468395331993e-06
7321.0,-2.969813652561787e-06
7322.0,-3.1604341269911443e-06
7323.0,-3.3513137766608276e-06
7324.0,-3.54243641038825e-06
7325.0,-3.7337856818623937e-06
7326.0,-3.925345082647606e-06
7327.0,-4.117097934059023e-06
7328.0,-4.309027377892265e-06
7329.0,-4.501116366013515e-06
7330.0,-4.69334764884226e-06
7331.0,-4.885703762786379e-06
7332.0,-5.078167016715991e-06
7333.0,-5.270719477586484e-06
7334.0,-5.46334295534123e-06
7335.0,-5.656018987239331e-06
7336.0,-5.84872882176329e-06
7337.0,-6.0414534022654074e-06
7338.0,-6.234173350510786e-06
7339.0,-6.426868950269873e-06
7340.0,-6.619520131105703e-06
7341.0,-6.8121064524915015e-06
7342.0,-7.004607088384096e-06
7343.0,-7.19700081236901e-06
7344.0,-7.389265983484957e-06
7345.0,-7.581380532829142e-06
7346.0,-7.773321951040534e-06
7347.0,-7.965067276755545e-06
7348.0,-8.15659308612852e-06
7349.0,-8.347875483506952e-06
7350.0,-8.538890093347577e-06
7351.0,-8.729612053454587e-06
7352.0,-8.92001600961521e-06
7353.0,-9.11007611170122e-06
7354.0,-9.299766011296782e-06
7355.0,-9.489058860903244e-06
7356.0,-9.677927314759406e-06
7357.0,-9.866343531301276e-06
7358.0,-1.0054279177269075e-05
7359.0,-1.024170543345215e-05
7360.0,-1.0428593002045149e-05
7361.0,-1.061491211557052e-05
7362.0,-1.0800632547302116e-05
7363.0,-1.0985723623102258e-05
7364.0,-1.117015423456212e-05
7365.0,-1.1353892853315534e-05
7366.0,-1.153690754638217e-05
7367.0,-1.1719165992389953e-05
7368.0,-1.1900635498528375e-05
7369.0,-1.2081283018092747e-05
7370.0,-1.2261075168491911e-05
7371.0,-1.2439978249607448e-05
7372.0,-1.2617958262410716e-05
7373.0,-1.279498092776513e-05
7374.0,-1.2971011705364525e-05
7375.0,-1.3146015812782921e-05
7376.0,-1.3319958244634685e-05
7377.0,-1.349280379186523e-05
7378.0,-1.3664517061209075e-05
7379.0,-1.383506249486352e-05
7380.0,-1.400440439043245e-05
7381.0,-1.417250692119682e-05
7382.0,-1.4339334156766977e-05
7383.0,-1.450485008416744e-05
7384.0,-1.4669018629396468e-05
7385.0,-1.4831803679489994e-05
7386.0,-1.4993169105101999e-05
7387.0,-1.5153078783591822e-05
7388.0,-1.5311496622585045e-05
7389.0,-1.5468386583951362e-05
7390.0,-1.562371270812286e-05
7391.0,-1.577743913866133e-05
7392.0,-1.5929530146973856e-05
7393.0,-1.6079950157071566e-05
7394.0,-1.6228663770266343e-05
7395.0,-1.6375635789704265e-05
7396.0,-1.6520831244642476e-05
7397.0,-1.6664215414387833e-05
7398.0,-1.680575385183017e-05
7399.0,-1.6945412406518886e-05
7400.0,-1.7083157247247262e-05
7401.0,-1.721895488412224e-05
7402.0,-1.7352772190106765e-05
7403.0,-1.7484576422027572e-05
7404.0,-1.761433524104377e-05
7405.0,-1.7742016732571933e-05
7406.0,-1.7867589425661854e-05
7407.0,-1.7991022311813832e-05
7408.0,-1.811228486322313e-05
7409.0,-1.823134705043019e-05
7410.0,-1.8348179359346038e-05
7411.0,-1.8462752807612204e-05
7412.0,-1.857503896024511e-05
7413.0,-1.868500994450777e-05
7414.0,-1.8792638463948478e-05
7415.0,-1.8897897811545607e-05
7416.0,-1.9000761881900072e-05
7417.0,-1.9101205182421298e-05
7418.0,-1.9199202843460247e-05
7419.0,-1.9294730627353935e-05
7420.0,-1.938776493636042e-05
7421.0,-1.9478282819480934e-05
7422.0,-1.9566261978185238e-05
7423.0,-1.9651680771075904e-05
7424.0,-1.9734518217544856e-05
7425.0,-1.9814754000490442e-05
7426.0,-1.9892368468175265e-05
7427.0,-1.9967342635314774e-05
7428.0,-2.0039658183493976e-05
7429.0,-2.0109297461014862e-05
7430.0,-2.0176243482279434e-05
7431.0,-2.0240479926812073e-05
7432.0,-2.0301991138018678e-05
7433.0,-2.0360762121769036e-05
7434.0,-2.0416778544873327e-05
7435.0,-2.0470026733506758e-05
7436.0,-2.052049367161912e-05
7437.0,-2.0568166999350333e-05
7438.0,-2.0613035011459458e-05
7439.0,-2.0655086655764837e-05
7440.0,-2.069431153158736e-05
7441.0,-2.0730699888187634e-05
7442.0,-2.0764242623189256e-05
7443.0,-2.079493128098432e-05
7444.0,-2.0822758051123204e-05
7445.0,-2.084771576669983e-05
7446.0,-2.0869797902755755e-05
7447.0,-2.0888998574741254e-05
7448.0,-2.0905312537087292e-05
7449.0,-2.0918735181956876e-05
7450.0,-2.092926253825602e-05
7451.0,-2.0936891270992018e-05
7452.0,-2.094161868106986e-05
7453.0,-2.094344270561587e-05
7454.0,-2.094236191891155e-05
7455.0,-2.093837553400898e-05
7456.0,-2.0931483405081e-05
7457.0,-2.09216860305363e-05
7458.0,-2.090898455690366e-05
7459.0,-2.0893380783465206e-05
7460.0,-2.0874877167597892e-05
7461.0,-2.0853476830767062e-05
7462.0,-2.0829183565104462e-05
7463.0,-2.0802001840495528e-05
7464.0,-2.0771936812095923e-05
7465.0,-2.0738994328194665e-05
7466.0,-2.0703180938339864e-05
7467.0,-2.0664503901642503e-05
7468.0,-2.062297119517355e-05
7469.0,-2.0578591522371502e-05
7470.0,-2.0531374321381424e-05
7471.0,-2.0481329773253392e-05
7472.0,-2.0428468809935928e-05
7473.0,-2.0372803122007036e-05
7474.0,-2.0314345166089967e-05
7475.0,-2.025310817190329e-05
7476.0,-2.0189106148895262e-05
7477.0,-2.012235389241227e-05
7478.0,-2.0052866989349864e-05
7479.0,-1.9980661823231803e-05
7480.0,-1.9905755578656316e-05
7481.0,-1.982816624503916e-05
7482.0,-1.9747912619572062e-05
7483.0,-1.9665014309304442e-05
7484.0,-1.9579491732248626e-05
7485.0,-1.9491366117403867e-05
7486.0,-1.94006595035929e-05
7487.0,-1.9307394737005957e-05
7488.0,-1.921159546735197e-05
7489.0,-1.911328614252511e-05
7490.0,-1.901249200170583e-05
7491.0,-1.8909239066828723e-05
7492.0,-1.8803554132363723e-05
7493.0,-1.869546475337231e-05
7494.0,-1.85849992318169e-05
7495.0,-1.8472186601119893e-05
7496.0,-1.8357056608988182e-05
7497.0,-1.8239639698539433e-05
7498.0,-1.811996698778633e-05
7499.0,-1.7998070247555066e-05
7500.0,-1.787398187793338e-05
7501.0,-1.7747734883361342e-05
7502.0,-1.761936284649283e-05
7503.0,-1.7488899900965614e-05
7504.0,-1.735638070322217e-05
7505.0,-1.7221840403521727e-05
7506.0,-1.7085314616278074e-05
7507.0,-1.6946839389847373e-05
7508.0,-1.6806451175877184e-05
7509.0,-1.6664186798311657e-05
7510.0,-1.652008342213025e-05
7511.0,-1.63741785218801e-05
7512.0,-1.622650985004702e-05
7513.0,-1.6077115405298828e-05
7514.0,-1.592603340062653e-05
7515.0,-1.577330223140364e-05
7516.0,-1.5618960443380668e-05
7517.0,-1.546304670063068e-05
7518.0,-1.530559975346355e-05
7519.0,-1.5146658406331458e-05
7520.0,-1.4986261485756725e-05
7521.0,-1.4824447808324428e-05
7522.0,-1.4661256148795853e-05
7523.0,-1.4496725208413986e-05
7524.0,-1.4330893583487895e-05
7525.0,-1.4163799734358609e-05
7526.0,-1.399548195486315e-05
7527.0,-1.3825978342424593e-05
7528.0,-1.365532676890333e-05
7529.0,-1.3483564852348117e-05
7530.0,-1.3310729929784609e-05
7531.0,-1.3136859031174013e-05
7532.0,-1.2961988854665152e-05
7533.0,-1.2786155743249824e-05
7534.0,-1.2609395662915284e-05
7535.0,-1.2431744182370756e-05
7536.0,-1.2253236454408563e-05
7537.0,-1.2073907198945685e-05
7538.0,-1.1893790687777645e-05
7539.0,-1.1712920731063e-05
7540.0,-1.15313306655429e-05
7541.0,-1.1349053344486842e-05
7542.0,-1.1166121129344154e-05
7543.0,-1.098256588307101e-05
7544.0,-1.079841896509555e-05
7545.0,-1.0613711227878112e-05
7546.0,-1.0428473015019507e-05
7547.0,-1.0242734160867444e-05
7548.0,-1.0056523991569242e-05
7549.0,-9.869871327517572e-06
7550.0,-9.682804487133977e-06
7551.0,-9.495351291931936e-06
7552.0,-9.307539072796334e-06
7553.0,-9.119394677409727e-06
7554.0,-8.930944478747177e-06
7555.0,-8.742214384551956e-06
7556.0,-8.55322984769363e-06
7557.0,-8.364015877300251e-06
7558.0,-8.174597050547989e-06
7559.0,-7.984997524986342e-06
7560.0,-7.795241051275327e-06
7561.0,-7.605350986212844e-06
7562.0,-7.415350305934806e-06
7563.0,-7.225261619176873e-06
7564.0,-7.03510718049458e-06
7565.0,-6.844908903348485e-06
7566.0,-6.6546883729725825e-06
7567.0,-6.4644668589569375e-06
7568.0,-6.27426532748809e-06
7569.0,-6.084104453202176e-06
7570.0,-5.8940046306153575e-06
7571.0,-5.703985985103821e-06
7572.0,-5.5140683834117415e-06
7573.0,-5.3242714436697895e-06
7574.0,-5.1346145449092375e-06
7575.0,-4.945116836057635e-06
7576.0,-4.755797244401604e-06
7577.0,-4.566674483500447e-06
7578.0,-4.377767060531582e-06
7579.0,-4.189093283044788e-06
7580.0,-4.000671265097673e-06
7581.0,-3.812518932739155e-06
7582.0,-3.624654028802302e-06
7583.0,-3.437094116962917e-06
7584.0,-3.2498565850171426e-06
7585.0,-3.062958647329598e-06
7586.0,-2.8764173464037545e-06
7587.0,-2.690249553527907e-06
7588.0,-2.504471968453401e-06
7589.0,-2.3191011180673624e-06
7590.0,-2.1341533540297925e-06
7591.0,-1.9496448493548063e-06
7592.0,-1.7655915939274909e-06
7593.0,-1.5820093889615857e-06
7594.0,-1.398913840419021e-06
7595.0,-1.2163203514300906e-06
7596.0,-1.0342441137725335e-06
7597.0,-8.52700098487556e-07
7598.0,-6.717030457300643e-07
7599.0,-4.912674539675194e-07
7600.0,-3.1140756865639847e-07
7601.0,-1.3213737053661888e-07
7602.0,4.6529436307641466e-08
7603.0,2.2457943646704537e-07
7604.0,4.0199951514949175e-07
7605.0,5.787768698878101e-07
7606.0,7.54899021853771e-07
7607.0,9.303538266185912e-07
7608.0,1.1051294841991879e-06
7609.0,1.279214548228927e-06
7610.0,1.452597934092029e-06
7611.0,1.6252689258626516e-06
7612.0,1.7972171818924626e-06
7613.0,1.968432738894708e-06
7614.0,2.1389060143785322e-06
7615.0,2.308627807294786e-06
7616.0,2.4775892967642015e-06
7617.0,2.645782038771023e-06
7618.0,2.8131979607201887e-06
7619.0,2.979829353774482e-06
7620.0,3.1456688629099753e-06
7621.0,3.3107094746535636e-06
7622.0,3.474944502495201e-06
7623.0,3.638367569998891e-06
7624.0,3.8009725916693507e-06
7625.0,3.9627537516650225e-06
7626.0,4.123705480481654e-06
7627.0,4.283822429763819e-06
7628.0,4.443099445433627e-06
7629.0,4.6015315393552355e-06
7630.0,4.759113859779919e-06
7631.0,4.915841660838504e-06
7632.0,5.071710271365493e-06
7633.0,5.226715063351893e-06
7634.0,5.380851420330981e-06
7635.0,5.534114706002657e-06
7636.0,5.6865002333972915e-06
7637.0,5.838003234869185e-06
7638.0,5.988618833193883e-06
7639.0,6.138342014023388e-06
7640.0,6.287167599930417e-06
7641.0,6.435090226248336e-06
7642.0,6.5821043188876895e-06
7643.0,6.728204074284176e-06
7644.0,6.873383441606881e-06
7645.0,7.0176361073300914e-06
7646.0,7.160955482247772e-06
7647.0,7.303334690987417e-06
7648.0,7.444766564060199e-06
7649.0,7.5852436324675305e-06
7650.0,7.724758124870245e-06
7651.0,7.863301967315572e-06
7652.0,8.000866785508418e-06
7653.0,8.137443909606463e-06
7654.0,8.273024381512334e-06
7655.0,8.407598964629887e-06
7656.0,8.541158156044806e-06
7657.0,8.673692201081328e-06
7658.0,8.80519111017632e-06
7659.0,8.935644677998239e-06
7660.0,9.065042504721975e-06
7661.0,9.193374019351833e-06
7662.0,9.320628504964743e-06
7663.0,9.446795125725204e-06
7664.0,9.571862955502753e-06
7665.0,9.695821007902203e-06
7666.0,9.818658267497131e-06
7667.0,9.94036372203959e-06
7668.0,1.0060926395404998e-05
7669.0,1.0180335381022822e-05
7670.0,1.0298579875541653e-05
7671.0,1.0415649212482555e-05
7672.0,1.0531532895646294e-05
7673.0,1.0646220632057582e-05
7674.0,1.075970236425036e-05
7675.0,1.0871968301719696e-05
7676.0,1.098300895138639e-05
7677.0,1.1092815146938611e-05
7678.0,1.1201378076930448e-05
7679.0,1.130868931152922e-05
7680.0,1.1414740827811268e-05
7681.0,1.1519525033509556e-05
7682.0,1.1623034789116392e-05
7683.0,1.1725263428241659e-05
7684.0,1.182620477612175e-05
7685.0,1.1925853166168191e-05
7686.0,1.2024203454438552e-05
7687.0,1.2121251031906765e-05
7688.0,1.2216991834406031e-05
7689.0,1.231142235011675e-05
7690.0,1.2404539624475865e-05
7691.0,1.249634126239439e-05
7692.0,1.2586825427687599e-05
7693.0,1.2675990839646897e-05
7694.0,1.2763836766712038e-05
7695.0,1.2850363017235605e-05
7696.0,1.2935569927365815e-05
7697.0,1.3019458346107406e-05
7698.0,1.3102029617651558e-05
7699.0,1.318328556109422e-05
7700.0,1.326322844768603e-05
7701.0,1.3341860975776015e-05
7702.0,1.3419186243625936e-05
7703.0,1.3495207720283557e-05
7704.0,1.3569929214712796e-05
7705.0,1.3643354843387116e-05
7706.0,1.3715488996559687e-05
7707.0,1.3786336303430098e-05
7708.0,1.3855901596432902e-05
7709.0,1.392418987487854e-05
7710.0,1.3991206268182117e-05
7711.0,1.4056955998920283e-05
7712.0,1.4121444345960977e-05
7713.0,1.4184676607915246e-05
7714.0,1.4246658067164402e-05
7715.0,1.430739395471873e-05
7716.0,1.436688941616467e-05
7717.0,1.4425149478954672e-05
7718.0,1.4482179021286442e-05
7719.0,1.4537982742804987e-05
7720.0,1.4592565137341773e-05
7721.0,1.4645930467881005e-05
7722.0,1.4698082743915146e-05
7723.0,1.4749025701322117e-05
7724.0,1.4798762784866952e-05
7725.0,1.484729713340247e-05
7726.0,1.4894631567817967e-05
7727.0,1.4940768581762674e-05
7728.0,1.4985710335151595e-05
7729.0,1.5029458650445353e-05
7730.0,1.5072015011681775e-05
7731.0,1.5113380566225068e-05
7732.0,1.5153556129187029e-05
7733.0,1.5192542190463909e-05
7734.0,1.523033892432098e-05
7735.0,1.526694620144479e-05
7736.0,1.5302363603369984e-05
7737.0,1.5336590439173563e-05
7738.0,1.5369625764315095e-05
7739.0,1.5401468401485944e-05
7740.0,1.5432116963315268e-05
7741.0,1.5461569876764806e-05
7742.0,1.5489825409029653e-05
7743.0,1.5516881694748995e-05
7744.0,1.554273676431973e-05
7745.0,1.556738857309771e-05
7746.0,1.559083503126671e-05
7747.0,1.5613074034154296e-05
7748.0,1.563410349277737e-05
7749.0,1.5653921364407953e-05
7750.0,1.5672525682961586e-05
7751.0,1.568991458902506e-05
7752.0,1.5706086359356063e-05
7753.0,1.5721039435702866e-05
7754.0,1.5734772452807067e-05
7755.0,1.5747284265464625e-05
7756.0,1.575857397453035e-05
7757.0,1.5768640951757336e-05
7758.0,1.5777484863366127e-05
7759.0,1.578510569223872e-05
7760.0,1.5791503758630976e-05
7761.0,1.579667973929401e-05
7762.0,1.580063468489207e-05
7763.0,1.5803370035602167e-05
7764.0,1.580488763478023e-05
7765.0,1.580518974058078e-05
7766.0,1.580427903542237e-05
7767.0,1.5802158633199806e-05
7768.0,1.5798832084157158e-05
7769.0,1.579430337735265e-05
7770.0,1.5788576940667453e-05
7771.0,1.5781657638334262e-05
7772.0,1.5773550765987074e-05
7773.0,1.576426204325975e-05
7774.0,1.57537976039867e-05
7775.0,1.5742163984082565e-05
7776.0,1.5729368107198997e-05
7777.0,1.5715417268273788e-05
7778.0,1.5700319115101774e-05
7779.0,1.56840816280672e-05
7780.0,1.5666713098184613e-05
7781.0,1.5648222103600048e-05
7782.0,1.5628617484706786e-05
7783.0,1.560790831803069e-05
7784.0,1.558610388903956e-05
7785.0,1.5563213664030004e-05
7786.0,1.5539247261244535e-05
7787.0,1.5514214421371176e-05
7788.0,1.5488124977578425e-05
7789.0,1.546098882523959e-05
7790.0,1.543281589150239e-05
7791.0,1.5403616104862292e-05
7792.0,1.5373399364900836e-05
7793.0,1.5342175512352647e-05
7794.0,1.53099542996664e-05
7795.0,1.5276745362225124e-05
7796.0,1.524255819038908e-05
7797.0,1.5207402102520153e-05
7798.0,1.5171286219139566e-05
7799.0,1.5134219438361145e-05
7800.0,1.5096210412729928e-05
7801.0,1.5057267527581197e-05
7802.0,1.5017398881018348e-05
7803.0,1.497661226559022e-05
7804.0,1.4934915151730573e-05
7805.0,1.4892314673004278e-05
7806.0,1.4848817613187578e-05
7807.0,1.4804430395193087e-05
7808.0,1.4759159071835232e-05
7809.0,1.4713009318418253e-05
7810.0,1.4665986427117405e-05
7811.0,1.4618095303114214e-05
7812.0,1.4569340462438582e-05
7813.0,1.4519726031464352e-05
7814.0,1.4469255747999748e-05
7815.0,1.441793296391013e-05
7816.0,1.436576064920715e-05
7817.0,1.4312741397535254e-05
7818.0,1.4258877432983509e-05
7819.0,1.4204170618147345e-05
7820.0,1.4148622463361302e-05
7821.0,1.409223413702041e-05
7822.0,1.4035006476904555e-05
7823.0,1.3976940002417513e-05
7824.0,1.3918034927650044e-05
7825.0,1.3858291175175066e-05
7826.0,1.3797708390482638e-05
7827.0,1.373628595696339e-05
7828.0,1.367402301135159e-05
7829.0,1.3610918459542978e-05
7830.0,1.3546970992707885e-05
7831.0,1.3482179103627127e-05
7832.0,1.3416541103186004e-05
7833.0,1.3350055136970464e-05
7834.0,1.328271920191844e-05
7835.0,1.3214531162988636e-05
7836.0,1.314548876981739e-05
7837.0,1.3075589673341998e-05
7838.0,1.3004831442374557e-05
7839.0,1.2933211580114084e-05
7840.0,1.2860727540586035e-05
7841.0,1.278737674499766e-05
7842.0,1.2713156597995076e-05
7843.0,1.2638064503804126e-05
7844.0,1.2562097882231984e-05
7845.0,1.2485254184500901e-05
7846.0,1.2407530908879718e-05
7847.0,1.232892561607331e-05
7848.0,1.224943594432543e-05
7849.0,1.2169059624186466e-05
7850.0,1.2087794492894947e-05
7851.0,1.2005638508320651e-05
7852.0,1.1922589762417571e-05
7853.0,1.1838646494136648e-05
7854.0,1.1753807101750851e-05
7855.0,1.1668070154548197e-05
7856.0,1.1581434403851757e-05
7857.0,1.149389879332898e-05
7858.0,1.1405462468555832e-05
7859.0,1.131612478580386e-05
7860.0,1.1225885320020753e-05
7861.0,1.1134743871977574e-05
7862.0,1.1042700474558876e-05
7863.0,1.0949755398175538e-05
7864.0,1.085590915528405e-05
7865.0,1.0761162504000244e-05
7866.0,1.066551645079971e-05
7867.0,1.056897225230127e-05
7868.0,1.0471531416134515e-05
7869.0,1.0373195700896901e-05
7870.0,1.0273967115210469e-05
7871.0,1.0173847915892607e-05
7872.0,1.0072840605260033e-05
7873.0,9.970947927589933e-06
7874.0,9.868172864767386e-06
7875.0,9.764518631153331e-06
7876.0,9.659988667711959e-06
7877.0,9.554586635440387e-06
7878.0,9.448316408146364e-06
7879.0,9.341182064621635e-06
7880.0,9.233187880259701e-06
7881.0,9.12433831816708e-06
7882.0,9.014638019817155e-06
7883.0,8.904091795295677e-06
7884.0,8.792704613187204e-06
7885.0,8.680481590152812e-06
7886.0,8.567427980250904e-06
7887.0,8.453549164054812e-06
7888.0,8.338850637622686e-06
7889.0,8.223338001376783e-06
7890.0,8.107016948951012e-06
7891.0,7.989893256067025e-06
7892.0,7.871972769500868e-06
7893.0,7.753261396204102e-06
7894.0,7.633765092645905e-06
7895.0,7.513489854445158e-06
7896.0,7.392441706364076e-06
7897.0,7.270626692736232e-06
7898.0,7.148050868401603e-06
7899.0,7.024720290218801e-06
7900.0,6.900641009219346e-06
7901.0,6.7758190634609865e-06
7902.0,6.650260471626287e-06
7903.0,6.523971227400136e-06
7904.0,6.396957294645866e-06
7905.0,6.269224603385443e-06
7906.0,6.140779046575589e-06
7907.0,6.0116264776595e-06
7908.0,5.88177270886348e-06
7909.0,5.751223510199992e-06
7910.0,5.619984609133559e-06
7911.0,5.4880616908635575e-06
7912.0,5.355460399178329e-06
7913.0,5.222186337837367e-06
7914.0,5.088245072442531e-06
7915.0,4.953642132764965e-06
7916.0,4.818383015500836e-06
7917.0,4.682473187436278e-06
7918.0,4.545918089008283e-06
7919.0,4.408723138253516e-06
7920.0,4.270893735140136e-06
7921.0,4.13243526627887e-06
7922.0,3.9933531100086864e-06
7923.0,3.8536526418499905e-06
7924.0,3.7133392403142252e-06
7925.0,3.572418293053856e-06
7926.0,3.4308952033310833e-06
7927.0,3.2887753967778116e-06
7928.0,3.1460643284140725e-06
7929.0,3.0027674898878027e-06
7930.0,2.858890416896049e-06
7931.0,2.7144386967467286e-06
7932.0,2.569417976021277e-06
7933.0,2.4238339683022416e-06
7934.0,2.277692461935557e-06
7935.0,2.1309993278045773e-06
7936.0,1.9837605271008647e-06
7937.0,1.8359821190854664e-06
7938.0,1.6876702688430605e-06
7939.0,1.538831255039315e-06
7940.0,1.3894714776979202e-06
7941.0,1.23959746601722e-06
7942.0,1.0892158862470108e-06
7943.0,9.383335496441826e-07
7944.0,7.869574205213144e-07
7945.0,6.35094624395766e-07
7946.0,4.827524562387144e-07
7947.0,3.299383888148431e-07
7948.0,1.7666008109494125e-07
7949.0,2.2925386715860365e-08
7950.0,-1.3125763754421303e-07
7951.0,-2.8588072331225927e-07
7952.0,-4.4093538222932073e-07
7953.0,-5.964128976644834e-07
7954.0,-7.523043165773592e-07
7955.0,-9.086004415721245e-07
7956.0,-1.0652918231844925e-06
7957.0,-1.222368752440123e-06
7958.0,-1.3798212537187877e-06
7959.0,-1.5376390779530591e-06
7960.0,-1.6958116961834767e-06
7961.0,-1.8543282934846538e-06
7962.0,-2.013177763268958e-06
7963.0,-2.1723487019667296e-06
7964.0,-2.331829404074826e-06
7965.0,-2.4916078575589604e-06
7966.0,-2.651671739590231e-06
7967.0,-2.812008412592885e-06
7968.0,-2.9726049205793512e-06
7969.0,-3.1334479857499675e-06
7970.0,-3.294524005338504e-06
7971.0,-3.4558190486897327e-06
7972.0,-3.617318854560829e-06
7973.0,-3.7790088286438187e-06
7974.0,-3.940874041311164e-06
7975.0,-4.102899225590696e-06
7976.0,-4.265068775379428e-06
7977.0,-4.427366743907937e-06
7978.0,-4.589776842468121e-06
7979.0,-4.752282439417289e-06
7980.0,-4.914866559471235e-06
7981.0,-5.077511883298873e-06
7982.0,-5.240200747431501e-06
7983.0,-5.4029151445009694e-06
7984.0,-5.565636723823054e-06
7985.0,-5.728346792344767e-06
7986.0,-5.891026315977017e-06
7987.0,-6.053655921336526e-06
7988.0,-6.216215897922957e-06
7989.0,-6.378686200758707e-06
7990.0,-6.54104645351964e-06
7991.0,-6.703275952184573e-06
7992.0,-6.865353669229586e-06
7993.0,-7.027258258389707e-06
7994.0,-7.188968060005776e-06
7995.0,-7.350461106968613e-06
7996.0,-7.5117151312664295e-06
7997.0,-7.67270757113527e-06
7998.0,-7.83341557880699e-06
7999.0,-7.9938160288456e-06
8000.0,-8.153885527061e-06
8001.0,-8.313600419989028e-06
8002.0,-8.472936804927808e-06
8003.0,-8.63187054052166e-06
8004.0,-8.79037725788502e-06
8005.0,-8.948432372259044e-06
8006.0,-9.106011095192936e-06
8007.0,-9.26308844724083e-06
8008.0,-9.419639271164017e-06
8009.0,-9.575638245628104e-06
8010.0,-9.73105989938515e-06
8011.0,-9.885878625931584e-06
8012.0,-1.0040068698632116e-05
8013.0,-1.0193604286297246e-05
8014.0,-1.0346459469196597e-05
8015.0,-1.049860825548274e-05
8016.0,-1.0650024597990624e-05
8017.0,-1.080068241136744e-05
8018.0,-1.0950555589477235e-05
8019.0,-1.1099618023014972e-05
8020.0,-1.1247843617256651e-05
8021.0,-1.1395206309866331e-05
8022.0,-1.1541680088678316e-05
8023.0,-1.1687239009373484e-05
8024.0,-1.1831857212972411e-05
8025.0,-1.19755089430737e-05
8026.0,-1.211816856277285e-05
8027.0,-1.225981057120466e-05
8028.0,-1.2400409619660162e-05
8029.0,-1.2539940527237194e-05
8030.0,-1.2678378295991918e-05
8031.0,-1.2815698125566872e-05
8032.0,-1.2951875427279696e-05
8033.0,-1.3086885837664794e-05
8034.0,-1.3220705231467624e-05
8035.0,-1.3353309734097305e-05
8036.0,-1.3484675733547054e-05
8037.0,-1.3614779891793241e-05
8038.0,-1.374359915568255e-05
8039.0,-1.387111076731333e-05
8040.0,-1.399729227391214e-05
8041.0,-1.4122121537199924e-05
8042.0,-1.4245576742234135e-05
8043.0,-1.4367636405704504e-05
8044.0,-1.4488279383652527e-05
8045.0,-1.460748487857973e-05
8046.0,-1.4725232445908245e-05
8047.0,-1.4841501999759103e-05
8048.0,-1.495627381801799e-05
8049.0,-1.5069528546664024e-05
8050.0,-1.5181247203343313e-05
8051.0,-1.529141118017514e-05
8052.0,-1.540000224578408e-05
8053.0,-1.5507002546556745e-05
8054.0,-1.561239460712747e-05
8055.0,-1.57161613301033e-05
8056.0,-1.5818285995044782e-05
8057.0,-1.5918752256724166e-05
8058.0,-1.601754414268607e-05
8059.0,-1.6114646050136953e-05
8060.0,-1.6210042742188412e-05
8061.0,-1.6303719343476112e-05
8062.0,-1.6395661335172892e-05
8063.0,-1.648585454941226e-05
8064.0,-1.6574285163137797e-05
8065.0,-1.666093969139332e-05
8066.0,-1.674580498006774e-05
8067.0,-1.6828868198107765e-05
8068.0,-1.6910116829212536e-05
8069.0,-1.6989538663028017e-05
8070.0,-1.70671217858646e-05
8071.0,-1.7142854570968053e-05
8072.0,-1.7216725668380877e-05
8073.0,-1.728872399443787e-05
8074.0,-1.7358838720946605e-05
8075.0,-1.742705926411014e-05
8076.0,-1.7493375273255386e-05
8077.0,-1.7557776619436215e-05
8078.0,-1.7620253383984385e-05
8079.0,-1.7680795847084245e-05
8080.0,-1.7739394476448794e-05
8081.0,-1.779603991617523e-05
8082.0,-1.7850722975857648e-05
8083.0,-1.7903434620031443e-05
8084.0,-1.7954165958019003e-05
8085.0,-1.8002908234238913e-05
8086.0,-1.804965281903342e-05
8087.0,-1.80943912000618e-05
8088.0,-1.813711497430151e-05
8089.0,-1.817781584069354e-05
8090.0,-1.821648559346332e-05
8091.0,-1.825311611614329e-05
8092.0,-1.8287699376319752e-05
8093.0,-1.8320227421124254e-05
8094.0,-1.8350692373488826e-05
8095.0,-1.837908642918262e-05
8096.0,-1.8405401854644586e-05
8097.0,-1.842963098562201e-05
8098.0,-1.8451766226618622e-05
8099.0,-1.847180005114993e-05
8100.0,-1.8489725002798897e-05
8101.0,-1.8505533697062733e-05
8102.0,-1.8519218823981826e-05
8103.0,-1.853077315154371e-05
8104.0,-1.8540189529858444e-05
8105.0,-1.8547460896106464e-05
8106.0,-1.8552580280265304e-05
8107.0,-1.8555540811627117e-05
8108.0,-1.8556335726123896e-05
8109.0,-1.8554958374481953e-05
8110.0,-1.8551402231232048e-05
8111.0,-1.8545660904606215e-05
8112.0,-1.8537728147355873e-05
8113.0,-1.8527597868526856e-05
8114.0,-1.8515264146225314e-05
8115.0,-1.8500721241403897e-05
8116.0,-1.8483963612690982e-05
8117.0,-1.8464985932276946e-05
8118.0,-1.8443783102860362e-05
8119.0,-1.8420350275643766e-05
8120.0,-1.839468286935351e-05
8121.0,-1.836677659024289e-05
8122.0,-1.833662745302253e-05
8123.0,-1.8304231802648724e-05
8124.0,-1.8269586336888592e-05
8125.0,-1.823268812957158e-05
8126.0,-1.8193534654429223e-05
8127.0,-1.8152123809419502e-05
8128.0,-1.8108453941428585e-05
8129.0,-1.806252387123976e-05
8130.0,-1.8014332918657994e-05
8131.0,-1.796388092767746e-05
8132.0,-1.7911168291579838e-05
8133.0,-1.7856195977852957e-05
8134.0,-1.7798965552823345e-05
8135.0,-1.7739479205900914e-05
8136.0,-1.767773977333898e-05
8137.0,-1.7613750761416745e-05
8138.0,-1.7547516368954495e-05
8139.0,-1.7479041509073915e-05
8140.0,-1.740833183011759e-05
8141.0,-1.7335393735642007e-05
8142.0,-1.7260234403397463e-05
8143.0,-1.7182861803205566e-05
8144.0,-1.71032847136414e-05
8145.0,-1.7021512737423407e-05
8146.0,-1.6937556315411358e-05
8147.0,-1.6851426739111243e-05
8148.0,-1.6763136161585803e-05
8149.0,-1.6672697606670786e-05
8150.0,-1.658012497639961e-05
8151.0,-1.6485433056543464e-05
8152.0,-1.6388637520179754e-05
8153.0,-1.6289754929209396e-05
8154.0,-1.61888027337525e-05
8155.0,-1.6085799269362696e-05
8156.0,-1.5980763752012507e-05
8157.0,-1.5873716270816343e-05
8158.0,-1.576467777847267e-05
8159.0,-1.5653670079422675e-05
8160.0,-1.554071581573852e-05
8161.0,-1.5425838450769543e-05
8162.0,-1.5309062250589766e-05
8163.0,-1.5190412263304209e-05
8164.0,-1.506991429628499e-05
8165.0,-1.4947594891421112e-05
8166.0,-1.4823481298477191e-05
8167.0,-1.4697601446666349e-05
8168.0,-1.4569983914550263e-05
8169.0,-1.4440657898385813e-05
8170.0,-1.4309653179043044e-05
8171.0,-1.4177000087623822e-05
8172.0,-1.404272946991505e-05
8173.0,-1.390687264981452e-05
8174.0,-1.3769461391871019e-05
8175.0,-1.3630527863082995e-05
8176.0,-1.3490104594102586e-05
8177.0,-1.3348224439993552e-05
8178.0,-1.3204920540693501e-05
8179.0,-1.3060226281332183e-05
8180.0,-1.2914175252558827e-05
8181.0,-1.2766801211032301e-05
8182.0,-1.2618138040228279e-05
8183.0,-1.2468219711716812e-05
8184.0,-1.2317080247062365e-05
8185.0,-1.2164753680495776e-05
8186.0,-1.2011274022504654e-05
8187.0,-1.1856675224484898e-05
8188.0,-1.170099114459125e-05
8189.0,-1.1544255514919165e-05
8190.0,-1.1386501910143368e-05
8191.0,-1.1227763717730102e-05
8192.0,-1.10680741098301e-05
8193.0,-1.0907466016948522e-05
8194.0,-1.0745972103476222e-05
8195.0,-1.0583624745155198e-05
8196.0,-1.0420456008538838e-05
8197.0,-1.0256497632495573e-05
8198.0,-1.0091781011791707e-05
8199.0,-9.926337182776445e-06
8200.0,-9.760196811178725e-06
8201.0,-9.593390182012255e-06
8202.0,-9.425947191571894e-06
8203.0,-9.257897341490892e-06
8204.0,-9.089269734814839e-06
8205.0,-8.920093074034429e-06
8206.0,-8.75039566100496e-06
8207.0,-8.580205398666951e-06
8208.0,-8.409549794469012e-06
8209.0,-8.238455965382442e-06
8210.0,-8.066950644386589e-06
8211.0,-7.895060188296555e-06
8212.0,-7.722810586800142e-06
8213.0,-7.550227472569537e-06
8214.0,-7.377336132314474e-06
8215.0,-7.204161518647267e-06
8216.0,-7.030728262635246e-06
8217.0,-6.857060686922686e-06
8218.0,-6.683182819311722e-06
8219.0,-6.509118406699145e-06
8220.0,-6.334890929273784e-06
8221.0,-6.160523614885637e-06
8222.0,-5.9860394535034135e-06
8223.0,-5.811461211680186e-06
8224.0,-5.63681144694797e-06
8225.0,-5.462112522060554e-06
8226.0,-5.287386619000791e-06
8227.0,-5.1126557526638966e-06
8228.0,-4.9379417841228254e-06
8229.0,-4.7632664333761465e-06
8230.0,-4.588651291473864e-06
8231.0,-4.414117831912883e-06
8232.0,-4.239687421191923e-06
8233.0,-4.065381328416229e-06
8234.0,-3.89122073384566e-06
8235.0,-3.717226736286332e-06
8236.0,-3.5434203592360754e-06
8237.0,-3.3698225557070727e-06
8238.0,-3.196454211664675e-06
8239.0,-3.0233361480387253e-06
8240.0,-2.8504891212818205e-06
8241.0,-2.6779338224671576e-06
8242.0,-2.505690874936308e-06
8243.0,-2.333780830523604e-06
8244.0,-2.1622241643977957e-06
8245.0,-1.9910412685724844e-06
8246.0,-1.820252444144447e-06
8247.0,-1.6498778923230193e-06
8248.0,-1.4799377043150297e-06
8249.0,-1.3104518501279342e-06
8250.0,-1.1414401663497272e-06
8251.0,-9.729223429586164e-07
8252.0,-8.049179092093596e-07
8253.0,-6.374462186371362e-07
8254.0,-4.705264332144328e-07
8255.0,-3.0417750669170565e-07
8256.0,-1.3841816714960694e-07
8257.0,2.6733101210402773e-08
8258.0,1.912580770083827e-07
8259.0,3.551388213277555e-07
8260.0,5.18357698015419e-07
8261.0,6.808973945888304e-07
8262.0,8.427409436871084e-07
8263.0,1.0038717449907565e-06
8264.0,1.1642735875225084e-06
8265.0,1.3239306722302943e-06
8266.0,1.4828276347434303e-06
8267.0,1.6409495681852097e-06
8268.0,1.7982820459198466e-06
8269.0,1.954811144109297e-06
8270.0,2.110523463955835e-06
8271.0,2.2654061535088162e-06
8272.0,2.419446928918797e-06
8273.0,2.5726340950282107e-06
8274.0,2.7249565651951658e-06
8275.0,2.8764038802545205e-06
8276.0,3.0269662265277787e-06
8277.0,3.1766344527995553e-06
8278.0,3.3254000861828465e-06
8279.0,3.473255346797789e-06
8280.0,3.620193161189414e-06
8281.0,3.7662071744091877e-06
8282.0,3.91129176068359e-06
8283.0,4.055442032590449e-06
8284.0,4.198653848660645e-06
8285.0,4.3409238193195766e-06
8286.0,4.482249311079977e-06
8287.0,4.622628448895715e-06
8288.0,4.762060116586086e-06
8289.0,4.900543955242478e-06
8290.0,5.0380803595344665e-06
8291.0,5.1746704718405226e-06
8292.0,5.310316174138628e-06
8293.0,5.445020077603893e-06
8294.0,5.57878550987321e-06
8295.0,5.711616499951311e-06
8296.0,5.843517760747869e-06
8297.0,5.974494669251298e-06
8298.0,6.104553244360608e-06
8299.0,6.233700122411332e-06
8300.0,6.3619425304445525e-06
8301.0,6.4892882572792e-06
8302.0,6.615745622457611e-06
8303.0,6.741323443142947e-06
8304.0,6.866030999055251e-06
8305.0,6.989877995540722e-06
8306.0,7.1128745248764746e-06
8307.0,7.2350310259205575e-06
8308.0,7.35635824222473e-06
8309.0,7.476867178735696e-06
8310.0,7.596569057219428e-06
8311.0,7.715475270553173e-06
8312.0,7.833597336040407e-06
8313.0,7.950946847914911e-06
8314.0,8.067535429211153e-06
8315.0,8.183374683188463e-06
8316.0,8.298476144505855e-06
8317.0,8.412851230352366e-06
8318.0,8.52651119174371e-06
8319.0,8.639467065199718e-06
8320.0,8.751729625017986e-06
8321.0,8.863309336356904e-06
8322.0,8.974216309336271e-06
8323.0,9.084460254355822e-06
8324.0,9.194050438822175e-06
8325.0,9.302995645463472e-06
8326.0,9.41130413239866e-06
8327.0,9.518983595115586e-06
8328.0,9.626041130498803e-06
8329.0,9.73248320303446e-06
8330.0,9.838315613305845e-06
8331.0,9.943543468879193e-06
8332.0,1.0048171157665263e-05
8333.0,1.0152202323828419e-05
8334.0,1.025563984630146e-05
8335.0,1.0358485819951068e-05
8336.0,1.0460741539424974e-05
8337.0,1.0562407485698046e-05
8338.0,1.0663483315319711e-05
8339.0,1.0763967852349741e-05
8340.0,1.0863859082953717e-05
8341.0,1.0963154152613487e-05
8342.0,1.1061849365891727e-05
8343.0,1.1159940188673452e-05
8344.0,1.1257421252792366e-05
8345.0,1.1354286362937271e-05
8346.0,1.145052850572439e-05
8347.0,1.15461398608159e-05
8348.0,1.1641111813964365e-05
8349.0,1.1735434971866955e-05
8350.0,1.182909917872177e-05
8351.0,1.1922093534389845e-05
8352.0,1.20144064140788e-05
8353.0,1.2106025489476487e-05
8354.0,1.2196937751274446e-05
8355.0,1.2287129533030995e-05
8356.0,1.2376586536332007e-05
8357.0,1.2465293857212845e-05
8358.0,1.2553236013808096e-05
8359.0,1.264039697519712e-05
8360.0,1.272676019141355e-05
8361.0,1.2812308624585823e-05
8362.0,1.2897024781172818e-05
8363.0,1.2980890745253564e-05
8364.0,1.3063888212822574e-05
8365.0,1.3145998527033729e-05
8366.0,1.3227202714326776e-05
8367.0,1.3307481521362612e-05
8368.0,1.338681545268784e-05
8369.0,1.346518480904611e-05
8370.0,1.3542569726254079e-05
8371.0,1.361895021456246e-05
8372.0,1.3694306198426292e-05
8373.0,1.3768617556611657e-05
8374.0,1.3841864162567617e-05
8375.0,1.3914025924991574e-05
8376.0,1.398508282851325e-05
8377.0,1.4055014974416824e-05
8378.0,1.4123802621312178e-05
8379.0,1.4191426225655041e-05
8380.0,1.4257866482003678e-05
8381.0,1.432310436288809e-05
8382.0,1.4387121158158054e-05
8383.0,1.4449898513669419e-05
8384.0,1.4511418469163607e-05
8385.0,1.457166349519313e-05
8386.0,1.463061652894601e-05
8387.0,1.4688261008824551e-05
8388.0,1.4744580907639418e-05
8389.0,1.4799560764289411e-05
8390.0,1.4853185713811064e-05
8391.0,1.4905441515700365e-05
8392.0,1.4956314580430412e-05
8393.0,1.5005791994111714e-05
8394.0,1.5053861541263825e-05
8395.0,1.5100511725686212e-05
8396.0,1.5145731789431184e-05
8397.0,1.518951172989183e-05
8398.0,1.5231842315022953e-05
8399.0,1.5272715096713302e-05
8400.0,1.5312122422324026e-05
8401.0,1.5350057444402073e-05
8402.0,1.5386514128569848e-05
8403.0,1.5421487259585165e-05
8404.0,1.5454972445559243e-05
8405.0,1.5486966120315954e-05
8406.0,1.5517465543872906e-05
8407.0,1.5546468801024256e-05
8408.0,1.5573974798007005e-05
8409.0,1.5599983257236862e-05
8410.0,1.562449471010697e-05
8411.0,1.564751048785258e-05
8412.0,1.5669032710497053e-05
8413.0,1.568906427390869e-05
8414.0,1.5707608835012798e-05
8415.0,1.5724670795218173e-05
8416.0,1.5740255282130184e-05
8417.0,1.5754368129632828e-05
8418.0,1.576701585642864e-05
8419.0,1.577820564312822e-05
8420.0,1.5787945307980666e-05
8421.0,1.5796243281333375e-05
8422.0,1.580310857890496e-05
8423.0,1.580855077394986e-05
8424.0,1.5812579968388124e-05
8425.0,1.5815206762970118e-05
8426.0,1.581644222654416e-05
8427.0,1.581629786449549e-05
8428.0,1.5814785586427888e-05
8429.0,1.5811917673164253e-05
8430.0,1.580770674314942e-05
8431.0,1.5802165718346816e-05
8432.0,1.5795307789729976e-05
8433.0,1.578714638247925e-05
8434.0,1.577769512100351e-05
8435.0,1.5766967793914708e-05
8436.0,1.5754978319089665e-05
8437.0,1.5741740708957725e-05
8438.0,1.5727269036154534e-05
8439.0,1.5711577399681066e-05
8440.0,1.5694679891703384e-05
8441.0,1.5676590565122206e-05
8442.0,1.5657323402032702e-05
8443.0,1.563689228318432e-05
8444.0,1.5615310958538347e-05
8445.0,1.5592593019008285e-05
8446.0,1.5568751869455537e-05
8447.0,1.554380070300063e-05
8448.0,1.5517752476699935e-05
8449.0,1.5490619888629325e-05
8450.0,1.546241535641056e-05
8451.0,1.543315099721227e-05
8452.0,1.5402838609254744e-05
8453.0,1.5371489654844743e-05
8454.0,1.5339115244963458e-05
8455.0,1.5305726125427124e-05
8456.0,1.5271332664637058e-05
8457.0,1.5235944842932835e-05
8458.0,1.519957224355947e-05
8459.0,1.5162224045254928e-05
8460.0,1.5123909016458142e-05
8461.0,1.5084635511129584e-05
8462.0,1.504441146616687e-05
8463.0,1.500324440038727e-05
8464.0,1.4961141415038201e-05
8465.0,1.4918109195786143e-05
8466.0,1.4874154016124563e-05
8467.0,1.4829281742133114e-05
8468.0,1.4783497838513653e-05
8469.0,1.4736807375824043e-05
8470.0,1.4689215038828328e-05
8471.0,1.4640725135881327e-05
8472.0,1.4591341609267085e-05
8473.0,1.4541068046413526e-05
8474.0,1.4489907691909103e-05
8475.0,1.4437863460250798e-05
8476.0,1.4384937949255815e-05
8477.0,1.4331133454071997e-05
8478.0,1.4276451981724219e-05
8479.0,1.4220895266135366e-05
8480.0,1.4164464783561024e-05
8481.0,1.4107161768376491e-05
8482.0,1.4048987229152997e-05
8483.0,1.3989941964957472e-05
8484.0,1.3930026581807138e-05
8485.0,1.3869241509207014e-05
8486.0,1.3807587016696042e-05
8487.0,1.3745063230325913e-05
8488.0,1.3681670148996375e-05
8489.0,1.3617407660572158e-05
8490.0,1.355227555770958e-05
8491.0,1.348627355332563e-05
8492.0,1.3419401295648546e-05
8493.0,1.335165838279616e-05
8494.0,1.3283044376836285e-05
8495.0,1.3213558817291684e-05
8496.0,1.3143201234060483e-05
8497.0,1.3071971159730402e-05
8498.0,1.299986814127237e-05
8499.0,1.2926891751104889e-05
8500.0,1.2853041597526034e-05
8501.0,1.2778317334514216e-05
8502.0,1.2702718670902526e-05
8503.0,1.2626245378934263e-05
8504.0,1.2548897302209327e-05
8505.0,1.2470674363032619e-05
8506.0,1.239157656917664e-05
8507.0,1.2311604020071469e-05
8508.0,1.2230756912435984e-05
8509.0,1.2149035545365134e-05
8510.0,1.2066440324889105e-05
8511.0,1.198297176802167e-05
8512.0,1.1898630506316907e-05
8513.0,1.1813417288955728e-05
8514.0,1.1727332985386065e-05
8515.0,1.1640378587543483e-05
8516.0,1.1552555211682126e-05
8517.0,1.1463864099849001e-05
8518.0,1.1374306621036961e-05
8519.0,1.1283884272052714e-05
8520.0,1.1192598678135397e-05
8521.0,1.1100451593358911e-05
8522.0,1.1007444900847023e-05
8523.0,1.0913580612825014e-05
8524.0,1.0818860870525165e-05
8525.0,1.0723287943956412e-05
8526.0,1.0626864231540943e-05
8527.0,1.0529592259612977e-05
8528.0,1.0431474681767665e-05
8529.0,1.0332514278041046e-05
8530.0,1.0232713953895688e-05
8531.0,1.0132076738981528e-05
8532.0,1.003060578563793e-05
8533.0,9.928304367101107e-06
8534.0,9.82517587538115e-06
8535.0,9.721223818775236e-06
8536.0,9.616451818988441e-06
8537.0,9.510863607840614e-06
8538.0,9.40446302354679e-06
8539.0,9.297254006568635e-06
8540.0,9.189240595044856e-06
8541.0,9.080426919818593e-06
8542.0,8.97081719908852e-06
8543.0,8.860415732717632e-06
8544.0,8.749226896239148e-06
8545.0,8.637255134602776e-06
8546.0,8.524504955707017e-06
8547.0,8.410980923764417e-06
8548.0,8.296687652547077e-06
8549.0,8.181629798559451e-06
8550.0,8.065812054184856e-06
8551.0,7.949239140851166e-06
8552.0,7.831915802259895e-06
8553.0,7.713846797721443e-06
8554.0,7.5950368956373235e-06
8555.0,7.475490867168451e-06
8556.0,7.35521348012669e-06
8557.0,7.23420949312555e-06
8558.0,7.112483650025154e-06
8559.0,6.990040674706654e-06
8560.0,6.866885266211836e-06
8561.0,6.743022094284538e-06
8562.0,6.618455795350859e-06
8563.0,6.493190968974855e-06
8564.0,6.367232174824893e-06
8565.0,6.240583930183037e-06
8566.0,6.113250708025956e-06
8567.0,5.985236935700893e-06
8568.0,5.85654699421451e-06
8569.0,5.7271852181465515e-06
8570.0,5.597155896194289e-06
8571.0,5.466463272348138e-06
8572.0,5.335111547693722e-06
8573.0,5.203104882831343e-06
8574.0,5.070447400900348e-06
8575.0,4.937143191193305e-06
8576.0,4.8031963133428905e-06
8577.0,4.668610802062818e-06
8578.0,4.533390672422888e-06
8579.0,4.397539925637349e-06
8580.0,4.261062555345641e-06
8581.0,4.123962554364835e-06
8582.0,3.98624392189386e-06
8583.0,3.847910671150069e-06
8584.0,3.7089668374188437e-06
8585.0,3.5694164864962435e-06
8586.0,3.4292637235035392e-06
8587.0,3.2885127020511884e-06
8588.0,3.1471676337283085e-06
8589.0,3.00523279789236e-06
8590.0,2.862712551732403e-06
8591.0,2.7196113405777877e-06
8592.0,2.5759337084228194e-06
8593.0,2.431684308636819e-06
8594.0,2.2868679148284613e-06
8595.0,2.1414894318335474e-06
8596.0,1.9955539067959944e-06
8597.0,1.849066540312755e-06
8598.0,1.7020326976144185e-06
8599.0,1.5544579197541706e-06
8600.0,1.4063479347787943e-06
8601.0,1.2577086688561347e-06
8602.0,1.1085462573336802e-06
8603.0,9.588670557029296e-07
8604.0,8.086776504437745e-07
8605.0,6.579848697224373e-07
8606.0,5.067957939155277e-07
8607.0,3.5511776593152127e-07
8608.0,2.0295840129951994e-07
8609.0,5.0325597993453356e-08
8610.0,-1.0277245404210042e-07
8611.0,-2.563272637005461e-07
8612.0,-4.103300298947951e-07
8613.0,-5.647716331524176e-07
8614.0,-7.196426276670931e-07
8615.0,-8.74933233850092e-07
8616.0,-1.0306333314255526e-06
8617.0,-1.186732453111727e-06
8618.0,-1.3432197789277269e-06
8619.0,-1.500084131161461e-06
8620.0,-1.6573139700298501e-06
8621.0,-1.8148973900573952e-06
8622.0,-1.9728221171937957e-06
8623.0,-2.1310755066857855e-06
8624.0,-2.2896445417122892e-06
8625.0,-2.448515832785482e-06
8626.0,-2.6076756179134746e-06
8627.0,-2.767109763513431e-06
8628.0,-2.9268037660571756e-06
8629.0,-3.086742754425117e-06
8630.0,-3.246911492938415e-06
8631.0,-3.40729438503408e-06
8632.0,-3.567875477543225e-06
8633.0,-3.7286384655292044e-06
8634.0,-3.889566697640231e-06
8635.0,-4.050643181930052e-06
8636.0,-4.211850592100685e-06
8637.0,-4.373171274122622e-06
8638.0,-4.534587253190263e-06
8639.0,-4.69608024097334e-06
8640.0,-4.857631643128566e-06
8641.0,-5.019222567039656e-06
8642.0,-5.180833829758419e-06
8643.0,-5.342445966124669e-06
8644.0,-5.5040392370481785e-06
8645.0,-5.665593637940983e-06
8646.0,-5.827088907292964e-06
8647.0,-5.98850453538725e-06
8648.0,-6.1498197731548745e-06
8649.0,-6.311013641169909e-06
8650.0,-6.472064938787196e-06
8651.0,-6.632952253424683e-06
8652.0,-6.793653969991233e-06
8653.0,-6.954148280458409e-06
8654.0,-7.114413193571045e-06
8655.0,-7.274426544686848e-06
8656.0,-7.434166005730718e-06
8657.0,-7.593609095246054e-06
8658.0,-7.752733188523584e-06
8659.0,-7.91151552778803e-06
8660.0,-8.06993323242325e-06
8661.0,-8.22796330921708e-06
8662.0,-8.385582662607751e-06
8663.0,-8.542768104914715e-06
8664.0,-8.699496366538622e-06
8665.0,-8.855744106118152e-06
8666.0,-9.011487920636186e-06
8667.0,-9.166704355473625e-06
8668.0,-9.32136991441627e-06
8669.0,-9.475461069627437e-06
8670.0,-9.628954271606046e-06
8671.0,-9.781825959155888e-06
8672.0,-9.934052569396e-06
8673.0,-1.0085610547843801e-05
8674.0,-1.023647635860157e-05
8675.0,-1.0386626494673173e-05
8676.0,-1.0536037488432618e-05
8677.0,-1.0684685922259487e-05
8678.0,-1.0832548439349647e-05
8679.0,-1.0979601754702651e-05
8680.0,-1.112582266628051e-05
8681.0,-1.127118806632583e-05
8682.0,-1.141567495282119e-05
8683.0,-1.155926044106536e-05
8684.0,-1.1701921775335616e-05
8685.0,-1.1843636340599185e-05
8686.0,-1.1984381674231302e-05
8687.0,-1.212413547769349e-05
8688.0,-1.2262875628124083e-05
8689.0,-1.2400580189793688e-05
8690.0,-1.253722742538083e-05
8691.0,-1.2672795807026785e-05
8692.0,-1.2807264027133132e-05
8693.0,-1.294061100887047e-05
8694.0,-1.307281591637141e-05
8695.0,-1.320385816458516e-05
8696.0,-1.333371742877398e-05
8697.0,-1.3462373653632992e-05
8698.0,-1.3589807062014176e-05
8699.0,-1.3715998163233207e-05
8700.0,-1.3840927760934656e-05
8701.0,-1.396457696048801e-05
8702.0,-1.4086927175884033e-05
8703.0,-1.4207960136098399e-05
8704.0,-1.4327657890887403e-05
8705.0,-1.4446002815978879e-05
8706.0,-1.4562977617620575e-05
8707.0,-1.4678565336448139e-05
8708.0,-1.479274935063535e-05
8709.0,-1.4905513378290835e-05
8710.0,-1.5016841479068293e-05
8711.0,-1.5126718054961963e-05
8712.0,-1.5235127850265811e-05
8713.0,-1.5342055950683143e-05
8714.0,-1.544748778158247e-05
8715.0,-1.5551409105404654e-05
8716.0,-1.5653806018235466e-05
8717.0,-1.5754664945565934e-05
8718.0,-1.5853972637269837e-05
8719.0,-1.5951716161831983e-05
8720.0,-1.6047882899862504e-05
8721.0,-1.614246053693252e-05
8722.0,-1.623543705576582e-05
8723.0,-1.632680072782164e-05
8724.0,-1.641654010430455e-05
8725.0,-1.650464400663974e-05
8726.0,-1.6591101516455382e-05
8727.0,-1.6675901965117807e-05
8728.0,-1.675903492286962e-05
8729.0,-1.684049018762391e-05
8730.0,-1.692025777346936e-05
8731.0,-1.6998327898940946e-05
8732.0,-1.707469097511065e-05
8733.0,-1.7149337593553686e-05
8734.0,-1.7222258514248723e-05
8735.0,-1.7293444653475053e-05
8736.0,-1.736288707177384e-05
8737.0,-1.74305769620445e-05
8738.0,-1.7496505637850224e-05
8739.0,-1.756066452201048e-05
8740.0,-1.762304513556327e-05
8741.0,-1.7683639087185902e-05
8742.0,-1.7742438063167487e-05
8743.0,-1.7799433818027037e-05
8744.0,-1.7854618165866045e-05
8745.0,-1.790798297253465e-05
8746.0,-1.795952014867858e-05
8747.0,-1.8009221643722903e-05
8748.0,-1.805707944083907e-05
8749.0,-1.8103085552933853e-05
8750.0,-1.81472320196914e-05
8751.0,-1.8189510905692405e-05
8752.0,-1.8229914299628216e-05
8753.0,-1.82684343146219e-05
8754.0,-1.8305063089662694e-05
8755.0,-1.8339792792154406e-05
8756.0,-1.8372615621572755e-05
8757.0,-1.840352381422174e-05
8758.0,-1.8432509649075016e-05
8759.0,-1.845956545468353e-05
8760.0,-1.8484683617124895e-05
8761.0,-1.850785658896335e-05
8762.0,-1.8529076899183525e-05
8763.0,-1.8548337164057896e-05
8764.0,-1.8565630098907555e-05
8765.0,-1.8580948530717534e-05
8766.0,-1.8594285411569336e-05
8767.0,-1.8605633832852657e-05
8768.0,-1.861498704021441e-05
8769.0,-1.8622338449197805e-05
8770.0,-1.862768166151918e-05
8771.0,-1.8631010481926943e-05
8772.0,-1.8632318935585516e-05
8773.0,-1.863160128592567e-05
8774.0,-1.8628852052900934e-05
8775.0,-1.8624066031587214e-05
8776.0,-1.861723831106116e-05
8777.0,-1.8608364293491744e-05
8778.0,-1.8597439713378676e-05
8779.0,-1.8584460656869106e-05
8780.0,-1.8569423581080636e-05
8781.0,-1.855232533335444e-05
8782.0,-1.853316317035759e-05
8783.0,-1.851193477694873e-05
8784.0,-1.8488638284716026e-05
8785.0,-1.8463272290091488e-05
8786.0,-1.8435835871942743e-05
8787.0,-1.8406328608543306e-05
8788.0,-1.837475059382563e-05
8789.0,-1.834110245282606e-05
8790.0,-1.830538535623597e-05
8791.0,-1.8267601033977463e-05
8792.0,-1.82277517877256e-05
8793.0,-1.8185840502304362e-05
8794.0,-1.8141870655891402e-05
8795.0,-1.8095846328977645e-05
8796.0,-1.80477722120406e-05
8797.0,-1.799765361190399e-05
8798.0,-1.794549645677006e-05
8799.0,-1.7891307299924726e-05
8800.0,-1.78350933221283e-05
8801.0,-1.77768623327153e-05
8802.0,-1.7716622769434286e-05
8803.0,-1.7654383697062788e-05
8804.0,-1.7590154804833363e-05
8805.0,-1.7523946402705788e-05
8806.0,-1.745576941651729e-05
8807.0,-1.73856353820383e-05
8808.0,-1.7313556437955037e-05
8809.0,-1.723954531779434e-05
8810.0,-1.7163615340801213e-05
8811.0,-1.708578040177686e-05
8812.0,-1.7006054959884794e-05
8813.0,-1.6924454026433203e-05
8814.0,-1.68409931516425e-05
8815.0,-1.675568841040662e-05
8816.0,-1.66685563870568e-05
8817.0,-1.6579614159138698e-05
8818.0,-1.6488879280218675e-05
8819.0,-1.6396369761743424e-05
8820.0,-1.6302104053987358e-05
8821.0,-1.6206101026134128e-05
8822.0,-1.6108379945551355e-05
8823.0,-1.6008960456331214e-05
8824.0,-1.5907862557182765e-05
8825.0,-1.5805106578774826e-05
8826.0,-1.570071316063925e-05
8827.0,-1.5594703227753956e-05
8828.0,-1.548709796693241e-05
8829.0,-1.5377918803151345e-05
8830.0,-1.5267187375951135e-05
8831.0,-1.515492551604305e-05
8832.0,-1.5041155222254479e-05
8833.0,-1.4925898638938072e-05
8834.0,-1.4809178033964544e-05
8835.0,-1.4691015777412223e-05
8836.0,-1.4571434321059667e-05
8837.0,-1.4450456178779185e-05
8838.0,-1.432810390791841e-05
8839.0,-1.4204400091744482e-05
8840.0,-1.4079367323012227e-05
8841.0,-1.3953028188705722e-05
8842.0,-1.3825405255992136e-05
8843.0,-1.3696521059417751e-05
8844.0,-1.3566398089367958e-05
8845.0,-1.343505878180596e-05
8846.0,-1.3302525509298497e-05
8847.0,-1.3168820573331772e-05
8848.0,-1.303396619791606e-05
8849.0,-1.2897984524473086e-05
8850.0,-1.2760897607995708e-05
8851.0,-1.2622727414463681e-05
8852.0,-1.2483495819493006e-05
8853.0,-1.2343224608189029e-05
8854.0,-1.2201935476165683e-05
8855.0,-1.2059650031684454e-05
8856.0,-1.1916389798857963e-05
8857.0,-1.1772176221854466e-05
8858.0,-1.1627030670032393e-05
8859.0,-1.1480974443927762e-05
8860.0,-1.1334028782011176e-05
8861.0,-1.1186214868124608e-05
8862.0,-1.1037553839500592e-05
8863.0,-1.0888066795259317e-05
8864.0,-1.0737774805272483e-05
8865.0,-1.0586698919278069e-05
8866.0,-1.0434860176127148e-05
8867.0,-1.0282279613042492e-05
8868.0,-1.0128978274769006e-05
8869.0,-9.974977222498127e-06
8870.0,-9.820297542452537e-06
8871.0,-9.664960354024205e-06
8872.0,-9.508986817367641e-06
8873.0,-9.352398140360812e-06
8874.0,-9.195215584857626e-06
8875.0,-9.037460472167785e-06
8876.0,-8.879154187712536e-06
8877.0,-8.720318184818736e-06
8878.0,-8.560973987628817e-06
8879.0,-8.401143193120511e-06
8880.0,-8.240847472246206e-06
8881.0,-8.080108570216418e-06
8882.0,-7.91894830596451e-06
8883.0,-7.757388570839213e-06
8884.0,-7.5954513265780434e-06
8885.0,-7.433158602617745e-06
8886.0,-7.270532492798199e-06
8887.0,-7.107595151514417e-06
8888.0,-6.94436878936815e-06
8889.0,-6.780875668366449e-06
8890.0,-6.617138096709352e-06
8891.0,-6.453178423202742e-06
8892.0,-6.289019031325261e-06
8893.0,-6.124682332970918e-06
8894.0,-5.96019076188184e-06
8895.0,-5.795566766778428e-06
8896.0,-5.6308328041872895e-06
8897.0,-5.4660113309608344e-06
8898.0,-5.30112479647745e-06
8899.0,-5.136195634508518e-06
8900.0,-4.971246254739009e-06
8901.0,-4.8062990339320135e-06
8902.0,-4.6413763067331125e-06
8903.0,-4.476500356116939e-06
8904.0,-4.311693403484421e-06
8905.0,-4.146977598424396e-06
8906.0,-3.9823750081571095e-06
8907.0,-3.817907606679773e-06
8908.0,-3.6535972636354e-06
8909.0,-3.4894657329262644e-06
8910.0,-3.3255346410925667e-06
8911.0,-3.161825475476425e-06
8912.0,-2.9983595721916347e-06
8913.0,-2.8351581039210625e-06
8914.0,-2.672242067565556e-06
8915.0,-2.509632271770563e-06
8916.0,-2.3473493243588728e-06
8917.0,-2.185413619699904e-06
8918.0,-2.0238453260480965e-06
8919.0,-1.862664372885174e-06
8920.0,-1.7018904383034606e-06
8921.0,-1.5415429364702586e-06
8922.0,-1.381641005216782e-06
8923.0,-1.2222034937989983e-06
8924.0,-1.0632489508817547e-06
8925.0,-9.047956128007019e-07
8926.0,-7.468613921575957e-07
8927.0,-5.894638668027442e-07
8928.0,-4.3262026925338614e-07
8929.0,-2.7634747658848976e-07
8930.0,-1.2066200084953145e-07
8931.0,3.442002003611434e-08
8932.0,1.8888283080626248e-07
8933.0,3.427110668997288e-07
8934.0,4.95889761999162e-07
8935.0,6.484043551129318e-07
8936.0,8.002406972361283e-07
8937.0,9.513850576368055e-07
8938.0,1.1018241298181558e-06
8939.0,1.2515450372101434e-06
8940.0,1.4005353386447696e-06
8941.0,1.5487830336673367e-06
8942.0,1.6962765677314354e-06
8943.0,1.843004837318241e-06
8944.0,1.9889571950116905e-06
8945.0,2.1341234545506656e-06
8946.0,2.2784938958679875e-06
8947.0,2.4220592701145594e-06
8948.0,2.564810804655952e-06
8949.0,2.7067402080190184e-06
8950.0,2.8478396747582857e-06
8951.0,2.988101890205924e-06
8952.0,3.1275200350649565e-06
8953.0,3.2660877898023194e-06
8954.0,3.40379933879614e-06
8955.0,3.5406493741897407e-06
8956.0,3.6766330994031034e-06
8957.0,3.8117462322508796e-06
8958.0,3.945985007614084e-06
8959.0,4.079346179610638e-06
8960.0,4.211827023207691e-06
8961.0,4.343425335216208e-06
8962.0,4.474139434605136e-06
8963.0,4.603968162068123e-06
8964.0,4.732910878769965e-06
8965.0,4.86096746419322e-06
8966.0,4.988138312998559e-06
8967.0,5.114424330806219e-06
8968.0,5.2398269288014554e-06
8969.0,5.364348017064625e-06
8970.0,5.487989996527218e-06
8971.0,5.610755749459088e-06
8972.0,5.732648628399594e-06
8973.0,5.8536724434568375e-06
8974.0,5.973831447914108e-06
8975.0,6.0931303221006e-06
8976.0,6.211574155503449e-06
8977.0,6.329168427119176e-06
8978.0,6.4459189840640135e-06
8979.0,6.561832018483201e-06
8980.0,6.676914042818796e-06
8981.0,6.791171863513048e-06
8982.0,6.904612553239359e-06
8983.0,7.017243421765001e-06
8984.0,7.129071985558749e-06
8985.0,7.24010593626261e-06
8986.0,7.350353108150222e-06
8987.0,7.4598214446958515e-06
8988.0,7.568518964377942e-06
8989.0,7.676453725840432e-06
8990.0,7.783633792534151e-06
8991.0,7.89006719695966e-06
8992.0,7.995761904632188e-06
8993.0,8.100725777889194e-06
8994.0,8.204966539661754e-06
8995.0,8.308491737333184e-06
8996.0,8.411308706812213e-06
8997.0,8.513424536953412e-06
8998.0,8.614846034464212e-06
8999.0,8.715579689444926e-06
9000.0,8.815631641714946e-06
9001.0,8.915007648083772e-06
9002.0,9.013713050728981e-06
9003.0,9.111752746844481e-06
9004.0,9.209131159721484e-06
9005.0,9.305852211421174e-06
9006.0,9.401919297192122e-06
9007.0,9.497335261776725e-06
9008.0,9.592102377740309e-06
9009.0,9.686222325944449e-06
9010.0,9.779696178273145e-06
9011.0,9.8725243827066e-06
9012.0,9.964706750822252e-06
9013.0,1.0056242447787029e-05
9014.0,1.014712998488863e-05
9015.0,1.023736721463746e-05
9016.0,1.0326951328454983e-05
9017.0,1.0415878856948774e-05
9018.0,1.0504145672760318e-05
9019.0,1.0591746995957861e-05
9020.0,1.0678677401933746e-05
9021.0,1.0764930831752783e-05
9022.0,1.0850500604885532e-05
9023.0,1.0935379434247667e-05
9024.0,1.1019559443453769e-05
9025.0,1.1103032186180955e-05
9026.0,1.1185788667524727e-05
9027.0,1.1267819367217224e-05
9028.0,1.1349114264567439e-05
9029.0,1.1429662864974775e-05
9030.0,1.1509454227862047e-05
9031.0,1.1588476995871842e-05
9032.0,1.1666719425170947e-05
9033.0,1.1744169416711166e-05
9034.0,1.1820814548300516e-05
9035.0,1.1896642107346212e-05
9036.0,1.19716391241389e-05
9037.0,1.2045792405555838e-05
9038.0,1.2119088569068726e-05
9039.0,1.2191514076949137e-05
9040.0,1.226305527057128e-05
9041.0,1.2333698404717292e-05
9042.0,1.2403429681794024e-05
9043.0,1.2472235285871444e-05
9044.0,1.2540101416451067e-05
9045.0,1.2607014321868254e-05
9046.0,1.2672960332226045e-05
9047.0,1.2737925891751053e-05
9048.0,1.280189759045568e-05
9049.0,1.2864862194986185e-05
9050.0,1.2926806678533714e-05
9051.0,1.2987718249686155e-05
9052.0,1.3047584380102657e-05
9053.0,1.3106392830900395e-05
9054.0,1.3164131677654332e-05
9055.0,1.3220789333924932e-05
9056.0,1.3276354573245378e-05
9057.0,1.3330816549517984e-05
9058.0,1.3384164815788614e-05
9059.0,1.3436389341386886e-05
9060.0,1.348748052743816e-05
9061.0,1.3537429220769844e-05
9062.0,1.3586226726248502e-05
9063.0,1.3633864817594661e-05
9064.0,1.3680335746728345e-05
9065.0,1.3725632251700108e-05
9066.0,1.3769747563260242e-05
9067.0,1.38126754101142e-05
9068.0,1.385441002290659e-05
9069.0,1.3894946136970668e-05
9070.0,1.3934278993876464e-05
9071.0,1.3972404341808868e-05
9072.0,1.4009318434807498e-05
9073.0,1.404501803090283e-05
9074.0,1.4079500389187597e-05
9075.0,1.4112763265868428e-05
9076.0,1.4144804909349845e-05
9077.0,1.4175624054409926e-05
9078.0,1.4205219915533966e-05
9079.0,1.4233592179477927e-05
9080.0,1.426074099713713e-05
9081.0,1.428666697479699e-05
9082.0,1.4311371164841592e-05
9083.0,1.433485505599231e-05
9084.0,1.4357120563142914e-05
9085.0,1.4378170016849632e-05
9086.0,1.439800615252507e-05
9087.0,1.4416632099374006e-05
9088.0,1.4434051369097841e-05
9089.0,1.4450267844383763e-05
9090.0,1.4465285767185629e-05
9091.0,1.4479109726797118e-05
9092.0,1.44917446477143e-05
9093.0,1.450319577728467e-05
9094.0,1.4513468673142635e-05
9095.0,1.4522569190436833e-05
9096.0,1.4530503468862227e-05
9097.0,1.4537277919518643e-05
9098.0,1.4542899211626445e-05
9099.0,1.454737425913806e-05
9100.0,1.4550710207289694e-05
9101.0,1.4552914419140535e-05
9102.0,1.4553994462146082e-05
9103.0,1.4553958094808994e-05
9104.0,1.455281325344524e-05
9105.0,1.455056803909623e-05
9106.0,1.4547230704609338e-05
9107.0,1.4542809641900101e-05
9108.0,1.4537313369399897e-05
9109.0,1.4530750519683634e-05
9110.0,1.452312982726428e-05
9111.0,1.4514460116535805e-05
9112.0,1.4504750289844073e-05
9113.0,1.4494009315666621e-05
9114.0,1.4482246216886595e-05
9115.0,1.4469470059153031e-05
9116.0,1.4455689939328679e-05
9117.0,1.4440914974037107e-05
9118.0,1.4425154288332053e-05
9119.0,1.4408417004522647e-05
9120.0,1.4390712231196944e-05
9121.0,1.437204905249201e-05
9122.0,1.4352436517661541e-05
9123.0,1.4331883630991186e-05
9124.0,1.431039934210757e-05
9125.0,1.4287992536719341e-05
9126.0,1.4264672027818032e-05
9127.0,1.4240446547353735e-05
9128.0,1.421532473838686e-05
9129.0,1.4189315147703414e-05
9130.0,1.4162426218868045e-05
9131.0,1.4134666285677383e-05
9132.0,1.4106043565967122e-05
9133.0,1.407656615572009e-05
9134.0,1.4046242023420252e-05
9135.0,1.4015079004598693e-05
9136.0,1.3983084796521972e-05
9137.0,1.3950266952980605e-05
9138.0,1.3916632879144906e-05
9139.0,1.3882189826466547e-05
9140.0,1.384694488761633e-05
9141.0,1.381090499146043e-05
9142.0,1.3774076898088292e-05
9143.0,1.3736467193914313e-05
9144.0,1.369808228688237e-05
9145.0,1.3658928401806334e-05
9146.0,1.3619011575880858e-05
9147.0,1.3578337654395556e-05
9148.0,1.3536912286682331e-05
9149.0,1.349474092232117e-05
9150.0,1.345182880762437e-05
9151.0,1.3408180982413846e-05
9152.0,1.3363802277101338e-05
9153.0,1.3318697310078067e-05
9154.0,1.3272870485418659e-05
9155.0,1.3226325990904281e-05
9156.0,1.3179067796372224e-05
9157.0,1.3131099652402973e-05
9158.0,1.308242508936107e-05
9159.0,1.3033047416812219e-05
9160.0,1.2982969723345374e-05
9161.0,1.2932194876834385e-05
9162.0,1.2880725525178688e-05
9163.0,1.2828564097565605e-05
9164.0,1.2775712806297716e-05
9165.0,1.2722173649226667e-05
9166.0,1.266794841282968e-05
9167.0,1.2613038675957008e-05
9168.0,1.255744581426789e-05
9169.0,1.2501171005360183e-05
9170.0,1.2444215234585688e-05
9171.0,1.2386579301529853e-05
9172.0,1.2328263827122198e-05
9173.0,1.226926926133275e-05
9174.0,1.2209595891400908e-05
9175.0,1.21492438505368e-05
9176.0,1.2088213127031999e-05
9177.0,1.2026503573716285e-05
9178.0,1.1964114917699837e-05
9179.0,1.1901046770345175e-05
9180.0,1.1837298637419636e-05
9181.0,1.1772869929386426e-05
9182.0,1.1707759971799397e-05
9183.0,1.1641968015773018e-05
9184.0,1.1575493248504403e-05
9185.0,1.1508334803828174e-05
9186.0,1.1440491772787442e-05
9187.0,1.1371963214205175e-05
9188.0,1.1302748165239307e-05
9189.0,1.123284565190254e-05
9190.0,1.1162254699523886e-05
9191.0,1.1090974343124078e-05
9192.0,1.1019003637671748e-05
9193.0,1.0946341668182399e-05
9194.0,1.0872987559618097e-05
9195.0,1.0798940486543018e-05
9196.0,1.0724199682488991e-05
9197.0,1.0648764448985953e-05
9198.0,1.0572634164215122e-05
9199.0,1.0495808291247563e-05
9200.0,1.0418286385837605e-05
9201.0,1.0340068103748829e-05
9202.0,1.0261153207599758e-05
9203.0,1.0181541573225906e-05
9204.0,1.0101233195564238e-05
9205.0,1.0020228194074236e-05
9206.0,9.938526817716377e-06
9207.0,9.856129449513195e-06
9208.0,9.773036610719904e-06
9209.0,9.68924896463052e-06
9210.0,9.60476732004211e-06
9211.0,9.51959263439452e-06
9212.0,9.433726016596788e-06
9213.0,9.347168729544705e-06
9214.0,9.25992219232762e-06
9215.0,9.17198798211692e-06
9216.0,9.083367835724468e-06
9217.0,8.994063650816863e-06
9218.0,8.904077486770946e-06
9219.0,8.813411565157192e-06
9220.0,8.722068269840255e-06
9221.0,8.630050146689656e-06
9222.0,8.537359902898238e-06
9223.0,8.444000405911218e-06
9224.0,8.349974681974236e-06
9225.0,8.255285914314266e-06
9226.0,8.159937440972173e-06
9227.0,8.06393275230966e-06
9228.0,7.967275488215641e-06
9229.0,7.869969435037773e-06
9230.0,7.77201852226351e-06
9231.0,7.673426818972477e-06
9232.0,7.574198530078106e-06
9233.0,7.47433799237239e-06
9234.0,7.3738496703835175e-06
9235.0,7.272738152052886e-06
9236.0,7.17100814423563e-06
9237.0,7.068664468027944e-06
9238.0,6.96571205392496e-06
9239.0,6.862155936815047e-06
9240.0,6.7580012508196895e-06
9241.0,6.653253223992807e-06
9242.0,6.547917172898715e-06
9243.0,6.441998497094001e-06
9244.0,6.335502673544583e-06
9245.0,6.22843525101484e-06
9246.0,6.120801844470522e-06
9247.0,6.0126081295408254e-06
9248.0,5.903859837087165e-06
9249.0,5.7945627479266854e-06
9250.0,5.684722687757487e-06
9251.0,5.574345522329818e-06
9252.0,5.463437152902941e-06
9253.0,5.352003512021449e-06
9254.0,5.240050559638042e-06
9255.0,5.127584279603097e-06
9256.0,5.014610676535246e-06
9257.0,4.90113577308204e-06
9258.0,4.787165607575688e-06
9259.0,4.672706232085823e-06
9260.0,4.557763710869314e-06
9261.0,4.442344119215972e-06
9262.0,4.3264535426886575e-06
9263.0,4.210098076756174e-06
9264.0,4.093283826817504e-06
9265.0,3.976016908616127e-06
9266.0,3.858303449043095e-06
9267.0,3.7401495873269856e-06
9268.0,3.6215614766078823e-06
9269.0,3.5025452858911733e-06
9270.0,3.383107202375414e-06
9271.0,3.263253434146746e-06
9272.0,3.1429902132305355e-06
9273.0,3.022323798989387e-06
9274.0,2.901260481855696e-06
9275.0,2.7798065873863795e-06
9276.0,2.6579684806279155e-06
9277.0,2.5357525707813295e-06
9278.0,2.4131653161594802e-06
9279.0,2.2902132294327196e-06
9280.0,2.1669028831634917e-06
9281.0,2.0432409156354963e-06
9282.0,1.919234036988117e-06
9283.0,1.79488903567169e-06
9284.0,1.6702127852431228e-06
9285.0,1.545212251524126e-06
9286.0,1.4198945001452218e-06
9287.0,1.294266704497526e-06
9288.0,1.1683361541109604e-06
9289.0,1.0421102634721313e-06
9290.0,9.155965812877425e-07
9291.0,7.888028001903749e-07
9292.0,6.617367668732407e-07
9293.0,5.344064926297416e-07
9294.0,4.0682016426290457e-07
9295.0,2.7898615531937977e-07
9296.0,1.5091303759348494e-07
9297.0,2.2609592839086578e-08
9298.0,-1.0591517537838296e-07
9299.0,-2.3465202976065846e-07
9300.0,-3.6359148735764985e-07
9301.0,-4.927238077207666e-07
9302.0,-6.2203898119533e-07
9303.0,-7.515267174147664e-07
9304.0,-8.811764340549843e-07
9305.0,-1.0109772459035898e-06
9306.0,-1.1409179542954867e-06
9307.0,-1.2709870369639965e-06
9308.0,-1.4011726383549893e-06
9309.0,-1.5314625604507276e-06
9310.0,-1.6618442541503438e-06
9311.0,-1.7923048112549471e-06
9312.0,-1.9228309571072996e-06
9313.0,-2.053409043938723e-06
9314.0,-2.184025044979118e-06
9315.0,-2.3146645493894074e-06
9316.0,-2.4453127580785445e-06
9317.0,-2.575954480469068e-06
9318.0,-2.7065741322754062e-06
9319.0,-2.8371557343574634e-06
9320.0,-2.967682912708335e-06
9321.0,-3.0981388996291462e-06
9322.0,-3.2285065361355664e-06
9323.0,-3.3587682756300114e-06
9324.0,-3.4889061888609367e-06
9325.0,-3.618901970176429e-06
9326.0,-3.748736945064571e-06
9327.0,-3.878392078959028e-06
9328.0,-4.007847987276603e-06
9329.0,-4.1370849466452155e-06
9330.0,-4.266082907276444e-06
9331.0,-4.394821506435497e-06
9332.0,-4.5232800829621345e-06
9333.0,-4.651437692797682e-06
9334.0,-4.779273125475071e-06
9335.0,-4.906764921530588e-06
9336.0,-5.033891390797162e-06
9337.0,-5.160630631539507e-06
9338.0,-5.286960550390773e-06
9339.0,-5.412858883048412e-06
9340.0,-5.5383032156830155e-06
9341.0,-5.663271007008208e-06
9342.0,-5.787739610952374e-06
9343.0,-5.911686299864908e-06
9344.0,-6.035088288181273e-06
9345.0,-6.157922756462762e-06
9346.0,-6.280166875718128e-06
9347.0,-6.401797831905604e-06
9348.0,-6.522792850505624e-06
9349.0,-6.643129221047832e-06
9350.0,-6.762784321471913e-06
9351.0,-6.881735642201588e-06
9352.0,-6.999960809814891e-06
9353.0,-7.117437610201583e-06
9354.0,-7.234144011109251e-06
9355.0,-7.350058183992322e-06
9356.0,-7.465158525091824e-06
9357.0,-7.579423675687462e-06
9358.0,-7.692832541476848e-06
9359.0,-7.805364311049067e-06
9360.0,-7.916998473430479e-06
9361.0,-8.027714834689156e-06
9362.0,-8.137493533590001e-06
9363.0,-8.24631505629512e-06
9364.0,-8.35416025010383e-06
9365.0,-8.461010336224492e-06
9366.0,-8.56684692156665e-06
9367.0,-8.671652009537334e-06
9368.0,-8.77540800982012e-06
9369.0,-8.87809774711007e-06
9370.0,-8.979704468772737e-06
9371.0,-9.08021185139143e-06
9372.0,-9.179604006164613e-06
9373.0,-9.277865483115486e-06
9374.0,-9.374981274079481e-06
9375.0,-9.470936814442206e-06
9376.0,-9.565717983610546e-06
9377.0,-9.659311104211711e-06
9378.0,-9.751702940028836e-06
9379.0,-9.842880692695684e-06
9380.0,-9.932831997186438e-06
9381.0,-1.0021544916148309e-05
9382.0,-1.0109007933134666e-05
9383.0,-1.0195209944804112e-05
9384.0,-1.0280140252156615e-05
9385.0,-1.036378855088121e-05
9386.0,-1.044614492089086e-05
9387.0,-1.0527199815118594e-05
9388.0,-1.0606944047645422e-05
9389.0,-1.0685368781225552e-05
9390.0,-1.0762465514268871e-05
9391.0,-1.083822606733552e-05
9392.0,-1.0912642569193255e-05
9393.0,-1.098570744248582e-05
9394.0,-1.1057413389059735e-05
9395.0,-1.1127753374997813e-05
9396.0,-1.1196720615409915e-05
9397.0,-1.1264308559034945e-05
9398.0,-1.1330510872713057e-05
9399.0,-1.1395321425793501e-05
9400.0,-1.145873427455112e-05
9401.0,-1.1520743646691567e-05
9402.0,-1.1581343926030836e-05
9403.0,-1.1640529637438262e-05
9404.0,-1.1698295432133795e-05
9405.0,-1.1754636073430681e-05
9406.0,-1.1809546423013004e-05
9407.0,-1.1863021427833993e-05
9408.0,-1.1915056107715174e-05
9409.0,-1.1965645543718649e-05
9410.0,-1.2014784867355213e-05
9411.0,-1.2062469250680223e-05
9412.0,-1.210869389731776e-05
9413.0,-1.215345403444253e-05
9414.0,-1.2196744905739549e-05
9415.0,-1.2238561765354314e-05
9416.0,-1.2278899872842196e-05
9417.0,-1.2317754489124898e-05
9418.0,-1.2355120873463317e-05
9419.0,-1.2390994281458222e-05
9420.0,-1.2425369964090876e-05
9421.0,-1.2458243167814733e-05
9422.0,-1.2489609135706558e-05
9423.0,-1.2519463109681353e-05
9424.0,-1.2547800333770479e-05
9425.0,-1.2574616058455684e-05
9426.0,-1.2599905546044245e-05
9427.0,-1.262366407706299e-05
9428.0,-1.2645886957643025e-05
9429.0,-1.266656952786344e-05
9430.0,-1.2685707171020531e-05
9431.0,-1.2703295323788268e-05
9432.0,-1.2719329487234825e-05
9433.0,-1.2733805238658475e-05
9434.0,-1.274671824420441e-05
9435.0,-1.2758064272222619e-05
9436.0,-1.2767839207325708e-05
9437.0,-1.2776039065104973e-05
9438.0,-1.2782660007462578e-05
9439.0,-1.278769835851787e-05
9440.0,-1.2791150621046302e-05
9441.0,-1.2793013493410527e-05
9442.0,-1.2793283886943614e-05
9443.0,-1.2791958943743756e-05
9444.0,-1.2789036054836831e-05
9445.0,-1.2784512878657932e-05
9446.0,-1.2778387359795644e-05
9447.0,-1.277065774793381e-05
9448.0,-1.276132261691533e-05
9449.0,-1.2750380883841998e-05
9450.0,-1.2737831828113613e-05
9451.0,-1.2723675110300354e-05
9452.0,-1.2707910790735805e-05
9453.0,-1.2690539347714841e-05
9454.0,-1.2671561695181437e-05
9455.0,-1.265097919979485e-05
9456.0,-1.2628793697268136e-05
9457.0,-1.2605007507879942e-05
9458.0,-1.257962345106932e-05
9459.0,-1.2552644859033411e-05
9460.0,-1.2524075589259382e-05
9461.0,-1.2493920035934113e-05
9462.0,-1.246218314018727e-05
9463.0,-1.2428870399135691e-05
9464.0,-1.2393987873708932e-05
9465.0,-1.2357542195247394e-05
9466.0,-1.231954057087447e-05
9467.0,-1.227999078765202e-05
9468.0,-1.223890121553267e-05
9469.0,-1.2196280809123988e-05
9470.0,-1.2152139108278471e-05
9471.0,-1.2106486237521025e-05
9472.0,-1.2059332904322093e-05
9473.0,-1.2010690396220416e-05
9474.0,-1.1960570576795337e-05
9475.0,-1.1908985880486088e-05
9476.0,-1.1855949306255763e-05
9477.0,-1.1801474410101008e-05
9478.0,-1.1745575296414074e-05
9479.0,-1.1688266608211057e-05
9480.0,-1.1629563516247484e-05
9481.0,-1.1569481707050063e-05
9482.0,-1.1508037369901172e-05
9483.0,-1.1445247182820544e-05
9484.0,-1.1381128297596405e-05
9485.0,-1.1315698323925664e-05
9486.0,-1.1248975312729201e-05
9487.0,-1.118097773871362e-05
9488.0,-1.1111724482255447e-05
9489.0,-1.1041234810686528e-05
9490.0,-1.0969528359060059e-05
9491.0,-1.0896625110474852e-05
9492.0,-1.0822545376030929e-05
9493.0,-1.0747309774483353e-05
9494.0,-1.0670939211653967e-05
9495.0,-1.0593454859653378e-05
9496.0,-1.0514878135958468e-05
9497.0,-1.0435230682384332e-05
9498.0,-1.0354534343984512e-05
9499.0,-1.0272811147910573e-05
9500.0,-1.0190083282262328e-05
9501.0,-1.0106373074962483e-05
9502.0,-1.002170297269327e-05
9503.0,-9.936095519936414e-06
9504.0,-9.849573338161456e-06
9505.0,-9.762159105210603e-06
9506.0,-9.673875534931412e-06
9507.0,-9.584745357110833e-06
9508.0,-9.494791297765256e-06
9509.0,-9.40403605984036e-06
9510.0,-9.312502304372214e-06
9511.0,-9.220212632157065e-06
9512.0,-9.127189565972483e-06
9513.0,-9.033455533386302e-06
9514.0,-8.939032850182339e-06
9515.0,-8.843943704423252e-06
9516.0,-8.74821014116143e-06
9517.0,-8.651854047799889e-06
9518.0,-8.55489714009744e-06
9519.0,-8.457360948806477e-06
9520.0,-8.359266806928035e-06
9521.0,-8.260635837567062e-06
9522.0,-8.161488942371403e-06
9523.0,-8.061846790540605e-06
9524.0,-7.96172980839478e-06
9525.0,-7.861158169498716e-06
9526.0,-7.760151785340895e-06
9527.0,-7.658730296570457e-06
9528.0,-7.556913064796939e-06
9529.0,-7.454719164958395e-06
9530.0,-7.352167378262927e-06
9531.0,-7.249276185707316e-06
9532.0,-7.146063762173707e-06
9533.0,-7.042547971101412e-06
9534.0,-6.938746359726063e-06
9535.0,-6.834676154873102e-06
9536.0,-6.730354259287433e-06
9537.0,-6.625797248476389e-06
9538.0,-6.521021368039136e-06
9539.0,-6.416042531452705e-06
9540.0,-6.310876318283442e-06
9541.0,-6.205537972793714e-06
9542.0,-6.100042402917671e-06
9543.0,-5.99440417958657e-06
9544.0,-5.888637536393857e-06
9545.0,-5.78275636960143e-06
9546.0,-5.6767742385014125e-06
9547.0,-5.570704366161011e-06
9548.0,-5.464559640590346e-06
9549.0,-5.3583526163834275e-06
9550.0,-5.25209551688944e-06
9551.0,-5.145800236975337e-06
9552.0,-5.039478346441156e-06
9553.0,-4.933141094147419e-06
9554.0,-4.826799412909613e-06
9555.0,-4.72046392520887e-06
9556.0,-4.6141449497607185e-06
9557.0,-4.507852508975408e-06
9558.0,-4.4015963373343985e-06
9559.0,-4.295385890697987e-06
9560.0,-4.189230356549278e-06
9561.0,-4.0831386651693675e-06
9562.0,-3.977119501727977e-06
9563.0,-3.8711813192626835e-06
9564.0,-3.7653323525091073e-06
9565.0,-3.6595806325339557e-06
9566.0,-3.5539340021135806e-06
9567.0,-3.448400131792979e-06
9568.0,-3.3429865365540225e-06
9569.0,-3.2377005930168156e-06
9570.0,-3.1325495570936862e-06
9571.0,-3.0275405820109804e-06
9572.0,-2.9226807366089858e-06
9573.0,-2.8179770238252787e-06
9574.0,-2.7134363992612298e-06
9575.0,-2.6090657897260974e-06
9576.0,-2.504872111648871e-06
9577.0,-2.400862289245384e-06
9578.0,-2.297043272327782e-06
9579.0,-2.1934220536448753e-06
9580.0,-2.090005685645986e-06
9581.0,-1.9868012965671248e-06
9582.0,-1.8838161057471787e-06
9583.0,-1.7810574380921662e-06
9584.0,-1.6785327376170268e-06
9585.0,-1.5762495800059717e-06
9586.0,-1.4742156841436186e-06
9587.0,-1.3724389225801923e-06
9588.0,-1.2709273309048453e-06
9589.0,-1.1696891160119498e-06
9590.0,-1.0687326632557472e-06
9591.0,-9.680665424984722e-07
9592.0,-8.676995130652702e-07
9593.0,-7.676405276255637e-07
9594.0,-6.678987350247208e-07
9595.0,-5.684834820918799e-07
9596.0,-4.6940431444987136e-07
9597.0,-3.706709763514859e-07
9598.0,-2.722934095633193e-07
9599.0,-1.7428175131473007e-07
9600.0,-7.664633132556714e-08
9601.0,2.060233207698836e-08
9602.0,1.1745353674461242e-07
9603.0,2.138964023905949e-07
9604.0,3.0991987716325225e-07
9605.0,4.0551274510386883e-07
9606.0,5.006636344827369e-07
9607.0,5.953610270065243e-07
9608.0,6.895932678901473e-07
9609.0,7.833485767860286e-07
9610.0,8.76615059562772e-07
9611.0,9.693807209234632e-07
9612.0,1.0616334778506959e-06
9613.0,1.1533611738612092e-06
9614.0,1.2445515940475324e-06
9615.0,1.3351924808776898e-06
9616.0,1.4252715507170965e-06
9617.0,1.5147765110292136e-06
9618.0,1.6036950782033977e-06
9619.0,1.6920149959495599e-06
9620.0,1.779724054190006e-06
9621.0,1.866810108369333e-06
9622.0,1.953261099093555e-06
9623.0,2.039065071999945e-06
9624.0,2.1242101977493035e-06
9625.0,2.20868479202274e-06
9626.0,2.2924773353955493e-06
9627.0,2.375576492952169e-06
9628.0,2.457971133498933e-06
9629.0,2.539650348225676e-06
9630.0,2.6206034686635786e-06
9631.0,2.7008200837852086e-06
9632.0,2.7802900560937935e-06
9633.0,2.8590035365529967e-06
9634.0,2.9369509782160407e-06
9635.0,3.0141231484239656e-06
9636.0,3.090511139456782e-06
9637.0,3.1661063775376734e-06
9638.0,3.2409006301087477e-06
9639.0,3.314886011316668e-06
9640.0,3.3880549856673903e-06
9641.0,3.4604003698307275e-06
9642.0,3.5319153325965943e-06
9643.0,3.602593393004308e-06
9644.0,3.672428416683184e-06
9645.0,3.7414146104559736e-06
9646.0,3.809546515266242e-06
9647.0,3.876818997496679e-06
9648.0,3.943227238748879e-06
9649.0,4.00876672415718e-06
9650.0,4.073433229310747e-06
9651.0,4.13722280585947e-06
9652.0,4.200131765880884e-06
9653.0,4.262156665087773e-06
9654.0,4.323294284959685e-06
9655.0,4.383541613886431e-06
9656.0,4.442895827418183e-06
9657.0,4.50135426772488e-06
9658.0,4.5589144223771555e-06
9659.0,4.615573902571445e-06
9660.0,4.671330420932764e-06
9661.0,4.72618176903982e-06
9662.0,4.780125794828444e-06
9663.0,4.833160380040215e-06
9664.0,4.885283417892221e-06
9665.0,4.936492791149837e-06
9666.0,4.986786350785536e-06
9667.0,5.036161895402857e-06
9668.0,5.084617151595592e-06
9669.0,5.132149755398403e-06
9670.0,5.178757234967448e-06
9671.0,5.224436994609724e-06
9672.0,5.269186300259402e-06
9673.0,5.313002266479338e-06
9674.0,5.355881845046874e-06
9675.0,5.397821815165268e-06
9676.0,5.438818775326811e-06
9677.0,5.478869136841818e-06
9678.0,5.51796911904041e-06
9679.0,5.556114746151424e-06
9680.0,5.5933018458649935e-06
9681.0,5.629526049591559e-06
9682.0,5.664782794439017e-06
9683.0,5.69906732694001e-06
9684.0,5.732374708571373e-06
9685.0,5.7646998231156614e-06
9686.0,5.796037385918874e-06
9687.0,5.8263819550970654e-06
9688.0,5.855727944736249e-06
9689.0,5.884069640115033e-06
9690.0,5.9114012149587035e-06
9691.0,5.937716750708119e-06
9692.0,5.963010257758492e-06
9693.0,5.987275698592797e-06
9694.0,6.010507012703212e-06
9695.0,6.032698143162578e-06
9696.0,6.053843064676791e-06
9697.0,6.073935812919448e-06
9698.0,6.092970514923242e-06
9699.0,6.110941420280511e-06
9700.0,6.12784293289012e-06
9701.0,6.143669642981758e-06
9702.0,6.158416359152863e-06
9703.0,6.172078140167612e-06
9704.0,6.18465032628958e-06
9705.0,6.196128569946357e-06
9706.0,6.206508865551956e-06
9707.0,6.2157875783381825e-06
9708.0,6.2239614720674976e-06
9709.0,6.231027735516177e-06
9710.0,6.236984007627809e-06
9711.0,6.241828401243644e-06
9712.0,6.245559525319131e-06
9713.0,6.248176505536377e-06
9714.0,6.249679003221851e-06
9715.0,6.250067232478616e-06
9716.0,6.249341975443755e-06
9717.0,6.247504595584399e-06
9718.0,6.244557048949736e-06
9719.0,6.240501893301247e-06
9720.0,6.235342295049457e-06
9721.0,6.229082033934099e-06
9722.0,6.221725505397093e-06
9723.0,6.21327772061561e-06
9724.0,6.203744304186357e-06
9725.0,6.19313148948147e-06
9726.0,6.181446111729316e-06
9727.0,6.168695598906905e-06
9728.0,6.154887960561482e-06
9729.0,6.140031774704452e-06
9730.0,6.124136172939247e-06
9731.0,6.107210823995555e-06
9732.0,6.089265915845561e-06
9733.0,6.070312136574681e-06
9734.0,6.0503606541711145e-06
9735.0,6.029423095387265e-06
9736.0,6.007511523813037e-06
9737.0,5.984638417288029e-06
9738.0,5.9608166447675054e-06
9739.0,5.936059442746409e-06
9740.0,5.910380391336249e-06
9741.0,5.883793390081341e-06
9742.0,5.856312633593275e-06
9743.0,5.827952587076631e-06
9744.0,5.798727961815486e-06
9745.0,5.76865369069009e-06
9746.0,5.737744903796261e-06
9747.0,5.706016904245742e-06
9748.0,5.673485144232453e-06
9749.0,5.640165201455546e-06
9750.0,5.606072755993674e-06
9751.0,5.571223567724858e-06
9752.0,5.535633454381813e-06
9753.0,5.499318270323473e-06
9754.0,5.4622938860903e-06
9755.0,5.4245761687950985e-06
9756.0,5.386180963384336e-06
9757.0,5.347124074789457e-06
9758.0,5.307421250974887e-06
9759.0,5.267088166880113e-06
9760.0,5.226140409247776e-06
9761.0,5.184593462327534e-06
9762.0,5.142462694446064e-06
9763.0,5.099763345435923e-06
9764.0,5.056510514919695e-06
9765.0,5.012719151450431e-06
9766.0,4.9684040425149475e-06
9767.0,4.923579805412827e-06
9768.0,4.878260879030319e-06
9769.0,4.832461516533743e-06
9770.0,4.78619577901049e-06
9771.0,4.739477530086716e-06
9772.0,4.692320431548447e-06
9773.0,4.644737939986652e-06
9774.0,4.596743304476524e-06
9775.0,4.548349565286938e-06
9776.0,4.499569553599491e-06
9777.0,4.450415892198972e-06
9778.0,4.40090099708005e-06
9779.0,4.351037079899995e-06
9780.0,4.300836151195212e-06
9781.0,4.250310024271746e-06
9782.0,4.199470319676508e-06
9783.0,4.148328470156277e-06
9784.0,4.096895726014363e-06
9785.0,4.04518316077933e-06
9786.0,3.993201677105914e-06
9787.0,3.9409620128347636e-06
9788.0,3.888474747144385e-06
9789.0,3.835750306735065e-06
9790.0,3.782798971990337e-06
9791.0,3.729630883066442e-06
9792.0,3.6762560458639024e-06
9793.0,3.622684337836953e-06
9794.0,3.5689255135962184e-06
9795.0,3.5149892102575474e-06
9796.0,3.460884952486177e-06
9797.0,3.406622157180883e-06
9798.0,3.3522101377385506e-06
9799.0,3.29765810783657e-06
9800.0,3.242975184669756e-06
9801.0,3.1881703915809546e-06
9802.0,3.1332526600305495e-06
9803.0,3.078230830859752e-06
9804.0,3.0231136548155374e-06
9805.0,2.9679097923201127e-06
9806.0,2.912627812483798e-06
9807.0,2.8572761913757843e-06
9808.0,2.801863309581626e-06
9809.0,2.746397449088758e-06
9810.0,2.69088678955126e-06
9811.0,2.6353394039927424e-06
9812.0,2.579763254011165e-06
9813.0,2.524166184552007e-06
9814.0,2.4685559183164442e-06
9815.0,2.4129400498693274e-06
9816.0,2.3573260395086424e-06
9817.0,2.301721206954e-06
9818.0,2.2461327249073363e-06
9819.0,2.1905676125347057e-06
9820.0,2.1350327289148507e-06
9821.0,2.0795347664987388e-06
9822.0,2.024080244625142e-06
9823.0,1.9686755031407456e-06
9824.0,1.913326696179111e-06
9825.0,1.8580397861607386e-06
9826.0,1.8028205380859864e-06
9827.0,1.7476745142029884e-06
9828.0,1.6926070691429745e-06
9829.0,1.6376233456243021e-06
9830.0,1.5827282708331892e-06
9831.0,1.527926553592993e-06
9832.0,1.4732226824349491e-06
9833.0,1.4186209246816548e-06
9834.0,1.364125326650329e-06
9835.0,1.3097397150764391e-06
9836.0,1.2554676998496227e-06
9837.0,1.2013126781434714e-06
9838.0,1.147277840009206e-06
9839.0,1.0933661754911792e-06
9840.0,1.0395804833103768e-06
9841.0,9.859233811511776e-07
9842.0,9.323973175771539e-07
9843.0,8.790045855936257e-07
9844.0,8.257473378683268e-07
9845.0,7.726276036172205e-07
9846.0,7.196473071599203e-07
9847.0,6.668082881482957e-07
9848.0,6.141123234717051e-07
9849.0,5.615611508417692e-07
9850.0,5.091564940578863e-07
9851.0,4.5690008995076973e-07
9852.0,4.04793716994603e-07
9853.0,3.52839225568557e-07
9854.0,3.0103856983506564e-07
9855.0,2.493938411860945e-07
9856.0,1.979073031903939e-07
9857.0,1.4658142795521014e-07
9858.0,9.541893379596696e-08
9859.0,4.442282408781672e-08
9860.0,-6.403572845399118e-09
9861.0,-5.7056562965464914e-08
9862.0,-1.0753204505163737e-07
9863.0,-1.578254687148228e-07
9864.0,-2.079317920867606e-07
9865.0,-2.578454393822868e-07
9866.0,-3.0756025853618484e-07
9867.0,-3.570694791181476e-07
9868.0,-4.063656707302083e-07
9869.0,-4.554407020908457e-07
9870.0,-5.042857010095623e-07
9871.0,-5.528910154553801e-07
9872.0,-6.012461759234643e-07
9873.0,-6.493398593064588e-07
9874.0,-6.971598544814967e-07
9875.0,-7.446930298299458e-07
9876.0,-7.919253029142176e-07
9877.0,-8.388416125438033e-07
9878.0,-8.854258934703261e-07
9879.0,-9.316610539579358e-07
9880.0,-9.775289564800165e-07
9881.0,-1.0230104017950545e-06
9882.0,-1.0680851166530846e-06
9883.0,-1.1127317453786591e-06
9884.0,-1.156927845566866e-06
9885.0,-1.2006498881155604e-06
9886.0,-1.2438732618006002e-06
9887.0,-1.2865722825822112e-06
9888.0,-1.3287202078102294e-06
9889.0,-1.3702892554747932e-06
9890.0,-1.4112506286276535e-06
9891.0,-1.4515745450780785e-06
9892.0,-1.491230272446857e-06
9893.0,-1.5301861686425084e-06
9894.0,-1.5684097278059935e-06
9895.0,-1.605867631754256e-06
9896.0,-1.642525806938631e-06
9897.0,-1.6783494869210145e-06
9898.0,-1.7133032803576192e-06
9899.0,-1.7473512444664036e-06
9900.0,-1.7804569639387107e-06
9901.0,-1.812583635237823e-06
9902.0,-1.8436941562063313e-06
9903.0,-1.8737512208798583e-06
9904.0,-1.902717419376464e-06
9905.0,-1.9305553426986935e-06
9906.0,-1.957227692249074e-06
9907.0,-1.98269739382054e-06
9908.0,-2.006927715782101e-06
9909.0,-2.0298823911380765e-06
9910.0,-2.05152574309809e-06
9911.0,-2.071822813755433e-06
9912.0,-2.0907394954344864e-06
9913.0,-2.108242664234565e-06
9914.0,-2.124300315268439e-06
9915.0,-2.1388816990692794e-06
9916.0,-2.15195745862002e-06
9917.0,-2.1634997664437486e-06
9918.0,-2.1734824611827235e-06
9919.0,-2.1818811830865827e-06
9920.0,-2.1886735078263806e-06
9921.0,-2.193839078049919e-06
9922.0,-2.197359732094522e-06
9923.0,-2.19921962927544e-06
9924.0,-2.1994053711706002e-06
9925.0,-2.197906118324719e-06
9926.0,-2.194713701797362e-06
9927.0,-2.1898227289803966e-06
9928.0,-2.183230683110745e-06
9929.0,-2.1749380159047003e-06
9930.0,-2.1649482327407535e-06
9931.0,-2.153267969819814e-06
9932.0,-2.13990706273648e-06
9933.0,-2.124878605903616e-06
9934.0,-2.108199002286339e-06
9935.0,-2.0898880029207765e-06
9936.0,-2.069968735718387e-06
9937.0,-2.0484677230879524e-06
9938.0,-2.0254148879450317e-06
9939.0,-2.0008435477221914e-06
9940.0,-1.9747903960421217e-06
9941.0,-1.9472954717685614e-06
9942.0,-1.918402115206034e-06
9943.0,-1.8881569112777676e-06
9944.0,-1.856609619571459e-06
9945.0,-1.8238130912038024e-06
9946.0,-1.7898231725164724e-06
9947.0,-1.7546985956775298e-06
9948.0,-1.7185008563224744e-06
9949.0,-1.6812940784283029e-06
9950.0,-1.6431448666719806e-06
9951.0,-1.6041221465819778e-06
9952.0,-1.5642969928480762e-06
9953.0,-1.523742446211701e-06
9954.0,-1.4825333194172036e-06
9955.0,-1.4407459927642999e-06
9956.0,-1.398458199863321e-06
9957.0,-1.3557488042572376e-06
9958.0,-1.3126975676371474e-06
9959.0,-1.2693849104401153e-06
9960.0,-1.225891665678611e-06
9961.0,-1.1822988269084707e-06
9962.0,-1.1386872912961326e-06
9963.0,-1.095137598795736e-06
9964.0,-1.0517296684921247e-06
9965.0,-1.0085425332068198e-06
9966.0,-9.65654073500744e-07
9967.0,-9.231407522400433e-07
9968.0,-8.810773509200509e-07
9969.0,-8.395367089668433e-07
9970.0,-7.985894672559278e-07
9971.0,-7.583038171032698e-07
9972.0,-7.187452559951487e-07
9973.0,-6.799763513305166e-07
9974.0,-6.420565134523433e-07
9975.0,-6.050417792424302e-07
9976.0,-5.689846075469508e-07
9977.0,-5.339336876878906e-07
9978.0,-4.999337622986553e-07
9979.0,-4.6702546570056066e-07
9980.0,-4.352451790099601e-07
9981.0,-4.04624903132355e-07
9982.0,-3.7519215075866187e-07
9983.0,-3.4696985842845494e-07
9984.0,-3.199763196648484e-07
9985.0,-2.9422514011426666e-07
9986.0,-2.6972521554105005e-07
9987.0,-2.4648073343098924e-07
9988.0,-2.2449119884967137e-07
9989.0,-2.037514850812852e-07
9990.0,-1.8425190944161396e-07
9991.0,-1.6597833451588735e-07
9992.0,-1.4891229491858805e-07
9993.0,-1.3303114950916162e-07
9994.0,-1.1830825882560986e-07
9995.0,-1.0471318731792909e-07
9996.0,-9.221192977631337e-08
9997.0,-8.07671611551193e-08
9998.0,-7.033850879318261e-08
9999.0,-6.088284582377432e-08
10000.0,-5.2354604353408914e-08
