time_seconds,x
0.0,-7.844103518237532e-06
1.0,-7.895234279812303e-06
2.0,-7.946361258738315e-06
3.0,-7.997389973568625e-06
4.0,-8.048220569369203e-06
5.0,-8.098747914166295e-06
6.0,-8.148861711695916e-06
7.0,-8.198446630295922e-06
8.0,-8.247382447720561e-06
9.0,-8.29554421158067e-06
10.0,-8.342802415031795e-06
11.0,-8.389023187266794e-06
12.0,-8.434068498328257e-06
13.0,-8.477796377730002e-06
14.0,-8.52006114635099e-06
15.0,-8.560713661034056e-06
16.0,-8.59960157129298e-06
17.0,-8.636569587510851e-06
18.0,-8.671459760000969e-06
19.0,-8.704111768295228e-06
20.0,-8.734363220021901e-06
21.0,-8.762049958734229e-06
22.0,-8.787006380052823e-06
23.0,-8.809065755488265e-06
24.0,-8.828060563316336e-06
25.0,-8.843822825885377e-06
26.0,-8.856184452736221e-06
27.0,-8.864977588904069e-06
28.0,-8.87003496774721e-06
29.0,-8.871190267610366e-06
30.0,-8.868278471580665e-06
31.0,-8.861136229534115e-06
32.0,-8.849602221603482e-06
33.0,-8.833517522130376e-06
34.0,-8.812725963101392e-06
35.0,-8.78707449601574e-06
36.0,-8.756413551092878e-06
37.0,-8.720597392704154e-06
38.0,-8.679484469902126e-06
39.0,-8.632937760923745e-06
40.0,-8.580825110555746e-06
41.0,-8.523019559272262e-06
42.0,-8.459399663087137e-06
43.0,-8.389849803107634e-06
44.0,-8.314260483831122e-06
45.0,-8.232528619288359e-06
46.0,-8.144557806201486e-06
47.0,-8.050258583386919e-06
48.0,-7.949548676690377e-06
49.0,-7.842353228792533e-06
50.0,-7.728605013271735e-06
51.0,-7.6082446323589535e-06
52.0,-7.481220697872976e-06
53.0,-7.347489994881737e-06
54.0,-7.207017627697623e-06
55.0,-7.059777147878471e-06
56.0,-6.905750663968283e-06
57.0,-6.74492893276971e-06
58.0,-6.577311431992854e-06
59.0,-6.402906414173179e-06
60.0,-6.221730941798032e-06
61.0,-6.033810903629843e-06
62.0,-5.839181012268108e-06
63.0,-5.637884783052504e-06
64.0,-5.429974494474607e-06
65.0,-5.215511130332714e-06
66.0,-4.994564303931276e-06
67.0,-4.767212164691815e-06
68.0,-4.5335412876055754e-06
69.0,-4.293646546019397e-06
70.0,-4.0476309683059285e-06
71.0,-3.7956055790263264e-06
72.0,-3.5376892252459566e-06
73.0,-3.27400838870919e-06
74.0,-3.0046969846170087e-06
75.0,-2.7298961477821803e-06
76.0,-2.4497540069635237e-06
77.0,-2.1644254482057383e-06
78.0,-1.8740718680345085e-06
79.0,-1.5788609173766398e-06
80.0,-1.2789662370899847e-06
81.0,-9.745671859960208e-07
82.0,-6.658485623079433e-07
83.0,-3.5300031933829336e-07
84.0,-3.621727635367962e-08
85.0,2.843011745770952e-07
86.0,6.083513649174427e-07
87.0,9.357256483765244e-07
88.0,1.2662127012164445e-06
89.0,1.5995978233835735e-06
90.0,1.9356632397096803e-06
91.0,2.2741884004442625e-06
92.0,2.614950280395806e-06
93.0,2.957723675976119e-06
94.0,3.302281499457843e-06
95.0,3.6483950697710976e-06
96.0,3.995834399182224e-06
97.0,4.344368475217395e-06
98.0,4.693765537218108e-06
99.0,5.043793346944656e-06
100.0,5.3942194526769434e-06
101.0,5.744811446297663e-06
102.0,6.095337212879569e-06
103.0,6.445565172336147e-06
104.0,6.795264512733569e-06
105.0,7.1442054149018306e-06
106.0,7.492159268024127e-06
107.0,7.838898875926322e-06
108.0,8.184198653833634e-06
109.0,8.527834815409726e-06
110.0,8.869585549942199e-06
111.0,9.209231189586036e-06
112.0,9.546554366621254e-06
113.0,9.881340160724736e-06
114.0,1.0213376236300209e-05
115.0,1.0542452969954312e-05
116.0,1.0868363568248864e-05
117.0,1.1190904175897504e-05
118.0,1.1509873974609192e-05
119.0,1.1825075272812473e-05
120.0,1.2136313586524176e-05
121.0,1.2443397711654365e-05
122.0,1.274613978806528e-05
123.0,1.304435535572603e-05
124.0,1.3337863403328064e-05
125.0,1.3626486409749213e-05
126.0,1.391005037877505e-05
127.0,1.4188384867503373e-05
128.0,1.446132300886939e-05
129.0,1.4728701528736463e-05
130.0,1.4990360758001777e-05
131.0,1.5246144640169826e-05
132.0,1.549590073484961e-05
133.0,1.573948021763393e-05
134.0,1.597673787682104e-05
135.0,1.6207532107438734e-05
136.0,1.643172490302868e-05
137.0,1.6649181845642442e-05
138.0,1.685977209449178e-05
139.0,1.7063368373684982e-05
140.0,1.725984695946916e-05
141.0,1.744908766738526e-05
142.0,1.763097383972735e-05
143.0,1.780539233368065e-05
144.0,1.7972233510492484e-05
145.0,1.813139122600771e-05
146.0,1.828276282287433e-05
147.0,1.842624912469771e-05
148.0,1.8561754432393646e-05
149.0,1.8689186522963192e-05
150.0,1.8808456650884986e-05
151.0,1.8919479552293234e-05
152.0,1.902217345208164e-05
153.0,1.911646007404634e-05
154.0,1.9202264654155382e-05
155.0,1.9279515957008952e-05
156.0,1.934814629553301e-05
157.0,1.9408091553928966e-05
158.0,1.9459291213883867e-05
159.0,1.950168838402918e-05
160.0,1.9535229832621124e-05
161.0,1.955986602340014e-05
162.0,1.957555115457025e-05
163.0,1.958224320082093e-05
164.0,1.9579903958296214e-05
165.0,1.9568499092398794e-05
166.0,1.9547998188301788e-05
167.0,1.95183748040262e-05
168.0,1.9479606525926567e-05
169.0,1.9431675026411013e-05
170.0,1.9374566123704923e-05
171.0,1.9308269843451632e-05
172.0,1.9232780481928213e-05
173.0,1.9148096670640938e-05
174.0,1.905422144205254e-05
175.0,1.8951162296182544e-05
176.0,1.8838931267811504e-05
177.0,1.8717544994010804e-05
178.0,1.8587024781710555e-05
179.0,1.8447396675010217e-05
180.0,1.829869152192913e-05
181.0,1.814094504028766e-05
182.0,1.797419788240461e-05
183.0,1.77984956982933e-05
184.0,1.7613889197038387e-05
185.0,1.7420434206036885e-05
186.0,1.7218191727789552e-05
187.0,1.7007227993931563e-05
188.0,1.6787614516194038e-05
189.0,1.6559428133991565e-05
190.0,1.6322751058335188e-05
191.0,1.607767091177556e-05
192.0,1.582428076408611e-05
193.0,1.5562679163401812e-05
194.0,1.529297016253546e-05
195.0,1.5015263340200943e-05
196.0,1.4729673816882168e-05
197.0,1.4436322265096172e-05
198.0,1.4135334913810324e-05
199.0,1.3826843546786744e-05
200.0,1.3510985494641973e-05
201.0,1.3187903620425963e-05
202.0,1.2857746298540116e-05
203.0,1.2520667386829037e-05
204.0,1.2176826191695285e-05
205.0,1.1826387426101161e-05
206.0,1.1469521160336886e-05
207.0,1.1106402765450443e-05
208.0,1.073721284925107e-05
209.0,1.0362137184815804e-05
210.0,9.98136663144674e-06
211.0,9.59509704804486e-06
212.0,9.203529198884608e-06
213.0,8.806868651791681e-06
214.0,8.405325668745584e-06
215.0,7.999115088948384e-06
216.0,7.588456204421962e-06
217.0,7.173572628217287e-06
218.0,6.754692155340451e-06
219.0,6.332046616520915e-06
220.0,5.905871724966651e-06
221.0,5.476406916268638e-06
222.0,5.043895181633425e-06
223.0,4.608582894638002e-06
224.0,4.170719631716644e-06
225.0,3.7305579866044243e-06
226.0,3.288353378976368e-06
227.0,2.8443638575346996e-06
228.0,2.398849897809266e-06
229.0,1.952074194948592e-06
230.0,1.504301451791153e-06
231.0,1.0557981625184113e-06
232.0,6.068323922031816e-07
233.0,1.5767355257973135e-07
234.0,-2.914078256249843e-07
235.0,-7.401403234463903e-07
236.0,-1.1882518671596472e-06
237.0,-1.6354699641049217e-06
238.0,-2.0815219404778637e-06
239.0,-2.526135180695572e-06
240.0,-2.9690373679434105e-06
241.0,-3.4099567255055254e-06
242.0,-3.8486222584819185e-06
243.0,-4.284763995496878e-06
244.0,-4.718113230006538e-06
245.0,-5.148402760816973e-06
246.0,-5.575367131428358e-06
247.0,-5.99874286782516e-06
248.0,-6.418268714337014e-06
249.0,-6.833685867199774e-06
250.0,-7.244738205452213e-06
251.0,-7.651172518811044e-06
252.0,-8.05273873217553e-06
253.0,-8.449190126422117e-06
254.0,-8.840283555158922e-06
255.0,-9.225779657119216e-06
256.0,-9.605443063882189e-06
257.0,-9.979042602617545e-06
258.0,-1.0346351493556988e-05
259.0,-1.0707147541900185e-05
260.0,-1.1061213323866617e-05
261.0,-1.1408336366608781e-05
262.0,-1.1748309321708235e-05
263.0,-1.2080930131983414e-05
264.0,-1.2406002191347003e-05
265.0,-1.2723334497461263e-05
266.0,-1.3032741796952992e-05
267.0,-1.333404472296673e-05
268.0,-1.3627069924855782e-05
269.0,-1.3911650189834735e-05
270.0,-1.4187624556444163e-05
271.0,-1.445483841970788e-05
272.0,-1.4713143627895453e-05
273.0,-1.4962398570836654e-05
274.0,-1.5202468259768154e-05
275.0,-1.5433224398724587e-05
276.0,-1.5654545447515635e-05
277.0,-1.5866316676358e-05
278.0,-1.6068430212256623e-05
279.0,-1.6260785077252472e-05
280.0,-1.6443287218673573e-05
281.0,-1.6615849531541782e-05
282.0,-1.6778391873298792e-05
283.0,-1.6930841071021754e-05
284.0,-1.7073130921301236e-05
285.0,-1.7205202182953643e-05
286.0,-1.7327002562736958e-05
287.0,-1.7438486694234445e-05
288.0,-1.7539616110066196e-05
289.0,-1.7630359207584256e-05
290.0,-1.771069120820446e-05
291.0,-1.7780594110527036e-05
292.0,-1.7840056637398824e-05
293.0,-1.788907417707318e-05
294.0,-1.792764871862956e-05
295.0,-1.7955788781824494e-05
296.0,-1.7973509341558715e-05
297.0,-1.798083174716098e-05
298.0,-1.7977783636706314e-05
299.0,-1.7964398846603886e-05
300.0,-1.7940717316706716e-05
301.0,-1.7906784991211584e-05
302.0,-1.7862653715632762e-05
303.0,-1.7808381130146777e-05
304.0,-1.7744030559616257e-05
305.0,-1.7669670900608366e-05
306.0,-1.7585376505726493e-05
307.0,-1.7491227065572605e-05
308.0,-1.738730748865157e-05
309.0,-1.72737077795183e-05
310.0,-1.715052291545448e-05
311.0,-1.7017852721945934e-05
312.0,-1.687580174721479e-05
313.0,-1.6724479136043694e-05
314.0,-1.6563998503112038e-05
315.0,-1.6394477806047006e-05
316.0,-1.6216039218375436e-05
317.0,-1.6028809002546374e-05
318.0,-1.5832917383180028e-05
319.0,-1.5628498420687576e-05
320.0,-1.5415689885398365e-05
321.0,-1.5194633132327001e-05
322.0,-1.496547297671125e-05
323.0,-1.4728357570452075e-05
324.0,-1.4483438279588347e-05
325.0,-1.4230869562940431e-05
326.0,-1.3970808852058863e-05
327.0,-1.3703416432616259e-05
328.0,-1.342885532738169e-05
329.0,-1.3147291180916198e-05
330.0,-1.285889214612489e-05
331.0,-1.2563828772794995e-05
332.0,-1.2262273898240086e-05
333.0,-1.1954402540158712e-05
334.0,-1.1640391791801273e-05
335.0,-1.132042071952318e-05
336.0,-1.0994670262786007e-05
337.0,-1.0663323136651893e-05
338.0,-1.0326563736799862e-05
339.0,-9.984578047075358e-06
340.0,-9.637553549566183e-06
341.0,-9.285679137179789e-06
342.0,-8.929145028679723e-06
343.0,-8.568142686123977e-06
344.0,-8.202864734635779e-06
345.0,-7.833504884428042e-06
346.0,-7.46025785499601e-06
347.0,-7.083319301387923e-06
348.0,-6.702885742460114e-06
349.0,-6.3191544910204675e-06
350.0,-5.932323585762964e-06
351.0,-5.54259172489626e-06
352.0,-5.150158201371224e-06
353.0,-4.755222839615695e-06
354.0,-4.357985933688598e-06
355.0,-3.958648186768936e-06
356.0,-3.557410651897002e-06
357.0,-3.154474673884722e-06
358.0,-2.750041832309152e-06
359.0,-2.3443138854982917e-06
360.0,-1.937492715412453e-06
361.0,-1.5297802733183273e-06
362.0,-1.1213785261472416e-06
363.0,-7.124894034234535e-07
364.0,-3.033147446425878e-07
365.0,1.0594375302570948e-07
366.0,5.150845868424091e-07
367.0,9.239065005468813e-07
368.0,1.3322085364859557e-06
369.0,1.7397900879622205e-06
370.0,2.1464509519368516e-06
371.0,2.5519913822173492e-06
372.0,2.956212143254226e-06
373.0,3.358914564663424e-06
374.0,3.7599005965831646e-06
375.0,4.1589728659645575e-06
376.0,4.555934733884219e-06
377.0,4.950590353954635e-06
378.0,5.342744731894684e-06
379.0,5.732203786309139e-06
380.0,6.118774410712143e-06
381.0,6.50226453681574e-06
382.0,6.882483199090806e-06
383.0,7.259240600594953e-06
384.0,7.632348180051225e-06
385.0,8.001618680152775e-06
386.0,8.366866217062543e-06
387.0,8.72790635107247e-06
388.0,9.08455615838408e-06
389.0,9.436634303970834e-06
390.0,9.78396111548248e-06
391.0,1.012635865815164e-05
392.0,1.046365081066258e-05
393.0,1.079566334194098e-05
394.0,1.1122223988821475e-05
395.0,1.144316253454643e-05
396.0,1.1758310888044488e-05
397.0,1.2067503163931366e-05
398.0,1.2370575763168769e-05
399.0,1.2667367454310756e-05
400.0,1.295771945526062e-05
401.0,1.3241475515454953e-05
402.0,1.3518481998384808e-05
403.0,1.3788587964356614e-05
404.0,1.4051645253388354e-05
405.0,1.4307508568129194e-05
406.0,1.4556035556683878e-05
407.0,1.4797086895216706e-05
408.0,1.503052637020482e-05
409.0,1.5256220960207277e-05
410.0,1.5474040917015417e-05
411.0,1.568385984605104e-05
412.0,1.588555478588169e-05
413.0,1.607900628672669e-05
414.0,1.6264098487833803e-05
415.0,1.644071919361368e-05
416.0,1.6608759948427108e-05
417.0,1.676811610992803e-05
418.0,1.6918686920872617e-05
419.0,1.7060375579310822e-05
420.0,1.7193089307081674e-05
421.0,1.731673941653729e-05
422.0,1.743124137542436e-05
423.0,1.753651486985696e-05
424.0,1.7632483865321237e-05
425.0,1.7719076665660505e-05
426.0,1.77962259699976e-05
427.0,1.786386892755908e-05
428.0,1.7921947190372553e-05
429.0,1.7970406963813396e-05
430.0,1.8009199054980442e-05
431.0,1.803827891888148e-05
432.0,1.8057606702409493e-05
433.0,1.806714728608944e-05
434.0,1.8066870323573836e-05
435.0,1.8056750278863595e-05
436.0,1.803676646122892e-05
437.0,1.800690305780403e-05
438.0,1.7967149163830162e-05
439.0,1.7917498810523212e-05
440.0,1.7857950990545706e-05
441.0,1.7788509681066367e-05
442.0,1.7709183864394348e-05
443.0,1.7619987546178918e-05
444.0,1.7520939771168763e-05
445.0,1.7412064636527913e-05
446.0,1.7293391302707832e-05
447.0,1.7164954001877164e-05
448.0,1.7026792043912562e-05
449.0,1.687894981995537e-05
450.0,1.6721476803540076e-05
451.0,1.6554427549301113e-05
452.0,1.6377861689264917e-05
453.0,1.6191843926734855e-05
454.0,1.5996444027776774e-05
455.0,1.5791736810312685e-05
456.0,1.5577802130828823e-05
457.0,1.5354724868702025e-05
458.0,1.5122594908145128e-05
459.0,1.4881507117767836e-05
460.0,1.4631561327744566e-05
461.0,1.4372862304575296e-05
462.0,1.4105519723420375e-05
463.0,1.382964813798613e-05
464.0,1.3545366947935343e-05
465.0,1.3252800363795783e-05
466.0,1.295207736934073e-05
467.0,1.2643331681417567e-05
468.0,1.232670170720369e-05
469.0,1.2002330498872542e-05
470.0,1.1670365705656186e-05
471.0,1.133095952329429e-05
472.0,1.0984268640862243e-05
473.0,1.0630454184973627e-05
474.0,1.026968166135396e-05
475.0,9.902120893783707e-06
476.0,9.52794596040902e-06
477.0,9.147335127418511e-06
478.0,8.76047078008411e-06
479.0,8.367539351163811e-06
480.0,7.96873124666463e-06
481.0,7.564240768965218e-06
482.0,7.154266037299476e-06
483.0,6.739008905604207e-06
484.0,6.3186748777346965e-06
485.0,5.893473020051789e-06
486.0,5.4636158713826846e-06
487.0,5.029319350355504e-06
488.0,4.590802660105216e-06
489.0,4.148288190346048e-06
490.0,3.702001416803745e-06
491.0,3.252170798000035e-06
492.0,2.7990276693813225e-06
493.0,2.3428061347835066e-06
494.0,1.8837429552243489e-06
495.0,1.4220774350143105e-06
496.0,9.580513051764074e-07
497.0,4.91908604166094e-07
498.0,2.3895555883754755e-08
499.0,-4.457395550249763e-07
500.0,-9.167465105822017e-07
501.0,-1.3888732896005603e-06
502.0,-1.8618662005067401e-06
503.0,-2.3354700168501843e-06
504.0,-2.809428115474116e-06
505.0,-3.2834826173179448e-06
506.0,-3.757374530810825e-06
507.0,-4.230843897805939e-06
508.0,-4.703629941994334e-06
509.0,-5.1754712197271165e-06
510.0,-5.646105773166431e-06
511.0,-6.11527128567939e-06
512.0,-6.5827052393849e-06
513.0,-7.0481450747604706e-06
514.0,-7.511328352214575e-06
515.0,-7.97199291552792e-06
516.0,-8.429877057063987e-06
517.0,-8.884719684644248e-06
518.0,-9.336260489976857e-06
519.0,-9.784240118520141e-06
520.0,-1.0228400340654483e-05
521.0,-1.0668484224029051e-05
522.0,-1.1104236306942881e-05
523.0,-1.1535402772613534e-05
524.0,-1.1961731624180372e-05
525.0,-1.2382972860283616e-05
526.0,-1.2798878651054804e-05
527.0,-1.3209203514348264e-05
528.0,-1.3613704492036774e-05
529.0,-1.4012141326186746e-05
530.0,-1.4404276634918517e-05
531.0,-1.4789876087745102e-05
532.0,-1.516870858016868e-05
533.0,-1.554054640729919e-05
534.0,-1.5905165436245436e-05
535.0,-1.6262345277018373e-05
536.0,-1.6611869451679965e-05
537.0,-1.6953525561469705e-05
538.0,-1.7287105451644452e-05
539.0,-1.761240537377404e-05
540.0,-1.7929226145243544e-05
541.0,-1.8237373305721288e-05
542.0,-1.8536657270358782e-05
543.0,-1.8826893479494525e-05
544.0,-1.9107902544639023e-05
545.0,-1.9379510390524243e-05
546.0,-1.9641548393007786e-05
547.0,-1.989385351263049e-05
548.0,-2.013626842363475e-05
549.0,-2.036864163825911e-05
550.0,-2.0590827626131993e-05
551.0,-2.0802686928594802e-05
552.0,-2.1004086267793487e-05
553.0,-2.1194898650388025e-05
554.0,-2.1375003465740866e-05
555.0,-2.1544286578457107e-05
556.0,-2.1702640415159417e-05
557.0,-2.1849964045388763e-05
558.0,-2.1986163256526972e-05
559.0,-2.2111150622639658e-05
560.0,-2.222484556713935e-05
561.0,-2.232717441917082e-05
562.0,-2.241807046362472e-05
563.0,-2.2497473984691646e-05
564.0,-2.2565332302875793e-05
565.0,-2.262159980539437e-05
566.0,-2.2666237969896334e-05
567.0,-2.269921538144237e-05
568.0,-2.2720507742698407e-05
569.0,-2.2730097877307995e-05
570.0,-2.2727975726424873e-05
571.0,-2.27141383384051e-05
572.0,-2.268858985167804e-05
573.0,-2.265134147083598e-05
574.0,-2.2602411436003426e-05
575.0,-2.2541824985568632e-05
576.0,-2.2469614312381327e-05
577.0,-2.238581851354151e-05
578.0,-2.229048353392336e-05
579.0,-2.218366210359504e-05
580.0,-2.206541366930811e-05
581.0,-2.1935804320237633e-05
582.0,-2.1794906708156105e-05
583.0,-2.164279996222066e-05
584.0,-2.1479569598545514e-05
585.0,-2.130530742472277e-05
586.0,-2.1120111439446763e-05
587.0,-2.092408572739171e-05
588.0,-2.0717340349489828e-05
589.0,-2.0499991228756113e-05
590.0,-2.0272160031806574e-05
591.0,-2.003397404621843e-05
592.0,-1.9785566053884343e-05
593.0,-1.952707420051854e-05
594.0,-1.9258641861480935e-05
595.0,-1.898041750409567e-05
596.0,-1.869255454665333e-05
597.0,-1.8395211214299437e-05
598.0,-1.8088550392025765e-05
599.0,-1.777273947499381e-05
600.0,-1.7447950216431422e-05
601.0,-1.7114358573354337e-05
602.0,-1.677214455037376e-05
603.0,-1.6421492041859437e-05
604.0,-1.6062588672733636e-05
605.0,-1.5695625638174417e-05
606.0,-1.5320797542505327e-05
607.0,-1.493830223754313e-05
608.0,-1.4548340660665677e-05
609.0,-1.415111667285007e-05
610.0,-1.3746836896918692e-05
611.0,-1.3335710556218038e-05
612.0,-1.2917949313943458e-05
613.0,-1.2493767113311187e-05
614.0,-1.2063380018767535e-05
615.0,-1.1627006058413468e-05
616.0,-1.1184865067811451e-05
617.0,-1.0737178535330502e-05
618.0,-1.0284169449175738e-05
619.0,-9.82606214624098e-06
620.0,-9.363082162917212e-06
621.0,-8.895456087986018e-06
622.0,-8.423411417724667e-06
623.0,-7.947176413347618e-06
624.0,-7.466979960907819e-06
625.0,-6.983051433780268e-06
626.0,-6.495620557849927e-06
627.0,-6.004917279525487e-06
628.0,-5.511171636699453e-06
629.0,-5.0146136327725505e-06
630.0,-4.515473113855846e-06
631.0,-4.013979649256304e-06
632.0,-3.5103624153398635e-06
633.0,-3.0048500828509104e-06
634.0,-2.4976707077495e-06
635.0,-1.9890516256094016e-06
636.0,-1.4792193496025368e-06
637.0,-9.683994720794454e-07
638.0,-4.568165697413049e-07
639.0,5.530588761334883e-08
640.0,5.677456247948422e-07
641.0,1.0802816454189381e-06
642.0,1.5926943126405188e-06
643.0,2.1047654264810854e-06
644.0,2.6162782978174514e-06
645.0,3.1270178191103703e-06
646.0,3.6367705319627482e-06
647.0,4.145324691606476e-06
648.0,4.6524703284231275e-06
649.0,5.157999306605974e-06
650.0,5.661705380068582e-06
651.0,6.163384245699477e-06
652.0,6.662833594054091e-06
653.0,7.159853157565628e-06
654.0,7.65424475634712e-06
655.0,8.14581234164955e-06
656.0,8.63436203703647e-06
657.0,9.119702177334663e-06
658.0,9.601643345421742e-06
659.0,1.0079998406914472e-05
660.0,1.0554582542824394e-05
661.0,1.102521328025038e-05
662.0,1.1491710521179931e-05
663.0,1.195389656947302e-05
664.0,1.2411596156103978e-05
665.0,1.2864636462739671e-05
666.0,1.3312847143735688e-05
667.0,1.3756060346637121e-05
668.0,1.419411073127526e-05
669.0,1.4626835487555667e-05
670.0,1.5054074352035683e-05
671.0,1.5475669623390537e-05
672.0,1.5891466176866882e-05
673.0,1.6301311477820917e-05
674.0,1.670505559443605e-05
675.0,1.710255120971251e-05
676.0,1.7493653632819612e-05
677.0,1.7878220809900194e-05
678.0,1.825611333441575e-05
679.0,1.862719445712039e-05
680.0,1.8991330095752393e-05
681.0,1.93483888445344e-05
682.0,1.96982419835769e-05
683.0,2.0040763488284386e-05
684.0,2.037583003886772e-05
685.0,2.070332103006962e-05
686.0,2.1023118581211838e-05
687.0,2.1335107546673025e-05
688.0,2.163917552690468e-05
689.0,2.1935212880089813e-05
690.0,2.222311273454473e-05
691.0,2.250277100195891e-05
692.0,2.2774086391561628e-05
693.0,2.303696042529603e-05
694.0,2.3291297454072588e-05
695.0,2.3537004675163077e-05
696.0,2.3773992150784307e-05
697.0,2.400217282790747e-05
698.0,2.4221462559314975e-05
699.0,2.4431780125911625e-05
700.0,2.4633047260281693e-05
701.0,2.48251886714671e-05
702.0,2.5008132070925023e-05
703.0,2.5181808199606616e-05
704.0,2.534615085608292e-05
705.0,2.5501096925630464e-05
706.0,2.5646586410177864e-05
707.0,2.5782562459005046e-05
708.0,2.590897140007829e-05
709.0,2.6025762771895792e-05
710.0,2.6132889355710268e-05
711.0,2.6230307207986458e-05
712.0,2.631797569294319e-05
713.0,2.639585751502186e-05
714.0,2.646391875111669e-05
715.0,2.652212888239714e-05
716.0,2.657046082554983e-05
717.0,2.6608890963266367e-05
718.0,2.663739917380406e-05
719.0,2.665596885944825e-05
720.0,2.666458697370691e-05
721.0,2.6663244047070034e-05
722.0,2.665193421116788e-05
723.0,2.6630655221163934e-05
724.0,2.659940847622064e-05
725.0,2.655819903787891e-05
726.0,2.650703564619597e-05
727.0,2.644593073349052e-05
728.0,2.6374900435549885e-05
729.0,2.629396460016132e-05
730.0,2.6203146792839416e-05
731.0,2.610247429963401e-05
732.0,2.599197812691797e-05
733.0,2.5871692998071102e-05
734.0,2.574165734699491e-05
735.0,2.5601913308412077e-05
736.0,2.5452506704924014e-05
737.0,2.529348703081929e-05
738.0,2.512490743264513e-05
739.0,2.494682468657317e-05
740.0,2.475929917260937e-05
741.0,2.4562394845716337e-05
742.0,2.4356179203933453e-05
743.0,2.4140723253596596e-05
744.0,2.3916101471774023e-05
745.0,2.3682391766048738e-05
746.0,2.3439675431789695e-05
747.0,2.318803710706531e-05
748.0,2.2927564725362406e-05
749.0,2.2658349466281927e-05
750.0,2.2380485704389132e-05
751.0,2.2094070956400114e-05
752.0,2.1799205826888403e-05
753.0,2.1495993952695374e-05
754.0,2.11845419462267e-05
755.0,2.086495933781464e-05
756.0,2.0537358517323078e-05
757.0,2.0201854675169354e-05
758.0,1.985856574293387e-05
759.0,1.9507612333725644e-05
760.0,1.9149117682468895e-05
761.0,1.878320758627276e-05
762.0,1.8410010345043203e-05
763.0,1.8029656702493193e-05
764.0,1.7642279787703932e-05
765.0,1.7248015057385963e-05
766.0,1.6847000238983458e-05
767.0,1.6439375274757538e-05
768.0,1.602528226697443e-05
769.0,1.5604865424312025e-05
770.0,1.5178271009584578e-05
771.0,1.4745647288870131e-05
772.0,1.4307144482110057e-05
773.0,1.386291471523473e-05
774.0,1.3413111973854004e-05
775.0,1.2957892058535882e-05
776.0,1.2497412541680893e-05
777.0,1.2031832725983582e-05
778.0,1.1561313604456245e-05
779.0,1.1086017821974414e-05
780.0,1.0606109638289082e-05
781.0,1.0121754892437535e-05
782.0,9.633120968472776e-06
783.0,9.140376762420172e-06
784.0,8.643692650359056e-06
785.0,8.143240457516139e-06
786.0,7.639193428247136e-06
787.0,7.1317261967734686e-06
788.0,6.621014758532822e-06
789.0,6.107236441995938e-06
790.0,5.590569880797362e-06
791.0,5.071194986024579e-06
792.0,4.549292918507771e-06
793.0,4.0250460609508125e-06
794.0,3.4986379897430668e-06
795.0,2.970253446290662e-06
796.0,2.44007830770574e-06
797.0,1.9082995566926626e-06
798.0,1.3751052504715271e-06
799.0,8.406844885814397e-07
800.0,3.052273794078103e-07
801.0,-2.3107499472011515e-07
802.0,-7.680306140140561e-07
803.0,-1.3054465594449755e-06
804.0,-1.843129052844098e-06
805.0,-2.3808834990329486e-06
806.0,-2.9185145301241946e-06
807.0,-3.4558260521290523e-06
808.0,-3.992621293999863e-06
809.0,-4.528702859228552e-06
810.0,-5.0638727801130084e-06
811.0,-5.597932574794183e-06
812.0,-6.1306833071563675e-06
813.0,-6.661925649671033e-06
814.0,-7.19145994925112e-06
815.0,-7.719086296167281e-06
816.0,-8.244604596061037e-06
817.0,-8.767814645072682e-06
818.0,-9.288516208084456e-06
819.0,-9.806509100062563e-06
820.0,-1.0321593270464913e-05
821.0,-1.0833568890664983e-05
822.0,-1.1342236444325806e-05
823.0,-1.1847396820642054e-05
824.0,-1.2348851410352446e-05
825.0,-1.2846402204409916e-05
826.0,-1.3339851895182877e-05
827.0,-1.3829003980047899e-05
828.0,-1.4313662867221843e-05
829.0,-1.479363398367014e-05
830.0,-1.526872388491722e-05
831.0,-1.5738740366575644e-05
832.0,-1.620349257740265e-05
833.0,-1.666279113368645e-05
834.0,-1.711644823476013e-05
835.0,-1.7564277779437463e-05
836.0,-1.8006095483162433e-05
837.0,-1.8441718995662326e-05
838.0,-1.8870968018892747e-05
839.0,-1.9293664425060987e-05
840.0,-1.9709632374512727e-05
841.0,-2.0118698433264778e-05
842.0,-2.0520691689965456e-05
843.0,-2.0915443872063493e-05
844.0,-2.130278946096669e-05
845.0,-2.168256580597264e-05
846.0,-2.2054613236755317e-05
847.0,-2.2418775174193157e-05
848.0,-2.277489823932676e-05
849.0,-2.3122832360236993e-05
850.0,-2.3462430876638202e-05
851.0,-2.3793550641985768e-05
852.0,-2.4116052122902485e-05
853.0,-2.442979949573379e-05
854.0,-2.473466074004817e-05
855.0,-2.5030507728906145e-05
856.0,-2.531721631573032e-05
857.0,-2.5594666417620773e-05
858.0,-2.5862742094975077e-05
859.0,-2.6121331627291033e-05
860.0,-2.63703275850511e-05
861.0,-2.6609626897610024e-05
862.0,-2.6839130917028335e-05
863.0,-2.7058745477813358e-05
864.0,-2.7268380952544707e-05
865.0,-2.7467952303372938e-05
866.0,-2.7657379129389002e-05
867.0,-2.7836585709869246e-05
868.0,-2.8005501043407434e-05
869.0,-2.816405888295197e-05
870.0,-2.831219776677353e-05
871.0,-2.8449861045395752e-05
872.0,-2.857699690452867e-05
873.0,-2.8693558384051017e-05
874.0,-2.8799503393092747e-05
875.0,-2.8894794721272563e-05
876.0,-2.8979400046146883e-05
877.0,-2.9053291936926566e-05
878.0,-2.911644785451632e-05
879.0,-2.916885014792972e-05
880.0,-2.9210486047131006e-05
881.0,-2.924134765235409e-05
882.0,-2.92614319199503e-05
883.0,-2.927074064481987e-05
884.0,-2.9269280439487723e-05
885.0,-2.925706270989064e-05
886.0,-2.9234103627949658e-05
887.0,-2.9200424101007335e-05
888.0,-2.9156049738214093e-05
889.0,-2.9101010813950983e-05
890.0,-2.903534222837761e-05
891.0,-2.8959083465193868e-05
892.0,-2.8872278546703058e-05
893.0,-2.8774975986262355e-05
894.0,-2.8667228738205086e-05
895.0,-2.8549094145318125e-05
896.0,-2.8420633883957025e-05
897.0,-2.828191390688081e-05
898.0,-2.8133004383887994e-05
899.0,-2.797397964033489e-05
900.0,-2.7804918093616614e-05
901.0,-2.7625902187689648e-05
902.0,-2.743701832571255e-05
903.0,-2.7238356800877664e-05
904.0,-2.7030011725502954e-05
905.0,-2.681208095844918e-05
906.0,-2.658466603092477e-05
907.0,-2.634787207073895e-05
908.0,-2.610180772506271e-05
909.0,-2.5846585081756426e-05
910.0,-2.5582319589322153e-05
911.0,-2.5309129975537997e-05
912.0,-2.5027138164831877e-05
913.0,-2.473646919445274e-05
914.0,-2.4437251129498856e-05
915.0,-2.4129614976865383e-05
916.0,-2.381369459817636e-05
917.0,-2.348962662176978e-05
918.0,-2.3157550353807746e-05
919.0,-2.2817607688586933e-05
920.0,-2.246994301812756e-05
921.0,-2.2114703141121966e-05
922.0,-2.175203717132631e-05
923.0,-2.1382096445481063e-05
924.0,-2.1005034430846964e-05
925.0,-2.0621006632443534e-05
926.0,-2.023017050007642e-05
927.0,-1.9832685335238422e-05
928.0,-1.942871219796709e-05
929.0,-1.9018413813739595e-05
930.0,-1.8601954480483597e-05
931.0,-1.8179499975781377e-05
932.0,-1.77512174643437e-05
933.0,-1.7317275405829778e-05
934.0,-1.6877843463090646e-05
935.0,-1.64330924109147e-05
936.0,-1.5983194045356595e-05
937.0,-1.5528321093733536e-05
938.0,-1.506864712537574e-05
939.0,-1.4604346463220871e-05
940.0,-1.413559409634463e-05
941.0,-1.3662565593522396e-05
942.0,-1.3185437017919015e-05
943.0,-1.2704384843006211e-05
944.0,-1.2219585869809395e-05
945.0,-1.1731217145587784e-05
946.0,-1.1239455884053852e-05
947.0,-1.0744479387239732e-05
948.0,-1.0246464969118678e-05
949.0,-9.745589881088322e-06
950.0,-9.242031239419611e-06
951.0,-8.735965954771086e-06
952.0,-8.227570663863069e-06
953.0,-7.7170216634005e-06
954.0,-7.20449484632595e-06
955.0,-6.6901656404759756e-06
956.0,-6.174208949705179e-06
957.0,-5.656799097533302e-06
958.0,-5.138109773362465e-06
959.0,-4.618313981303798e-06
960.0,-4.097583991645457e-06
961.0,-3.576091294986586e-06
962.0,-3.0540065590542623e-06
963.0,-2.5314995882123503e-06
964.0,-2.0087392856628634e-06
965.0,-1.4858936183320877e-06
966.0,-9.631295844256323e-07
967.0,-4.406131836288268e-07
968.0,8.149061007840604e-08
969.0,6.030178730305422e-07
970.0,1.1238057539552865e-06
971.0,1.643692493575983e-06
972.0,2.1625174417995823e-06
973.0,2.6801210725603828e-06
974.0,3.1963449963983252e-06
975.0,3.711031970859271e-06
976.0,4.224025908812839e-06
977.0,4.735171884791463e-06
978.0,5.244316139462477e-06
979.0,5.75130608235311e-06
980.0,6.255990292956339e-06
981.0,6.7582185203531e-06
982.0,7.2578416814935755e-06
983.0,7.754711858286661e-06
984.0,8.248682293652764e-06
985.0,8.739607386700147e-06
986.0,9.227342687189303e-06
987.0,9.711744889453281e-06
988.0,1.0192671825944684e-05
989.0,1.0669982460582107e-05
990.0,1.11435368820705e-05
991.0,1.1613196297370547e-05
992.0,1.2078823025492563e-05
993.0,1.2540280491789428e-05
994.0,1.299743322292129e-05
995.0,1.345014684266028e-05
996.0,1.3898288068697214e-05
997.0,1.434172471060395e-05
998.0,1.478032566909616e-05
999.0,1.5213960936732125e-05
1000.0,1.564250160017462e-05
1001.0,1.6065819844135125e-05
1002.0,1.6483788957112756e-05
1003.0,1.689628333903382e-05
1004.0,1.730317851089101e-05
1005.0,1.7704351126472904e-05
1006.0,1.8099678986264207e-05
1007.0,1.848904105358515e-05
1008.0,1.8872317473025362e-05
1009.0,1.9249389591211886e-05
1010.0,1.9620139979933086e-05
1011.0,1.9984452461618896e-05
1012.0,2.0342212137156528e-05
1013.0,2.0693305416000355e-05
1014.0,2.103762004851811e-05
1015.0,2.137504516050242e-05
1016.0,2.1705471289766673e-05
1017.0,2.202879042473556e-05
1018.0,2.2344896044932515e-05
1019.0,2.2653683163258e-05
1020.0,2.2955048369944534e-05
1021.0,2.324888987806629e-05
1022.0,2.353510757047388e-05
1023.0,2.3813603048018667e-05
1024.0,2.408427967892552e-05
1025.0,2.434704264916877e-05
1026.0,2.4601799013703e-05
1027.0,2.4848457748398417e-05
1028.0,2.5086929802529407e-05
1029.0,2.5317128151664077e-05
1030.0,2.5538967850801617e-05
1031.0,2.575236608760322e-05
1032.0,2.5957242235560768e-05
1033.0,2.615351790694657e-05
1034.0,2.634111700538673e-05
1035.0,2.6519965777901633e-05
1036.0,2.668999286625892e-05
1037.0,2.6851129357488138e-05
1038.0,2.7003308833411107e-05
1039.0,2.714646741904884e-05
1040.0,2.7280543829773667e-05
1041.0,2.7405479417083712e-05
1042.0,2.7521218212885447e-05
1043.0,2.7627706972177674e-05
1044.0,2.7724895214036504e-05
1045.0,2.7812735260806525e-05
1046.0,2.7891182275408903e-05
1047.0,2.796019429668298e-05
1048.0,2.8019732272685133e-05
1049.0,2.8069760091876574e-05
1050.0,2.8110244612140964e-05
1051.0,2.814115568758272e-05
1052.0,2.8162466193067466e-05
1053.0,2.817415204647706e-05
1054.0,2.8176192228661055e-05
1055.0,2.8168568801074528e-05
1056.0,2.8151266921097687e-05
1057.0,2.8124274855036114e-05
1058.0,2.8087583988802727e-05
1059.0,2.8041188836284908e-05
1060.0,2.7985087045404315e-05
1061.0,2.7919279401883216e-05
1062.0,2.784376983074043e-05
1063.0,2.77585653955517e-05
1064.0,2.7663676295522814e-05
1065.0,2.7559115860437213e-05
1066.0,2.7444900543552523e-05
1067.0,2.7321049912530497e-05
1068.0,2.7187586638492723e-05
1069.0,2.7044536483299415e-05
1070.0,2.6891928285151998e-05
1071.0,2.6729793942622452e-05
1072.0,2.6558168397214388e-05
1073.0,2.637708961456295e-05
1074.0,2.61865985643833e-05
1075.0,2.5986739199280364e-05
1076.0,2.5777558432535688e-05
1077.0,2.5559106114989795e-05
1078.0,2.5331435011140982e-05
1079.0,2.5094600774582762e-05
1080.0,2.4848661922903184e-05
1081.0,2.4593679812169468e-05
1082.0,2.4329718611120744e-05
1083.0,2.4056845275190555e-05
1084.0,2.3775129520478956e-05
1085.0,2.3484643797792296e-05
1086.0,2.3185463266867626e-05
1087.0,2.287766577089762e-05
1088.0,2.256133181147151e-05
1089.0,2.2236544524046606e-05
1090.0,2.1903389654063606e-05
1091.0,2.1561955533816092e-05
1092.0,2.1212333060180448e-05
1093.0,2.0854615673306493e-05
1094.0,2.0488899336361578e-05
1095.0,2.0115282516412137e-05
1096.0,1.9733866166517195e-05
1097.0,1.9344753709098392e-05
1098.0,1.8948051020641266e-05
1099.0,1.8543866417772385e-05
1100.0,1.8132310644746897e-05
1101.0,1.7713496862371394e-05
1102.0,1.728754063837724e-05
1103.0,1.68545599392499e-05
1104.0,1.641467512350963e-05
1105.0,1.59680089364278e-05
1106.0,1.5514686506151054e-05
1107.0,1.5054835341192865e-05
1108.0,1.4588585329238493e-05
1109.0,1.4116068737196438e-05
1110.0,1.3637420212417155e-05
1111.0,1.3152776784988648e-05
1112.0,1.2662277871008785e-05
1113.0,1.2166065276725521e-05
1114.0,1.166428320342838e-05
1115.0,1.115707825296698e-05
1116.0,1.0644599433764407e-05
1117.0,1.0126998167184533e-05
1118.0,9.604428294101971e-06
1119.0,9.077046081512305e-06
1120.0,8.545010229008504e-06
1121.0,8.008481874938046e-06
1122.0,7.467624602044982e-06
1123.0,6.922604442392228e-06
1124.0,6.373589881351635e-06
1125.0,5.820751860443952e-06
1126.0,5.2642637788067254e-06
1127.0,4.7043014930661205e-06
1128.0,4.141043315387701e-06
1129.0,3.574670009481367e-06
1130.0,3.0053647843359123e-06
1131.0,2.4333132854597456e-06
1132.0,1.8587035834052515e-06
1133.0,1.2817261593561177e-06
1134.0,7.02573887559326e-07
1135.0,1.21442014387346e-07
1136.0,-4.6147186617842236e-07
1137.0,-1.0459678408444013e-06
1138.0,-1.6318437092735665e-06
1139.0,-2.2188950205067427e-06
1140.0,-2.806915113705156e-06
1141.0,-3.3956951633707267e-06
1142.0,-3.98502422918905e-06
1143.0,-4.574689310628424e-06
1144.0,-5.164475406416475e-06
1145.0,-5.7541655790033e-06
1146.0,-6.34354102410635e-06
1147.0,-6.9323811454172e-06
1148.0,-7.520463634533996e-06
1149.0,-8.10756455616525e-06
1150.0,-8.693458438630995e-06
1151.0,-9.2779183696665e-06
1152.0,-9.86071609751178e-06
1153.0,-1.0441622137247254e-05
1154.0,-1.102040588231217e-05
1155.0,-1.159683572111786e-05
1156.0,-1.2170679158642972e-05
1157.0,-1.2741702942873037e-05
1158.0,-1.3309673195922378e-05
1159.0,-1.3874355549652625e-05
1160.0,-1.4435515285578573e-05
1161.0,-1.4992917478828904e-05
1162.0,-1.5546327145906207e-05
1163.0,-1.6095509395969332e-05
1164.0,-1.6640229585341708e-05
1165.0,-1.71802534749328e-05
1166.0,-1.7715347390246532e-05
1167.0,-1.8245278383640242e-05
1168.0,-1.8769814398491352e-05
1169.0,-1.928872443492729e-05
1170.0,-1.980177871677782e-05
1171.0,-2.0308748859417327e-05
1172.0,-2.0809408038176015e-05
1173.0,-2.130353115701161e-05
1174.0,-2.1790895017145307e-05
1175.0,-2.227127848537663e-05
1176.0,-2.27444626618e-05
1177.0,-2.3210231046650816e-05
1178.0,-2.366836970601029e-05
1179.0,-2.4118667436097118e-05
1180.0,-2.456091592587183e-05
1181.0,-2.499490991767748e-05
1182.0,-2.542044736563912e-05
1183.0,-2.583732959154537e-05
1184.0,-2.6245361437937678e-05
1185.0,-2.6644351418137873e-05
1186.0,-2.7034111862951874e-05
1187.0,-2.7414459063796686e-05
1188.0,-2.7785213412008906e-05
1189.0,-2.8146199534105524e-05
1190.0,-2.849724642278187e-05
1191.0,-2.8838187563447145e-05
1192.0,-2.9168861056114348e-05
1193.0,-2.9489109732477792e-05
1194.0,-2.9798781268027447e-05
1195.0,-3.0097728289064855e-05
1196.0,-3.0385808474500927e-05
1197.0,-3.0662884652331606e-05
1198.0,-3.092882489070371e-05
1199.0,-3.118350258349986e-05
1200.0,-3.1426796530388726e-05
1201.0,-3.165859101130273e-05
1202.0,-3.187877585532001e-05
1203.0,-3.2087246503938416e-05
1204.0,-3.228390406873688e-05
1205.0,-3.2468655383423334e-05
1206.0,-3.264141305026984e-05
1207.0,-3.280209548093607e-05
1208.0,-3.295062693168357e-05
1209.0,-3.308693753298664e-05
1210.0,-3.321096331355173e-05
1211.0,-3.3322646218766036e-05
1212.0,-3.342193412360585e-05
1213.0,-3.3508780840046794e-05
1214.0,-3.358314611902959e-05
1215.0,-3.364499564704681e-05
1216.0,-3.3694301037427496e-05
1217.0,-3.373103981640658e-05
1218.0,-3.375519540407513e-05
1219.0,-3.376675709031537e-05
1220.0,-3.376572000583253e-05
1221.0,-3.3752085088403606e-05
1222.0,-3.372585904447261e-05
1223.0,-3.368705430623147e-05
1224.0,-3.363568898433729e-05
1225.0,-3.3571786816427917e-05
1226.0,-3.3495377111609244e-05
1227.0,-3.34064946910962e-05
1228.0,-3.3305179825195e-05
1229.0,-3.319147816681567e-05
1230.0,-3.306544068170117e-05
1231.0,-3.292712357555423e-05
1232.0,-3.2776588218235966e-05
1233.0,-3.261390106520294e-05
1234.0,-3.243913357634282e-05
1235.0,-3.225236213236379e-05
1236.0,-3.205366794888915e-05
1237.0,-3.184313698840711e-05
1238.0,-3.1620859870224894e-05
1239.0,-3.138693177857799e-05
1240.0,-3.114145236904716e-05
1241.0,-3.088452567343905e-05
1242.0,-3.061626000328854e-05
1243.0,-3.0336767852143467e-05
1244.0,-3.0046165796792985e-05
1245.0,-2.974457439760192e-05
1246.0,-2.9432118098113464e-05
1247.0,-2.9108925124082904e-05
1248.0,-2.877512738210573e-05
1249.0,-2.843086035800472e-05
1250.0,-2.807626301514169e-05
1251.0,-2.7711477692819792e-05
1252.0,-2.7336650004939962e-05
1253.0,-2.6951928739069923e-05
1254.0,-2.6557465756075902e-05
1255.0,-2.6153415890456102e-05
1256.0,-2.573993685150224e-05
1257.0,-2.531718912540128e-05
1258.0,-2.4885335878374904e-05
1259.0,-2.444454286094004e-05
1260.0,-2.3994978313359567e-05
1261.0,-2.3536812872339386e-05
1262.0,-2.3070219479015567e-05
1263.0,-2.2595373288265353e-05
1264.0,-2.2112451579367075e-05
1265.0,-2.1621633668028038e-05
1266.0,-2.1123100819794717e-05
1267.0,-2.0617036164856428e-05
1268.0,-2.010362461425119e-05
1269.0,-1.9583052777480403e-05
1270.0,-1.9055508881537305e-05
1271.0,-1.852118269135284e-05
1272.0,-1.7980265431662005e-05
1273.0,-1.74329497102939e-05
1274.0,-1.6879429442889885e-05
1275.0,-1.6319899779055345e-05
1276.0,-1.5754557029951514e-05
1277.0,-1.5183598597333776e-05
1278.0,-1.4607222904041393e-05
1279.0,-1.4025629325940536e-05
1280.0,-1.3439018125317565e-05
1281.0,-1.2847590385713103e-05
1282.0,-1.2251547948179962e-05
1283.0,-1.1651093348940219e-05
1284.0,-1.1046429758409575e-05
1285.0,-1.0437760921550628e-05
1286.0,-9.82529109951166e-06
1287.0,-9.209225012503118e-06
1288.0,-8.589767783860466e-06
1289.0,-7.967124885238954e-06
1290.0,-7.3415020828832915e-06
1291.0,-6.713105384912707e-06
1292.0,-6.0821409895598745e-06
1293.0,-5.448815234300813e-06
1294.0,-4.813334545812808e-06
1295.0,-4.175905390698515e-06
1296.0,-3.5367342269166936e-06
1297.0,-2.8960274558633147e-06
1298.0,-2.2539913750505116e-06
1299.0,-1.6108321313345158e-06
1300.0,-9.667556746465866e-07
1301.0,-3.2196771218294665e-07
1302.0,3.233263369887532e-07
1303.0,9.689213869471518e-07
1304.0,1.6146127295978846e-06
1305.0,2.2601960790547326e-06
1306.0,2.905467615758759e-06
1307.0,3.5502240303745813e-06
1308.0,4.194262567505361e-06
1309.0,4.837381069270484e-06
1310.0,5.479378018791528e-06
1311.0,6.120052583632982e-06
1312.0,6.759204659245247e-06
1313.0,7.396634912458622e-06
1314.0,8.032144825078772e-06
1315.0,8.665536737635778e-06
1316.0,9.296613893340273e-06
1317.0,9.925180482301258e-06
1318.0,1.0551041686060536e-05
1319.0,1.1174003722498269e-05
1320.0,1.1793873891162237e-05
1321.0,1.241046061906982e-05
1322.0,1.3023573507026066e-05
1323.0,1.3633023376494377e-05
1324.0,1.423862231704868e-05
1325.0,1.4840183734428408e-05
1326.0,1.5437522399210856e-05
1327.0,1.6030454496108474e-05
1328.0,1.661879767389208e-05
1329.0,1.7202371095933305e-05
1330.0,1.7780995491350844e-05
1331.0,1.8354493206735788e-05
1332.0,1.892268825842136e-05
1333.0,1.9485406385252893e-05
1334.0,2.0042475101804953e-05
1335.0,2.0593723751984963e-05
1336.0,2.1138983562955067e-05
1337.0,2.1678087699296987e-05
1338.0,2.2210871317337104e-05
1339.0,2.2737171619541375e-05
1340.0,2.3256827908882037e-05
1341.0,2.3769681643070824e-05
1342.0,2.427557648854791e-05
1343.0,2.4774358374112033e-05
1344.0,2.5265875544076702e-05
1345.0,2.5749978610837782e-05
1346.0,2.6226520606739273e-05
1347.0,2.669535703512381e-05
1348.0,2.7156345920451845e-05
1349.0,2.7609347857368635e-05
1350.0,2.805422605859254e-05
1351.0,2.8490846401493184e-05
1352.0,2.8919077473225696e-05
1353.0,2.9338790614287637e-05
1354.0,2.97498599603681e-05
1355.0,3.015216248236358e-05
1356.0,3.054557802444256e-05
1357.0,3.0929989340048804e-05
1358.0,3.1305282125742716e-05
1359.0,3.167134505278951e-05
1360.0,3.202806979641332e-05
1361.0,3.237535106264767e-05
1362.0,3.271308661272514e-05
1363.0,3.304117728496101e-05
1364.0,3.3359527014098096e-05
1365.0,3.3668042848090964e-05
1366.0,3.396663496231893e-05
1367.0,3.425521667122824e-05
1368.0,3.4533704437413955e-05
1369.0,3.4802017878162394e-05
1370.0,3.506007976948444e-05
1371.0,3.530781604767964e-05
1372.0,3.5545155808479094e-05
1373.0,3.577203130382321e-05
1374.0,3.598837793633686e-05
1375.0,3.619413425157138e-05
1376.0,3.6389241928089676e-05
1377.0,3.657364576547705e-05
1378.0,3.6747293670366513e-05
1379.0,3.6910136640572904e-05
1380.0,3.7062128747434905e-05
1381.0,3.7203227116468145e-05
1382.0,3.733339190643637e-05
1383.0,3.745258628695125e-05
1384.0,3.756077641471535e-05
1385.0,3.765793140852692e-05
1386.0,3.7744023323169476e-05
1387.0,3.78190271223121e-05
1388.0,3.7882920650548264e-05
1389.0,3.7935684604701733e-05
1390.0,3.7977302504526886e-05
1391.0,3.800776066292948e-05
1392.0,3.802704815583143e-05
1393.0,3.8035156791800366e-05
1394.0,3.803208108156167e-05
1395.0,3.8017818207507185e-05
1396.0,3.7992367993309834e-05
1397.0,3.795573287374714e-05
1398.0,3.790791786482845e-05
1399.0,3.7848930534310916e-05
1400.0,3.777878097267797e-05
1401.0,3.769748176464273e-05
1402.0,3.760504796122785e-05
1403.0,3.7501497052463444e-05
1404.0,3.738684894073675e-05
1405.0,3.726112591482082e-05
1406.0,3.712435262460518e-05
1407.0,3.697655605654846e-05
1408.0,3.6817765509871994e-05
1409.0,3.66480125735132e-05
1410.0,3.646733110385748e-05
1411.0,3.6275757203265815e-05
1412.0,3.60733291994124e-05
1413.0,3.586008762544263e-05
1414.0,3.5636075200957477e-05
1415.0,3.540133681382682e-05
1416.0,3.5155919502831275e-05
1417.0,3.4899872441131247e-05
1418.0,3.4633246920561606e-05
1419.0,3.435609633675233e-05
1420.0,3.4068476175077883e-05
1421.0,3.3770443997440725e-05
1422.0,3.346205942989774e-05
1423.0,3.314338415114145e-05
1424.0,3.281448188185058e-05
1425.0,3.247541837492756e-05
1426.0,3.2126261406642315e-05
1427.0,3.17670807687038e-05
1428.0,3.139794826128291e-05
1429.0,3.10189376870126e-05
1430.0,3.063012484599359e-05
1431.0,3.023158753183647e-05
1432.0,2.982340552877317e-05
1433.0,2.940566060987275e-05
1434.0,2.8978436536397446e-05
1435.0,2.8541819058334997e-05
1436.0,2.8095895916141813e-05
1437.0,2.7640756843728046e-05
1438.0,2.7176493572709934e-05
1439.0,2.670319983794745e-05
1440.0,2.6220971384376375e-05
1441.0,2.5729905975134977e-05
1442.0,2.523010340097722e-05
1443.0,2.4721665490957337e-05
1444.0,2.4204696124365122e-05
1445.0,2.3679301243887184e-05
1446.0,2.3145588869966308e-05
1447.0,2.2603669116329e-05
1448.0,2.2053654206649672e-05
1449.0,2.1495658492319005e-05
1450.0,2.0929798471283018e-05
1451.0,2.035619280791803e-05
1452.0,1.9774962353905357e-05
1453.0,1.9186230170067886e-05
1454.0,1.8590121549128567e-05
1455.0,1.7986764039348357e-05
1456.0,1.7376287468997538e-05
1457.0,1.6758823971610754e-05
1458.0,1.6134508011972263e-05
1459.0,1.5503476412774066e-05
1460.0,1.4865868381885023e-05
1461.0,1.4221825540162787e-05
1462.0,1.3571491949732117e-05
1463.0,1.291501414264301e-05
1464.0,1.2252541149810815e-05
1465.0,1.1584224530129448e-05
1466.0,1.091021839963889e-05
1467.0,1.0230679460619059e-05
1468.0,9.545767030474544e-06
1469.0,8.85564307026749e-06
1470.0,8.160472212749764e-06
1471.0,7.460421789740433e-06
1472.0,6.75566185869011e-06
1473.0,6.046365228270342e-06
1474.0,5.332707482823037e-06
1475.0,4.61486700550247e-06
1476.0,3.8930249999406856e-06
1477.0,3.167365510266109e-06
1478.0,2.4380754393045845e-06
1479.0,1.7053445647915293e-06
1480.0,9.693655534234371e-07
1481.0,2.3033397257626122e-07
1482.0,-5.115517004827825e-07
1483.0,-1.2560900720644983e-06
1484.0,-2.003076828384059e-06
1485.0,-2.7523047349222024e-06
1486.0,-3.503563639000873e-06
1487.0,-4.2566404757544035e-06
1488.0,-5.011319277678907e-06
1489.0,-5.767381187943373e-06
1490.0,-6.5246044776459475e-06
1491.0,-7.282764567196693e-06
1492.0,-8.04163405200371e-06
1493.0,-8.800982732632462e-06
1494.0,-9.560577649599435e-06
1495.0,-1.0320183122950854e-05
1496.0,-1.1079560796765825e-05
1497.0,-1.1838469688711243e-05
1498.0,-1.2596666244763183e-05
1499.0,-1.3353904399196926e-05
1500.0,-1.4109935639934399e-05
1501.0,-1.486450907932303e-05
1502.0,-1.5617371530403556e-05
1503.0,-1.63682675887056e-05
1504.0,-1.7116939719590297e-05
1505.0,-1.7863128351139326e-05
1506.0,-1.860657197257125e-05
1507.0,-1.9347007238148848e-05
1508.0,-2.0084169076526644e-05
1509.0,-2.0817790805475273e-05
1510.0,-2.1547604251909795e-05
1511.0,-2.2273339877140587e-05
1512.0,-2.2994726907258155e-05
1513.0,-2.3711493468555813e-05
1514.0,-2.4423366727887156e-05
1515.0,-2.513007303784933e-05
1516.0,-2.5831338086677178e-05
1517.0,-2.652688705272746e-05
1518.0,-2.721644476342502e-05
1519.0,-2.7899735858534014e-05
1520.0,-2.8576484957607104e-05
1521.0,-2.9246416831453835e-05
1522.0,-2.9909256577456406e-05
1523.0,-3.056472979854654e-05
1524.0,-3.121256278564213e-05
1525.0,-3.1852482703327083e-05
1526.0,-3.248421777854375e-05
1527.0,-3.3107497492053887e-05
1528.0,-3.3722052772411346e-05
1529.0,-3.432761619217686e-05
1530.0,-3.4923922166092556e-05
1531.0,-3.5510707150921686e-05
1532.0,-3.608770984664712e-05
1533.0,-3.665467139871088e-05
1534.0,-3.7211335600966484e-05
1535.0,-3.7757449099005744e-05
1536.0,-3.829276159351285e-05
1537.0,-3.8817026043291375e-05
1538.0,-3.932999886760384e-05
1539.0,-3.983144014745955e-05
1540.0,-4.032111382548375e-05
1541.0,-4.079878790400015e-05
1542.0,-4.1264234640959565e-05
1543.0,-4.171723074335034e-05
1544.0,-4.21575575577308e-05
1545.0,-4.2585001257529684e-05
1546.0,-4.2999353026766755e-05
1547.0,-4.3400409239852426e-05
1548.0,-4.378797163713151e-05
1549.0,-4.41618474958419e-05
1550.0,-4.452184979616492e-05
1551.0,-4.486779738204858e-05
1552.0,-4.51995151164907e-05
1553.0,-4.551683403097339e-05
1554.0,-4.581959146874761e-05
1555.0,-4.610763122167379e-05
1556.0,-4.638080366033476e-05
1557.0,-4.6638965857149945e-05
1558.0,-4.68819817022355e-05
1559.0,-4.710972201177336e-05
1560.0,-4.732206462867259e-05
1561.0,-4.751889451532738e-05
1562.0,-4.7700103838296815e-05
1563.0,-4.786559204475215e-05
1564.0,-4.8015265930556656e-05
1565.0,-4.814903969986395e-05
1566.0,-4.826683501614208e-05
1567.0,-4.836858104455511e-05
1568.0,-4.845421448566074e-05
1569.0,-4.8523679600412434e-05
1570.0,-4.8576928226486116e-05
1571.0,-4.861391978598475e-05
1572.0,-4.863462128460654e-05
1573.0,-4.863900730239346e-05
1574.0,-4.862705997620531e-05
1575.0,-4.8598768974088484e-05
1576.0,-4.855413146172964e-05
1577.0,-4.849315206120198e-05
1578.0,-4.841584280222674e-05
1579.0,-4.8322223066185256e-05
1580.0,-4.82123195231284e-05
1581.0,-4.8086166062041356e-05
1582.0,-4.79438037146327e-05
1583.0,-4.778528057292738e-05
1584.0,-4.7610651700954066e-05
1585.0,-4.7419979040826066e-05
1586.0,-4.7213331313523095e-05
1587.0,-4.699078391468611e-05
1588.0,-4.675241880574178e-05
1589.0,-4.649832440067545e-05
1590.0,-4.6228595448774115e-05
1591.0,-4.5943332913663464e-05
1592.0,-4.564264384896743e-05
1593.0,-4.532664127092308e-05
1594.0,-4.4995444028290006e-05
1595.0,-4.464917666989958e-05
1596.0,-4.4287969310195915e-05
1597.0,-4.391195749312507e-05
1598.0,-4.3521282054731695e-05
1599.0,-4.311608898482141e-05
1600.0,-4.269652928804242e-05
1601.0,-4.226275884473188e-05
1602.0,-4.181493827186091e-05
1603.0,-4.1353232784397595e-05
1604.0,-4.087781205739078e-05
1605.0,-4.038885008905905e-05
1606.0,-3.988652506515037e-05
1607.0,-3.9371019224819754e-05
1608.0,-3.884251872825411e-05
1609.0,-3.8301213526256285e-05
1610.0,-3.7747297231981666e-05
1611.0,-3.7180966995001637e-05
1612.0,-3.6602423377847774e-05
1613.0,-3.601187023516858e-05
1614.0,-3.540951459560818e-05
1615.0,-3.479556654649357e-05
1616.0,-3.417023912139459e-05
1617.0,-3.3533748190600884e-05
1618.0,-3.288631235454217e-05
1619.0,-3.2228152840163394e-05
1620.0,-3.1559493400254e-05
1621.0,-3.088056021571893e-05
1622.0,-3.0191581800768437e-05
1623.0,-2.9492788910992822e-05
1624.0,-2.878441445427677e-05
1625.0,-2.806669340449524e-05
1626.0,-2.7339862717918816e-05
1627.0,-2.6604161252241562e-05
1628.0,-2.5859829688129524e-05
1629.0,-2.5107110453173983e-05
1630.0,-2.4346247648120584e-05
1631.0,-2.3577486975233983e-05
1632.0,-2.2801075668646696e-05
1633.0,-2.201726242653159e-05
1634.0,-2.1226297344928546e-05
1635.0,-2.042843185304771e-05
1636.0,-1.962391864986313e-05
1637.0,-1.88130116418022e-05
1638.0,-1.7995965881327552e-05
1639.0,-1.717303750620028e-05
1640.0,-1.6344483679208147e-05
1641.0,-1.5510562528140014e-05
1642.0,-1.4671533085789654e-05
1643.0,-1.3827655229777247e-05
1644.0,-1.2979189621985879e-05
1645.0,-1.2126397647421945e-05
1646.0,-1.1269541352321435e-05
1647.0,-1.040888338133795e-05
1648.0,-9.544686913660774e-06
1649.0,-8.67721559792381e-06
1650.0,-7.806733485778702e-06
1651.0,-6.933504964018809e-06
1652.0,-6.057794685155768e-06
1653.0,-5.179867496366654e-06
1654.0,-4.299988366747812e-06
1655.0,-3.418422312830055e-06
1656.0,-2.535434322328904e-06
1657.0,-1.6512892761212149e-06
1658.0,-7.662518684560189e-07
1659.0,1.1941347457857733e-07
1660.0,1.0054426782973083e-06
1661.0,1.891572104321046e-06
1662.0,2.777538637081895e-06
1663.0,3.663079771858705e-06
1664.0,4.547933704260046e-06
1665.0,5.431839421059888e-06
1666.0,6.3145367922792506e-06
1667.0,7.195766664394773e-06
1668.0,8.075270954543739e-06
1669.0,8.952792745584746e-06
1670.0,9.828076381863618e-06
1671.0,1.0700867565524328e-05
1672.0,1.1570913453193754e-05
1673.0,1.2437962752855924e-05
1674.0,1.330176582071835e-05
1675.0,1.4162074757860802e-05
1676.0,1.501864350644743e-05
1677.0,1.5871227945275903e-05
1678.0,1.6719585984431328e-05
1679.0,1.7563477658808063e-05
1680.0,1.8402665220259517e-05
1681.0,1.923691322813494e-05
1682.0,2.006598863796347e-05
1683.0,2.088966088805023e-05
1684.0,2.1707701983757704e-05
1685.0,2.2519886579258188e-05
1686.0,2.3325992056559163e-05
1687.0,2.4125798601620865e-05
1688.0,2.4919089277403514e-05
1689.0,2.5705650093699747e-05
1690.0,2.6485270073626472e-05
1691.0,2.7257741316669194e-05
1692.0,2.802285905819085e-05
1693.0,2.8780421725334486e-05
1694.0,2.9530230989264456e-05
1695.0,3.0272091813704267e-05
1696.0,3.100581249974147e-05
1697.0,3.1731204726882526e-05
1698.0,3.244808359035296e-05
1699.0,3.315626763465064e-05
1700.0,3.385557888337207e-05
1701.0,3.454584286534342e-05
1702.0,3.522688863709904e-05
1703.0,3.5898548801760866e-05
1704.0,3.656065952438111e-05
1705.0,3.721306054381721e-05
1706.0,3.785559518121362e-05
1707.0,3.848811034516794e-05
1708.0,3.911045653366244e-05
1709.0,3.9722487832844375e-05
1710.0,4.032406191274207e-05
1711.0,4.091504002000797e-05
1712.0,4.149528696778539e-05
1713.0,4.206467112280236e-05
1714.0,4.2623064389802106e-05
1715.0,4.317034219342606e-05
1716.0,4.370638345766931e-05
1717.0,4.423107058303063e-05
1718.0,4.474428942148001e-05
1719.0,4.524592924936555e-05
1720.0,4.5735882738382236e-05
1721.0,4.621404592472767e-05
1722.0,4.668031817657474e-05
1723.0,4.713460215999859e-05
1724.0,4.757680380350326e-05
1725.0,4.800683226130132e-05
1726.0,4.842459987550618e-05
1727.0,4.883002213740094e-05
1728.0,4.9223017647948843e-05
1729.0,4.960350807770844e-05
1730.0,4.997141812631298e-05
1731.0,5.032667548166848e-05
1732.0,5.0669210779020044e-05
1733.0,5.099895756003097e-05
1734.0,5.1315852232015216e-05
1735.0,5.161983402745896e-05
1736.0,5.19108449639634e-05
1737.0,5.2188829804735744e-05
1738.0,5.245373601974955e-05
1739.0,5.270551374768753e-05
1740.0,5.2944115758770855e-05
1741.0,5.31694974185671e-05
1742.0,5.338161665285701e-05
1743.0,5.3580433913626315e-05
1744.0,5.3765912146235535e-05
1745.0,5.393801675780668e-05
1746.0,5.409671558685279e-05
1747.0,5.424197887416384e-05
1748.0,5.437377923495224e-05
1749.0,5.4492091632253264e-05
1750.0,5.459689335156995e-05
1751.0,5.46881639767487e-05
1752.0,5.476588536706814e-05
1753.0,5.483004163552011e-05
1754.0,5.4880619128256404e-05
1755.0,5.491760640516858e-05
1756.0,5.494099422156063e-05
1757.0,5.495077551086685e-05
1758.0,5.4946945368361405e-05
1759.0,5.4929501035802035e-05
1760.0,5.4898441886949776e-05
1761.0,5.485376941390816e-05
1762.0,5.479548721422867e-05
1763.0,5.472360097873369e-05
1764.0,5.46381184800134e-05
1765.0,5.453904956155881e-05
1766.0,5.442640612749834e-05
1767.0,5.4300202132909754e-05
1768.0,5.4160453574681865e-05
1769.0,5.400717848290119e-05
1770.0,5.384039691273815e-05
1771.0,5.366013093680605e-05
1772.0,5.3466404637964505e-05
1773.0,5.325924410253871e-05
1774.0,5.3038677413927615e-05
1775.0,5.2804734646577565e-05
1776.0,5.2557447860303705e-05
1777.0,5.229685109494806e-05
1778.0,5.202298036536947e-05
1779.0,5.173587365676729e-05
1780.0,5.143557092034518e-05
1781.0,5.112211406932617e-05
1782.0,5.0795546975334516e-05
1783.0,5.045591546516427e-05
1784.0,5.0103267317960246e-05
1785.0,4.9737652262842494e-05
1786.0,4.935912197701174e-05
1787.0,4.896773008437936e-05
1788.0,4.856353215477151e-05
1789.0,4.81465857037625e-05
1790.0,4.7716950193196554e-05
1791.0,4.727468703246052e-05
1792.0,4.6819859580571734e-05
1793.0,4.635253314914727e-05
1794.0,4.587277500632193e-05
1795.0,4.538065438168293e-05
1796.0,4.4876242472290105e-05
1797.0,4.435961244985115e-05
1798.0,4.383083946912306e-05
1799.0,4.32900006776132e-05
1800.0,4.273717522665567e-05
1801.0,4.2172444283940206e-05
1802.0,4.159589104757021e-05
1803.0,4.10076007617242e-05
1804.0,4.040766073399091e-05
1805.0,3.9796160354443574e-05
1806.0,3.917319111651309e-05
1807.0,3.8538846639715654e-05
1808.0,3.78932226942848e-05
1809.0,3.7236417227753764e-05
1810.0,3.656853039352995e-05
1811.0,3.5889664581499256e-05
1812.0,3.5199924450694685e-05
1813.0,3.44994169640602e-05
1814.0,3.3788251425337156e-05
1815.0,3.306653951809777e-05
1816.0,3.233439534694564e-05
1817.0,3.159193548089795e-05
1818.0,3.083927899895574e-05
1819.0,3.007654753785807e-05
1820.0,2.930386534200368e-05
1821.0,2.852135931551129e-05
1822.0,2.7729159076376134e-05
1823.0,2.6927397012667934e-05
1824.0,2.61162083407029e-05
1825.0,2.5295731165110547e-05
1826.0,2.446610654070404e-05
1827.0,2.362747853605064e-05
1828.0,2.2779994298625232e-05
1829.0,2.1923804121415853e-05
1830.0,2.1059061510834735e-05
1831.0,2.018592325577367e-05
1832.0,1.9304549497628403e-05
1833.0,1.84151038011039e-05
1834.0,1.751775322560052e-05
1835.0,1.6612668396970234e-05
1836.0,1.5700023579420997e-05
1837.0,1.477999674733658e-05
1838.0,1.3852769656767659e-05
1839.0,1.2918527916338154e-05
1840.0,1.1977461057298403e-05
1841.0,1.1029762602443896e-05
1842.0,1.0075630133605364e-05
1843.0,9.115265357404236e-06
1844.0,8.148874168957169e-06
1845.0,7.1766667132056605e-06
1846.0,6.198857443541279e-06
1847.0,5.215665177392944e-06
1848.0,4.2273131484397134e-06
1849.0,3.234029055110692e-06
1850.0,2.236045105032377e-06
1851.0,1.2335980550828142e-06
1852.0,2.2692924671096377e-07
1853.0,-7.83715363821232e-07
1854.0,-1.7980851806165195e-06
1855.0,-2.8159249490810714e-06
1856.0,-3.836974742962105e-06
1857.0,-4.8609699578159035e-06
1858.0,-5.887641311229419e-06
1859.0,-6.916714850107629e-06
1860.0,-7.947911965326235e-06
1861.0,-8.980949414034988e-06
1862.0,-1.0015539349880892e-05
1863.0,-1.1051389361403504e-05
1864.0,-1.208820251883632e-05
1865.0,-1.3125677429529556e-05
1866.0,-1.4163508302190208e-05
1867.0,-1.520138502011488e-05
1868.0,-1.623899322356914e-05
1869.0,-1.7276014401444208e-05
1870.0,-1.8312125992296972e-05
1871.0,-1.934700149485302e-05
1872.0,-2.0380310588023546e-05
1873.0,-2.1411719260456423e-05
1874.0,-2.2440889949609515e-05
1875.0,-2.346748169030144e-05
1876.0,-2.449115027266183e-05
1877.0,-2.5511548409372164e-05
1878.0,-2.652832591205979e-05
1879.0,-2.7541129876682813e-05
1880.0,-2.8549604877721387e-05
1881.0,-2.955339317096938e-05
1882.0,-3.055213490469783e-05
1883.0,-3.154546833893602e-05
1884.0,-3.253303007258736e-05
1885.0,-3.351445527806698e-05
1886.0,-3.448937794311807e-05
1887.0,-3.545743111943539e-05
1888.0,-3.64182471776999e-05
1889.0,-3.737145806860669e-05
1890.0,-3.831669558945062e-05
1891.0,-3.9253591655818954e-05
1892.0,-4.018177857792662e-05
1893.0,-4.110088934111717e-05
1894.0,-4.20105578900403e-05
1895.0,-4.2910419416003685e-05
1896.0,-4.380011064698441e-05
1897.0,-4.4679270139773286e-05
1898.0,-4.55475385737151e-05
1899.0,-4.640455904549919e-05
1900.0,-4.724997736444742e-05
1901.0,-4.80834423477411e-05
1902.0,-4.890460611502413e-05
1903.0,-4.971312438181868e-05
1904.0,-5.050865675118968e-05
1905.0,-5.129086700309666e-05
1906.0,-5.205942338087429e-05
1907.0,-5.281399887428675e-05
1908.0,-5.3554271498606396e-05
1909.0,-5.4279924569174056e-05
1910.0,-5.499064697090735e-05
1911.0,-5.5686133422235386e-05
1912.0,-5.6366084732953546e-05
1913.0,-5.703020805551101e-05
1914.0,-5.767821712926589e-05
1915.0,-5.8309832517267194e-05
1916.0,-5.892478183514952e-05
1917.0,-5.9522799971752934e-05
1918.0,-6.0103629301108975e-05
1919.0,-6.0667019885460974e-05
1920.0,-6.121272966901493e-05
1921.0,-6.174052466214395e-05
1922.0,-6.225017911579608e-05
1923.0,-6.274147568588202e-05
1924.0,-6.321420558744515e-05
1925.0,-6.366816873844385e-05
1926.0,-6.410317389300182e-05
1927.0,-6.451903876400908e-05
1928.0,-6.49155901349801e-05
1929.0,-6.529266396110033e-05
1930.0,-6.565010545941282e-05
1931.0,-6.598776918811982e-05
1932.0,-6.630551911499457e-05
1933.0,-6.660322867492295e-05
1934.0,-6.688078081662007e-05
1935.0,-6.713806803859478e-05
1936.0,-6.737499241446331e-05
1937.0,-6.759146560774071e-05
1938.0,-6.778740887626526e-05
1939.0,-6.79627530664331e-05
1940.0,-6.811743859744116e-05
1941.0,-6.825141543575342e-05
1942.0,-6.836464306002207e-05
1943.0,-6.845709041671059e-05
1944.0,-6.852873586668137e-05
1945.0,-6.857956712302704e-05
1946.0,-6.860958118044065e-05
1947.0,-6.861878423643492e-05
1948.0,-6.8607191604735e-05
1949.0,-6.857482762118012e-05
1950.0,-6.852172554247841e-05
1951.0,-6.844792743816445e-05
1952.0,-6.835348407611195e-05
1953.0,-6.823845480195313e-05
1954.0,-6.810290741275451e-05
1955.0,-6.794691802529564e-05
1956.0,-6.777057093929485e-05
1957.0,-6.757395849592499e-05
1958.0,-6.735718093196314e-05
1959.0,-6.712034622992051e-05
1960.0,-6.68635699645022e-05
1961.0,-6.65869751457494e-05
1962.0,-6.629069205921868e-05
1963.0,-6.59748581035526e-05
1964.0,-6.56396176257931e-05
1965.0,-6.528512175478328e-05
1966.0,-6.491152823299558e-05
1967.0,-6.45190012471157e-05
1968.0,-6.410771125770143e-05
1969.0,-6.367783482822614e-05
1970.0,-6.322955445380694e-05
1971.0,-6.276305838990792e-05
1972.0,-6.227854048129985e-05
1973.0,-6.177619999154672e-05
1974.0,-6.125624143327833e-05
1975.0,-6.071887439949336e-05
1976.0,-6.016431339612052e-05
1977.0,-5.959277767604556e-05
1978.0,-5.90044910747918e-05
1979.0,-5.839968184802129e-05
1980.0,-5.777858251100455e-05
1981.0,-5.71414296801892e-05
1982.0,-5.648846391698134e-05
1983.0,-5.581992957383784e-05
1984.0,-5.513607464275384e-05
1985.0,-5.443715060621551e-05
1986.0,-5.372341229067475e-05
1987.0,-5.299511772258904e-05
1988.0,-5.2252527987055756e-05
1989.0,-5.1495907089056836e-05
1990.0,-5.072552181731523e-05
1991.0,-4.994164161075101e-05
1992.0,-4.914453842751191e-05
1993.0,-4.833448661654097e-05
1994.0,-4.751176279163307e-05
1995.0,-4.667664570792246e-05
1996.0,-4.582941614073568e-05
1997.0,-4.497035676673776e-05
1998.0,-4.409975204729456e-05
1999.0,-4.321788811397008e-05
2000.0,-4.232505265607267e-05
2001.0,-4.142153481015907e-05
2002.0,-4.050762505139854e-05
2003.0,-3.95836150866934e-05
2004.0,-3.8649797749445735e-05
2005.0,-3.770646689585539e-05
2006.0,-3.675391730263147e-05
2007.0,-3.5792444565999165e-05
2008.0,-3.4822345001885675e-05
2009.0,-3.3843915547173706e-05
2010.0,-3.285745366191684e-05
2011.0,-3.186325723241861e-05
2012.0,-3.086162447508518e-05
2013.0,-2.985285384096999e-05
2014.0,-2.883724392093736e-05
2015.0,-2.7815093351380906e-05
2016.0,-2.678670072044184e-05
2017.0,-2.575236447468212e-05
2018.0,-2.471238282617731e-05
2019.0,-2.3667053660005e-05
2020.0,-2.261667444211692e-05
2021.0,-2.1561542127596405e-05
2022.0,-2.050195306931833e-05
2023.0,-1.943820292704396e-05
2024.0,-1.837058657699744e-05
2025.0,-1.7299398021981905e-05
2026.0,-1.6224930302102357e-05
2027.0,-1.5147475406170023e-05
2028.0,-1.4067324183869378e-05
2029.0,-1.2984766258774364e-05
2030.0,-1.1900089942304477e-05
2031.0,-1.0813582148713634e-05
2032.0,-9.725528311206007e-06
2033.0,-8.636212299274843e-06
2034.0,-7.545916337363616e-06
2035.0,-6.454920924953784e-06
2036.0,-5.363504758188686e-06
2037.0,-4.271944653147322e-06
2038.0,-3.180515470883219e-06
2039.0,-2.089490044342917e-06
2040.0,-9.991391072765215e-07
2041.0,9.026877475034099e-08
2042.0,1.178467271137444e-06
2043.0,2.2651923507239814e-06
2044.0,3.3501823438615135e-06
2045.0,4.4331780019979745e-06
2046.0,5.513922554689021e-06
2047.0,6.592161763955652e-06
2048.0,7.667643975909693e-06
2049.0,8.74012016957138e-06
2050.0,9.809344002808282e-06
2051.0,1.087507185533039e-05
2052.0,1.193706286868252e-05
2053.0,1.2995078983183402e-05
2054.0,1.404888497176893e-05
2055.0,1.5098248470707205e-05
2056.0,1.614294000716207e-05
2057.0,1.718273302358949e-05
2058.0,1.82174038989579e-05
2059.0,1.924673196679029e-05
2060.0,2.0270499530034047e-05
2061.0,2.1288491872775183e-05
2062.0,2.2300497268825163e-05
2063.0,2.330630698722122e-05
2064.0,2.4305715294692955e-05
2065.0,2.529851945515985e-05
2066.0,2.6284519726335835e-05
2067.0,2.7263519353528743e-05
2068.0,2.8235324560732497e-05
2069.0,2.9199744539118207e-05
2070.0,3.0156591433036105e-05
2071.0,3.1105680323643735e-05
2072.0,3.2046829210278205e-05
2073.0,3.2979858989694096e-05
2074.0,3.390459343329334e-05
2075.0,3.482085916247972e-05
2076.0,3.5728485622276706e-05
2077.0,3.662730505335208e-05
2078.0,3.751715246259509e-05
2079.0,3.839786559239341e-05
2080.0,3.926928488875774e-05
2081.0,4.0131253468444e-05
2082.0,4.098361708522519e-05
2083.0,4.182622409546649e-05
2084.0,4.265892542315689e-05
2085.0,4.348157452454971e-05
2086.0,4.429402735256215e-05
2087.0,4.5096142321081295e-05
2088.0,4.588778026932091e-05
2089.0,4.6668804426369234e-05
2090.0,4.743908037606404e-05
2091.0,4.8198476022327453e-05
2092.0,4.894686155509016e-05
2093.0,4.968410941693123e-05
2094.0,5.041009427055663e-05
2095.0,5.112469296723592e-05
2096.0,5.18277845163137e-05
2097.0,5.2519250055910104e-05
2098.0,5.31989728249237e-05
2099.0,5.3866838136448925e-05
2100.0,5.452273335271857e-05
2101.0,5.516654786167785e-05
2102.0,5.579817305529091e-05
2103.0,5.641750230967365e-05
2104.0,5.7024430967139845e-05
2105.0,5.761885632024154e-05
2106.0,5.820067759787844e-05
2107.0,5.876979595354568e-05
2108.0,5.9326114455783536e-05
2109.0,5.986953808088732e-05
2110.0,6.03999737079304e-05
2111.0,6.0917330116147484e-05
2112.0,6.142151798471856e-05
2113.0,6.191244989498762e-05
2114.0,6.239004033514327e-05
2115.0,6.28542057073817e-05
2116.0,6.330486433756471e-05
2117.0,6.374193648737536e-05
2118.0,6.41653443689613e-05
2119.0,6.457501216204017e-05
2120.0,6.497086603342436e-05
2121.0,6.535283415890557e-05
2122.0,6.572084674742244e-05
2123.0,6.607483606741848e-05
2124.0,6.641473647528275e-05
2125.0,6.674048444575058e-05
2126.0,6.705201860412945e-05
2127.0,6.73492797602032e-05
2128.0,6.763221094365824e-05
2129.0,6.790075744086656e-05
2130.0,6.815486683285193e-05
2131.0,6.839448903425792e-05
2132.0,6.861957633312821e-05
2133.0,6.883008343130188e-05
2134.0,6.902596748521915e-05
2135.0,6.920718814692515e-05
2136.0,6.93737076050538e-05
2137.0,6.952549062556906e-05
2138.0,6.966250459203944e-05
2139.0,6.978471954522281e-05
2140.0,6.989210822173932e-05
2141.0,6.998464609161233e-05
2142.0,7.006231139445691e-05
2143.0,7.012508517409622e-05
2144.0,7.017295131138541e-05
2145.0,7.020589655502436e-05
2146.0,7.022391055014258e-05
2147.0,7.022698586444333e-05
2148.0,7.021511801169986e-05
2149.0,7.01883054724042e-05
2150.0,7.014654971137732e-05
2151.0,7.008985519215956e-05
2152.0,7.001822938800878e-05
2153.0,6.993168278934385e-05
2154.0,6.9830228907479e-05
2155.0,6.971388427450442e-05
2156.0,6.958266843917912e-05
2157.0,6.943660395871453e-05
2158.0,6.927571638634074e-05
2159.0,6.910003425456256e-05
2160.0,6.890958905402955e-05
2161.0,6.870441520796225e-05
2162.0,6.848455004209754e-05
2163.0,6.825003375013591e-05
2164.0,6.80009093546939e-05
2165.0,6.773722266378385e-05
2166.0,6.745902222286224e-05
2167.0,6.716635926250577e-05
2168.0,6.685928764179237e-05
2169.0,6.653786378748219e-05
2170.0,6.620214662911093e-05
2171.0,6.5852197530126e-05
2172.0,6.548808021521416e-05
2173.0,6.510986069398835e-05
2174.0,6.471760718122039e-05
2175.0,6.431139001382508e-05
2176.0,6.389128156481953e-05
2177.0,6.345735615449918e-05
2178.0,6.300968995908866e-05
2179.0,6.254836091714244e-05
2180.0,6.20734486339845e-05
2181.0,6.15850342844906e-05
2182.0,6.108320051452912e-05
2183.0,6.0568031341387934e-05
2184.0,6.003961205352714e-05
2185.0,5.949802911000888e-05
2186.0,5.894337003996567e-05
2187.0,5.837572334247694e-05
2188.0,5.7795178387228496e-05
2189.0,5.7201825316332715e-05
2190.0,5.659575494768834e-05
2191.0,5.597705868025848e-05
2192.0,5.5345828401644624e-05
2193.0,5.47021563983328e-05
2194.0,5.4046135268985924e-05
2195.0,5.33778578411542e-05
2196.0,5.2697417091772714e-05
2197.0,5.2004906071812535e-05
2198.0,5.130041783544802e-05
2199.0,5.0584045374098456e-05
2200.0,4.985588155569628e-05
2201.0,4.91160190695264e-05
2202.0,4.836455037697202e-05
2203.0,4.760156766849152e-05
2204.0,4.6827162827138346e-05
2205.0,4.604142739892161e-05
2206.0,4.524445257028935e-05
2207.0,4.443632915300021e-05
2208.0,4.3617147576631836e-05
2209.0,4.278699788895731e-05
2210.0,4.194596976440147e-05
2211.0,4.109415252076847e-05
2212.0,4.0231635144409135e-05
2213.0,3.935850632397212e-05
2214.0,3.8474854492856706e-05
2215.0,3.758076788045767e-05
2216.0,3.6676334572263875e-05
2217.0,3.576164257884254e-05
2218.0,3.483677991371124e-05
2219.0,3.390183468007049e-05
2220.0,3.29568951663415e-05
2221.0,3.200204995042634e-05
2222.0,3.103738801258112e-05
2223.0,3.0062998856766838e-05
2224.0,2.9078972640316356e-05
2225.0,2.8085400311729284e-05
2226.0,2.708237375637894e-05
2227.0,2.6069985949886937e-05
2228.0,2.504833111889153e-05
2229.0,2.4017504908906637e-05
2230.0,2.2977604558940395e-05
2231.0,2.1928729082516254e-05
2232.0,2.0870979454714923e-05
2233.0,1.9804458804831423e-05
2234.0,1.872927261421772e-05
2235.0,1.7645528918856546e-05
2236.0,1.6553338516187455e-05
2237.0,1.5452815175681806e-05
2238.0,1.4344075852640958e-05
2239.0,1.3227240904672178e-05
2240.0,1.2102434310280065e-05
2241.0,1.0969783888997173e-05
2242.0,9.829421522465187e-06
2243.0,8.681483375866325e-06
2244.0,7.52611011909415e-06
2245.0,6.363447147042761e-06
2246.0,5.1936447983857725e-06
2247.0,4.016858572210696e-06
2248.0,2.8332493418708214e-06
2249.0,1.6429835654140803e-06
2250.0,4.4623349194534775e-07
2251.0,-7.568226367251623e-07
2252.0,-1.9660003897989595e-06
2253.0,-3.181108957228008e-06
2254.0,-4.401950966133243e-06
2255.0,-5.628322304560917e-06
2256.0,-6.860011953230783e-06
2257.0,-8.096801825922585e-06
2258.0,-9.338466619137106e-06
2259.0,-1.0584773671652987e-05
2260.0,-1.1835482834582731e-05
2261.0,-1.3090346352510276e-05
2262.0,-1.4349108756270422e-05
2263.0,-1.5611506767908917e-05
2264.0,-1.6877269218339958e-05
2265.0,-1.8146116978196358e-05
2266.0,-1.9417762902344427e-05
2267.0,-2.0691911788510422e-05
2268.0,-2.196826035043721e-05
2269.0,-2.3246497205957877e-05
2270.0,-2.4526302880336356e-05
2271.0,-2.580734982518353e-05
2272.0,-2.7089302453212013e-05
2273.0,-2.8371817189044748e-05
2274.0,-2.9654542536246246e-05
2275.0,-3.093711916070229e-05
2276.0,-3.2219179990437306e-05
2277.0,-3.350035033192573e-05
2278.0,-3.478024800292373e-05
2279.0,-3.605848348181635e-05
2280.0,-3.733466007344185e-05
2281.0,-3.860837409131787e-05
2282.0,-3.987921505615523e-05
2283.0,-4.11467659105046e-05
2284.0,-4.241060324934107e-05
2285.0,-4.367029756635106e-05
2286.0,-4.492541351564623e-05
2287.0,-4.6175510188590435e-05
2288.0,-4.742014140538782e-05
2289.0,-4.8658856021041886e-05
2290.0,-4.9891198245258135e-05
2291.0,-5.111670797582657e-05
2292.0,-5.2334921144985075e-05
2293.0,-5.354537007823231e-05
2294.0,-5.474758386502799e-05
2295.0,-5.594108874079009e-05
2296.0,-5.712540847957016e-05
2297.0,-5.8300064796758685e-05
2298.0,-5.9464577761141296e-05
2299.0,-6.0618466215595976e-05
2300.0,-6.17612482056926e-05
2301.0,-6.289244141543195e-05
2302.0,-6.401156360934185e-05
2303.0,-6.511813308013202e-05
2304.0,-6.621166910109604e-05
2305.0,-6.72916923824358e-05
2306.0,-6.835772553067032e-05
2307.0,-6.940929351027861e-05
2308.0,-7.044592410671555e-05
2309.0,-7.146714838993253e-05
2310.0,-7.247250117753074e-05
2311.0,-7.346152149667395e-05
2312.0,-7.44337530438892e-05
2313.0,-7.538874464188828e-05
2314.0,-7.6326050692547e-05
2315.0,-7.724523162518657e-05
2316.0,-7.814585433930724e-05
2317.0,-7.902749264093282e-05
2318.0,-7.988972767173353e-05
2319.0,-8.073214833010602e-05
2320.0,-8.155435168340181e-05
2321.0,-8.235594337050859e-05
2322.0,-8.313653799400285e-05
2323.0,-8.389575950110806e-05
2324.0,-8.463324155271185e-05
2325.0,-8.534862787972087e-05
2326.0,-8.604157262606274e-05
2327.0,-8.671174067767881e-05
2328.0,-8.735880797688891e-05
2329.0,-8.79824618215488e-05
2330.0,-8.858240114846393e-05
2331.0,-8.915833680056974e-05
2332.0,-8.970999177743962e-05
2333.0,-9.023710146873699e-05
2334.0,-9.073941387028356e-05
2335.0,-9.12166897824742e-05
2336.0,-9.16687029908237e-05
2337.0,-9.209524042848378e-05
2338.0,-9.249610232061764e-05
2339.0,-9.287110231056403e-05
2340.0,-9.322006756776325e-05
2341.0,-9.354283887745777e-05
2342.0,-9.383927071221952e-05
2343.0,-9.410923128539775e-05
2344.0,-9.435260258662367e-05
2345.0,-9.456928039955382e-05
2346.0,-9.47591743020801e-05
2347.0,-9.492220764928219e-05
2348.0,-9.505831753944484e-05
2349.0,-9.516745476350687e-05
2350.0,-9.524958373834811e-05
2351.0,-9.530468242435336e-05
2352.0,-9.53327422277188e-05
2353.0,-9.533376788798738e-05
2354.0,-9.530777735131785e-05
2355.0,-9.525480163001059e-05
2356.0,-9.517488464883525e-05
2357.0,-9.506808307872916e-05
2358.0,-9.493446615846373e-05
2359.0,-9.477411550490272e-05
2360.0,-9.458712491250213e-05
2361.0,-9.437360014272067e-05
2362.0,-9.413365870402218e-05
2363.0,-9.386742962315446e-05
2364.0,-9.357505320838357e-05
2365.0,-9.3256680805351e-05
2366.0,-9.291247454620647e-05
2367.0,-9.254260709265372e-05
2368.0,-9.214726137353327e-05
2369.0,-9.17266303175556e-05
2370.0,-9.12809165817912e-05
2371.0,-9.08103322765197e-05
2372.0,-9.031509868703668e-05
2373.0,-8.979544599301078e-05
2374.0,-8.925161298597303e-05
2375.0,-8.868384678550279e-05
2376.0,-8.809240255465164e-05
2377.0,-8.747754321511828e-05
2378.0,-8.683953916265743e-05
2379.0,-8.61786679831754e-05
2380.0,-8.549521416993742e-05
2381.0,-8.478946884228915e-05
2382.0,-8.406172946627659e-05
2383.0,-8.331229957753362e-05
2384.0,-8.254148850679266e-05
2385.0,-8.174961110835807e-05
2386.0,-8.093698749186222e-05
2387.0,-8.010394275760092e-05
2388.0,-7.925080673571771e-05
2389.0,-7.837791372947538e-05
2390.0,-7.748560226282263e-05
2391.0,-7.657421483243249e-05
2392.0,-7.564409766436132e-05
2393.0,-7.469560047545497e-05
2394.0,-7.372907623960924e-05
2395.0,-7.274488095897928e-05
2396.0,-7.174337344022054e-05
2397.0,-7.072491507583449e-05
2398.0,-6.968986963068016e-05
2399.0,-6.863860303370004e-05
2400.0,-6.757148317489221e-05
2401.0,-6.648887970754259e-05
2402.0,-6.539116385571178e-05
2403.0,-6.427870822695257e-05
2404.0,-6.315188663021934e-05
2405.0,-6.201107389891929e-05
2406.0,-6.0856645719049975e-05
2407.0,-5.968897846236465e-05
2408.0,-5.850844902450715e-05
2409.0,-5.731543466805803e-05
2410.0,-5.6110312870432886e-05
2411.0,-5.489346117657012e-05
2412.0,-5.366525705633888e-05
2413.0,-5.242607776658841e-05
2414.0,-5.11763002177485e-05
2415.0,-4.991630084487854e-05
2416.0,-4.864645548305143e-05
2417.0,-4.736713924694799e-05
2418.0,-4.6078726414529475e-05
2419.0,-4.4781590314649854e-05
2420.0,-4.347610321846748e-05
2421.0,-4.216263623451774e-05
2422.0,-4.084155920731387e-05
2423.0,-3.9513240619348644e-05
2424.0,-3.817804749637248e-05
2425.0,-3.683634531582055e-05
2426.0,-3.5488497918254326e-05
2427.0,-3.413486742167402e-05
2428.0,-3.2775814138550484e-05
2429.0,-3.141169649542068e-05
2430.0,-3.004287095489041e-05
2431.0,-2.8669691939890238e-05
2432.0,-2.729251176003819e-05
2433.0,-2.5911680539972093e-05
2434.0,-2.452754614952513e-05
2435.0,-2.3140454135627218e-05
2436.0,-2.1750747655820267e-05
2437.0,-2.0358767413278348e-05
2438.0,-1.8964851593224642e-05
2439.0,-1.75693358006382e-05
2440.0,-1.61725529991468e-05
2441.0,-1.477483345100786e-05
2442.0,-1.3376504658088995e-05
2443.0,-1.1977891303772986e-05
2444.0,-1.0579315195725912e-05
2445.0,-9.181095209483593e-06
2446.0,-7.783547232828411e-06
2447.0,-6.3869841109444e-06
2448.0,-4.991715592353328e-06
2449.0,-3.59804827564674e-06
2450.0,-2.2062855570383413e-06
2451.0,-8.167275787685554e-07
2452.0,5.703288215995466e-07
2453.0,1.9545901609460238e-06
2454.0,3.335766359363655e-06
2455.0,4.713570787858788e-06
2456.0,6.087720314893945e-06
2457.0,7.4579353516656275e-06
2458.0,8.8239398959978e-06
2459.0,1.018546157472272e-05
2460.0,1.1542231684416388e-05
2461.0,1.2893985230355189e-05
2462.0,1.4240460963561893e-05
2463.0,1.5581401415812078e-05
2464.0,1.6916552932476246e-05
2465.0,1.8245665703076786e-05
2466.0,1.9568493789443423e-05
2467.0,2.088479515135596e-05
2468.0,2.2194331669566436e-05
2469.0,2.3496869166095765e-05
2470.0,2.479217742170172e-05
2471.0,2.6080030190418488e-05
2472.0,2.736020521107504e-05
2473.0,2.8632484215709907e-05
2474.0,2.9896652934812513e-05
2475.0,3.115250109933359e-05
2476.0,3.239982243941829e-05
2477.0,3.363841467982535e-05
2478.0,3.486807953200452e-05
2479.0,3.6088622682812584e-05
2480.0,3.729985377985487e-05
2481.0,3.850158641344302e-05
2482.0,3.969363809516163e-05
2483.0,4.087583023303841e-05
2484.0,4.204798810331705e-05
2485.0,4.320994081884173e-05
2486.0,4.436152129407419e-05
2487.0,4.5502566206778754e-05
2488.0,4.663291595642241e-05
2489.0,4.775241461934728e-05
2490.0,4.8860909900780274e-05
2491.0,4.995825308375414e-05
2492.0,5.104429897502421e-05
2493.0,5.2118905848078186e-05
2494.0,5.3181935383352023e-05
2495.0,5.4233252605782185e-05
2496.0,5.5272725819843554e-05
2497.0,5.6300226542241116e-05
2498.0,5.731562943244265e-05
2499.0,5.8318812221255144e-05
2500.0,5.930965563766095e-05
2501.0,6.028804333413922e-05
2502.0,6.125386181070494e-05
2503.0,6.220700033790104e-05
2504.0,6.314735087898114e-05
2505.0,6.407480801152188e-05
2506.0,6.498926884870752e-05
2507.0,6.589063296053869e-05
2508.0,6.677880229522753e-05
2509.0,6.765368110105344e-05
2510.0,6.851517584896007e-05
2511.0,6.936319515617759e-05
2512.0,7.019764971115192e-05
2513.0,7.101845220005806e-05
2514.0,7.182551723516573e-05
2515.0,7.261876128531384e-05
2516.0,7.339810260873316e-05
2517.0,7.41634611884373e-05
2518.0,7.4914758670382e-05
2519.0,7.565191830457463e-05
2520.0,7.637486488929958e-05
2521.0,7.708352471861144e-05
2522.0,7.777782553323435e-05
2523.0,7.845769647499309e-05
2524.0,7.912306804488809e-05
2525.0,7.977387206491374e-05
2526.0,8.041004164370319e-05
2527.0,8.103151114606711e-05
2528.0,8.163821616647654e-05
2529.0,8.223009350652519e-05
2530.0,8.280708115639444e-05
2531.0,8.336911828033462e-05
2532.0,8.39161452061682e-05
2533.0,8.44481034188114e-05
2534.0,8.496493555779995e-05
2535.0,8.546658541879296e-05
2536.0,8.595299795901292e-05
2537.0,8.642411930656452e-05
2538.0,8.687989677355604e-05
2539.0,8.73202788729284e-05
2540.0,8.774521533887871e-05
2541.0,8.815465715074934e-05
2542.0,8.854855656024061e-05
2543.0,8.892686712179544e-05
2544.0,8.928954372599688e-05
2545.0,8.963654263581231e-05
2546.0,8.99678215255119e-05
2547.0,9.028333952208332e-05
2548.0,9.058305724895796e-05
2549.0,9.086693687185754e-05
2550.0,9.113494214656234e-05
2551.0,9.138703846839471e-05
2552.0,9.162319292320532e-05
2553.0,9.184337433964586e-05
2554.0,9.204755334250892e-05
2555.0,9.223570240691448e-05
2556.0,9.240779591312032e-05
2557.0,9.25638102017315e-05
2558.0,9.270372362908232e-05
2559.0,9.282751662256168e-05
2560.0,9.293517173564968e-05
2561.0,9.302667370242963e-05
2562.0,9.310200949133502e-05
2563.0,9.316116835788918e-05
2564.0,9.320414189619465e-05
2565.0,9.323092408893326e-05
2566.0,9.324151135564221e-05
2567.0,9.323590259903799e-05
2568.0,9.321409924916651e-05
2569.0,9.317610530516323e-05
2570.0,9.312192737441422e-05
2571.0,9.305157470891544e-05
2572.0,9.29650592386345e-05
2573.0,9.286239560168624e-05
2574.0,9.2743601171143e-05
2575.0,9.26086960783118e-05
2576.0,9.245770323232571e-05
2577.0,9.229064833591368e-05
2578.0,9.210755989723074e-05
2579.0,9.19084692376472e-05
2580.0,9.169341049541151e-05
2581.0,9.146242062511663e-05
2582.0,9.121553939291213e-05
2583.0,9.095280936741659e-05
2584.0,9.06742759062946e-05
2585.0,9.037998713847187e-05
2586.0,9.0069993941972e-05
2587.0,8.974434991736995e-05
2588.0,8.940311135687077e-05
2589.0,8.904633720903586e-05
2590.0,8.86740890391927e-05
2591.0,8.828643098557732e-05
2592.0,8.788342971127093e-05
2593.0,8.746515435200419e-05
2594.0,8.703167645991354e-05
2595.0,8.65830699433441e-05
2596.0,8.611941100280286e-05
2597.0,8.56407780631768e-05
2598.0,8.514725170234205e-05
2599.0,8.463891457630508e-05
2600.0,8.411585134103215e-05
2601.0,8.357814857114018e-05
2602.0,8.302589467563773e-05
2603.0,8.245917981092153e-05
2604.0,8.187809579124805e-05
2605.0,8.12827359969152e-05
2606.0,8.067319528040099e-05
2607.0,8.004956987071827e-05
2608.0,7.941195727625505e-05
2609.0,7.876045618638023e-05
2610.0,7.8095166372106e-05
2611.0,7.741618858610969e-05
2612.0,7.672362446242882e-05
2613.0,7.601757641615365e-05
2614.0,7.52981475434504e-05
2615.0,7.456544152225389e-05
2616.0,7.381956251397253e-05
2617.0,7.306061506654978e-05
2618.0,7.228870401922421e-05
2619.0,7.150393440932828e-05
2620.0,7.070641138146218e-05
2621.0,6.989624009937705e-05
2622.0,6.907352566090034e-05
2623.0,6.823837301623466e-05
2624.0,6.739088688995997e-05
2625.0,6.653117170706432e-05
2626.0,6.565933152332293e-05
2627.0,6.47754699603365e-05
2628.0,6.387969014552928e-05
2629.0,6.297209465739498e-05
2630.0,6.205278547626316e-05
2631.0,6.112186394084367e-05
2632.0,6.017943071079077e-05
2633.0,5.9225585735513975e-05
2634.0,5.826042822944992e-05
2635.0,5.728405665399577e-05
2636.0,5.629656870628995e-05
2637.0,5.5298061315010935e-05
2638.0,5.4288630643345765e-05
2639.0,5.3268372099261165e-05
2640.0,5.223738035318849e-05
2641.0,5.119574936321119e-05
2642.0,5.014357240782048e-05
2643.0,4.908094212628183e-05
2644.0,4.800795056663389e-05
2645.0,4.6924689241320505e-05
2646.0,4.583124919043755e-05
2647.0,4.4727721052557716e-05
2648.0,4.3614195143078765e-05
2649.0,4.249076154002336e-05
2650.0,4.135751017720088e-05
2651.0,4.0214530944622725e-05
2652.0,3.906191379604214e-05
2653.0,3.78997488634687e-05
2654.0,3.672812657848662e-05
2655.0,3.554713780018691e-05
2656.0,3.4356873949505485e-05
2657.0,3.315742714974376e-05
2658.0,3.1948890373032694e-05
2659.0,3.073135759248716e-05
2660.0,2.9504923939782288e-05
2661.0,2.826968586786906e-05
2662.0,2.702574131853052e-05
2663.0,2.577318989446559e-05
2664.0,2.4512133035571598e-05
2665.0,2.3242674199081517e-05
2666.0,2.196491904319663e-05
2667.0,2.067897561383984e-05
2668.0,1.938495453414145e-05
2669.0,1.8082969196255445e-05
2670.0,1.67731359550923e-05
2671.0,1.5455574323543245e-05
2672.0,1.4130407168760583e-05
2673.0,1.2797760909049364e-05
2674.0,1.1457765710918136e-05
2675.0,1.0110555685828789e-05
2676.0,8.756269086180576e-06
2677.0,7.395048500058749e-06
2678.0,6.027041044275961e-06
2679.0,4.652398555233662e-06
2680.0,3.2712777771307917e-06
2681.0,1.8838405470476434e-06
2682.0,4.902539764340173e-07
2683.0,-9.093093714680468e-07
2684.0,-2.3146713087339487e-06
2685.0,-3.7256478548626308e-06
2686.0,-5.142049074339403e-06
2687.0,-6.563678920113228e-06
2688.0,-7.990335083442699e-06
2689.0,-9.421808850560782e-06
2690.0,-1.085788496660089e-05
2691.0,-1.229834150721684e-05
2692.0,-1.374294975831741e-05
2693.0,-1.5191474104323292e-05
2694.0,-1.6643671925341498e-05
2695.0,-1.8099293503639308e-05
2696.0,-1.9558081939785552e-05
2697.0,-2.1019773078812307e-05
2698.0,-2.248409544673405e-05
2699.0,-2.395077019774505e-05
2700.0,-2.541951107239934e-05
2701.0,-2.6890024367060183e-05
2702.0,-2.836200891488873e-05
2703.0,-2.9835156078622982e-05
2704.0,-3.130914975538087e-05
2705.0,-3.2783666393703e-05
2706.0,-3.425837502303121e-05
2707.0,-3.57329372957977e-05
2708.0,-3.7207007542276744e-05
2709.0,-3.868023283833089e-05
2710.0,-4.015225308616574e-05
2711.0,-4.162270110819253e-05
2712.0,-4.3091202754082496e-05
2713.0,-4.455737702108038e-05
2714.0,-4.602083618762634e-05
2715.0,-4.748118596031611e-05
2716.0,-4.89380256342083e-05
2717.0,-5.039094826646494e-05
2718.0,-5.1839540863288485e-05
2719.0,-5.3283384580095286e-05
2720.0,-5.4722054934841624e-05
2721.0,-5.615512203439448e-05
2722.0,-5.758215081381305e-05
2723.0,-5.9002701288381955e-05
2724.0,-6.041632881821208e-05
2725.0,-6.182258438520184e-05
2726.0,-6.322101488212668e-05
2727.0,-6.461116341359691e-05
2728.0,-6.599256960859108e-05
2729.0,-6.73647699442373e-05
2730.0,-6.872729808048103e-05
2731.0,-7.007968520524547e-05
2732.0,-7.142146038966073e-05
2733.0,-7.275215095290641e-05
2734.0,-7.407128283617905e-05
2735.0,-7.537838098525972e-05
2736.0,-7.667296974111964e-05
2737.0,-7.795457323796535e-05
2738.0,-7.922271580808983e-05
2739.0,-8.0476922392865e-05
2740.0,-8.171671895918272e-05
2741.0,-8.294163292062317e-05
2742.0,-8.415119356260557e-05
2743.0,-8.534493247075204e-05
2744.0,-8.65223839616757e-05
2745.0,-8.768308551538627e-05
2746.0,-8.882657820849182e-05
2747.0,-8.995240714736298e-05
2748.0,-9.106012190041707e-05
2749.0,-9.21492769286726e-05
2750.0,-9.321943201371967e-05
2751.0,-9.427015268225062e-05
2752.0,-9.530101062629542e-05
2753.0,-9.63115841183108e-05
2754.0,-9.730145842027853e-05
2755.0,-9.827022618597695e-05
2756.0,-9.921748785560174e-05
2757.0,-0.00010014285204192496
2758.0,-0.000101045935907199
2759.0,-0.0001019263655300329
2760.0,-0.0001027837762614955
2761.0,-0.0001036178130697298
2762.0,-0.0001044281308723978
2763.0,-0.00010521439485631045
2764.0,-0.00010597628078363337
2765.0,-0.00010671347528409528
2766.0,-0.00010742567613266285
2767.0,-0.00010811259251218326
2768.0,-0.00010877394526053556
2769.0,-0.00010940946710187298
2770.0,-0.00011001890286158362
2771.0,-0.00011060200966464472
2772.0,-0.000111158557117096
2773.0,-0.00011168832747041025
2774.0,-0.0001121911157685892
2775.0,-0.00011266672997786291
2776.0,-0.00011311499109891773
2777.0,-0.00011353573326162223
2778.0,-0.00011392880380226386
2779.0,-0.00011429406332335012
2780.0,-0.00011463138573606967
2781.0,-0.00011494065828555064
2782.0,-0.00011522178155909736
2783.0,-0.00011547466947763205
2784.0,-0.00011569924927061548
2785.0,-0.00011589546143476644
2786.0,-0.00011606325967694358
2787.0,-0.0001162026108415917
2788.0,-0.00011631349482318896
2789.0,-0.00011639590446415875
2790.0,-0.00011644984543873497
2791.0,-0.00011647533612328909
2792.0,-0.00011647240745364651
2793.0,-0.00011644110276993723
2794.0,-0.00011638147764954405
2795.0,-0.00011629359972872899
2796.0,-0.00011617754851353564
2797.0,-0.00011603341518057994
2798.0,-0.00011586130236835496
2799.0,-0.00011566132395968395
2800.0,-0.00011543360485596232
2801.0,-0.00011517828074382994
2802.0,-0.00011489549785491232
2803.0,-0.00011458541271926193
2804.0,-0.00011424819191312142
2805.0,-0.00011388401180162132
2806.0,-0.00011349305827701621
2807.0,-0.00011307552649305583
2808.0,-0.00011263162059607964
2809.0,-0.00011216155345341449
2810.0,-0.00011166554637964355
2811.0,-0.00011114382886130175
2812.0,-0.00011059663828053701
2813.0,-0.00011002421963825842
2814.0,-0.00010942682527727262
2815.0,-0.00010880471460588496
2816.0,-0.0001081581538224187
2817.0,-0.00010748741564107755
2818.0,-0.00010679277901955193
2819.0,-0.0001060745288887431
2820.0,-0.0001053329558849567
2821.0,-0.00010456835608489462
2822.0,-0.00010378103074375417
2823.0,-0.00010297128603672278
2824.0,-0.00010213943280413467
2825.0,-0.00010128578630053222
2826.0,-0.00010041066594784793
2827.0,-9.951439509289592e-05
2828.0,-9.859730076933265e-05
2829.0,-9.765971346422202e-05
2830.0,-9.670196688931602e-05
2831.0,-9.572439775714197e-05
2832.0,-9.472734556196915e-05
2833.0,-9.371115236571042e-05
2834.0,-9.267616258879989e-05
2835.0,-9.162272280607362e-05
2836.0,-9.055118154766755e-05
2837.0,-8.946188910493257e-05
2838.0,-8.83551973413524e-05
2839.0,-8.72314595084352e-05
2840.0,-8.609103006653636e-05
2841.0,-8.493426451055972e-05
2842.0,-8.376151920047619e-05
2843.0,-8.257315119659432e-05
2844.0,-8.136951809951408e-05
2845.0,-8.015097789469401e-05
2846.0,-7.891788880156093e-05
2847.0,-7.767060912709157e-05
2848.0,-7.640949712379587e-05
2849.0,-7.513491085203104e-05
2850.0,-7.384720804657538e-05
2851.0,-7.254674598738805e-05
2852.0,-7.123388137447887e-05
2853.0,-6.990897020681016e-05
2854.0,-6.857236766515207e-05
2855.0,-6.72244279988148e-05
2856.0,-6.586550441618389e-05
2857.0,-6.449594897898984e-05
2858.0,-6.311611250024719e-05
2859.0,-6.172634444580425e-05
2860.0,-6.032699283944627e-05
2861.0,-5.891840417149703e-05
2862.0,-5.75009233108643e-05
2863.0,-5.607489342047673e-05
2864.0,-5.464065587606411e-05
2865.0,-5.319855018823781e-05
2866.0,-5.174891392783502e-05
2867.0,-5.0292082654495436e-05
2868.0,-4.882838984844569e-05
2869.0,-4.735816684547299e-05
2870.0,-4.588174277507496e-05
2871.0,-4.439944450177675e-05
2872.0,-4.2911596569608766e-05
2873.0,-4.14185211497383e-05
2874.0,-3.992053799124821e-05
2875.0,-3.841796437505384e-05
2876.0,-3.691111507094881e-05
2877.0,-3.540030229777024e-05
2878.0,-3.388583568667693e-05
2879.0,-3.2368022247535885e-05
2880.0,-3.084716633841578e-05
2881.0,-2.9323569638187847e-05
2882.0,-2.7797531122236704e-05
2883.0,-2.6269347041283964e-05
2884.0,-2.4739310903324903e-05
2885.0,-2.3207713458673803e-05
2886.0,-2.1674842688105666e-05
2887.0,-2.0140983794073055e-05
2888.0,-1.8606419194965528e-05
2889.0,-1.707142852236785e-05
2890.0,-1.553628862126386e-05
2891.0,-1.4001273553125725e-05
2892.0,-1.2466654601824418e-05
2893.0,-1.093270028229142e-05
2894.0,-9.399676351854618e-06
2895.0,-7.867845824160702e-06
2896.0,-6.3374689855847055e-06
2897.0,-4.808803414014724e-06
2898.0,-3.2821039998890975e-06
2899.0,-1.7576229693529736e-06
2900.0,-2.356099093902452e-07
2901.0,1.2836882052246412e-06
2902.0,2.80002698332138e-06
2903.0,4.313164587251188e-06
2904.0,5.822861701510798e-06
2905.0,7.328881500263281e-06
2906.0,8.83098961395167e-06
2907.0,1.0328954095205168e-05
2908.0,1.1822545384241149e-05
2909.0,1.3311536273968055e-05
2910.0,1.4795701874995257e-05
2911.0,1.6274819580756293e-05
2912.0,1.774866903295301e-05
2913.0,1.9217032087530362e-05
2914.0,2.067969278139405e-05
2915.0,2.2136437300082155e-05
2916.0,2.35870539465978e-05
2917.0,2.5031333111602912e-05
2918.0,2.6469067245164552e-05
2919.0,2.7900050830236613e-05
2920.0,2.932408035804809e-05
2921.0,3.07409543055561e-05
2922.0,3.21504731151064e-05
2923.0,3.355243917642864e-05
2924.0,3.494665681107716e-05
2925.0,3.633293225941068e-05
2926.0,3.771107367018686e-05
2927.0,3.908089109282982e-05
2928.0,4.044219647241245e-05
2929.0,4.179480364737932e-05
2930.0,4.313852835002016e-05
2931.0,4.4473188209685446e-05
2932.0,4.5798602758715205e-05
2933.0,4.711459344103032e-05
2934.0,4.8420983623313334e-05
2935.0,4.971759860868534e-05
2936.0,5.100426565276787e-05
2937.0,5.228081398200598e-05
2938.0,5.354707481411945e-05
2939.0,5.4802881380540886e-05
2940.0,5.604806895068984e-05
2941.0,5.728247485792156e-05
2942.0,5.850593852697984e-05
2943.0,5.9718301502775356e-05
2944.0,6.091940748030437e-05
2945.0,6.210910233551655e-05
2946.0,6.32872341569353e-05
2947.0,6.4453653277831e-05
2948.0,6.560821230874605e-05
2949.0,6.675076617017221e-05
2950.0,6.78811721251835e-05
2951.0,6.899928981183003e-05
2952.0,7.01049812750996e-05
2953.0,7.119811099825275e-05
2954.0,7.227854593333471e-05
2955.0,7.334615553066647e-05
2956.0,7.440081176711832e-05
2957.0,7.544238917297382e-05
2958.0,7.647076485719848e-05
2959.0,7.74858185309361e-05
2960.0,7.84874325290646e-05
2961.0,7.947549182965383e-05
2962.0,8.04498840711815e-05
2963.0,8.141049956738053e-05
2964.0,8.235723131961057e-05
2965.0,8.328997502666696e-05
2966.0,8.420862909195941e-05
2967.0,8.511309462801038e-05
2968.0,8.60032754582407e-05
2969.0,8.687907811602804e-05
2970.0,8.774041184104304e-05
2971.0,8.858718857288778e-05
2972.0,8.941932294208096e-05
2973.0,9.023673225845208e-05
2974.0,9.103933649702319e-05
2975.0,9.182705828146879e-05
2976.0,9.259982286525434e-05
2977.0,9.335755811056068e-05
2978.0,9.41001944651086e-05
2979.0,9.482766493700554e-05
2980.0,9.553990506774515e-05
2981.0,9.62368529035002e-05
2982.0,9.691844896485666e-05
2983.0,9.758463621514223e-05
2984.0,9.823536002750564e-05
2985.0,9.887056815090499e-05
2986.0,9.949021067516655e-05
2987.0,0.00010009423999527696
2988.0,0.00010068261077507527
2989.0,0.00010125527991051224
2990.0,0.0001018122064926463
2991.0,0.00010235335177054745
2992.0,0.00010287867911428053
2993.0,0.00010338815397813957
2994.0,0.00010388174386430208
2995.0,0.00010435941828706847
2996.0,0.00010482114873784667
2997.0,0.00010526690865103475
2998.0,0.00010569667337094638
2999.0,0.00010611042011991355
3000.0,0.00010650812796769046
3001.0,0.00010688977780227117
3002.0,0.0001072553523022227
3003.0,0.00010760483591062412
3004.0,0.0001079382148106909
3005.0,0.00010825547690315056
3006.0,0.00010855661178542174
3007.0,0.00010884161073263411
3008.0,0.0001091104666805091
3009.0,0.00010936317421010568
3010.0,0.00010959972953441658
3011.0,0.00010982013048678323
3012.0,0.00011002437651108045
3013.0,0.0001102124686536066
3014.0,0.00011038440955660049
3015.0,0.00011054020345329337
3016.0,0.00011067985616439149
3017.0,0.00011080337509587335
3018.0,0.00011091076923797526
3019.0,0.00011100204916522984
3020.0,0.00011107722703741291
3021.0,0.00011113631660124613
3022.0,0.00011117933319269347
3023.0,0.00011120629373968183
3024.0,0.00011121721676506947
3025.0,0.00011121212238968269
3026.0,0.00011119103233524066
3027.0,0.00011115396992699098
3028.0,0.00011110096009588432
3029.0,0.00011103202938012392
3030.0,0.00011094720592593511
3031.0,0.00011084651948740949
3032.0,0.0001107300014252869
3033.0,0.00011059768470454481
3034.0,0.00011044960389067031
3035.0,0.00011028579514449601
3036.0,0.00011010629621548822
3037.0,0.0001099111464333855
3038.0,0.00010970038669809585
3039.0,0.00010947405946777226
3040.0,0.00010923220874499796
3041.0,0.00010897488006102486
3042.0,0.00010870212045801996
3043.0,0.00010841397846928511
3044.0,0.00010811050409742487
3045.0,0.00010779174879044466
3046.0,0.00010745776541576947
3047.0,0.0001071086082321813
3048.0,0.00010674433285968169
3049.0,0.00010636499624729515
3050.0,0.00010597065663883634
3051.0,0.0001055613735366735
3052.0,0.00010513720766352766
3053.0,0.00010469822092235598
3054.0,0.00010424447635437657
3055.0,0.00010377603809529937
3056.0,0.0001032929713298357
3057.0,0.00010279534224456643
3058.0,0.00010228321797925599
3059.0,0.00010175666657670806
3060.0,0.00010121575693126722
3061.0,0.00010066055873607854
3062.0,0.00010009114242922506
3063.0,9.950757913886995e-05
3064.0,9.890994062753639e-05
3065.0,9.829829923566384e-05
3066.0,9.767272782458262e-05
3067.0,9.703329971905008e-05
3068.0,9.63800886494918e-05
3069.0,9.571316869409021e-05
3070.0,9.503261422086337e-05
3071.0,9.433849982987786e-05
3072.0,9.363090029574278e-05
3073.0,9.29098905105336e-05
3074.0,9.217554542729719e-05
3075.0,9.142794000429054e-05
3076.0,9.066714915010533e-05
3077.0,8.989324766982948e-05
3078.0,8.910631021239406e-05
3079.0,8.830641121925101e-05
3080.0,8.74936248745249e-05
3081.0,8.666802505677931e-05
3082.0,8.582968529253863e-05
3083.0,8.497867871170442e-05
3084.0,8.411507800500547e-05
3085.0,8.323895538361734e-05
3086.0,8.235038254108504e-05
3087.0,8.144943061767685e-05
3088.0,8.053617016729154e-05
3089.0,7.961067112703248e-05
3090.0,7.867300278955254e-05
3091.0,7.7723233778264e-05
3092.0,7.676143202549847e-05
3093.0,7.578766475369478e-05
3094.0,7.480199845968633e-05
3095.0,7.380449890215409e-05
3096.0,7.2795231092307e-05
3097.0,7.177425928784637e-05
3098.0,7.074164699026672e-05
3099.0,6.969745694554171e-05
3100.0,6.864175114823969e-05
3101.0,6.75745908491093e-05
3102.0,6.64960365661735e-05
3103.0,6.540614809936815e-05
3104.0,6.430498454876185e-05
3105.0,6.319260433639537e-05
3106.0,6.206906523178196e-05
3107.0,6.0934424381113106e-05
3108.0,5.9788738340218335e-05
3109.0,5.8632063111330205e-05
3110.0,5.746445418370851e-05
3111.0,5.628596657817899e-05
3112.0,5.509665489564286e-05
3113.0,5.389657336961308e-05
3114.0,5.268577592283222e-05
3115.0,5.146431622802566e-05
3116.0,5.023224777284156e-05
3117.0,4.898962392902847e-05
3118.0,4.773649802589875e-05
3119.0,4.647292342812505e-05
3120.0,4.519895361791479e-05
3121.0,4.3914642281606155e-05
3122.0,4.262004340072746e-05
3123.0,4.131521134755788e-05
3124.0,4.000020098522243e-05
3125.0,3.867506777234567e-05
3126.0,3.733986787228067e-05
3127.0,3.599465826692042e-05
3128.0,3.463949687509085e-05
3129.0,3.3274442675516334e-05
3130.0,3.1899555834340496e-05
3131.0,3.051489783717673e-05
3132.0,2.9120531625653593e-05
3133.0,2.7716521738409776e-05
3134.0,2.6302934456481778e-05
3135.0,2.4879837953014082e-05
3136.0,2.344730244720665e-05
3137.0,2.2005400362397176e-05
3138.0,2.0554206488157634e-05
3139.0,1.9093798146266176e-05
3140.0,1.7624255360398103e-05
3141.0,1.6145661029363526e-05
3142.0,1.4658101103702343e-05
3143.0,1.3161664765429205e-05
3144.0,1.165644461070246e-05
3145.0,1.0142536835172343e-05
3146.0,8.620041421745071e-06
3147.0,7.089062330482626e-06
3148.0,5.549707690342597e-06
3149.0,4.00208999245049e-06
3150.0,2.446326284585962e-06
3151.0,8.825383665564906e-07
3152.0,-6.891470138764344e-07
3153.0,-2.2685979648609823e-06
3154.0,-3.855677254457847e-06
3155.0,-5.4502421151383395e-06
3156.0,-7.052144049140691e-06
3157.0,-8.661228635052626e-06
3158.0,-1.0277335335992993e-05
3159.0,-1.190029730976952e-05
3160.0,-1.3529941221396221e-05
3161.0,-1.5166087058362997e-05
3162.0,-1.6808547949058505e-05
3163.0,-1.8457129984754815e-05
3164.0,-2.0111632045568495e-05
3165.0,-2.1771845630818135e-05
3166.0,-2.343755469420533e-05
3167.0,-2.510853548425434e-05
3168.0,-2.6784556390457995e-05
3169.0,-2.8465377795591414e-05
3170.0,-3.0150751934671715e-05
3171.0,-3.184042276105812e-05
3172.0,-3.353412582020009e-05
3173.0,-3.523158813155099e-05
3174.0,-3.693252807916755e-05
3175.0,-3.863665531151258e-05
3176.0,-4.034367065097074e-05
3177.0,-4.2053266013579e-05
3178.0,-4.376512433946576e-05
3179.0,-4.547891953448587e-05
3180.0,-4.7194316423530446e-05
3181.0,-4.891097071598169e-05
3182.0,-5.062852898377121e-05
3183.0,-5.234662865248769e-05
3184.0,-5.406489800596524e-05
3185.0,-5.5782956204768295e-05
3186.0,-5.750041331897081e-05
3187.0,-5.9216870375606925e-05
3188.0,-6.09319194211492e-05
3189.0,-6.264514359934992e-05
3190.0,-6.435611724476279e-05
3191.0,-6.606440599224341e-05
3192.0,-6.77695669027013e-05
3193.0,-6.947114860534611e-05
3194.0,-7.116869145663737e-05
3195.0,-7.28617277161118e-05
3196.0,-7.454978173922516e-05
3197.0,-7.62323701873054e-05
3198.0,-7.790900225467067e-05
3199.0,-7.957917991292507e-05
3200.0,-8.124239817240506e-05
3201.0,-8.289814536071285e-05
3202.0,-8.454590341823521e-05
3203.0,-8.618514821050531e-05
3204.0,-8.781534985722096e-05
3205.0,-8.943597307768566e-05
3206.0,-9.104647755238945e-05
3207.0,-9.264631830039777e-05
3208.0,-9.423494607216818e-05
3209.0,-9.581180775736658e-05
3210.0,-9.73763468072077e-05
3211.0,-9.89280036707991e-05
3212.0,-0.00010046621624492462
3213.0,-0.00010199042033666454
3214.0,-0.00010350005013821236
3215.0,-0.00010499453871321063
3216.0,-0.00010647331849388988
3217.0,-0.00010793582178825423
3218.0,-0.0001093814812965196
3219.0,-0.00011080973063597199
3220.0,-0.00011222000487337745
3221.0,-0.00011361174106403716
3222.0,-0.00011498437879654197
3223.0,-0.00011633736074224182
3224.0,-0.00011767013320840794
3225.0,-0.00011898214669403225
3226.0,-0.00012027285644717458
3227.0,-0.00012154172302273624
3228.0,-0.00012278821283950682
3229.0,-0.0001240117987353045
3230.0,-0.0001252119605190143
3231.0,-0.00012638818551832044
3232.0,-0.00012753996912193044
3233.0,-0.00012866681531509253
3234.0,-0.00012976823720721562
3235.0,-0.00013084375755041317
3236.0,-0.00013189290924781155
3237.0,-0.00013291523585048926
3238.0,-0.0001339102920419452
3239.0,-0.0001348776441090293
3240.0,-0.00013581687039830817
3241.0,-0.00013672756175688
3242.0,-0.00013760932195670247
3243.0,-0.00013846176810154812
3244.0,-0.0001392845310157568
3245.0,-0.00014007725561400764
3246.0,-0.0001408396012513875
3247.0,-0.00014157124205308786
3248.0,-0.0001422718672231204
3249.0,-0.0001429411813314999
3250.0,-0.00014357890457940354
3251.0,-0.00014418477304187555
3252.0,-0.00014475853888770745
3253.0,-0.00014529997057618755
3254.0,-0.00014580885303047816
3255.0,-0.00014628498778744353
3256.0,-0.00014672819312381492
3257.0,-0.00014713830415864
3258.0,-0.00014751517293202262
3259.0,-0.0001478586684602176
3260.0,-0.00014816867676720462
3261.0,-0.00014844510089292274
3262.0,-0.00014868786087840388
3263.0,-0.00014889689372810016
3264.0,-0.00014907215334975334
3265.0,-0.00014921361047221183
3266.0,-0.0001493212525416553
3267.0,-0.00014939508359674213
3268.0,-0.00014943512412324403
3269.0,-0.00014944141088877623
3270.0,-0.00014941399675827234
3271.0,-0.00014935295049088644
3272.0,-0.0001492583565190393
3273.0,-0.00014913031471035378
3274.0,-0.00014896894011325246
3275.0,-0.00014877436268701547
3276.0,-0.0001485467270171233
3277.0,-0.0001482861920167349
3278.0,-0.00014799293061517493
3279.0,-0.00014766712943432636
3280.0,-0.00014730898845383736
3281.0,-0.00014691872066606389
3282.0,-0.00014649655172167315
3283.0,-0.00014604271956683446
3284.0,-0.00014555747407292094
3285.0,-0.00014504107665963827
3286.0,-0.0001444937999124877
3287.0,-0.00014391592719545872
3288.0,-0.00014330775225983528
3289.0,-0.00014266957884998617
3290.0,-0.00014200172030699759
3291.0,-0.00014130449917098962
3292.0,-0.00014057824678294188
3293.0,-0.0001398233028868324
3294.0,-0.00013904001523287241
3295.0,-0.0001382287391825925
3296.0,-0.00013738983731650543
3297.0,-0.0001365236790450376
3298.0,-0.0001356306402233836
3299.0,-0.00013471110277090483
3300.0,-0.00013376545429565824
3301.0,-0.00013279408772461071
3302.0,-0.0001317974009400602
3303.0,-0.0001307757964227518
3304.0,-0.0001297296809021405
3305.0,-0.0001286594650142138
3306.0,-0.00012756556296724907
3307.0,-0.00012644839221583867
3308.0,-0.00012530837314347505
3309.0,-0.0001241459287539433
3310.0,-0.0001229614843717272
3311.0,-0.00012175546735159201
3312.0,-0.00012052830679746978
3313.0,-0.00011928043329073788
3314.0,-0.00011801227862795135
3315.0,-0.00011672427556806182
3316.0,-0.00011541685758912804
3317.0,-0.00011409045865449619
3318.0,-0.0001127455129883999
3319.0,-0.00011138245486090027
3320.0,-0.00011000171838205562
3321.0,-0.00010860373730517987
3322.0,-0.00010718894483902122
3323.0,-0.00010575777346866941
3324.0,-0.0001043106547849828
3325.0,-0.00010284801932231212
3326.0,-0.00010137029640428706
3327.0,-9.987791399742174e-05
3328.0,-9.837129857228805e-05
3329.0,-9.685087497199935e-05
3330.0,-9.531706628773911e-05
3331.0,-9.377029374106162e-05
3332.0,-9.221097657268234e-05
3333.0,-9.063953193747025e-05
3334.0,-8.905637480535068e-05
3335.0,-8.746191786782918e-05
3336.0,-8.585657144985251e-05
3337.0,-8.424074342673119e-05
3338.0,-8.261483914586012e-05
3339.0,-8.097926135298484e-05
3340.0,-7.933441012277235e-05
3341.0,-7.768068279345557e-05
3342.0,-7.601847390533007e-05
3343.0,-7.434817514289064e-05
3344.0,-7.267017528040095e-05
3345.0,-7.098486013069502e-05
3346.0,-6.929261249701457e-05
3347.0,-6.75938121276954e-05
3348.0,-6.588883567352726e-05
3349.0,-6.417805664762447e-05
3350.0,-6.246184538765849e-05
3351.0,-6.074056902031628e-05
3352.0,-5.9014591427860775e-05
3353.0,-5.728427321667977e-05
3354.0,-5.554997168771751e-05
3355.0,-5.381204080868714e-05
3356.0,-5.207083118796565e-05
3357.0,-5.0326690050076215e-05
3358.0,-4.8579961212668335e-05
3359.0,-4.683098506491402e-05
3360.0,-4.508009854724745e-05
3361.0,-4.332763513238653e-05
3362.0,-4.1573924807585455e-05
3363.0,-3.981929405807623e-05
3364.0,-3.806406585166194e-05
3365.0,-3.6308559624428875e-05
3366.0,-3.455309126754608e-05
3367.0,-3.2797973115123656e-05
3368.0,-3.1043513933101365e-05
3369.0,-2.9290018909141437e-05
3370.0,-2.7537789643500013e-05
3371.0,-2.5787124140855177e-05
3372.0,-2.403831680307294e-05
3373.0,-2.229165842289776e-05
3374.0,-2.0547436178557687e-05
3375.0,-1.8805933629273237e-05
3376.0,-1.7067430711656686e-05
3377.0,-1.5332203736981477e-05
3378.0,-1.3600525389293146e-05
3379.0,-1.1872664724323366e-05
3380.0,-1.014888716916006e-05
3381.0,-8.429454522617206e-06
3382.0,-6.714624956240875e-06
3383.0,-5.004653015884695e-06
3384.0,-3.2997896237872785e-06
3385.0,-1.6002820810868398e-06
3386.0,9.362592929075992e-08
3387.0,1.7816943394353285e-06
3388.0,3.4636866930130844e-06
3389.0,5.139370141653458e-06
3390.0,6.808515441231804e-06
3391.0,8.470896948116405e-06
3392.0,1.0126292615444913e-05
3393.0,1.1774483989489382e-05
3394.0,1.3415256206163564e-05
3395.0,1.5048397987721455e-05
3396.0,1.6673701639689987e-05
3397.0,1.8290963048072783e-05
3398.0,1.9899981676854627e-05
3399.0,2.150056056582704e-05
3400.0,2.3092506328746354e-05
3401.0,2.4675629151828315e-05
3402.0,2.6249742792576117e-05
3403.0,2.7814664578933336e-05
3404.0,2.937021540874716e-05
3405.0,3.09162197495198e-05
3406.0,3.245250563841739e-05
3407.0,3.397890468249557e-05
3408.0,3.549525205909018e-05
3409.0,3.700138651631147e-05
3410.0,3.849715037357186e-05
3411.0,3.998238952206896e-05
3412.0,4.1456953425139915e-05
3413.0,4.2920695118395836e-05
3414.0,4.437347120954075e-05
3415.0,4.581514187777369e-05
3416.0,4.72455708726683e-05
3417.0,4.866462551241874e-05
3418.0,5.007217668133692e-05
3419.0,5.146809882647962e-05
3420.0,5.285226995327924e-05
3421.0,5.4224571620047995e-05
3422.0,5.55848889312241e-05
3423.0,5.693311052922791e-05
3424.0,5.826912858479582e-05
3425.0,5.95928387856618e-05
3426.0,6.0904140323459285e-05
3427.0,6.220293587872238e-05
3428.0,6.348913160387224e-05
3429.0,6.476263710408168e-05
3430.0,6.602336541591506e-05
3431.0,6.727123298364574e-05
3432.0,6.850615963315919e-05
3433.0,6.972806854336019e-05
3434.0,7.093688621501476e-05
3435.0,7.213254243697101e-05
3436.0,7.331497024971596e-05
3437.0,7.448410590623544e-05
3438.0,7.563988883015417e-05
3439.0,7.678226157114236e-05
3440.0,7.791116975758557e-05
3441.0,7.902656204652563e-05
3442.0,8.012839007089354e-05
3443.0,8.12166083840703e-05
3444.0,8.22911744018295e-05
3445.0,8.335204834173365e-05
3446.0,8.439919316007192e-05
3447.0,8.543257448644225e-05
3448.0,8.645216055609249e-05
3449.0,8.745792214014915e-05
3450.0,8.84498324738741e-05
3451.0,8.94278671830993e-05
3452.0,9.039200420899609e-05
3453.0,9.134222373134043e-05
3454.0,9.227850809044083e-05
3455.0,9.320084170790235e-05
3456.0,9.410921100640712e-05
3457.0,9.500360432869682e-05
3458.0,9.58840118559466e-05
3459.0,9.675042552571988e-05
3460.0,9.760283894969383e-05
3461.0,9.844124733134379e-05
3462.0,9.926564738377394e-05
3463.0,0.00010007603724787996
3464.0,0.00010087241641102877
3465.0,0.0001016547856264402
3466.0,0.00010242314683345665
3467.0,0.00010317750307888648
3468.0,0.00010391785843960682
3469.0,0.0001046442179466072
3470.0,0.00010535658751065113
3471.0,0.00010605497384972682
3472.0,0.00010673938441845198
3473.0,0.00010740982733959168
3474.0,0.00010806631133784085
3475.0,0.00010870884567601461
3476.0,0.00010933744009378249
3477.0,0.0001099521047490735
3478.0,0.00011055285016226992
3479.0,0.00011113968716329524
3480.0,0.00011171262684168929
3481.0,0.00011227168049974871
3482.0,0.0001128168596087974
3483.0,0.00011334817576863867
3484.0,0.00011386564067022864
3485.0,0.00011436926606159957
3486.0,0.0001148590637170511
3487.0,0.00011533504540961843
3488.0,0.00011579722288681838
3489.0,0.00011624560784966848
3490.0,0.00011668021193496746
3491.0,0.00011710104670081924
3492.0,0.0001175081236153749
3493.0,0.00011790145404875921
3494.0,0.00011828104926814049
3495.0,0.0001186469204358938
3496.0,0.00011899907861080103
3497.0,0.00011933753475222396
3498.0,0.00011966229972718172
3499.0,0.00011997338432025802
3500.0,0.00012027079924625915
3501.0,0.00012055455516553735
3502.0,0.00012082466270188772
3503.0,0.00012108113246291758
3504.0,0.00012132397506277937
3505.0,0.00012155320114714815
3506.0,0.00012176882142031617
3507.0,0.0001219708466742686
3508.0,0.00012215928781959655
3509.0,0.00012233415591809737
3510.0,0.00012249546221690958
3511.0,0.0001226432181840276
3512.0,0.00012277743554504463
3513.0,0.00012289812632097495
3514.0,0.00012300530286700945
3515.0,0.00012309897791206278
3516.0,0.00012317916459897131
3517.0,0.00012324587652520113
3518.0,0.0001232991277839248
3519.0,0.00012333893300532335
3520.0,0.00012336530739796825
3521.0,0.00012337826679013756
3522.0,0.00012337782767092172
3523.0,0.00012336400723097634
3524.0,0.00012333682340278274
3525.0,0.00012329629490027866
3526.0,0.00012324244125772288
3527.0,0.0001231752828676575
3528.0,0.00012309484101782968
3529.0,0.0001230011379269341
3530.0,0.00012289419677903582
3531.0,0.00012277404175653443
3532.0,0.00012264069807153447
3533.0,0.00012249419199549324
3534.0,0.000122334550887028
3535.0,0.00012216180321777503
3536.0,0.00012197597859620492
3537.0,0.00012177710778930722
3538.0,0.00012156522274206637
3539.0,0.00012134035659465658
3540.0,0.00012110254369728777
3541.0,0.00012085181962264028
3542.0,0.00012058822117583035
3543.0,0.00012031178640185623
3544.0,0.00012002255459048344
3545.0,0.00011972056627853856
3546.0,0.00011940586324959245
3547.0,0.00011907848853102501
3548.0,0.00011873848638847351
3549.0,0.00011838590231767494
3550.0,0.00011802078303371844
3551.0,0.00011764317645772851
3552.0,0.00011725313170100267
3553.0,0.00011685069904662998
3554.0,0.00011643592992862083
3555.0,0.00011600887690858305
3556.0,0.00011556959364998745
3557.0,0.00011511813489007442
3558.0,0.00011465455640946221
3559.0,0.00011417891499952677
3560.0,0.00011369126842763013
3561.0,0.00011319167540028136
3562.0,0.000112680195524319
3563.0,0.00011215688926620858
3564.0,0.00011162181790955346
3565.0,0.00011107504351092176
3566.0,0.00011051662885409877
3567.0,0.0001099466374028819
3568.0,0.00010936513325254303
3569.0,0.0001087721810800926
3570.0,0.00010816784609348532
3571.0,0.00010755219397991417
3572.0,0.00010692529085334234
3573.0,0.00010628720320142427
3574.0,0.00010563799783196871
3575.0,0.00010497774181909908
3576.0,0.00010430650244926798
3577.0,0.00010362434716728843
3578.0,0.00010293134352254794
3579.0,0.0001022275591155759
3580.0,0.00010151306154513745
3581.0,0.00010078791835602856
3582.0,0.00010005219698774523
3583.0,9.930596472419827e-05
3584.0,9.854928864464158e-05
3585.0,9.778223557597758e-05
3586.0,9.700487204659904e-05
3587.0,9.621726424192178e-05
3588.0,9.541947796175886e-05
3589.0,9.461157857968334e-05
3590.0,9.379363100452318e-05
3591.0,9.296569964412896e-05
3592.0,9.212784837154964e-05
3593.0,9.128014049374463e-05
3594.0,9.042263872295077e-05
3595.0,8.955540515081241e-05
3596.0,8.867850122537135e-05
3597.0,8.779198773100342e-05
3598.0,8.689592477137851e-05
3599.0,8.599037175551282e-05
3600.0,8.507538738697286e-05
3601.0,8.415102965628214e-05
3602.0,8.32173558365717e-05
3603.0,8.227442248250576e-05
3604.0,8.1322285432503e-05
3605.0,8.036099981426272e-05
3606.0,7.939062005359199e-05
3607.0,7.841119988651665e-05
3608.0,7.742279237464473e-05
3609.0,7.642544992373874e-05
3610.0,7.541922430544178e-05
3611.0,7.440416668209333e-05
3612.0,7.338032763456151e-05
3613.0,7.234775719300878e-05
3614.0,7.130650487049826e-05
3615.0,7.02566196993377e-05
3616.0,6.919815027004838e-05
3617.0,6.813114477283778e-05
3618.0,6.705565104144749e-05
3619.0,6.597171659924222e-05
3620.0,6.487938870740186e-05
3621.0,6.377871441507744e-05
3622.0,6.266974061137193e-05
3623.0,6.155251407900871e-05
3624.0,6.042708154955355e-05
3625.0,5.929348976006064e-05
3626.0,5.8151785511018616e-05
3627.0,5.7002015725479e-05
3628.0,5.5844227509256235e-05
3629.0,5.467846821209499e-05
3630.0,5.350478548970805e-05
3631.0,5.232322736659668e-05
3632.0,5.1133842299575594e-05
3633.0,4.9936679241937053e-05
3634.0,4.873178770820131e-05
3635.0,4.751921783941357e-05
3636.0,4.6299020468960326e-05
3637.0,4.507124718889122e-05
3638.0,4.383595041674456e-05
3639.0,4.2593183462887017e-05
3640.0,4.1343000598388506e-05
3641.0,4.0085457123462164e-05
3642.0,3.882060943650544e-05
3643.0,3.7548515103781596e-05
3644.0,3.626923292978183e-05
3645.0,3.498282302830771e-05
3646.0,3.368934689431426e-05
3647.0,3.238886747655377e-05
3648.0,3.108144925106229e-05
3649.0,2.9767158295530785e-05
3650.0,2.844606236460076e-05
3651.0,2.711823096612083e-05
3652.0,2.5783735438394774e-05
3653.0,2.4442649028443735e-05
3654.0,2.309504697129619e-05
3655.0,2.1741006570309395e-05
3656.0,2.0380607278514183e-05
3657.0,1.9013930780964736e-05
3658.0,1.764106107806413e-05
3659.0,1.6262084569828003e-05
3660.0,1.4877090141042173e-05
3661.0,1.348616924726481e-05
3662.0,1.2089416001618928e-05
3663.0,1.068692726231546e-05
3664.0,9.278802720838633e-06
3665.0,7.865144990712673e-06
3666.0,6.446059696754219e-06
3667.0,5.021655564698946e-06
3668.0,3.592044511076203e-06
3669.0,2.157341733193277e-06
3670.0,7.176657990827298e-07
3671.0,-7.268612627411242e-07
3672.0,-2.1761138738760617e-06
3673.0,-3.629962817143628e-06
3674.0,-5.088275148395444e-06
3675.0,-6.550914109202493e-06
3676.0,-8.017739040629395e-06
3677.0,-9.488605298308378e-06
3678.0,-1.0963364169040508e-05
3679.0,-1.2441862789161837e-05
3680.0,-1.392394406492012e-05
3681.0,-1.540944659511228e-05
3682.0,-1.6898204596235963e-05
3683.0,-1.8390047830408157e-05
3684.0,-1.988480153630305e-05
3685.0,-2.1382286363360026e-05
3686.0,-2.28823183095126e-05
3687.0,-2.438470866268965e-05
3688.0,-2.5889263946343496e-05
3689.0,-2.7395785869262207e-05
3690.0,-2.890407127992535e-05
3691.0,-3.041391212566176e-05
3692.0,-3.1925095416864985e-05
3693.0,-3.343740319651506e-05
3694.0,-3.4950612515246655e-05
3695.0,-3.6464495412191e-05
3696.0,-3.797881890180496e-05
3697.0,-3.949334496688526e-05
3698.0,-4.100783055795115e-05
3699.0,-4.2522027599167076e-05
3700.0,-4.4035683000968365e-05
3701.0,-4.554853867954782e-05
3702.0,-4.706033158335804e-05
3703.0,-4.8570793726782085e-05
3704.0,-5.007965223112071e-05
3705.0,-5.158662937303742e-05
3706.0,-5.309144264059442e-05
3707.0,-5.459380479700362e-05
3708.0,-5.6093423952207955e-05
3709.0,-5.759000364239918e-05
3710.0,-5.9083242917568795e-05
3711.0,-6.0572836437178514e-05
3712.0,-6.205847457402676e-05
3713.0,-6.353984352637554e-05
3714.0,-6.501662543838884e-05
3715.0,-6.64884985289206e-05
3716.0,-6.795513722867921e-05
3717.0,-6.941621232578717e-05
3718.0,-7.087139111974712e-05
3719.0,-7.232033758381556e-05
3720.0,-7.376271253576686e-05
3721.0,-7.519817381700314e-05
3722.0,-7.662637647993147e-05
3723.0,-7.804697298349285e-05
3724.0,-7.945961339669336e-05
3725.0,-8.086394560995511e-05
3726.0,-8.225961555407719e-05
3727.0,-8.364626742657201e-05
3728.0,-8.502354392512338e-05
3729.0,-8.639108648789643e-05
3730.0,-8.774853554041483e-05
3731.0,-8.90955307487058e-05
3732.0,-9.04317112783937e-05
3733.0,-9.175671605940122e-05
3734.0,-9.307018405589249e-05
3735.0,-9.437175454106928e-05
3736.0,-9.56610673764092e-05
3737.0,-9.693776329491832e-05
3738.0,-9.820148418796024e-05
3739.0,-9.945187339521853e-05
3740.0,-0.00010068857599734961
3741.0,-0.00010191123911088384
3742.0,-0.00010311951218493062
3743.0,-0.00010431304729923742
3744.0,-0.00010549149946314204
3745.0,-0.00010665452691494375
3746.0,-0.00010780179142120329
3747.0,-0.00010893295857546699
3748.0,-0.00011004769809589934
3749.0,-0.00011114568412130153
3750.0,-0.00011222659550499274
3751.0,-0.00011329011610603221
3752.0,-0.00011433593507726186
3753.0,-0.00011536374714964764
3754.0,-0.00011637325291239463
3755.0,-0.0001173641590883034
3756.0,-0.00011833617880382845
3757.0,-0.00011928903185329492
3758.0,-0.0001202224449567294
3759.0,-0.00012113615201076538
3760.0,-0.00012202989433209341
3761.0,-0.00012290342089293652
3762.0,-0.00012375648854804448
3763.0,-0.0001245888622527132
3764.0,-0.00012540031527134946
3765.0,-0.0001261906293761144
3766.0,-0.00012695959503519365
3767.0,-0.0001277070115902554
3768.0,-0.00012843268742267683
3769.0,-0.00012913644010813718
3770.0,-0.00012981809655920087
3771.0,-0.00013047749315553696
3772.0,-0.00013111447586144906
3773.0,-0.00013172890033042042
3774.0,-0.00013232063199641116
3775.0,-0.00013288954615167927
3776.0,-0.00013343552801093085
3777.0,-0.0001339584727616381
3778.0,-0.00013445828560039436
3779.0,-0.00013493488175520918
3780.0,-0.00013538818649368121
3781.0,-0.0001358181351170253
3782.0,-0.00013622467293997062
3783.0,-0.0001366077552565891
3784.0,-0.00013696734729215683
3785.0,-0.00013730342414119403
3786.0,-0.00013761597069187037
3787.0,-0.00013790498153700226
3788.0,-0.00013817046087190695
3789.0,-0.00013841242237941207
3790.0,-0.00013863088910235561
3791.0,-0.0001388258933039451
3792.0,-0.00013899747631638257
3793.0,-0.00013914568837819868
3794.0,-0.0001392705884607771
3795.0,-0.00013937224408458769
3796.0,-0.00013945073112568246
3797.0,-0.00013950613361304388
3798.0,-0.00013953854351740698
3799.0,-0.00013954806053220455
3800.0,-0.00013953479184730734
3801.0,-0.00013949885191624658
3802.0,-0.000139440362217618
3803.0,-0.00013935945101137417
3804.0,-0.00013925625309071726
3805.0,-0.00013913090953030746
3806.0,-0.00013898356743150458
3807.0,-0.0001388143796653589
3808.0,-0.00013862350461406558
3809.0,-0.0001384111059115913
3810.0,-0.00013817735218417328
3811.0,-0.00013792241679137925
3812.0,-0.00013764647756839992
3813.0,-0.00013734971657022502
3814.0,-0.00013703231981833098
3815.0,-0.00013669447705048156
3816.0,-0.00013633638147421659
3817.0,-0.00013595822952457593
3818.0,-0.0001355602206265787
3819.0,-0.00013514255696295198
3820.0,-0.0001347054432475767
3821.0,-0.00013424908650509347
3822.0,-0.00013377369585708426
3823.0,-0.0001332794823152152
3824.0,-0.00013276665858169356
3825.0,-0.00013223543885735537
3826.0,-0.00013168603865766284
3827.0,-0.0001311186746368509
3828.0,-0.0001305335644204235
3829.0,-0.00012993092644616056
3830.0,-0.00012931097981375692
3831.0,-0.00012867394414317807
3832.0,-0.00012802003944178023
3833.0,-0.0001273494859802059
3834.0,-0.00012666250417703003
3835.0,-0.0001259593144920938
3836.0,-0.00012524013732842656
3837.0,-0.00012450519294261806
3838.0,-0.0001237547013634702
3839.0,-0.0001229888823187247
3840.0,-0.0001222079551696364
3841.0,-0.00012141213885313938
3842.0,-0.00012060165183133448
3843.0,-0.00011977671204801147
3844.0,-0.00011893753689190377
3845.0,-0.00011808434316636035
3846.0,-0.00011721734706510494
3847.0,-0.00011633676415373866
3848.0,-0.00011544280935663183
3849.0,-0.00011453569694884136
3850.0,-0.0001136156405526846
3851.0,-0.0001126828531385976
3852.0,-0.00011173754702990346
3853.0,-0.00011077993391111739
3854.0,-0.0001098102248394159
3855.0,-0.0001088286302589
3856.0,-0.00010783536001728519
3857.0,-0.00010683062338465326
3858.0,-0.00010581462907390359
3859.0,-0.00010478758526254548
3860.0,-0.00010374969961547533
3861.0,-0.00010270117930838802
3862.0,-0.0001016422310514776
3863.0,-0.00010057306111309191
3864.0,-9.949387534301798e-05
3865.0,-9.84048791950916e-05
3866.0,-9.730627774884077e-05
3867.0,-9.61982757298904e-05
3868.0,-9.508107752887327e-05
3869.0,-9.39548872186076e-05
3870.0,-9.281990856931865e-05
3871.0,-9.167634506169767e-05
3872.0,-9.052439989760767e-05
3873.0,-8.936427600826147e-05
3874.0,-8.819617605971587e-05
3875.0,-8.702030245554171e-05
3876.0,-8.583685733655138e-05
3877.0,-8.464604257748391e-05
3878.0,-8.344805978056951e-05
3879.0,-8.224311026591637e-05
3880.0,-8.103139505868099e-05
3881.0,-7.981311487300076e-05
3882.0,-7.85884700926824e-05
3883.0,-7.735766074865289e-05
3884.0,-7.612088649319462e-05
3885.0,-7.487834657100164e-05
3886.0,-7.36302397871123e-05
3887.0,-7.237676447179115e-05
3888.0,-7.111811844245091e-05
3889.0,-6.985449896272216e-05
3890.0,-6.858610269879819e-05
3891.0,-6.73131256732014e-05
3892.0,-6.603576321613804e-05
3893.0,-6.475420991462436e-05
3894.0,-6.346865955958172e-05
3895.0,-6.217930509111058e-05
3896.0,-6.088633854216446e-05
3897.0,-5.9589950980856117e-05
3898.0,-5.8290332451638985e-05
3899.0,-5.6987671915616694e-05
3900.0,-5.5682157190242525e-05
3901.0,-5.437397488867825e-05
3902.0,-5.30633103590856e-05
3903.0,-5.175034762412417e-05
3904.0,-5.043526932092571e-05
3905.0,-4.9118256641810816e-05
3906.0,-4.779948927600653e-05
3907.0,-4.64791453526162e-05
3908.0,-4.5157401385084e-05
3909.0,-4.38344322173884e-05
3910.0,-4.2510410972189085e-05
3911.0,-4.118550900114269e-05
3912.0,-3.9859895837591024e-05
3913.0,-3.853373915181309e-05
3914.0,-3.720720470901959e-05
3915.0,-3.5880456330252206e-05
3916.0,-3.455365585633359e-05
3917.0,-3.322696311499102e-05
3918.0,-3.190053589125443e-05
3919.0,-3.0574529901205484e-05
3920.0,-2.9249098769134273e-05
3921.0,-2.7924394008143507e-05
3922.0,-2.660056500422517e-05
3923.0,-2.52777590038228e-05
3924.0,-2.3956121104880544e-05
3925.0,-2.263579425136938e-05
3926.0,-2.1316919231267294e-05
3927.0,-1.9999634677954353e-05
3928.0,-1.8684077074966417e-05
3929.0,-1.737038076403268e-05
3930.0,-1.6058677956305245e-05
3931.0,-1.4749098746673006e-05
3932.0,-1.3441771131037628e-05
3933.0,-1.2136821026418896e-05
3934.0,-1.0834372293749748e-05
3935.0,-9.534546763217974e-06
3936.0,-8.237464262009115e-06
3937.0,-6.943242644301296e-06
3938.0,-5.651997823356938e-06
3939.0,-4.3638438055507264e-06
3940.0,-3.07889272616718e-06
3941.0,-1.7972548867959786e-06
3942.0,-5.190387941485776e-07
3943.0,7.556487998847231e-07
3944.0,2.026702857119169e-06
3945.0,3.294020011082966e-06
3946.0,4.557498524327326e-06
3947.0,5.817038245216458e-06
3948.0,7.07254056437316e-06
3949.0,8.32390837095553e-06
3950.0,9.571046008940744e-06
3951.0,1.0813859233592215e-05
3952.0,1.2052255168283976e-05
3953.0,1.328614226185376e-05
3954.0,1.4515430246651538e-05
3955.0,1.574003009744436e-05
3956.0,1.6959853991330232e-05
3957.0,1.817481526880426e-05
3958.0,1.9384828396110236e-05
3959.0,2.0589808928999024e-05
3960.0,2.178967347800419e-05
3961.0,2.298433967533431e-05
3962.0,2.4173726143469234e-05
3963.0,2.535775246553539e-05
3964.0,2.653633915752195e-05
3965.0,2.7709407642385303e-05
3966.0,2.887688022607325e-05
3967.0,3.0038680075482202e-05
3968.0,3.1194731198343294e-05
3969.0,3.2344958425016794e-05
3970.0,3.34892873921613e-05
3971.0,3.462764452823145e-05
3972.0,3.575995704074751e-05
3973.0,3.6886152905269256e-05
3974.0,3.8006160855998546e-05
3975.0,3.911991037792869e-05
3976.0,4.022733170045418e-05
3977.0,4.132835579235122e-05
3978.0,4.242291435803614e-05
3979.0,4.351093983500425e-05
3980.0,4.459236539234747e-05
3981.0,4.566712493024437e-05
3982.0,4.673515308031385e-05
3983.0,4.779638520672142e-05
3984.0,4.885075740792587e-05
3985.0,4.989820651895342e-05
3986.0,5.0938670114084617e-05
3987.0,5.197208650983973e-05
3988.0,5.299839476814823e-05
3989.0,5.401753469958849e-05
3990.0,5.5029446866583035e-05
3991.0,5.60340725864351e-05
3992.0,5.703135393409337e-05
3993.0,5.802123374453691e-05
3994.0,5.900365561467996e-05
3995.0,5.997856390470506e-05
3996.0,6.0945903738742e-05
3997.0,6.190562100481876e-05
3998.0,6.28576623540184e-05
3999.0,6.380197519878489e-05
4000.0,6.473850771032986e-05
4001.0,6.566720881510043e-05
4002.0,6.658802819027353e-05
4003.0,6.750091625824727e-05
4004.0,6.840582418010254e-05
4005.0,6.93027038480136e-05
4006.0,7.019150787659198e-05
4007.0,7.107218959315545e-05
4008.0,7.194470302692217e-05
4009.0,7.280900289713753e-05
4010.0,7.36650446001491e-05
4011.0,7.451278419545279e-05
4012.0,7.53521783907392e-05
4013.0,7.618318452597646e-05
4014.0,7.700576055657119e-05
4015.0,7.781986503565631e-05
4016.0,7.86254570955614e-05
4017.0,7.942249642852855e-05
4018.0,8.021094326674652e-05
4019.0,8.099075836178393e-05
4020.0,8.17619029635118e-05
4021.0,8.25243387986124e-05
4022.0,8.327802804877704e-05
4023.0,8.402293332869847e-05
4024.0,8.475901766396539e-05
4025.0,8.548624446896725e-05
4026.0,8.620457752491789e-05
4027.0,8.69139809581065e-05
4028.0,8.76144192184843e-05
4029.0,8.830585705869438e-05
4030.0,8.89882595136522e-05
4031.0,8.966159188078316e-05
4032.0,9.032581970102413e-05
4033.0,9.098090874069452e-05
4034.0,9.162682497434132e-05
4035.0,9.226353456865892e-05
4036.0,9.289100386758162e-05
4037.0,9.350919937864028e-05
4038.0,9.41180877606706e-05
4039.0,9.47176358129539e-05
4040.0,9.530781046586636e-05
4041.0,9.5888578773107e-05
4042.0,9.645990790557122e-05
4043.0,9.702176514693243e-05
4044.0,9.75741178909907e-05
4045.0,9.81169336408438e-05
4046.0,9.865018000993056e-05
4047.0,9.917382472499074e-05
4048.0,9.968783563097901e-05
4049.0,0.00010019218069796354
4050.0,0.00010068682803003269
4051.0,0.0001011717458762261
4052.0,0.00010164690264349948
4053.0,0.00010211226691172501
4054.0,0.00010256780745072103
4055.0,0.00010301349323929531
4056.0,0.00010344929348627572
4057.0,0.00010387517765349053
4058.0,0.00010429111548065028
4059.0,0.00010469707701207287
4060.0,0.00010509303262518672
4061.0,0.00010547895306074111
4062.0,0.00010585480945464998
4063.0,0.00010622057337139231
4064.0,0.00010657621683888916
4065.0,0.00010692171238477297
4066.0,0.0001072570330739591
4067.0,0.0001075821525474215
4068.0,0.00010789704506206786
4069.0,0.00010820168553160237
4070.0,0.00010849604956826063
4071.0,0.00010878011352529862
4072.0,0.00010905385454011726
4073.0,0.00010931725057790354
4074.0,0.00010957028047566835
4075.0,0.00010981292398655845
4076.0,0.00011004516182431448
4077.0,0.00011026697570774105
4078.0,0.00011047834840504701
4079.0,0.00011067926377790813
4080.0,0.00011086970682509914
4081.0,0.00011104966372553939
4082.0,0.00011121912188059572
4083.0,0.00011137806995548713
4084.0,0.00011152649791963668
4085.0,0.00011166439708581895
4086.0,0.00011179176014795038
4087.0,0.00011190858121737082
4088.0,0.00011201485585746414
4089.0,0.00011211058111646481
4090.0,0.00011219575555830023
4091.0,0.00011227037929132092
4092.0,0.00011233445399477806
4093.0,0.00011238798294291475
4094.0,0.00011243097102654677
4095.0,0.00011246342477201717
4096.0,0.00011248535235741671
4097.0,0.00011249676362596966
4098.0,0.00011249767009649003
4099.0,0.00011248808497081912
4100.0,0.00011246802313816152
4101.0,0.00011243750117624492
4102.0,0.00011239653734923779
4103.0,0.00011234515160237026
4104.0,0.00011228336555321574
4105.0,0.00011221120247960238
4106.0,0.00011212868730413583
4107.0,0.00011203584657532604
4108.0,0.00011193270844532116
4109.0,0.00011181930264426293
4110.0,0.00011169566045128923
4111.0,0.00011156181466222249
4112.0,0.00011141779955399709
4113.0,0.00011126365084589548
4114.0,0.00011109940565767992
4115.0,0.00011092510246472491
4116.0,0.00011074078105027162
4117.0,0.0001105464824549412
4118.0,0.0001103422489236576
4119.0,0.00011012812385014233
4120.0,0.00010990415171915419
4121.0,0.00010967037804665779
4122.0,0.00010942684931811319
4123.0,0.00010917361292508806
4124.0,0.00010891071710040157
4125.0,0.00010863821085201509
4126.0,0.0001083561438958911
4127.0,0.0001080645665880454
4128.0,0.00010776352985602064
4129.0,0.0001074530851300102
4130.0,0.00010713328427386159
4131.0,0.00010680417951618756
4132.0,0.00010646582338181171
4133.0,0.00010611826862377312
4134.0,0.0001057615681561113
4135.0,0.00010539577498764822
4136.0,0.00010502094215697969
4137.0,0.00010463712266888377
4138.0,0.00010424436943234923
4139.0,0.00010384273520042242
4140.0,0.00010343227251206532
4141.0,0.00010301303363621195
4142.0,0.0001025850705182027
4143.0,0.00010214843472876717
4144.0,0.00010170317741571641
4145.0,0.00010124934925849267
4146.0,0.00010078700042571355
4147.0,0.00010031618053583448
4148.0,9.983693862104096e-05
4149.0,9.934932309446888e-05
4150.0,9.885338172083757e-05
4151.0,9.834916159056447e-05
4152.0,9.78367090974148e-05
4153.0,9.731606991972287e-05
4154.0,9.678728900520575e-05
4155.0,9.625041055937409e-05
4156.0,9.570547803753052e-05
4157.0,9.515253414033075e-05
4158.0,9.459162081286896e-05
4159.0,9.402277924723419e-05
4160.0,9.344604988847158e-05
4161.0,9.286147244386793e-05
4162.0,9.22690858954697e-05
4163.0,9.166892851572968e-05
4164.0,9.106103788616789e-05
4165.0,9.044545091892211e-05
4166.0,8.98222038810533e-05
4167.0,8.91913324214614e-05
4168.0,8.855287160025954e-05
4169.0,8.790685592044797e-05
4170.0,8.725331936172433e-05
4171.0,8.659229541626257e-05
4172.0,8.592381712628876e-05
4173.0,8.524791712327846e-05
4174.0,8.456462766859585e-05
4175.0,8.387398069539248e-05
4176.0,8.317600785157976e-05
4177.0,8.247074054368608e-05
4178.0,8.175820998140714e-05
4179.0,8.103844722265429e-05
4180.0,8.031148321890517e-05
4181.0,7.957734886066017e-05
4182.0,7.88360750228097e-05
4183.0,7.808769260971916e-05
4184.0,7.733223259984155e-05
4185.0,7.656972608967079e-05
4186.0,7.580020433685244e-05
4187.0,7.502369880227252e-05
4188.0,7.424024119094902e-05
4189.0,7.344986349155482e-05
4190.0,7.26525980144059e-05
4191.0,7.184847742775366e-05
4192.0,7.103753479222906e-05
4193.0,7.02198035932946e-05
4194.0,6.939531777157314e-05
4195.0,6.856411175093375e-05
4196.0,6.772622046422756e-05
4197.0,6.688167937657892e-05
4198.0,6.603052450614842e-05
4199.0,6.517279244229588e-05
4200.0,6.430852036108244e-05
4201.0,6.34377460380617e-05
4202.0,6.256050785832161e-05
4203.0,6.167684482375084e-05
4204.0,6.0786796557517575e-05
4205.0,5.989040330576282e-05
4206.0,5.898770593652684e-05
4207.0,5.807874593594354e-05
4208.0,5.71635654017543e-05
4209.0,5.624220703420966e-05
4210.0,5.531471412444189e-05
4211.0,5.438113054040595e-05
4212.0,5.344150071049889e-05
4213.0,5.249586960497964e-05
4214.0,5.1544282715322297e-05
4215.0,5.058678603164639e-05
4216.0,4.9623426018377526e-05
4217.0,4.8654249588302715e-05
4218.0,4.7679304075195086e-05
4219.0,4.669863720519512e-05
4220.0,4.5712297067146956e-05
4221.0,4.472033208209973e-05
4222.0,4.3722790972192453e-05
4223.0,4.271972272914796e-05
4224.0,4.1711176582606306e-05
4225.0,4.069720196853027e-05
4226.0,3.967784849791713e-05
4227.0,3.8653165926049854e-05
4228.0,3.762320412251965e-05
4229.0,3.6588013042248626e-05
4230.0,3.5547642697738525e-05
4231.0,3.4502143132767495e-05
4232.0,3.3451564397752637e-05
4233.0,3.239595652698999e-05
4234.0,3.1335369517975955e-05
4235.0,3.0269853313003825e-05
4236.0,2.9199457783217884e-05
4237.0,2.8124232715294528e-05
4238.0,2.7044227800906807e-05
4239.0,2.5959492629116794e-05
4240.0,2.48700766818268e-05
4241.0,2.3776029332408583e-05
4242.0,2.2677399847616334e-05
4243.0,2.157423739287705e-05
4244.0,2.0466591041039004e-05
4245.0,1.9354509784646156e-05
4246.0,1.82380425517939e-05
4247.0,1.7117238225608083e-05
4248.0,1.599214566737644e-05
4249.0,1.4862813743348991e-05
4250.0,1.3729291355211892e-05
4251.0,1.2591627474228252e-05
4252.0,1.1449871179029135e-05
4253.0,1.0304071697030144e-05
4254.0,9.154278449441904e-06
4255.0,8.000541099836566e-06
4256.0,6.842909606226237e-06
4257.0,5.6814342766012475e-06
4258.0,4.516165827867607e-06
4259.0,3.3471554481124513e-06
4260.0,2.1744548621150246e-06
4261.0,9.981164000099306e-07
4262.0,-1.818069310017173e-07
4263.0,-1.365261372007694e-06
4264.0,-2.5521923349313934e-06
4265.0,-3.742544322406829e-06
4266.0,-4.9362608451330585e-06
4267.0,-6.133284336875019e-06
4268.0,-7.333556067293061e-06
4269.0,-8.537016052798281e-06
4270.0,-9.743602965643057e-06
4271.0,-1.0953254041466623e-05
4272.0,-1.2165904985525872e-05
4273.0,-1.338148987784963e-05
4274.0,-1.4599941077561426e-05
4275.0,-1.5821189126619635e-05
4276.0,-1.7045162653225344e-05
4277.0,-1.8271788275149997e-05
4278.0,-1.9500990503236343e-05
4279.0,-2.0732691645328552e-05
4280.0,-2.1966811710889794e-05
4281.0,-2.3203268316565412e-05
4282.0,-2.4441976592945684e-05
4283.0,-2.5682849092774202e-05
4284.0,-2.6925795700836428e-05
4285.0,-2.817072354574978e-05
4286.0,-2.941753691386552e-05
4287.0,-3.0666137165484246e-05
4288.0,-3.1916422653579396e-05
4289.0,-3.316828864521561e-05
4290.0,-3.4421627245840244e-05
4291.0,-3.567632732661748e-05
4292.0,-3.693227445496687e-05
4293.0,-3.8189350828459596e-05
4294.0,-3.944743521221529e-05
4295.0,-4.070640287992739e-05
4296.0,-4.1966125558629484e-05
4297.0,-4.322647137729896e-05
4298.0,-4.448730481938053e-05
4299.0,-4.5748486679301436e-05
4300.0,-4.7009874023042814e-05
4301.0,-4.827132015282851e-05
4302.0,-4.953267457599099e-05
4303.0,-5.079378297807313e-05
4304.0,-5.2054487200220265e-05
4305.0,-5.3314625220909785e-05
4306.0,-5.457403114205524e-05
4307.0,-5.583253517951225e-05
4308.0,-5.708996365800745e-05
4309.0,-5.834613901050892e-05
4310.0,-5.9600879782056775e-05
4311.0,-6.085400063807482e-05
4312.0,-6.21053123771841e-05
4313.0,-6.335462194853658e-05
4314.0,-6.460173247368132e-05
4315.0,-6.58464432729661e-05
4316.0,-6.708854989646883e-05
4317.0,-6.832784415944436e-05
4318.0,-6.956411418226579e-05
4319.0,-7.079714443483476e-05
4320.0,-7.20267157854323e-05
4321.0,-7.325260555398175e-05
4322.0,-7.447458756969622e-05
4323.0,-7.569243223308492e-05
4324.0,-7.690590658229491e-05
4325.0,-7.81147743637688e-05
4326.0,-7.931879610720334e-05
4327.0,-8.051772920480177e-05
4328.0,-8.171132799482121e-05
4329.0,-8.289934384942625e-05
4330.0,-8.40815252668665e-05
4331.0,-8.525761796800054e-05
4332.0,-8.642736499718993e-05
4333.0,-8.75905068275875e-05
4334.0,-8.874678147084259e-05
4335.0,-8.989592459124518e-05
4336.0,-9.103766962432837e-05
4337.0,-9.217174789994698e-05
4338.0,-9.329788876984626e-05
4339.0,-9.441581973973323e-05
4340.0,-9.552526660585767e-05
4341.0,-9.662595359610521e-05
4342.0,-9.771760351559488e-05
4343.0,-9.879993789676104e-05
4344.0,-9.987267715388336e-05
4345.0,-0.00010093554074201149
4346.0,-0.00010198824732021516
4347.0,-0.00010303051491907657
4348.0,-0.00010406206111233037
4349.0,-0.00010508260319254547
4350.0,-0.0001060918583507331
4351.0,-0.00010708954385975666
4352.0,-0.0001080753772614133
4353.0,-0.00010904907655705358
4354.0,-0.00011001036040160132
4355.0,-0.00011095894830082743
4356.0,-0.00011189456081171914
4357.0,-0.00011281691974576998
4358.0,-0.00011372574837500098
4359.0,-0.00011462077164050878
4360.0,-0.00011550171636332615
4361.0,-0.00011636831145736995
4362.0,-0.00011722028814424324
4363.0,-0.0001180573801696478
4364.0,-0.00011887932402114947
4365.0,-0.00011968585914702168
4366.0,-0.00012047672817587008
4367.0,-0.00012125167713671722
4368.0,-0.00012201045567920031
4369.0,-0.0001227528172935112
4370.0,-0.00012347851952968685
4371.0,-0.00012418732421584292
4372.0,-0.00012487899767493055
4373.0,-0.00012555331093958745
4374.0,-0.00012621003996464693
4375.0,-0.0001268489658368641
4376.0,-0.00012746987498141643
4377.0,-0.0001280725593647367
4378.0,-0.00012865681669323956
4379.0,-0.00012922245060750852
4380.0,-0.00012976927087151566
4381.0,-0.0001302970935564576
4382.0,-0.0001308057412188015
4383.0,-0.00013129504307215258
4384.0,-0.00013176483515256747
4385.0,-0.00013221496047695678
4386.0,-0.00013264526919422851
4387.0,-0.00013305561872883494
4388.0,-0.00013344587391639004
4389.0,-0.00013381590713103047
4390.0,-0.00013416559840420244
4391.0,-0.00013449483553456756
4392.0,-0.00013480351418873734
4393.0,-0.00013509153799256402
4394.0,-0.00013535881861273454
4395.0,-0.00013560527582843422
4396.0,-0.00013583083759286527
4397.0,-0.00013603544008442486
4398.0,-0.0001362190277473672
4399.0,-0.0001363815533217946
4400.0,-0.00013652297786284542
4401.0,-0.0001366432707489697
4402.0,-0.00013674240967921045
4403.0,-0.00013682038065943535
4404.0,-0.0001368771779774947
4405.0,-0.00013691280416731278
4406.0,-0.00013692726996195008
4407.0,-0.00013692059423570552
4408.0,-0.000136892803935357
4409.0,-0.00013684393400066817
4410.0,-0.0001367740272743174
4411.0,-0.00013668313440143363
4412.0,-0.00013657131371895047
4413.0,-0.00013643863113501758
4414.0,-0.00013628515999873658
4415.0,-0.0001361109809605193
4416.0,-0.0001359161818233948
4417.0,-0.0001357008573856224
4418.0,-0.00013546510927499425
4419.0,-0.00013520904577523767
4420.0,-0.00013493278164495006
4421.0,-0.00013463643792952293
4422.0,-0.00013432014176653406
4423.0,-0.0001339840261851053
4424.0,-0.00013362822989974166
4425.0,-0.00013325289709918207
4426.0,-0.00013285817723080514
4427.0,-0.00013244422478114748
4428.0,-0.0001320111990531032
4429.0,-0.00013155926394038523
4430.0,-0.0001310885876998361
4431.0,-0.0001305993427221811
4432.0,-0.0001300917053018172
4433.0,-0.0001295658554062307
4434.0,-0.00012902197644563024
4435.0,-0.00012846025504337455
4436.0,-0.00012788088080776242
4437.0,-0.00012728404610573858
4438.0,-0.00012666994583905393
4439.0,-0.0001260387772234012
4440.0,-0.00012539073957103
4441.0,-0.0001247260340773238
4442.0,-0.00012404486361179925
4443.0,-0.00012334743251396371
4444.0,-0.00012263394639444038
4445.0,-0.00012190461194174278
4446.0,-0.00012115963673505231
4447.0,-0.0001203992290633223
4448.0,-0.00011962359775100119
4449.0,-0.00011883295199063753
4450.0,-0.00011802750118260165
4451.0,-0.00011720745478213324
4452.0,-0.0001163730221539016
4453.0,-0.00011552441243424293
4454.0,-0.00011466183440121661
4455.0,-0.00011378549635259913
4456.0,-0.00011289560599191078
4457.0,-0.00011199237032254416
4458.0,-0.00011107599555003944
4459.0,-0.00011014668699252485
4460.0,-0.00010920464899931576
4461.0,-0.00010825008487764001
4462.0,-0.00010728319682743363
4463.0,-0.00010630418588412765
4464.0,-0.00010531325186932338
4465.0,-0.00010431059334923153
4466.0,-0.0001032964076007273
4467.0,-0.00010227089058485189
4468.0,-0.00010123423692756826
4469.0,-0.0001001866399075582
4470.0,-9.912829145082803e-05
4471.0,-9.805938213187052e-05
4472.0,-9.698010118111344e-05
4473.0,-9.589063649837035e-05
4474.0,-9.479117467199618e-05
4475.0,-9.368190100344159e-05
4476.0,-9.256299953689052e-05
4477.0,-9.143465309365665e-05
4478.0,-9.02970433110031e-05
4479.0,-8.915035068503956e-05
4480.0,-8.799475461734211e-05
4481.0,-8.683043346493301e-05
4482.0,-8.565756459325328e-05
4483.0,-8.447632443175531e-05
4484.0,-8.328688853174112e-05
4485.0,-8.208943162607007e-05
4486.0,-8.088412769036306e-05
4487.0,-7.967115000533234e-05
4488.0,-7.845067121986866e-05
4489.0,-7.72228634145206e-05
4490.0,-7.5987898165004e-05
4491.0,-7.474594660538497e-05
4492.0,-7.349717949058639e-05
4493.0,-7.224176725787505e-05
4494.0,-7.097988008699323e-05
4495.0,-6.971168795860874e-05
4496.0,-6.843736071077018e-05
4497.0,-6.715706809307044e-05
4498.0,-6.587097981824097e-05
4499.0,-6.457926561091767e-05
4500.0,-6.328209525334037e-05
4501.0,-6.197963862776806e-05
4502.0,-6.067206575541173e-05
4503.0,-5.9359546831706475e-05
4504.0,-5.8042252257762284e-05
4505.0,-5.6720352667853985e-05
4506.0,-5.5394018952831565e-05
4507.0,-5.406342227935618e-05
4508.0,-5.272873410489096e-05
4509.0,-5.1390126188399215e-05
4510.0,-5.0047770596726366e-05
4511.0,-4.8701839706664235e-05
4512.0,-4.735250620271931e-05
4513.0,-4.599994307062694e-05
4514.0,-4.464432358667364e-05
4515.0,-4.328582130290987e-05
4516.0,-4.192461002835467e-05
4517.0,-4.056086380631214e-05
4518.0,-3.919475688793952e-05
4519.0,-3.78264637022255e-05
4520.0,-3.645615882255434e-05
4521.0,-3.508401693004759e-05
4522.0,-3.3710212773888136e-05
4523.0,-3.2334921128841055e-05
4524.0,-3.095831675019298e-05
4525.0,-2.958057432633387e-05
4526.0,-2.820186842920532e-05
4527.0,-2.68223734628391e-05
4528.0,-2.5442263610209207e-05
4529.0,-2.4061712778618462e-05
4530.0,-2.2680894543839244e-05
4531.0,-2.129998209322648e-05
4532.0,-1.9919148168020195e-05
4533.0,-1.8538565005054188e-05
4534.0,-1.7158404278084067e-05
4535.0,-1.5778837038944183e-05
4536.0,-1.4400033658739767e-05
4537.0,-1.3022163769276194e-05
4538.0,-1.1645396204921256e-05
4539.0,-1.0269898945089272e-05
4540.0,-8.895839057526626e-06
4541.0,-7.52338264257024e-06
4542.0,-6.152694778543249e-06
4543.0,-4.783939468442715e-06
4544.0,-3.4172795880644697e-06
4545.0,-2.0528768356986194e-06
4546.0,-6.908916835166173e-07
4547.0,6.685166692417405e-07
4548.0,2.0251903411877526e-06
4549.0,3.378972811730802e-06
4550.0,4.7297089619888555e-06
4551.0,6.0772451136127865e-06
4552.0,7.421429065486539e-06
4553.0,8.762110128273493e-06
4554.0,1.0099139156784423e-05
4555.0,1.1432368580145376e-05
4556.0,1.2761652429743472e-05
4557.0,1.4086846364927206e-05
4558.0,1.540780769643782e-05
4559.0,1.6724395407549664e-05
4560.0,1.8036470172902064e-05
4561.0,1.9343894375011315e-05
4562.0,2.0646532118459e-05
4563.0,2.1944249241765104e-05
4564.0,2.3236913326965238e-05
4565.0,2.4524393706924217e-05
4566.0,2.5806561470428937e-05
4567.0,2.7083289465113545e-05
4568.0,2.835445229828063e-05
4569.0,2.9619926335690685e-05
4570.0,3.087958969840155e-05
4571.0,3.213332225774884e-05
4572.0,3.338100562856785e-05
4573.0,3.4622523160770505e-05
4574.0,3.585775992940225e-05
4575.0,3.708660272331452e-05
4576.0,3.830894003259609e-05
4577.0,3.952466203491151e-05
4578.0,4.0733660580896615e-05
4579.0,4.193582917875892e-05
4580.0,4.313106297822329e-05
4581.0,4.4319258753953967e-05
4582.0,4.550031488857406e-05
4583.0,4.667413135539497e-05
4584.0,4.7840609700962483e-05
4585.0,4.8999653027522224e-05
4586.0,5.0151165975504934e-05
4587.0,5.129505470612939e-05
4588.0,5.2431226884218864e-05
4589.0,5.355959166132511e-05
4590.0,5.468005965925433e-05
4591.0,5.5792542954089895e-05
4592.0,5.6896955060806874e-05
4593.0,5.799321091857138e-05
4594.0,5.90812268768131e-05
4595.0,6.01609206821525e-05
4596.0,6.123221146625533e-05
4597.0,6.229501973467713e-05
4598.0,6.334926735674854e-05
4599.0,6.439487755653962e-05
4600.0,6.543177490492845e-05
4601.0,6.645988531278641e-05
4602.0,6.74791360252801e-05
4603.0,6.848945561727633e-05
4604.0,6.949077398982327e-05
4605.0,7.04830223676668e-05
4606.0,7.146613329774918e-05
4607.0,7.244004064862407e-05
4608.0,7.340467961070841e-05
4609.0,7.43599866972786e-05
4610.0,7.53058997461051e-05
4611.0,7.624235792161136e-05
4612.0,7.716930171743618e-05
4613.0,7.808667295927843e-05
4614.0,7.899441480790365e-05
4615.0,7.98924717621962e-05
4616.0,8.07807896621437e-05
4617.0,8.165931569164405e-05
4618.0,8.252799838102867e-05
4619.0,8.33867876091992e-05
4620.0,8.423563460528086e-05
4621.0,8.507449194970201e-05
4622.0,8.590331357461584e-05
4623.0,8.672205476358421e-05
4624.0,8.753067215044599e-05
4625.0,8.832912371729268e-05
4626.0,8.911736879147476e-05
4627.0,8.989536804156507e-05
4628.0,9.066308347220886e-05
4629.0,9.142047841779494e-05
4630.0,9.216751753488637e-05
4631.0,9.290416679335195e-05
4632.0,9.36303934661435e-05
4633.0,9.434616611766785e-05
4634.0,9.505145459071011e-05
4635.0,9.574622999187669e-05
4636.0,9.643046467554012e-05
4637.0,9.71041322262855e-05
4638.0,9.776720743987611e-05
4639.0,9.841966630277341e-05
4640.0,9.906148597026185e-05
4641.0,9.969264474324221e-05
4642.0,0.00010031312204376641
4643.0,0.00010092289838939343
4644.0,0.00010152195536644956
4645.0,0.0001021102756022773
4646.0,0.00010268784273655624
4647.0,0.00010325464139177774
4648.0,0.00010381065714295385
4649.0,0.00010435587648664279
4650.0,0.0001048902868093761
4651.0,0.00010541387635557677
4652.0,0.00010592663419506097
4653.0,0.00010642855019021814
4654.0,0.00010691961496296396
4655.0,0.00010739981986155943
4656.0,0.00010786915692738671
4657.0,0.00010832761886177107
4658.0,0.00010877519899293641
4659.0,0.00010921189124318359
4660.0,0.00010963769009638281
4661.0,0.00011005259056587592
4662.0,0.00011045658816288827
4663.0,0.0001108496788655534
4664.0,0.00011123185908865488
4665.0,0.00011160312565418849
4666.0,0.0001119634757628449
4667.0,0.00011231290696650744
4668.0,0.00011265141714185345
4669.0,0.0001129790044651409
4670.0,0.00011329566738825361
4671.0,0.00011360140461607238
4672.0,0.00011389621508523187
4673.0,0.00011418009794431848
4674.0,0.00011445305253555738
4675.0,0.0001147150783780323
4676.0,0.00011496617515247382
4677.0,0.00011520634268764571
4678.0,0.00011543558094835234
4679.0,0.0001156538900250835
4680.0,0.00011586127012530863
4681.0,0.00011605772156642765
4682.0,0.00011624324477038276
4683.0,0.0001164178402599347
4684.0,0.00011658150865660578
4685.0,0.0001167342506802926
4686.0,0.00011687606715055154
4687.0,0.00011700695898955843
4688.0,0.00011712692722674195
4689.0,0.00011723597300508583
4690.0,0.00011733409758908979
4691.0,0.00011742130237437204
4692.0,0.00011749758889888798
4693.0,0.00011756295885573046
4694.0,0.00011761741410746655
4695.0,0.00011766095670195531
4696.0,0.00011769358888958033
4697.0,0.00011771531314182018
4698.0,0.00011772613217107135
4699.0,0.0001177260489516304
4700.0,0.00011771506674173845
4701.0,0.0001176931891065888
4702.0,0.00011766041994220133
4703.0,0.00011761676350006964
4704.0,0.00011756222441249271
4705.0,0.00011749680771850557
4706.0,0.00011742051889032743
4707.0,0.0001173333638602459
4708.0,0.0001172353490478551
4709.0,0.00011712648138756271
4710.0,0.0001170067683562768
4711.0,0.00011687621800117902
4712.0,0.0001167348389674877
4713.0,0.00011658264052611041
4714.0,0.00011641963260108497
4715.0,0.00011624582579670529
4716.0,0.00011606123142422826
4717.0,0.00011586586152805533
4718.0,0.00011565972891128166
4719.0,0.00011544284716050311
4720.0,0.00011521523066977048
4721.0,0.00011497689466358035
4722.0,0.00011472785521879399
4723.0,0.00011446812928538015
4724.0,0.00011419773470588511
4725.0,0.00011391669023354346
4726.0,0.00011362501554895485
4727.0,0.00011332273127526488
4728.0,0.00011300985899180012
4729.0,0.00011268642124611779
4730.0,0.00011235244156443999
4731.0,0.0001120079444604499
4732.0,0.00011165295544243411
4733.0,0.00011128750101876099
4734.0,0.00011091160870169125
4735.0,0.00011052530700952238
4736.0,0.00011012862546707539
4737.0,0.00010972159460453746
4738.0,0.00010930424595467936
4739.0,0.00010887661204846996
4740.0,0.00010843872640911075
4741.0,0.00010799062354451416
4742.0,0.00010753233893824735
4743.0,0.00010706390903896257
4744.0,0.00010658537124833371
4745.0,0.00010609676390752058
4746.0,0.00010559812628218322
4747.0,0.00010508949854607271
4748.0,0.00010457092176322877
4749.0,0.00010404243786881844
4750.0,0.00010350408964865553
4751.0,0.00010295592071744382
4752.0,0.00010239797549579013
4753.0,0.00010183029918603552
4754.0,0.00010125293774695444
4755.0,0.00010066593786737304
4756.0,0.00010006934693875907
4757.0,9.946321302683842e-05
4758.0,9.884758484229491e-05
4759.0,9.822251171061465e-05
4760.0,9.758804354113779e-05
4761.0,9.694423079538532e-05
4762.0,9.629112445473053e-05
4763.0,9.562877598748798e-05
4764.0,9.495723731549616e-05
4765.0,9.427656078027141e-05
4766.0,9.358679910881475e-05
4767.0,9.288800537915404e-05
4768.0,9.218023298570697e-05
4769.0,9.146353560455246e-05
4770.0,9.073796715870167e-05
4771.0,9.000358178346178e-05
4772.0,8.926043379198882e-05
4773.0,8.850857764112828e-05
4774.0,8.774806789764267e-05
4775.0,8.697895920492574e-05
4776.0,8.62013062503007e-05
4777.0,8.541516373299784e-05
4778.0,8.462058633290395e-05
4779.0,8.381762868017235e-05
4780.0,8.300634532578098e-05
4781.0,8.218679071312248e-05
4782.0,8.135901915070856e-05
4783.0,8.052308478606711e-05
4784.0,7.967904158090564e-05
4785.0,7.882694328760812e-05
4786.0,7.796684342712482e-05
4787.0,7.709879526830652e-05
4788.0,7.622285180872658e-05
4789.0,7.533906575702633e-05
4790.0,7.44474895168128e-05
4791.0,7.354817517213177e-05
4792.0,7.264117447453477e-05
4793.0,7.172653883175397e-05
4794.0,7.080431929799508e-05
4795.0,6.987456656585294e-05
4796.0,6.893733095984894e-05
4797.0,6.799266243158194e-05
4798.0,6.704061055647771e-05
4799.0,6.608122453211476e-05
4800.0,6.511455317809739e-05
4801.0,6.414064493744029e-05
4802.0,6.315954787942394e-05
4803.0,6.217130970387432e-05
4804.0,6.117597774681843e-05
4805.0,6.0173598987463506e-05
4806.0,5.916422005644638e-05
4807.0,5.8147887245295324e-05
4808.0,5.712464651704425e-05
4809.0,5.6094543517935854e-05
4810.0,5.505762359014939e-05
4811.0,5.401393178548937e-05
4812.0,5.296351287997372e-05
4813.0,5.1906411389264e-05
4814.0,5.0842671584885114e-05
4815.0,4.977233751118865e-05
4816.0,4.869545300302043e-05
4817.0,4.7612061704060655e-05
4818.0,4.652220708581396e-05
4819.0,4.542593246723592e-05
4820.0,4.43232810349933e-05
4821.0,4.321429586436434e-05
4822.0,4.209901994079389e-05
4823.0,4.097749618212543e-05
4824.0,3.984976746153734e-05
4825.0,3.8715876631216875e-05
4826.0,3.7575866546809635e-05
4827.0,3.6429780092686926e-05
4828.0,3.527766020807838e-05
4829.0,3.411954991412258e-05
4830.0,3.295549234189436e-05
4831.0,3.1785530761472135e-05
4832.0,3.0609708612113145e-05
4833.0,2.942806953360765e-05
4834.0,2.8240657398886048e-05
4835.0,2.7047516347956227e-05
4836.0,2.584869082325079e-05
4837.0,2.464422560646575e-05
4838.0,2.343416585697516e-05
4839.0,2.221855715190972e-05
4840.0,2.0997445527992804e-05
4841.0,1.977087752523242e-05
4842.0,1.8538900232572303e-05
4843.0,1.7301561335607936e-05
4844.0,1.6058909166473525e-05
4845.0,1.4810992756003417e-05
4846.0,1.3557861888265828e-05
4847.0,1.2299567157560227e-05
4848.0,1.1036160027963409e-05
4849.0,9.767692895502669e-06
4850.0,8.494219153029413e-06
4851.0,7.215793257860221e-06
4852.0,5.932470802245405e-06
4853.0,4.644308586716643e-06
4854.0,3.3513646963546405e-06
4855.0,2.053698580005809e-06
4856.0,7.51371132462585e-07
4857.0,-5.555552203932655e-07
4858.0,-1.8670164335000966e-06
4859.0,-3.1829467516070612e-06
4860.0,-4.503278615387259e-06
4861.0,-5.827942564725987e-06
4862.0,-7.156867139249542e-06
4863.0,-8.489978776173967e-06
4864.0,-9.827201705567592e-06
4865.0,-1.1168457843136042e-05
4866.0,-1.2513666680654875e-05
4867.0,-1.3862745174192775e-05
4868.0,-1.5215607630288048e-05
4869.0,-1.6572165590261707e-05
4870.0,-1.7932327712871072e-05
4871.0,-1.9295999655525632e-05
4872.0,-2.0663083954303513e-05
4873.0,-2.2033479903021318e-05
4874.0,-2.34070834316237e-05
4875.0,-2.4783786984172155e-05
4876.0,-2.6163479396723978e-05
4877.0,-2.7546045775405815e-05
4878.0,-2.893136737500099e-05
4879.0,-3.031932147838698e-05
4880.0,-3.170978127717589e-05
4881.0,-3.310261575392381e-05
4882.0,-3.4497689566284185e-05
4883.0,-3.58948629334863e-05
4884.0,-3.729399152552211e-05
4885.0,-3.8694926355424924e-05
4886.0,-4.009751367502058e-05
4887.0,-4.1501594874528815e-05
4888.0,-4.290700638638796e-05
4889.0,-4.4313579593672895e-05
4890.0,-4.572114074347261e-05
4891.0,-4.7129510865590705e-05
4892.0,-4.853850569692794e-05
4893.0,-4.9947935611897325e-05
4894.0,-5.1357605559210594e-05
4895.0,-5.2767315005361596e-05
4896.0,-5.4176857885118654e-05
4897.0,-5.558602255932441e-05
4898.0,-5.699459178028899e-05
4899.0,-5.840234266504986e-05
4900.0,-5.980904667676045e-05
4901.0,-6.12144696144582e-05
4902.0,-6.261837161145203e-05
4903.0,-6.402050714255629e-05
4904.0,-6.542062504038526e-05
4905.0,-6.681846852090513e-05
4906.0,-6.821377521842075e-05
4907.0,-6.960627723015249e-05
4908.0,-7.099570117053443e-05
4909.0,-7.238176823533998e-05
4910.0,-7.37641942757163e-05
4911.0,-7.514268988218513e-05
4912.0,-7.651696047864727e-05
4913.0,-7.78867064264079e-05
4914.0,-7.925162313821954e-05
4915.0,-8.061140120231985e-05
4916.0,-8.196572651642283e-05
4917.0,-8.331428043160338e-05
4918.0,-8.465673990599732e-05
4919.0,-8.599277766821971e-05
4920.0,-8.732206239038454e-05
4921.0,-8.864425887058904e-05
4922.0,-8.995902822470698e-05
4923.0,-9.126602808731792e-05
4924.0,-9.256491282158475e-05
4925.0,-9.385533373787807e-05
4926.0,-9.513693932093369e-05
4927.0,-9.640937546531527e-05
4928.0,-9.767228571893681e-05
4929.0,-9.892531153437964e-05
4930.0,-0.00010016809252771483
4931.0,-0.00010140026674451761
4932.0,-0.00010262147093273319
4933.0,-0.00010383134082202761
4934.0,-0.00010502951140923186
4935.0,-0.00010621561724946505
4936.0,-0.00010738929275250293
4937.0,-0.00010855017248394256
4938.0,-0.00010969789147070051
4939.0,-0.00011083208551037047
4940.0,-0.00011195239148395704
4941.0,-0.00011305844767149181
4942.0,-0.0001141498940700267
4943.0,-0.00011522637271348635
4944.0,-0.00011628752799384846
4945.0,-0.00011733300698310928
4946.0,-0.00011836245975548362
4947.0,-0.00011937553970928455
4948.0,-0.00012037190388792852
4949.0,-0.00012135121329951408
4950.0,-0.000122313133234425
4951.0,-0.00012325733358041168
4952.0,-0.000124183489134606
4953.0,-0.00012509127991192738
4954.0,-0.00012598039144934062
4955.0,-0.00012685051510542836
4956.0,-0.00012770134835474466
4957.0,-0.0001285325950764187
4958.0,-0.0001293439658364807
4959.0,-0.00013013517816338582
4960.0,-0.00013090595681621915
4961.0,-0.00013165603404507217
4962.0,-0.00013238514984309366
4963.0,-0.00013309305218972697
4964.0,-0.00013377949728465857
4965.0,-0.00013444424977201514
4966.0,-0.00013508708295436122
4967.0,-0.00013570777899606787
4968.0,-0.00013630612911564124
4969.0,-0.0001368819337666191
4970.0,-0.00013743500280666358
4971.0,-0.00013796515565450053
4972.0,-0.0001384722214343799
4973.0,-0.00013895603910776138
4974.0,-0.00013941645759195818
4975.0,-0.000139853335865504
4976.0,-0.00014026654306004106
4977.0,-0.00014065595853855962
4978.0,-0.00014102147195985395
4979.0,-0.00014136298332909425
4980.0,-0.00014168040303444781
4981.0,-0.00014197365186971673
4982.0,-0.00014224266104299204
4983.0,-0.00014248737217135665
4984.0,-0.00014270773726170297
4985.0,-0.00014290371867776687
4986.0,-0.00014307528909351453
4987.0,-0.00014322243143305533
4988.0,-0.00014334513879728824
4989.0,-0.00014344341437752325
4990.0,-0.00014351727135635244
4991.0,-0.0001435667327960777
4992.0,-0.00014359183151503086
4993.0,-0.00014359260995215037
4994.0,-0.00014356912002020023
4995.0,-0.0001435214229480406
4996.0,-0.0001434495891123779
4997.0,-0.0001433536978594442
4998.0,-0.0001432338373170764
4999.0,-0.00014309010419768706
5000.0,-0.00014292260359264112
5001.0,-0.00014273144875857278
5002.0,-0.00014251676089619818
5003.0,-0.00014227866892219741
5004.0,-0.00014201730923475665
5005.0,-0.00014173282547337666
5006.0,-0.00014142536827356543
5007.0,-0.00014109509501704278
5008.0,-0.00014074216957809366
5009.0,-0.00014036676206671312
5010.0,-0.0001399690485691918
5011.0,-0.00013954921088679348
5012.0,-0.0001391074362731756
5013.0,-0.00013864391717119878
5014.0,-0.00013815885094976358
5015.0,-0.00013765243964130206
5016.0,-0.00013712488968053857
5017.0,-0.0001365764116451197
5018.0,-0.00013600721999869675
5019.0,-0.00013541753283702595
5020.0,-0.00013480757163763133
5021.0,-0.00013417756101355503
5022.0,-0.0001335277284716965
5023.0,-0.0001328583041762185
5024.0,-0.0001321695207174709
5025.0,-0.00013146161288685523
5026.0,-0.00013073481745802222
5027.0,-0.00012998937297476306
5028.0,-0.00012922551954592295
5029.0,-0.00012844349864763257
5030.0,-0.00012764355293311865
5031.0,-0.00012682592605032128
5032.0,-0.00012599086246750971
5033.0,-0.0001251386073070568
5034.0,-0.00012426940618749882
5035.0,-0.00012338350507397724
5036.0,-0.00012248115013712912
5037.0,-0.00012156258762046054
5038.0,-0.00012062806371620817
5039.0,-0.00011967782444966304
5040.0,-0.0001187121155719017
5041.0,-0.00011773118246084216
5042.0,-0.00011673527003051394
5043.0,-0.00011572462264840509
5044.0,-0.00011469948406072294
5045.0,-0.00011366009732538067
5046.0,-0.00011260670475249842
5047.0,-0.00011153954785218741
5048.0,-0.0001104588672893635
5049.0,-0.0001093649028453163
5050.0,-0.00010825789338573802
5051.0,-0.00010713807683489629
5052.0,-0.00010600569015561588
5053.0,-0.00010486096933471735
5054.0,-0.00010370414937354719
5055.0,-0.00010253546428322281
5056.0,-0.00010135514708420725
5057.0,-0.00010016342980982344
5058.0,-9.89605435133144e-05
5059.0,-9.774671827805495e-05
5060.0,-9.652218323052276e-05
5061.0,-9.528716655563925e-05
5062.0,-9.40418955140982e-05
5063.0,-9.278659646130843e-05
5064.0,-9.15214948675883e-05
5065.0,-9.024681533926446e-05
5066.0,-8.89627816403426e-05
5067.0,-8.766961671443632e-05
5068.0,-8.636754270666096e-05
5069.0,-8.505678098522294e-05
5070.0,-8.373755216246037e-05
5071.0,-8.241007611511615e-05
5072.0,-8.107457200364953e-05
5073.0,-7.973125829041735e-05
5074.0,-7.838035275658073e-05
5075.0,-7.702207251761574e-05
5076.0,-7.565663403732767e-05
5077.0,-7.428425314028661e-05
5078.0,-7.290514502261972e-05
5079.0,-7.151952426111247e-05
5080.0,-7.012760482058744e-05
5081.0,-6.872960005954247e-05
5082.0,-6.732572273404093e-05
5083.0,-6.591618499985368e-05
5084.0,-6.450119841286009e-05
5085.0,-6.308097392771996e-05
5086.0,-6.165572189483539e-05
5087.0,-6.022565205562797e-05
5088.0,-5.879097353616214e-05
5089.0,-5.7351894839150885e-05
5090.0,-5.5908623834387055e-05
5091.0,-5.446136774765109e-05
5092.0,-5.301033314815515e-05
5093.0,-5.155572593459362e-05
5094.0,-5.009775131987764e-05
5095.0,-4.8636613814641354e-05
5096.0,-4.717251720961665e-05
5097.0,-4.570566455697974e-05
5098.0,-4.423625815077937e-05
5099.0,-4.276449950655985e-05
5100.0,-4.1290589340290835e-05
5101.0,-3.981472754671262e-05
5102.0,-3.833711317720041e-05
5103.0,-3.68579444172445e-05
5104.0,-3.5377418563636906e-05
5105.0,-3.389573200144749e-05
5106.0,-3.2413080180866534e-05
5107.0,-3.092965759398308e-05
5108.0,-2.9445657751563854e-05
5109.0,-2.7961273159893792e-05
5110.0,-2.6476695297737966e-05
5111.0,-2.4992114593484062e-05
5112.0,-2.3507720402527133e-05
5113.0,-2.2023700984961736e-05
5114.0,-2.0540243483652792e-05
5115.0,-1.9057533902759193e-05
5116.0,-1.7575757086786492e-05
5117.0,-1.6095096700243246e-05
5118.0,-1.461573520797187e-05
5119.0,-1.313785385621908e-05
5120.0,-1.1661632654502607e-05
5121.0,-1.018725035832137e-05
5122.0,-8.714884452745795e-06
5123.0,-7.244711136911457e-06
5124.0,-5.776905309426458e-06
5125.0,-4.311640554689274e-06
5126.0,-2.8490891301002994e-06
5127.0,-1.3894219541367276e-06
5128.0,6.719140475171942e-08
5129.0,1.5205827384780291e-06
5130.0,2.9705852089442314e-06
5131.0,4.417033357026033e-06
5132.0,5.859763110987174e-06
5133.0,7.298611794398403e-06
5134.0,8.733418133637915e-06
5135.0,1.0164022265051747e-05
5136.0,1.1590265741852327e-05
5137.0,1.3011991540830874e-05
5138.0,1.4429044068957691e-05
5139.0,1.5841269169942723e-05
5140.0,1.724851413082657e-05
5141.0,1.8650627688671736e-05
5142.0,2.0047460037423757e-05
5143.0,2.1438862835013785e-05
5144.0,2.2824689210775525e-05
5145.0,2.4204793773251963e-05
5146.0,2.557903261846993e-05
5147.0,2.6947263338760044e-05
5148.0,2.83093450321976e-05
5149.0,2.966513831273567e-05
5150.0,3.101450532109492e-05
5151.0,3.235730973646873e-05
5152.0,3.3693416789091586e-05
5153.0,3.5022693273709075e-05
5154.0,3.634500756397529e-05
5155.0,3.766022962779172e-05
5156.0,3.89682310435863e-05
5157.0,4.0268885017519124e-05
5158.0,4.156206640158936e-05
5159.0,4.284765171260751e-05
5160.0,4.4125519151985536e-05
5161.0,4.539554862628601e-05
5162.0,4.665762176845971e-05
5163.0,4.791162195969166e-05
5164.0,4.915743435176772e-05
5165.0,5.03949458898667e-05
5166.0,5.162404533567601e-05
5167.0,5.284462329072279e-05
5168.0,5.405657221980731e-05
5169.0,5.525978647442084e-05
5170.0,5.6454162316026456e-05
5171.0,5.763959793907726e-05
5172.0,5.8815993493642136e-05
5173.0,5.9983251107505216e-05
5174.0,6.114127490760203e-05
5175.0,6.228997104065076e-05
5176.0,6.342924769283272e-05
5177.0,6.455901510837038e-05
5178.0,6.567918560684774e-05
5179.0,6.678967359911677e-05
5180.0,6.78903956016354e-05
5181.0,6.89812702490873e-05
5182.0,7.006221830514005e-05
5183.0,7.113316267120676e-05
5184.0,7.219402839308849e-05
5185.0,7.324474266538652e-05
5186.0,7.42852348335875e-05
5187.0,7.531543639373624e-05
5188.0,7.633528098962163e-05
5189.0,7.734470440741126e-05
5190.0,7.834364456768134e-05
5191.0,7.933204151479994e-05
5192.0,8.03098374036337e-05
5193.0,8.127697648356232e-05
5194.0,8.223340507979844e-05
5195.0,8.317907157202445e-05
5196.0,8.411392637037094e-05
5197.0,8.50379218887742e-05
5198.0,8.595101251576386e-05
5199.0,8.685315458274225e-05
5200.0,8.774430632982809e-05
5201.0,8.862442786934515e-05
5202.0,8.949348114704478e-05
5203.0,9.035142990115848e-05
5204.0,9.119823961938625e-05
5205.0,9.203387749393567e-05
5206.0,9.285831237473922e-05
5207.0,9.367151472098966e-05
5208.0,9.447345655114655e-05
5209.0,9.526411139157773e-05
5210.0,9.6043454224008e-05
5211.0,9.681146143195175e-05
5212.0,9.756811074630754e-05
5213.0,9.831338119029178e-05
5214.0,9.904725302388605e-05
5215.0,9.976970768797171e-05
5216.0,0.00010048072774832523
5217.0,0.0001011802968396487
5218.0,0.00010186839960981011
5219.0,0.00010254502166446505
5220.0,0.00010321014951222835
5221.0,0.0001038637705105565
5222.0,0.00010450587281249517
5223.0,0.00010513644531443832
5224.0,0.0001057554776050389
5225.0,0.00010636295991540584
5226.0,0.00010695888307071653
5227.0,0.00010754323844336936
5228.0,0.00010811601790779536
5229.0,0.00010867721379704303
5230.0,0.00010922681886124685
5231.0,0.00010976482622808609
5232.0,0.0001102912293653388
5233.0,0.00011080602204563262
5234.0,0.00011130919831349044
5235.0,0.00011180075245476377
5236.0,0.00011228067896853873
5237.0,0.0001127489725415906
5238.0,0.00011320562802545148
5239.0,0.00011365064041614431
5240.0,0.00011408400483662351
5241.0,0.00011450571652194971
5242.0,0.00011491577080721225
5243.0,0.0001153141631181999
5244.0,0.00011570088896480617
5245.0,0.00011607594393714239
5246.0,0.00011643932370431752
5247.0,0.00011679102401583168
5248.0,0.0001171310407055185
5249.0,0.0001174593696979617
5250.0,0.00011777600701730327
5251.0,0.00011808094879835413
5252.0,0.00011837419129991242
5253.0,0.00011865573092019043
5254.0,0.0001189255642142457
5255.0,0.0001191836879133077
5256.0,0.00011943009894588588
5257.0,0.00011966479446053886
5258.0,0.0001198877718501783
5259.0,0.00012009902877777524
5260.0,0.00012029856320333258
5261.0,0.00012048637341198338
5262.0,0.0001206624580430744
5263.0,0.00012082681612009206
5264.0,0.0001209794470812884
5265.0,0.00012112035081086237
5266.0,0.00012124952767055012
5267.0,0.0001213669785314735
5268.0,0.0001214727048060925
5269.0,0.00012156670848010373
5270.0,0.0001216489921441256
5271.0,0.00012171955902501201
5272.0,0.00012177841301664114
5273.0,0.00012182555871003366
5274.0,0.00012186100142266355
5275.0,0.00012188474722683585
5276.0,0.00012189680297701526
5277.0,0.00012189717633599896
5278.0,0.00012188587579983558
5279.0,0.00012186291072139894
5280.0,0.00012182829133253274
5281.0,0.00012178202876468795
5282.0,0.00012172413506798215
5283.0,0.00012165462322861635
5284.0,0.00012157350718459143
5285.0,0.00012148080183967175
5286.0,0.00012137652307554911
5287.0,0.00012126068776216394
5288.0,0.0001211333137661447
5289.0,0.00012099441995733026
5290.0,0.00012084402621334338
5291.0,0.00012068215342218943
5292.0,0.00012050882348286003
5293.0,0.00012032405930393039
5294.0,0.00012012788480014896
5295.0,0.0001199203248870294
5296.0,0.00011970140547346616
5297.0,0.0001194711534524065
5298.0,0.00011922959668962262
5299.0,0.00011897676401063615
5300.0,0.00011871268518585563
5301.0,0.00011843739091399378
5302.0,0.00011815091280383682
5303.0,0.0001178532833544422
5304.0,0.00011754453593384588
5305.0,0.0001172247047563639
5306.0,0.0001168938248585771
5307.0,0.00011655193207409121
5308.0,0.00011619906300716726
5309.0,0.00011583525500531903
5310.0,0.00011546054613097514
5311.0,0.00011507497513230336
5312.0,0.00011467858141329409
5313.0,0.00011427140500319932
5314.0,0.00011385348652542361
5315.0,0.0001134248671659653
5316.0,0.00011298558864150952
5317.0,0.00011253569316727895
5318.0,0.00011207522342475519
5319.0,0.00011160422252938794
5320.0,0.0001111227339984154
5321.0,0.0001106308017189221
5322.0,0.00011012846991626215
5323.0,0.0001096157831229761
5324.0,0.00010909278614832795
5325.0,0.00010855952404858678
5326.0,0.00010801604209817426
5327.0,0.00010746238576179597
5328.0,0.00010689860066766873
5329.0,0.00010632473258195074
5330.0,0.00010574082738447255
5331.0,0.00010514693104585826
5332.0,0.00010454308960611568
5333.0,0.00010392934915476356
5334.0,0.0001033057558125534
5335.0,0.00010267235571483318
5336.0,0.0001020291949965913
5337.0,0.0001013763197792117
5338.0,0.0001007137761589642
5339.0,0.00010004161019724687
5340.0,9.935986791259061e-05
5341.0,9.866859527442861e-05
5342.0,9.796783819862504e-05
5343.0,9.725764254474978e-05
5344.0,9.653805411507814e-05
5345.0,9.580911865528594e-05
5346.0,9.507088185680291e-05
5347.0,9.432338936077947e-05
5348.0,9.35666867636152e-05
5349.0,9.280081962399001e-05
5350.0,9.202583347133183e-05
5351.0,9.124177381564665e-05
5352.0,9.044868615862734e-05
5353.0,8.964661600594847e-05
5354.0,8.883560888064421e-05
5355.0,8.8015710337457e-05
5356.0,8.718696597803591e-05
5357.0,8.634942146685654e-05
5358.0,8.550312254772933e-05
5359.0,8.464811506075967e-05
5360.0,8.378444495962207e-05
5361.0,8.291215832900915e-05
5362.0,8.203130140211486e-05
5363.0,8.114192057801001e-05
5364.0,8.024406243876644e-05
5365.0,7.933777376618512e-05
5366.0,7.842310155798262e-05
5367.0,7.750009304329209e-05
5368.0,7.656879569733749e-05
5369.0,7.562925725514593e-05
5370.0,7.468152572416933e-05
5371.0,7.372564939569468e-05
5372.0,7.2761676854931e-05
5373.0,7.178965698966828e-05
5374.0,7.080963899741174e-05
5375.0,6.982167239090068e-05
5376.0,6.882580700192817e-05
5377.0,6.782209298338468e-05
5378.0,6.681058080945737e-05
5379.0,6.579132127392597e-05
5380.0,6.47643654865078e-05
5381.0,6.372976486721627e-05
5382.0,6.268757113871124e-05
5383.0,6.163783631663402e-05
5384.0,6.0580612697934644e-05
5385.0,5.951595284721418e-05
5386.0,5.8443909581119906e-05
5387.0,5.736453595084523e-05
5388.0,5.627788522280062e-05
5389.0,5.518401085753591e-05
5390.0,5.4082966487007594e-05
5391.0,5.297480589029908e-05
5392.0,5.185958296791511e-05
5393.0,5.073735171478592e-05
5394.0,4.9608166192130394e-05
5395.0,4.847208049834056e-05
5396.0,4.732914873906041e-05
5397.0,4.617942499664191e-05
5398.0,4.502296329916787e-05
5399.0,4.3859817589238764e-05
5400.0,4.269004169272525e-05
5401.0,4.1513689287692984e-05
5402.0,4.033081387370897e-05
5403.0,3.914146874174189e-05
5404.0,3.794570694487158e-05
5405.0,3.674358127002599e-05
5406.0,3.55351442109674e-05
5407.0,3.432044794275182e-05
5408.0,3.30995442978862e-05
5409.0,3.187248474440767e-05
5410.0,3.063932036610802e-05
5411.0,2.9400101845125096e-05
5412.0,2.815487944712181e-05
5413.0,2.6903703009272564e-05
5414.0,2.5646621931276856e-05
5415.0,2.4383685169620083e-05
5416.0,2.3114941235301948e-05
5417.0,2.184043819525266e-05
5418.0,2.0560223677654814e-05
5419.0,1.9274344881385202e-05
5420.0,1.7982848589784235e-05
5421.0,1.6685781188953755e-05
5422.0,1.5383188690775934e-05
5423.0,1.4075116760837418e-05
5424.0,1.2761610751434245e-05
5425.0,1.1442715739824223e-05
5426.0,1.0118476571885728e-05
5427.0,8.788937911332737e-06
5428.0,7.454144294626378e-06
5429.0,6.1141401917103416e-06
5430.0,4.7689700726830155e-06
5431.0,3.4186784805017415e-06
5432.0,2.0633101097960275e-06
5433.0,7.02909891845538e-07
5434.0,-6.624769142438836e-07
5435.0,-2.032804624155827e-06
5436.0,-3.4080270247837698e-06
5437.0,-4.788097264491114e-06
5438.0,-6.172967737265453e-06
5439.0,-7.562589960841796e-06
5440.0,-8.956914448889224e-06
5441.0,-1.0355890577376647e-05
5442.0,-1.1759466445253767e-05
5443.0,-1.3167588729604622e-05
5444.0,-1.4580202535452215e-05
5445.0,-1.5997251240413866e-05
5446.0,-1.7418676334427402e-05
5447.0,-1.8844417254788017e-05
5448.0,-2.0274411216754688e-05
5449.0,-2.17085930400018e-05
5450.0,-2.3146894971207297e-05
5451.0,-2.4589246503084212e-05
5452.0,-2.603557419017895e-05
5453.0,-2.7485801461776996e-05
5454.0,-2.8939848432275324e-05
5455.0,-3.0397631709398272e-05
5456.0,-3.1859064200652133e-05
5457.0,-3.332405491843101e-05
5458.0,-3.479250878420377e-05
5459.0,-3.6264326432227546e-05
5460.0,-3.7739404013248873e-05
5461.0,-3.921763299866963e-05
5462.0,-4.0698899985671277e-05
5463.0,-4.2183086503808584e-05
5464.0,-4.367006882360017e-05
5465.0,-4.5159717767659604e-05
5466.0,-4.6651898524925095e-05
5467.0,-4.814647046855928e-05
5468.0,-4.964328697810157e-05
5469.0,-5.114219526646152e-05
5470.0,-5.264303621234358e-05
5471.0,-5.414564419869251e-05
5472.0,-5.564984695774567e-05
5473.0,-5.715546542327682e-05
5474.0,-5.866231359061477e-05
5475.0,-6.017019838501892e-05
5476.0,-6.167891953899065e-05
5477.0,-6.318826947909414e-05
5478.0,-6.469803322285028e-05
5479.0,-6.620798828625594e-05
5480.0,-6.771790460246477e-05
5481.0,-6.922754445214758e-05
5482.0,-7.07366624060306e-05
5483.0,-7.224500528008625e-05
5484.0,-7.375231210382417e-05
5485.0,-7.525831410209945e-05
5486.0,-7.676273469082532e-05
5487.0,-7.826528948694757e-05
5488.0,-7.976568633300991e-05
5489.0,-8.126362533660896e-05
5490.0,-8.275879892500454e-05
5491.0,-8.425089191511232e-05
5492.0,-8.57395815990656e-05
5493.0,-8.722453784549124e-05
5494.0,-8.870542321660308e-05
5495.0,-9.018189310117637e-05
5496.0,-9.165359586342227e-05
5497.0,-9.312017300773732e-05
5498.0,-9.458125935925793e-05
5499.0,-9.603648326010615e-05
5500.0,-9.748546678117012e-05
5501.0,-9.892782594921919e-05
5502.0,-0.00010036317098910918
5503.0,-0.00010179110658078886
5504.0,-0.00010321123213077356
5505.0,-0.00010462314205770728
5506.0,-0.00010602642609158905
5507.0,-0.00010742066958619503
5508.0,-0.0001088054538441839
5509.0,-0.00011018035645433127
5510.0,-0.00011154495164029901
5511.0,-0.00011289881062030922
5512.0,-0.00011424150197705707
5513.0,-0.00011557259203716625
5514.0,-0.00011689164525946172
5515.0,-0.00011819822463131027
5516.0,-0.00011949189207225824
5517.0,-0.00012077220884417633
5518.0,-0.0001220387359671028
5519.0,-0.00012329103463996107
5520.0,-0.00012452866666531705
5521.0,-0.00012575119487733498
5522.0,-0.0001269581835720866
5523.0,-0.0001281491989393636
5524.0,-0.00012932380949513798
5525.0,-0.0001304815865138125
5526.0,-0.0001316221044594019
5527.0,-0.000132744941414786
5528.0,-0.00013384967950817896
5529.0,-0.00013493590533596118
5530.0,-0.0001360032103810284
5531.0,-0.00013705119142582247
5532.0,-0.00013807945095922433
5533.0,-0.00013908759757650724
5534.0,-0.0001400752463715685
5535.0,-0.00014104201932067825
5536.0,-0.00014198754565700533
5537.0,-0.00014291146223520472
5538.0,-0.0001438134138853802
5539.0,-0.00014469305375577104
5540.0,-0.0001455500436435489
5541.0,-0.00014638405431315
5542.0,-0.0001471947658016029
5543.0,-0.00014798186771034403
5544.0,-0.00014874505948304087
5545.0,-0.00014948405066896693
5546.0,-0.00015019856117149798
5547.0,-0.00015088832148132624
5548.0,-0.0001515530728940197
5549.0,-0.00015219256771159038
5550.0,-0.00015280656942777418
5551.0,-0.00015339485289676374
5552.0,-0.00015395720448517996
5553.0,-0.00015449342220711257
5554.0,-0.00015500331584211073
5555.0,-0.0001554867070360551
5556.0,-0.00015594342938489298
5557.0,-0.0001563733285012649
5558.0,-0.00015677626206409413
5559.0,-0.00015715209985125202
5560.0,-0.00015750072375544943
5561.0,-0.00015782202778354262
5562.0,-0.00015811591803947876
5563.0,-0.00015838231269114537
5564.0,-0.00015862114192142861
5565.0,-0.00015883234786382957
5566.0,-0.0001590158845230309
5567.0,-0.00015917171768084682
5568.0,-0.00015929982478802535
5569.0,-0.00015940019484240135
5570.0,-0.00015947282825392478
5571.0,-0.0001595177366971136
5572.0,-0.0001595349429515051
5573.0,-0.00015952448073070148
5574.0,-0.00015948639450062712
5575.0,-0.00015942073928763156
5576.0,-0.00015932758047709035
5577.0,-0.0001592069936031756
5578.0,-0.0001590590641304867
5579.0,-0.0001588838872282507
5580.0,-0.0001586815675378164
5581.0,-0.00015845221893417548
5582.0,-0.00015819596428225008
5583.0,-0.00015791293518868546
5584.0,-0.00015760327174988456
5585.0,-0.00015726712229701323
5586.0,-0.00015690464313869584
5587.0,-0.00015651599830210952
5588.0,-0.00015610135927317207
5589.0,-0.00015566090473650548
5590.0,-0.00015519482031583836
5591.0,-0.00015470329831548962
5592.0,-0.00015418653746354844
5593.0,-0.0001536447426573341
5594.0,-0.00015307812471168392
5595.0,-0.00015248690011057905
5596.0,-0.00015187129076257627
5597.0,-0.00015123152376046955
5598.0,-0.00015056783114555933
5599.0,-0.00014988044967686144
5600.0,-0.0001491696206055456
5601.0,-0.00014843558945485197
5602.0,-0.00014767860580569783
5603.0,-0.00014689892308814955
5604.0,-0.00014609679837889985
5605.0,-0.0001452724922048555
5606.0,-0.00014442626835290556
5607.0,-0.0001435583936859062
5608.0,-0.00014266913796488344
5609.0,-0.0001417587736774277
5610.0,-0.0001408275758722247
5611.0,-0.00013987582199964573
5612.0,-0.00013890379175830042
5613.0,-0.0001379117669474358
5614.0,-0.00013690003132504908
5615.0,-0.00013586887047156016
5616.0,-0.00013481857165887267
5617.0,-0.00013374942372463433
5618.0,-0.00013266171695149062
5619.0,-0.00013155574295110883
5620.0,-0.00013043179455273445
5621.0,-0.00012929016569602638
5622.0,-0.00012813115132790775
5623.0,-0.0001269550473031628
5624.0,-0.0001257621502885085
5625.0,-0.00012455275766987226
5626.0,-0.00012332716746261163
5627.0,-0.00012208567822441822
5628.0,-0.00012082858897065956
5629.0,-0.00011955619909192309
5630.0,-0.00011826880827353983
5631.0,-0.00011696671641687808
5632.0,-0.00011565022356221078
5633.0,-0.00011431962981297455
5634.0,-0.00011297523526125305
5635.0,-0.00011161733991433312
5636.0,-0.00011024624362219521
5637.0,-0.00010886224600581259
5638.0,-0.00010746564638614574
5639.0,-0.00010605674371372918
5640.0,-0.00010463583649876056
5641.0,-0.00010320322274161626
5642.0,-0.0001017591998637324
5643.0,-0.0001003040646388052
5644.0,-9.883811312428037e-05
5645.0,-9.736164059311866e-05
5646.0,-9.58749414658409e-05
5647.0,-9.437830924287328e-05
5648.0,-9.287203643722683e-05
5649.0,-9.135641450755472e-05
5650.0,-8.98317337916352e-05
5651.0,-8.829828344032731e-05
5652.0,-8.675635135204207e-05
5653.0,-8.520622410776778e-05
5654.0,-8.364818690668233e-05
5655.0,-8.208252350238279e-05
5656.0,-8.050951613976209e-05
5657.0,-7.892944549256615e-05
5658.0,-7.734259060167242e-05
5659.0,-7.574922881414055e-05
5660.0,-7.414963572310001e-05
5661.0,-7.254408510855231e-05
5662.0,-7.093284887918266e-05
5663.0,-6.931619701528955e-05
5664.0,-6.769439751295688e-05
5665.0,-6.606771632960352e-05
5666.0,-6.443641733105385e-05
5667.0,-6.280076224027798e-05
5668.0,-6.116101058795494e-05
5669.0,-5.951741966501317e-05
5670.0,-5.787024447730637e-05
5671.0,-5.6219737702581433e-05
5672.0,-5.456614964989296e-05
5673.0,-5.2909728221614566e-05
5674.0,-5.125071887818945e-05
5675.0,-4.958936460575469e-05
5676.0,-4.792590588675938e-05
5677.0,-4.62605806736827e-05
5678.0,-4.459362436593894e-05
5679.0,-4.2925269790038034e-05
5680.0,-4.1255747183054154e-05
5681.0,-3.958528417944066e-05
5682.0,-3.791410580122155e-05
5683.0,-3.6242434451583754e-05
5684.0,-3.4570489911893066e-05
5685.0,-3.289848934215623e-05
5686.0,-3.122664728495281e-05
5687.0,-2.955517567286079e-05
5688.0,-2.788428383939542e-05
5689.0,-2.6214178533475537e-05
5690.0,-2.454506393741728e-05
5691.0,-2.287714168843989e-05
5692.0,-2.121061090364864e-05
5693.0,-1.9545668208439227e-05
5694.0,-1.7882507768246438e-05
5695.0,-1.6221321323539275e-05
5696.0,-1.4562298227942342e-05
5697.0,-1.290562548934213e-05
5698.0,-1.125148781381307e-05
5699.0,-9.600067652174244e-06
5700.0,-7.951545248961885e-06
5701.0,-6.306098693580222e-06
5702.0,-4.663903973371546e-06
5703.0,-3.025135028329879e-06
5704.0,-1.389963807168125e-06
5705.0,2.4143967555963886e-07
5706.0,1.8689072815811591e-06
5707.0,3.492272690569723e-06
5708.0,5.111371341634463e-06
5709.0,6.726040374910754e-06
5710.0,8.336118573510876e-06
5711.0,9.941446306084854e-06
5712.0,1.1541865470233772e-05
5713.0,1.3137219437014315e-05
5714.0,1.472735299677162e-05
5715.0,1.6312112306537675e-05
5716.0,1.7891344839234162e-05
5717.0,1.946489933492031e-05
5718.0,2.1032625754327245e-05
5719.0,2.2594375234918625e-05
5720.0,2.4150000049710972e-05
5721.0,2.5699353569079395e-05
5722.0,2.7242290225762593e-05
5723.0,2.8778665483269166e-05
5724.0,3.0308335807872776e-05
5725.0,3.1831158644367026e-05
5726.0,3.334699239573216e-05
5727.0,3.4855696406842916e-05
5728.0,3.635713095232163e-05
5729.0,3.785115722861257e-05
5730.0,3.9337637350323424e-05
5731.0,4.081643435084639e-05
5732.0,4.2287412187237294e-05
5733.0,4.375043574929429e-05
5734.0,4.520537087274278e-05
5735.0,4.665208435639927e-05
5736.0,4.809044398315746e-05
5737.0,4.952031854461371e-05
5738.0,5.0941577869127284e-05
5739.0,5.235409285309346e-05
5740.0,5.375773549519517e-05
5741.0,5.515237893339057e-05
5742.0,5.653789748438887e-05
5743.0,5.791416668536663e-05
5744.0,5.92810633376778e-05
5745.0,6.06384655523173e-05
5746.0,6.198625279690376e-05
5747.0,6.33243059439546e-05
5748.0,6.465250732023164e-05
5749.0,6.597074075693914e-05
5750.0,6.72788916405559e-05
5751.0,6.857684696408134e-05
5752.0,6.986449537847119e-05
5753.0,7.114172724403482e-05
5754.0,7.240843468156138e-05
5755.0,7.366451162293937e-05
5756.0,7.490985386103442e-05
5757.0,7.614435909859122e-05
5758.0,7.736792699593174e-05
5759.0,7.858045921722957e-05
5760.0,7.978185947515019e-05
5761.0,8.097203357366065e-05
5762.0,8.215088944882798e-05
5763.0,8.33183372074428e-05
5764.0,8.447428916332208e-05
5765.0,8.561865987116173e-05
5766.0,8.675136615782685e-05
5767.0,8.787232715098355e-05
5768.0,8.898146430499328e-05
5769.0,9.007870142400341e-05
5770.0,9.116396468218176e-05
5771.0,9.223718264105402e-05
5772.0,9.329828626391425e-05
5773.0,9.434720892728676e-05
5774.0,9.538388642942418e-05
5775.0,9.640825699583138e-05
5776.0,9.742026128181012e-05
5777.0,9.841984237202472e-05
5778.0,9.940694577709496e-05
5779.0,0.00010038151942722896
5780.0,0.00010134351366291676
5781.0,0.00010229288122271392
5782.0,0.00010322957722815313
5783.0,0.00010415355916583079
5784.0,0.00010506478686672419
5785.0,0.00010596322248280455
5786.0,0.00010684883046102001
5787.0,0.00010772157751473053
5788.0,0.00010858143259268326
5789.0,0.00010942836684562419
5790.0,0.00011026235359065073
5791.0,0.00011108336827342027
5792.0,0.00011189138842834265
5793.0,0.00011268639363689664
5794.0,0.00011346836548422179
5795.0,0.00011423728751414679
5796.0,0.00011499314518282143
5797.0,0.00011573592581112415
5798.0,0.00011646561853601615
5799.0,0.00011718221426100899
5800.0,0.00011788570560590381
5801.0,0.00011857608685594874
5802.0,0.00011925335391054927
5803.0,0.00011991750423165607
5804.0,0.00012056853679194792
5805.0,0.00012120645202292453
5806.0,0.00012183125176302482
5807.0,0.0001224429392058883
5808.0,0.0001230415188488819
5809.0,0.00012362699644201633
5810.0,0.00012419937893737737
5811.0,0.00012475867443919746
5812.0,0.0001253048921546908
5813.0,0.00012583804234577613
5814.0,0.00012635813628181003
5815.0,0.00012686518619345387
5816.0,0.0001273592052277949
5817.0,0.00012784020740483896
5818.0,0.0001283082075754829
5819.0,0.00012876322138106582
5820.0,0.00012920526521458415
5821.0,0.0001296343561836407
5822.0,0.0001300505120751827
5823.0,0.00013045375132206957
5824.0,0.00013084409297149836
5825.0,0.00013122155665530705
5826.0,0.00013158616256216956
5827.0,0.00013193793141169356
5828.0,0.00013227688443043125
5829.0,0.000132603043329812
5830.0,0.00013291643028600633
5831.0,0.00013321706792172823
5832.0,0.00013350497928997962
5833.0,0.0001337801878597363
5834.0,0.0001340427175035692
5835.0,0.0001342925924871865
5836.0,0.00013452983746087727
5837.0,0.0001347544774528268
5838.0,0.0001349665378642669
5839.0,0.0001351660444664147
5840.0,0.00013535302339914254
5841.0,0.00013552750117131108
5842.0,0.0001356895046626857
5843.0,0.00013583906112734598
5844.0,0.0001359761981984871
5845.0,0.00013610094389450488
5846.0,0.00013621332662625013
5847.0,0.00013631337520533517
5848.0,0.0001364011188533745
5849.0,0.00013647658721204273
5850.0,0.0001365398103538355
5851.0,0.00013659081879342205
5852.0,0.0001366296434994816
5853.0,0.00013665631590691892
5854.0,0.00013667086792935767
5855.0,0.00013667333197181183
5856.0,0.0001366637409434381
5857.0,0.00013664212827027247
5858.0,0.0001366085279078545
5859.0,0.0001365629743536416
5860.0,0.00013650550265911397
5861.0,0.00013643614844146754
5862.0,0.00013635494789478902
5863.0,0.00013626193780060165
5864.0,0.00013615715553766692
5865.0,0.00013604063909092344
5866.0,0.00013591242705944228
5867.0,0.00013577255866327763
5868.0,0.00013562107374909504
5869.0,0.00013545801279446232
5870.0,0.00013528341691069573
5871.0,0.00013509732784416142
5872.0,0.0001348997879759413
5873.0,0.00013469084031978145
5874.0,0.00013447052851825206
5875.0,0.00013423889683705564
5876.0,0.00013399599015743037
5877.0,0.00013374185396660402
5878.0,0.0001334765343462625
5879.0,0.00013320007795900382
5880.0,0.00013291253203275813
5881.0,0.00013261394434316016
5882.0,0.00013230436319387032
5883.0,0.00013198383739484928
5884.0,0.00013165241623859907
5885.0,0.00013131014947439587
5886.0,0.00013095708728055037
5887.0,0.00013059328023474424
5888.0,0.00013021877928250791
5889.0,0.00012983363570392094
5890.0,0.00012943790107863558
5891.0,0.00012903162724934425
5892.0,0.00012861486628383287
5893.0,0.00012818767043578223
5894.0,0.00012775009210449793
5895.0,0.00012730218379376583
5896.0,0.00012684399807004232
5897.0,0.00012637558752019636
5898.0,0.00012589700470902698
5899.0,0.00012540830213677887
5900.0,0.00012490953219687577
5901.0,0.00012440074713408324
5902.0,0.00012388199900330028
5903.0,0.00012335333962916267
5904.0,0.00012281482056662453
5905.0,0.00012226649306266527
5906.0,0.00012170840801925202
5907.0,0.00012114061595766989
5908.0,0.00012056316698431862
5909.0,0.00011997611075806126
5910.0,0.00011937949645920293
5911.0,0.0001187733727601704
5912.0,0.00011815778779795903
5913.0,0.00011753278914840958
5914.0,0.00011689842380237258
5915.0,0.0001162547381438144
5916.0,0.00011560177792991507
5917.0,0.0001149395882732055
5918.0,0.00011426821362578672
5919.0,0.00011358769776567047
5920.0,0.00011289808378527378
5921.0,0.00011219941408209324
5922.0,0.0001114917303515763
5923.0,0.00011077507358219514
5924.0,0.00011004948405271585
5925.0,0.00010931500133163925
5926.0,0.0001085716642787718
5927.0,0.00010781951104886846
5928.0,0.0001070585790972714
5929.0,0.00010628890518745592
5930.0,0.00010551052540038368
5931.0,0.0001047234751455562
5932.0,0.00010392778917365807
5933.0,0.00010312350159067764
5934.0,0.00010231064587339317
5935.0,0.0001014892548861134
5936.0,0.0001006593608985631
5937.0,9.982099560480658e-05
5938.0,9.897419014310628e-05
5939.0,9.811897511661636e-05
5940.0,9.72553806148174e-05
5941.0,9.638343623560165e-05
5942.0,9.550317110792318e-05
5943.0,9.461461391492973e-05
5944.0,9.371779291749293e-05
5945.0,9.281273597805304e-05
5946.0,9.189947058469205e-05
5947.0,9.097802387534664e-05
5948.0,9.004842266207006e-05
5949.0,8.911069345524981e-05
5950.0,8.816486248768821e-05
5951.0,8.721095573845318e-05
5952.0,8.624899895640976e-05
5953.0,8.527901768334605e-05
5954.0,8.430103727661169e-05
5955.0,8.331508293119153e-05
5956.0,8.23211797011416e-05
5957.0,8.131935252031975e-05
5958.0,8.030962622235043e-05
5959.0,7.929202555976952e-05
5960.0,7.82665752223043e-05
5961.0,7.723329985425289e-05
5962.0,7.619222407093552e-05
5963.0,7.514337247419883e-05
5964.0,7.408676966696012e-05
5965.0,7.302244026678305e-05
5966.0,7.195040891847826e-05
5967.0,7.087070030572298e-05
5968.0,6.978333916169353e-05
5969.0,6.868835027870587e-05
5970.0,6.758575851686082e-05
5971.0,6.647558881169358e-05
5972.0,6.535786618082987e-05
5973.0,6.423261572965729e-05
5974.0,6.309986265602452e-05
5975.0,6.19596322539885e-05
5976.0,6.0811949916633984e-05
5977.0,5.9656841137995816e-05
5978.0,5.849433151411867e-05
5979.0,5.732444674329422e-05
5980.0,5.614721262552232e-05
5981.0,5.4962655061248754e-05
5982.0,5.3770800049438356e-05
5983.0,5.257167368504836e-05
5984.0,5.136530215597065e-05
5985.0,5.0151711739514305e-05
5986.0,4.8930928798500845e-05
5987.0,4.770297977704339e-05
5988.0,4.64678911960797e-05
5989.0,4.5225689648728304e-05
5990.0,4.397640179553666e-05
5991.0,4.272005435969147e-05
5992.0,4.145667412226149e-05
5993.0,4.018628791754454e-05
5994.0,3.8908922628590255e-05
5995.0,3.7624605182972614e-05
5996.0,3.63333625488882e-05
5997.0,3.503522173165904e-05
5998.0,3.3730209770722105e-05
5999.0,3.241835373719164e-05
6000.0,3.1099680732083165e-05
6001.0,2.9774217885294906e-05
6002.0,2.844199235544648e-05
6003.0,2.7103031330683878e-05
6004.0,2.575736203056564e-05
6005.0,2.4405011709151628e-05
6006.0,2.3046007659421067e-05
6007.0,2.1680377219150727e-05
6008.0,2.0308147778387816e-05
6009.0,1.8929346788655363e-05
6010.0,1.7544001774032994e-05
6011.0,1.6152140344261126e-05
6012.0,1.4753790210023209e-05
6013.0,1.3348979200567196e-05
6014.0,1.1937735283835972e-05
6015.0,1.0520086589283108e-05
6016.0,9.096061433557049e-06
6017.0,7.66568834924045e-06
6018.0,6.228996116834182e-06
6019.0,4.7860138001763655e-06
6020.0,3.3367707854882003e-06
6021.0,1.8812968242392576e-06
6022.0,4.196220800255709e-07
6023.0,-1.0482228203475348e-06
6024.0,-2.5222067313877803e-06
6025.0,-4.002297928856478e-06
6026.0,-5.488464044946375e-06
6027.0,-6.980671998523136e-06
6028.0,-8.478887920268719e-06
6029.0,-9.983077072579244e-06
6030.0,-1.1493203764087553e-05
6031.0,-1.3009231258697912e-05
6032.0,-1.4531121679039064e-05
6033.0,-1.6058835904258234e-05
6034.0,-1.7592333462095085e-05
6035.0,-1.913157241518939e-05
6036.0,-2.0676509241592617e-05
6037.0,-2.222709870947007e-05
6038.0,-2.378329374599801e-05
6039.0,-2.5345045300478587e-05
6040.0,-2.691230220171419e-05
6041.0,-2.8485011009701217e-05
6042.0,-3.006311586172342e-05
6043.0,-3.1646558312943933e-05
6044.0,-3.323527717161355e-05
6045.0,-3.4829208329030115e-05
6046.0,-3.642828458440109e-05
6047.0,-3.8032435464777435e-05
6048.0,-3.96415870402443e-05
6049.0,-4.125566173457098e-05
6050.0,-4.2874578131541334e-05
6051.0,-4.449825077720515e-05
6052.0,-4.6126589978312005e-05
6053.0,-4.7759501597210024e-05
6054.0,-4.9396886843513284e-05
6055.0,-5.103864206286291e-05
6056.0,-5.268465852312877e-05
6057.0,-5.433482219842033e-05
6058.0,-5.5989013551298276e-05
6059.0,-5.764710731360299e-05
6060.0,-5.930897226634248e-05
6061.0,-6.0974471019110044e-05
6062.0,-6.264345978952928e-05
6063.0,-6.431578818324917e-05
6064.0,-6.599129897503455e-05
6065.0,-6.766982789151857e-05
6066.0,-6.935120339620311e-05
6067.0,-7.10352464773125e-05
6068.0,-7.272177043912471e-05
6069.0,-7.441058069742474e-05
6070.0,-7.610147457974682e-05
6071.0,-7.77942411310954e-05
6072.0,-7.948866092585857e-05
6073.0,-8.118450588664537e-05
6074.0,-8.288153911079382e-05
6075.0,-8.457951470530369e-05
6076.0,-8.627817763095278e-05
6077.0,-8.797726355635257e-05
6078.0,-8.967649872269484e-05
6079.0,-9.137559981993358e-05
6080.0,-9.307427387513939e-05
6081.0,-9.477221815375764e-05
6082.0,-9.646912007449428e-05
6083.0,-9.81646571385449e-05
6084.0,-9.985849687387105e-05
6085.0,-0.0001015502967952117
6086.0,-0.00010323970438049682
6087.0,-0.00010492635706430277
6088.0,-0.00010660988224895829
6089.0,-0.00010828989733387583
6090.0,-0.0001099660097636481
6091.0,-0.00011163781709541116
6092.0,-0.00011330490708593627
6093.0,-0.00011496685779887384
6094.0,-0.00011662323773253434
6095.0,-0.0001182736059685498
6096.0,-0.00011991751234171819
6097.0,-0.00012155449763128408
6098.0,-0.00012318409377385983
6099.0,-0.0001248058240981345
6100.0,-0.00012641920358145785
6101.0,-0.0001280237391283214
6102.0,-0.00012961892987069245
6103.0,-0.00013120426749009103
6104.0,-0.00013277923656123346
6105.0,-0.00013434331491700015
6106.0,-0.00013589597403441638
6107.0,-0.00013743667944126795
6108.0,-0.00013896489114290604
6109.0,-0.00014048006406873053
6110.0,-0.0001419816485377763
6111.0,-0.00014346909074276244
6112.0,-0.00014494183325190041
6113.0,-0.00014639931552769007
6114.0,-0.00014784097446186606
6115.0,-0.00014926624492559077
6116.0,-0.00015067456033393046
6117.0,-0.00015206535322359838
6118.0,-0.0001534380558428999
6119.0,-0.00015479210075276968
6120.0,-0.00015612692143774908
6121.0,-0.00015744195292571625
6122.0,-0.00015873663241515007
6123.0,-0.00016001039990867817
6124.0,-0.0001612626988516312
6125.0,-0.00016249297677429665
6126.0,-0.00016370068593654294
6127.0,-0.0001648852839734652
6128.0,-0.00016604623454068873
6129.0,-0.0001671830079579541
6130.0,-0.00016829508184959736
6131.0,-0.00016938194178053309
6132.0,-0.00017044308188634321
6133.0,-0.00017147800549607506
6134.0,-0.00017248622574635126
6135.0,-0.00017346726618539728
6136.0,-0.00017442066136559933
6137.0,-0.00017534595742321445
6138.0,-0.0001762427126438672
6139.0,-0.0001771104980124851
6140.0,-0.0001779488977463492
6141.0,-0.00017875750980997048
6142.0,-0.00017953594641054987
6143.0,-0.00018028383447283734
6144.0,-0.000181000816092269
6145.0,-0.00018168654896532225
6146.0,-0.00018234070679607842
6147.0,-0.00018296297967802208
6148.0,-0.00018355307445014238
6149.0,-0.00018411071502643953
6150.0,-0.00018463564269799164
6151.0,-0.00018512761640679837
6152.0,-0.00018558641299069054
6153.0,-0.00018601182739867096
6154.0,-0.00018640367287613293
6155.0,-0.00018676178111948457
6156.0,-0.0001870860023997888
6157.0,-0.00018737620565511132
6158.0,-0.00018763227855134713
6159.0,-0.0001878541275113721
6160.0,-0.0001880416777124436
6161.0,-0.0001881948730518568
6162.0,-0.00018831367608094672
6163.0,-0.00018839806790761925
6164.0,-0.00018844804806768928
6165.0,-0.00018846363436540552
6166.0,-0.0001884448626836487
6167.0,-0.00018839178676440245
6168.0,-0.00018830447796020744
6169.0,-0.0001881830249574134
6170.0,-0.00018802753347213786
6171.0,-0.0001878381259199232
6172.0,-0.0001876149410601627
6173.0,-0.00018735813361644348
6174.0,-0.000187067873874033
6175.0,-0.00018674434725581088
6176.0,-0.00018638775387801857
6177.0,-0.00018599830808725985
6178.0,-0.00018557623798024054
6179.0,-0.00018512178490778062
6180.0,-0.00018463520296467097
6181.0,-0.00018411675846697695
6182.0,-0.00018356672941840916
6183.0,-0.0001829854049673917
6184.0,-0.00018237308485645823
6185.0,-0.00018173007886559966
6186.0,-0.0001810567062511746
6187.0,-0.0001803532951819775
6188.0,-0.00017962018217403916
6189.0,-0.00017885771152571417
6190.0,-0.00017806623475458903
6191.0,-0.00017724611003771935
6192.0,-0.00017639770165667483
6193.0,-0.00017552137944883275
6194.0,-0.00017461751826631475
6195.0,-0.00017368649744391336
6196.0,-0.00017272870027730292
6197.0,-0.00017174451351277743
6198.0,-0.00017073432684970157
6199.0,-0.00016969853245680022
6200.0,-0.00016863752450334415
6201.0,-0.0001675516987062135
6202.0,-0.00016644145189374085
6203.0,-0.00016530718158714745
6204.0,-0.00016414928560029509
6205.0,-0.0001629681616583829
6206.0,-0.0001617642070361223
6207.0,-0.0001605378182158306
6208.0,-0.0001592893905657928
6209.0,-0.00015801931803915352
6210.0,-0.00015672799289351752
6211.0,-0.00015541580543135616
6212.0,-0.00015408314376124028
6213.0,-0.00015273039357985042
6214.0,-0.00015135793797464698
6215.0,-0.00014996615724701765
6216.0,-0.00014855542875565213
6217.0,-0.00014712612677982609
6218.0,-0.00014567862240221077
6219.0,-0.0001442132834107638
6220.0,-0.00014273047421920225
6221.0,-0.00014123055580550947
6222.0,-0.00013971388566788343
6223.0,-0.0001381808177974935
6224.0,-0.00013663170266737813
6225.0,-0.00013506688723678088
6226.0,-0.00013348671497018767
6227.0,-0.0001318915258702901
6228.0,-0.00013028165652405842
6229.0,-0.00012865744016106828
6230.0,-0.00012701920672318937
6231.0,-0.00012536728294471451
6232.0,-0.00012370199244198936
6233.0,-0.00012202365581159108
6234.0,-0.00012033259073610573
6235.0,-0.00011862911209656381
6236.0,-0.00011691353209061495
6237.0,-0.00011518616035554971
6238.0,-0.00011344730409530272
6239.0,-0.00011169726821059861
6240.0,-0.00010993635543142141
6241.0,-0.00010816486645100879
6242.0,-0.00010638310006059002
6243.0,-0.0001045913532841074
6244.0,-0.00010278992151218672
6245.0,-0.00010097909863465098
6246.0,-9.915917717090921e-05
6247.0,-9.733044839759258e-05
6248.0,-9.549320247285458e-05
6249.0,-9.364772855679398e-05
6250.0,-9.17943149274978e-05
6251.0,-8.99332490922349e-05
6252.0,-8.806481789336002e-05
6253.0,-8.618930760851623e-05
6254.0,-8.43070040447511e-05
6255.0,-8.241819262619085e-05
6256.0,-8.052315847494882e-05
6257.0,-7.862218648497938e-05
6258.0,-7.671556138862877e-05
6259.0,-7.480356781567586e-05
6260.0,-7.288649034469809e-05
6261.0,-7.09646135466375e-05
6262.0,-6.903822202047603e-05
6263.0,-6.71076004209595e-05
6264.0,-6.517303347833835e-05
6265.0,-6.323480601012085e-05
6266.0,-6.129320292486403e-05
6267.0,-5.9348509218061274e-05
6268.0,-5.740100996022308e-05
6269.0,-5.545099027728841e-05
6270.0,-5.349873532354856e-05
6271.0,-5.154453024730802e-05
6272.0,-4.958866014954431e-05
6273.0,-4.7631410035858123e-05
6274.0,-4.567306476202491e-05
6275.0,-4.371390897347095e-05
6276.0,-4.175422703900215e-05
6277.0,-3.979430297911386e-05
6278.0,-3.7834420389208705e-05
6279.0,-3.587486235804706e-05
6280.0,-3.391591138175369e-05
6281.0,-3.1957849273704184e-05
6282.0,-3.0000957070614e-05
6283.0,-2.8045514935153972e-05
6284.0,-2.6091802055412406e-05
6285.0,-2.414009654152095e-05
6286.0,-2.2190675319754493e-05
6287.0,-2.0243814024409188e-05
6288.0,-1.8299786887758385e-05
6289.0,-1.6358866628382563e-05
6290.0,-1.4421324338166868e-05
6291.0,-1.2487429368254876e-05
6292.0,-1.0557449214241394e-05
6293.0,-8.631649400879011e-06
6294.0,-6.710293366565885e-06
6295.0,-4.793642347872097e-06
6296.0,-2.881955264352973e-06
6297.0,-9.75488603883749e-07
6298.0,9.255036912634711e-07
6299.0,2.82077033739285e-06
6300.0,4.710062821212141e-06
6301.0,6.5931355103270495e-06
6302.0,8.469745762222338e-06
6303.0,1.0339654031555365e-05
6304.0,1.2202623975592457e-05
6305.0,1.4058422557621956e-05
6306.0,1.5906820148180685e-05
6307.0,1.774759062393136e-05
6308.0,1.9580511464028057e-05
6309.0,2.1405363843805225e-05
6310.0,2.3221932725619878e-05
6311.0,2.5030006946669716e-05
6312.0,2.682937930360137e-05
6313.0,2.8619846633716243e-05
6314.0,3.0401209892580925e-05
6315.0,3.217327422785405e-05
6316.0,3.393584904915021e-05
6317.0,3.568874809377251e-05
6318.0,3.7431789488158335e-05
6319.0,3.916479580489159e-05
6320.0,4.0887594115143885e-05
6321.0,4.2600016036408304e-05
6322.0,4.4301897775388565e-05
6323.0,4.599308016590062e-05
6324.0,4.767340870163834e-05
6325.0,4.934273356365531e-05
6326.0,5.1000909642421486e-05
6327.0,5.2647796554330456e-05
6328.0,5.428325865255947e-05
6329.0,5.590716503221781e-05
6330.0,5.751938952975677e-05
6331.0,5.911981071665131e-05
6332.0,6.070831188739352e-05
6333.0,6.228478104185707e-05
6334.0,6.384911086210211e-05
6335.0,6.540119868369322e-05
6336.0,6.69409464616044e-05
6337.0,6.846826073078657e-05
6338.0,6.998305256147703e-05
6339.0,7.148523750933727e-05
6340.0,7.297473556051789e-05
6341.0,7.445147107176319e-05
6342.0,7.591537270568415e-05
6343.0,7.73663733613436e-05
6344.0,7.880441010031013e-05
6345.0,8.022942406834604e-05
6346.0,8.164136041290084e-05
6347.0,8.304016819658527e-05
6348.0,8.442580030680506e-05
6349.0,8.579821336173798e-05
6350.0,8.715736761284204e-05
6351.0,8.850322684408478e-05
6352.0,8.98357582680856e-05
6353.0,9.115493241936274e-05
6354.0,9.246072304487496e-05
6355.0,9.375310699204571e-05
6356.0,9.503206409446001e-05
6357.0,9.629757705542995e-05
6358.0,9.754963132963798e-05
6359.0,9.878821500308167e-05
6360.0,0.00010001331867156066
6361.0,0.0001012249353179596
6362.0,0.00010242306018858711
6363.0,0.00010360769066883018
6364.0,0.00010477882615837642
6365.0,0.00010593646794624803
6366.0,0.0001070806190858847
6367.0,0.0001082112842705063
6368.0,0.00010932846970898515
6369.0,0.00011043218300245778
6370.0,0.00011152243302190938
6371.0,0.00011259922978696426
6372.0,0.00011366258434611465
6373.0,0.00011471250865861375
6374.0,0.00011574901547824815
6375.0,0.0001167721182391922
6376.0,0.00011778183094413151
6377.0,0.0001187781680548309
6378.0,0.00011976114438531538
6379.0,0.00012073077499783375
6380.0,0.00012168707510177784
6381.0,0.00012263005995573779
6382.0,0.000123559744772876
6383.0,0.00012447614462980202
6384.0,0.0001253792743791224
6385.0,0.00012626914856582705
6386.0,0.00012714578134765628
6387.0,0.00012800918641957563
6388.0,0.0001288593769424711
6389.0,0.00012969636547616675
6390.0,0.00013052016391686114
6391.0,0.00013133078343907433
6392.0,0.00013212823444219148
6393.0,0.000132912526501681
6394.0,0.00013368366832505196
6395.0,0.00013444166771260145
6396.0,0.00013518653152298462
6397.0,0.00013591826564362462
6398.0,0.0001366368749659623
6399.0,0.0001373423633655335
6400.0,0.0001380347336868547
6401.0,0.00013871398773309388
6402.0,0.00013938012626050486
6403.0,0.00014003314897760368
6404.0,0.00014067305454906634
6405.0,0.00014129984060432058
6406.0,0.00014191350375079433
6407.0,0.00014251403959176555
6408.0,0.00014310144274873817
6409.0,0.00014367570688824776
6410.0,0.00014423682475298043
6411.0,0.0001447847881970736
6412.0,0.00014531958822544975
6413.0,0.00014584121503702022
6414.0,0.0001463496580715765
6415.0,0.00014684490606016887
6416.0,0.00014732694707875288
6417.0,0.00014779576860486909
6418.0,0.00014825135757710932
6419.0,0.00014869370045711766
6420.0,0.0001491227832938732
6421.0,0.00014953859179000811
6422.0,0.0001499411113699248
6423.0,0.0001503303272494881
6424.0,0.00015070622450708365
6425.0,0.00015106878815584278
6426.0,0.0001514180032168427
6427.0,0.0001517538547930931
6428.0,0.00015207632814411755
6429.0,0.0001523854087609344
6430.0,0.0001526810824412325
6431.0,0.0001529633353645302
6432.0,0.00015323215416709662
6433.0,0.00015348752601640698
6434.0,0.0001537294386848978
6435.0,0.00015395788062278208
6436.0,0.00015417284102968153
6437.0,0.0001543743099248335
6438.0,0.00015456227821563167
6439.0,0.00015473673776426823
6440.0,0.0001548976814522567
6441.0,0.00015504510324262986
6442.0,0.00015517899823962465
6443.0,0.00015529936274568407
6444.0,0.00015540619431562302
6445.0,0.0001554994918078204
6446.0,0.00015557925543231067
6447.0,0.00015564548679565776
6448.0,0.00015569818894249908
6449.0,0.00015573736639365292
6450.0,0.00015576302518068605
6451.0,0.00015577517287684506
6452.0,0.00015577381862426272
6453.0,0.0001557589731573605
6454.0,0.00015573064882238154
6455.0,0.00015568885959299955
6456.0,0.00015563362108196515
6457.0,0.00015556495054876558
6458.0,0.00015548286690329047
6459.0,0.00015538739070551402
6460.0,0.00015527854416122415
6461.0,0.00015515635111384933
6462.0,0.00015502083703245712
6463.0,0.00015487202899602104
6464.0,0.00015470995567407443
6465.0,0.00015453464730388915
6466.0,0.00015434613566433282
6467.0,0.00015414445404657014
6468.0,0.0001539296372217797
6469.0,0.0001537017214060623
6470.0,0.00015346074422271688
6471.0,0.00015320674466205833
6472.0,0.00015293976303894956
6473.0,0.00015265984094821875
6474.0,0.00015236702121813005
6475.0,0.0001520613478620764
6476.0,0.00015174286602866042
6477.0,0.00015141162195032645
6478.0,0.00015106766289070403
6479.0,0.0001507110370908199
6480.0,0.0001503417937143366
6481.0,0.00014995998279197683
6482.0,0.00014956565516529804
6483.0,0.00014915886242998605
6484.0,0.00014873965687884293
6485.0,0.00014830809144464544
6486.0,0.000147864219643052
6487.0,0.00014740809551573217
6488.0,0.00014693977357388692
6489.0,0.00014645930874232
6490.0,0.00014596675630421089
6491.0,0.0001454621718467282
6492.0,0.00014494561120761192
6493.0,0.00014441713042283972
6494.0,0.00014387678567548287
6495.0,0.0001433246332458451
6496.0,0.00014276072946297025
6497.0,0.00014218513065759257
6498.0,0.0001415978931165957
6499.0,0.00014099907303903537
6500.0,0.00014038872649377353
6501.0,0.00013976690937876472
6502.0,0.0001391336773820337
6503.0,0.0001384890859443833
6504.0,0.0001378331902238725
6505.0,0.00013716604506210656
6506.0,0.00013648770495238013
6507.0,0.00013579822400971254
6508.0,0.00013509765594280966
6509.0,0.00013438605402798078
6510.0,0.00013366347108503037
6511.0,0.00013292995945513535
6512.0,0.00013218557098070954
6513.0,0.00013143035698724863
6514.0,0.00013066436826714248
6515.0,0.00012988765506543625
6516.0,0.00012910026706751848
6517.0,0.00012830225338871263
6518.0,0.00012749366256574625
6519.0,0.0001266745425500741
6520.0,0.00012584494070303008
6521.0,0.00012500490379278612
6522.0,0.00012415447799310155
6523.0,0.0001232937088838506
6524.0,0.00012242264145332596
6525.0,0.00012154132010232383
6526.0,0.00012064978865002609
6527.0,0.00011974809034170285
6528.0,0.00011883626785826364
6529.0,0.00011791436332768698
6530.0,0.0001169824183383553
6531.0,0.00011604047395431776
6532.0,0.00011508857073249514
6533.0,0.00011412674874183313
6534.0,0.00011315504758439952
6535.0,0.00011217350641841087
6536.0,0.0001111821639831628
6537.0,0.0001101810586258269
6538.0,0.00010917022833006315
6539.0,0.00010814971074638413
6540.0,0.00010711954322419158
6541.0,0.00010607976284539029
6542.0,0.00010503040645946914
6543.0,0.00010397151071992566
6544.0,0.00010290311212190005
6545.0,0.00010182524704087638
6546.0,0.00010073795177230464
6547.0,9.964126257199203e-05
6548.0,9.853521569710927e-05
6549.0,9.741984744765275e-05
6550.0,9.629519420819737e-05
6551.0,9.51612924897677e-05
6552.0,9.401817897164502e-05
6553.0,9.286589054292071e-05
6554.0,9.170446434359804e-05
6555.0,9.053393780503943e-05
6556.0,8.93543486895527e-05
6557.0,8.81657351289077e-05
6558.0,8.696813566157419e-05
6559.0,8.576158926847139e-05
6560.0,8.454613540702216e-05
6561.0,8.33218140433068e-05
6562.0,8.20886656821178e-05
6563.0,8.084673139472205e-05
6564.0,7.959605284414756e-05
6565.0,7.833667230782374e-05
6566.0,7.706863269742069e-05
6567.0,7.579197757575001e-05
6568.0,7.450675117061077e-05
6569.0,7.321299838548396e-05
6570.0,7.191076480699942e-05
6571.0,7.060009670911792e-05
6572.0,6.928104105398855e-05
6573.0,6.79536454894584e-05
6574.0,6.661795834322817e-05
6575.0,6.52740286136645e-05
6576.0,6.392190595729842e-05
6577.0,6.256164067305862e-05
6578.0,6.119328368330918e-05
6579.0,5.981688651178408e-05
6580.0,5.8432501258531114e-05
6581.0,5.704018057200094e-05
6582.0,5.563997761843557e-05
6583.0,5.423194604873129e-05
6584.0,5.2816139962969725e-05
6585.0,5.139261387282993e-05
6586.0,4.996142266211491e-05
6587.0,4.852262154564493e-05
6588.0,4.7076266026790936e-05
6589.0,4.562241185393856e-05
6590.0,4.416111497619069e-05
6591.0,4.2692431498628173e-05
6592.0,4.121641763745926e-05
6593.0,3.9733129675394616e-05
6594.0,3.8242623917588036e-05
6595.0,3.674495664848528e-05
6596.0,3.5240184089924356e-05
6597.0,3.3728362360831675e-05
6598.0,3.220954743885818e-05
6599.0,3.0683795124299035e-05
6600.0,2.9151161006639098e-05
6601.0,2.7611700434062913e-05
6602.0,2.6065468486263633e-05
6603.0,2.4512519950878236e-05
6604.0,2.295290930386943e-05
6605.0,2.1386690694166467e-05
6606.0,1.9813917932869264e-05
6607.0,1.8234644487312465e-05
6608.0,1.6648923480277743e-05
6609.0,1.5056807694634441e-05
6610.0,1.3458349583679081e-05
6611.0,1.1853601287432208e-05
6612.0,1.0242614655136943e-05
6613.0,8.625441274187132e-06
6614.0,7.0021325056924654e-06
6615.0,5.372739526865718e-06
6616.0,3.7373133803941664e-06
6617.0,2.0959050309319374e-06
6618.0,4.4856542882605425e-07
6619.0,-1.2046544188343259e-06
6620.0,-2.8637033697810347e-06
6621.0,-4.5285300607037795e-06
6622.0,-6.199082813949491e-06
6623.0,-7.875309536801594e-06
6624.0,-9.557157613385888e-06
6625.0,-1.1244573789280002e-05
6626.0,-1.2937504048931827e-05
6627.0,-1.4635893486021333e-05
6628.0,-1.63396861669252e-05
6629.0,-1.8048824987467298e-05
6630.0,-1.976325152315783e-05
6631.0,-2.1482905873142756e-05
6632.0,-2.32077264981027e-05
6633.0,-2.493765005235787e-05
6634.0,-2.6672611210453064e-05
6635.0,-2.8412542488515357e-05
6636.0,-3.015737406069476e-05
6637.0,-3.1907033571015655e-05
6638.0,-3.366144594098288e-05
6639.0,-3.542053317330124e-05
6640.0,-3.718421415208001e-05
6641.0,-3.8952404439904204e-05
6642.0,-4.0725016072162705e-05
6643.0,-4.250195734903109e-05
6644.0,-4.4283132625512206e-05
6645.0,-4.6068442099943426e-05
6646.0,-4.785778160138258e-05
6647.0,-4.96510423762856e-05
6648.0,-5.144811087488939e-05
6649.0,-5.3248868537711955e-05
6650.0,-5.505319158258111e-05
6651.0,-5.686095079260116e-05
6652.0,-5.867201130546612e-05
6653.0,-6.048623240453044e-05
6654.0,-6.230346731205073e-05
6655.0,-6.412356298501921e-05
6656.0,-6.594635991401798e-05
6657.0,-6.777169192553217e-05
6658.0,-6.9599385988169e-05
6659.0,-7.142926202323797e-05
6660.0,-7.326113272015438e-05
6661.0,-7.50948033571367e-05
6662.0,-7.69300716276768e-05
6663.0,-7.87667274732728e-05
6664.0,-8.060455292292482e-05
6665.0,-8.244332193990728e-05
6666.0,-8.428280027634343e-05
6667.0,-8.612274533611918e-05
6668.0,-8.796290604668002e-05
6669.0,-8.98030227402574e-05
6670.0,-9.164282704506592e-05
6671.0,-9.34820417870023e-05
6672.0,-9.532038090236385e-05
6673.0,-9.715754936208866e-05
6674.0,-9.899324310800464e-05
6675.0,-0.00010082714900155998
6676.0,-0.0001026589447854927
6677.0,-0.00010448829905888302
6678.0,-0.00010631487126601696
6679.0,-0.00010813831169947331
6680.0,-0.00010995826151782793
6681.0,-0.0001117743527783469
6682.0,-0.00011358620848501485
6683.0,-0.00011539344265221788
6684.0,-0.00011719566038437225
6685.0,-0.00011899245797176316
6686.0,-0.00012078342300283384
6687.0,-0.00012256813449314151
6688.0,-0.0001243461630311751
6689.0,-0.0001261170709412034
6690.0,-0.00012788041246329505
6691.0,-0.00012963573395061704
6692.0,-0.00013138257408408166
6693.0,-0.0001331204641043698
6694.0,-0.000134848928061316
6695.0,-0.00013656748308059433
6696.0,-0.00013827563964759776
6697.0,-0.00013997290190835655
6698.0,-0.00014165876798729492
6699.0,-0.00014333273032157947
6700.0,-0.0001449942760117709
6701.0,-0.0001466428871884451
6702.0,-0.00014827804139440774
6703.0,-0.00014989921198208062
6704.0,-0.00015150586852559258
6705.0,-0.00015309747724706103
6706.0,-0.0001546735014565028
6707.0,-0.00015623340200476656
6708.0,-0.0001577766377488353
6709.0,-0.0001593026660288082
6710.0,-0.0001608109431558341
6711.0,-0.00016230092491023443
6712.0,-0.0001637720670490185
6713.0,-0.00016522382582196104
6714.0,-0.0001666556584953784
6715.0,-0.0001680670238827085
6716.0,-0.00016945738288096668
6717.0,-0.000170826199012118
6718.0,-0.00017217293896837455
6719.0,-0.0001734970731603989
6720.0,-0.0001747980762673707
6721.0,-0.00017607542778785417
6722.0,-0.00017732861259038972
6723.0,-0.00017855712146272077
6724.0,-0.00017976045165856285
6725.0,-0.00018093810744081792
6726.0,-0.00018208960062013888
6727.0,-0.0001832144510877502
6728.0,-0.00018431218734143404
6729.0,-0.00018538234700359504
6730.0,-0.00018642447733032452
6731.0,-0.00018743813571039684
6732.0,-0.00018842289015314845
6733.0,-0.00018937831976421289
6734.0,-0.00019030401520811013
6735.0,-0.0001911995791567165
6736.0,-0.00019206462672266808
6737.0,-0.0001928987858767792
6738.0,-0.00019370169784858738
6739.0,-0.00019447301750916905
6740.0,-0.00019521241373540753
6741.0,-0.00019591956975493504
6742.0,-0.00019659418347101366
6743.0,-0.00019723596776666474
6744.0,-0.0001978446507874048
6745.0,-0.00019841997620199543
6746.0,-0.00019896170344066915
6747.0,-0.00019946960791035026
6748.0,-0.0001999434811864464
6749.0,-0.00020038313118084507
6750.0,-0.0002007883822858049
6751.0,-0.00020115907549348897
6752.0,-0.0002014950684909456
6753.0,-0.0002017962357304041
6754.0,-0.00020206246847481767
6755.0,-0.00020229367481865198
6756.0,-0.00020248977968398657
6757.0,-0.00020265072479206617
6758.0,-0.0002027764686105084
6759.0,-0.00020286698627644613
6760.0,-0.00020292226949595143
6761.0,-0.000202942326420153
6762.0,-0.00020292718149852383
6763.0,-0.00020287687530987918
6764.0,-0.00020279146437168958
6765.0,-0.00020267102092837906
6766.0,-0.00020251563271934332
6767.0,-0.00020232540272748444
6768.0,-0.000202100448909117
6769.0,-0.00020184090390615463
6770.0,-0.00020154691474154096
6771.0,-0.00020121864249893537
6772.0,-0.00020085626198771024
6773.0,-0.00020045996139435096
6774.0,-0.00020002994192138231
6775.0,-0.00019956641741496802
6776.0,-0.00019906961398235187
6777.0,-0.00019853976960032733
6778.0,-0.0001979771337159334
6779.0,-0.0001973819668405825
6780.0,-0.00019675454013882477
6781.0,-0.0001960951350129464
6782.0,-0.00019540404268458632
6783.0,-0.00019468156377453637
6784.0,-0.0001939280078818638
6785.0,-0.0001931436931634607
6786.0,-0.00019232894591508527
6787.0,-0.00019148410015491595
6788.0,-0.00019060949721058944
6789.0,-0.00018970548531064456
6790.0,-0.00018877241918123896
6791.0,-0.00018781065964894875
6792.0,-0.00018682057325040318
6793.0,-0.000185802531849446
6794.0,-0.00018475691226245677
6795.0,-0.00018368409589240658
6796.0,-0.00018258446837216298
6797.0,-0.0001814584192175008
6798.0,-0.00018030634149021542
6799.0,-0.00017912863147167852
6800.0,-0.00017792568834712144
6801.0,-0.0001766979139008793
6802.0,-0.00017544571222277987
6803.0,-0.00017416948942581108
6804.0,-0.00017286965337515427
6805.0,-0.0001715466134286206
6806.0,-0.00017020078018847845
6807.0,-0.00016883256526460902
6808.0,-0.00016744238104887487
6809.0,-0.00016603064050053662
6810.0,-0.00016459775694250477
6811.0,-0.0001631441438681714
6812.0,-0.00016167021475852765
6813.0,-0.00016017638290923784
6814.0,-0.00015866306126731562
6815.0,-0.0001571306622770217
6816.0,-0.0001555795977345876
6817.0,-0.00015401027865135516
6818.0,-0.00015242311512490828
6819.0,-0.00015081851621776566
6820.0,-0.00014919688984319147
6821.0,-0.0001475586426576784
6822.0,-0.00014590417995965227
6823.0,-0.00014423390559394967
6824.0,-0.00014254822186162374
6825.0,-0.00014084752943463864
6826.0,-0.0001391322272750239
6827.0,-0.0001374027125580724
6828.0,-0.00013565938059918004
6829.0,-0.00013390262478393965
6830.0,-0.00013213283650111287
6831.0,-0.00013035040507811496
6832.0,-0.00012855571771865507
6833.0,-0.0001267491594421843
6834.0,-0.00012493111302481558
6835.0,-0.00012310195894139122
6836.0,-0.00012126207530839004
6837.0,-0.00011941183782738517
6838.0,-0.00011755161972878863
6839.0,-0.0001156817917156476
6840.0,-0.00011380272190729179
6841.0,-0.0001119147757826675
6842.0,-0.0001100183161232284
6843.0,-0.00010811370295528658
6844.0,-0.00010620129349175868
6845.0,-0.00010428144207327119
6846.0,-0.00010235450010861693
6847.0,-0.00010042081601458235
6848.0,-9.84807351551906e-05
6849.0,-9.653459978043122e-05
6850.0,-9.458274896457227e-05
6851.0,-9.262551854417593e-05
6852.0,-9.06632410559627e-05
6853.0,-8.869624567469221e-05
6854.0,-8.672485815124916e-05
6855.0,-8.474940075114025e-05
6856.0,-8.277019219362275e-05
6857.0,-8.078754759169529e-05
6858.0,-7.880177839318942e-05
6859.0,-7.681319232320379e-05
6860.0,-7.48220933281265e-05
6861.0,-7.282878152149383e-05
6862.0,-7.083355313193712e-05
6863.0,-6.88367004534732e-05
6864.0,-6.683851179839663e-05
6865.0,-6.48392714530317e-05
6866.0,-6.283925963659925e-05
6867.0,-6.083875246344683e-05
6868.0,-5.883802190888136e-05
6869.0,-5.683733577883068e-05
6870.0,-5.483695768354629e-05
6871.0,-5.283714701554413e-05
6872.0,-5.0838158931966454e-05
6873.0,-4.884024434153454e-05
6874.0,-4.684364989625126e-05
6875.0,-4.484861798800113e-05
6876.0,-4.2855386750180664e-05
6877.0,-4.086419006447289e-05
6878.0,-3.8875257572857096e-05
6879.0,-3.688881469491703e-05
6880.0,-3.4905082650479226e-05
6881.0,-3.2924278487578875e-05
6882.0,-3.0946615115714235e-05
6883.0,-2.8972301344315027e-05
6884.0,-2.700154192631778e-05
6885.0,-2.503453760671173e-05
6886.0,-2.307148517589452e-05
6887.0,-2.1112577527655687e-05
6888.0,-1.915800372158552e-05
6889.0,-1.7207949049692037e-05
6890.0,-1.5262595106993934e-05
6891.0,-1.3322119865847627e-05
6892.0,-1.1386697753758813e-05
6893.0,-9.456499734426528e-06
6894.0,-7.53169339176777e-06
6895.0,-5.612443016673354e-06
6896.0,-3.6989096962472903e-06
6897.0,-1.7912514052823854e-06
6898.0,1.1037690028124574e-07
6899.0,2.005823188178015e-06
6900.0,3.894938253198456e-06
6901.0,5.777575619428854e-06
6902.0,7.653591441667901e-06
6903.0,9.522844406357155e-06
6904.0,1.1385195632376564e-05
6905.0,1.3240508572064726e-05
6906.0,1.5088648912823393e-05
6907.0,1.6929484479660573e-05
6908.0,1.8762885139016127e-05
6909.0,2.0588722704200467e-05
6910.0,2.2406870842762595e-05
6911.0,2.4217204986089533e-05
6912.0,2.6019602241522503e-05
6913.0,2.781394130725751e-05
6914.0,2.9600102390275838e-05
6915.0,3.137796712752544e-05
6916.0,3.3147418510546395e-05
6917.0,3.4908340813705e-05
6918.0,3.666061952617303e-05
6919.0,3.8404141287764766e-05
6920.0,4.0138793828724625e-05
6921.0,4.1864465913544525e-05
6922.0,4.3581047288881356e-05
6923.0,4.528842863563907e-05
6924.0,4.6986501525276096e-05
6925.0,4.867515838039273e-05
6926.0,5.0354292439644135e-05
6927.0,5.202379772701315e-05
6928.0,5.368356902546147e-05
6929.0,5.533350185496103e-05
6930.0,5.6973492454891344e-05
6931.0,5.860343777077241e-05
6932.0,6.022323544529054e-05
6933.0,6.1832783813563e-05
6934.0,6.343198190257845e-05
6935.0,6.502072943473906e-05
6936.0,6.659892683541843e-05
6937.0,6.816647524443306e-05
6938.0,6.972327653130744e-05
6939.0,7.126923331419343e-05
6940.0,7.280424898228557e-05
6941.0,7.432822772155832e-05
6942.0,7.584107454363856e-05
6943.0,7.73426953176186e-05
6944.0,7.883299680460989e-05
6945.0,8.031188669483761e-05
6946.0,8.177927364707728e-05
6947.0,8.323506733023716e-05
6948.0,8.467917846689405e-05
6949.0,8.611151887859142e-05
6950.0,8.753200153270968e-05
6951.0,8.894054059071733e-05
6952.0,9.033705145761017e-05
6953.0,9.17214508323407e-05
6954.0,9.309365675903444e-05
6955.0,9.445358867878142e-05
6956.0,9.580116748178048e-05
6957.0,9.713631555960156e-05
6958.0,9.845895685731543e-05
6959.0,9.976901692522617e-05
6960.0,0.00010106642296992758
6961.0,0.00010235110390439329
6962.0,0.00010362299039680476
6963.0,0.0001048820149178199
6964.0,0.00010612811178598998
6965.0,0.00010736121721104462
6966.0,0.00010858126933478304
6967.0,0.00010978820826933673
6968.0,0.00011098197613260133
6969.0,0.00011216251708067559
6970.0,0.0001133297773371846
6971.0,0.0001144837052194048
6972.0,0.00011562425116113932
6973.0,0.00011675136773231742
6974.0,0.00011786500965530607
6975.0,0.00011896513381792374
6976.0,0.00012005169928313902
6977.0,0.00012112466729542417
6978.0,0.00012218400128372379
6979.0,0.00012322966686099558
6980.0,0.00012426163182028548
6981.0,0.00012527986612731392
6982.0,0.00012628434190956855
6983.0,0.0001272750334419183
6984.0,0.00012825191712877875
6985.0,0.00012921497148286683
6986.0,0.00013016417710058845
6987.0,0.00013109951663410274
6988.0,0.00013202097476011217
6989.0,0.00013292853814543995
6990.0,0.0001338221954094803
6991.0,0.00013470193708364363
6992.0,0.00013556775556796208
6993.0,0.00013641964508506486
6994.0,0.0001372576016317663
6995.0,0.00013808162292852733
6996.0,0.00013889170836704943
6997.0,0.00013968785895624144
6998.0,0.0001404700772667652
6999.0,0.0001412383673743258
7000.0,0.0001419927348018336
7001.0,0.00014273318646054034
7002.0,0.00014345973059024149
7003.0,0.0001441723766986443
7004.0,0.0001448711355000158
7005.0,0.00014555601885323774
7006.0,0.0001462270396994047
7007.0,0.0001468842119991003
7008.0,0.00014752755066948283
7009.0,0.00014815707152130792
7010.0,0.00014877279119601892
7011.0,0.0001493747271030483
7012.0,0.00014996289735749667
7013.0,0.00015053732071838386
7014.0,0.00015109801652769846
7015.0,0.0001516450046504947
7016.0,0.00015217830541629885
7017.0,0.00015269793956208325
7018.0,0.00015320392817704545
7019.0,0.00015369629264939564
7020.0,0.00015417505461531097
7021.0,0.00015464023591017074
7022.0,0.00015509185852214804
7023.0,0.00015552994454820588
7024.0,0.0001559545161525308
7025.0,0.00015636559552743054
7026.0,0.00015676320485671943
7027.0,0.00015714736628161014
7028.0,0.00015751810186912486
7029.0,0.00015787543358303013
7030.0,0.0001582193832572937
7031.0,0.00015854997257206034
7032.0,0.00015886722303214704
7033.0,0.00015917115594806886
7034.0,0.0001594617924196181
7035.0,0.00015973915332203128
7036.0,0.00016000325929478373
7037.0,0.00016025413073305072
7038.0,0.00016049178778186144
7039.0,0.00016071625033295097
7040.0,0.000160927538024285
7041.0,0.00016112567024219825
7042.0,0.0001613106661260526
7043.0,0.00016148254457529356
7044.0,0.00016164132425876125
7045.0,0.00016178702362610095
7046.0,0.00016191966092111184
7047.0,0.00016203925419686955
7048.0,0.00016214582133245532
7049.0,0.00016223938005112203
7050.0,0.00016231994793972386
7051.0,0.00016238754246923544
7052.0,0.00016244218101619067
7053.0,0.000162483880884879
7054.0,0.00016251265933015218
7055.0,0.00016252853358071057
7056.0,0.0001625315208627551
7057.0,0.00016252163842390396
7058.0,0.0001624989035572818
7059.0,0.00016246333362569308
7060.0,0.0001624149460857869
7061.0,0.0001623537585121144
7062.0,0.0001622797886209675
7063.0,0.00016219305429387808
7064.0,0.0001620935736006468
7065.0,0.00016198136482176663
7066.0,0.00016185644647010686
7067.0,0.0001617188373117262
7068.0,0.00016156855638569
7069.0,0.00016140562302277236
7070.0,0.00016123005686293184
7071.0,0.0001610418778714575
7072.0,0.00016084110635369479
7073.0,0.00016062776296827395
7074.0,0.00016040186873878237
7075.0,0.00016016344506384142
7076.0,0.0001599125137255693
7077.0,0.00015964909689643048
7078.0,0.00015937321714448786
7079.0,0.00015908489743708432
7080.0,0.00015878416114298622
7081.0,0.0001584710320330221
7082.0,0.00015814553427924587
7083.0,0.00015780769245264827
7084.0,0.0001574575315194343
7085.0,0.0001570950768358786
7086.0,0.00015672035414177258
7087.0,0.00015633338955247945
7088.0,0.00015593420954962216
7089.0,0.00015552284097043829
7090.0,0.00015509931099584308
7091.0,0.00015466364713725324
7092.0,0.00015421587722223225
7093.0,0.00015375602937902982
7094.0,0.00015328413202010237
7095.0,0.00015280021382471366
7096.0,0.00015230430372072926
7097.0,0.0001517964308657292
7098.0,0.0001512766246275742
7099.0,0.00015074491456456578
7100.0,0.00015020133040534537
7101.0,0.00014964590202867485
7102.0,0.00014907865944323697
7103.0,0.0001484996327675851
7104.0,0.0001479088522103644
7105.0,0.00014730634805091642
7106.0,0.00014669215062037123
7107.0,0.00014606629028332467
7108.0,0.0001454287974201926
7109.0,0.0001447797024103301
7110.0,0.00014411903561600147
7111.0,0.00014344682736728672
7112.0,0.0001427631079480107
7113.0,0.0001420679075827827
7114.0,0.0001413612564252364
7115.0,0.00014064318454756245
7116.0,0.00013991372193143003
7117.0,0.00013917289846039654
7118.0,0.00013842074391390492
7119.0,0.00013765728796296604
7120.0,0.00013688256016761743
7121.0,0.0001360965899762396
7122.0,0.00013529940672679785
7123.0,0.000134491039650063
7124.0,0.00013367151787484595
7125.0,0.00013284087043526484
7126.0,0.0001319991262800443
7127.0,0.00013114631428382965
7128.0,0.0001302824632604813
7129.0,0.00012940760197830068
7130.0,0.00012852175917712732
7131.0,0.0001276249635872353
7132.0,0.00012671724394995045
7133.0,0.00012579862903990422
7134.0,0.0001248691476888364
7135.0,0.00012392882881085793
7136.0,0.0001229777014290871
7137.0,0.00012201579470357235
7138.0,0.0001210431379604167
7139.0,0.00012005976072201846
7140.0,0.00011906569273833867
7141.0,0.00011806096401910085
7142.0,0.0001170456048668186
7143.0,0.00011601964591053627
7144.0,0.00011498311814015552
7145.0,0.00011393605294120794
7146.0,0.00011287848212992356
7147.0,0.00011181043798843393
7148.0,0.00011073195329994043
7149.0,0.00010964306138366956
7150.0,0.00010854379612943139
7151.0,0.00010743419203159256
7152.0,0.00010631428422227362
7153.0,0.00010518410850358199
7154.0,0.0001040437013786982
7155.0,0.0001028931000816427
7156.0,0.00010173234260556418
7157.0,0.00010056146772940682
7158.0,9.938051504282993e-05
7159.0,9.818952496927033e-05
7160.0,9.698853878705315e-05
7161.0,9.57775986484695e-05
7162.0,9.455674759675132e-05
7163.0,9.33260295808818e-05
7164.0,9.208548946818847e-05
7165.0,9.083517305467234e-05
7166.0,8.957512707303494e-05
7167.0,8.83053991983723e-05
7168.0,8.70260380515128e-05
7169.0,8.573709319998337e-05
7170.0,8.443861515659651e-05
7171.0,8.313065537565538e-05
7172.0,8.181326624678117e-05
7173.0,8.048650108637202e-05
7174.0,7.91504141267103e-05
7175.0,7.780506050274296e-05
7176.0,7.645049623657252e-05
7177.0,7.508677821970917e-05
7178.0,7.371396419315233e-05
7179.0,7.233211272538729e-05
7180.0,7.094128318840056e-05
7181.0,6.954153573183298e-05
7182.0,6.813293125540418e-05
7183.0,6.671553137975259e-05
7184.0,6.528939841584573e-05
7185.0,6.385459533312248e-05
7186.0,6.241118572653655e-05
7187.0,6.095923378267674e-05
7188.0,5.94988042451469e-05
7189.0,5.802996237939484e-05
7190.0,5.655277393718685e-05
7191.0,5.506730512093013e-05
7192.0,5.357362254805022e-05
7193.0,5.207179321563499e-05
7194.0,5.05618844655593e-05
7195.0,4.904396395030724e-05
7196.0,4.751809959971045e-05
7197.0,4.598435958882471e-05
7198.0,4.4442812307171254e-05
7199.0,4.289352632957435e-05
7200.0,4.133657038883314e-05
7201.0,3.977201335047093e-05
7202.0,3.819992418981085e-05
7203.0,3.662037197162917e-05
7204.0,3.503342583263845e-05
7205.0,3.3439154967051835e-05
7206.0,3.183762861547525e-05
7207.0,3.022891605737035e-05
7208.0,2.8613086607325104e-05
7209.0,2.6990209615363652e-05
7210.0,2.5360354471520307e-05
7211.0,2.3723590614896037e-05
7212.0,2.2079987547405982e-05
7213.0,2.0429614852414483e-05
7214.0,1.877254221843923e-05
7215.0,1.710883946808936e-05
7216.0,1.5438576592382357e-05
7217.0,1.3761823790564727e-05
7218.0,1.2078651515540345e-05
7219.0,1.0389130524990622e-05
7220.0,8.69333193825052e-06
7221.0,6.9913272989867426e-06
7222.0,5.283188643706406e-06
7223.0,3.568988576105515e-06
7224.0,1.8488003472475416e-06
7225.0,1.226979415394657e-07
7226.0,-1.6092438315500751e-06
7227.0,-3.346949240112435e-06
7228.0,-5.0903415268681e-06
7229.0,-6.83934280081707e-06
7230.0,-8.59387392363101e-06
7231.0,-1.0353854390972651e-05
7232.0,-1.2119202208950976e-05
7233.0,-1.3889833765944404e-05
7234.0,-1.566566370004499e-05
7235.0,-1.7446604762398683e-05
7236.0,-1.9232567676737088e-05
7237.0,-2.1023460995415695e-05
7238.0,-2.2819190952290695e-05
7239.0,-2.4619661312782228e-05
7240.0,-2.6424773221483494e-05
7241.0,-2.8234425047685384e-05
7242.0,-3.004851222919196e-05
7243.0,-3.1866927114805957e-05
7244.0,-3.3689558805864966e-05
7245.0,-3.5516292997208584e-05
7246.0,-3.734701181795622e-05
7247.0,-3.918159367247345e-05
7248.0,-4.101991308190205e-05
7249.0,-4.2861840526624825e-05
7250.0,-4.470724229002919e-05
7251.0,-4.655598030392403e-05
7252.0,-4.840791199595203e-05
7253.0,-5.0262890139326446e-05
7254.0,-5.212076270520703e-05
7255.0,-5.398137271801625e-05
7256.0,-5.584455811398527e-05
7257.0,-5.7710151603210184e-05
7258.0,-5.95779805354927e-05
7259.0,-6.144786677023559e-05
7260.0,-6.331962655066314e-05
7261.0,-6.519307038263665e-05
7262.0,-6.706800291833592e-05
7263.0,-6.89442228450777e-05
7264.0,-7.082152277954157e-05
7265.0,-7.269968916767244e-05
7266.0,-7.45785021905267e-05
7267.0,-7.645773567632908e-05
7268.0,-7.833715701900582e-05
7269.0,-8.02165271034621e-05
7270.0,-8.209560023787083e-05
7271.0,-8.397412409324315e-05
7272.0,-8.585183965054773e-05
7273.0,-8.772848115564317e-05
7274.0,-8.960377608228047e-05
7275.0,-9.147744510342538e-05
7276.0,-9.334920207114321e-05
7277.0,-9.521875400527987e-05
7278.0,-9.708580109116345e-05
7279.0,-9.895003668653946e-05
7280.0,-0.00010081114733793885
7281.0,-0.00010266881280666486
7282.0,-0.00010452270610456825
7283.0,-0.0001063724935397654
7284.0,-0.00010821783477243654
7285.0,-0.00011005838288082555
7286.0,-0.00011189378443754581
7287.0,-0.00011372367959627999
7288.0,-0.00011554770218894516
7289.0,-0.00011736547983337807
7290.0,-0.00011917663405157893
7291.0,-0.0001209807803985367
7292.0,-0.00012277752860164403
7293.0,-0.00012456648271069406
7294.0,-0.00012634724125843406
7295.0,-0.0001281193974316319
7296.0,-0.00012988253925258969
7297.0,-0.00013163624977101924
7298.0,-0.00013338010726617291
7299.0,-0.0001351136854591045
7300.0,-0.0001368365537349157
7301.0,-0.0001385482773748242
7302.0,-0.00014024841779786834
7303.0,-0.00014193653281204346
7304.0,-0.00014361217687464204
7305.0,-0.00014527490136155026
7306.0,-0.00014692425484523033
7307.0,-0.000148559783381097
7308.0,-0.00015018103080197538
7309.0,-0.0001517875390203083
7310.0,-0.0001533788483377663
7311.0,-0.00015495449776189616
7312.0,-0.00015651402532943043
7313.0,-0.00015805696843586298
7314.0,-0.00015958286417088244
7315.0,-0.00016109124965923947
7316.0,-0.000162581662406612
7317.0,-0.00016405364065001977
7318.0,-0.000165506723712327
7319.0,-0.00016694045236036206
7320.0,-0.0001683543691661713
7321.0,-0.00016974801887091644
7322.0,-0.00017112094875091757
7323.0,-0.00017247270898533755
7324.0,-0.00017380285302499951
7325.0,-0.00017511093796182143
7326.0,-0.00017639652489834627
7327.0,-0.00017765917931684
7328.0,-0.00017889847144742315
7329.0,-0.00018011397663469854
7330.0,-0.00018130527570233288
7331.0,-0.00018247195531504684
7332.0,-0.00018361360833746952
7333.0,-0.00018472983418931537
7334.0,-0.00018582023919634828
7335.0,-0.0001868844369366014
7336.0,-0.00018792204858132587
7337.0,-0.00018893270323013924
7338.0,-0.0001899160382398448
7339.0,-0.00019087169954639229
7340.0,-0.0001917993419794557
7341.0,-0.00019269862956911035
7342.0,-0.00019356923584410235
7343.0,-0.00019441084412121485
7344.0,-0.00019522314778524832
7345.0,-0.00019600585055914638
7346.0,-0.00019675866676381292
7347.0,-0.00019748132156718223
7348.0,-0.00019817355122211694
7349.0,-0.0001988351032927203
7350.0,-0.0001994657368686575
7351.0,-0.00020006522276709226
7352.0,-0.00020063334372185605
7353.0,-0.00020116989455948544
7354.0,-0.00020167468236178288
7355.0,-0.0002021475266145802
7356.0,-0.00020258825934241253
7357.0,-0.00020299672522883637
7358.0,-0.0002033727817221585
7359.0,-0.00020371629912637273
7360.0,-0.00020402716067713367
7361.0,-0.00020430526260262934
7362.0,-0.00020455051416924455
7363.0,-0.00020476283771193946
7364.0,-0.00020494216864929893
7365.0,-0.00020508845548324216
7366.0,-0.00020520165978341932
7367.0,-0.00020528175615636173
7368.0,-0.000205328732199491
7369.0,-0.00020534258844013292
7370.0,-0.00020532333825972114
7371.0,-0.00020527100780341068
7372.0,-0.0002051856358753575
7373.0,-0.00020506727381995152
7374.0,-0.00020491598538931925
7375.0,-0.00020473184659744266
7376.0,-0.00020451494556126686
7377.0,-0.00020426538232920136
7378.0,-0.00020398326869745125
7379.0,-0.00020366872801465033
7380.0,-0.00020332189497530422
7381.0,-0.00020294291540258613
7382.0,-0.00020253194602106134
7383.0,-0.00020208915421994773
7384.0,-0.00020161471780754902
7385.0,-0.00020110882475752586
7386.0,-0.00020057167294769326
7387.0,-0.00020000346989205303
7388.0,-0.0001994044324667873
7389.0,-0.000198774786630951
7390.0,-0.00019811476714261782
7391.0,-0.00019742461727124228
7392.0,-0.00019670458850701354
7393.0,-0.0001959549402679802
7394.0,-0.0001951759396057262
7395.0,-0.0001943678609103739
7396.0,-0.0001935309856156797
7397.0,-0.00019266560190497423
7398.0,-0.00019177200441867923
7399.0,-0.0001908504939641099
7400.0,-0.00018990137722824357
7401.0,-0.0001889249664941037
7402.0,-0.0001879215793613757
7403.0,-0.0001868915384718363
7404.0,-0.0001858351712401431
7405.0,-0.00018475280959049482
7406.0,-0.0001836447896996321
7407.0,-0.00018251145174660822
7408.0,-0.00018135313966971336
7409.0,-0.00018017020093089183
7410.0,-0.00017896298628794374
7411.0,-0.00017773184957475488
7412.0,-0.00017647714748974928
7413.0,-0.00017519923939271075
7414.0,-0.000173898487110074
7415.0,-0.00017257525474874457
7416.0,-0.00017122990851846427
7417.0,-0.00016986281656270185
7418.0,-0.00016847434879800507
7419.0,-0.00016706487676171274
7420.0,-0.0001656347734678813
7421.0,-0.00016418441327124088
7422.0,-0.00016271417173895203
7423.0,-0.00016122442552989717
7424.0,-0.0001597155522811996
7425.0,-0.00015818793050163032
7426.0,-0.00015664193947152857
7427.0,-0.00015507795914883552
7428.0,-0.00015349637008081718
7429.0,-0.0001518975533210325
7430.0,-0.00015028189035108707
7431.0,-0.00014864976300670097
7432.0,-0.00014700155340761014
7433.0,-0.00014533764389081504
7434.0,-0.0001436584169466894
7435.0,-0.00014196425515746475
7436.0,-0.0001402555411376123
7437.0,-0.0001385326574756539
7438.0,-0.00013679598667694668
7439.0,-0.0001350459111069999
7440.0,-0.00013328281293490077
7441.0,-0.00013150707407644151
7442.0,-0.0001297190761365614
7443.0,-0.00012791920035073505
7444.0,-0.00012610782752496043
7445.0,-0.00012428533797402045
7446.0,-0.0001224521114577168
7447.0,-0.00012060852711479918
7448.0,-0.00011875496339434246
7449.0,-0.0001168917979843559
7450.0,-0.00011501940773743864
7451.0,-0.00011313816859333097
7452.0,-0.00011124845549824133
7453.0,-0.00010935064232086361
7454.0,-0.0001074451017650324
7455.0,-0.00010553220527899738
7456.0,-0.00010361232296133373
7457.0,-0.00010168582346353751
7458.0,-9.975307388938944e-05
7459.0,-9.781443969120368e-05
7460.0,-9.587028456310966e-05
7461.0,-9.39209703315478e-05
7462.0,-9.196685684318623e-05
7463.0,-9.000830185049176e-05
7464.0,-8.804566089520788e-05
7465.0,-8.607928719001186e-05
7466.0,-8.410953149863986e-05
7467.0,-8.213674201478589e-05
7468.0,-8.016126424009697e-05
7469.0,-7.818344086160294e-05
7470.0,-7.620361162893211e-05
7471.0,-7.422211323167638e-05
7472.0,-7.223927917727706e-05
7473.0,-7.025543966980765e-05
7474.0,-6.827092149003023e-05
7475.0,-6.628604787709989e-05
7476.0,-6.430113841228555e-05
7477.0,-6.231650890506745e-05
7478.0,-6.0332471281960794e-05
7479.0,-5.8349333478403156e-05
7480.0,-5.6367399334032026e-05
7481.0,-5.438696849166766e-05
7482.0,-5.240833630030522e-05
7483.0,-5.0431793722410285e-05
7484.0,-4.845762724580007e-05
7485.0,-4.648611880037889e-05
7486.0,-4.451754567997928e-05
7487.0,-4.25521804695421e-05
7488.0,-4.059029097784622e-05
7489.0,-3.863214017597717e-05
7490.0,-3.667798614170267e-05
7491.0,-3.4728082009899994e-05
7492.0,-3.2782675929158957e-05
7493.0,-3.084201102466091e-05
7494.0,-2.890632536741507e-05
7495.0,-2.6975851949911895e-05
7496.0,-2.5050818668233504e-05
7497.0,-2.3131448310641112e-05
7498.0,-2.121795855263623e-05
7499.0,-1.9310561958469236e-05
7500.0,-1.740946598904532e-05
7501.0,-1.5514873016153158e-05
7502.0,-1.362698034291997e-05
7503.0,-1.1745980230373369e-05
7504.0,-9.872059929969085e-06
7505.0,-8.005401721922345e-06
7506.0,-6.146182959160387e-06
7507.0,-4.294576116693736e-06
7508.0,-2.450748846187159e-06
7509.0,-6.148640354945376e-07
7510.0,1.2129201270920061e-06
7511.0,3.0324500841408632e-06
7512.0,4.843576836199975e-06
7513.0,6.646155865016752e-06
7514.0,8.440047053145499e-06
7515.0,1.0225114600234417e-05
7516.0,1.20012269362879e-05
7517.0,1.3768256632203845e-05
7518.0,1.5526080307888893e-05
7519.0,1.727457853825788e-05
7520.0,1.9013635757427188e-05
7521.0,2.0743140161413984e-05
7522.0,2.246298360965392e-05
7523.0,2.4173061525649525e-05
7524.0,2.587327279705811e-05
7525.0,2.7563519675525126e-05
7526.0,2.9243707676562496e-05
7527.0,3.0913745479766005e-05
7528.0,3.2573544829658997e-05
7529.0,3.422302043744213e-05
7530.0,3.586208988392111e-05
7531.0,3.749067352387522e-05
7532.0,3.9108694392119684e-05
7533.0,4.071607811150504e-05
7534.0,4.2312752803083614e-05
7535.0,4.389864899865904e-05
7536.0,4.547369955591922e-05
7537.0,4.703783957633713e-05
7538.0,4.859100632600861e-05
7539.0,5.013313915958121e-05
7540.0,5.1664179447413965e-05
7541.0,5.318407050609327e-05
7542.0,5.469275753241411e-05
7543.0,5.619018754091926e-05
7544.0,5.7676309305069196e-05
7545.0,5.915107330209344e-05
7546.0,6.0614431661550945e-05
7547.0,6.206633811760085e-05
7548.0,6.350674796495981e-05
7549.0,6.493561801849836e-05
7550.0,6.635290657640659e-05
7551.0,6.77585733868406e-05
7552.0,6.915257961794302e-05
7553.0,7.05348878311151e-05
7554.0,7.190546195740333e-05
7555.0,7.326426727684913e-05
7556.0,7.461127040063623e-05
7557.0,7.59464392558536e-05
7558.0,7.72697430726761e-05
7559.0,7.858115237374922e-05
7560.0,7.988063896555064e-05
7561.0,8.116817593149e-05
7562.0,8.244373762650013e-05
7563.0,8.370729967286624e-05
7564.0,8.495883895703615e-05
7565.0,8.61983336271527e-05
7566.0,8.742576309104836e-05
7567.0,8.864110801444202e-05
7568.0,8.984435031907728e-05
7569.0,9.10354731805437e-05
7570.0,9.221446102552633e-05
7571.0,9.338129952823492e-05
7572.0,9.453597560577424e-05
7573.0,9.567847741223361e-05
7574.0,9.680879433129223e-05
7575.0,9.792691696716118e-05
7576.0,9.903283713370835e-05
7577.0,0.00010012654784164028
7578.0,0.00010120804328364355
7579.0,0.0001022773188174166
7580.0,0.00010333437094654889
7581.0,0.00010437919729922837
7582.0,0.00010541179660477985
7583.0,0.00010643216866805629
7584.0,0.00010744031434172225
7585.0,0.00010843623549648476
7586.0,0.0001094199349893412
7587.0,0.00011039141662992732
7588.0,0.00011135068514505886
7589.0,0.00011229774614157198
7590.0,0.00011323260606757772
7591.0,0.00011415527217225963
7592.0,0.0001150657524643561
7593.0,0.00011596405566948304
7594.0,0.00011685019118646544
7595.0,0.00011772416904285969
7596.0,0.00011858599984986117
7597.0,0.00011943569475680407
7598.0,0.0001202732654054692
7599.0,0.00012109872388442327
7600.0,0.00012191208268361808
7601.0,0.00012271335464948053
7602.0,0.00012350255294072408
7603.0,0.00012427969098510695
7604.0,0.00012504478243735074
7605.0,0.00012579784113841757
7606.0,0.00012653888107632734
7607.0,0.00012726791634867904
7608.0,0.00012798496112702577
7609.0,0.00012869002962323723
7610.0,0.00012938313605796666
7611.0,0.00013006429463131993
7612.0,0.0001307335194958042
7613.0,0.0001313908247316127
7614.0,0.0001320362243242845
7615.0,0.00013266973214476278
7616.0,0.0001332913619318622
7617.0,0.00013390112727714565
7618.0,0.00013449904161220213
7619.0,0.00013508511819830912
7620.0,0.00013565937011845823
7621.0,0.00013622181027171583
7622.0,0.00013677245136988357
7623.0,0.00013731130593641378
7624.0,0.00013783838630752003
7625.0,0.00013835370463540557
7626.0,0.00013885727289351187
7627.0,0.00013934910288366874
7628.0,0.00013982920624500882
7629.0,0.00014029759446449402
7630.0,0.0001407542788888925
7631.0,0.00014119927073803795
7632.0,0.00014163258111920228
7633.0,0.00014205422104241107
7634.0,0.00014246420143653452
7635.0,0.00014286253316598895
7636.0,0.00014324922704788784
7637.0,0.0001436242938694874
7638.0,0.00014398774440577746
7639.0,0.00014433958943707595
7640.0,0.00014467983976649494
7641.0,0.00014500850623715372
7642.0,0.000145325599749025
7643.0,0.0001456311312753067
7644.0,0.0001459251118782195
7645.0,0.00014620755272413342
7646.0,0.00014647846509793105
7647.0,0.0001467378604165173
7648.0,0.00014698575024138776
7649.0,0.0001472221462901725
7650.0,0.00014744706044707775
7651.0,0.00014766050477215596
7652.0,0.00014786249150934604
7653.0,0.00014805303309323837
7654.0,0.00014823214215453422
7655.0,0.0001483998315241846
7656.0,0.00014855611423620943
7657.0,0.00014870100352921219
7658.0,0.00014883451284661953
7659.0,0.00014895665583568836
7660.0,0.0001490674463453344
7661.0,0.00014916689842284572
7662.0,0.00014925502630955435
7663.0,0.00014933184443554465
7664.0,0.00014939736741348316
7665.0,0.0001494516100316561
7666.0,0.00014949458724630257
7667.0,0.0001495263141733303
7668.0,0.0001495468060794981
7669.0,0.00014955607837314756
7670.0,0.0001495541465945614
7671.0,0.00014954102640602428
7672.0,0.00014951673358166084
7673.0,0.00014948128399712408
7674.0,0.0001494346936192117
7675.0,0.00014937697849549053
7676.0,0.00014930815474401536
7677.0,0.00014922823854323345
7678.0,0.0001491372461221709
7679.0,0.00014903519375099956
7680.0,0.0001489220977320853
7681.0,0.00014879797439161692
7682.0,0.00014866284007191235
7683.0,0.00014851671112449345
7684.0,0.00014835960390401453
7685.0,0.00014819153476312196
7686.0,0.00014801252004831256
7687.0,0.00014782257609685082
7688.0,0.0001476217192347949
7689.0,0.00014740996577617373
7690.0,0.0001471873320233491
7691.0,0.00014695383426858896
7692.0,0.00014670948879687317
7693.0,0.0001464543118899463
7694.0,0.00014618831983162928
7695.0,0.00014591152891439712
7696.0,0.0001456239554472268
7697.0,0.00014532561576471656
7698.0,0.00014501652623747513
7699.0,0.00014469670328377652
7700.0,0.00014436616338247394
7701.0,0.0001440249230871633
7702.0,0.00014367299904158477
7703.0,0.0001433104079962452
7704.0,0.00014293716682623944
7705.0,0.00014255329255024235
7706.0,0.00014215880235063502
7707.0,0.0001417537135947228
7708.0,0.0001413380438569946
7709.0,0.0001409118109423672
7710.0,0.00014047503291035168
7711.0,0.00014002772810007514
7712.0,0.00013956991515608593
7713.0,0.00013910161305486656
7714.0,0.00013862284113197584
7715.0,0.00013813361910974006
7716.0,0.00013763396712541194
7717.0,0.0001371239057597157
7718.0,0.00013660345606569756
7719.0,0.00013607263959780202
7720.0,0.0001355314784410936
7721.0,0.000134979995240545
7722.0,0.0001344182132303127
7723.0,0.00013384615626291983
7724.0,0.0001332638488382665
7725.0,0.00013267131613238593
7726.0,0.00013206858402586334
7727.0,0.00013145567913183377
7728.0,0.00013083262882347313
7729.0,0.0001301994612608969
7730.0,0.00012955620541738044
7731.0,0.00012890289110481648
7732.0,0.0001282395489983269
7733.0,0.00012756621065995028
7734.0,0.0001268829085613286
7735.0,0.00012618967610532116
7736.0,0.00012548654764647695
7737.0,0.00012477355851030195
7738.0,0.000124050745011263
7739.0,0.000123318144469476
7740.0,0.00012257579522603312
7741.0,0.00012182373665693077
7742.0,0.00012106200918556758
7743.0,0.00012029065429378914
7744.0,0.00011950971453146291
7745.0,0.00011871923352457289
7746.0,0.00011791925598182757
7747.0,0.00011710982769977773
7748.0,0.00011629099556644268
7749.0,0.00011546280756344428
7750.0,0.0001146253127666491
7751.0,0.00011377856134531804
7752.0,0.00011292260455976526
7753.0,0.00011205749475752748
7754.0,0.00011118328536804572
7755.0,0.00011030003089586215
7756.0,0.00010940778691233594
7757.0,0.00010850661004588113
7758.0,0.00010759655797073279
7759.0,0.00010667768939424801
7760.0,0.00010575006404275189
7761.0,0.0001048137426459414
7762.0,0.00010386878691986319
7763.0,0.00010291525954848549
7764.0,0.0001019532241638856
7765.0,0.00010098274532507769
7766.0,0.00010000388849550403
7767.0,9.901672001921461e-05
7768.0,9.802130709575828e-05
7769.0,9.701771775380795e-05
7770.0,9.600602082354196e-05
7771.0,9.498628590780264e-05
7772.0,9.395858335205328e-05
7773.0,9.292298421315537e-05
7774.0,9.187956022698718e-05
7775.0,9.082838377492649e-05
7776.0,8.976952784922025e-05
7777.0,8.870306601726446e-05
7778.0,8.762907238482007e-05
7779.0,8.654762155819327e-05
7780.0,8.545878860541425e-05
7781.0,8.43626490164545e-05
7782.0,8.325927866253062e-05
7783.0,8.214875375455412e-05
7784.0,8.103115080079682e-05
7785.0,7.990654656385258e-05
7786.0,7.877501801698657e-05
7787.0,7.763664229997151e-05
7788.0,7.649149667451755e-05
7789.0,7.533965847940688e-05
7790.0,7.41812050854469e-05
7791.0,7.301621385035644e-05
7792.0,7.184476207369978e-05
7793.0,7.066692695198368e-05
7794.0,6.948278553403208e-05
7795.0,6.829241467675356e-05
7796.0,6.709589100141748e-05
7797.0,6.589329085055524e-05
7798.0,6.468469024560452e-05
7799.0,6.347016484541411e-05
7800.0,6.22497899057291e-05
7801.0,6.102364023977552e-05
7802.0,5.9791790180065406e-05
7803.0,5.855431354154491e-05
7804.0,5.731128358620887e-05
7805.0,5.6062772989309964e-05
7806.0,5.4808853807293185e-05
7807.0,5.354959744759209e-05
7808.0,5.2285074640426643e-05
7809.0,5.1015355412747246e-05
7810.0,4.974050906447198e-05
7811.0,4.846060414716634e-05
7812.0,4.71757084453151e-05
7813.0,4.588588896033408e-05
7814.0,4.459121189746566e-05
7815.0,4.3291742655696884e-05
7816.0,4.198754582083073e-05
7817.0,4.0678685161831357e-05
7818.0,3.936522363055326e-05
7819.0,3.804722336495046e-05
7820.0,3.6724745695847216e-05
7821.0,3.539785115733408e-05
7822.0,3.406659950083603e-05
7823.0,3.273104971287906e-05
7824.0,3.1391260036562715e-05
7825.0,3.00472879967247e-05
7826.0,2.869919042876537e-05
7827.0,2.734702351108027e-05
7828.0,2.599084280103225e-05
7829.0,2.463070327437946e-05
7830.0,2.326665936806132e-05
7831.0,2.189876502623423e-05
7832.0,2.0527073749438063e-05
7833.0,1.9151638646768357e-05
7834.0,1.7772512490922413e-05
7835.0,1.638974777598261e-05
7836.0,1.5003396777795629e-05
7837.0,1.3613511616803183e-05
7838.0,1.2220144323175862e-05
7839.0,1.082334690409978e-05
7840.0,9.423171413063344e-06
7841.0,8.019670020990559e-06
7842.0,6.612895089066638e-06
7843.0,5.202899243100239e-06
7844.0,3.789735449266185e-06
7845.0,2.373457091069936e-06
7846.0,9.541180473724868e-07
7847.0,-4.682272286886201e-07
7848.0,-1.8935236300490874e-06
7849.0,-3.321715315506688e-06
7850.0,-4.752745629118505e-06
7851.0,-6.186557019376822e-06
7852.0,-7.623090958332593e-06
7853.0,-9.062287860833358e-06
7854.0,-1.0504087004039206e-05
7855.0,-1.1948426447375508e-05
7856.0,-1.3395242953074945e-05
7857.0,-1.4844471907456534e-05
7858.0,-1.6296047243083077e-05
7859.0,-1.7749901361932015e-05
7860.0,-1.9205965059706698e-05
7861.0,-2.0664167451407514e-05
7862.0,-2.212443589827122e-05
7863.0,-2.3586695936176377e-05
7864.0,-2.5050871205599482e-05
7865.0,-2.6516883383194246e-05
7866.0,-2.7984652115052098e-05
7867.0,-2.945409495169033e-05
7868.0,-3.092512728479983e-05
7869.0,-3.239766228577029e-05
7870.0,-3.38716108459964e-05
7871.0,-3.5346881518954366e-05
7872.0,-3.682338046402429e-05
7873.0,-3.83010113920206e-05
7874.0,-3.97796755123787e-05
7875.0,-4.125927148193194e-05
7876.0,-4.2739695355198584e-05
7877.0,-4.4220840536085124e-05
7878.0,-4.570259773090024e-05
7879.0,-4.718485490256342e-05
7880.0,-4.866749722588525e-05
7881.0,-5.015040704379239e-05
7882.0,-5.163346382436881e-05
7883.0,-5.3116544118586496e-05
7884.0,-5.459952151860514e-05
7885.0,-5.608226661652997e-05
7886.0,-5.756464696352838e-05
7887.0,-5.9046527029219464e-05
7888.0,-6.052776816126555e-05
7889.0,-6.200822854511039e-05
7890.0,-6.34877631638256e-05
7891.0,-6.496622375804379e-05
7892.0,-6.64434587859757e-05
7893.0,-6.791931338352845e-05
7894.0,-6.939362932456368e-05
7895.0,-7.086624498135577e-05
7896.0,-7.233699528533334e-05
7897.0,-7.38057116882092e-05
7898.0,-7.527222212362541e-05
7899.0,-7.673635096946091e-05
7900.0,-7.819791901096983e-05
7901.0,-7.965674340493693e-05
7902.0,-8.111263764505281e-05
7903.0,-8.256541152872385e-05
7904.0,-8.401487112554121e-05
7905.0,-8.546081874764016e-05
7906.0,-8.690305292218682e-05
7907.0,-8.834136836623457e-05
7908.0,-8.977555596419719e-05
7909.0,-9.120540274819174e-05
7910.0,-9.263069188151017e-05
7911.0,-9.405120264548423e-05
7912.0,-9.546671043001191e-05
7913.0,-9.687698672801441e-05
7914.0,-9.828179913409393e-05
7915.0,-9.968091134766013e-05
7916.0,-0.0001010740831807911
7917.0,-0.0001024610705710909
7918.0,-0.00010384162559980301
7919.0,-0.00010521549651543607
7920.0,-0.00010658242776315597
7921.0,-0.00010794216002019443
7922.0,-0.00010929443023751875
7923.0,-0.00011063897168799983
7924.0,-0.00011197551402130574
7925.0,-0.0001133037833257379
7926.0,-0.00011462350219721412
7927.0,-0.00011593438981558859
7928.0,-0.00011723616202848331
7929.0,-0.00011852853144278954
7930.0,-0.00011981120752398318
7931.0,-0.00012108389670338561
7932.0,-0.00012234630249348904
7933.0,-0.00012359812561145387
7934.0,-0.00012483906411087206
7935.0,-0.00012606881352187515
7936.0,-0.00012728706699964744
7937.0,-0.00012849351548138455
7938.0,-0.000129687847851716
7939.0,-0.00013086975111658536
7940.0,-0.0001320389105855576
7941.0,-0.00013319501006249594
7942.0,-0.00013433773204452645
7943.0,-0.00013546675792918403
7944.0,-0.00013658176822960936
7945.0,-0.0001376824427976419
7946.0,-0.0001387684610546272
7947.0,-0.00013983950222972878
7948.0,-0.0001408952456055049
7949.0,-0.00014193537077047952
7950.0,-0.00014295955787840288
7951.0,-0.00014396748791386458
7952.0,-0.00014495884296388808
7953.0,-0.0001459333064951061
7954.0,-0.0001468905636360872
7955.0,-0.00014783030146435727
7956.0,-0.00014875220929763417
7957.0,-0.00014965597898876883
7958.0,-0.00015054130522386142
7959.0,-0.0001514078858229971
7960.0,-0.0001522554220430219
7961.0,-0.0001530836188817585
7962.0,-0.00015389218538304066
7963.0,-0.0001546808349419273
7964.0,-0.0001554492856094372
7965.0,-0.00015619726039612985
7966.0,-0.00015692448757384365
7967.0,-0.00015763070097489135
7968.0,-0.0001583156402880074
7969.0,-0.0001589790513503405
7970.0,-0.00015962068643478517
7971.0,-0.00016024030453194995
7972.0,-0.00016083767162606302
7973.0,-0.00016141256096412015
7974.0,-0.00016196475331758695
7975.0,-0.00016249403723597673
7976.0,-0.0001630002092916409
7977.0,-0.00016348307431512693
7978.0,-0.00016394244562048147
7979.0,-0.00016437814521990242
7980.0,-0.0001647900040271736
7981.0,-0.0001651778620493482
7982.0,-0.0001655415685661815
7983.0,-0.00016588098229684784
7984.0,-0.00016619597155350993
7985.0,-0.00016648641438134367
7986.0,-0.0001667521986846557
7987.0,-0.00016699322233876948
7988.0,-0.00016720939328739417
7989.0,-0.00016740062962523005
7990.0,-0.00016756685966560694
7991.0,-0.00016770802199299458
7992.0,-0.00016782406550026836
7993.0,-0.0001679149494106623
7994.0,-0.0001679806432843894
7995.0,-0.00016802112700995667
7996.0,-0.0001680363907802491
7997.0,-0.00016802643505350022
7998.0,-0.00016799127049930875
7999.0,-0.00016793091792990459
8000.0,-0.00016784540821690832
8001.0,-0.0001677347821938724
8002.0,-0.00016759909054493225
8003.0,-0.0001674383936799376
8004.0,-0.00016725276159647133
8005.0,-0.00016704227372919917
8006.0,-0.00016680701878702602
8007.0,-0.00016654709457856337
8008.0,-0.00016626260782643862
8009.0,-0.0001659536739709997
8010.0,-0.00016562041696399014
8011.0,-0.00016526296905278816
8012.0,-0.00016488147055581908
8013.0,-0.0001644760696297662
8014.0,-0.00016404692202921784
8015.0,-0.00016359419085940118
8016.0,-0.00016311804632266412
8017.0,-0.00016261866545937763
8018.0,-0.00016209623188393846
8019.0,-0.00016155093551655815
8020.0,-0.0001609829723115268
8021.0,-0.00016039254398263919
8022.0,-0.00015977985772646714
8023.0,-0.00015914512594415416
8024.0,-0.0001584885659623989
8025.0,-0.00015781039975428353
8026.0,-0.0001571108536605922
8027.0,-0.0001563901581122515
8028.0,-0.00015564854735451055
8029.0,-0.0001548862591734624
8030.0,-0.0001541035346254893
8031.0,-0.0001533006177701956
8032.0,-0.00015247775540736994
8033.0,-0.00015163519681849874
8034.0,-0.0001507731935133273
8035.0,-0.00014989199898194082
8036.0,-0.00014899186845281081
8037.0,-0.00014807305865722781
8038.0,-0.00014713582760051444
8039.0,-0.0001461804343403904
8040.0,-0.00014520713877283438
8041.0,-0.00014421620142576308
8042.0,-0.00014320788326082067
8043.0,-0.00014218244548354356
8044.0,-0.00014114014936213886
8045.0,-0.00014008125605508595
8046.0,-0.000139006026447742
8047.0,-0.00013791472099810247
8048.0,-0.00013680759959183974
8049.0,-0.00013568492140671323
8050.0,-0.0001345469447864173
8051.0,-0.00013339392712390585
8052.0,-0.00013222612475420397
8053.0,-0.00013104379285668857
8054.0,-0.000129847185366792
8055.0,-0.00012863655489705485
8056.0,-0.0001274121526674265
8057.0,-0.00012617422844468548
8058.0,-0.00012492303049082456
8059.0,-0.00012365880552022183
8060.0,-0.00012238179866539472
8061.0,-0.00012109225345111345
8062.0,-0.0001197904117766316
8063.0,-0.00011847651390577367
8064.0,-0.00011715079846460506
8065.0,-0.00011581350244639573
8066.0,-0.00011446486122357579
8067.0,-0.00011310510856637068
8068.0,-0.00011173447666779021
8069.0,-0.00011035319617463804
8070.0,-0.00010896149622419696
8071.0,-0.00010755960448623868
8072.0,-0.00010614774721000059
8073.0,-0.00010472614927576635
8074.0,-0.00010329503425068347
8075.0,-0.00010185462444844635
8076.0,-0.00010040514099247067
8077.0,-9.894680388218312e-05
8078.0,-9.747983206204801e-05
8079.0,-9.600444349295303e-05
8080.0,-9.452085522557502e-05
8081.0,-9.302928347534665e-05
8082.0,-9.15299436986438e-05
8083.0,-9.002305066981565e-05
8084.0,-8.85088185586802e-05
8085.0,-8.698746100811317e-05
8086.0,-8.545919121136053e-05
8087.0,-8.39242219887117e-05
8088.0,-8.238276586317362e-05
8089.0,-8.083503513479315e-05
8090.0,-7.92812419532823e-05
8091.0,-7.772159838860905e-05
8092.0,-7.615631649922725e-05
8093.0,-7.458560839762901e-05
8094.0,-7.300968631291624e-05
8095.0,-7.142876265010223e-05
8096.0,-6.98430500458692e-05
8097.0,-6.825276142052244e-05
8098.0,-6.66581100258957e-05
8099.0,-6.505930948897822e-05
8100.0,-6.345657385105016e-05
8101.0,-6.185011760212892e-05
8102.0,-6.024015571054528e-05
8103.0,-5.8626903647485715e-05
8104.0,-5.701057740635455e-05
8105.0,-5.539139351682626e-05
8106.0,-5.3769569053476384e-05
8107.0,-5.214532163889444e-05
8108.0,-5.051886944119793e-05
8109.0,-4.889043116587961e-05
8110.0,-4.7260226041935554e-05
8111.0,-4.5628473802236436e-05
8112.0,-4.399539465812049e-05
8113.0,-4.2361209268202766e-05
8114.0,-4.072613870141227e-05
8115.0,-3.9090404394286144e-05
8116.0,-3.745422810256743e-05
8117.0,-3.581783184717266e-05
8118.0,-3.4181437854615836e-05
8119.0,-3.2545268491992644e-05
8120.0,-3.0909546196649295e-05
8121.0,-2.9274493400678202e-05
8122.0,-2.764033245040252e-05
8123.0,-2.6007285521029993e-05
8124.0,-2.4375574526674007e-05
8125.0,-2.2745421025957818e-05
8126.0,-2.1117046123432067e-05
8127.0,-1.949067036705114e-05
8128.0,-1.7866513641966763e-05
8129.0,-1.6244795060910177e-05
8130.0,-1.4625732851447756e-05
8131.0,-1.3009544240407607e-05
8132.0,-1.139644533578764e-05
8133.0,-9.786651006469412e-06
8134.0,-8.18037476007484e-06
8135.0,-6.5778286193171246e-06
8136.0,-4.9792229972096135e-06
8137.0,-3.3847665715096184e-06
8138.0,-1.7946661587837649e-06
8139.0,-2.0912658848989138e-07
8140.0,1.3716494225247874e-06
8141.0,2.947461394708502e-06
8142.0,4.518111209273073e-06
8143.0,6.083403230050359e-06
8144.0,7.643144423346974e-06
8145.0,9.197144475414081e-06
8146.0,1.0745215907155604e-05
8147.0,1.2287174185707835e-05
8148.0,1.382283783253339e-05
8149.0,1.5352028527686803e-05
8150.0,1.6874571209922232e-05
8151.0,1.839029417232933e-05
8152.0,1.9899029153198715e-05
8153.0,2.140061142183328e-05
8154.0,2.2894879859037165e-05
8155.0,2.438167703202965e-05
8156.0,2.5860849263546924e-05
8157.0,2.7332246694911883e-05
8158.0,2.879572334286923e-05
8159.0,3.0251137150001715e-05
8160.0,3.169835002856405e-05
8161.0,3.313722789759364e-05
8162.0,3.4567640713181643e-05
8163.0,3.5989462491813764e-05
8164.0,3.7402571326715604e-05
8165.0,3.8806849397163635e-05
8166.0,4.0202182970747934e-05
8167.0,4.15884623985951e-05
8168.0,4.296558210358432e-05
8169.0,4.433344056161134e-05
8170.0,4.569194027597714e-05
8171.0,4.704098774500094e-05
8172.0,4.838049342297635e-05
8173.0,4.9710371674608994e-05
8174.0,5.103054072309214e-05
8175.0,5.2340922591992214e-05
8176.0,5.364144304113163e-05
8177.0,5.493203149666902e-05
8178.0,5.6212620975592266e-05
8179.0,5.7483148004851164e-05
8180.0,5.874355253537164e-05
8181.0,5.9993777851207524e-05
8182.0,6.12337704741021e-05
8183.0,6.24634800637467e-05
8184.0,6.368285931404144e-05
8185.0,6.489186384567811e-05
8186.0,6.609045209537993e-05
8187.0,6.727858520214281e-05
8188.0,6.845622689083126e-05
8189.0,6.962334335348705e-05
8190.0,7.077990312871283e-05
8191.0,7.192587697949393e-05
8192.0,7.306123776982126e-05
8193.0,7.418596034047576e-05
8194.0,7.530002138433238e-05
8195.0,7.640339932153713e-05
8196.0,7.749607417490806e-05
8197.0,7.857802744590551e-05
8198.0,7.964924199151116e-05
8199.0,8.070970190234425e-05
8200.0,8.175939238233443e-05
8201.0,8.279829963025992e-05
8202.0,8.382641072344948e-05
8203.0,8.484371350393711e-05
8204.0,8.58501964673461e-05
8205.0,8.684584865476704e-05
8206.0,8.783065954788181e-05
8207.0,8.880461896757235e-05
8208.0,8.976771697623863e-05
8209.0,9.071994378403528e-05
8210.0,9.166128965922097e-05
8211.0,9.259174484279936e-05
8212.0,9.351129946761343e-05
8213.0,9.441994348203663e-05
8214.0,9.53176665783864e-05
8215.0,9.620445812616797e-05
8216.0,9.708030711024054e-05
8217.0,9.79452020739802e-05
8218.0,9.879913106749456e-05
8219.0,9.964208160092206e-05
8220.0,0.00010047404060282816
8221.0,0.00010129499438369027
8222.0,0.00010210492860444438
8223.0,0.00010290382825004743
8224.0,0.00010369167760798919
8225.0,0.00010446846025166987
8226.0,0.00010523415902854526
8227.0,0.00010598875605293536
8228.0,0.00010673223270339291
8229.0,0.00010746456962453386
8230.0,0.00010818574673323867
8231.0,0.00010889574322913893
8232.0,0.00010959453760930573
8233.0,0.00011028210768705629
8234.0,0.00011095843061479061
8235.0,0.00011162348291076267
8236.0,0.00011227724048967903
8237.0,0.00011291967869700137
8238.0,0.00011355077234680898
8239.0,0.00011417049576305238
8240.0,0.00011477882282400521
8241.0,0.0001153757270096979
8242.0,0.00011596118145209895
8243.0,0.00011653515898779813
8244.0,0.00011709763221294067
8245.0,0.00011764857354016262
8246.0,0.00011818795525728294
8247.0,0.00011871574958751628
8248.0,0.00011923192875098073
8249.0,0.00011973646502728653
8250.0,0.00012022933081900166
8251.0,0.00012071049871580059
8252.0,0.00012117994155910866
8253.0,0.00012163763250706012
8254.0,0.00012208354509959157
8255.0,0.00012251765332349377
8256.0,0.00012293993167724398
8257.0,0.0001233503552354375
8258.0,0.0001237488997126308
8259.0,0.0001241355415264015
8260.0,0.0001245102578594235
8261.0,0.0001248730267203523
8262.0,0.0001252238270033144
8263.0,0.00012556263854579853
8264.0,0.00012588944218475676
8265.0,0.00012620421981073443
8266.0,0.00012650695441986565
8267.0,0.00012679763016358687
8268.0,0.00012707623239594003
8269.0,0.00012734274771835212
8270.0,0.00012759716402179375
8271.0,0.00012783947052623308
8272.0,0.00012806965781731383
8273.0,0.00012828771788019758
8274.0,0.00012849364413052038
8275.0,0.00012868743144242356
8276.0,0.00012886907617362564
8277.0,0.00012903857618751105
8278.0,0.00012919593087221544
8279.0,0.0001293411411566914
8280.0,0.0001294742095237393
8281.0,0.00012959514001998734
8282.0,0.000129703938262804
8283.0,0.00012980061144412576
8284.0,0.00012988516833118587
8285.0,0.00012995761926413405
8286.0,0.0001300179761505467
8287.0,0.00013006625245683915
8288.0,0.00013010246319660677
8289.0,0.00013012662491593881
8290.0,0.00013013875567576732
8291.0,0.00013013887503132956
8292.0,0.00013012700400883808
8293.0,0.00013010316507946665
8294.0,0.00013006738213077197
8295.0,0.00013001968043568234
8296.0,0.0001299600866191936
8297.0,0.0001298886286229189
8298.0,0.0001298053356676442
8299.0,0.00012971023821404322
8300.0,0.00012960336792170485
8301.0,0.00012948475760662432
8302.0,0.00012935444119730393
8303.0,0.00012921245368960433
8304.0,0.00012905883110048052
8305.0,0.00012889361042073256
8306.0,0.00012871682956689637
8307.0,0.0001285285273323998
8308.0,0.00012832874333810988
8309.0,0.0001281175179824001
8310.0,0.0001278948923908693
8311.0,0.00012766090836584812
8312.0,0.00012741560833583215
8313.0,0.00012715903530498166
8314.0,0.00012689123280283069
8315.0,0.00012661224483434557
8316.0,0.00012632211583047336
8317.0,0.00012602089059931778
8318.0,0.00012570861427807777
8319.0,0.00012538533228587882
8320.0,0.00012505109027762245
8321.0,0.00012470593409897001
8322.0,0.0001243499097425689
8323.0,0.0001239830633056187
8324.0,0.0001236054409488639
8325.0,0.00012321708885708788
8326.0,0.00012281805320117232
8327.0,0.00012240838010177542
8328.0,0.0001219881155946728
8329.0,0.00012155730559779993
8330.0,0.00012111599588003026
8331.0,0.00012066423203172174
8332.0,0.00012020205943706348
8333.0,0.00011972952324825633
8334.0,0.00011924666836156209
8335.0,0.00011875353939525937
8336.0,0.00011825018066954625
8337.0,0.00011773663618843045
8338.0,0.00011721294962364655
8339.0,0.00011667916430063706
8340.0,0.00011613532318662948
8341.0,0.00011558146888083671
8342.0,0.00011501764360680121
8343.0,0.00011444388920689631
8344.0,0.00011386024713899254
8345.0,0.00011326675847528995
8346.0,0.00011266346390331262
8347.0,0.0001120504037290545
8348.0,0.00011142761788226085
8349.0,0.000110795145923822
8350.0,0.00011015302705524982
8351.0,0.00010950130013020116
8352.0,0.00010884000366800613
8353.0,0.00010816917586915511
8354.0,0.00010748885463269221
8355.0,0.00010679907757545998
8356.0,0.00010609988205313461
8357.0,0.00010539130518298788
8358.0,0.00010467338386830672
8359.0,0.00010394615482439548
8360.0,0.00010320965460607992
8361.0,0.00010246391963662359
8362.0,0.00010170898623796069
8363.0,0.00010094489066214159
8364.0,0.00010017166912387932
8365.0,9.938935783407881e-05
8366.0,9.859799303422296e-05
8367.0,9.779761103148387e-05
8368.0,9.698824823442054e-05
8369.0,9.616994118911869e-05
8370.0,9.534272661562171e-05
8371.0,9.45066414444971e-05
8372.0,9.366172285337969e-05
8373.0,9.280800830333099e-05
8374.0,9.194553557485556e-05
8375.0,9.107434280341683e-05
8376.0,9.019446851429822e-05
8377.0,8.93059516566585e-05
8378.0,8.840883163663335e-05
8379.0,8.75031483493375e-05
8380.0,8.658894220962504e-05
8381.0,8.566625418146536e-05
8382.0,8.473512580579434e-05
8383.0,8.379559922670166e-05
8384.0,8.284771721581726e-05
8385.0,8.189152319476542e-05
8386.0,8.092706125556261e-05
8387.0,7.995437617884318e-05
8388.0,7.897351344980857e-05
8389.0,7.798451927180613e-05
8390.0,7.698744057745681e-05
8391.0,7.598232503726356e-05
8392.0,7.496922106564739e-05
8393.0,7.394817782437322e-05
8394.0,7.2919245223345e-05
8395.0,7.188247391876693e-05
8396.0,7.083791530868675e-05
8397.0,6.978562152595581e-05
8398.0,6.872564542865834e-05
8399.0,6.765804058808268e-05
8400.0,6.65828612743217e-05
8401.0,6.550016243960743e-05
8402.0,6.440999969949673e-05
8403.0,6.331242931203898e-05
8404.0,6.220750815506555e-05
8405.0,6.109529370175137e-05
8406.0,5.997584399460666e-05
8407.0,5.884921761806558e-05
8408.0,5.7715473669847796e-05
8409.0,5.657467173127571e-05
8410.0,5.54268718367379e-05
8411.0,5.427213444249656e-05
8412.0,5.3110520395042865e-05
8413.0,5.194209089920854e-05
8414.0,5.076690748624589e-05
8415.0,4.9585031982088954e-05
8416.0,4.8396526476012514e-05
8417.0,4.7201453289904416e-05
8418.0,4.599987494836898e-05
8419.0,4.47918541498787e-05
8420.0,4.357745373919195e-05
8421.0,4.2356736681252905e-05
8422.0,4.112976603678669e-05
8423.0,3.989660493979739e-05
8424.0,3.8657316577166696e-05
8425.0,3.7411964170540064e-05
8426.0,3.616061096067206e-05
8427.0,3.4903320194385343e-05
8428.0,3.364015511427855e-05
8429.0,3.237117895129842e-05
8430.0,3.109645492027047e-05
8431.0,2.981604621846482e-05
8432.0,2.853001602725621e-05
8433.0,2.7238427516922118e-05
8434.0,2.5941343854609555e-05
8435.0,2.4638828215489046e-05
8436.0,2.333094379710386e-05
8437.0,2.201775383691485e-05
8438.0,2.0699321633034306e-05
8439.0,1.937571056813623e-05
8440.0,1.804698413652631e-05
8441.0,1.6713205974349807e-05
8442.0,1.5374439892911694e-05
8443.0,1.4030749915079856e-05
8444.0,1.2682200314737147e-05
8445.0,1.1328855659245292e-05
8446.0,9.970780854878561e-06
8447.0,8.608041195180638e-06
8448.0,7.2407024121927735e-06
8449.0,5.868830730494593e-06
8450.0,4.4924929239904064e-06
8451.0,3.1117563753639373e-06
8452.0,1.726689138114226e-06
8453.0,3.3736000107390066e-07
8454.0,-1.0561614446990585e-06
8455.0,-2.453804736774666e-06
8456.0,-3.855498470073536e-06
8457.0,-5.2611702235872155e-06
8458.0,-6.670746485225842e-06
8459.0,-8.08415257491919e-06
8460.0,-9.501312566092247e-06
8461.0,-1.0922149205627537e-05
8462.0,-1.2346583832418114e-05
8463.0,-1.3774536294605547e-05
8464.0,-1.5205924865587436e-05
8465.0,-1.664066615886924e-05
8466.0,-1.8078675041826892e-05
8467.0,-1.951986454843782e-05
8468.0,-2.0964145791030694e-05
8469.0,-2.24114278710992e-05
8470.0,-2.3861617789219637e-05
8471.0,-2.5314620354111893e-05
8472.0,-2.6770338090882685e-05
8473.0,-2.8228671148491086e-05
8474.0,-2.9689517206481277e-05
8475.0,-3.115277138103113e-05
8476.0,-3.261832613037429e-05
8477.0,-3.408607115966122e-05
8478.0,-3.555589332533587e-05
8479.0,-3.702767653911719e-05
8480.0,-3.8501301671688975e-05
8481.0,-3.997664645621643e-05
8482.0,-4.145358539182349e-05
8483.0,-4.293198964718065e-05
8484.0,-4.441172696436887e-05
8485.0,-4.589266156319863e-05
8486.0,-4.7374654046175974e-05
8487.0,-4.885756130431827e-05
8488.0,-5.034123642403214e-05
8489.0,-5.182552859527428e-05
8490.0,-5.331028302122382e-05
8491.0,-5.479534082970195e-05
8492.0,-5.628053898658417e-05
8493.0,-5.7765710211461385e-05
8494.0,-5.9250682895819134e-05
8495.0,-6.073528102401547e-05
8496.0,-6.22193240973488e-05
8497.0,-6.370262706151414e-05
8498.0,-6.518500023775087e-05
8499.0,-6.666624925798758e-05
8500.0,-6.81461750042915e-05
8501.0,-6.962457355292931e-05
8502.0,-7.110123612334673e-05
8503.0,-7.257594903237188e-05
8504.0,-7.40484936539456e-05
8505.0,-7.551864638468012e-05
8506.0,-7.698617861554516e-05
8507.0,-7.845085670997485e-05
8508.0,-7.991244198868222e-05
8509.0,-8.137069072145599e-05
8510.0,-8.282535412620161e-05
8511.0,-8.427617837547259e-05
8512.0,-8.572290461072e-05
8513.0,-8.716526896446803e-05
8514.0,-8.86030025906034e-05
8515.0,-9.003583170294917e-05
8516.0,-9.14634776222787e-05
8517.0,-9.288565683191112e-05
8518.0,-9.430208104201666e-05
8519.0,-9.571245726274406e-05
8520.0,-9.711648788626616e-05
8521.0,-9.851387077782167e-05
8522.0,-9.99042993758103e-05
8523.0,-0.00010128746280097767
8524.0,-0.0001026630459747052
8525.0,-0.0001040307297463992
8526.0,-0.00010539019102995372
8527.0,-0.00010674110294924349
8528.0,-0.0001080831349925842
8529.0,-0.00010941595317607883
8530.0,-0.00011073922021574932
8531.0,-0.00011205259570833392
8532.0,-0.00011335573632061277
8533.0,-0.00011464829598710377
8534.0,-0.00011592992611594944
8535.0,-0.00011720027580279022
8536.0,-0.00011845899205239399
8537.0,-0.00011970572000778826
8538.0,-0.0001209401031866193
8539.0,-0.00012216178372444228
8540.0,-0.00012337040262462882
8541.0,-0.00012456560001456268
8542.0,-0.00012574701540778106
8543.0,-0.00012691428797170816
8544.0,-0.0001280670568006146
8545.0,-0.00012920496119342342
8546.0,-0.00013032764093596873
8547.0,-0.00013143473658729736
8548.0,-0.00013252588976959094
8549.0,-0.00013360074346127417
8550.0,-0.00013465894229286874
8551.0,-0.0001357001328451473
8552.0,-0.00013672396394913882
8553.0,-0.00013773008698753303
8554.0,-0.00013871815619702794
8555.0,-0.00013968782897116324
8556.0,-0.00014063876616318005
8557.0,-0.0001415706323884425
8558.0,-0.00014248309632594852
8559.0,-0.00014337583101844547
8560.0,-0.00014424851417065595
8561.0,-0.00014510082844511292
8562.0,-0.00014593246175510332
8563.0,-0.00014674310755422382
8564.0,-0.0001475324651220577
8565.0,-0.00014830023984548898
8566.0,-0.00014904614349517116
8567.0,-0.00014976989449666989
8568.0,-0.00015047121819579973
8569.0,-0.0001511498471176766
8570.0,-0.0001518055212190101
8571.0,-0.0001524379881331641
8572.0,-0.000153047003407519
8573.0,-0.0001536323307326763
8574.0,-0.00015419374216305777
8575.0,-0.00015473101832846263
8576.0,-0.00015524394863616572
8577.0,-0.00015573233146315576
8578.0,-0.000156195974338134
8579.0,-0.0001566346941129132
8580.0,-0.0001570483171228756
8581.0,-0.00015743667933616683
8582.0,-0.00015779962649132084
8583.0,-0.0001581370142230304
8584.0,-0.00015844870817579795
8585.0,-0.00015873458410522377
8586.0,-0.00015899452796671177
8587.0,-0.00015922843599140018
8588.0,-0.00015943621474915162
8589.0,-0.0001596177811984677
8590.0,-0.0001597730627232219
8591.0,-0.0001599019971561314
8592.0,-0.00016000453278891663
8593.0,-0.00016008062836912138
8594.0,-0.00016013025308359556
8595.0,-0.00016015338652867052
8596.0,-0.00016015001866708753
8597.0,-0.0001601201497717713
8598.0,-0.0001600637903565742
8599.0,-0.00015998096109415331
8600.0,-0.0001598716927211827
8601.0,-0.00015973602593114515
8602.0,-0.000159574011254992
8603.0,-0.00015938570892999807
8604.0,-0.00015917118875717682
8605.0,-0.00015893052994765382
8606.0,-0.00015866382095843
8607.0,-0.00015837115931799823
8608.0,-0.00015805265144230865
8609.0,-0.00015770841244160865
8610.0,-0.00015733856591871166
8611.0,-0.00015694324375927654
8612.0,-0.0001565225859147034
8613.0,-0.000156076740178275
8614.0,-0.00015560586195519015
8615.0,-0.00015511011402714864
8616.0,-0.00015458966631215409
8617.0,-0.00015404469562020184
8618.0,-0.00015347538540551938
8619.0,-0.00015288192551602173
8620.0,-0.00015226451194064118
8621.0,-0.00015162334655518468
8622.0,-0.00015095863686736616
8623.0,-0.00015027059576165334
8624.0,-0.0001495594412445598
8625.0,-0.00014882539619100342
8626.0,-0.00014806868809233846
8627.0,-0.00014728954880665268
8628.0,-0.00014648821431190057
8629.0,-0.0001456649244624201
8630.0,-0.00014481992274935406
8631.0,-0.00014395345606547127
8632.0,-0.00014306577447485485
8633.0,-0.00014215713098789876
8634.0,-0.00014122778134202822
8635.0,-0.00014027798378853098
8636.0,-0.00013930799888585893
8637.0,-0.0001383180892997271
8638.0,-0.00013730851961030416
8639.0,-0.00013627955612675177
8640.0,-0.00013523146670933522
8641.0,-0.0001341645205992899
8642.0,-0.0001330789882565901
8643.0,-0.0001319751412057291
8644.0,-0.0001308532518895834
8645.0,-0.000129713593531398
8646.0,-0.0001285564400048996
8647.0,-0.00012738206571251594
8648.0,-0.0001261907454716513
8649.0,-0.00012498275440893996
8650.0,-0.00012375836786237144
8651.0,-0.000122517861291152
8652.0,-0.00012126151019313906
8653.0,-0.00011998959002965707
8654.0,-0.00011870237615747522
8655.0,-0.00011740014376769994
8656.0,-0.00011608316783131047
8657.0,-0.00011475172305104376
8658.0,-0.00011340608381931665
8659.0,-0.00011204652418185667
8660.0,-0.00011067331780669683
8661.0,-0.00010928673795817411
8662.0,-0.00010788705747555752
8663.0,-0.0001064745487559176
8664.0,-0.00010504948374083709
8665.0,-0.00010361213390655126
8666.0,-0.00010216277025709792
8667.0,-0.00010070166332004841
8668.0,-9.922908314438743e-05
8669.0,-9.774529930010902e-05
8670.0,-9.625058087910074e-05
8671.0,-9.474519649689601e-05
8672.0,-9.322941429488624e-05
8673.0,-9.170350194259915e-05
8674.0,-9.016772663966591e-05
8675.0,-8.862235511711661e-05
8676.0,-8.706765363766266e-05
8677.0,-8.550388799464485e-05
8678.0,-8.393132350934885e-05
8679.0,-8.235022502641366e-05
8680.0,-8.076085690708451e-05
8681.0,-7.916348302008868e-05
8682.0,-7.75583667299431e-05
8683.0,-7.594577088253195e-05
8684.0,-7.432595778782257e-05
8685.0,-7.269918919961588e-05
8686.0,-7.106572629225699e-05
8687.0,-6.942582963425698e-05
8688.0,-6.777975915880115e-05
8689.0,-6.612777413114107e-05
8690.0,-6.447013311288815e-05
8691.0,-6.280709392324552e-05
8692.0,-6.113891359723146e-05
8693.0,-5.946584834096581e-05
8694.0,-5.778815348410563e-05
8695.0,-5.610608342953416e-05
8696.0,-5.4419891600421716e-05
8697.0,-5.2729830384792086e-05
8698.0,-5.10361510777445e-05
8699.0,-4.933910382149282e-05
8700.0,-4.763893754339685e-05
8701.0,-4.5935899892169516e-05
8702.0,-4.423023717245239e-05
8703.0,-4.2522194277958884e-05
8704.0,-4.081201462338958e-05
8705.0,-3.9099940075329226e-05
8706.0,-3.738621088233735e-05
8707.0,-3.567106560444685e-05
8708.0,-3.39547410422871e-05
8709.0,-3.2237472166048295e-05
8710.0,-3.051949204450605e-05
8711.0,-2.880103177432507e-05
8712.0,-2.708232040986323e-05
8713.0,-2.536358489369826e-05
8714.0,-2.364504998810313e-05
8715.0,-2.192693820769886e-05
8716.0,-2.020946975351815e-05
8717.0,-1.8492862448716994e-05
8718.0,-1.6777331676174473e-05
8719.0,-1.5063090318222371e-05
8720.0,-1.3350348698746228e-05
8721.0,-1.1639314527897184e-05
8722.0,-9.930192849650327e-06
8723.0,-8.223185992439202e-06
8724.0,-6.518493523088527e-06
8725.0,-4.816312204258447e-06
8726.0,-3.116835955601686e-06
8727.0,-1.4202558188223803e-06
8728.0,2.7324007318962884e-07
8729.0,1.9634665229915243e-06
8730.0,3.6502412908475055e-06
8731.0,5.333385112493515e-06
8732.0,7.012721712302571e-06
8733.0,8.688077811765253e-06
8734.0,1.0359283133217447e-05
8735.0,1.2026170398765325e-05
8736.0,1.3688575324375402e-05
8737.0,1.53463366091144e-05
8738.0,1.699929591954072e-05
8739.0,1.8647297869267933e-05
8740.0,2.0290189993738336e-05
8741.0,2.1927822720264116e-05
8742.0,2.3560049333412855e-05
8743.0,2.518672593583358e-05
8744.0,2.680771140463823e-05
8745.0,2.842286734347135e-05
8746.0,3.00320580304188e-05
8747.0,3.163515036192492e-05
8748.0,3.323201379290569e-05
8749.0,3.482252027326511e-05
8750.0,3.6406544181040836e-05
8751.0,3.798396225242502e-05
8752.0,3.95546535089243e-05
8753.0,4.111849918194125e-05
8754.0,4.26753826350755e-05
8755.0,4.422518928445613e-05
8756.0,4.576780651742834e-05
8757.0,4.730312360992568e-05
8758.0,4.8831031642864795e-05
8759.0,5.035142341790231e-05
8760.0,5.186419337289502e-05
8761.0,5.336923749740449e-05
8762.0,5.4866453248585175e-05
8763.0,5.635573946779331e-05
8764.0,5.783699629825004e-05
8765.0,5.9310125104085646e-05
8766.0,6.0775028391084175e-05
8767.0,6.223160972943627e-05
8768.0,6.367977367879595e-05
8769.0,6.511942571592395e-05
8770.0,6.655047216518552e-05
8771.0,6.797282013215779e-05
8772.0,6.938637744058785e-05
8773.0,7.079105257293077e-05
8774.0,7.21867546146814e-05
8775.0,7.357339320269924e-05
8776.0,7.495087847770904e-05
8777.0,7.631912104113988e-05
8778.0,7.767803191644343e-05
8779.0,7.902752251500784e-05
8780.0,8.036750460675742e-05
8781.0,8.169789029550319e-05
8782.0,8.301859199908486e-05
8783.0,8.432952243432422e-05
8784.0,8.563059460679064e-05
8785.0,8.692172180536005e-05
8786.0,8.8202817601531e-05
8787.0,8.947379585344233e-05
8788.0,9.073457071451815e-05
8789.0,9.198505664664517e-05
8790.0,9.322516843776611e-05
8791.0,9.445482122375309e-05
8792.0,9.567393051440461e-05
8793.0,9.688241222339066e-05
8794.0,9.808018270195194e-05
8795.0,9.926715877614295e-05
8796.0,0.00010044325778739192
8797.0,0.0001016083976361339
8798.0,0.00010276249682825508
8799.0,0.00010390547452407001
8800.0,0.00010503725058953685
8801.0,0.00010615774564939852
8802.0,0.00010726688114191921
8803.0,0.00010836457937486997
8804.0,0.00010945076358240597
8805.0,0.00011052535798247377
8806.0,0.00011158828783438441
8807.0,0.00011263947949618687
8808.0,0.0001136788604814797
8809.0,0.0001147063595153065
8810.0,0.00011572190658879259
8811.0,0.00011672543301219224
8812.0,0.00011771687146602801
8813.0,0.00011869615605001626
8814.0,0.00011966322232948984
8815.0,0.00012061800737904939
8816.0,0.0001215604498231953
8817.0,0.00012249048987371288
8818.0,0.00012340806936360287
8819.0,0.00012431313177737246
8820.0,0.00012520562227752463
8821.0,0.00012608548772710868
8822.0,0.0001269526767082174
8823.0,0.00012780713953633742
8824.0,0.0001286488282704817
8825.0,0.0001294776967190548
8826.0,0.00013029370044142342
8827.0,0.00013109679674518467
8828.0,0.00013188694467914424
8829.0,0.00013266410502203512
8830.0,0.000133428240267031
8831.0,0.00013417931460213615
8832.0,0.00013491729388656666
8833.0,0.00013564214562327147
8834.0,0.00013635383892777325
8835.0,0.00013705234449353654
8836.0,0.00013773763455409061
8837.0,0.00013840968284215108
8838.0,0.00013906846454599545
8839.0,0.00013971395626335726
8840.0,0.00014034613595311003
8841.0,0.00014096498288501718
8842.0,0.00014157047758782618
8843.0,0.00014216260179598778
8844.0,0.00014274133839527973
8845.0,0.00014330667136761322
8846.0,0.0001438585857352958
8847.0,0.00014439706750501966
8848.0,0.00014492210361183934
8849.0,0.00014543368186339722
8850.0,0.0001459317908846524
8851.0,0.00014641642006336405
8852.0,0.00014688755949657706
8853.0,0.00014734519993835483
8854.0,0.00014778933274899996
8855.0,0.0001482199498460001
8856.0,0.00014863704365693058
8857.0,0.00014904060707453734
8858.0,0.00014943063341421549
8859.0,0.00014980711637408556
8860.0,0.00015017004999785864
8861.0,0.00015051942864066696
8862.0,0.00015085524693802206
8863.0,0.00015117749977804778
8864.0,0.00015148618227711803
8865.0,0.00015178128975901282
8866.0,0.000152062817737688
8867.0,0.00015233076190373558
8868.0,0.0001525851181145912
8869.0,0.00015282588238852573
8870.0,0.0001530530509024363
8871.0,0.00015326661999343077
8872.0,0.0001534665861641824
8873.0,0.00015365294609201023
8874.0,0.00015382569664162797
8875.0,0.00015398483488148737
8876.0,0.0001541303581036326
8877.0,0.00015426226384697054
8878.0,0.0001543805499238539
8879.0,0.00015448521444986422
8880.0,0.00015457625587667225
8881.0,0.00015465367302784183
8882.0,0.0001547174651374322
8883.0,0.0001547676318912389
8884.0,0.0001548041734705016
8885.0,0.0001548270905978914
8886.0,0.0001548363845855766
8887.0,0.0001548320573851521
8888.0,0.00015481411163920493
8889.0,0.00015478255073427796
8890.0,0.00015473737885498453
8891.0,0.0001546786010390203
8892.0,0.00015460622323281462
8893.0,0.00015452025234756115
8894.0,0.00015442069631536995
8895.0,0.00015430756414528605
8896.0,0.00015418086597892444
8897.0,0.00015404061314547968
8898.0,0.00015388681821587352
8899.0,0.00015371949505581267
8900.0,0.00015353865887753537
8901.0,0.0001533443262900312
8902.0,0.00015313651534752323
8903.0,0.000152915245596005
8904.0,0.00015268053811762623
8905.0,0.00015243241557272294
8906.0,0.00015217090223928738
8907.0,0.00015189602404967384
8908.0,0.00015160780862433687
8909.0,0.00015130628530240017
8910.0,0.00015099148516885814
8911.0,0.00015066344107821686
8912.0,0.0001503221876743889
8913.0,0.00014996776140666635
8914.0,0.000149600200541607
8915.0,0.00014921954517068336
8916.0,0.00014882583721355697
8917.0,0.00014841912041685872
8918.0,0.00014799944034837105
8919.0,0.00014756684438652757
8920.0,0.00014712138170516374
8921.0,0.00014666310325347186
8922.0,0.00014619206173113305
8923.0,0.00014570831155861884
8924.0,0.00014521190884267388
8925.0,0.0001447029113370107
8926.0,0.00014418137839826547
8927.0,0.00014364737093727954
8928.0,0.00014310095136578762
8929.0,0.00014254218353860747
8930.0,0.0001419711326914411
8931.0,0.00014138786537441173
8932.0,0.0001407924493814777
8933.0,0.0001401849536758809
8934.0,0.00013956544831180464
8935.0,0.0001389340043524351
8936.0,0.00013829069378463855
8937.0,0.00013763558943048732
8938.0,0.00013696876485588426
8939.0,0.00013629029427655626
8940.0,0.0001356002524617039
8941.0,0.0001348987146356117
8942.0,0.00013418575637754132
8943.0,0.00013346145352024388
8944.0,0.00013272588204743963
8945.0,0.00013197911799062362
8946.0,0.00013122123732556133
8947.0,0.00013045231586884
8948.0,0.0001296724291748421
8949.0,0.00012888165243350307
8950.0,0.00012808006036920901
8951.0,0.00012726772714118418
8952.0,0.00012644472624570715
8953.0,0.0001256111304204855
8954.0,0.00012476701155150768
8955.0,0.00012391244058267964
8956.0,0.0001230474874285444
8957.0,0.0001221722208903745
8958.0,0.0001212867085759193
8959.0,0.00012039101682308293
8960.0,0.00011948521062780126
8961.0,0.00011856935357638022
8962.0,0.0001176435077825496
8963.0,0.0001167077338294765
8964.0,0.00011576209071696882
8965.0,0.00011480663581408207
8966.0,0.00011384142481732339
8967.0,0.000112866511714621
8968.0,0.00011188194875520136
8969.0,0.00011088778642548564
8970.0,0.00010988407343108423
8971.0,0.00010887085668493357
8972.0,0.0001078481813015853
8973.0,0.00010681609059762359
8974.0,0.00010577462609815319
8975.0,0.00010472382754927034
8976.0,0.0001036637329363984
8977.0,0.00010259437850834351
8978.0,0.00010151579880690167
8979.0,0.00010042802670182709
8980.0,9.933109343095322e-05
8981.0,9.822502864524216e-05
8982.0,9.71098604585258e-05
8983.0,9.598561550169133e-05
8984.0,9.485231898105643e-05
8985.0,9.37099947406737e-05
8986.0,9.255866532829946e-05
8987.0,9.139835206475991e-05
8988.0,9.022907511644389e-05
8989.0,8.90508535706501e-05
8990.0,8.78637055135125e-05
8991.0,8.666764811022411e-05
8992.0,8.546269768727608e-05
8993.0,8.424886981642492e-05
8994.0,8.30261794000964e-05
8995.0,8.179464075793403e-05
8996.0,8.055426771419854e-05
8997.0,7.930507368572666e-05
8998.0,7.804707177016e-05
8999.0,7.678027483416051e-05
9000.0,7.550469560133462e-05
9001.0,7.422034673959806e-05
9002.0,7.292724094772197e-05
9003.0,7.16253910408138e-05
9004.0,7.031481003449923e-05
9005.0,6.899551122758744e-05
9006.0,6.76675082830185e-05
9007.0,6.633081530691e-05
9008.0,6.49854469255404e-05
9009.0,6.363141836012787e-05
9010.0,6.226874549928647e-05
9011.0,6.089744496906334e-05
9012.0,5.951753420048313e-05
9013.0,5.8129031494546905e-05
9014.0,5.673195608465178e-05
9015.0,5.532632819641642e-05
9016.0,5.391216910491649e-05
9017.0,5.2489501189351405e-05
9018.0,5.1058347985181535e-05
9019.0,4.961873423379372e-05
9020.0,4.817068592977047e-05
9021.0,4.671423036585843e-05
9022.0,4.5249396175749474e-05
9023.0,4.3776213374804786e-05
9024.0,4.229471339886755e-05
9025.0,4.080492914131999e-05
9026.0,3.930689498855166e-05
9027.0,3.7800646854012815e-05
9028.0,3.628622221103348e-05
9029.0,3.4763660124593394e-05
9030.0,3.323300128223365e-05
9031.0,3.169428802430605e-05
9032.0,3.0147564373761762e-05
9033.0,2.8592876065682048e-05
9034.0,2.7030270576754297e-05
9035.0,2.5459797154891536e-05
9036.0,2.388150684918553e-05
9037.0,2.229545254037364e-05
9038.0,2.0701688971988717e-05
9039.0,1.910027278234912e-05
9040.0,1.7491262537535832e-05
9041.0,1.5874718765492692e-05
9042.0,1.4250703991378682e-05
9043.0,1.261928277429436e-05
9044.0,1.0980521745498368e-05
9045.0,9.33448964822327e-06
9046.0,7.681257379192032e-06
9047.0,6.020898031928368e-06
9048.0,4.35348694194408e-06
9049.0,2.67910173387691e-06
9050.0,9.978223706431179e-07
9051.0,-6.902687953405813e-07
9052.0,-2.3850869688206593e-06
9053.0,-4.0865448562185614e-06
9054.0,-5.79455260796261e-06
9055.0,-7.5090177586211715e-06
9056.0,-9.22984516483039e-06
9057.0,-1.0956936941020972e-05
9058.0,-1.269019239296052e-05
9059.0,-1.4429507949138338e-05
9060.0,-1.6174777090028757e-05
9061.0,-1.7925890275277363e-05
9062.0,-1.9682734868860106e-05
9063.0,-2.1445195062272143e-05
9064.0,-2.321315179580769e-05
9065.0,-2.498648267799777e-05
9066.0,-2.6765061903277974e-05
9067.0,-2.8548760167965235e-05
9068.0,-3.0337444584630366e-05
9069.0,-3.2130978594961195e-05
9070.0,-3.3929221881218734e-05
9071.0,-3.573203027639626e-05
9072.0,-3.753925567319809e-05
9073.0,-3.935074593196276e-05
9074.0,-4.116634478766473e-05
9075.0,-4.2985891756141724e-05
9076.0,-4.480922203970955e-05
9077.0,-4.663616643234384e-05
9078.0,-4.8466551224627e-05
9079.0,-5.030019810867958e-05
9080.0,-5.213692408331379e-05
9081.0,-5.39765413596663e-05
9082.0,-5.5818857267583465e-05
9083.0,-5.766367416304706e-05
9084.0,-5.951078933694374e-05
9085.0,-6.135999492549703e-05
9086.0,-6.321107782269702e-05
9087.0,-6.506381959508086e-05
9088.0,-6.69179963992334e-05
9089.0,-6.877337890239092e-05
9090.0,-7.06297322065404e-05
9091.0,-7.248681577641053e-05
9092.0,-7.434438337175049e-05
9093.0,-7.620218298428652e-05
9094.0,-7.805995677973945e-05
9095.0,-7.991744104527662e-05
9096.0,-8.177436614276469e-05
9097.0,-8.363045646818398e-05
9098.0,-8.54854304175617e-05
9099.0,-8.733900035977788e-05
9100.0,-8.919087261659577e-05
9101.0,-9.104074745026428e-05
9102.0,-9.288831905903651e-05
9103.0,-9.473327558094084e-05
9104.0,-9.657529910613246e-05
9105.0,-9.841406569814072e-05
9106.0,-0.00010024924542431265
9107.0,-0.00010208050239573798
9108.0,-0.00010390749481692544
9109.0,-0.00010572987504548706
9110.0,-0.00010754728966207208
9111.0,-0.00010935937955077612
9112.0,-0.0001111657799902308
9113.0,-0.00011296612075555542
9114.0,-0.00011476002623132379
9115.0,-0.00011654711553566767
9116.0,-0.00011832700265560299
9117.0,-0.00012009929659362843
9118.0,-0.00012186360152560916
9119.0,-0.00012361951696992197
9120.0,-0.0001253666379678044
9121.0,-0.00012710455527481857
9122.0,-0.00012883285556331112
9123.0,-0.00013055112163571936
9124.0,-0.00013225893264854477
9125.0,-0.00013395586434678577
9126.0,-0.00013564148930859436
9127.0,-0.00013731537719989181
9128.0,-0.00013897709503864756
9129.0,-0.00014062620746849288
9130.0,-0.0001422622770413102
9131.0,-0.0001438848645084124
9132.0,-0.0001454935291199021
9133.0,-0.00014708782893178152
9134.0,-0.0001486673211203619
9135.0,-0.0001502315623035026
9136.0,-0.00015178010886819044
9137.0,-0.00015331251730394682
9138.0,-0.00015482834454152934
9139.0,-0.00015632714829636978
9140.0,-0.00015780848741616847
9141.0,-0.00015927192223204523
9142.0,-0.00016071701491263122
9143.0,-0.0001621433298204767
9144.0,-0.00016355043387014382
9145.0,-0.00016493789688734904
9146.0,-0.00016630529196851677
9147.0,-0.00016765219584010383
9148.0,-0.00016897818921705733
9149.0,-0.00017028285715977535
9150.0,-0.00017156578942894977
9151.0,-0.00017282658083767928
9152.0,-0.0001740648316002491
9153.0,-0.00017528014767698532
9154.0,-0.00017647214111460603
9155.0,-0.00017764043038151104
9156.0,-0.00017878464069747665
9157.0,-0.00017990440435724605
9158.0,-0.00018099936104753108
9159.0,-0.00018206915815696526
9160.0,-0.00018311345107856815
9161.0,-0.00018413190350430049
9162.0,-0.00018512418771130394
9163.0,-0.00018608998483943154
9164.0,-0.0001870289851596847
9165.0,-0.00018794088833318256
9166.0,-0.00018882540366030266
9167.0,-0.0001896822503196498
9168.0,-0.00019051115759653132
9169.0,-0.0001913118651006401
9170.0,-0.00019208412297266647
9171.0,-0.00019282769207958162
9172.0,-0.00019354234419835108
9173.0,-0.00019422786218785168
9174.0,-0.00019488404014877923
9175.0,-0.00019551068357134564
9176.0,-0.00019610760947058183
9177.0,-0.00019667464650907821
9178.0,-0.00019721163510701825
9179.0,-0.0001977184275393817
9180.0,-0.00019819488802021992
9181.0,-0.00019864089277393148
9182.0,-0.00019905633009349336
9183.0,-0.00019944110038562718
9184.0,-0.0001997951162029008
9185.0,-0.00020011830226278178
9186.0,-0.00020041059545367255
9187.0,-0.0002006719448279693
9188.0,-0.00020090231158219996
9189.0,-0.0002011016690243095
9190.0,-0.0002012700025281775
9191.0,-0.0002014073094754692
9192.0,-0.0002015135991849431
9193.0,-0.0002015888928293626
9194.0,-0.00020163322334018592
9195.0,-0.0002016466353002363
9196.0,-0.0002016291848245807
9197.0,-0.0002015809394298684
9198.0,-0.0002015019778924034
9199.0,-0.00020139239009525091
9200.0,-0.0002012522768647053
9201.0,-0.000201081749796476
9202.0,-0.00020088093107197968
9203.0,-0.00020064995326515595
9204.0,-0.00020038895914025552
9205.0,-0.0002000981014410815
9206.0,-0.00019977754267219586
9207.0,-0.000199427454872631
9208.0,-0.00019904801938266996
9209.0,-0.0001986394266042739
9210.0,-0.00019820187575574755
9211.0,-0.00019773557462124088
9212.0,-0.0001972407392956881
9213.0,-0.0001967175939257857
9214.0,-0.00019616637044760822
9215.0,-0.0001955873083214536
9216.0,-0.00019498065426450253
9217.0,-0.00019434666198186564
9218.0,-0.00019368559189658228
9219.0,-0.0001929977108791178
9220.0,-0.00019228329197689092
9221.0,-0.00019154261414434197
9222.0,-0.0001907759619740331
9223.0,-0.0001899836254292545
9224.0,-0.00018916589957859183
9225.0,-0.00018832308433289647
9226.0,-0.00018745548418508309
9227.0,-0.00018656340795316566
9228.0,-0.00018564716852692803
9229.0,-0.00018470708261861068
9230.0,-0.0001837434705179803
9231.0,-0.00018275665585213116
9232.0,-0.00018174696535034718
9233.0,-0.0001807147286143341
9234.0,-0.00017966027789410505
9235.0,-0.00017858394786977985
9236.0,-0.0001774860754395274
9237.0,-0.00017636699951385055
9238.0,-0.00017522706081637838
9239.0,-0.0001740666016912976
9240.0,-0.00017288596591751856
9241.0,-0.00017168549852963671
9242.0,-0.00017046554564571255
9243.0,-0.00016922645430185655
9244.0,-0.0001679685722935698
9245.0,-0.00016669224802375596
9246.0,-0.00016539783035728905
9247.0,-0.00016408566848199134
9248.0,-0.0001627561117758501
9249.0,-0.0001614095096802801
9250.0,-0.0001600462115792228
9251.0,-0.00015866656668386174
9252.0,-0.00015727092392272757
9253.0,-0.00015585963183696182
9254.0,-0.0001544330384805072
9255.0,-0.00015299149132499244
9256.0,-0.00015153533716908213
9257.0,-0.0001500649220520677
9258.0,-0.00014858059117147981
9259.0,-0.00014708268880450796
9260.0,-0.00014557155823301764
9261.0,-0.00014404754167195969
9262.0,-0.0001425109802009727
9263.0,-0.00014096221369898473
9264.0,-0.00013940158078162458
9265.0,-0.00013782941874125647
9266.0,-0.0001362460634894528
9267.0,-0.0001346518495017226
9268.0,-0.0001330471097643184
9269.0,-0.00013143217572295153
9270.0,-0.0001298073772332552
9271.0,-0.00012817304251284351
9272.0,-0.00012652949809482117
9273.0,-0.00012487706878260406
9274.0,-0.00012321607760591296
9275.0,-0.000121546845777807
9276.0,-0.00011986969265262537
9277.0,-0.0001181849356847131
9278.0,-0.00011649289038781724
9279.0,-0.00011479387029505347
9280.0,-0.00011308818691936159
9281.0,-0.00011137614971438417
9282.0,-0.00010965806603572376
9283.0,-0.00010793424110254674
9284.0,-0.00010620497795951501
9285.0,-0.00010447057743903282
9286.0,-0.00010273133812379737
9287.0,-0.00010098755630963779
9288.0,-9.923952596861755e-05
9289.0,-9.748753871236574e-05
9290.0,-9.573188375559373e-05
9291.0,-9.397284787974793e-05
9292.0,-9.221071539674895e-05
9293.0,-9.044576811277218e-05
9294.0,-8.867828529203252e-05
9295.0,-8.690854362054631e-05
9296.0,-8.513681716985275e-05
9297.0,-8.336337736068263e-05
9298.0,-8.158849292656581e-05
9299.0,-7.981242987736843e-05
9300.0,-7.803545146275346e-05
9301.0,-7.625781813556281e-05
9302.0,-7.447978751512904e-05
9303.0,-7.270161435053862e-05
9304.0,-7.09235504838866e-05
9305.0,-6.914584481358011e-05
9306.0,-6.736874325776383e-05
9307.0,-6.559248871795225e-05
9308.0,-6.381732104296225e-05
9309.0,-6.204347699323979e-05
9310.0,-6.027119020567369e-05
9311.0,-5.8500691158984346e-05
9312.0,-5.6732207139771507e-05
9313.0,-5.496596220930392e-05
9314.0,-5.320217717113746e-05
9315.0,-5.144106953965645e-05
9316.0,-4.9682853509644976e-05
9317.0,-4.792773992700639e-05
9318.0,-4.6175936260757193e-05
9319.0,-4.4427646576423045e-05
9320.0,-4.268307151095896e-05
9321.0,-4.0942408249304075e-05
9322.0,-3.920585050266897e-05
9323.0,-3.7473588488641144e-05
9324.0,-3.574580891318621e-05
9325.0,-3.402269495461861e-05
9326.0,-3.230442624961641e-05
9327.0,-3.0591178881359506e-05
9328.0,-2.8883125369877838e-05
9329.0,-2.7180434664701944e-05
9330.0,-2.548327213991256e-05
9331.0,-2.3791799591684642e-05
9332.0,-2.210617523841305e-05
9333.0,-2.042655372349571e-05
9334.0,-1.8753086120832147e-05
9335.0,-1.7085919943081974e-05
9336.0,-1.5425199152715663e-05
9337.0,-1.3771064175884036e-05
9338.0,-1.2123651919132574e-05
9339.0,-1.0483095788988965e-05
9340.0,-8.84952571445478e-06
9341.0,-7.223068172430071e-06
9342.0,-5.603846216090683e-06
9343.0,-3.991979506221666e-06
9344.0,-2.387584345487609e-06
9345.0,-7.907737155943848e-07
9346.0,7.983426827301755e-07
9347.0,2.37965838703189e-06
9348.0,3.953070127812595e-06
9349.0,5.5184777807165035e-06
9350.0,7.075784316332688e-06
9351.0,8.624895747715643e-06
9352.0,1.016572107571137e-05
9353.0,1.1698172232164466e-05
9354.0,1.3222164021075506e-05
9355.0,1.4737614057779727e-05
9356.0,1.6244442706225793e-05
9357.0,1.7742573014445023e-05
9358.0,1.9231930648312462e-05
9359.0,2.0712443823710694e-05
9360.0,2.218404323721294e-05
9361.0,2.3646661995404495e-05
9362.0,2.5100235542963525e-05
9363.0,2.6544701589625e-05
9364.0,2.798000003615955e-05
9365.0,2.940607289951223e-05
9366.0,3.082286423726397e-05
9367.0,3.223032007159756e-05
9368.0,3.3628388312965276e-05
9369.0,3.501701868366378e-05
9370.0,3.639616264151954e-05
9371.0,3.776577330387523e-05
9372.0,3.912580537204689e-05
9373.0,4.0476215056395716e-05
9374.0,4.181696000213583e-05
9375.0,4.314799921597981e-05
9376.0,4.446929299371521e-05
9377.0,4.5780802848804824e-05
9378.0,4.708249144211009e-05
9379.0,4.8374322512847044e-05
9380.0,4.96562608108935e-05
9381.0,5.092827203057355e-05
9382.0,5.2190322746048217e-05
9383.0,5.3442380348442867e-05
9384.0,5.468441298484353e-05
9385.0,5.5916389499298725e-05
9386.0,5.713827937597007e-05
9387.0,5.8350052684577975e-05
9388.0,5.955168002828939e-05
9389.0,6.074313249418667e-05
9390.0,6.192438160643963e-05
9391.0,6.309539928227444e-05
9392.0,6.425615779079497e-05
9393.0,6.540662971467281e-05
9394.0,6.654678791468499e-05
9395.0,6.76766054970487e-05
9396.0,6.879605578348338e-05
9397.0,6.990511228392428e-05
9398.0,7.100374867181542e-05
9399.0,7.209193876192246e-05
9400.0,7.316965649061738e-05
9401.0,7.423687589859724e-05
9402.0,7.529357111600511e-05
9403.0,7.633971634992175e-05
9404.0,7.737528587419313e-05
9405.0,7.840025402155292e-05
9406.0,7.941459517799686e-05
9407.0,8.041828377937439e-05
9408.0,8.141129431017902e-05
9409.0,8.239360130454117e-05
9410.0,8.336517934944494e-05
9411.0,8.432600309020042e-05
9412.0,8.527604723820113e-05
9413.0,8.621528658098294e-05
9414.0,8.714369599457571e-05
9415.0,8.806125045810488e-05
9416.0,8.896792507056188e-05
9417.0,8.986369506962869e-05
9418.0,9.074853585242133e-05
9419.0,9.162242299801515e-05
9420.0,9.248533229162836e-05
9421.0,9.333723975036514e-05
9422.0,9.417812165044687e-05
9423.0,9.500795455588344e-05
9424.0,9.582671534855243e-05
9425.0,9.663438125965758e-05
9426.0,9.743092990253057e-05
9427.0,9.821633930672464e-05
9428.0,9.89905879533274e-05
9429.0,9.975365481140352e-05
9430.0,0.00010050551937546668
9431.0,0.0001012461617038755
9432.0,0.00010197556245804982
9433.0,0.00010269370294240298
9434.0,0.00010340056514488282
9435.0,0.00010409613177800191
9436.0,0.00010478038632021716
9437.0,0.00010545331305749146
9438.0,0.0001061148971248396
9439.0,0.00010676512454763295
9440.0,0.00010740398228242105
9441.0,0.00010803145825702382
9442.0,0.00010864754140965958
9443.0,0.00010925222172689476
9444.0,0.00010984549028022904
9445.0,0.00011042733926115882
9446.0,0.00011099776201458726
9447.0,0.00011155675307047107
9448.0,0.00011210430817360822
9449.0,0.00011264042431148077
9450.0,0.00011316509974007467
9451.0,0.00011367833400760496
9452.0,0.0001141801279760835
9453.0,0.0001146704838406723
9454.0,0.00011514940514676997
9455.0,0.00011561689680477493
9456.0,0.000116072965102461
9457.0,0.00011651761771488713
9458.0,0.00011695086371175116
9459.0,0.00011737271356208645
9460.0,0.00011778317913619829
9461.0,0.00011818227370474236
9462.0,0.00011857001193486553
9463.0,0.0001189464098833546
9464.0,0.000119311484986773
9465.0,0.00011966525604860136
9466.0,0.0001200077432234319
9467.0,0.00012033896799829689
9468.0,0.0001206589531712339
9469.0,0.0001209677228272077
9470.0,0.00012126530231151944
9471.0,0.00012155171820084195
9472.0,0.0001218269982720258
9473.0,0.0001220911714688259
9474.0,0.00012234426786670278
9475.0,0.00012258631863585427
9476.0,0.00012281735600263173
9477.0,0.00012303741320948664
9478.0,0.0001232465244735807
9479.0,0.0001234447249441765
9480.0,0.0001236320506589107
9481.0,0.00012380853849903924
9482.0,0.0001239742261437386
9483.0,0.00012412915202354886
9484.0,0.00012427335527305283
9485.0,0.0001244068756829003
9486.0,0.00012452975365130487
9487.0,0.00012464203013515956
9488.0,0.00012474374660093274
9489.0,0.00012483494497551658
9490.0,0.00012491566759720483
9491.0,0.00012498595716697457
9492.0,0.00012504585670024303
9493.0,0.0001250954094792629
9494.0,0.00012513465900631097
9495.0,0.00012516364895781776
9496.0,0.00012518242313957378
9497.0,0.00012519102544313753
9498.0,0.0001251894998035565
9499.0,0.00012517789015849682
9500.0,0.00012515624040886284
9501.0,0.0001251245943809726
9502.0,0.00012508299579034568
9503.0,0.00012503148820715163
9504.0,0.00012497011502336612
9505.0,0.00012489891942168093
9506.0,0.0001248179443462208
9507.0,0.00012472723247512415
9508.0,0.0001246268261950512
9509.0,0.00012451676757768807
9510.0,0.00012439709835831666
9511.0,0.0001242678599165176
9512.0,0.00012412909325906852
9513.0,0.00012398083900509038
9514.0,0.00012382313737348716
9515.0,0.000123656028172711
9516.0,0.0001234795507928746
9517.0,0.00012329374420021728
9518.0,0.0001230986469339178
9519.0,0.00012289429710523017
9520.0,0.0001226807323989026
9521.0,0.00012245799007682258
9522.0,0.00012222610698381554
9523.0,0.00012198511955551134
9524.0,0.00012173506382818084
9525.0,0.00012147597545043927
9526.0,0.00012120788969670763
9527.0,0.0001209308414823244
9528.0,0.0001206448653802
9529.0,0.0001203499956389102
9530.0,0.00012004626620212598
9531.0,0.00011973371072928043
9532.0,0.00011941236261737387
9533.0,0.00011908225502381958
9534.0,0.00011874342089023002
9535.0,0.00011839589296704271
9536.0,0.00011803970383887982
9537.0,0.00011767488595053303
9538.0,0.00011730147163346098
9539.0,0.00011691949313268379
9540.0,0.00011652898263395365
9541.0,0.00011612997229107922
9542.0,0.00011572249425327676
9543.0,0.0001153065806924214
9544.0,0.00011488226383007053
9545.0,0.00011444957596413362
9546.0,0.0001140085494950636
9547.0,0.00011355921695144757
9548.0,0.00011310161101487831
9549.0,0.00011263576454399179
9550.0,0.00011216171059756312
9551.0,0.00011167948245655822
9552.0,0.00011118911364504537
9553.0,0.00011069063794987675
9554.0,0.0001101840894390562
9555.0,0.00010966950247871521
9556.0,0.00010914691174862475
9557.0,0.00010861635225617253
9558.0,0.00010807785934873752
9559.0,0.00010753146872439186
9560.0,0.00010697721644085991
9561.0,0.00010641513892266272
9562.0,0.00010584527296637742
9563.0,0.00010526765574394332
9564.0,0.00010468232480395195
9565.0,0.00010408931807086478
9566.0,0.00010348867384211226
9567.0,0.00010288043078303617
9568.0,0.00010226462791964718
9569.0,0.0001016413046291784
9570.0,0.00010101050062842565
9571.0,0.00010037225595987568
9572.0,9.972661097563554e-05
9573.0,9.907360631918945e-05
9574.0,9.841328290502397e-05
9575.0,9.774568189617532e-05
9576.0,9.707084467976909e-05
9577.0,9.638881284063372e-05
9578.0,9.569962813308096e-05
9579.0,9.50033324509524e-05
9580.0,9.429996779603483e-05
9581.0,9.358957624494755e-05
9582.0,9.287219991460473e-05
9583.0,9.214788092635614e-05
9584.0,9.141666136891038e-05
9585.0,9.067858326014954e-05
9586.0,8.993368850794869e-05
9587.0,8.918201887012126e-05
9588.0,8.842361591361841e-05
9589.0,8.765852097311539e-05
9590.0,8.688677510912448e-05
9591.0,8.610841906577652e-05
9592.0,8.532349322841729e-05
9593.0,8.453203758116852e-05
9594.0,8.373409166460841e-05
9595.0,8.292969453373157e-05
9596.0,8.211888471635546e-05
9597.0,8.130170017214491e-05
9598.0,8.047817825243192e-05
9599.0,7.964835566100734e-05
9600.0,7.881226841605989e-05
9601.0,7.796995181343137e-05
9602.0,7.712144039134813e-05
9603.0,7.626676789677868e-05
9604.0,7.540596725355637e-05
9605.0,7.453907053239668e-05
9606.0,7.366610892293198e-05
9607.0,7.278711270788142e-05
9608.0,7.190211123946958e-05
9609.0,7.101113291820517e-05
9610.0,7.011420517412832e-05
9611.0,6.921135445063169e-05
9612.0,6.830260619095771e-05
9613.0,6.738798482746995e-05
9614.0,6.646751377379441e-05
9615.0,6.554121541992643e-05
9616.0,6.460911113039711e-05
9617.0,6.367122124559566e-05
9618.0,6.272756508634635e-05
9619.0,6.177816096184214e-05
9620.0,6.082302618103988e-05
9621.0,5.9862177067623114e-05
9622.0,5.889562897863743e-05
9623.0,5.792339632689777e-05
9624.0,5.6945492607259675e-05
9625.0,5.596193042683729e-05
9626.0,5.497272153924003e-05
9627.0,5.3977876882888e-05
9628.0,5.297740662345494e-05
9629.0,5.197132020047594e-05
9630.0,5.0959626378147306e-05
9631.0,4.9942333300335984e-05
9632.0,4.8919448549809624e-05
9633.0,4.7890979211690984e-05
9634.0,4.685693194113445e-05
9635.0,4.581731303521629e-05
9636.0,4.4772128509024004e-05
9637.0,4.3721384175925213e-05
9638.0,4.266508573199152e-05
9639.0,4.160323884454874e-05
9640.0,4.0535849244821944e-05
9641.0,3.9462922824641094e-05
9642.0,3.838446573717305e-05
9643.0,3.730048450164425e-05
9644.0,3.621098611201864e-05
9645.0,3.511597814959179e-05
9646.0,3.4015468899459685e-05
9647.0,3.290946747081479e-05
9648.0,3.179798392101581e-05
9649.0,3.068102938337029e-05
9650.0,2.955861619856112e-05
9651.0,2.8430758049640485e-05
9652.0,2.7297470100507017e-05
9653.0,2.6158769137777383e-05
9654.0,2.5014673715956817e-05
9655.0,2.386520430580989e-05
9656.0,2.2710383445830363e-05
9657.0,2.1550235896706122e-05
9658.0,2.0384788798674477e-05
9659.0,1.9214071831663186e-05
9660.0,1.8038117378111753e-05
9661.0,1.6856960688369285e-05
9662.0,1.56706400485645e-05
9663.0,1.4479196950843568e-05
9664.0,1.3282676265871765e-05
9665.0,1.2081126417493371e-05
9666.0,1.0874599559443073e-05
9667.0,9.66315175399673e-06
9668.0,8.446843152442335e-06
9669.0,7.225738177240836e-06
9670.0,5.99990570573393e-06
9671.0,4.769419255240396e-06
9672.0,3.5343571693650174e-06
9673.0,2.2948028053232383e-06
9674.0,1.050844722064065e-06
9675.0,-1.974231310504325e-07
9676.0,-1.44990122527463e-06
9677.0,-2.7064842635099456e-06
9678.0,-3.967060991655707e-06
9679.0,-5.231514010626303e-06
9680.0,-6.499719589406121e-06
9681.0,-7.77154747953804e-06
9682.0,-9.046860731462004e-06
9683.0,-1.0325515513140483e-05
9684.0,-1.160736093142468e-05
9685.0,-1.2892238856630829e-05
9686.0,-1.417998375081055e-05
9687.0,-1.54704225002115e-05
9688.0,-1.6763374252437392e-05
9689.0,-1.8058650258827086e-05
9690.0,-1.935605372258409e-05
9691.0,-2.0655379653196316e-05
9692.0,-2.1956414727695224e-05
9693.0,-2.3258937159310902e-05
9694.0,-2.4562716574087352e-05
9695.0,-2.5867513896029085e-05
9696.0,-2.7173081241356015e-05
9697.0,-2.8479161822448937e-05
9698.0,-2.9785489862071134e-05
9699.0,-3.109179051845344e-05
9700.0,-3.2397779821829136e-05
9701.0,-3.370316462300333e-05
9702.0,-3.500764255453644e-05
9703.0,-3.631090200511548e-05
9704.0,-3.761262210767977e-05
9705.0,-3.8912472741858764e-05
9706.0,-4.0210114551269366e-05
9707.0,-4.150519897620642e-05
9708.0,-4.279736830224311e-05
9709.0,-4.408625572523625e-05
9710.0,-4.537148543320705e-05
9711.0,-4.6652672705539405e-05
9712.0,-4.792942402990696e-05
9713.0,-4.920133723730563e-05
9714.0,-5.0468001655531864e-05
9715.0,-5.172899828140858e-05
9716.0,-5.2983899972023816e-05
9717.0,-5.4232271655209705e-05
9718.0,-5.547367055945303e-05
9719.0,-5.670764646339011e-05
9720.0,-5.7933741964998605e-05
9721.0,-5.9151492770557e-05
9722.0,-6.0360428003397126e-05
9723.0,-6.156007053242932e-05
9724.0,-6.274993732037176e-05
9725.0,-6.392953979156831e-05
9726.0,-6.509838421922992e-05
9727.0,-6.625597213188448e-05
9728.0,-6.740180073876865e-05
9729.0,-6.853536337384166e-05
9730.0,-6.965614995804506e-05
9731.0,-7.076364747937516e-05
9732.0,-7.185734049027257e-05
9733.0,-7.293671162177155e-05
9734.0,-7.400124211378789e-05
9735.0,-7.505041236086152e-05
9736.0,-7.608370247260688e-05
9737.0,-7.710059284806158e-05
9738.0,-7.810056476306157e-05
9739.0,-7.908310096971161e-05
9740.0,-8.004768630696302e-05
9741.0,-8.099380832125783e-05
9742.0,-8.192095789614693e-05
9743.0,-8.282862988974208e-05
9744.0,-8.371632377881571e-05
9745.0,-8.458354430831988e-05
9746.0,-8.542980214505555e-05
9747.0,-8.625461453418643e-05
9748.0,-8.705750595725812e-05
9749.0,-8.78380087903539e-05
9750.0,-8.859566396099271e-05
9751.0,-8.933002160235203e-05
9752.0,-9.004064170337586e-05
9753.0,-9.072709475330998e-05
9754.0,-9.138896237919008e-05
9755.0,-9.202583797479543e-05
9756.0,-9.263732731956873e-05
9757.0,-9.322304918599257e-05
9758.0,-9.378263593390457e-05
9759.0,-9.431573409023045e-05
9760.0,-9.482200491261611e-05
9761.0,-9.530112493544915e-05
9762.0,-9.575278649677443e-05
9763.0,-9.617669824462428e-05
9764.0,-9.657258562130531e-05
9765.0,-9.69401913242067e-05
9766.0,-9.727927574172705e-05
9767.0,-9.758961736295576e-05
9768.0,-9.787101315979456e-05
9769.0,-9.81232789402594e-05
9770.0,-9.834624967176313e-05
9771.0,-9.853977977324252e-05
9772.0,-9.870374337506011e-05
9773.0,-9.883803454568091e-05
9774.0,-9.894256748419388e-05
9775.0,-9.901727667782023e-05
9776.0,-9.906211702362502e-05
9777.0,-9.907706391373017e-05
9778.0,-9.906211328341937e-05
9779.0,-9.901728162162748e-05
9780.0,-9.894260594341892e-05
9781.0,-9.883814372417513e-05
9782.0,-9.870397279533182e-05
9783.0,-9.854019120162843e-05
9784.0,-9.834691701995663e-05
9785.0,-9.812428814001971e-05
9786.0,-9.787246200714049e-05
9787.0,-9.759161532768237e-05
9788.0,-9.728194373767565e-05
9789.0,-9.694366143537066e-05
9790.0,-9.657700077857151e-05
9791.0,-9.618221184773676e-05
9792.0,-9.575956197596723e-05
9793.0,-9.530933524713095e-05
9794.0,-9.48318319635033e-05
9795.0,-9.432736808442047e-05
9796.0,-9.379627463756029e-05
9797.0,-9.323889710457143e-05
9798.0,-9.265559478287341e-05
9799.0,-9.204674012554383e-05
9800.0,-9.141271806129749e-05
9801.0,-9.075392529664466e-05
9802.0,-9.007076960239059e-05
9803.0,-8.936366908670636e-05
9804.0,-8.863305145705867e-05
9805.0,-8.787935327333373e-05
9806.0,-8.710301919453001e-05
9807.0,-8.630450122142213e-05
9808.0,-8.54842579376161e-05
9809.0,-8.464275375142492e-05
9810.0,-8.378045814099395e-05
9811.0,-8.28978449051002e-05
9812.0,-8.199539142203619e-05
9813.0,-8.10735779189718e-05
9814.0,-8.013288675416196e-05
9815.0,-7.917380171433582e-05
9816.0,-7.819680732956572e-05
9817.0,-7.720238820787085e-05
9818.0,-7.61910283917607e-05
9819.0,-7.516321073886627e-05
9820.0,-7.411941632874317e-05
9821.0,-7.306012389785695e-05
9822.0,-7.198580930468281e-05
9823.0,-7.089694502676739e-05
9824.0,-6.979399969151113e-05
9825.0,-6.86774376423354e-05
9826.0,-6.754771854179672e-05
9827.0,-6.64052970131018e-05
9828.0,-6.525062232136165e-05
9829.0,-6.408413809580476e-05
9830.0,-6.290628209404286e-05
9831.0,-6.171748600935222e-05
9832.0,-6.051817532179327e-05
9833.0,-5.930876919384683e-05
9834.0,-5.8089680411095887e-05
9835.0,-5.686131536832907e-05
9836.0,-5.562407410128568e-05
9837.0,-5.4378350364101575e-05
9838.0,-5.312453175235241e-05
9839.0,-5.186299987142338e-05
9840.0,-5.059413054976662e-05
9841.0,-4.931829409643797e-05
9842.0,-4.8035855602134996e-05
9843.0,-4.67471752827835e-05
9844.0,-4.545260886454623e-05
9845.0,-4.415250800895034e-05
9846.0,-4.284722077665677e-05
9847.0,-4.1537092128222666e-05
9848.0,-4.0222464460041034e-05
9849.0,-3.8903678173476716e-05
9850.0,-3.758107227505872e-05
9851.0,-3.62549850054303e-05
9852.0,-3.492575449460695e-05
9853.0,-3.3593719440942e-05
9854.0,-3.2259219811055104e-05
9855.0,-3.092259755783766e-05
9856.0,-2.9584197353511764e-05
9857.0,-2.8244367334589513e-05
9858.0,-2.6903459855456434e-05
9859.0,-2.55618322471899e-05
9860.0,-2.4219847578119424e-05
9861.0,-2.2877875412544942e-05
9862.0,-2.1536292563949136e-05
9863.0,-2.0195483838973703e-05
9864.0,-1.8855842768375318e-05
9865.0,-1.7517772321133874e-05
9866.0,-1.618168559785237e-05
9867.0,-1.4848006499564109e-05
9868.0,-1.351717036804904e-05
9869.0,-1.2189624593759784e-05
9870.0,-1.0865829187469221e-05
9871.0,-9.54625731177633e-06
9872.0,-8.23139576864609e-06
9873.0,-6.921745439211742e-06
9874.0,-5.617821672138333e-06
9875.0,-4.320154616929214e-06
9876.0,-3.0292894986570762e-06
9877.0,-1.7457868307123108e-06
9878.0,-4.702225622865839e-07
9879.0,7.968118425521419e-07
9880.0,2.0547093971829516e-06
9881.0,3.302847658971511e-06
9882.0,4.540588872655229e-06
9883.0,5.76728019299706e-06
9884.0,6.98225398890976e-06
9885.0,8.184828231011553e-06
9886.0,9.374306964321436e-06
9887.0,1.0549980867532826e-05
9888.0,1.1711127900025278e-05
9889.0,1.2857014037486926e-05
9890.0,1.3986894096723614e-05
9891.0,1.510001264992753e-05
9892.0,1.619560502836421e-05
9893.0,1.7272898415114774e-05
9894.0,1.8331113026176327e-05
9895.0,1.9369463378881107e-05
9896.0,2.038715964624313e-05
9897.0,2.1383409095481088e-05
9898.0,2.2357417608598326e-05
9899.0,2.3308391282530124e-05
9900.0,2.423553810599377e-05
9901.0,2.513806970980389e-05
9902.0,2.6015203187039348e-05
9903.0,2.6866162979075687e-05
9904.0,2.7690182823123334e-05
9905.0,2.848650775654332e-05
9906.0,2.9254396172846876e-05
9907.0,2.999312192392685e-05
9908.0,3.070197646271738e-05
9909.0,3.1380271020134924e-05
9910.0,3.20273388098215e-05
9911.0,3.264253725389197e-05
9912.0,3.3225250222582706e-05
9913.0,3.377489028041013e-05
9914.0,3.4290900931174714e-05
9915.0,3.477275885388959e-05
9916.0,3.521997612147621e-05
9917.0,3.563210239385512e-05
9918.0,3.600872707686767e-05
9919.0,3.6349481438299987e-05
9920.0,3.665404067214329e-05
9921.0,3.6922125902115586e-05
9922.0,3.7153506115393906e-05
9923.0,3.734800001746078e-05
9924.0,3.750547779895741e-05
9925.0,3.762586280545703e-05
9926.0,3.7709133101125656e-05
9927.0,3.7755322917327474e-05
9928.0,3.776452397735695e-05
9929.0,3.77368866886431e-05
9930.0,3.7672621193972286e-05
9931.0,3.757199827351665e-05
9932.0,3.743535008973669e-05
9933.0,3.7263070767548673e-05
9934.0,3.7055616802514666e-05
9935.0,3.681350729022241e-05
9936.0,3.653732397047642e-05
9937.0,3.6227711080419424e-05
9938.0,3.588537501124414e-05
9939.0,3.551108376374021e-05
9940.0,3.510566619854941e-05
9941.0,3.467001107767054e-05
9942.0,3.4205065894465166e-05
9943.0,3.3711835490159935e-05
9944.0,3.319138045562347e-05
9945.0,3.26448153180091e-05
9946.0,3.207330651270108e-05
9947.0,3.147807014187554e-05
9948.0,3.086036952188731e-05
9949.0,3.022151252261806e-05
9950.0,2.9562848702866722e-05
9951.0,2.8885766246829095e-05
9952.0,2.8191688707697068e-05
9953.0,2.748207156540641e-05
9954.0,2.6758398606573693e-05
9955.0,2.6022178135684127e-05
9956.0,2.527493902762011e-05
9957.0,2.4518226632649846e-05
9958.0,2.3753598546020725e-05
9959.0,2.2982620255316422e-05
9960.0,2.220686067973259e-05
9961.0,2.142788761639651e-05
9962.0,2.0647263109798482e-05
9963.0,1.9866538761307166e-05
9964.0,1.9087250996606212e-05
9965.0,1.8310916309706963e-05
9966.0,1.7539026502957285e-05
9967.0,1.6773043943173448e-05
9968.0,1.6014396854664446e-05
9969.0,1.5264474670488237e-05
9970.0,1.4524623463772925e-05
9971.0,1.379614148134669e-05
9972.0,1.3080274802242599e-05
9973.0,1.237821314387261e-05
9974.0,1.1691085838792243e-05
9975.0,1.1019958004998822e-05
9976.0,1.0365826932618357e-05
9977.0,9.729618709628894e-06
9978.0,9.112185108933737e-06
9979.0,8.514300758629016e-06
9980.0,7.936660616700183e-06
9981.0,7.379877770630301e-06
9982.0,6.8444815815073315e-06
9983.0,6.330916191174483e-06
9984.0,5.839539409776881e-06
9985.0,5.3706219997146796e-06
9986.0,4.924347370512107e-06
9987.0,4.500811697449459e-06
9988.0,4.100024474972655e-06
9989.0,3.7219095138872187e-06
9990.0,3.366306389154571e-06
9991.0,3.0329723427358076e-06
9992.0,2.7215846433758796e-06
9993.0,2.4317434024966176e-06
9994.0,2.1629748424770916e-06
9995.0,1.9147350105476866e-06
9996.0,1.6864139283102472e-06
9997.0,1.4773401635209874e-06
9998.0,1.286785807234416e-06
9999.0,1.1139718357023841e-06
10000.0,9.58073832548476e-07
