time_seconds,x
0.0,4.0962111286433896e-10
1.0,7.451109052443631e-11
2.0,-2.6456021957943316e-10
3.0,-6.067360897323927e-10
4.0,-9.511235326435192e-10
5.0,-1.2967949084681973e-09
6.0,-1.6427896983800331e-09
7.0,-1.9881164447239034e-09
8.0,-2.3317548572040237e-09
9.0,-2.672658083958281e-09
10.0,-3.009755145743644e-09
11.0,-3.341953530808679e-09
12.0,-3.6681419473595575e-09
13.0,-3.987193229837244e-09
14.0,-4.2979673945176746e-09
15.0,-4.599314839225777e-09
16.0,-4.890079681220444e-09
17.0,-5.169103226563432e-09
18.0,-5.435227563533323e-09
19.0,-5.687299271888802e-09
20.0,-5.924173239026657e-09
21.0,-6.144716573322018e-09
22.0,-6.347812604184804e-09
23.0,-6.532364957620408e-09
24.0,-6.697301695347826e-09
25.0,-6.841579504808495e-09
26.0,-6.964187926697419e-09
27.0,-7.064153605969047e-09
28.0,-7.140544551617348e-09
29.0,-7.1924743899066824e-09
30.0,-7.2191065951416565e-09
31.0,-7.219658681513921e-09
32.0,-7.1934063390562664e-09
33.0,-7.139687496273356e-09
34.0,-7.057906291608215e-09
35.0,-6.947536935548291e-09
36.0,-6.808127444878624e-09
37.0,-6.639303230356467e-09
38.0,-6.440770518915499e-09
39.0,-6.212319591412577e-09
40.0,-5.953827816909455e-09
41.0,-5.66526246453974e-09
42.0,-5.346683274151186e-09
43.0,-4.998244767138403e-09
44.0,-4.6201982791945205e-09
45.0,-4.2128936971151715e-09
46.0,-3.7767808822870465e-09
47.0,-3.3124107640888954e-09
48.0,-2.8204360871272125e-09
49.0,-2.3016117970240424e-09
50.0,-1.7567950503720473e-09
51.0,-1.1869448354734101e-09
52.0,-5.931211915853974e-10
53.0,2.3515984392866946e-11
54.0,6.617085535404883e-10
55.0,1.3201021811667678e-09
56.0,1.9972488204919463e-09
57.0,2.691609638921302e-09
58.0,3.4015583903420256e-09
59.0,4.125385235036063e-09
60.0,4.861301006867088e-09
61.0,5.607441925368569e-09
62.0,6.361874748235728e-09
63.0,7.122602357510633e-09
64.0,7.887569770450891e-09
65.0,8.654670563692867e-09
66.0,9.421753696865238e-09
67.0,1.0186630719283461e-08
68.0,1.0947083340766399e-08
69.0,1.1700871344969436e-08
70.0,1.2445740820930829e-08
71.0,1.3179432685787283e-08
72.0,1.3899691468838528e-08
73.0,1.4604274324337491e-08
74.0,1.5290960237561092e-08
75.0,1.5957559385885928e-08
76.0,1.6601922613762754e-08
77.0,1.7221950977663438e-08
78.0,1.7815605314274378e-08
79.0,1.838091578244186e-08
80.0,1.891599132664806e-08
81.0,1.941902900712286e-08
82.0,1.9888323139087604e-08
83.0,2.0322274181093893e-08
84.0,2.0719397309975495e-08
85.0,2.107833061758611e-08
86.0,2.139784286226225e-08
87.0,2.16768407058412e-08
88.0,2.1914375365090448e-08
89.0,2.2109648604579862e-08
90.0,2.226201799636299e-08
91.0,2.2371001370341303e-08
92.0,2.2436280377876558e-08
93.0,2.245770309010377e-08
94.0,2.243528555184111e-08
95.0,2.2369212214449904e-08
96.0,2.2259835183108637e-08
97.0,2.2107672243038723e-08
98.0,2.1913403673077935e-08
99.0,2.1677867898832507e-08
100.0,2.1402056066644632e-08
101.0,2.108710563160873e-08
102.0,2.073429305516719e-08
103.0,2.0345025707055306e-08
104.0,1.9920833065001814e-08
105.0,1.946335730398708e-08
106.0,1.897434336502732e-08
107.0,1.8455628591401935e-08
108.0,1.790913201798463e-08
109.0,1.733684339688921e-08
110.0,1.674081204001064e-08
111.0,1.6123135556243163e-08
112.0,1.548594855820235e-08
113.0,1.483141141017963e-08
114.0,1.4161699085827994e-08
115.0,1.3478990200728764e-08
116.0,1.2785456281533586e-08
117.0,1.2083251329824967e-08
118.0,1.1374501735204889e-08
119.0,1.0661296588415697e-08
120.0,9.945678441532046e-09
121.0,9.229634558448577e-09
122.0,8.515088695035855e-09
123.0,7.803893444458024e-09
124.0,7.097823179249709e-09
125.0,6.398567617847308e-09
126.0,5.707726039370759e-09
127.0,5.026802166565592e-09
128.0,4.357199732951126e-09
129.0,3.7002187463875644e-09
130.0,3.057052457481492e-09
131.0,2.4287850375038668e-09
132.0,1.8163899668051996e-09
133.0,1.220729131086758e-09
134.0,6.425526193316634e-10
135.0,8.249921372267472e-11
136.0,-4.589024415190856e-10
137.0,-9.812320087417574e-10
138.0,-1.4841749824886838e-09
139.0,-1.9675195948165113e-09
140.0,-2.4311531259730903e-09
141.0,-2.87505764898319e-09
142.0,-3.299305239452487e-09
143.0,-3.7040526845396964e-09
144.0,-4.089535727559428e-09
145.0,-4.4560628870598145e-09
146.0,-4.804008891465732e-09
147.0,-5.1338077724868005e-09
148.0,-5.445945662456437e-09
149.0,-5.7409533425905064e-09
150.0,-6.019398590829304e-09
151.0,-6.281878379452018e-09
152.0,-6.529010974026059e-09
153.0,-6.7614279864729095e-09
154.0,-6.979766436095536e-09
155.0,-7.184660873318117e-09
156.0,-7.3767356216358955e-09
157.0,-7.556597193859996e-09
158.0,-7.72482693916804e-09
159.0,-7.881973977735983e-09
160.0,-8.028548479828948e-09
161.0,-8.165015346169032e-09
162.0,-8.291788346175789e-09
163.0,-8.409224770290888e-09
164.0,-8.51762065205245e-09
165.0,-8.61720661487763e-09
166.0,-8.708144397645115e-09
167.0,-8.790524111793885e-09
168.0,-8.864362278676664e-09
169.0,-8.929600684793381e-09
170.0,-8.986106071518654e-09
171.0,-9.033670649984462e-09
172.0,-9.07201341074913e-09
173.0,-9.10078218673325e-09
174.0,-9.119556423869173e-09
175.0,-9.127850612460868e-09
176.0,-9.125118331291197e-09
177.0,-9.110756855695521e-09
178.0,-9.084112280145796e-09
179.0,-9.044485105358164e-09
180.0,-8.991136239550957e-09
181.0,-8.923293363238943e-09
182.0,-8.840157606854502e-09
183.0,-8.740910490536844e-09
184.0,-8.624721075626868e-09
185.0,-8.490753277747287e-09
186.0,-8.338173291835086e-09
187.0,-8.166157080125481e-09
188.0,-7.973897874862818e-09
189.0,-7.760613648433243e-09
190.0,-7.525554504675423e-09
191.0,-7.268009946327994e-09
192.0,-6.987315974914086e-09
193.0,-6.682861980842841e-09
194.0,-6.354097383123346e-09
195.0,-6.0005379798357895e-09
196.0,-5.621771972385949e-09
197.0,-5.217465628579569e-09
198.0,-4.7873685516905646e-09
199.0,-4.331318524958008e-09
200.0,-3.849245903328941e-09
201.0,-3.341177526763417e-09
202.0,-2.8072401320317093e-09
203.0,-2.24766324265725e-09
204.0,-1.6627815194886838e-09
205.0,-1.0530365573161537e-09
206.0,-4.18978115975902e-10
207.0,2.38735222491208e-10
208.0,9.193359758528528e-10
209.0,1.6219482648049055e-09
210.0,2.3455888957654495e-09
211.0,3.0891690184738023e-09
212.0,3.851496350024121e-09
213.0,4.63127795340482e-09
214.0,5.427123555006385e-09
215.0,6.237549381908472e-09
216.0,7.0609824960700075e-09
217.0,7.895765598831337e-09
218.0,8.740162275403409e-09
219.0,9.5923626452742e-09
220.0,1.0450489380715903e-08
221.0,1.1312604051836927e-08
222.0,1.2176713752900091e-08
223.0,1.304077796093225e-08
224.0,1.3902715573991045e-08
225.0,1.4760412073191361e-08
226.0,1.5611726751833703e-08
227.0,1.6454499961264267e-08
228.0,1.7286560339207876e-08
229.0,1.8105732007307248e-08
230.0,1.8909841740624848e-08
231.0,1.9696726117974434e-08
232.0,2.046423866092657e-08
233.0,2.1210256965723153e-08
234.0,2.1932689828250748e-08
235.0,2.2629484358025093e-08
236.0,2.329863307284476e-08
237.0,2.3938180961397056e-08
238.0,2.4546232496659282e-08
239.0,2.512095857845091e-08
240.0,2.5660603378973972e-08
241.0,2.6163491060647375e-08
242.0,2.6628032331014297e-08
243.0,2.7052730794997927e-08
244.0,2.7436189060318608e-08
245.0,2.7777114547832172e-08
246.0,2.807432495702049e-08
247.0,2.8326753342413076e-08
248.0,2.8533452772127332e-08
249.0,2.8693600560049404e-08
250.0,2.8806502078593833e-08
251.0,2.8871594164543917e-08
252.0,2.888844812896978e-08
253.0,2.88567723782021e-08
254.0,2.8776414648422063e-08
255.0,2.8647363851981904e-08
256.0,2.846975152911609e-08
257.0,2.824385289426103e-08
258.0,2.7970087461791778e-08
259.0,2.7649019231627834e-08
260.0,2.72813564108771e-08
261.0,2.6867950643497677e-08
262.0,2.6409795715880798e-08
263.0,2.590802570231522e-08
264.0,2.5363912510851546e-08
265.0,2.47788627892596e-08
266.0,2.4154414157115124e-08
267.0,2.3492230746346816e-08
268.0,2.279409805388372e-08
269.0,2.2061917126520914e-08
270.0,2.1297698104830524e-08
271.0,2.050355315266617e-08
272.0,1.968168879609246e-08
273.0,1.883439769252842e-08
274.0,1.7964049848238725e-08
275.0,1.7073083302150238e-08
276.0,1.6163994300861963e-08
277.0,1.5239327006433156e-08
278.0,1.4301662800135786e-08
279.0,1.3353609261994892e-08
280.0,1.2397788912671636e-08
281.0,1.1436827803846912e-08
282.0,1.0473344040284509e-08
283.0,9.50993631330037e-09
284.0,8.549172521799711e-09
285.0,7.593578553378592e-09
286.0,6.645627294232447e-09
287.0,5.707727932782574e-09
288.0,4.782215618033309e-09
289.0,3.871341529718662e-09
290.0,2.977263413297651e-09
291.0,2.102036628822648e-09
292.0,1.2476057586444476e-09
293.0,4.1579681484084934e-10
294.0,-3.9168991682860563e-10
295.0,-1.1732863637218174e-09
296.0,-1.9275624552202304e-09
297.0,-2.6532311891499264e-09
298.0,-3.3491529551553964e-09
299.0,-4.014339098460353e-09
300.0,-4.64795471140697e-09
301.0,-5.24932064407512e-09
302.0,-5.817914729140757e-09
303.0,-6.353372219930899e-09
304.0,-6.855485444366234e-09
305.0,-7.324202681145743e-09
306.0,-7.759626268115299e-09
307.0,-8.162009956269385e-09
308.0,-8.531755526256772e-09
309.0,-8.869408687592894e-09
310.0,-9.175654284019342e-09
311.0,-9.451310831590097e-09
312.0,-9.697324419101155e-09
313.0,-9.914762003411045e-09
314.0,-1.0104804135020816e-08
315.0,-1.0268737151990028e-08
316.0,-1.0407944882856391e-08
317.0,-1.0523899901698103e-08
318.0,-1.0618154380826318e-08
319.0,-1.0692330588817264e-08
320.0,-1.0748111083686735e-08
321.0,-1.0787228652970806e-08
322.0,-1.081145605430292e-08
323.0,-1.0822595611766188e-08
324.0,-1.0822468724848249e-08
325.0,-1.0812905348231272e-08
326.0,-1.079573350190972e-08
327.0,-1.0772768872239996e-08
328.0,-1.0745804565487273e-08
329.0,-1.0716601076242596e-08
330.0,-1.0686876533735855e-08
331.0,-1.0658297289564694e-08
332.0,-1.0632468910693989e-08
333.0,-1.0610927641752585e-08
334.0,-1.0595132400661831e-08
335.0,-1.0586457371471722e-08
336.0,-1.0586185257604051e-08
337.0,-1.0595501255410258e-08
338.0,-1.061548779750869e-08
339.0,-1.0647120095005597e-08
340.0,-1.0691262482378947e-08
341.0,-1.0748665548375488e-08
342.0,-1.0819964025691694e-08
343.0,-1.0905675408712133e-08
344.0,-1.100619926762769e-08
345.0,-1.1121817226753268e-08
346.0,-1.1252693574457859e-08
347.0,-1.1398876471806522e-08
348.0,-1.1560299726790931e-08
349.0,-1.1736785100889532e-08
350.0,-1.1928045114646768e-08
351.0,-1.2133686318989844e-08
352.0,-1.2353212999107611e-08
353.0,-1.2586031277895727e-08
354.0,-1.283145358622154e-08
355.0,-1.308870346757764e-08
356.0,-1.3356920685070682e-08
357.0,-1.3635166599128325e-08
358.0,-1.3922429784798222e-08
359.0,-1.4217631858055012e-08
360.0,-1.4519633481120796e-08
361.0,-1.4827240517437854e-08
362.0,-1.5139210307605777e-08
363.0,-1.5454258038305563e-08
364.0,-1.5771063176976982e-08
365.0,-1.6088275945789488e-08
366.0,-1.6404523809248287e-08
367.0,-1.6718417950602563e-08
368.0,-1.7028559713069907e-08
369.0,-1.7333546982756768e-08
370.0,-1.7631980491037e-08
371.0,-1.792247001504699e-08
372.0,-1.8203640455864225e-08
373.0,-1.8474137774854832e-08
374.0,-1.8732634769602366e-08
375.0,-1.897783667176414e-08
376.0,-1.920848655014059e-08
377.0,-1.9423370503186785e-08
378.0,-1.9621322626142174e-08
379.0,-1.9801229738904033e-08
380.0,-1.9962035861721506e-08
381.0,-2.0102746426739613e-08
382.0,-2.022243221437652e-08
383.0,-2.0320233004471918e-08
384.0,-2.039536093309972e-08
385.0,-2.0447103546894956e-08
386.0,-2.047482654770212e-08
387.0,-2.047797622131167e-08
388.0,-2.0456081545012323e-08
389.0,-2.0408755969650577e-08
390.0,-2.0335698872855614e-08
391.0,-2.0236696681058284e-08
392.0,-2.011162365890795e-08
393.0,-1.9960442365671135e-08
394.0,-1.978320377918225e-08
395.0,-1.9580047088909577e-08
396.0,-1.935119916070018e-08
397.0,-1.9096973676776175e-08
398.0,-1.881776995557231e-08
399.0,-1.851407145703196e-08
400.0,-1.8186443980015886e-08
401.0,-1.7835533559525866e-08
402.0,-1.7462064072503918e-08
403.0,-1.7066834562037876e-08
404.0,-1.6650716290885077e-08
405.0,-1.621464953631854e-08
406.0,-1.575964013940359e-08
407.0,-1.5286755822927377e-08
408.0,-1.479712229332852e-08
409.0,-1.429191914310856e-08
410.0,-1.3772375571350189e-08
411.0,-1.323976594111815e-08
412.0,-1.2695405193676218e-08
413.0,-1.2140644140616006e-08
414.0,-1.1576864656159075e-08
415.0,-1.1005474793060845e-08
416.0,-1.0427903846711e-08
417.0,-9.845597393188249e-09
418.0,-9.260012328184474e-09
419.0,-8.672611934862063e-09
420.0,-8.084861009845249e-09
421.0,-7.498221077668428e-09
422.0,-6.914145725108058e-09
423.0,-6.334076087906481e-09
424.0,-5.759436523451441e-09
425.0,-5.191630504000623e-09
426.0,-4.6320367660315005e-09
427.0,-4.082005752248941e-09
428.0,-3.5428563833421223e-09
429.0,-3.0158731946478408e-09
430.0,-2.502303863910243e-09
431.0,-2.0033571375571045e-09
432.0,-1.5202011392895167e-09
433.0,-1.053962026161578e-09
434.0,-6.057229486583651e-10
435.0,-1.7652326979215393e-10
436.0,2.326420006118758e-10
437.0,6.208225985827219e-10
438.0,9.87113265900249e-10
439.0,1.3306539154634642e-09
440.0,1.650629738176481e-09
441.0,1.9462712850510416e-09
442.0,2.2168545557358053e-09
443.0,2.4617011220624834e-09
444.0,2.680178312458199e-09
445.0,2.8716994802229927e-09
446.0,3.0357243757224042e-09
447.0,3.1717596395091434e-09
448.0,3.2793594302767654e-09
449.0,3.358126198374064e-09
450.0,3.4077116123836884e-09
451.0,3.427817643004765e-09
452.0,3.4181978051894695e-09
453.0,3.3786585561802828e-09
454.0,3.3090608437905938e-09
455.0,3.209321795979213e-09
456.0,3.079416539502021e-09
457.0,2.9193801321938346e-09
458.0,2.7293095902537166e-09
459.0,2.5093659887894134e-09
460.0,2.259776610834291e-09
461.0,1.980837117095061e-09
462.0,1.6729137058329602e-09
463.0,1.3364452295366419e-09
464.0,9.719452324236745e-10
465.0,5.800038703203986e-10
466.0,1.6128967212809743e-10
467.0,-2.8344890010241814e-10
468.0,-7.533821374850861e-10
469.0,-1.247598063842262e-09
470.0,-1.765101756975833e-09
471.0,-2.3048150616265847e-09
472.0,-2.8655767449927223e-09
473.0,-3.4461431439321298e-09
474.0,-4.045189344028564e-09
475.0,-4.6613109117877516e-09
476.0,-5.293026177293389e-09
477.0,-5.938779045551752e-09
478.0,-6.596942305435858e-09
479.0,-7.265821402835705e-09
480.0,-7.943658644790537e-09
481.0,-8.62863780192205e-09
482.0,-9.318889077049328e-09
483.0,-1.0012494408443101e-08
484.0,-1.0707493076764144e-08
485.0,-1.1401887585324624e-08
486.0,-1.2093649783908147e-08
487.0,-1.278072720698097e-08
488.0,-1.3461049597720424e-08
489.0,-1.4132535589874188e-08
490.0,-1.4793099520043535e-08
491.0,-1.5440658343553006e-08
492.0,-1.6073138627626442e-08
493.0,-1.668848359613389e-08
494.0,-1.7284660200704354e-08
495.0,-1.785966619351546e-08
496.0,-1.841153717757226e-08
497.0,-1.8938353610774273e-08
498.0,-1.943824774054222e-08
499.0,-1.9909410446235384e-08
500.0,-2.0350097967037417e-08
501.0,-2.0758638493424992e-08
502.0,-2.1133438600761127e-08
503.0,-2.147298950397551e-08
504.0,-2.1775873112710338e-08
505.0,-2.204076786672421e-08
506.0,-2.2266454331761687e-08
507.0,-2.2451820536515e-08
508.0,-2.2595867031730698e-08
509.0,-2.2697711652950888e-08
510.0,-2.2756593968829763e-08
511.0,-2.277187939743555e-08
512.0,-2.2743062973438973e-08
513.0,-2.26697727496063e-08
514.0,-2.255177281656189e-08
515.0,-2.238896592536581e-08
516.0,-2.2181395698070734e-08
517.0,-2.1929248412082843e-08
518.0,-2.163285434485795e-08
519.0,-2.1292688666220315e-08
520.0,-2.0909371866401426e-08
521.0,-2.0483669708762988e-08
522.0,-2.0016492697096227e-08
523.0,-1.9508895048381032e-08
524.0,-1.8962073162947336e-08
525.0,-1.8377363585109468e-08
526.0,-1.7756240448544984e-08
527.0,-1.7100312401964863e-08
528.0,-1.6411319011973704e-08
529.0,-1.569112664144824e-08
530.0,-1.4941723803271324e-08
531.0,-1.4165215990847272e-08
532.0,-1.33638199884933e-08
533.0,-1.2539857666550819e-08
534.0,-1.1695749267888838e-08
535.0,-1.08340061943787e-08
536.0,-9.957223303903318e-09
537.0,-9.068070730522806e-09
538.0,-8.16928524254972e-09
539.0,-7.263661155487319e-09
540.0,-6.3540408190505816e-09
541.0,-5.443304699817071e-09
542.0,-4.5343610834393515e-09
543.0,-3.6301354227865878e-09
544.0,-2.733559360864996e-09
545.0,-1.8475594598881762e-09
546.0,-9.750456704228388e-10
547.0,-1.1889957711501805e-10
548.0,7.180375399005364e-10
549.0,1.5329767861983736e-09
550.0,2.3231938325510304e-09
551.0,3.0860411457927966e-09
552.0,3.818960221562568e-09
553.0,4.519493766877554e-09
554.0,5.185297777976229e-09
555.0,5.8141534564049076e-09
556.0,6.4039789039189374e-09
557.0,6.952840534437954e-09
558.0,7.458964139046693e-09
559.0,7.920745537880005e-09
560.0,8.336760750685191e-09
561.0,8.705775615928542e-09
562.0,9.026754786517947e-09
563.0,9.298870028562285e-09
564.0,9.521507748092527e-09
565.0,9.6942756693417e-09
566.0,9.817008587032588e-09
567.0,9.889773114165415e-09
568.0,9.912871346044036e-09
569.0,9.886843360739724e-09
570.0,9.812468475877472e-09
571.0,9.690765181900668e-09
572.0,9.522989674932285e-09
573.0,9.310632922897013e-09
574.0,9.055416221569515e-09
575.0,8.759285232257054e-09
576.0,8.424402532820943e-09
577.0,8.053138748789778e-09
578.0,7.648062354328288e-09
579.0,7.211928243386409e-09
580.0,6.7476651743326165e-09
581.0,6.258362191664753e-09
582.0,5.74725412809483e-09
583.0,5.217706289778903e-09
584.0,4.67319842671712e-09
585.0,4.117308089390683e-09
586.0,3.5536934715396713e-09
587.0,2.986075837626333e-09
588.0,2.4182216319803527e-09
589.0,1.853924364893408e-09
590.0,1.2969863690274733e-09
591.0,7.512005174320355e-10
592.0,2.2033199223669697e-10
593.0,-2.918998092955643e-10
594.0,-7.818391471965608e-10
595.0,-1.245911508211546e-09
596.0,-1.680640793518178e-09
597.0,-2.0826660489843196e-09
598.0,-2.448757665254255e-09
599.0,-2.775832978121272e-09
600.0,-3.0609712029250844e-09
601.0,-3.3014276401005646e-09
602.0,-3.4946470924953295e-09
603.0,-3.6382764386633984e-09
604.0,-3.73017631002662e-09
605.0,-3.768431823570739e-09
606.0,-3.7513623256052556e-09
607.0,-3.6775301060620955e-09
608.0,-3.545748046833991e-09
609.0,-3.355086171756126e-09
610.0,-3.1048770700107688e-09
611.0,-2.794720168980907e-09
612.0,-2.4244848368922476e-09
613.0,-1.994312299959951e-09
614.0,-1.5046163631938995e-09
615.0,-9.560829285106347e-10
616.0,-3.4966830834789927e-10
617.0,3.134036624247852e-10
618.0,1.0316457088627983e-09
619.0,1.8033123804486085e-09
620.0,2.626406480895409e-09
621.0,3.4986866416531618e-09
622.0,4.417676012735324e-09
623.0,5.3806720396794876e-09
624.0,6.384757290633486e-09
625.0,7.426811292726163e-09
626.0,8.503523332045695e-09
627.0,9.61140616671482e-09
628.0,1.074681059772909e-08
629.0,1.1905940837419267e-08
630.0,1.308487061062037e-08
631.0,1.427955991888676e-08
632.0,1.548587239339431e-08
633.0,1.6699593157526873e-08
634.0,1.791644711556565e-08
635.0,1.9132117579397237e-08
636.0,2.0342265140740658e-08
637.0,2.154254669207754e-08
638.0,2.2728634495264823e-08
639.0,2.389623519272929e-08
640.0,2.5041108652200646e-08
641.0,2.6159086532148688e-08
642.0,2.7246090451464485e-08
643.0,2.8298149643479718e-08
644.0,2.93114179711672e-08
645.0,3.0282190177324356e-08
646.0,3.12069172410744e-08
647.0,3.208222071258842e-08
648.0,3.2904905908180675e-08
649.0,3.367197387517407e-08
650.0,3.438063207799984e-08
651.0,3.5028303799083446e-08
652.0,3.5612636275378656e-08
653.0,3.6131507601770025e-08
654.0,3.658303243328902e-08
655.0,3.696556651582825e-08
656.0,3.7277710072257044e-08
657.0,3.751831006790929e-08
658.0,3.7686461376351286e-08
659.0,3.778150686351416e-08
660.0,3.7803036407809256e-08
661.0,3.775088488029154e-08
662.0,3.762512912508267e-08
663.0,3.7426084001179964e-08
664.0,3.715429756261906e-08
665.0,3.681054545979708e-08
666.0,3.6395824643385336e-08
667.0,3.5911346448225736e-08
668.0,3.535852913003139e-08
669.0,3.47389899229735e-08
670.0,3.405453668135764e-08
671.0,3.3307159163596396e-08
672.0,3.249902001159774e-08
673.0,3.16324454735314e-08
674.0,3.070991591273488e-08
675.0,2.9734056140298714e-08
676.0,2.8707625603650915e-08
677.0,2.763350845826658e-08
678.0,2.651470354448201e-08
679.0,2.535431428631631e-08
680.0,2.4155538524217554e-08
681.0,2.29216582887773e-08
682.0,2.16560295177152e-08
683.0,2.0362071713845162e-08
684.0,1.9043257537313593e-08
685.0,1.7703102321516563e-08
686.0,1.634515350086824e-08
687.0,1.4972979944558138e-08
688.0,1.3590161206379147e-08
689.0,1.2200276721691773e-08
690.0,1.080689499876325e-08
691.0,9.413562858141023e-09
692.0,8.02379477316555e-09
693.0,6.641062361742478e-09
694.0,5.268784076185504e-09
695.0,3.910315134667819e-09
696.0,2.568937734591275e-09
697.0,1.2478515850070185e-09
698.0,-4.983520789318325e-11
699.0,-1.3211148712415201e-09
700.0,-2.563088283912469e-09
701.0,-3.772972857782921e-09
702.0,-4.9481099595264854e-09
703.0,-6.0859718533482625e-09
704.0,-7.184168147685694e-09
705.0,-8.240451731423236e-09
706.0,-9.252724187590124e-09
707.0,-1.0219040674830414e-08
708.0,-1.1137614269150782e-08
709.0,-1.2006819760563633e-08
710.0,-1.2825196901251101e-08
711.0,-1.3591453103779351e-08
712.0,-1.4304465589693392e-08
713.0,-1.4963282990522013e-08
714.0,-1.5567126404821596e-08
715.0,-1.6115389916389448e-08
716.0,-1.6607640580184276e-08
717.0,-1.7043617883806533e-08
718.0,-1.7423232693618093e-08
719.0,-1.774656569572291e-08
720.0,-1.801386534309156e-08
721.0,-1.8225545321097635e-08
722.0,-1.8382181544646837e-08
723.0,-1.8484508700925096e-08
724.0,-1.8533416352574948e-08
725.0,-1.8529944616834502e-08
726.0,-1.847527943684541e-08
727.0,-1.8370747461960647e-08
728.0,-1.8217810554464098e-08
729.0,-1.8018059940657172e-08
730.0,-1.7773210024777928e-08
731.0,-1.7485091884699583e-08
732.0,-1.715564646881342e-08
733.0,-1.6786917513939547e-08
734.0,-1.638104420453264e-08
735.0,-1.594025359386256e-08
736.0,-1.546685280825544e-08
737.0,-1.496322105588305e-08
738.0,-1.443180146199049e-08
739.0,-1.3875092752857251e-08
740.0,-1.329564081119739e-08
741.0,-1.2696030126123083e-08
742.0,-1.2078875161224476e-08
743.0,-1.1446811664758722e-08
744.0,-1.08024879463941e-08
745.0,-1.0148556145421746e-08
746.0,-9.48766351582824e-09
747.0,-8.822443754117304e-09
748.0,-8.15550839627767e-09
749.0,-7.489438310816198e-09
750.0,-6.826775315309166e-09
751.0,-6.170013944468972e-09
752.0,-5.521593398276201e-09
753.0,-4.883889699285794e-09
754.0,-4.259208088778131e-09
755.0,-3.649775691988198e-09
756.0,-3.0577344832049196e-09
757.0,-2.485134582084787e-09
758.0,-1.9339279130644396e-09
759.0,-1.4059622602818894e-09
760.0,-9.029757509204066e-10
761.0,-4.2659180036802514e-10
762.0,2.1685446966310608e-11
763.0,4.404751469272352e-10
764.0,8.285232203556168e-10
765.0,1.1847052183552057e-09
766.0,1.5080285528712375e-09
767.0,1.7976340575107497e-09
768.0,2.052796846187634e-09
769.0,2.2729264468807673e-09
770.0,2.4575662073221344e-09
771.0,2.6063919938356577e-09
772.0,2.719210223970667e-09
773.0,2.7959552830689956e-09
774.0,2.8366863772435005e-09
775.0,2.8415838749701723e-09
776.0,2.8109451887093596e-09
777.0,2.7451802470316168e-09
778.0,2.6448066066386644e-09
779.0,2.510444252448475e-09
780.0,2.3428101325644424e-09
781.0,2.1427124734809145e-09
782.0,1.911044919300109e-09
783.0,1.6487805370579292e-09
784.0,1.3569657284875816e-09
785.0,1.0367140866995891e-09
786.0,6.892002343341033e-10
787.0,3.156536777555706e-10
788.0,-8.264729017981008e-11
789.0,-5.043816083377448e-10
790.0,-9.481913581744344e-10
791.0,-1.4126875410804834e-09
792.0,-1.8964556981849397e-09
793.0,-2.3980613507779682e-09
794.0,-2.91605524168519e-09
795.0,-3.448978360093878e-09
796.0,-3.995366734483092e-09
797.0,-4.553755980438688e-09
798.0,-5.12268559223262e-09
799.0,-5.700702969106868e-09
800.0,-6.286367169218915e-09
801.0,-6.878252386171386e-09
802.0,-7.474951144957217e-09
803.0,-8.07507721599751e-09
804.0,-8.677268247726854e-09
805.0,-9.28018811988497e-09
806.0,-9.88252902129954e-09
807.0,-1.0483013257488552e-08
808.0,-1.1080394794867398e-08
809.0,-1.1673460549712879e-08
810.0,-1.2261031431309782e-08
811.0,-1.2841963149883138e-08
812.0,-1.3415146800998111e-08
813.0,-1.3979509239087718e-08
814.0,-1.4534013253644612e-08
815.0,-1.5077657562385644e-08
816.0,-1.5609476636365997e-08
817.0,-1.612854037258295e-08
818.0,-1.6633953630067417e-08
819.0,-1.712485564581496e-08
820.0,-1.7600419347157105e-08
821.0,-1.8059850577319978e-08
822.0,-1.8502387250961436e-08
823.0,-1.892729845642203e-08
824.0,-1.9333883521270682e-08
825.0,-1.9721471057476264e-08
826.0,-2.0089418002192726e-08
827.0,-2.043710866971191e-08
828.0,-2.0763953829617574e-08
829.0,-2.1069389825569953e-08
830.0,-2.1352877748466178e-08
831.0,-2.161390267696222e-08
832.0,-2.1851972997511004e-08
833.0,-2.2066619815173225e-08
834.0,-2.2257396465497262e-08
835.0,-2.2423878136747286e-08
836.0,-2.2565661610688937e-08
837.0,-2.2682365129025956e-08
838.0,-2.2773628391423308e-08
839.0,-2.28391126898592e-08
840.0,-2.287850118282516e-08
841.0,-2.289149931164587e-08
842.0,-2.287783535992516e-08
843.0,-2.2837261155846752e-08
844.0,-2.2769552915775134e-08
845.0,-2.2674512226318147e-08
846.0,-2.2551967160736233e-08
847.0,-2.2401773524318448e-08
848.0,-2.222381622209991e-08
849.0,-2.2018010741074448e-08
850.0,-2.1784304737866603e-08
851.0,-2.1522679721674573e-08
852.0,-2.1233152821186595e-08
853.0,-2.0915778623112977e-08
854.0,-2.057065106897093e-08
855.0,-2.019790539581489e-08
856.0,-1.9797720105726907e-08
857.0,-1.937031894807496e-08
858.0,-1.891597289781751e-08
859.0,-1.8435002112484877e-08
860.0,-1.7927777849906862e-08
861.0,-1.739472432828649e-08
862.0,-1.6836320509845653e-08
863.0,-1.6253101788994146e-08
864.0,-1.5645661565803e-08
865.0,-1.5014652685499245e-08
866.0,-1.4360788724745946e-08
867.0,-1.3684845105631173e-08
868.0,-1.2987660018564975e-08
869.0,-1.2270135135676692e-08
870.0,-1.153323609681802e-08
871.0,-1.0777992750911135e-08
872.0,-1.0005499136137406e-08
873.0,-9.21691318334103e-09
874.0,-8.413456128023703e-09
875.0,-7.596411617430857e-09
876.0,-6.7671245004765035e-09
877.0,-5.926999289621032e-09
878.0,-5.077498285303048e-09
879.0,-4.220139355130301e-09
880.0,-3.3564933617534975e-09
881.0,-2.4881812351774615e-09
882.0,-1.6168706872030087e-09
883.0,-7.442725677363959e-10
884.0,1.2786313515333366e-10
885.0,9.977516473101256e-10
886.0,1.8635781062522733e-09
887.0,2.723502595759325e-09
888.0,3.5756655059341963e-09
889.0,4.41819320482888e-09
890.0,5.24920400509703e-09
891.0,6.0668144064554046e-09
892.0,6.869145592006721e-09
893.0,7.654330153707341e-09
894.0,8.420519019463297e-09
895.0,9.165888551516646e-09
896.0,9.888647782950772e-09
897.0,1.058704575630772e-08
898.0,1.1259378925483557e-08
899.0,1.1903998579259453e-08
900.0,1.2519318242047558e-08
901.0,1.3103821004692955e-08
902.0,1.3656066735487477e-08
903.0,1.4174699118928908e-08
904.0,1.4658452467212633e-08
905.0,1.510615824698307e-08
906.0,1.5516751261511648e-08
907.0,1.5889275426218455e-08
908.0,1.622288907367729e-08
909.0,1.651686972504679e-08
910.0,1.6770618272799007e-08
911.0,1.6983662537448854e-08
912.0,1.7155660183779666e-08
913.0,1.728640099996197e-08
914.0,1.7375808551031353e-08
915.0,1.7423941219204208e-08
916.0,1.7430992642013592e-08
917.0,1.7397291557349542e-08
918.0,1.7323301062551096e-08
919.0,1.7209617292733243e-08
920.0,1.705696752155423e-08
921.0,1.686620768564915e-08
922.0,1.6638319331987618e-08
923.0,1.6374405985468685e-08
924.0,1.6075688932157566e-08
925.0,1.5743502412057794e-08
926.0,1.537928821630666e-08
927.0,1.4984589691727166e-08
928.0,1.4561045173542724e-08
929.0,1.4110380889817694e-08
930.0,1.3634403398976678e-08
931.0,1.3134991629634168e-08
932.0,1.2614088592709897e-08
933.0,1.2073692833958572e-08
934.0,1.151584969271256e-08
935.0,1.0942642430182427e-08
936.0,1.0356183288093851e-08
937.0,9.75860453577092e-09
938.0,9.152049561015524e-09
939.0,8.538664057290853e-09
940.0,7.920587356804052e-09
941.0,7.299943956108596e-09
942.0,6.678835277820966e-09
943.0,6.059331708977814e-09
944.0,5.44346495345848e-09
945.0,4.833220732772332e-09
946.0,4.230531866369511e-09
947.0,3.63727175948578e-09
948.0,3.0552483233852463e-09
949.0,2.4861983497265476e-09
950.0,1.9317823576560715e-09
951.0,1.3935799291330837e-09
952.0,8.730855449228876e-10
953.0,3.717049306620126e-10
954.0,-1.0924808059017076e-10
955.0,-5.68554165840178e-10
956.0,-1.0050906091035121e-09
957.0,-1.4178328800444736e-09
958.0,-1.8058556993194401e-09
959.0,-2.1683335983264867e-09
960.0,-2.504540983687793e-09
961.0,-2.813851719338409e-09
962.0,-3.0957382415620176e-09
963.0,-3.349770224698115e-09
964.0,-3.575612817542254e-09
965.0,-3.773024472669223e-09
966.0,-3.941854393025335e-09
967.0,-4.082039622158493e-09
968.0,-4.193601806380981e-09
969.0,-4.276643658988449e-09
970.0,-4.331345158387562e-09
971.0,-4.357959513612844e-09
972.0,-4.3568089322392536e-09
973.0,-4.328280227119835e-09
974.0,-4.272820299696542e-09
975.0,-4.1909315388463535e-09
976.0,-4.083167175333479e-09
977.0,-3.950126632941389e-09
978.0,-3.7924509182552325e-09
979.0,-3.6108180918558386e-09
980.0,-3.4059388643707366e-09
981.0,-3.1785523614056443e-09
982.0,-2.929422101851616e-09
983.0,-2.659332234428874e-09
984.0,-2.3690840775884457e-09
985.0,-2.0594930076980724e-09
986.0,-1.7313857376940632e-09
987.0,-1.385598018552164e-09
988.0,-1.022972776253751e-09
989.0,-6.443586723536389e-10
990.0,-2.506090566552418e-10
991.0,1.574187291777012e-10
992.0,5.788637407613003e-10
993.0,1.0128615564658523e-09
994.0,1.458544182173392e-09
995.0,1.915039777458428e-09
996.0,2.3814722443489568e-09
997.0,2.856960718670761e-09
998.0,3.340619002655698e-09
999.0,3.831554976007659e-09
1000.0,4.328870020971985e-09
1001.0,4.831658495149816e-09
1002.0,5.339007283842791e-09
1003.0,5.849995461611016e-09
1004.0,6.363694090483907e-09
1005.0,6.879166179885361e-09
1006.0,7.395466830828295e-09
1007.0,7.911643584305658e-09
1008.0,8.426736991062878e-09
1009.0,8.939781417087903e-09
1010.0,9.449806096207535e-09
1011.0,9.955836438140968e-09
1012.0,1.0456895597241916e-08
1013.0,1.0952006303968491e-08
1014.0,1.1440192957864345e-08
1015.0,1.1920483977524952e-08
1016.0,1.2391914399669396e-08
1017.0,1.2853528716050413e-08
1018.0,1.3304383933524278e-08
1019.0,1.374355283917792e-08
1020.0,1.4170127448984054e-08
1021.0,1.4583222615037221e-08
1022.0,1.4981979763025273e-08
1023.0,1.5365570728223595e-08
1024.0,1.5733201654974083e-08
1025.0,1.608411692133946e-08
1026.0,1.641760304741708e-08
1027.0,1.6732992542666513e-08
1028.0,1.7029667644563523e-08
1029.0,1.7307063897951043e-08
1030.0,1.7564673521626577e-08
1031.0,1.7802048506346533e-08
1032.0,1.8018803388647758e-08
1033.0,1.8214617652230585e-08
1034.0,1.8389237725892177e-08
1035.0,1.854247856919981e-08
1036.0,1.8674224854399915e-08
1037.0,1.8784431760526607e-08
1038.0,1.8873125396078863e-08
1039.0,1.894040286452421e-08
1040.0,1.8986431984365738e-08
1041.0,1.9011450672939495e-08
1042.0,1.901576600050259e-08
1043.0,1.899975291854019e-08
1044.0,1.8963852663574137e-08
1045.0,1.8908570835108318e-08
1046.0,1.883447514370867e-08
1047.0,1.8742192822599764e-08
1048.0,1.863240769357735e-08
1049.0,1.850585687584781e-08
1050.0,1.836332712671816e-08
1051.0,1.8205650810419424e-08
1052.0,1.8033701508527905e-08
1053.0,1.7848389307508956e-08
1054.0,1.7650655815995357e-08
1055.0,1.74414689715828e-08
1056.0,1.7221817696954745e-08
1057.0,1.69927064625826e-08
1058.0,1.6755149810192124e-08
1059.0,1.6510166888003283e-08
1060.0,1.6258776045450347e-08
1061.0,1.6001989531682673e-08
1062.0,1.5740808338645996e-08
1063.0,1.5476217225960543e-08
1064.0,1.5209179961157112e-08
1065.0,1.4940634805116943e-08
1066.0,1.4671490268797044e-08
1067.0,1.4402621163520753e-08
1068.0,1.4134864963285091e-08
1069.0,1.3869018493692661e-08
1070.0,1.3605834958267878e-08
1071.0,1.3346021309075443e-08
1072.0,1.3090235964734448e-08
1073.0,1.2839086875124359e-08
1074.0,1.2593129928320096e-08
1075.0,1.2352867691582402e-08
1076.0,1.211874847457689e-08
1077.0,1.1891165699410057e-08
1078.0,1.1670457558563029e-08
1079.0,1.1456906938382892e-08
1080.0,1.1250741582466418e-08
1081.0,1.1052134466050662e-08
1082.0,1.0861204349417644e-08
1083.0,1.0678016475334875e-08
1084.0,1.0502583372697454e-08
1085.0,1.0334865726168356e-08
1086.0,1.0174773271834559e-08
1087.0,1.0022165686249072e-08
1088.0,9.876853453484735e-09
1089.0,9.738598717037017e-09
1090.0,9.607116140724156e-09
1091.0,9.482073810196145e-09
1092.0,9.36309420705062e-09
1093.0,9.249755285404947e-09
1094.0,9.1415916781923e-09
1095.0,9.038096057792024e-09
1096.0,8.938720672878341e-09
1097.0,8.842879080584047e-09
1098.0,8.749948090234844e-09
1099.0,8.65926993202313e-09
1100.0,8.570154661065265e-09
1101.0,8.481882804331758e-09
1102.0,8.393708254963249e-09
1103.0,8.304861415495135e-09
1104.0,8.21455258851837e-09
1105.0,8.121975610311566e-09
1106.0,8.02631171999891e-09
1107.0,7.926733653827559e-09
1108.0,7.822409951226098e-09
1109.0,7.712509456410484e-09
1110.0,7.596205996454565e-09
1111.0,7.472683213947173e-09
1112.0,7.341139529625455e-09
1113.0,7.200793207713196e-09
1114.0,7.050887494111803e-09
1115.0,6.8906957950987374e-09
1116.0,6.719526861791939e-09
1117.0,6.5367299433473635e-09
1118.0,6.341699869678242e-09
1119.0,6.133882022427103e-09
1120.0,5.912777150992846e-09
1121.0,5.677945988622683e-09
1122.0,5.429013621930312e-09
1123.0,5.165673565704225e-09
1124.0,4.887691493530774e-09
1125.0,4.594908573582191e-09
1126.0,4.287244357916613e-09
1127.0,3.964699173161059e-09
1128.0,3.627355962600659e-09
1129.0,3.2753815390180636e-09
1130.0,2.909027226885916e-09
1131.0,2.5286288967628608e-09
1132.0,2.134606414122227e-09
1133.0,1.7274625344021668e-09
1134.0,1.3077812785762023e-09
1135.0,8.762258235424229e-10
1136.0,4.335359412183736e-10
1137.0,-1.947498023920615e-11
1138.0,-4.819233001904593e-10
1139.0,-9.528588419125402e-10
1140.0,-1.4312689299227551e-09
1141.0,-1.9160827171533224e-09
1142.0,-2.4061757715906837e-09
1143.0,-2.9003748927072505e-09
1144.0,-3.397463128754949e-09
1145.0,-3.896184966754223e-09
1146.0,-4.395251667795557e-09
1147.0,-4.893346721069445e-09
1148.0,-5.38913139085196e-09
1149.0,-5.881250331493448e-09
1150.0,-6.368337246284222e-09
1151.0,-6.849020566901123e-09
1152.0,-7.32192913096969e-09
1153.0,-7.785697836106188e-09
1154.0,-8.238973249629854e-09
1155.0,-8.680419153956585e-09
1156.0,-9.108722008499434e-09
1157.0,-9.522596309707058e-09
1158.0,-9.920789831667906e-09
1159.0,-1.030208873049426e-08
1160.0,-1.0665322496475733e-08
1161.0,-1.1009368738755952e-08
1162.0,-1.1333157788038957e-08
1163.0,-1.1635677103572772e-08
1164.0,-1.1915975471387534e-08
1165.0,-1.2173166981484379e-08
1166.0,-1.2406434772379786e-08
1167.0,-1.2615034532109115e-08
1168.0,-1.2798297745483325e-08
1169.0,-1.2955634678075778e-08
1170.0,-1.3086537088092406e-08
1171.0,-1.319058065795027e-08
1172.0,-1.3267427138057602e-08
1173.0,-1.3316826195954647e-08
1174.0,-1.3338616964640815e-08
1175.0,-1.3332729284581192e-08
1176.0,-1.3299184634556434e-08
1177.0,-1.3238096747196092e-08
1178.0,-1.3149671905718493e-08
1179.0,-1.303420891909214e-08
1180.0,-1.289209877353609e-08
1181.0,-1.2723823958991635e-08
1182.0,-1.2529957469926691e-08
1183.0,-1.2311161480579173e-08
1184.0,-1.2068185695507857e-08
1185.0,-1.1801865377100369e-08
1186.0,-1.1513119052489269e-08
1187.0,-1.1202945903150015e-08
1188.0,-1.0872422841299861e-08
1189.0,-1.052270127808546e-08
1190.0,-1.0155003589439756e-08
1191.0,-9.77061928640633e-09
1192.0,-9.370900897671766e-09
1193.0,-8.957259573014217e-09
1194.0,-8.53116041736894e-09
1195.0,-8.094117566228582e-09
1196.0,-7.647689014137246e-09
1197.0,-7.193471209101516e-09
1198.0,-6.73309342682783e-09
1199.0,-6.268211939802419e-09
1200.0,-5.8005039973556955e-09
1201.0,-5.331661633995618e-09
1202.0,-4.863385324451961e-09
1203.0,-4.397377505043033e-09
1204.0,-3.935335982155457e-09
1205.0,-3.478947249813121e-09
1206.0,-3.0298797394999606e-09
1207.0,-2.589777026589326e-09
1208.0,-2.16025101891642e-09
1209.0,-1.742875154205641e-09
1210.0,-1.3391776342272245e-09
1211.0,-9.506347247029105e-10
1212.0,-5.786641511035508e-10
1213.0,-2.2461862157783342e-10
1214.0,1.1022049068468962e-10
1215.0,4.2464927232654146e-10
1216.0,7.175471676178965e-10
1217.0,9.878826139264642e-10
1218.0,1.234718378732593e-09
1219.0,1.4572165612398495e-09
1220.0,1.6546432208765991e-09
1221.0,1.8263725943012502e-09
1222.0,1.9718908619187348e-09
1223.0,2.0907994243944443e-09
1224.0,2.182817649220059e-09
1225.0,2.247785047049417e-09
1226.0,2.285662837287413e-09
1227.0,2.296534862286688e-09
1228.0,2.2806078098403562e-09
1229.0,2.2382107065554213e-09
1230.0,2.1697936546901837e-09
1231.0,2.075925804909605e-09
1232.0,1.957292582205706e-09
1233.0,1.8146922020878718e-09
1234.0,1.6490315241208027e-09
1235.0,1.461321292745303e-09
1236.0,1.2526708155984556e-09
1237.0,1.0242821293556692e-09
1238.0,7.774437028022208e-10
1239.0,5.135237264115354e-10
1240.0,2.339630371667429e-10
1241.0,-5.973227328358778e-11
1242.0,-3.6599851978997967e-10
1243.0,-6.83222307680971e-10
1244.0,-1.0097485939793923e-09
1245.0,-1.3438888812916723e-09
1246.0,-1.6839295008973723e-09
1247.0,-2.028139942731396e-09
1248.0,-2.3747811911853813e-09
1249.0,-2.7221140269528033e-09
1250.0,-3.0684072564996615e-09
1251.0,-3.411945832154673e-09
1252.0,-3.7510388272753095e-09
1253.0,-4.0840272324545115e-09
1254.0,-4.409291540283448e-09
1255.0,-4.7252590877743185e-09
1256.0,-5.030411127170246e-09
1257.0,-5.323289597523121e-09
1258.0,-5.602503571101587e-09
1259.0,-5.866735350396883e-09
1260.0,-6.1147461932210024e-09
1261.0,-6.34538164513674e-09
1262.0,-6.557576460219929e-09
1263.0,-6.7503590929281066e-09
1264.0,-6.922855745634438e-09
1265.0,-7.074293958178904e-09
1266.0,-7.2040057275883425e-09
1267.0,-7.311430147920981e-09
1268.0,-7.396115561997761e-09
1269.0,-7.457721218590279e-09
1270.0,-7.496018430441956e-09
1271.0,-7.510891230303482e-09
1272.0,-7.50233652396419e-09
1273.0,-7.470463741056346e-09
1274.0,-7.415493986198098e-09
1275.0,-7.337758694821431e-09
1276.0,-7.237697799802837e-09
1277.0,-7.1158574167750126e-09
1278.0,-6.972887057746384e-09
1279.0,-6.809536384390391e-09
1280.0,-6.626651514086619e-09
1281.0,-6.425170893499763e-09
1282.0,-6.206120756168357e-09
1283.0,-5.9706101822417086e-09
1284.0,-5.719825780148775e-09
1285.0,-5.455026011605051e-09
1286.0,-5.177535182960975e-09
1287.0,-4.888737127465971e-09
1288.0,-4.590068604563748e-09
1289.0,-4.2830124438448176e-09
1290.0,-3.969090462758764e-09
1291.0,-3.6498561886292218e-09
1292.0,-3.326887416916068e-09
1293.0,-3.001778639029181e-09
1294.0,-2.6761333743133013e-09
1295.0,-2.3515564420909905e-09
1296.0,-2.0296462108671287e-09
1297.0,-1.7119868629604708e-09
1298.0,-1.4001407139319188e-09
1299.0,-1.0956406272218443e-09
1300.0,-7.999825653860987e-10
1301.0,-5.146183202285239e-10
1302.0,-2.4094846496275306e-10
1303.0,1.9684427706089365e-11
1304.0,2.660022570127781e-10
1305.0,4.967975099185943e-10
1306.0,7.109389755942537e-10
1307.0,9.073770125333518e-10
1308.0,1.0851483219220055e-09
1309.0,1.2433801806846573e-09
1310.0,1.3812940875272127e-09
1311.0,1.4982087756607001e-09
1312.0,1.5935425488111833e-09
1313.0,1.66681490714329e-09
1314.0,1.7176474496140394e-09
1315.0,1.745764064080553e-09
1316.0,1.75099043635102e-09
1317.0,1.7332529193430012e-09
1318.0,1.6925768063658544e-09
1319.0,1.629084052813723e-09
1320.0,1.5429904903428541e-09
1321.0,1.434602577266467e-09
1322.0,1.3043137284375608e-09
1323.0,1.1526002673103835e-09
1324.0,9.800170421805392e-10
1325.0,7.871927478078292e-10
1326.0,5.748249927308892e-10
1327.0,3.43675151594594e-10
1328.0,9.456304073625778e-11
1329.0,-1.716385458788923e-10
1330.0,-4.5400940451240174e-10
1331.0,-7.515875587348026e-10
1332.0,-1.0633749325325128e-09
1333.0,-1.3883430276518682e-09
1334.0,-1.7254385748573553e-09
1335.0,-2.0735891302890166e-09
1336.0,-2.431708589649028e-09
1337.0,-2.798702594523661e-09
1338.0,-3.1734738067485218e-09
1339.0,-3.5549270283462154e-09
1340.0,-3.941974146200959e-09
1341.0,-4.333538882278734e-09
1342.0,-4.728561331849002e-09
1343.0,-5.126002273809774e-09
1344.0,-5.524847238857033e-09
1345.0,-5.924110322867328e-09
1346.0,-6.322837734474436e-09
1347.0,-6.72011106741285e-09
1348.0,-7.115050289768472e-09
1349.0,-7.506816443816293e-09
1350.0,-7.894614051632417e-09
1351.0,-8.277693223139987e-09
1352.0,-8.65535146468216e-09
1353.0,-9.026935187607206e-09
1354.0,-9.39184091769825e-09
1355.0,-9.749516207580557e-09
1356.0,-1.009946025549007e-08
1357.0,-1.0441224234986136e-08
1358.0,-1.0774411341336837e-08
1359.0,-1.10986765613955e-08
1360.0,-1.1413726174819988e-08
1361.0,-1.171931699546118e-08
1362.0,-1.2015255362662272e-08
1363.0,-1.2301395893065129e-08
1364.0,-1.2577640004313336e-08
1365.0,-1.2843934222772972e-08
1366.0,-1.3100268288061024e-08
1367.0,-1.3346673067777683e-08
1368.0,-1.3583218296382089e-08
1369.0,-1.3810010152631698e-08
1370.0,-1.4027188690423253e-08
1371.0,-1.4234925138228924e-08
1372.0,-1.443341908261473e-08
1373.0,-1.462289555156054e-08
1374.0,-1.4803602013472506e-08
1375.0,-1.4975805307890403e-08
1376.0,-1.5139788523944962e-08
1377.0,-1.529584784261504e-08
1378.0,-1.5444289358772172e-08
1379.0,-1.5585425898882382e-08
1380.0,-1.5719573850062656e-08
1381.0,-1.584705001596453e-08
1382.0,-1.5968168514680223e-08
1383.0,-1.6083237733540087e-08
1384.0,-1.619255735529472e-08
1385.0,-1.6296415469753176e-08
1386.0,-1.63950857844814e-08
1387.0,-1.6488824947654644e-08
1388.0,-1.6577869995605655e-08
1389.0,-1.6662435937018925e-08
1390.0,-1.674271348509204e-08
1391.0,-1.6818866948320433e-08
1392.0,-1.6891032289863213e-08
1393.0,-1.695931536471774e-08
1394.0,-1.702379034317107e-08
1395.0,-1.7084498328209593e-08
1396.0,-1.714144617375623e-08
1397.0,-1.719460550976987e-08
1398.0,-1.7243911979386233e-08
1399.0,-1.7289264692405953e-08
1400.0,-1.7330525898545983e-08
1401.0,-1.7367520882967585e-08
1402.0,-1.740003808567995e-08
1403.0,-1.7427829445495914e-08
1404.0,-1.7450610968287338e-08
1405.0,-1.7468063518355436e-08
1406.0,-1.7479833830797825e-08
1407.0,-1.748553574182243e-08
1408.0,-1.748475163303067e-08
1409.0,-1.7477034084771715e-08
1410.0,-1.7461907732758576e-08
1411.0,-1.7438871321237884e-08
1412.0,-1.7407399945121536e-08
1413.0,-1.7366947472622407e-08
1414.0,-1.731694913909102e-08
1415.0,-1.7256824301928097e-08
1416.0,-1.7185979345652178e-08
1417.0,-1.7103810725434913e-08
1418.0,-1.7009708136681727e-08
1419.0,-1.6903057797535605e-08
1420.0,-1.6783245830519167e-08
1421.0,-1.664966172890807e-08
1422.0,-1.6501701892849937e-08
1423.0,-1.633877321970989e-08
1424.0,-1.6160296732639714e-08
1425.0,-1.5965711230934867e-08
1426.0,-1.575447694536493e-08
1427.0,-1.5526079181341467e-08
1428.0,-1.5280031932524792e-08
1429.0,-1.501588144727064e-08
1430.0,-1.4733209730181714e-08
1431.0,-1.4431637960959585e-08
1432.0,-1.4110829812752e-08
1433.0,-1.3770494652261312e-08
1434.0,-1.3410390604023565e-08
1435.0,-1.303032746148676e-08
1436.0,-1.2630169427812597e-08
1437.0,-1.2209837669700266e-08
1438.0,-1.1769312667985238e-08
1439.0,-1.1308636349301563e-08
1440.0,-1.0827913983714199e-08
1441.0,-1.0327315833929326e-08
1442.0,-9.807078542476075e-09
1443.0,-9.267506244123197e-09
1444.0,-8.70897139174926e-09
1445.0,-8.131915284924953e-09
1446.0,-7.536848291590875e-09
1447.0,-6.924349754423308e-09
1448.0,-6.2950675747733524e-09
1449.0,-5.649717468440123e-09
1450.0,-4.989081888995689e-09
1451.0,-4.314008615916001e-09
1452.0,-3.6254090063868045e-09
1453.0,-2.924255911343954e-09
1454.0,-2.211581258071371e-09
1455.0,-1.4884733035142381e-09
1456.0,-7.560735643667994e-10
1457.0,-1.5573431959905982e-11
1458.0,7.317895180006556e-10
1459.0,1.4847355087118098e-09
1460.0,2.2419468242999565e-09
1461.0,3.0020723341492757e-09
1462.0,3.763732260861475e-09
1463.0,4.525523170918063e-09
1464.0,5.286023164826564e-09
1465.0,6.043797241217964e-09
1466.0,6.797402807030154e-09
1467.0,7.545395303568117e-09
1468.0,8.286333915882784e-09
1469.0,9.018787330564333e-09
1470.0,9.741339504709634e-09
1471.0,1.0452595406505113e-08
1472.0,1.1151186685573944e-08
1473.0,1.1835777228977769e-08
1474.0,1.2505068556547217e-08
1475.0,1.3157805007050362e-08
1476.0,1.3792778664602944e-08
1477.0,1.4408833973037145e-08
1478.0,1.5004871986781445e-08
1479.0,1.5579854214706343e-08
1480.0,1.6132806031133054e-08
1481.0,1.6662819650840463e-08
1482.0,1.7169056682585733e-08
1483.0,1.7650750283432666e-08
1484.0,1.810720693683338e-08
1485.0,1.8537807875478698e-08
1486.0,1.8942010167527286e-08
1487.0,1.9319347482304065e-08
1488.0,1.9669430548936854e-08
1489.0,1.9991947318688316e-08
1490.0,2.0286662838950846e-08
1491.0,2.0553418844017563e-08
1492.0,2.0792133064836022e-08
1493.0,2.1002798257005752e-08
1494.0,2.1185480943309308e-08
1495.0,2.134031986408267e-08
1496.0,2.146752412574788e-08
1497.0,2.1567371035211553e-08
1498.0,2.1640203607686618e-08
1499.0,2.168642774236884e-08
1500.0,2.170650907707249e-08
1501.0,2.170096955445995e-08
1502.0,2.1670383749038992e-08
1503.0,2.161537501070777e-08
1504.0,2.1536611480080048e-08
1505.0,2.1434802027669886e-08
1506.0,2.131069216536556e-08
1507.0,2.11650599748409e-08
1508.0,2.0998712093652812e-08
1509.0,2.0812479795771177e-08
1510.0,2.0607215199195944e-08
1511.0,2.0383787629151202e-08
1512.0,2.0143080161121568e-08
1513.0,1.9885986363727487e-08
1514.0,1.9613407257137305e-08
1515.0,1.932624849840002e-08
1516.0,1.9025417800767995e-08
1517.0,1.8711822589777764e-08
1518.0,1.838636789458358e-08
1519.0,1.8049954468807e-08
1520.0,1.7703477130989476e-08
1521.0,1.73478233106283e-08
1522.0,1.6983871781751397e-08
1523.0,1.6612491562057554e-08
1524.0,1.62345409518275e-08
1525.0,1.5850866683110583e-08
1526.0,1.5462303146123514e-08
1527.0,1.5069671656373606e-08
1528.0,1.4673779723099132e-08
1529.0,1.4275420279311355e-08
1530.0,1.3875370840570216e-08
1531.0,1.3474392576403755e-08
1532.0,1.3073229300045193e-08
1533.0,1.2672606399058002e-08
1534.0,1.2273229736502864e-08
1535.0,1.1875784552345027e-08
1536.0,1.1480934392349363e-08
1537.0,1.1089320088867802e-08
1538.0,1.0701558815048386e-08
1539.0,1.031824323109518e-08
1540.0,9.939940738292875e-09
1541.0,9.567192853587204e-09
1542.0,9.200514714591018e-09
1543.0,8.840394721974138e-09
1544.0,8.48729432330126e-09
1545.0,8.141647939514156e-09
1546.0,7.80386303242014e-09
1547.0,7.47432030875596e-09
1548.0,7.153374053652528e-09
1549.0,6.8413525836384524e-09
1550.0,6.538558806696565e-09
1551.0,6.245270874334351e-09
1552.0,5.961742908153244e-09
1553.0,5.6882057810096905e-09
1554.0,5.4248679305590585e-09
1555.0,5.171916180767935e-09
1556.0,4.929516544877025e-09
1557.0,4.6978149813013555e-09
1558.0,4.476938072072136e-09
1559.0,4.266993591660614e-09
1560.0,4.068070932383421e-09
1561.0,3.880241351075754e-09
1562.0,3.7035580006871726e-09
1563.0,3.5380557120045446e-09
1564.0,3.383750499375646e-09
1565.0,3.2406387828636497e-09
1566.0,3.108696342755913e-09
1567.0,2.9878770409210584e-09
1568.0,2.878111352205064e-09
1569.0,2.779304750648081e-09
1570.0,2.691335994326929e-09
1571.0,2.6140553511828275e-09
1572.0,2.547282806633622e-09
1573.0,2.4908062920983957e-09
1574.0,2.4443799717843385e-09
1575.0,2.407722623205636e-09
1576.0,2.3805161449264898e-09
1577.0,2.362404222950135e-09
1578.0,2.352991185017902e-09
1579.0,2.3518410698421355e-09
1580.0,2.3584769359796958e-09
1581.0,2.3723804326640597e-09
1582.0,2.3929916524598248e-09
1583.0,2.4197092830891955e-09
1584.0,2.451891073212136e-09
1585.0,2.488854624326237e-09
1586.0,2.5298785182955166e-09
1587.0,2.574203787325577e-09
1588.0,2.621035730482592e-09
1589.0,2.669546078112173e-09
1590.0,2.718875502757893e-09
1591.0,2.7681364724154783e-09
1592.0,2.8164164391941043e-09
1593.0,2.8627813536983253e-09
1594.0,2.9062794926999428e-09
1595.0,2.9459455849460792e-09
1596.0,2.980805217255251e-09
1597.0,3.00987950039473e-09
1598.0,3.032189971617572e-09
1599.0,3.0467637081738777e-09
1600.0,3.052638623605741e-09
1601.0,3.048868916196583e-09
1602.0,3.034530636580636e-09
1603.0,3.008727339235041e-09
1604.0,2.970595780382689e-09
1605.0,2.9193116227362242e-09
1606.0,2.8540951055199714e-09
1607.0,2.774216636324214e-09
1608.0,2.6790022595826937e-09
1609.0,2.5678389548263732e-09
1610.0,2.440179716361577e-09
1611.0,2.2955483646553486e-09
1612.0,2.133544038492029e-09
1613.0,1.9538453158990557e-09
1614.0,1.7562139109330543e-09
1615.0,1.540497892675632e-09
1616.0,1.306634372566922e-09
1617.0,1.0546516086051466e-09
1618.0,7.846704845016877e-10
1619.0,4.969053413730685e-10
1620.0,1.9166416402403356e-10
1621.0,-1.3065185652839098e-10
1622.0,-4.695493528713967e-10
1623.0,-8.244443692245094e-10
1624.0,-1.194664473359156e-09
1625.0,-1.5794513583175438e-09
1626.0,-1.9779639001320326e-09
1627.0,-2.3892816381003823e-09
1628.0,-2.8124086445827923e-09
1629.0,-3.246277751749271e-09
1630.0,-3.689755103216122e-09
1631.0,-4.14164499906402e-09
1632.0,-4.600695003323e-09
1633.0,-5.0656012836378025e-09
1634.0,-5.535014153486288e-09
1635.0,-6.007543788010399e-09
1636.0,-6.481766085229696e-09
1637.0,-6.9562286451384185e-09
1638.0,-7.429456839934996e-09
1639.0,-7.899959949394855e-09
1640.0,-8.366237336170446e-09
1641.0,-8.826784636583827e-09
1642.0,-9.28009994326459e-09
1643.0,-9.724689956777024e-09
1644.0,-1.0159076084173288e-08
1645.0,-1.058180046320216e-08
1646.0,-1.0991431891694165e-08
1647.0,-1.1386571642432275e-08
1648.0,-1.1765859144601703e-08
1649.0,-1.2127977513691937e-08
1650.0,-1.247165891249842e-08
1651.0,-1.27956897266397e-08
1652.0,-1.3098915538768362e-08
1653.0,-1.3380245886410786e-08
1654.0,-1.3638658789121643e-08
1655.0,-1.3873205031385026e-08
1656.0,-1.4083012188435269e-08
1657.0,-1.4267288382908164e-08
1658.0,-1.4425325760968033e-08
1659.0,-1.4556503677289263e-08
1660.0,-1.46602915790037e-08
1661.0,-1.4736251579459e-08
1662.0,-1.4784040713369178e-08
1663.0,-1.4803412865678938e-08
1664.0,-1.4794220367209041e-08
1665.0,-1.4756415250903289e-08
1666.0,-1.4690050163259887e-08
1667.0,-1.4595278926303087e-08
1668.0,-1.4472356746236576e-08
1669.0,-1.4321640065719998e-08
1670.0,-1.4143586057525905e-08
1671.0,-1.3938751758167915e-08
1672.0,-1.3707792840943546e-08
1673.0,-1.3451462028708505e-08
1674.0,-1.3170607147594637e-08
1675.0,-1.2866168823802236e-08
1676.0,-1.2539177826540543e-08
1677.0,-1.2190752061158413e-08
1678.0,-1.1822093217501563e-08
1679.0,-1.143448307955373e-08
1680.0,-1.1029279503467068e-08
1681.0,-1.060791207216229e-08
1682.0,-1.0171877435781152e-08
1683.0,-9.722734348402963e-09
1684.0,-9.262098412591814e-09
1685.0,-8.791636544521668e-09
1686.0,-8.313061173631136e-09
1687.0,-7.82812419198716e-09
1688.0,-7.338610669785463e-09
1689.0,-6.846332354683308e-09
1690.0,-6.353120973944819e-09
1691.0,-5.860821359678064e-09
1692.0,-5.3712844187536075e-09
1693.0,-4.886359970313059e-09
1694.0,-4.40788947509991e-09
1695.0,-3.937698682169862e-09
1696.0,-3.477590219859976e-09
1697.0,-3.029336159210986e-09
1698.0,-2.5946705793405375e-09
1699.0,-2.17528216555202e-09
1700.0,-1.772806872229192e-09
1701.0,-1.3888206838055192e-09
1702.0,-1.0248325083036807e-09
1703.0,-6.822772391093343e-10
1704.0,-3.625090217681035e-10
1705.0,-6.67947636698588e-11
1706.0,2.036920744964482e-10
1707.0,4.4787736567717653e-10
1708.0,6.647918410489581e-10
1709.0,8.535762107321908e-10
1710.0,1.0134858383490861e-09
1711.0,1.1438949265083876e-09
1712.0,1.2443001697494177e-09
1713.0,1.3143238310296062e-09
1714.0,1.3537161974984875e-09
1715.0,1.3623573714230523e-09
1716.0,1.340258354816269e-09
1717.0,1.2875613961127105e-09
1718.0,1.2045395869033452e-09
1719.0,1.0915957213369609e-09
1720.0,9.492604504616177e-10
1721.0,7.781897735673896e-10
1722.0,5.791619112720622e-10
1723.0,3.5307360520463304e-10
1724.0,1.0093588878932693e-10
1725.0,-1.7613062682899527e-10
1726.0,-4.769009082423099e-10
1727.0,-8.00051053806171e-10
1728.0,-1.1441642041747899e-09
1729.0,-1.5077367681203556e-09
1730.0,-1.8891849233271407e-09
1731.0,-2.2868513528370287e-09
1732.0,-2.699012178874451e-09
1733.0,-3.123884056889166e-09
1734.0,-3.5596313938188375e-09
1735.0,-4.004373655784141e-09
1736.0,-4.456192731681412e-09
1737.0,-4.913140320426151e-09
1738.0,-5.37324531091973e-09
1739.0,-5.8345211251562335e-09
1740.0,-6.29497299625175e-09
1741.0,-6.752605154559941e-09
1742.0,-7.205427896430949e-09
1743.0,-7.651464511571682e-09
1744.0,-8.088758046370272e-09
1745.0,-8.515377881952627e-09
1746.0,-8.929426107141127e-09
1747.0,-9.329043667881757e-09
1748.0,-9.712416276093605e-09
1749.0,-1.0077780062271262e-08
1750.0,-1.0423426957534272e-08
1751.0,-1.0747709792166386e-08
1752.0,-1.1049047099019624e-08
1753.0,-1.1325927611472678e-08
1754.0,-1.157691444692903e-08
1755.0,-1.1800648968116689e-08
1756.0,-1.199585431570803e-08
1757.0,-1.2161338607014706e-08
1758.0,-1.2295997796729153e-08
1759.0,-1.2398818196880681e-08
1760.0,-1.2468878654351361e-08
1761.0,-1.2505352385455258e-08
1762.0,-1.2507508468224852e-08
1763.0,-1.2474712994171735e-08
1764.0,-1.2406429882395987e-08
1765.0,-1.2302221360011107e-08
1766.0,-1.2161748113930513e-08
1767.0,-1.1984769120128694e-08
1768.0,-1.1771141157546689e-08
1769.0,-1.1520818014859091e-08
1770.0,-1.1233849399360128e-08
1771.0,-1.0910379558260547e-08
1772.0,-1.0550645623717387e-08
1773.0,-1.0154975693946073e-08
1774.0,-9.723786663790734e-09
1775.0,-9.257581819155275e-09
1776.0,-8.756948210726134e-09
1777.0,-8.222553823449118e-09
1778.0,-7.655144559258203e-09
1779.0,-7.0555410515950314e-09
1780.0,-6.4246353313047835e-09
1781.0,-5.763387364547864e-09
1782.0,-5.072821484428119e-09
1783.0,-4.3540227391073245e-09
1784.0,-3.608133180252771e-09
1785.0,-2.8363481167497687e-09
1786.0,-2.039912359703566e-09
1787.0,-1.2201164858551169e-09
1788.0,-3.7829314764145363e-10
1789.0,4.841865407567442e-10
1790.0,1.3659165109218003e-09
1791.0,2.2654591096825923e-09
1792.0,3.1813482978781037e-09
1793.0,4.112092644935095e-09
1794.0,5.056178087473707e-09
1795.0,6.012070428820101e-09
1796.0,6.978217574723772e-09
1797.0,7.953051523797937e-09
1798.0,8.934990149365708e-09
1799.0,9.922438817552429e-09
1800.0,1.091379188738569e-08
1801.0,1.1907434136888776e-08
1802.0,1.2901742156783346e-08
1803.0,1.3895085750809168e-08
1804.0,1.4885829378831211e-08
1805.0,1.5872333675845823e-08
1806.0,1.685295707672739e-08
1807.0,1.7826057573085232e-08
1808.0,1.8789994624938056e-08
1809.0,1.9743131246071547e-08
1810.0,2.0683836277935818e-08
1811.0,2.161048686277609e-08
1812.0,2.2521471122385347e-08
1813.0,2.341519104443579e-08
1814.0,2.429006557380101e-08
1815.0,2.514453390163769e-08
1816.0,2.5977058940270083e-08
1817.0,2.6786130967127893e-08
1818.0,2.7570271416144863e-08
1819.0,2.8328036790148414e-08
1820.0,2.905802266287638e-08
1821.0,2.975886773436306e-08
1822.0,3.042925789856083e-08
1823.0,3.106793027722341e-08
1824.0,3.1673677169290343e-08
1825.0,3.224534986064711e-08
1826.0,3.2781862237305833e-08
1827.0,3.328219415030968e-08
1828.0,3.374539449579411e-08
1829.0,3.417058399370302e-08
1830.0,3.455695766381495e-08
1831.0,3.490378700304743e-08
1832.0,3.5210421866261026e-08
1833.0,3.547629204853109e-08
1834.0,3.570090856221199e-08
1835.0,3.5883864597452964e-08
1836.0,3.602483615050757e-08
1837.0,3.6123582302325566e-08
1838.0,3.6179945135081e-08
1839.0,3.61938492892589e-08
1840.0,3.616530118376098e-08
1841.0,3.6094387936356026e-08
1842.0,3.598127602675945e-08
1843.0,3.582620974246428e-08
1844.0,3.5629509442718354e-08
1845.0,3.539156967086578e-08
1846.0,3.511285714001632e-08
1847.0,3.4793908611695614e-08
1848.0,3.443532868178303e-08
1849.0,3.403778748268473e-08
1850.0,3.360201830533762e-08
1851.0,3.312881513931782e-08
1852.0,3.2619030124054777e-08
1853.0,3.20735708993011e-08
1854.0,3.1493397840693435e-08
1855.0,3.0879521171017175e-08
1856.0,3.0232997952441584e-08
1857.0,2.9554928984587074e-08
1858.0,2.884645564798107e-08
1859.0,2.8108756737316467e-08
1860.0,2.7343045326732256e-08
1861.0,2.6550565704642134e-08
1862.0,2.573259041055854e-08
1863.0,2.489041740126486e-08
1864.0,2.4025367368595757e-08
1865.0,2.3138781226013423e-08
1866.0,2.2232017776133354e-08
1867.0,2.1306451566375364e-08
1868.0,2.03634709350106e-08
1869.0,1.9404476245060766e-08
1870.0,1.843087829879758e-08
1871.0,1.7444096921005054e-08
1872.0,1.6445559694719723e-08
1873.0,1.543670082886956e-08
1874.0,1.441896013310534e-08
1875.0,1.3393782071172662e-08
1876.0,1.2362614860421586e-08
1877.0,1.1326909581506712e-08
1878.0,1.028811925900547e-08
1879.0,9.24769787058744e-09
1880.0,8.207099239862713e-09
1881.0,7.167775768228391e-09
1882.0,6.131176968462188e-09
1883.0,5.098747780254174e-09
1884.0,4.071926670375251e-09
1885.0,3.0521435378983527e-09
1886.0,2.0408174528678555e-09
1887.0,1.0393542578253336e-09
1888.0,4.914406018557589e-11
1889.0,-9.284413582834389e-10
1890.0,-1.8920511903338687e-09
1891.0,-2.840358287599642e-09
1892.0,-3.7720618592208e-09
1893.0,-4.68589016510248e-09
1894.0,-5.580603185732106e-09
1895.0,-6.4549952519809055e-09
1896.0,-7.307897619766269e-09
1897.0,-8.138180975847212e-09
1898.0,-8.944757862363987e-09
1899.0,-9.726585009012718e-09
1900.0,-1.0482665562965522e-08
1901.0,-1.1212051207804447e-08
1902.0,-1.1913844163833106e-08
1903.0,-1.25871990631624e-08
1904.0,-1.323132469393627e-08
1905.0,-1.3845485608969942e-08
1906.0,-1.4429003594917016e-08
1907.0,-1.4981258998864367e-08
1908.0,-1.5501691909975098e-08
1909.0,-1.5989803194462327e-08
1910.0,-1.6445155382781017e-08
1911.0,-1.6867373408473825e-08
1912.0,-1.725614519860152e-08
1913.0,-1.7611222116132078e-08
1914.0,-1.7932419255056754e-08
1915.0,-1.8219615589349494e-08
1916.0,-1.847275397719058e-08
1917.0,-1.86918410221398e-08
1918.0,-1.887694679317127e-08
1919.0,-1.902820440567536e-08
1920.0,-1.914580946569563e-08
1921.0,-1.9230019379804482e-08
1922.0,-1.9281152533133325e-08
1923.0,-1.9299587338165534e-08
1924.0,-1.9285761156976505e-08
1925.0,-1.9240169099668984e-08
1926.0,-1.9163362701806502e-08
1927.0,-1.9055948483697498e-08
1928.0,-1.8918586394430496e-08
1929.0,-1.875198814361082e-08
1930.0,-1.8556915423804516e-08
1931.0,-1.833417802675924e-08
1932.0,-1.8084631856548083e-08
1933.0,-1.7809176842873636e-08
1934.0,-1.7508754757879264e-08
1935.0,-1.7184346939945237e-08
1936.0,-1.6836971928101972e-08
1937.0,-1.6467683010873607e-08
1938.0,-1.6077565693574572e-08
1939.0,-1.5667735088322448e-08
1940.0,-1.52393332313034e-08
1941.0,-1.4793526332134242e-08
1942.0,-1.4331501960508537e-08
1943.0,-1.385446617569488e-08
1944.0,-1.336364060487419e-08
1945.0,-1.2860259476760257e-08
1946.0,-1.2345566617444618e-08
1947.0,-1.182081241594285e-08
1948.0,-1.1287250767494855e-08
1949.0,-1.0746136003286052e-08
1950.0,-1.0198719815908929e-08
1951.0,-9.646248190574408e-09
1952.0,-9.089958352808462e-09
1953.0,-8.531075744130037e-09
1954.0,-7.970811037999845e-09
1955.0,-7.410357209153708e-09
1956.0,-6.850886670286967e-09
1957.0,-6.293548490934804e-09
1958.0,-5.739465714294995e-09
1959.0,-5.1897327886609425e-09
1960.0,-4.6454131310708276e-09
1961.0,-4.107536841729618e-09
1962.0,-3.5770985887206962e-09
1963.0,-3.055055683489032e-09
1964.0,-2.542326368543782e-09
1965.0,-2.039788339790624e-09
1966.0,-1.54827752685832e-09
1967.0,-1.0685871557252552e-09
1968.0,-6.014671188749672e-10
1969.0,-1.476236791100066e-10
1970.0,2.9228046632389766e-10
1971.0,7.176257366074306e-10
1972.0,1.1278348174894719e-09
1973.0,1.5223714137425182e-09
1974.0,1.9007386305761293e-09
1975.0,2.2624770292390356e-09
1976.0,2.6071624106619626e-09
1977.0,2.9344033824212618e-09
1978.0,3.243838763079362e-09
1979.0,3.5351348761852463e-09
1980.0,3.80798278425395e-09
1981.0,4.062095510896974e-09
1982.0,4.297205296954356e-09
1983.0,4.51306093399303e-09
1984.0,4.709425215894822e-09
1985.0,4.886072546470654e-09
1986.0,5.042786738115703e-09
1987.0,5.179359033473803e-09
1988.0,5.295586378919105e-09
1989.0,5.39126997540007e-09
1990.0,5.4662141288364264e-09
1991.0,5.520225418825383e-09
1992.0,5.553112200910738e-09
1993.0,5.564684454109493e-09
1994.0,5.554753981787063e-09
1995.0,5.5231349703362784e-09
1996.0,5.469644906459287e-09
1997.0,5.39410585018742e-09
1998.0,5.296346057114322e-09
1999.0,5.1762019396745015e-09
2000.0,5.033520353685224e-09
2001.0,4.868161192796463e-09
2002.0,4.680000269973851e-09
2003.0,4.4689324616851696e-09
2004.0,4.234875087083911e-09
2005.0,3.977771491195783e-09
2006.0,3.6975947979272964e-09
2007.0,3.3943517956413878e-09
2008.0,3.0680869150946736e-09
2009.0,2.7188862567154178e-09
2010.0,2.34688162153156e-09
2011.0,1.952254497544595e-09
2012.0,1.5352399509979903e-09
2013.0,1.0961303698181055e-09
2014.0,6.352790045206066e-10
2015.0,1.531032500853849e-10
2016.0,-3.49912389283315e-10
2017.0,-8.732137116198057e-10
2018.0,-1.416174662351192e-09
2019.0,-1.978095661764788e-09
2020.0,-2.5582024445860405e-09
2021.0,-3.155645417609641e-09
2022.0,-3.76949952229821e-09
2023.0,-4.39876458000962e-09
2024.0,-5.042366095265296e-09
2025.0,-5.699156492688116e-09
2026.0,-6.367916763818749e-09
2027.0,-7.047358500608927e-09
2028.0,-7.736126292984403e-09
2029.0,-8.432800468464306e-09
2030.0,-9.135900152412984e-09
2031.0,-9.843886628080882e-09
2032.0,-1.0555166976158553e-08
2033.0,-1.1268097974118832e-08
2034.0,-1.1980990236153082e-08
2035.0,-1.2692112575015188e-08
2036.0,-1.3399696567568715e-08
2037.0,-1.4101941306285847e-08
2038.0,-1.4797018319369365e-08
2039.0,-1.5483076642559093e-08
2040.0,-1.615824802604041e-08
2041.0,-1.6820652260193626e-08
2042.0,-1.7468402604208365e-08
2043.0,-1.8099611301836328e-08
2044.0,-1.8712395168768697e-08
2045.0,-1.9304881236301557e-08
2046.0,-1.9875212436094578e-08
2047.0,-2.0421553310935977e-08
2048.0,-2.0942095736501772e-08
2049.0,-2.1435064639141476e-08
2050.0,-2.1898723694737493e-08
2051.0,-2.233138099367431e-08
2052.0,-2.273139465691873e-08
2053.0,-2.3097178388156748e-08
2054.0,-2.3427206946859927e-08
2055.0,-2.3720021527067807e-08
2056.0,-2.3974235026576544e-08
2057.0,-2.418853719112249e-08
2058.0,-2.4361699618046183e-08
2059.0,-2.449258060382293e-08
2060.0,-2.458012981975456e-08
2061.0,-2.462339280003862e-08
2062.0,-2.462151522637104e-08
2063.0,-2.4573746993201413e-08
2064.0,-2.4479446037751825e-08
2065.0,-2.4338081918935664e-08
2066.0,-2.4149239129378066e-08
2067.0,-2.39126201248493e-08
2068.0,-2.362804805558223e-08
2069.0,-2.3295469184160367e-08
2070.0,-2.291495497493902e-08
2071.0,-2.248670384030397e-08
2072.0,-2.2011042529484783e-08
2073.0,-2.1488427146128434e-08
2074.0,-2.0919443781407987e-08
2075.0,-2.030480875009463e-08
2076.0,-1.9645368417764537e-08
2077.0,-1.8942098608147772e-08
2078.0,-1.819610358055909e-08
2079.0,-1.740861456838287e-08
2080.0,-1.6580987870719794e-08
2081.0,-1.5714702490543557e-08
2082.0,-1.4811357314064179e-08
2083.0,-1.3872667827451826e-08
2084.0,-1.2900462368643173e-08
2085.0,-1.1896677913631297e-08
2086.0,-1.0863355398430896e-08
2087.0,-9.802634579812448e-09
2088.0,-8.71674843991129e-09
2089.0,-7.608017141939011e-09
2090.0,-6.478841546453248e-09
2091.0,-5.331696299975221e-09
2092.0,-4.169122510179439e-09
2093.0,-2.9937200244128398e-09
2094.0,-1.808139330927327e-09
2095.0,-6.150731049250633e-10
2096.0,5.827525756853269e-10
2097.0,1.7825873170474952e-09
2098.0,2.981665767910433e-09
2099.0,4.177217216245373e-09
2100.0,5.3664753871310525e-09
2101.0,6.546688401999766e-09
2102.0,7.715128856186895e-09
2103.0,8.869103968548515e-09
2104.0,1.000596575371542e-08
2105.0,1.1123121164348306e-08
2106.0,1.2218042147558919e-08
2107.0,1.328827555647701e-08
2108.0,1.4331452854785757e-08
2109.0,1.534529954893048e-08
2110.0,1.632764427964057e-08
2111.0,1.7276427501754583e-08
2112.0,1.8189709681213254e-08
2113.0,1.9065678945032214e-08
2114.0,1.990265813686477e-08
2115.0,2.0699111252474496e-08
2116.0,2.1453649246210765e-08
2117.0,2.216503520647728e-08
2118.0,2.2832188897985208e-08
2119.0,2.3454190665838786e-08
2120.0,2.4030284693324014e-08
2121.0,2.4559881602027157e-08
2122.0,2.5042560379616113e-08
2123.0,2.5478069617291563e-08
2124.0,2.586632803592392e-08
2125.0,2.620742427934953e-08
2126.0,2.6501615959757876e-08
2127.0,2.6749327956343633e-08
2128.0,2.6951149989486934e-08
2129.0,2.7107833508818462e-08
2130.0,2.7220287939686523e-08
2131.0,2.728957633155538e-08
2132.0,2.7316910448280375e-08
2133.0,2.7303645336141723e-08
2134.0,2.7251273401342876e-08
2135.0,2.7161418024411888e-08
2136.0,2.7035826734603848e-08
2137.0,2.687636396300921e-08
2138.0,2.6685003388646058e-08
2139.0,2.6463819887373454e-08
2140.0,2.6214981089026876e-08
2141.0,2.5940738543764923e-08
2142.0,2.5643418494246968e-08
2143.0,2.5325412245952824e-08
2144.0,2.498916612372609e-08
2145.0,2.4637170998489428e-08
2146.0,2.427195136440998e-08
2147.0,2.389605394569787e-08
2148.0,2.3512035818600904e-08
2149.0,2.3122452052889236e-08
2150.0,2.2729842907800476e-08
2151.0,2.2336720652954922e-08
2152.0,2.1945556115257832e-08
2153.0,2.1558765071197502e-08
2154.0,2.117869460981832e-08
2155.0,2.08076095898719e-08
2156.0,2.0447679310124877e-08
2157.0,2.01009645066398e-08
2158.0,1.9769404785409867e-08
2159.0,1.9454806593034212e-08
2160.0,1.9158831822183454e-08
2161.0,1.8882987142440353e-08
2162.0,1.8628614140723788e-08
2163.0,1.8396880348930823e-08
2164.0,1.8188771229677717e-08
2165.0,1.8005083184102004e-08
2166.0,1.78464176386202e-08
2167.0,1.7713176260335478e-08
2168.0,1.7605557343472744e-08
2169.0,1.7523553401801522e-08
2170.0,1.7466949994505966e-08
2171.0,1.743532580539272e-08
2172.0,1.7428053987707808e-08
2173.0,1.7444304779179714e-08
2174.0,1.7483049384233922e-08
2175.0,1.754306511265152e-08
2176.0,1.7622941756287395e-08
2177.0,1.7721089177839215e-08
2178.0,1.7835746078083617e-08
2179.0,1.79649899004881e-08
2180.0,1.810674782468267e-08
2181.0,1.8258808792951846e-08
2182.0,1.8418836506702198e-08
2183.0,1.8584383322790395e-08
2184.0,1.8752904972678944e-08
2185.0,1.8921776020638964e-08
2186.0,1.9088305970658223e-08
2187.0,1.924975592535594e-08
2188.0,1.940335569407052e-08
2189.0,1.9546321241389506e-08
2190.0,1.9675872361750092e-08
2191.0,1.9789250460369692e-08
2192.0,1.988373631568725e-08
2193.0,1.99566676937227e-08
2194.0,2.00054566803118e-08
2195.0,2.0027606593061863e-08
2196.0,2.0020728331117395e-08
2197.0,1.9982556017438428e-08
2198.0,1.9910961785294406e-08
2199.0,1.9803969558426597e-08
2200.0,1.965976767494328e-08
2201.0,1.947672021303189e-08
2202.0,1.925337689478007e-08
2203.0,1.8988481468201027e-08
2204.0,1.8680978489553227e-08
2205.0,1.833001844991847e-08
2206.0,1.79349612218315e-08
2207.0,1.749537784589547e-08
2208.0,1.701105072106141e-08
2209.0,1.6481972291141036e-08
2210.0,1.590834233198399e-08
2211.0,1.5290563945894087e-08
2212.0,1.4629238368928426e-08
2213.0,1.392515869517654e-08
2214.0,1.3179302620317965e-08
2215.0,1.2392824304719945e-08
2216.0,1.1567045454077273e-08
2217.0,1.0703445713128175e-08
2218.0,9.803652465318732e-09
2219.0,8.869430128448893e-09
2220.0,7.90266903333054e-09
2221.0,6.905373969337747e-09
2222.0,5.879652477446317e-09
2223.0,4.8277029679588545e-09
2224.0,3.751802736608196e-09
2225.0,2.6542959491403085e-09
2226.0,1.5375816608125312e-09
2227.0,4.041019335183391e-10
2228.0,-7.43669890520325e-10
2229.0,-1.903240703354231e-09
2230.0,-3.072108882883409e-09
2231.0,-4.247775233917659e-09
2232.0,-5.427753575049913e-09
2233.0,-6.609580931473147e-09
2234.0,-7.79082729764366e-09
2235.0,-8.9691049374247e-09
2236.0,-1.0142077193024525e-08
2237.0,-1.1307466777661819e-08
2238.0,-1.2463063530439807e-08
2239.0,-1.3606731615379482e-08
2240.0,-1.4736416149943874e-08
2241.0,-1.5850149251671605e-08
2242.0,-1.6946055494721934e-08
2243.0,-1.8022356771208575e-08
2244.0,-1.9077376555159902e-08
2245.0,-2.0109543569783247e-08
2246.0,-2.1117394861426108e-08
2247.0,-2.2099578286212973e-08
2248.0,-2.305485441778948e-08
2249.0,-2.3982097886922618e-08
2250.0,-2.4880298165883876e-08
2251.0,-2.5748559812580044e-08
2252.0,-2.658610219129165e-08
2253.0,-2.73922586886312e-08
2254.0,-2.8166475444941667e-08
2255.0,-2.890830962281995e-08
2256.0,-2.9617427235770807e-08
2257.0,-3.029360056117468e-08
2258.0,-3.0936705162789366e-08
2259.0,-3.154671654890175e-08
2260.0,-3.212370649300422e-08
2261.0,-3.26678390444933e-08
2262.0,-3.3179366257377704e-08
2263.0,-3.365862366534277e-08
2264.0,-3.410602553175145e-08
2265.0,-3.4522059903271844e-08
2266.0,-3.490728349581192e-08
2267.0,-3.526231644131727e-08
2268.0,-3.5587836923752276e-08
2269.0,-3.5884575732242275e-08
2270.0,-3.615331075891043e-08
2271.0,-3.6394861468401313e-08
2272.0,-3.661008336544943e-08
2273.0,-3.679986248612987e-08
2274.0,-3.696510993762512e-08
2275.0,-3.7106756510461776e-08
2276.0,-3.722574738621927e-08
2277.0,-3.732303696269421e-08
2278.0,-3.7399583817425056e-08
2279.0,-3.745634582934657e-08
2280.0,-3.7494275477158464e-08
2281.0,-3.7514315331762356e-08
2282.0,-3.751739375885128e-08
2283.0,-3.7504420846431876e-08
2284.0,-3.7476284570725925e-08
2285.0,-3.7433847212540714e-08
2286.0,-3.7377942034821604e-08
2287.0,-3.730937023071037e-08
2288.0,-3.722889815003416e-08
2289.0,-3.713725481074731e-08
2290.0,-3.7035129700446536e-08
2291.0,-3.692317087168345e-08
2292.0,-3.680198333341222e-08
2293.0,-3.66721277395381e-08
2294.0,-3.653411937417953e-08
2295.0,-3.6388427431926e-08
2296.0,-3.6235474590070784e-08
2297.0,-3.607563686852504e-08
2298.0,-3.5909243771882e-08
2299.0,-3.57365787069005e-08
2300.0,-3.555787966751918e-08
2301.0,-3.5373340178400284e-08
2302.0,-3.5183110486937536e-08
2303.0,-3.498729899264969e-08
2304.0,-3.478597390192293e-08
2305.0,-3.4579165095163474e-08
2306.0,-3.43668661925804e-08
2307.0,-3.414903680403862e-08
2308.0,-3.392560494770713e-08
2309.0,-3.3696469621578975e-08
2310.0,-3.346150351135962e-08
2311.0,-3.3220555817711126e-08
2312.0,-3.2973455185402585e-08
2313.0,-3.272001271655384e-08
2314.0,-3.246002504987175e-08
2315.0,-3.2193277487566486e-08
2316.0,-3.191954715150166e-08
2317.0,-3.1638606150076295e-08
2318.0,-3.135022473736082e-08
2319.0,-3.1054174446112756e-08
2320.0,-3.075023117648205e-08
2321.0,-3.0438178222480855e-08
2322.0,-3.011780921863813e-08
2323.0,-2.9788930989686187e-08
2324.0,-2.9451366286633115e-08
2325.0,-2.9104956393162797e-08
2326.0,-2.8749563586971226e-08
2327.0,-2.8385073441394182e-08
2328.0,-2.8011396953505874e-08
2329.0,-2.7628472485769775e-08
2330.0,-2.7236267509300558e-08
2331.0,-2.6834780137848198e-08
2332.0,-2.6424040442740606e-08
2333.0,-2.6004111540217422e-08
2334.0,-2.5575090443853547e-08
2335.0,-2.5137108676103664e-08
2336.0,-2.4690332634396858e-08
2337.0,-2.42349637086705e-08
2338.0,-2.3771238148752265e-08
2339.0,-2.3299426681575708e-08
2340.0,-2.2819833879844984e-08
2341.0,-2.2332797285444912e-08
2342.0,-2.1838686292620287e-08
2343.0,-2.133790079771917e-08
2344.0,-2.0830869624105374e-08
2345.0,-2.031804873269143e-08
2346.0,-1.9799919230420288e-08
2347.0,-1.9276985190928446e-08
2348.0,-1.874977130354937e-08
2349.0,-1.821882036876044e-08
2350.0,-1.7684690660133178e-08
2351.0,-1.7147953174811127e-08
2352.0,-1.660918879650653e-08
2353.0,-1.6068985396970784e-08
2354.0,-1.552793490384906e-08
2355.0,-1.4986630364770674e-08
2356.0,-1.4445663039448099e-08
2357.0,-1.390561955345286e-08
2358.0,-1.336707914920018e-08
2359.0,-1.28306110714998e-08
2360.0,-1.2296772126462212e-08
2361.0,-1.1766104451485891e-08
2362.0,-1.1239133525951103e-08
2363.0,-1.0716366434338314e-08
2364.0,-1.0198290370722097e-08
2365.0,-9.685371355820313e-09
2366.0,-9.178053129950589e-09
2367.0,-8.676756184589177e-09
2368.0,-8.181876897199513e-09
2369.0,-7.693786736494346e-09
2370.0,-7.212831507958626e-09
2371.0,-6.7393306122804966e-09
2372.0,-6.273576292305469e-09
2373.0,-5.8158328472340696e-09
2374.0,-5.3663357960153165e-09
2375.0,-4.925290975236667e-09
2376.0,-4.492873560264714e-09
2377.0,-4.069227001938089e-09
2378.0,-3.6544618747434735e-09
2379.0,-3.2486546361054996e-09
2380.0,-2.851846300178913e-09
2381.0,-2.4640410333355172e-09
2382.0,-2.0852046823753033e-09
2383.0,-1.7152632503494105e-09
2384.0,-1.35410133874862e-09
2385.0,-1.0015605786726006e-09
2386.0,-6.574380774390189e-10
2387.0,-3.214849109051711e-10
2388.0,6.595304455065438e-12
2389.0,3.2714772196205156e-10
2390.0,6.405674162271081e-10
2391.0,9.473003307698482e-10
2392.0,1.2478439733217996e-09
2393.0,1.5427478070196797e-09
2394.0,1.832613282448501e-09
2395.0,2.1180934523825303e-09
2396.0,2.399892108103078e-09
2397.0,2.6787623737071137e-09
2398.0,2.9555046949668056e-09
2399.0,3.2309641666025955e-09
2400.0,3.506027159416293e-09
2401.0,3.781617233747765e-09
2402.0,4.05869035285081e-09
2403.0,4.338229436851863e-09
2404.0,4.621238322779431e-09
2405.0,4.908735213415034e-09
2406.0,5.2017457045701704e-09
2407.0,5.501295479963398e-09
2408.0,5.808402759703591e-09
2409.0,6.124070584586719e-09
2410.0,6.449279014346758e-09
2411.0,6.784977313679119e-09
2412.0,7.132076195290553e-09
2413.0,7.491440184436496e-09
2414.0,7.863880164399455e-09
2415.0,8.250146157154191e-09
2416.0,8.650920388072124e-09
2417.0,9.066810677953217e-09
2418.0,9.498344199953814e-09
2419.0,9.945961633118854e-09
2420.0,1.0410011738242402e-08
2421.0,1.0890746375686966e-08
2422.0,1.138831597860605e-08
2423.0,1.190276548875179e-08
2424.0,1.24340307557268e-08
2425.0,1.2981935394173114e-08
2426.0,1.3546188086997723e-08
2427.0,1.4126380316680257e-08
2428.0,1.4721984503106398e-08
2429.0,1.533235252977146e-08
2430.0,1.595671465338466e-08
2431.0,1.6594178809938374e-08
2432.0,1.7243730343343282e-08
2433.0,1.7904232185833113e-08
2434.0,1.8574425515294685e-08
2435.0,1.925293090803317e-08
2436.0,1.9938249998353613e-08
2437.0,2.0628767649446443e-08
2438.0,2.132275463552287e-08
2439.0,2.201837083750993e-08
2440.0,2.2713668966670833e-08
2441.0,2.340659884733083e-08
2442.0,2.409501230162133e-08
2443.0,2.4776668680874148e-08
2444.0,2.5449241082790998e-08
2445.0,2.6110323285339404e-08
2446.0,2.6757437419605117e-08
2447.0,2.7388042394938214e-08
2448.0,2.7999543080690912e-08
2449.0,2.8589300239687046e-08
2450.0,2.91546411993129e-08
2451.0,2.9692871236805023e-08
2452.0,3.020128564596062e-08
2453.0,3.06771824431398e-08
2454.0,3.111787566109413e-08
2455.0,3.152070916987438e-08
2456.0,3.18830709548693e-08
2457.0,3.220240777293948e-08
2458.0,3.2476240098664253e-08
2459.0,3.270217726394635e-08
2460.0,3.287793268564973e-08
2461.0,3.300133906760992e-08
2462.0,3.3070363455284846e-08
2463.0,3.3083122013537504e-08
2464.0,3.30378943905898e-08
2465.0,3.293313752408944e-08
2466.0,3.276749873851875e-08
2467.0,3.253982797687376e-08
2468.0,3.224918900403333e-08
2469.0,3.189486941664315e-08
2470.0,3.1476389299571385e-08
2471.0,3.099350838693645e-08
2472.0,3.0446231615970205e-08
2473.0,2.9834812997488215e-08
2474.0,2.9159757757958294e-08
2475.0,2.8421822730460724e-08
2476.0,2.762201499145199e-08
2477.0,2.676158876936122e-08
2478.0,2.5842040692382476e-08
2479.0,2.4865103483678247e-08
2480.0,2.383273823813571e-08
2481.0,2.2747125423650998e-08
2482.0,2.1610654748980856e-08
2483.0,2.0425914036148993e-08
2484.0,1.9195677230695238e-08
2485.0,1.7922891678083255e-08
2486.0,1.661066478936077e-08
2487.0,1.5262250213719503e-08
2488.0,1.3881033629954226e-08
2489.0,1.2470518262995447e-08
2490.0,1.1034310225712106e-08
2491.0,9.5761037800726e-09
2492.0,8.09966660553759e-09
2493.0,6.608825156259306e-09
2494.0,5.107450182301374e-09
2495.0,3.5994424836927014e-09
2496.0,2.088718959709512e-09
2497.0,5.791990093623225e-10
2498.0,-9.252086673311175e-10
2499.0,-2.4206188240602007e-09
2500.0,-3.903181941991189e-09
2501.0,-5.369095991877383e-09
2502.0,-6.814617659917186e-09
2503.0,-8.236073018778916e-09
2504.0,-9.629867631096408e-09
2505.0,-1.0992496078483326e-08
2506.0,-1.2320550914703606e-08
2507.0,-1.361073104705703e-08
2508.0,-1.4859849555281323e-08
2509.0,-1.6064840962323446e-08
2510.0,-1.7222767976183644e-08
2511.0,-1.8330827726676135e-08
2512.0,-1.9386357525372437e-08
2513.0,-2.0386840181189133e-08
2514.0,-2.1329908908044946e-08
2515.0,-2.2213351864387476e-08
2516.0,-2.3035116365076204e-08
2517.0,-2.3793312799568487e-08
2518.0,-2.4486218273819777e-08
2519.0,-2.5112279971731093e-08
2520.0,-2.567011821521557e-08
2521.0,-2.61585291949654e-08
2522.0,-2.657648734401375e-08
2523.0,-2.692314732866882e-08
2524.0,-2.719784563425247e-08
2525.0,-2.7400101725953276e-08
2526.0,-2.7529618768003866e-08
2527.0,-2.758628388731374e-08
2528.0,-2.7570167970631586e-08
2529.0,-2.7481524987275337e-08
2530.0,-2.7320790832453035e-08
2531.0,-2.7088581689203363e-08
2532.0,-2.6785691910010727e-08
2533.0,-2.641309142219568e-08
2534.0,-2.597192266424713e-08
2535.0,-2.5463497063347084e-08
2536.0,-2.488929106744127e-08
2537.0,-2.42509417483283e-08
2538.0,-2.355024199537557e-08
2539.0,-2.2789135322619914e-08
2540.0,-2.196971031517344e-08
2541.0,-2.1094194744028208e-08
2542.0,-2.016494938153477e-08
2543.0,-1.918446155301663e-08
2544.0,-1.815533846317252e-08
2545.0,-1.7080300339106905e-08
2546.0,-1.596217343501341e-08
2547.0,-1.4803882946361616e-08
2548.0,-1.3608445881804619e-08
2549.0,-1.2378963934393863e-08
2550.0,-1.111861637728817e-08
2551.0,-9.830652987924482e-09
2552.0,-8.518386988433773e-09
2553.0,-7.185187983884208e-09
2554.0,-5.834474880941398e-09
2555.0,-4.469708773209343e-09
2556.0,-3.0943857837490633e-09
2557.0,-1.7120298597046137e-09
2558.0,-3.2618551858602406e-10
2559.0,1.0595894494474335e-09
2560.0,2.4417313140060906e-09
2561.0,3.816677757543189e-09
2562.0,5.180875232600248e-09
2563.0,6.530786311173401e-09
2564.0,7.8628970282291e-09
2565.0,9.173724240188896e-09
2566.0,1.0459823032862905e-08
2567.0,1.1717794216905555e-08
2568.0,1.2944291945181285e-08
2569.0,1.413603148001859e-08
2570.0,1.5289797131316972e-08
2571.0,1.6402450379226866e-08
2572.0,1.7470938187672684e-08
2573.0,1.84923015073599e-08
2574.0,1.946368395912554e-08
2575.0,2.0382340680585612e-08
2576.0,2.1245647311031055e-08
2577.0,2.2051109081455147e-08
2578.0,2.279636996848991e-08
2579.0,2.3479221862916763e-08
2580.0,2.4097613695328642e-08
2581.0,2.464966045348811e-08
2582.0,2.5133652017979727e-08
2583.0,2.5548061734927344e-08
2584.0,2.5891554637218503e-08
2585.0,2.6162995220977207e-08
2586.0,2.6361454686518135e-08
2587.0,2.648621756549698e-08
2588.0,2.653678767352008e-08
2589.0,2.6512893340260662e-08
2590.0,2.641449187222611e-08
2591.0,2.624177319952682e-08
2592.0,2.5995162651877722e-08
2593.0,2.5675322802745393e-08
2594.0,2.528315431441713e-08
2595.0,2.4819795711193354e-08
2596.0,2.4286622005366625e-08
2597.0,2.368524210780848e-08
2598.0,2.3017494979168114e-08
2599.0,2.2285444516732403e-08
2600.0,2.1491373211117026e-08
2601.0,2.0637774631363175e-08
2602.0,1.9727344804542084e-08
2603.0,1.8762972554295613e-08
2604.0,1.7747728860617874e-08
2605.0,1.668485530761725e-08
2606.0,1.557775170013016e-08
2607.0,1.442996294896007e-08
2608.0,1.324516533835067e-08
2609.0,1.2027152293142567e-08
2610.0,1.0779819759698573e-08
2611.0,9.507151308673462e-09
2612.0,8.213203061171043e-09
2613.0,6.902088533148792e-09
2614.0,5.577963486123033e-09
2615.0,4.245010865319787e-09
2616.0,2.9074258994319148e-09
2617.0,1.5694014291053917e-09
2618.0,2.3511352420914287e-10
2619.0,-1.091292557133777e-09
2620.0,-2.405716021839349e-09
2621.0,-3.7041137685950635e-09
2622.0,-4.982513156121589e-09
2623.0,-6.237024287954668e-09
2624.0,-7.463851795546735e-09
2625.0,-8.659306108185927e-09
2626.0,-9.819814204800607e-09
2627.0,-1.0941929849144139e-08
2628.0,-1.2022343315772568e-08
2629.0,-1.3057890617526477e-08
2630.0,-1.4045562241359978e-08
2631.0,-1.4982511385546623e-08
2632.0,-1.586606167247616e-08
2633.0,-1.669371429728877e-08
2634.0,-1.7463154568417995e-08
2635.0,-1.817225779895466e-08
2636.0,-1.881909451305769e-08
2637.0,-1.9401934937317944e-08
2638.0,-1.991925275266945e-08
2639.0,-2.0369728088129648e-08
2640.0,-2.0752249743327206e-08
2641.0,-2.106591663243481e-08
2642.0,-2.1310038447756167e-08
2643.0,-2.1484135546813702e-08
2644.0,-2.1587938072338064e-08
2645.0,-2.1621384320065162e-08
2646.0,-2.1584618374693642e-08
2647.0,-2.1477987039738125e-08
2648.0,-2.130203609232437e-08
2649.0,-2.1057505899204734e-08
2650.0,-2.0745326435418874e-08
2651.0,-2.0366611752079334e-08
2652.0,-1.9922653944717264e-08
2653.0,-1.9414916678473886e-08
2654.0,-1.8845028331161517e-08
2655.0,-1.8214774819837703e-08
2656.0,-1.752609218103045e-08
2657.0,-1.6781058979115382e-08
2658.0,-1.5981888621220453e-08
2659.0,-1.5130921658318516e-08
2660.0,-1.4230618146321439e-08
2661.0,-1.3283550125239784e-08
2662.0,-1.2292394253766933e-08
2663.0,-1.1259924620491567e-08
2664.0,-1.01890057441881e-08
2665.0,-9.08258576697459e-09
2666.0,-7.943689828252883e-09
2667.0,-6.775413587106231e-09
2668.0,-5.5809168457274455e-09
2669.0,-4.363417221429212e-09
2670.0,-3.1261838170703634e-09
2671.0,-1.8725308447699684e-09
2672.0,-6.058111634651256e-10
2673.0,6.705903031667501e-10
2674.0,1.9532632956709707e-09
2675.0,3.238779115437535e-09
2676.0,4.523697703050884e-09
2677.0,5.804574905522766e-09
2678.0,7.077969932461476e-09
2679.0,8.340452993961429e-09
2680.0,9.588613105582893e-09
2681.0,1.0819066038255443e-08
2682.0,1.2028462383653916e-08
2683.0,1.3213495700682293e-08
2684.0,1.437091071071879e-08
2685.0,1.549751152101503e-08
2686.0,1.659016987217583e-08
2687.0,1.7645833417138826e-08
2688.0,1.866153404059831e-08
2689.0,1.963439622216962e-08
2690.0,2.056164543833258e-08
2691.0,2.144061658945181e-08
2692.0,2.226876242967796e-08
2693.0,2.3043661971415076e-08
2694.0,2.376302883686221e-08
2695.0,2.4424719539699726e-08
2696.0,2.5026741695372045e-08
2697.0,2.5567262168790503e-08
2698.0,2.6044615168722814e-08
2699.0,2.645731029144966e-08
2700.0,2.680404050702422e-08
2701.0,2.7083690071799317e-08
2702.0,2.7295342341175538e-08
2703.0,2.743828744680937e-08
2704.0,2.751202979284044e-08
2705.0,2.7516295316089258e-08
2706.0,2.7451038445678503e-08
2707.0,2.7316448688179897e-08
2708.0,2.7112956755222204e-08
2709.0,2.6841240141551123e-08
2710.0,2.650222805284556e-08
2711.0,2.6097105574203257e-08
2712.0,2.562731696249727e-08
2713.0,2.50945679409043e-08
2714.0,2.4500826876734194e-08
2715.0,2.384832473914124e-08
2716.0,2.3139553760984793e-08
2717.0,2.2377264761963374e-08
2718.0,2.1564463118294917e-08
2719.0,2.0704403380589338e-08
2720.0,1.980058254576766e-08
2721.0,1.885673198616393e-08
2722.0,1.7876808036310542e-08
2723.0,1.6864981242012285e-08
2724.0,1.582562429065124e-08
2725.0,1.476329866340126e-08
2726.0,1.3682740073865745e-08
2727.0,1.258884278142182e-08
2728.0,1.1486642889092936e-08
2729.0,1.0381300749777907e-08
2730.0,9.278082608302407e-09
2731.0,8.182341603167903e-09
2732.0,7.099498245611018e-09
2733.0,6.035020486772612e-09
2734.0,4.994403476783237e-09
2735.0,3.9831491124228544e-09
2736.0,3.0067454627301235e-09
2737.0,2.0706461545420253e-09
2738.0,1.1802497924594727e-09
2739.0,3.4087948017942987e-10
2740.0,-4.4223749747091797e-10
2741.0,-1.1639897800976885e-09
2742.0,-1.819401780848281e-09
2743.0,-2.403653242650956e-09
2744.0,-2.912098472789715e-09
2745.0,-3.340285234244669e-09
2746.0,-3.683973276952738e-09
2747.0,-3.939152489816896e-09
2748.0,-4.1020606421349115e-09
2749.0,-4.16920066572149e-09
2750.0,-4.137357414114111e-09
2751.0,-4.003613823290081e-09
2752.0,-3.765366383737277e-09
2753.0,-3.4203398169218796e-09
2754.0,-2.966600837936256e-09
2755.0,-2.4025708849814546e-09
2756.0,-1.7270377025629827e-09
2757.0,-9.391656743079431e-10
2758.0,-3.8504811035867057e-11
2759.0,9.750016902293635e-10
2760.0,2.1010113902485253e-09
2761.0,3.3387781178290267e-09
2762.0,4.687149098678719e-09
2763.0,6.144563743951446e-09
2764.0,7.709054128117075e-09
2765.0,9.37824717409206e-09
2766.0,1.114936855165936e-08
2767.0,1.3019248283108976e-08
2768.0,1.4984328037763e-08
2769.0,1.704067008463359e-08
2770.0,1.918396785992095e-08
2771.0,2.1409558093414482e-08
2772.0,2.371243442513774e-08
2773.0,2.6087262430801805e-08
2774.0,2.8528395962177133e-08
2775.0,3.102989469848377e-08
2776.0,3.358554280189526e-08
2777.0,3.618886857704659e-08
2778.0,3.883316504645522e-08
2779.0,4.151151136327085e-08
2780.0,4.4216794989375026e-08
2781.0,4.6941734576119914e-08
2782.0,4.967890349653923e-08
2783.0,5.242075398395374e-08
2784.0,5.5159641827961227e-08
2785.0,5.788785156764976e-08
2786.0,6.059762210842843e-08
2787.0,6.328117267736497e-08
2788.0,6.593072902728247e-08
2789.0,6.853854980490749e-08
2790.0,7.109695300817243e-08
2791.0,7.359834246254131e-08
2792.0,7.603523424104547e-08
2793.0,7.840028294040118e-08
2794.0,8.068630771072077e-08
2795.0,8.28863179210733e-08
2796.0,8.49935383279054e-08
2797.0,8.700143359850208e-08
2798.0,8.890373202940779e-08
2799.0,9.06944482949784e-08
2800.0,9.236790506926789e-08
2801.0,9.391875338700258e-08
2802.0,9.534199164396069e-08
2803.0,9.663298317657063e-08
2804.0,9.778747239333053e-08
2805.0,9.880159944860918e-08
2806.0,9.967191345701942e-08
2807.0,1.0039538425433873e-07
2808.0,1.0096941272063064e-07
2809.0,1.0139183968544432e-07
2810.0,1.0166095342920193e-07
2811.0,1.0177549578195884e-07
2812.0,1.0173466680524447e-07
2813.0,1.0153812802682739e-07
2814.0,1.0118600418241828e-07
2815.0,1.0067888340259916e-07
2816.0,1.0001781576806779e-07
2817.0,9.920431014377801e-08
2818.0,9.824032919769515e-08
2819.0,9.712828251759931e-08
2820.0,9.58710177596584e-08
2821.0,9.447180979042124e-08
2822.0,9.293434781449298e-08
2823.0,9.126272051127844e-08
2824.0,8.946139923539006e-08
2825.0,8.753521936653733e-08
2826.0,8.548935992552063e-08
2827.0,8.332932160116782e-08
2828.0,8.106090335371729e-08
2829.0,7.869017776832692e-08
2830.0,7.622346532806579e-08
2831.0,7.36673077638481e-08
2832.0,7.102844062459118e-08
2833.0,6.831376519867325e-08
2834.0,6.55303199128267e-08
2835.0,6.268525134184677e-08
2836.0,5.978578498156392e-08
2837.0,5.683919596137851e-08
2838.0,5.3852779891437146e-08
2839.0,5.083382404619916e-08
2840.0,4.7789579080332474e-08
2841.0,4.47272314595063e-08
2842.0,4.1653876772649026e-08
2843.0,3.857649407576211e-08
2844.0,3.5501921400824653e-08
2845.0,3.243683254673878e-08
2846.0,2.9387715252701894e-08
2847.0,2.6360850837895753e-08
2848.0,2.3362295375000364e-08
2849.0,2.039786244881814e-08
2850.0,1.7473107535273966e-08
2851.0,1.4593314020281256e-08
2852.0,1.1763480862474714e-08
2853.0,8.988311888644547e-09
2854.0,6.272206696252918e-09
2855.0,3.61925312580118e-09
2856.0,1.033221261616354e-09
2857.0,-1.4824410743672507e-09
2858.0,-3.924611359962207e-09
2859.0,-6.290493958604369e-09
2860.0,-8.577620273866928e-09
2861.0,-1.0783847502139832e-08
2862.0,-1.2907356024537134e-08
2863.0,-1.4946645490632123e-08
2864.0,-1.690052965778775e-08
2865.0,-1.8768130060625323e-08
2866.0,-2.0548868595536813e-08
2867.0,-2.2242459115076052e-08
2868.0,-2.3848898136542794e-08
2869.0,-2.536845477808331e-08
2870.0,-2.6801660043807024e-08
2871.0,-2.8149295584298793e-08
2872.0,-2.9412382053848487e-08
2873.0,-3.059216716340943e-08
2874.0,-3.169011349091444e-08
2875.0,-3.27078860729259e-08
2876.0,-3.364733977848223e-08
2877.0,-3.4510506459605575e-08
2878.0,-3.5299581875944273e-08
2879.0,-3.601691239679925e-08
2880.0,-3.6664981489869456e-08
2881.0,-3.7246396012087784e-08
2882.0,-3.776387232389497e-08
2883.0,-3.822022225420396e-08
2884.0,-3.8618338949130187e-08
2885.0,-3.896118264329303e-08
2886.0,-3.9251766398119545e-08
2887.0,-3.9493141857092135e-08
2888.0,-3.968838507326603e-08
2889.0,-3.984058246962852e-08
2890.0,-3.9952816997968946e-08
2891.0,-4.0028154566864805e-08
2892.0,-4.006963081415315e-08
2893.0,-4.0080238303836696e-08
2894.0,-4.0062914231759105e-08
2895.0,-4.002052872856089e-08
2896.0,-3.995587385203763e-08
2897.0,-3.987165336195586e-08
2898.0,-3.9770473364095035e-08
2899.0,-3.965483389399929e-08
2900.0,-3.952712148923435e-08
2901.0,-3.938960277960699e-08
2902.0,-3.9244419108227036e-08
2903.0,-3.9093582176931887e-08
2904.0,-3.893897068785978e-08
2905.0,-3.878232793660435e-08
2906.0,-3.862526030600063e-08
2907.0,-3.846923661040399e-08
2908.0,-3.831558824377875e-08
2909.0,-3.8165510088902694e-08
2910.0,-3.802006214915166e-08
2911.0,-3.7880171868639306e-08
2912.0,-3.774663711093432e-08
2913.0,-3.762012977114389e-08
2914.0,-3.750120000082099e-08
2915.0,-3.739028102990616e-08
2916.0,-3.728769457473464e-08
2917.0,-3.719365682565852e-08
2918.0,-3.7108285009937826e-08
2919.0,-3.703160452069147e-08
2920.0,-3.696355658808441e-08
2921.0,-3.69040064494984e-08
2922.0,-3.685275196103293e-08
2923.0,-3.680953258789633e-08
2924.0,-3.677403871119526e-08
2925.0,-3.674592118422449e-08
2926.0,-3.672480105771876e-08
2927.0,-3.671027937523758e-08
2928.0,-3.670194692675517e-08
2929.0,-3.669939384555275e-08
2930.0,-3.6702218937873945e-08
2931.0,-3.671003864194776e-08
2932.0,-3.672249552079014e-08
2933.0,-3.6739266201290036e-08
2934.0,-3.676006868044629e-08
2935.0,-3.678466892822202e-08
2936.0,-3.681288672529935e-08
2937.0,-3.684460068302294e-08
2938.0,-3.687975240199189e-08
2939.0,-3.691834973506805e-08
2940.0,-3.696046912999051e-08
2941.0,-3.700625703629312e-08
2942.0,-3.705593037078906e-08
2943.0,-3.710977604548547e-08
2944.0,-3.71681495713971e-08
2945.0,-3.723147276131229e-08
2946.0,-3.730023056410164e-08
2947.0,-3.73749670726222e-08
2948.0,-3.7456280756631104e-08
2949.0,-3.754481898135594e-08
2950.0,-3.764127188144789e-08
2951.0,-3.77463656689421e-08
2952.0,-3.786085546254071e-08
2953.0,-3.7985517733993014e-08
2954.0,-3.812114247554731e-08
2955.0,-3.826852520001693e-08
2956.0,-3.8428458889817024e-08
2957.0,-3.860172600883099e-08
2958.0,-3.878909067836701e-08
2959.0,-3.899129110069679e-08
2960.0,-3.920903230056993e-08
2961.0,-3.944297925159938e-08
2962.0,-3.969375045772952e-08
2963.0,-3.996191206522157e-08
2964.0,-4.02479725835085e-08
2965.0,-4.0552378288977214e-08
2966.0,-4.0875509371443694e-08
2967.0,-4.121767686372947e-08
2968.0,-4.1579120380167355e-08
2969.0,-4.196000668499415e-08
2970.0,-4.2360429113292256e-08
2971.0,-4.2780407868422293e-08
2972.0,-4.321989121199689e-08
2973.0,-4.367875753771443e-08
2974.0,-4.415681828096893e-08
2975.0,-4.4653821576875445e-08
2976.0,-4.516945655499556e-08
2977.0,-4.570335815178365e-08
2978.0,-4.625511232428064e-08
2979.0,-4.682426155420714e-08
2980.0,-4.74103105378834e-08
2981.0,-4.801273196395817e-08
2982.0,-4.863097228773884e-08
2983.0,-4.9264457417957006e-08
2984.0,-4.991259823905425e-08
2985.0,-5.057479589950701e-08
2986.0,-5.1250446804303466e-08
2987.0,-5.1938947257415065e-08
2988.0,-5.2639697707944764e-08
2989.0,-5.335210656156073e-08
2990.0,-5.407559352681133e-08
2991.0,-5.480959247394152e-08
2992.0,-5.555355379186718e-08
2993.0,-5.6306946236987773e-08
2994.0,-5.7069258275505046e-08
2995.0,-5.783999892884233e-08
2996.0,-5.861869813960046e-08
2997.0,-5.940490668322047e-08
2998.0,-6.019819565812489e-08
2999.0,-6.099815559455725e-08
3000.0,-6.180439522960995e-08
3001.0,-6.261654000300197e-08
3002.0,-6.343423033501839e-08
3003.0,-6.425711975463265e-08
3004.0,-6.50848729518289e-08
3005.0,-6.59171638314109e-08
3006.0,-6.675367364157157e-08
3007.0,-6.759408923607051e-08
3008.0,-6.843810150686612e-08
3009.0,-6.928540399978481e-08
3010.0,-7.013569170145448e-08
3011.0,-7.098865996345583e-08
3012.0,-7.184400351476392e-08
3013.0,-7.270141550890608e-08
3014.0,-7.356058655471951e-08
3015.0,-7.44212036846009e-08
3016.0,-7.528294921958967e-08
3017.0,-7.614549949614773e-08
3018.0,-7.700852342507674e-08
3019.0,-7.787168085862939e-08
3020.0,-7.873462074751004e-08
3021.0,-7.959697907510212e-08
3022.0,-8.045837656189035e-08
3023.0,-8.131841613864748e-08
3024.0,-8.217668019251138e-08
3025.0,-8.303272759557247e-08
3026.0,-8.388609053100792e-08
3027.0,-8.47362711371215e-08
3028.0,-8.558273799486074e-08
3029.0,-8.642492248947156e-08
3030.0,-8.726221508189861e-08
3031.0,-8.809396153033457e-08
3032.0,-8.891945910694629e-08
3033.0,-8.973795285925054e-08
3034.0,-9.05486319698592e-08
3035.0,-9.135062627235427e-08
3036.0,-9.214300298487222e-08
3037.0,-9.292476372656381e-08
3038.0,-9.369484188509032e-08
3039.0,-9.445210040361096e-08
3040.0,-9.519533004876827e-08
3041.0,-9.59232482042113e-08
3042.0,-9.66344982121578e-08
3043.0,-9.732764926824027e-08
3044.0,-9.800119686735214e-08
3045.0,-9.865356379763845e-08
3046.0,-9.928310168161742e-08
3047.0,-9.988809306557309e-08
3048.0,-1.00466754060469e-07
3049.0,-1.0101723753968965e-07
3050.0,-1.015376369009186e-07
3051.0,-1.0202599040139862e-07
3052.0,-1.0248028607768832e-07
3053.0,-1.0289846726282473e-07
3054.0,-1.0327843871551735e-07
3055.0,-1.0361807337763251e-07
3056.0,-1.0391521977777297e-07
3057.0,-1.041677100998639e-07
3058.0,-1.043733689342229e-07
3059.0,-1.0453002272008314e-07
3060.0,-1.0463550987018621e-07
3061.0,-1.0468769154481765e-07
3062.0,-1.0468446302438446e-07
3063.0,-1.046237656212829e-07
3064.0,-1.045035990702589e-07
3065.0,-1.0432203433509325e-07
3066.0,-1.0407722676161507e-07
3067.0,-1.037674294896454e-07
3068.0,-1.0339100701444891e-07
3069.0,-1.0294644877148616e-07
3070.0,-1.0243238261166303e-07
3071.0,-1.0184758803509926e-07
3072.0,-1.0119100905514501e-07
3073.0,-1.004617665688646e-07
3074.0,-9.965917011512251e-08
3075.0,-9.878272890674322e-08
3076.0,-9.783216202896649e-08
3077.0,-9.680740770257461e-08
3078.0,-9.570863151661996e-08
3079.0,-9.453623354262018e-08
3080.0,-9.329085424940383e-08
3081.0,-9.19733791454715e-08
3082.0,-9.058494208377212e-08
3083.0,-8.912692717217165e-08
3084.0,-8.760096924159414e-08
3085.0,-8.600895283283285e-08
3086.0,-8.435300967234248e-08
3087.0,-8.263551461691827e-08
3088.0,-8.085908005702678e-08
3089.0,-7.902654877865636e-08
3090.0,-7.714098529388514e-08
3091.0,-7.520566566090042e-08
3092.0,-7.32240658249236e-08
3093.0,-7.119984852237822e-08
3094.0,-6.913684880166178e-08
3095.0,-6.703905822502105e-08
3096.0,-6.491060782726057e-08
3097.0,-6.275574991830923e-08
3098.0,-6.057883882800371e-08
3099.0,-5.8384310702792807e-08
3100.0,-5.61766624753941e-08
3101.0,-5.396043013936651e-08
3102.0,-5.17401664689727e-08
3103.0,-4.952041832602931e-08
3104.0,-4.730570368688433e-08
3105.0,-4.510048850914203e-08
3106.0,-4.290916354910613e-08
3107.0,-4.073602124205199e-08
3108.0,-3.858523276556929e-08
3109.0,-3.646082541641826e-08
3110.0,-3.4366660439388174e-08
3111.0,-3.230641144761433e-08
3112.0,-3.028354356489841e-08
3113.0,-2.8301293406350862e-08
3114.0,-2.6362650001863893e-08
3115.0,-2.4470336757905766e-08
3116.0,-2.2626794541335384e-08
3117.0,-2.083416595474616e-08
3118.0,-1.909428086398609e-08
3119.0,-1.740864323952885e-08
3120.0,-1.577841938147911e-08
3121.0,-1.4204427608606182e-08
3122.0,-1.268712950242305e-08
3123.0,-1.1226622805122773e-08
3124.0,-9.822636068474922e-09
3125.0,-8.474525132226024e-09
3126.0,-7.181271477283141e-09
3127.0,-5.9414824654086865e-09
3128.0,-4.7533934559925895e-09
3129.0,-3.614871779301524e-09
3130.0,-2.5234225343226017e-09
3131.0,-1.4761961661968068e-09
3132.0,-4.699977702940776e-10
3133.0,4.987019303233156e-10
3134.0,1.4337539873183873e-09
3135.0,2.3393170697234745e-09
3136.0,3.2198418184847744e-09
3137.0,4.08005379105e-09
3138.0,4.92493507329285e-09
3139.0,5.7597046373475174e-09
3140.0,6.589797539220459e-09
3141.0,7.420843079312986e-09
3142.0,8.258642077812473e-09
3143.0,9.109143430527413e-09
3144.0,9.97842010701718e-09
3145.0,1.0872644739153289e-08
3146.0,1.179806493122949e-08
3147.0,1.2760978404913748e-08
3148.0,1.3767708074110487e-08
3149.0,1.4824577126231162e-08
3150.0,1.593788416751148e-08
3151.0,1.7113878471268963e-08
3152.0,1.8358735351865537e-08
3153.0,1.9678531680311224e-08
3154.0,2.1079221567271726e-08
3155.0,2.256661226358885e-08
3156.0,2.4146340352526112e-08
3157.0,2.5823848317051005e-08
3158.0,2.7604361557424057e-08
3159.0,2.949286591688752e-08
3160.0,3.149408575511299e-08
3161.0,3.3612462597313716e-08
3162.0,3.585213438507097e-08
3163.0,3.8216915360163836e-08
3164.0,4.071027662010381e-08
3165.0,4.33353273936224e-08
3166.0,4.609479709844374e-08
3167.0,4.899101825978759e-08
3168.0,5.2025910378437046e-08
3169.0,5.520096483552936e-08
3170.0,5.8517230909224245e-08
3171.0,6.197530296552549e-08
3172.0,6.557530887984174e-08
3173.0,6.931689974701893e-08
3174.0,7.319924094274229e-08
3175.0,7.722100461080185e-08
3176.0,8.138036366973258e-08
3177.0,8.567498745066349e-08
3178.0,9.010203908772158e-08
3179.0,9.465817478403536e-08
3180.0,9.933954507268996e-08
3181.0,1.0414179817974556e-07
3182.0,1.0906008557321575e-07
3183.0,1.1408906975090881e-07
3184.0,1.1922293428588366e-07
3185.0,1.2445539611314594e-07
3186.0,1.2977972000589864e-07
3187.0,1.3518873515670363e-07
3188.0,1.4067485375537933e-07
3189.0,1.462300914508474e-07
3190.0,1.5184608960089248e-07
3191.0,1.575141392399617e-07
3192.0,1.63225206711038e-07
3193.0,1.6896996090132802e-07
3194.0,1.747388019954636e-07
3195.0,1.8052189162398377e-07
3196.0,1.8630918424857742e-07
3197.0,1.9209045959812138e-07
3198.0,1.9785535595870827e-07
3199.0,2.0359340412505332e-07
3200.0,2.0929406182851604e-07
3201.0,2.1494674846229146e-07
3202.0,2.2054087993349736e-07
3203.0,2.2606590348809948e-07
3204.0,2.3151133236608375e-07
3205.0,2.3686678013881358e-07
3206.0,2.421219945620787e-07
3207.0,2.4726689075903005e-07
3208.0,2.5229158353018753e-07
3209.0,2.571864185691907e-07
3210.0,2.619420023469818e-07
3211.0,2.6654923042552847e-07
3212.0,2.7099931397875703e-07
3213.0,2.7528380432528833e-07
3214.0,2.793946153093691e-07
3215.0,2.8332404340492217e-07
3216.0,2.8706478546307595e-07
3217.0,2.906099540716049e-07
3218.0,2.9395309054256795e-07
3219.0,2.970881755915227e-07
3220.0,3.000096378150283e-07
3221.0,3.027123601076009e-07
3222.0,3.0519168418316067e-07
3223.0,3.074434133800346e-07
3224.0,3.094638139290048e-07
3225.0,3.112496148454329e-07
3226.0,3.127980065737675e-07
3227.0,3.141066384822379e-07
3228.0,3.1517361529252126e-07
3229.0,3.159974925320236e-07
3230.0,3.165772710971377e-07
3231.0,3.169123909998386e-07
3232.0,3.170027243412938e-07
3233.0,3.1684856752902276e-07
3234.0,3.1645063273581537e-07
3235.0,3.158100385852966e-07
3236.0,3.149283000346436e-07
3237.0,3.1380731741163407e-07
3238.0,3.124493645624521e-07
3239.0,3.10857076088179e-07
3240.0,3.090334336883615e-07
3241.0,3.0698175167554346e-07
3242.0,3.0470566176097495e-07
3243.0,3.0220909723304874e-07
3244.0,2.994962766609403e-07
3245.0,2.9657168726421355e-07
3246.0,2.934400680977064e-07
3247.0,2.90106393209188e-07
3248.0,2.865758549349432e-07
3249.0,2.8285384750338956e-07
3250.0,2.789459511118699e-07
3251.0,2.748579166198431e-07
3252.0,2.7059565096484856e-07
3253.0,2.661652033674466e-07
3254.0,2.61572752357696e-07
3255.0,2.568245936271579e-07
3256.0,2.519271286798326e-07
3257.0,2.4688685422294366e-07
3258.0,2.417103522118942e-07
3259.0,2.3640428044766452e-07
3260.0,2.3097536361667607e-07
3261.0,2.2543038465820068e-07
3262.0,2.19776176341031e-07
3263.0,2.1401961293076785e-07
3264.0,2.0816760183453113e-07
3265.0,2.0222707512115812e-07
3266.0,1.9620498082709825e-07
3267.0,1.9010827396667887e-07
3268.0,1.8394390717228132e-07
3269.0,1.777188209025587e-07
3270.0,1.7143993317980575e-07
3271.0,1.6511412884756654e-07
3272.0,1.5874824837029952e-07
3273.0,1.5234907622738062e-07
3274.0,1.45923328984598e-07
3275.0,1.3947764315322442e-07
3276.0,1.3301856296571535e-07
3277.0,1.2655252821105588e-07
3278.0,1.2008586228546433e-07
3279.0,1.1362476062121652e-07
3280.0,1.071752796493069e-07
3281.0,1.0074332642850576e-07
3282.0,9.433464904058109e-08
3283.0,8.795482781799442e-08
3284.0,8.16092674438681e-08
3285.0,7.5303189947823e-08
3286.0,6.904162861055296e-08
3287.0,6.282942277532904e-08
3288.0,5.6671213543603905e-08
3289.0,5.0571440314011675e-08
3290.0,4.453433812125788e-08
3291.0,3.8563935743672325e-08
3292.0,3.266405456117695e-08
3293.0,2.6838308144373044e-08
3294.0,2.1090102538277273e-08
3295.0,1.542263717831457e-08
3296.0,9.83890634822197e-09
3297.0,4.34170106240383e-09
3298.0,-1.0663887684718283e-09
3299.0,-6.382972045275409e-09
3300.0,-1.1605854220084549e-08
3301.0,-1.673303521217494e-08
3302.0,-2.176270761446997e-08
3303.0,-2.6693255258279336e-08
3304.0,-3.152325214784976e-08
3305.0,-3.62514617226367e-08
3306.0,-4.087683636550843e-08
3307.0,-4.5398517053566235e-08
3308.0,-4.9815833044179456e-08
3309.0,-5.412830149823035e-08
3310.0,-5.833562695931666e-08
3311.0,-6.243770062633601e-08
3312.0,-6.643459937323676e-08
3313.0,-7.032658447882973e-08
3314.0,-7.411410002860501e-08
3315.0,-7.77977709443897e-08
3316.0,-8.137840059623849e-08
3317.0,-8.485696795907357e-08
3318.0,-8.82346242911276e-08
3319.0,-9.15126893255204e-08
3320.0,-9.469264697364031e-08
3321.0,-9.777614053625539e-08
3322.0,-1.0076496741035284e-07
3323.0,-1.0366107327642795e-07
3324.0,-1.0646654575722449e-07
3325.0,-1.0918360755196937e-07
3326.0,-1.1181460906536524e-07
3327.0,-1.1436202056553382e-07
3328.0,-1.1682842391724639e-07
3329.0,-1.1921650394157236e-07
3330.0,-1.2152903944772273e-07
3331.0,-1.2376889397227628e-07
3332.0,-1.2593900625463737e-07
3333.0,-1.2804238047830651e-07
3334.0,-1.3008207630801797e-07
3335.0,-1.320611987456782e-07
3336.0,-1.3398288781615643e-07
3337.0,-1.3585030808680888e-07
3338.0,-1.3766663802708596e-07
3339.0,-1.3943505922388458e-07
3340.0,-1.411587454798907e-07
3341.0,-1.4284085183389498e-07
3342.0,-1.4448450355356405e-07
3343.0,-1.4609278516239165e-07
3344.0,-1.4766872957349802e-07
3345.0,-1.4921530741356906e-07
3346.0,-1.507354166304949e-07
3347.0,-1.5223187248780415e-07
3348.0,-1.5370739805566722e-07
3349.0,-1.5516461530750473e-07
3350.0,-1.5660603691993164e-07
3351.0,-1.5803405885473861e-07
3352.0,-1.594509537801502e-07
3353.0,-1.6085886536687568e-07
3354.0,-1.6225980347429244e-07
3355.0,-1.6365564022668334e-07
3356.0,-1.6504810696708637e-07
3357.0,-1.664387920611035e-07
3358.0,-1.6782913950534935e-07
3359.0,-1.6922044828284192e-07
3360.0,-1.7061387240512827e-07
3361.0,-1.7201042158550084e-07
3362.0,-1.7341096249474473e-07
3363.0,-1.7481622055833198e-07
3364.0,-1.7622678226147625e-07
3365.0,-1.7764309793560256e-07
3366.0,-1.790654850044507e-07
3367.0,-1.804941316656574e-07
3368.0,-1.8192910097146178e-07
3369.0,-1.8337033525507829e-07
3370.0,-1.8481766083712183e-07
3371.0,-1.8627079294417548e-07
3372.0,-1.87729340776376e-07
3373.0,-1.8919281266819562e-07
3374.0,-1.906606212942988e-07
3375.0,-1.9213208888007585e-07
3376.0,-1.9360645238417726e-07
3377.0,-1.9508286862806744e-07
3378.0,-1.9656041935526102e-07
3379.0,-1.9803811621047372e-07
3380.0,-1.995149056363911e-07
3381.0,-2.009896736931066e-07
3382.0,-2.0246125081248569e-07
3383.0,-2.0392841650639928e-07
3384.0,-2.0538990405182564e-07
3385.0,-2.0684440517268297e-07
3386.0,-2.0829057472514802e-07
3387.0,-2.0972703537506484e-07
3388.0,-2.1115238224270413e-07
3389.0,-2.1256518748652536e-07
3390.0,-2.13964004800944e-07
3391.0,-2.153473738088581e-07
3392.0,-2.1671382433573087e-07
3393.0,-2.1806188055799097e-07
3394.0,-2.193900650243853e-07
3395.0,-2.2069690255467955e-07
3396.0,-2.2198092402573913e-07
3397.0,-2.2324067006051653e-07
3398.0,-2.2447469464081084e-07
3399.0,-2.256815686694838e-07
3400.0,-2.2685988351000638e-07
3401.0,-2.280082545262232e-07
3402.0,-2.291253246302813e-07
3403.0,-2.3020976782671948e-07
3404.0,-2.312602927256007e-07
3405.0,-2.3227564599224284e-07
3406.0,-2.3325461570278081e-07
3407.0,-2.3419603457893522e-07
3408.0,-2.3509878307986019e-07
3409.0,-2.359617923334386e-07
3410.0,-2.3678404689387466e-07
3411.0,-2.375645873168935e-07
3412.0,-2.3830251254828476e-07
3413.0,-2.3899698212591306e-07
3414.0,-2.3964721819965485e-07
3415.0,-2.4025250737799675e-07
3416.0,-2.408122024142415e-07
3417.0,-2.413257237493997e-07
3418.0,-2.417925609328974e-07
3419.0,-2.4221227394618735e-07
3420.0,-2.425844944582127e-07
3421.0,-2.4290892704507583e-07
3422.0,-2.431853504071137e-07
3423.0,-2.434136186103267e-07
3424.0,-2.4359366236298863e-07
3425.0,-2.4372549031721895e-07
3426.0,-2.438091903691904e-07
3427.0,-2.4384493092541625e-07
3428.0,-2.4383296210344573e-07
3429.0,-2.4377361683875003e-07
3430.0,-2.436673118735009e-07
3431.0,-2.435145486069779e-07
3432.0,-2.4331591379147265e-07
3433.0,-2.4307208006179205e-07
3434.0,-2.4278380629077704e-07
3435.0,-2.4245193776765213e-07
3436.0,-2.4207740620048843e-07
3437.0,-2.4166122954824066e-07
3438.0,-2.4120451168960676e-07
3439.0,-2.407084419308062e-07
3440.0,-2.4017429433951476e-07
3441.0,-2.39603426872562e-07
3442.0,-2.389972802504558e-07
3443.0,-2.3835737652728397e-07
3444.0,-2.376853173072753e-07
3445.0,-2.369827815647472e-07
3446.0,-2.362515230301999e-07
3447.0,-2.3549336711158617e-07
3448.0,-2.3471020732627045e-07
3449.0,-2.3390400122587738e-07
3450.0,-2.330767658031013e-07
3451.0,-2.3223057237658817e-07
3452.0,-2.3136754095719232e-07
3453.0,-2.304898341062326e-07
3454.0,-2.2959965030380972e-07
3455.0,-2.2869921685277646e-07
3456.0,-2.2779078235155653e-07
3457.0,-2.2687660877666688e-07
3458.0,-2.2595896322348574e-07
3459.0,-2.2504010936151033e-07
3460.0,-2.2412229866768706e-07
3461.0,-2.2320776150625548e-07
3462.0,-2.2229869812137208e-07
3463.0,-2.2139726959642748e-07
3464.0,-2.2050558881428138e-07
3465.0,-2.1962571143091366e-07
3466.0,-2.187596268533956e-07
3467.0,-2.1790924919378375e-07
3468.0,-2.170764081588335e-07
3469.0,-2.1626283983415284e-07
3470.0,-2.1547017732742563e-07
3471.0,-2.146999412440642e-07
3472.0,-2.1395352997798077e-07
3473.0,-2.132322098097123e-07
3474.0,-2.1253710481386504e-07
3475.0,-2.118691865877323e-07
3476.0,-2.112292638229449e-07
3477.0,-2.106179717521111e-07
3478.0,-2.1003576151255242e-07
3479.0,-2.0948288947941535e-07
3480.0,-2.0895940663059554e-07
3481.0,-2.084651480156746e-07
3482.0,-2.079997224083017e-07
3483.0,-2.0756250222159193e-07
3484.0,-2.0715261375635394e-07
3485.0,-2.0676892783722623e-07
3486.0,-2.0641005088191935e-07
3487.0,-2.060743164486514e-07
3488.0,-2.0575977731372676e-07
3489.0,-2.054641981404733e-07
3490.0,-2.0518504881029438e-07
3491.0,-2.0491949849601952e-07
3492.0,-2.046644105670239e-07
3493.0,-2.0441633842469414e-07
3494.0,-2.0417152237571266e-07
3495.0,-2.039258876589374e-07
3496.0,-2.0367504374723462e-07
3497.0,-2.0341428504391842e-07
3498.0,-2.0313859308166555e-07
3499.0,-2.0284264031448068e-07
3500.0,-2.0252079557822782e-07
3501.0,-2.021671312828063e-07
3502.0,-2.0177543238368025e-07
3503.0,-2.0133920716221217e-07
3504.0,-2.0085169982874744e-07
3505.0,-2.0030590494969704e-07
3506.0,-1.9969458368441079e-07
3507.0,-1.9901028179947336e-07
3508.0,-1.982453494128359e-07
3509.0,-1.9739196240796388e-07
3510.0,-1.9644214544338565e-07
3511.0,-1.9538779646606257e-07
3512.0,-1.942207126256127e-07
3513.0,-1.9293261748519322e-07
3514.0,-1.9151518943098802e-07
3515.0,-1.8996009119085542e-07
3516.0,-1.8825900037920052e-07
3517.0,-1.8640364098254673e-07
3518.0,-1.8438581568126898e-07
3519.0,-1.8219743886968565e-07
3520.0,-1.798305702039796e-07
3521.0,-1.7727744849002787e-07
3522.0,-1.7453052572332835e-07
3523.0,-1.7158250110314844e-07
3524.0,-1.68426354854034e-07
3525.0,-1.6505538169290352e-07
3526.0,-1.614632237759701e-07
3527.0,-1.5764390295160956e-07
3528.0,-1.5359185214251108e-07
3529.0,-1.4930194568583835e-07
3530.0,-1.4476952846636152e-07
3531.0,-1.399904436772631e-07
3532.0,-1.349610590394001e-07
3533.0,-1.2967829131169608e-07
3534.0,-1.2413962893795937e-07
3535.0,-1.1834315269597167e-07
3536.0,-1.1228755423859121e-07
3537.0,-1.0597215244137705e-07
3538.0,-9.939690749437666e-08
3539.0,-9.256243269264469e-08
3540.0,-8.547000388761512e-08
3541.0,-7.812156656243851e-08
3542.0,-7.051974049409278e-08
3543.0,-6.266782196561788e-08
3544.0,-5.45697834949875e-08
3545.0,-4.6230271056090325e-08
3546.0,-3.765459878030492e-08
3547.0,-2.8848741138271785e-08
3548.0,-1.981932261104187e-08
3549.0,-1.0573604875154182e-08
3550.0,-1.1194715497999006e-09
3551.0,8.534589421665291e-09
3552.0,1.837950566847352e-08
3553.0,2.8405642476042146e-08
3554.0,3.8602826967846655e-08
3555.0,4.89603743035487e-08
3556.0,5.9467115822257875e-08
3557.0,7.011142907464494e-08
3558.0,8.088126970108986e-08
3559.0,9.176420511808419e-08
3560.0,1.027474499671343e-07
3561.0,1.1381790325943059e-07
3562.0,1.2496218712189934e-07
3563.0,1.36166687024043e-07
3564.0,1.4741759334061655e-07
3565.0,1.5870094407715406e-07
3566.0,1.7000266855407718e-07
3567.0,1.8130863181835872e-07
3568.0,1.9260467953410186e-07
3569.0,2.0387668309253243e-07
3570.0,2.151105846753681e-07
3571.0,2.2629244200579668e-07
3572.0,2.3740847253094838e-07
3573.0,2.484450967950927e-07
3574.0,2.593889807779736e-07
3575.0,2.702270769888356e-07
3576.0,2.8094666412906565e-07
3577.0,2.9153538516330945e-07
3578.0,3.0198128366099053e-07
3579.0,3.122728382811178e-07
3580.0,3.2239899527779275e-07
3581.0,3.323491989122146e-07
3582.0,3.421134196742732e-07
3583.0,3.5168218023983823e-07
3584.0,3.6104657911190856e-07
3585.0,3.701983119078487e-07
3586.0,3.791296902558934e-07
3587.0,3.8783365825334055e-07
3588.0,3.9630380642617103e-07
3589.0,4.045343831281396e-07
3590.0,4.125203033328219e-07
3591.0,4.202571547989391e-07
3592.0,4.2774120161613823e-07
3593.0,4.3496938515737494e-07
3594.0,4.4193932247150356e-07
3595.0,4.48649302145241e-07
3596.0,4.5509827765329215e-07
3597.0,4.6128585820910637e-07
3598.0,4.67212297131421e-07
3599.0,4.7287847775082167e-07
3600.0,4.782858968919856e-07
3601.0,4.834366459789157e-07
3602.0,4.883333898194446e-07
3603.0,4.929793431288093e-07
3604.0,4.973782448531927e-07
3605.0,5.015343303613253e-07
3606.0,5.054523015905738e-07
3607.0,5.091372952595974e-07
3608.0,5.125948492839612e-07
3609.0,5.158308675478889e-07
3610.0,5.188515831943695e-07
3611.0,5.216635206013123e-07
3612.0,5.242734562188871e-07
3613.0,5.266883784566413e-07
3614.0,5.289154468277187e-07
3615.0,5.309619505754039e-07
3616.0,5.328352670181626e-07
3617.0,5.345428198524712e-07
3618.0,5.360920376510643e-07
3619.0,5.374903127907149e-07
3620.0,5.387449610401901e-07
3621.0,5.398631820373131e-07
3622.0,5.408520208831852e-07
3623.0,5.417183310750196e-07
3624.0,5.424687389800546e-07
3625.0,5.431096100254288e-07
3626.0,5.436470167558069e-07
3627.0,5.440867089004416e-07
3628.0,5.444340855902884e-07
3629.0,5.4469416986242e-07
3630.0,5.448715855743308e-07
3631.0,5.449705368239461e-07
3632.0,5.449947899390536e-07
3633.0,5.44947658071601e-07
3634.0,5.448319884140511e-07
3635.0,5.446501520485257e-07
3636.0,5.444040364440847e-07
3637.0,5.440950406282004e-07
3638.0,5.43724073063172e-07
3639.0,5.432915522462513e-07
3640.0,5.427974100281691e-07
3641.0,5.422410976234813e-07
3642.0,5.416215942748395e-07
3643.0,5.40937418526435e-07
3644.0,5.401866420510777e-07
3645.0,5.393669059553493e-07
3646.0,5.384754394576713e-07
3647.0,5.37509080802348e-07
3648.0,5.364643002479078e-07
3649.0,5.353372249497892e-07
3650.0,5.341236655387675e-07
3651.0,5.328191441789105e-07
3652.0,5.314189238804736e-07
3653.0,5.299180388453786e-07
3654.0,5.283113256305129e-07
3655.0,5.265934549244356e-07
3656.0,5.247589637444016e-07
3657.0,5.228022878663344e-07
3658.0,5.20717794296825e-07
3659.0,5.184998135915225e-07
3660.0,5.161426718289923e-07
3661.0,5.136407220625562e-07
3662.0,5.109883750872558e-07
3663.0,5.081801293716191e-07
3664.0,5.052106000148667e-07
3665.0,5.020745465994214e-07
3666.0,4.987668998170578e-07
3667.0,4.952827867572034e-07
3668.0,4.916175547577681e-07
3669.0,4.877667937302432e-07
3670.0,4.8372635688269e-07
3671.0,4.794923797818108e-07
3672.0,4.750612977219644e-07
3673.0,4.7042986140040855e-07
3674.0,4.655951509228241e-07
3675.0,4.6055458817148844e-07
3676.0,4.553059475623222e-07
3677.0,4.498473652090211e-07
3678.0,4.441773465134767e-07
3679.0,4.382947722129685e-07
3680.0,4.321989029307627e-07
3681.0,4.258893822927546e-07
3682.0,4.193662386890006e-07
3683.0,4.126298857792255e-07
3684.0,4.0568112186453805e-07
3685.0,3.985211282638452e-07
3686.0,3.911514668337159e-07
3687.0,3.835740767563133e-07
3688.0,3.7579127069774e-07
3689.0,3.678057304091315e-07
3690.0,3.596205018055088e-07
3691.0,3.5123898952319563e-07
3692.0,3.426649509378729e-07
3693.0,3.3390248962181617e-07
3694.0,3.249560482186937e-07
3695.0,3.1583040070808435e-07
3696.0,3.0653064402208134e-07
3697.0,2.970621889726284e-07
3698.0,2.874307504563705e-07
3699.0,2.776423369225307e-07
3700.0,2.677032391127742e-07
3701.0,2.5762001809937736e-07
3702.0,2.473994926475004e-07
3703.0,2.3704872590906422e-07
3704.0,2.2657501143556207e-07
3705.0,2.1598585849173635e-07
3706.0,2.0528897666442315e-07
3707.0,1.9449225978378646e-07
3708.0,1.8360376920094395e-07
3709.0,1.7263171649375036e-07
3710.0,1.6158444569874273e-07
3711.0,1.5047041518734123e-07
3712.0,1.3929817931550047e-07
3713.0,1.2807636998262837e-07
3714.0,1.1681367824506879e-07
3715.0,1.055188361396514e-07
3716.0,9.420059887149842e-08
3717.0,8.286772750010327e-08
3718.0,7.152897222607546e-08
3719.0,6.019305635055211e-08
3720.0,4.886866095440766e-08
3721.0,3.7564410322671043e-08
3722.0,2.628885812140909e-08
3723.0,1.505047432224899e-08
3724.0,3.857632861632191e-09
3725.0,-7.281399987755337e-09
3726.0,-1.8358476568867345e-08
3727.0,-2.9365578162286673e-08
3728.0,-4.029482472810423e-08
3729.0,-5.1138484109712816e-08
3730.0,-6.188898072795249e-08
3731.0,-7.253890378586613e-08
3732.0,-8.308101500962759e-08
3733.0,-9.350825596543359e-08
3734.0,-1.0381375500445364e-07
3735.0,-1.1399083389442397e-07
3736.0,-1.240330141995945e-07
3737.0,-1.3393402347014822e-07
3738.0,-1.4368780129547802e-07
3739.0,-1.5328850526530395e-07
3740.0,-1.6273051687628583e-07
3741.0,-1.7200844742585256e-07
3742.0,-1.811171439473383e-07
3743.0,-1.9005169524962886e-07
3744.0,-1.9880743811778712e-07
3745.0,-2.0737996370648363e-07
3746.0,-2.1576512412538586e-07
3747.0,-2.2395903918696602e-07
3748.0,-2.3195810326920499e-07
3749.0,-2.397589922388423e-07
3750.0,-2.473586703785329e-07
3751.0,-2.5475439725342457e-07
3752.0,-2.619437344347566e-07
3753.0,-2.689245519750771e-07
3754.0,-2.756950345111096e-07
3755.0,-2.822536868632389e-07
3756.0,-2.885993390054271e-07
3757.0,-2.947311502912265e-07
3758.0,-3.006486128355216e-07
3759.0,-3.0635155396559417e-07
3760.0,-3.1184013766868697e-07
3761.0,-3.171148649764364e-07
3762.0,-3.221765732393292e-07
3763.0,-3.2702643425669637e-07
3764.0,-3.3166595123968897e-07
3765.0,-3.3609695459615747e-07
3766.0,-3.403215965373845e-07
3767.0,-3.4434234451717656e-07
3768.0,-3.481619735239136e-07
3769.0,-3.517835572557627e-07
3770.0,-3.5521045821839504e-07
3771.0,-3.584463167931862e-07
3772.0,-3.614950393320363e-07
3773.0,-3.643607853426179e-07
3774.0,-3.670479538350291e-07
3775.0,-3.6956116890752543e-07
3776.0,-3.719052646552011e-07
3777.0,-3.7408526949120873e-07
3778.0,-3.7610638997533734e-07
3779.0,-3.77973994249528e-07
3780.0,-3.7969359518383394e-07
3781.0,-3.812708333373528e-07
3782.0,-3.8271145983223143e-07
3783.0,-3.8402131922221384e-07
3784.0,-3.852063324153374e-07
3785.0,-3.862724796931373e-07
3786.0,-3.8722578386106586e-07
3787.0,-3.8807229356401035e-07
3788.0,-3.88818066802271e-07
3789.0,-3.8946915468504844e-07
3790.0,-3.9003158546005095e-07
3791.0,-3.9051134885926065e-07
3792.0,-3.909143808022094e-07
3793.0,-3.9124654849930595e-07
3794.0,-3.915136359988358e-07
3795.0,-3.91721330222227e-07
3796.0,-3.9187520753303674e-07
3797.0,-3.9198072088587747e-07
3798.0,-3.920431876021594e-07
3799.0,-3.9206777782009e-07
3800.0,-3.920595036668354e-07
3801.0,-3.9202320920111715e-07
3802.0,-3.9196356117444275e-07
3803.0,-3.918850406565523e-07
3804.0,-3.917919355609718e-07
3805.0,-3.916883340870363e-07
3806.0,-3.9157811907032673e-07
3807.0,-3.9146496321402187e-07
3808.0,-3.913523251641529e-07
3809.0,-3.91243446389388e-07
3810.0,-3.911413488262403e-07
3811.0,-3.910488332513756e-07
3812.0,-3.909684783436462e-07
3813.0,-3.9090264039958814e-07
3814.0,-3.908534536673828e-07
3815.0,-3.9082283126569327e-07
3816.0,-3.908124666553361e-07
3817.0,-3.9082383563342753e-07
3818.0,-3.9085819882144453e-07
3819.0,-3.9091660462055367e-07
3820.0,-3.909998926095788e-07
3821.0,-3.911086973630845e-07
3822.0,-3.912434526692463e-07
3823.0,-3.9140439612943863e-07
3824.0,-3.9159157412379754e-07
3825.0,-3.9180484712938757e-07
3826.0,-3.920438953800136e-07
3827.0,-3.923082248591578e-07
3828.0,-3.9259717361997774e-07
3829.0,-3.929099184287589e-07
3830.0,-3.932454817306687e-07
3831.0,-3.9360273893909294e-07
3832.0,-3.939804260522374e-07
3833.0,-3.9437714760269617e-07
3834.0,-3.9479138494520046e-07
3835.0,-3.952215048802425e-07
3836.0,-3.95665768593925e-07
3837.0,-3.961223408721757e-07
3838.0,-3.965892995302303e-07
3839.0,-3.9706464499098296e-07
3840.0,-3.97546309945637e-07
3841.0,-3.9803216903254095e-07
3842.0,-3.985200484730335e-07
3843.0,-3.9900773560621085e-07
3844.0,-3.9949298826774116e-07
3845.0,-3.999735439611854e-07
3846.0,-4.0044712877372894e-07
3847.0,-4.009114659917693e-07
3848.0,-4.0136428437544155e-07
3849.0,-4.018033260548753e-07
3850.0,-4.0222635401476106e-07
3851.0,-4.026311591376514e-07
3852.0,-4.0301556678031833e-07
3853.0,-4.033774428614319e-07
3854.0,-4.037146994427965e-07
3855.0,-4.040252997903858e-07
3856.0,-4.043072629054337e-07
3857.0,-4.045586675198636e-07
3858.0,-4.0477765555436964e-07
3859.0,-4.0496243504147924e-07
3860.0,-4.0511128251993635e-07
3861.0,-4.0522254491072637e-07
3862.0,-4.0529464088901936e-07
3863.0,-4.0532606177022675e-07
3864.0,-4.0531537193224417e-07
3865.0,-4.052612087997786e-07
3866.0,-4.051622824204322e-07
3867.0,-4.050173746659236e-07
3868.0,-4.0482533809547415e-07
3869.0,-4.045850945219555e-07
3870.0,-4.042956333248886e-07
3871.0,-4.0395600955744694e-07
3872.0,-4.035653418951413e-07
3873.0,-4.0312281046732137e-07
3874.0,-4.026276545962415e-07
3875.0,-4.020791704471599e-07
3876.0,-4.0147670857663016e-07
3877.0,-4.0081967135974483e-07
3878.0,-4.001075102778441e-07
3879.0,-3.993397230515557e-07
3880.0,-3.985158506078963e-07
3881.0,-3.9763547387417564e-07
3882.0,-3.9669821039559844e-07
3883.0,-3.957037107777533e-07
3884.0,-3.946516549595974e-07
3885.0,-3.9354174832709247e-07
3886.0,-3.923737176823042e-07
3887.0,-3.911473070875454e-07
3888.0,-3.8986227360900495e-07
3889.0,-3.8851838298925957e-07
3890.0,-3.871154052830988e-07
3891.0,-3.856531104958473e-07
3892.0,-3.841312642657416e-07
3893.0,-3.825496236273586e-07
3894.0,-3.809079328788313e-07
3895.0,-3.7920591955656845e-07
3896.0,-3.774432905072575e-07
3897.0,-3.75619728043038e-07
3898.0,-3.737348861690856e-07
3899.0,-3.7178838687891415e-07
3900.0,-3.6977981651936666e-07
3901.0,-3.677087222341634e-07
3902.0,-3.6557460850199074e-07
3903.0,-3.633769337924335e-07
3904.0,-3.611151073702077e-07
3905.0,-3.587884862830263e-07
3906.0,-3.563963725664789e-07
3907.0,-3.539380106873912e-07
3908.0,-3.5141258522809036e-07
3909.0,-3.4881921879315074e-07
3910.0,-3.4615697009969355e-07
3911.0,-3.434248321943357e-07
3912.0,-3.4062173072973415e-07
3913.0,-3.3774652223417883e-07
3914.0,-3.3479799231572245e-07
3915.0,-3.3177485375332864e-07
3916.0,-3.2867574443934876e-07
3917.0,-3.2549922514993065e-07
3918.0,-3.222437771326799e-07
3919.0,-3.189077995140139e-07
3920.0,-3.154896065421265e-07
3921.0,-3.1198742469530134e-07
3922.0,-3.0839938969941934e-07
3923.0,-3.0472354351288367e-07
3924.0,-3.0095783135178473e-07
3925.0,-2.971000988429206e-07
3926.0,-2.931480894072302e-07
3927.0,-2.8909944199125666e-07
3928.0,-2.849516892793882e-07
3929.0,-2.8070225653444666e-07
3930.0,-2.763484612265636e-07
3931.0,-2.7188751361528416e-07
3932.0,-2.673165184420691e-07
3933.0,-2.626324778672471e-07
3934.0,-2.5783229574763976e-07
3935.0,-2.529127833041549e-07
3936.0,-2.4787066618458234e-07
3937.0,-2.4270259289541844e-07
3938.0,-2.3740514455713626e-07
3939.0,-2.3197484592600906e-07
3940.0,-2.264081776237049e-07
3941.0,-2.2070158952463485e-07
3942.0,-2.1485151526504975e-07
3943.0,-2.088543878476785e-07
3944.0,-2.0270665631391135e-07
3945.0,-1.9640480344008665e-07
3946.0,-1.8994536438783566e-07
3947.0,-1.8332494620776537e-07
3948.0,-1.7654024807300385e-07
3949.0,-1.6958808211416744e-07
3950.0,-1.6246539473806212e-07
3951.0,-1.5516928832630654e-07
3952.0,-1.4769704321514796e-07
3953.0,-1.400461398498422e-07
3954.0,-1.3221428098787193e-07
3955.0,-1.2419941379995454e-07
3956.0,-1.1599975169367962e-07
3957.0,-1.0761379566914718e-07
3958.0,-9.904035501411616e-08
3959.0,-9.027856716003817e-08
3960.0,-8.132791654817708e-08
3961.0,-7.218825239113993e-08
3962.0,-6.28598052521457e-08
3963.0,-5.334320239304851e-08
3964.0,-4.363948185266353e-08
3965.0,-3.375010520686268e-08
3966.0,-2.3676968942798622e-08
3967.0,-1.3422414369037663e-08
3968.0,-2.9892359887368014e-09
3969.0,7.619311720955667e-09
3970.0,1.8399509158270963e-08
3971.0,2.934716808170655e-08
3972.0,4.04576297051421e-08
3973.0,5.1725764351082544e-08
3974.0,6.314597259493933e-08
3975.0,7.471218782973241e-08
3976.0,8.64178801858931e-08
3977.0,9.825606175486214e-08
3978.0,1.1021929308831422e-07
3979.0,1.2229969097377172e-07
3980.0,1.3448893751499544e-07
3981.0,1.4677829056485976e-07
3982.0,1.5915859556592952e-07
3983.0,1.7162029884954217e-07
3984.0,1.841534624284263e-07
3985.0,1.9674778029372395e-07
3986.0,2.0939259620464466e-07
3987.0,2.2207692294936723e-07
3988.0,2.347894630616276e-07
3989.0,2.4751863099177896e-07
3990.0,2.6025257674455455e-07
3991.0,2.7297921100078075e-07
3992.0,2.8568623173395077e-07
3993.0,2.983611523174776e-07
3994.0,3.1099133109908884e-07
3995.0,3.2356400239560444e-07
3996.0,3.3606630883023424e-07
3997.0,3.484853348967442e-07
3998.0,3.6080814160245297e-07
3999.0,3.7302180202635184e-07
4000.0,3.851134376272185e-07
4001.0,3.970702551368292e-07
4002.0,4.0887958386582936e-07
4003.0,4.2052891323669504e-07
4004.0,4.320059303486353e-07
4005.0,4.4329855737552143e-07
4006.0,4.5439498859135433e-07
4007.0,4.652837268019771e-07
4008.0,4.759536189430351e-07
4009.0,4.86393890594701e-07
4010.0,4.965941791684871e-07
4011.0,5.065445655366875e-07
4012.0,5.162356038955002e-07
4013.0,5.256583496772677e-07
4014.0,5.348043853556397e-07
4015.0,5.436658440177761e-07
4016.0,5.522354306069269e-07
4017.0,5.605064407649109e-07
4018.0,5.684727772259492e-07
4019.0,5.761289637310793e-07
4020.0,5.83470156450231e-07
4021.0,5.904921529232019e-07
4022.0,5.971913985615408e-07
4023.0,6.035649907821055e-07
4024.0,6.096106808601642e-07
4025.0,6.153268735946918e-07
4026.0,6.207126248791051e-07
4027.0,6.257676372743175e-07
4028.0,6.304922536864433e-07
4029.0,6.348874492519439e-07
4030.0,6.389548215247382e-07
4031.0,6.426965790466543e-07
4032.0,6.461155283715833e-07
4033.0,6.492150596069338e-07
4034.0,6.519991305286986e-07
4035.0,6.544722493145891e-07
4036.0,6.566394559274381e-07
4037.0,6.585063021779572e-07
4038.0,6.600788305060893e-07
4039.0,6.613635515379746e-07
4040.0,6.623674204923232e-07
4041.0,6.630978125220681e-07
4042.0,6.635624970849821e-07
4043.0,6.637696114405851e-07
4044.0,6.637276333696376e-07
4045.0,6.634453532081135e-07
4046.0,6.62931845281991e-07
4047.0,6.621964388234018e-07
4048.0,6.612486884434139e-07
4049.0,6.600983442333331e-07
4050.0,6.587553215640603e-07
4051.0,6.572296706484455e-07
4052.0,6.555315459230191e-07
4053.0,6.536711752950526e-07
4054.0,6.51658829292554e-07
4055.0,6.495047901514734e-07
4056.0,6.472193208762747e-07
4057.0,6.448126343150824e-07
4058.0,6.422948622969402e-07
4059.0,6.396760248860966e-07
4060.0,6.369659998179785e-07
4061.0,6.341744921943124e-07
4062.0,6.313110045281468e-07
4063.0,6.283848072375121e-07
4064.0,6.254049096851898e-07
4065.0,6.223800318547629e-07
4066.0,6.193185767482194e-07
4067.0,6.162286035931069e-07
4068.0,6.131178019554306e-07
4069.0,6.099934668635535e-07
4070.0,6.068624750563872e-07
4071.0,6.037312624765777e-07
4072.0,6.006058031366731e-07
4073.0,5.974915894935047e-07
4074.0,5.943936144726998e-07
4075.0,5.913163552882266e-07
4076.0,5.882637591938502e-07
4077.0,5.852392312783891e-07
4078.0,5.822456243795172e-07
4079.0,5.792852311547879e-07
4080.0,5.763597783215863e-07
4081.0,5.734704230587379e-07
4082.0,5.706177515492736e-07
4083.0,5.678017796364549e-07
4084.0,5.650219555633692e-07
4085.0,5.62277164769964e-07
4086.0,5.595657367295223e-07
4087.0,5.568854538141835e-07
4088.0,5.542335621767365e-07
4089.0,5.51606784617578e-07
4090.0,5.490013353760981e-07
4091.0,5.464129367553459e-07
4092.0,5.438368374637627e-07
4093.0,5.412678325390723e-07
4094.0,5.387002847088243e-07
4095.0,5.361281470415805e-07
4096.0,5.335449867508082e-07
4097.0,5.30944010026098e-07
4098.0,5.283180877795765e-07
4099.0,5.25659782206368e-07
4100.0,5.22961374065359e-07
4101.0,5.202148905923167e-07
4102.0,5.174121339655186e-07
4103.0,5.145447102554357e-07
4104.0,5.116040588008557e-07
4105.0,5.085814819597073e-07
4106.0,5.054681751843023e-07
4107.0,5.022552573727015e-07
4108.0,4.989338014536547e-07
4109.0,4.954948651709614e-07
4110.0,4.919295220415777e-07
4111.0,4.88228892468309e-07
4112.0,4.843841749910482e-07
4113.0,4.803866776598619e-07
4114.0,4.7622784951084007e-07
4115.0,4.718993121252548e-07
4116.0,4.6739289125571656e-07
4117.0,4.627006485061175e-07
4118.0,4.5781491304995486e-07
4119.0,4.527283133609008e-07
4120.0,4.4743380891053996e-07
4121.0,4.4192472176636185e-07
4122.0,4.3619476800500425e-07
4123.0,4.302380888402232e-07
4124.0,4.240492813445677e-07
4125.0,4.176234286175453e-07
4126.0,4.109561292305025e-07
4127.0,4.0404352576523904e-07
4128.0,3.9688233225225555e-07
4129.0,3.894698602951857e-07
4130.0,3.818040436424026e-07
4131.0,3.738834609484644e-07
4132.0,3.657073564668906e-07
4133.0,3.57275658429109e-07
4134.0,3.4858899488282266e-07
4135.0,3.396487067812035e-07
4136.0,3.304568581348958e-07
4137.0,3.2101624306583683e-07
4138.0,3.113303896332918e-07
4139.0,3.0140356033212086e-07
4140.0,2.912407491890617e-07
4141.0,2.808476754087369e-07
4142.0,2.7023077355031175e-07
4143.0,2.593971802458806e-07
4144.0,2.483547174994875e-07
4145.0,2.3711187263173596e-07
4146.0,2.2567777496103577e-07
4147.0,2.1406216933885604e-07
4148.0,2.0227538668091306e-07
4149.0,1.9032831165383407e-07
4150.0,1.7823234768339517e-07
4151.0,1.6599937945120426e-07
4152.0,1.5364173305200476e-07
4153.0,1.411721339948429e-07
4154.0,1.286036632422802e-07
4155.0,1.1594971149514967e-07
4156.0,1.0322393195640455e-07
4157.0,9.044019184762276e-08
4158.0,7.761252299217014e-08
4159.0,6.47550718056445e-08
4160.0,5.188204904634732e-08
4161.0,3.9007679685001395e-08
4162.0,2.614615325604615e-08
4163.0,1.3311575044996694e-08
4164.0,5.179184436949412e-10
4165.0,-1.222102122588943e-08
4166.0,-2.4891671150736243e-08
4167.0,-3.7480723489083565e-08
4168.0,-4.9975175638406134e-08
4169.0,-6.23623681059184e-08
4170.0,-7.463001979167558e-08
4171.0,-8.676626051605854e-08
4172.0,-9.875966065906792e-08
4173.0,-1.1059925782679588e-07
4174.0,-1.2227458051480456e-07
4175.0,-1.3377566879337744e-07
4176.0,-1.4509309209104834e-07
4177.0,-1.5621796419295874e-07
4178.0,-1.6714195558993147e-07
4179.0,-1.7785730331018682e-07
4180.0,-1.8835681835029664e-07
4181.0,-1.9863389081456753e-07
4182.0,-2.0868249288205596e-07
4183.0,-2.1849717973841224e-07
4184.0,-2.280730886168198e-07
4185.0,-2.3740593607902805e-07
4186.0,-2.464920136433621e-07
4187.0,-2.5532818185097643e-07
4188.0,-2.639118628660959e-07
4189.0,-2.7224103172604857e-07
4190.0,-2.803142063781616e-07
4191.0,-2.8813043665116057e-07
4192.0,-2.95689292306475e-07
4193.0,-3.0299085030613534e-07
4194.0,-3.100356814265035e-07
4195.0,-3.1682483634304873e-07
4196.0,-3.23359831305773e-07
4197.0,-3.2964263351024e-07
4198.0,-3.356756462412182e-07
4199.0,-3.4146169382855597e-07
4200.0,-3.4700400642177227e-07
4201.0,-3.523062045749389e-07
4202.0,-3.573722836367508e-07
4203.0,-3.6220659794850723e-07
4204.0,-3.668138448516431e-07
4205.0,-3.7119904849352436e-07
4206.0,-3.7536754340200484e-07
4207.0,-3.793249577856157e-07
4208.0,-3.830771965142626e-07
4209.0,-3.8663042374498736e-07
4210.0,-3.899910451716948e-07
4211.0,-3.931656898873105e-07
4212.0,-3.961611918467109e-07
4213.0,-3.989845709135248e-07
4214.0,-4.016430134733592e-07
4215.0,-4.0414385260508155e-07
4216.0,-4.064945478176773e-07
4217.0,-4.0870266437832814e-07
4218.0,-4.1077585227524237e-07
4219.0,-4.1272182487391857e-07
4220.0,-4.1454833733337546e-07
4221.0,-4.162631648466203e-07
4222.0,-4.178740807621775e-07
4223.0,-4.193888346406754e-07
4224.0,-4.208151303072119e-07
4225.0,-4.221606039736806e-07
4226.0,-4.234328025208636e-07
4227.0,-4.2463916204575275e-07
4228.0,-4.2578698679450333e-07
4229.0,-4.268834286135224e-07
4230.0,-4.2793546705586524e-07
4231.0,-4.2894989027456463e-07
4232.0,-4.299332768236466e-07
4233.0,-4.308919784808827e-07
4234.0,-4.3183210420624737e-07
4235.0,-4.3275950534716336e-07
4236.0,-4.3367976218405167e-07
4237.0,-4.345981718775077e-07
4238.0,-4.355197378460281e-07
4239.0,-4.3644916058539796e-07
4240.0,-4.373908299397487e-07
4241.0,-4.3834881884223943e-07
4242.0,-4.3932687855151883e-07
4243.0,-4.403284354115783e-07
4244.0,-4.4135658915414575e-07
4245.0,-4.4241411274931196e-07
4246.0,-4.435034538010944e-07
4247.0,-4.446267374825928e-07
4248.0,-4.457857710008432e-07
4249.0,-4.469820495625488e-07
4250.0,-4.48216763778618e-07
4251.0,-4.49490808411937e-07
4252.0,-4.508047923517303e-07
4253.0,-4.521590496868257e-07
4254.0,-4.535536517390369e-07
4255.0,-4.54988419904979e-07
4256.0,-4.564629391473202e-07
4257.0,-4.5797657197930114e-07
4258.0,-4.5952847279651146e-07
4259.0,-4.611176024228219e-07
4260.0,-4.6274274275088467e-07
4261.0,-4.6440251137134296e-07
4262.0,-4.6609537609877567e-07
4263.0,-4.67819669316413e-07
4264.0,-4.6957360207572864e-07
4265.0,-4.713552779011141e-07
4266.0,-4.7316270626390995e-07
4267.0,-4.749938157040719e-07
4268.0,-4.768464665916337e-07
4269.0,-4.787184635335039e-07
4270.0,-4.806075674418577e-07
4271.0,-4.825115072838795e-07
4272.0,-4.84427991525724e-07
4273.0,-4.863547192691059e-07
4274.0,-4.882893910621841e-07
4275.0,-4.902297193495446e-07
4276.0,-4.921734385112265e-07
4277.0,-4.941183144328461e-07
4278.0,-4.960621535486613e-07
4279.0,-4.980028112992085e-07
4280.0,-4.999381999375893e-07
4281.0,-5.01866295606411e-07
4282.0,-5.037851446002798e-07
4283.0,-5.056928687315054e-07
4284.0,-5.075876697265209e-07
4285.0,-5.094678325928677e-07
4286.0,-5.113317279093243e-07
4287.0,-5.131778130044665e-07
4288.0,-5.150046320016289e-07
4289.0,-5.168108147208228e-07
4290.0,-5.185950744406607e-07
4291.0,-5.203562045356722e-07
4292.0,-5.22093074016568e-07
4293.0,-5.238046220129624e-07
4294.0,-5.254898512497881e-07
4295.0,-5.271478205800894e-07
4296.0,-5.287776366480293e-07
4297.0,-5.30378444766778e-07
4298.0,-5.31949419106416e-07
4299.0,-5.334897522970789e-07
4300.0,-5.349986445622518e-07
4301.0,-5.364752925063697e-07
4302.0,-5.379188776896697e-07
4303.0,-5.393285551315583e-07
4304.0,-5.407034418912092e-07
4305.0,-5.420426058786041e-07
4306.0,-5.433450550461945e-07
4307.0,-5.446097270976763e-07
4308.0,-5.458354798288686e-07
4309.0,-5.470210821916823e-07
4310.0,-5.481652061478342e-07
4311.0,-5.492664193564717e-07
4312.0,-5.503231787245495e-07
4313.0,-5.513338248434752e-07
4314.0,-5.522965773370983e-07
4315.0,-5.532095311500008e-07
4316.0,-5.540706538091575e-07
4317.0,-5.548777836956547e-07
4318.0,-5.556286293641766e-07
4319.0,-5.563207699415111e-07
4320.0,-5.569516566164921e-07
4321.0,-5.575186152030245e-07
4322.0,-5.580188497221998e-07
4323.0,-5.584494469189039e-07
4324.0,-5.588073816098483e-07
4325.0,-5.590895227540162e-07
4326.0,-5.592926401382402e-07
4327.0,-5.594134115751328e-07
4328.0,-5.594484305157577e-07
4329.0,-5.593942139849068e-07
4330.0,-5.592472107526212e-07
4331.0,-5.59003809661657e-07
4332.0,-5.586603480369283e-07
4333.0,-5.582131201095658e-07
4334.0,-5.5765838539508e-07
4335.0,-5.569923769722141e-07
4336.0,-5.562113096164017e-07
4337.0,-5.553113877492844e-07
4338.0,-5.542888131735042e-07
4339.0,-5.53139792569924e-07
4340.0,-5.518605447425691e-07
4341.0,-5.504473076048783e-07
4342.0,-5.488963449093173e-07
4343.0,-5.47203952731011e-07
4344.0,-5.453664657247963e-07
4345.0,-5.433802631839561e-07
4346.0,-5.412417749378691e-07
4347.0,-5.38947487134877e-07
4348.0,-5.364939479658238e-07
4349.0,-5.338777733929421e-07
4350.0,-5.310956529580424e-07
4351.0,-5.28144355752937e-07
4352.0,-5.250207366415894e-07
4353.0,-5.217217428230821e-07
4354.0,-5.182444208143523e-07
4355.0,-5.145859239163595e-07
4356.0,-5.107435202146648e-07
4357.0,-5.067146011557201e-07
4358.0,-5.024966907279661e-07
4359.0,-4.980874552621366e-07
4360.0,-4.934847138533088e-07
4361.0,-4.886864493957997e-07
4362.0,-4.836908201988351e-07
4363.0,-4.784961721090839e-07
4364.0,-4.731010510156215e-07
4365.0,-4.675042155730336e-07
4366.0,-4.6170464996123675e-07
4367.0,-4.557015765037993e-07
4368.0,-4.494944679806649e-07
4369.0,-4.4308305948920954e-07
4370.0,-4.364673597265097e-07
4371.0,-4.296476615822268e-07
4372.0,-4.226245519391634e-07
4373.0,-4.1539892057335695e-07
4374.0,-4.079719680345216e-07
4375.0,-4.003452123846116e-07
4376.0,-3.9252049468422333e-07
4377.0,-3.8449998313950704e-07
4378.0,-3.762861758497543e-07
4379.0,-3.678819021244855e-07
4380.0,-3.5929032236567803e-07
4381.0,-3.5051492652905234e-07
4382.0,-3.4155953118070144e-07
4383.0,-3.3242827515356655e-07
4384.0,-3.231256137949806e-07
4385.0,-3.136563117919155e-07
4386.0,-3.0402543456402093e-07
4387.0,-2.9423833822359925e-07
4388.0,-2.843006581191104e-07
4389.0,-2.7421829600496514e-07
4390.0,-2.6399740590713776e-07
4391.0,-2.5364437877202017e-07
4392.0,-2.4316582599316325e-07
4393.0,-2.325685619133882e-07
4394.0,-2.2185958540556018e-07
4395.0,-2.110460606444403e-07
4396.0,-2.0013529718712133e-07
4397.0,-1.8913472947571215e-07
4398.0,-1.780518958680889e-07
4399.0,-1.668944172983983e-07
4400.0,-1.5566997567070692e-07
4401.0,-1.4438629209639024e-07
4402.0,-1.3305110510118973e-07
4403.0,-1.216721489525233e-07
4404.0,-1.1025713228266327e-07
4405.0,-9.881371719275617e-08
4406.0,-8.734949900768773e-08
4407.0,-7.587198681751507e-08
4408.0,-6.438858489835839e-08
4409.0,-5.29065750642123e-08
4410.0,-4.1433099969873146e-08
4411.0,-2.997514736904726e-08
4412.0,-1.8539535330387755e-08
4413.0,-7.132898427504691e-09
4414.0,4.238325052405984e-09
4415.0,1.5567904800068617e-08
4416.0,2.684982896622302e-08
4417.0,3.807831331653039e-08
4418.0,4.924780895145383e-08
4419.0,6.035300850208205e-08
4420.0,7.138885073363693e-08
4421.0,8.235052350965759e-08
4422.0,9.323346509393534e-08
4423.0,1.0403336379715701e-07
4424.0,1.1474615601009854e-07
4425.0,1.2536802269978761e-07
4426.0,1.3589538447517553e-07
4427.0,1.4632489535560171e-07
4428.0,1.566534354011759e-07
4429.0,1.6687810238683586e-07
4430.0,1.7699620271376245e-07
4431.0,1.8700524174835202e-07
4432.0,1.969029137663618e-07
4433.0,2.0668709166922555e-07
4434.0,2.1635581663215027e-07
4435.0,2.2590728783259008e-07
4436.0,2.353398523927239e-07
4437.0,2.446519956575146e-07
4438.0,2.538423319232233e-07
4439.0,2.629095957259672e-07
4440.0,2.7185263379248414e-07
4441.0,2.806703977436766e-07
4442.0,2.893619376234524e-07
4443.0,2.979263963024759e-07
4444.0,3.0636300478772867e-07
4445.0,3.146710784622115e-07
4446.0,3.228500142803556e-07
4447.0,3.308992889404619e-07
4448.0,3.388184580362176e-07
4449.0,3.4660715615509556e-07
4450.0,3.5426509784922905e-07
4451.0,3.6179207936434184e-07
4452.0,3.691879809838029e-07
4453.0,3.764527698313276e-07
4454.0,3.835865029751083e-07
4455.0,3.9058933068552294e-07
4456.0,3.974614997150721e-07
4457.0,4.0420335648597687e-07
4458.0,4.1081535007969933e-07
4459.0,4.1729803492197877e-07
4460.0,4.236520730537375e-07
4461.0,4.2987823588063113e-07
4462.0,4.3597740530508e-07
4463.0,4.419505741623749e-07
4464.0,4.4779884590321576e-07
4465.0,4.5352343348621297e-07
4466.0,4.5912565746524257e-07
4467.0,4.6460694327870127e-07
4468.0,4.699688177690475e-07
4469.0,4.7521290497784726e-07
4470.0,4.80340921271846e-07
4471.0,4.853546698612938e-07
4472.0,4.902560347750172e-07
4473.0,4.950469743567359e-07
4474.0,4.997295143429948e-07
4475.0,5.043057405761289e-07
4476.0,5.087777913972453e-07
4477.0,5.131478497548476e-07
4478.0,5.174181350548831e-07
4479.0,5.21590894767721e-07
4480.0,5.25668395797731e-07
4481.0,5.296529156146144e-07
4482.0,5.335467331450883e-07
4483.0,5.373521194286265e-07
4484.0,5.410713280489604e-07
4485.0,5.447065853615004e-07
4486.0,5.482600805456877e-07
4487.0,5.517339555219712e-07
4488.0,5.551302947862669e-07
4489.0,5.58451115228791e-07
4490.0,5.6169835601539e-07
4491.0,5.648738686148563e-07
4492.0,5.67979407056444e-07
4493.0,5.710166185031155e-07
4494.0,5.739870342323527e-07
4495.0,5.768920611270222e-07
4496.0,5.79732973789017e-07
4497.0,5.825109073937626e-07
4498.0,5.852268514025467e-07
4499.0,5.878816442421117e-07
4500.0,5.904759690464195e-07
4501.0,5.930103505326342e-07
4502.0,5.954851530537653e-07
4503.0,5.979005798403665e-07
4504.0,6.002566734193608e-07
4505.0,6.02553317180537e-07
4506.0,6.047902380481953e-07
4507.0,6.069670102057706e-07
4508.0,6.090830598162766e-07
4509.0,6.111376706827223e-07
4510.0,6.131299908004541e-07
4511.0,6.150590397653215e-07
4512.0,6.169237170139004e-07
4513.0,6.187228108817881e-07
4514.0,6.204550084710762e-07
4515.0,6.221189063164239e-07
4516.0,6.237130218303653e-07
4517.0,6.252358054943687e-07
4518.0,6.266856537443399e-07
4519.0,6.280609224793987e-07
4520.0,6.293599411047216e-07
4521.0,6.305810270070337e-07
4522.0,6.317225003547929e-07
4523.0,6.327826991100161e-07
4524.0,6.337599941309425e-07
4525.0,6.346528042335066e-07
4526.0,6.354596110671057e-07
4527.0,6.361789736502471e-07
4528.0,6.368095424081332e-07
4529.0,6.373500725588092e-07
4530.0,6.377994367056703e-07
4531.0,6.381566365093364e-07
4532.0,6.38420813330216e-07
4533.0,6.385912577550642e-07
4534.0,6.386674179468075e-07
4535.0,6.386489067858722e-07
4536.0,6.385355077996235e-07
4537.0,6.383271798969328e-07
4538.0,6.380240609303077e-07
4539.0,6.376264700990313e-07
4540.0,6.371349091917264e-07
4541.0,6.365500626542356e-07
4542.0,6.358727964621174e-07
4543.0,6.351041557761911e-07
4544.0,6.342453613642429e-07
4545.0,6.332978047831845e-07
4546.0,6.322630423330445e-07
4547.0,6.311427878127862e-07
4548.0,6.299389041232954e-07
4549.0,6.286533937741873e-07
4550.0,6.272883883595819e-07
4551.0,6.258461370735501e-07
4552.0,6.243289943396064e-07
4553.0,6.227394066334456e-07
4554.0,6.210798985834397e-07
4555.0,6.19353058434887e-07
4556.0,6.1756152296135e-07
4557.0,6.157079619050458e-07
4558.0,6.137950620322779e-07
4559.0,6.118255108975288e-07
4560.0,6.098019804164777e-07
4561.0,6.077271103510945e-07
4562.0,6.056034918088154e-07
4563.0,6.034336508531103e-07
4564.0,6.01220032314201e-07
4565.0,5.989649838752575e-07
4566.0,5.966707404916261e-07
4567.0,5.943394091818407e-07
4568.0,5.919729542132172e-07
4569.0,5.895731826943852e-07
4570.0,5.871417305846588e-07
4571.0,5.846800491377117e-07
4572.0,5.821893918135324e-07
4573.0,5.796708017129355e-07
4574.0,5.771250996066633e-07
4575.0,5.745528726432826e-07
4576.0,5.719544638287222e-07
4577.0,5.693299623789162e-07
4578.0,5.666791950555023e-07
4579.0,5.640017185990352e-07
4580.0,5.612968133723754e-07
4581.0,5.585634783209968e-07
4582.0,5.558004273499457e-07
4583.0,5.530060872077646e-07
4584.0,5.501785969514989e-07
4585.0,5.47315809042832e-07
4586.0,5.444152920979343e-07
4587.0,5.414743352898186e-07
4588.0,5.38489954386365e-07
4589.0,5.354588993984776e-07
4590.0,5.323776638059471e-07
4591.0,5.292424953199516e-07
4592.0,5.260494081307844e-07
4593.0,5.227941965786836e-07
4594.0,5.194724501753561e-07
4595.0,5.160795698947617e-07
4596.0,5.126107856454144e-07
4597.0,5.090611748337825e-07
4598.0,5.054256819277829e-07
4599.0,5.016991389277571e-07
4600.0,4.978762866482706e-07
4601.0,4.939517967091338e-07
4602.0,4.899202941312589e-07
4603.0,4.857763804345528e-07
4604.0,4.815146571410189e-07
4605.0,4.771297495942148e-07
4606.0,4.7261633101220404e-07
4607.0,4.679691466911401e-07
4608.0,4.6318303827003834e-07
4609.0,4.5825296795930487e-07
4610.0,4.5317404263338786e-07
4611.0,4.479415376941156e-07
4612.0,4.4255092062271226e-07
4613.0,4.3699787415079333e-07
4614.0,4.3127831899217757e-07
4615.0,4.2538843608856906e-07
4616.0,4.19324688332038e-07
4617.0,4.130838417312974e-07
4618.0,4.066629859820997e-07
4619.0,4.0005955438367206e-07
4620.0,3.932713430166755e-07
4621.0,3.8629652906964656e-07
4622.0,3.791336881768031e-07
4623.0,3.717818106162081e-07
4624.0,3.642403162149338e-07
4625.0,3.56509067812881e-07
4626.0,3.485883831447168e-07
4627.0,3.40479045008618e-07
4628.0,3.321823096003284e-07
4629.0,3.2369991290062315e-07
4630.0,3.1503407501556e-07
4631.0,3.061875023856021e-07
4632.0,2.971633878034768e-07
4633.0,2.8796540820963205e-07
4634.0,2.785977202624642e-07
4635.0,2.690649536990406e-07
4636.0,2.593722025059286e-07
4637.0,2.4952501391565384e-07
4638.0,2.395293752434933e-07
4639.0,2.2939169858478025e-07
4640.0,2.1911880340198454e-07
4641.0,2.0871789704420916e-07
4642.0,1.9819655326051685e-07
4643.0,1.8756268878950795e-07
4644.0,1.7682453812884283e-07
4645.0,1.6599062661250224e-07
4646.0,1.550697419509167e-07
4647.0,1.4407090441334312e-07
4648.0,1.3300333584606681e-07
4649.0,1.218764277238728e-07
4650.0,1.1069970843157949e-07
4651.0,9.948280997400251e-08
4652.0,8.823543431915858e-08
4653.0,7.696731958565059e-08
4654.0,6.56882062821147e-08
4655.0,5.440780379332057e-08
4656.0,4.3135757293987046e-08
4657.0,3.188161526846151e-08
4658.0,2.0654797825644836e-08
4659.0,9.464566018926342e-09
4660.0,-1.680007603023532e-09
4661.0,-1.2770066992290153e-08
4662.0,-2.3796998948817777e-08
4663.0,-3.475245766209181e-08
4664.0,-4.5628387333433505e-08
4665.0,-5.641704280703858e-08
4666.0,-6.711100817367884e-08
4667.0,-7.770321333650925e-08
4668.0,-8.818694855130764e-08
4669.0,-9.855587698191783e-08
4670.0,-1.0880404533951588e-07
4671.0,-1.1892589269062802e-07
4672.0,-1.2891625752287428e-07
4673.0,-1.387703831540306e-07
4674.0,-1.4848392156241765e-07
4675.0,-1.58052935711988e-07
4676.0,-1.674739004544418e-07
4677.0,-1.767437021136696e-07
4678.0,-1.8585963688015035e-07
4679.0,-1.948194081492065e-07
4680.0,-2.0362112292415565e-07
4681.0,-2.1226328737923723e-07
4682.0,-2.2074480164529254e-07
4683.0,-2.2906495385178505e-07
4684.0,-2.3722341343730574e-07
4685.0,-2.45220223723275e-07
4686.0,-2.530557937236281e-07
4687.0,-2.6073088913668007e-07
4688.0,-2.68246622445145e-07
4689.0,-2.7560444204919755e-07
4690.0,-2.828061203780492e-07
4691.0,-2.898537409548055e-07
4692.0,-2.967496844077975e-07
4693.0,-3.034966134209575e-07
4694.0,-3.1009745660552314e-07
4695.0,-3.165553912689453e-07
4696.0,-3.228738250588572e-07
4697.0,-3.290563764688408e-07
4698.0,-3.3510685420975676e-07
4699.0,-3.41029235478875e-07
4700.0,-3.4682764319664496e-07
4701.0,-3.5250632231778704e-07
4702.0,-3.580696153495945e-07
4703.0,-3.6352193722408304e-07
4704.0,-3.688677496785378e-07
4705.0,-3.741115353105046e-07
4706.0,-3.792577714932218e-07
4707.0,-3.8431090436130373e-07
4708.0,-3.8927532309396436e-07
4709.0,-3.9415533472752945e-07
4710.0,-3.9895513972076253e-07
4711.0,-4.0367880848231056e-07
4712.0,-4.083302590609381e-07
4713.0,-4.1291323620372926e-07
4714.0,-4.174312919972475e-07
4715.0,-4.2188776830234897e-07
4716.0,-4.2628578116263857e-07
4717.0,-4.3062820731608564e-07
4718.0,-4.3491767288729206e-07
4719.0,-4.3915654429627797e-07
4720.0,-4.4334692138531885e-07
4721.0,-4.474906327295426e-07
4722.0,-4.5158923306103477e-07
4723.0,-4.5564400271228656e-07
4724.0,-4.5965594898002627e-07
4725.0,-4.6362580931536516e-07
4726.0,-4.6755405624398585e-07
4727.0,-4.714409039059009e-07
4728.0,-4.752863160903968e-07
4729.0,-4.790900156421704e-07
4730.0,-4.828514951290118e-07
4731.0,-4.865700286756563e-07
4732.0,-4.9024468486861e-07
4733.0,-4.938743406224805e-07
4734.0,-4.974576958840055e-07
4735.0,-5.009932890499307e-07
4736.0,-5.044795129888035e-07
4737.0,-5.079146315705967e-07
4738.0,-5.112967966078412e-07
4739.0,-5.146240650972733e-07
4740.0,-5.178944166359343e-07
4741.0,-5.211057708828127e-07
4742.0,-5.24256004944082e-07
4743.0,-5.273429705665825e-07
4744.0,-5.303645110286888e-07
4745.0,-5.333184776270575e-07
4746.0,-5.362027456743968e-07
4747.0,-5.390152299399601e-07
4748.0,-5.417538994735418e-07
4749.0,-5.444167917581475e-07
4750.0,-5.47002026145277e-07
4751.0,-5.495078165426956e-07
4752.0,-5.519324833399394e-07
4753.0,-5.542744645621361e-07
4754.0,-5.565323262362583e-07
4755.0,-5.58704771942353e-07
4756.0,-5.6079065151543e-07
4757.0,-5.627889688685564e-07
4758.0,-5.646988889243199e-07
4759.0,-5.665197436627762e-07
4760.0,-5.682510373077294e-07
4761.0,-5.698924506702194e-07
4762.0,-5.714438446501958e-07
4763.0,-5.729052628792656e-07
4764.0,-5.742769334835459e-07
4765.0,-5.755592699560137e-07
4766.0,-5.767528711404576e-07
4767.0,-5.778585203347227e-07
4768.0,-5.78877183521831e-07
4769.0,-5.79810006742876e-07
4770.0,-5.806583126381026e-07
4771.0,-5.814235961945786e-07
4772.0,-5.821075197408961e-07
4773.0,-5.827119072196478e-07
4774.0,-5.832387377536988e-07
4775.0,-5.836901385120122e-07
4776.0,-5.840683768799143e-07
4777.0,-5.843758519430324e-07
4778.0,-5.846150852956584e-07
4779.0,-5.847887111808934e-07
4780.0,-5.848994659647824e-07
4781.0,-5.8495017694152e-07
4782.0,-5.849437504638338e-07
4783.0,-5.848831593967194e-07
4784.0,-5.84771429904541e-07
4785.0,-5.846116275933635e-07
4786.0,-5.844068430349223e-07
4787.0,-5.841601766986168e-07
4788.0,-5.838747233228069e-07
4789.0,-5.835535557713639e-07
4790.0,-5.831997084430459e-07
4791.0,-5.828161603248946e-07
4792.0,-5.824058178021951e-07
4793.0,-5.819714973516743e-07
4794.0,-5.81515908248689e-07
4795.0,-5.810416354177037e-07
4796.0,-5.805511225560799e-07
4797.0,-5.800466556644502e-07
4798.0,-5.79530347116762e-07
4799.0,-5.790041203973747e-07
4800.0,-5.784696956224306e-07
4801.0,-5.77928575945333e-07
4802.0,-5.773820349209169e-07
4803.0,-5.768311048799865e-07
4804.0,-5.762765663579847e-07
4805.0,-5.757189386300592e-07
4806.0,-5.751584714198957e-07
4807.0,-5.745951378580562e-07
4808.0,-5.740286287570382e-07
4809.0,-5.734583482441672e-07
4810.0,-5.728834107578859e-07
4811.0,-5.72302639375431e-07
4812.0,-5.71714565404622e-07
4813.0,-5.711174291469578e-07
4814.0,-5.705091817315466e-07
4815.0,-5.698874879292524e-07
4816.0,-5.692497298761013e-07
4817.0,-5.685930116577575e-07
4818.0,-5.679141647302204e-07
4819.0,-5.672097541753961e-07
4820.0,-5.664760858137772e-07
4821.0,-5.657092142196984e-07
4822.0,-5.649049517050156e-07
4823.0,-5.64058878347851e-07
4824.0,-5.631663531365635e-07
4825.0,-5.622225262753442e-07
4826.0,-5.612223526670093e-07
4827.0,-5.60160606562663e-07
4828.0,-5.590318973539842e-07
4829.0,-5.578306864844522e-07
4830.0,-5.565513054687743e-07
4831.0,-5.551879750277288e-07
4832.0,-5.537348253587522e-07
4833.0,-5.521859175635046e-07
4834.0,-5.505352662402479e-07
4835.0,-5.48776863223155e-07
4836.0,-5.46904702416764e-07
4837.0,-5.44912805636897e-07
4838.0,-5.427952493337041e-07
4839.0,-5.40546192040204e-07
4840.0,-5.381599023621409e-07
4841.0,-5.356307873029006e-07
4842.0,-5.329534207012765e-07
4843.0,-5.30122571552793e-07
4844.0,-5.271332319890208e-07
4845.0,-5.239806446988489e-07
4846.0,-5.206603295811805e-07
4847.0,-5.171681094154815e-07
4848.0,-5.135001343299378e-07
4849.0,-5.096529048461401e-07
4850.0,-5.056232932912504e-07
4851.0,-5.014085633934737e-07
4852.0,-4.970063879073339e-07
4853.0,-4.924148641422167e-07
4854.0,-4.876325272859558e-07
4855.0,-4.826583614290488e-07
4856.0,-4.774918082120844e-07
4857.0,-4.721327730394559e-07
4858.0,-4.6658162882080485e-07
4859.0,-4.6083921721785423e-07
4860.0,-4.549068473939229e-07
4861.0,-4.487862922864254e-07
4862.0,-4.424797824434254e-07
4863.0,-4.359899974841368e-07
4864.0,-4.2932005526781067e-07
4865.0,-4.224734988897105e-07
4866.0,-4.1545428166052926e-07
4867.0,-4.0826675025225695e-07
4868.0,-4.009156261945504e-07
4869.0,-3.934059858788167e-07
4870.0,-3.8574323918848654e-07
4871.0,-3.779331068445638e-07
4872.0,-3.6998159654557323e-07
4873.0,-3.618949779899382e-07
4874.0,-3.536797568938555e-07
4875.0,-3.453426481536208e-07
4876.0,-3.3689054833772747e-07
4877.0,-3.2833050772067873e-07
4878.0,-3.1966970208305214e-07
4879.0,-3.109154045005724e-07
4880.0,-3.020749573287874e-07
4881.0,-2.931557445619235e-07
4882.0,-2.8416516471205075e-07
4883.0,-2.7511060432736145e-07
4884.0,-2.6599941225149463e-07
4885.0,-2.5683887471689397e-07
4886.0,-2.476361913584292e-07
4887.0,-2.3839845222709855e-07
4888.0,-2.2913261587921046e-07
4889.0,-2.198454886157119e-07
4890.0,-2.105437049502011e-07
4891.0,-2.0123370939080323e-07
4892.0,-1.919217396244212e-07
4893.0,-1.8261381118721294e-07
4894.0,-1.7331570369617394e-07
4895.0,-1.6403294871084812e-07
4896.0,-1.5477081929058292e-07
4897.0,-1.4553432130218336e-07
4898.0,-1.3632818651171594e-07
4899.0,-1.2715686747199762e-07
4900.0,-1.1802453420542421e-07
4901.0,-1.0893507267951163e-07
4902.0,-9.989208506909435e-08
4903.0,-9.089889178676629e-08
4904.0,-8.195853524106272e-08
4905.0,-7.307378525148405e-08
4906.0,-6.42471460138053e-08
4907.0,-5.5480864475074206e-08
4908.0,-4.677693995355802e-08
4909.0,-3.813713483011532e-08
4910.0,-2.9562986143835552e-08
4911.0,-2.1055817938472667e-08
4912.0,-1.2616754215489861e-08
4913.0,-4.246732347812777e-09
4914.0,4.053483200595873e-09
4915.0,1.2283287009364545e-08
4916.0,2.044221884288467e-08
4917.0,2.852994993242139e-08
4918.0,3.654626951650265e-08
4919.0,4.4491071748455985e-08
4920.0,5.236434308007453e-08
4921.0,6.016615023584494e-08
4922.0,6.789662889848206e-08
4923.0,7.555597322681719e-08
4924.0,8.314442631286994e-08
4925.0,9.06622716509197e-08
4926.0,9.810982564322191e-08
4927.0,1.0548743111957805e-07
4928.0,1.1279545181069205e-07
4929.0,1.20034267686396e-07
4930.0,1.2720427104892815e-07
4931.0,1.3430586326403226e-07
4932.0,1.413394520190205e-07
4933.0,1.4830544900872867e-07
4934.0,1.5520426796042271e-07
4935.0,1.6203632291762034e-07
4936.0,1.6880202671529684e-07
4937.0,1.7550178959779314e-07
4938.0,1.8213601795157811e-07
4939.0,1.88705113138842e-07
4940.0,1.9520947042074495e-07
4941.0,2.016494779574038e-07
4942.0,2.0802551587552486e-07
4943.0,2.1433795540714933e-07
4944.0,2.2058715811833313e-07
4945.0,2.2677347525758488e-07
4946.0,2.3289724725755974e-07
4947.0,2.3895880341789876e-07
4948.0,2.449584617809594e-07
4949.0,2.508965291919293e-07
4950.0,2.5677330152293585e-07
4951.0,2.625890640414716e-07
4952.0,2.6834409190806416e-07
4953.0,2.740386507879641e-07
4954.0,2.796729975581129e-07
4955.0,2.8524738108927e-07
4956.0,2.9076204308360834e-07
4957.0,2.9621721894558545e-07
4958.0,3.0161313865815176e-07
4959.0,3.069500276333495e-07
4960.0,3.122281075103309e-07
4961.0,3.1744759688167484e-07
4962.0,3.226087119342154e-07
4963.0,3.2771166699105356e-07
4964.0,3.3275667494091133e-07
4965.0,3.3774394754497796e-07
4966.0,3.4267369562031854e-07
4967.0,3.47546129107616e-07
4968.0,3.523614570340013e-07
4969.0,3.5711988737711286e-07
4970.0,3.6182162682643e-07
4971.0,3.664668804272513e-07
4972.0,3.7105585108578286e-07
4973.0,3.755887389107955e-07
4974.0,3.8006574036556327e-07
4975.0,3.8448704720263586e-07
4976.0,3.888528451548075e-07
4977.0,3.9316331235802686e-07
4978.0,3.9741861748452877e-07
4979.0,4.0161891756839586e-07
4980.0,4.057643555139709e-07
4981.0,4.0985505728987506e-07
4982.0,4.138911288233794e-07
4983.0,4.1787265261748115e-07
4984.0,4.217996841171404e-07
4985.0,4.2567224785571744e-07
4986.0,4.2949033342038076e-07
4987.0,4.3325389128611235e-07
4988.0,4.369628285797797e-07
4989.0,4.406170048447694e-07
4990.0,4.4421622787984146e-07
4991.0,4.4776024972439717e-07
4992.0,4.512487628614761e-07
4993.0,4.546813967139366e-07
4994.0,4.5805771451777804e-07
4995.0,4.613772106646675e-07
4996.0,4.6463930860901435e-07
4997.0,4.6784335943174746e-07
4998.0,4.709886411435665e-07
4999.0,4.740743587949624e-07
5000.0,4.770996454385368e-07
5001.0,4.800635639626302e-07
5002.0,4.829651097885396e-07
5003.0,4.858032144018075e-07
5004.0,4.885767496732672e-07
5005.0,4.912845329163831e-07
5006.0,4.939253326219268e-07
5007.0,4.964978748079585e-07
5008.0,4.990008499209123e-07
5009.0,5.014329202202619e-07
5010.0,5.037927275734526e-07
5011.0,5.060789015797855e-07
5012.0,5.082900679340441e-07
5013.0,5.104248569371085e-07
5014.0,5.12481912064373e-07
5015.0,5.144598985108679e-07
5016.0,5.163575116395418e-07
5017.0,5.181734852649328e-07
5018.0,5.199065997105575e-07
5019.0,5.215556895852782e-07
5020.0,5.231196512305326e-07
5021.0,5.245974497979546e-07
5022.0,5.259881259286317e-07
5023.0,5.272908020205814e-07
5024.0,5.285046880852915e-07
5025.0,5.296290872033634e-07
5026.0,5.30663400592467e-07
5027.0,5.316071322988222e-07
5028.0,5.3245989351924e-07
5029.0,5.332214065588124e-07
5030.0,5.338915084309706e-07
5031.0,5.344701541086918e-07
5032.0,5.34957419434689e-07
5033.0,5.353535036938227e-07
5034.0,5.356587318446036e-07
5035.0,5.358735564015506e-07
5036.0,5.359985589575391e-07
5037.0,5.360344513333968e-07
5038.0,5.359820763400586e-07
5039.0,5.358424081382552e-07
5040.0,5.3561655218048e-07
5041.0,5.353057447136296e-07
5042.0,5.349113518058857e-07
5043.0,5.3443486784463e-07
5044.0,5.338779134422034e-07
5045.0,5.332422326862542e-07
5046.0,5.325296896787004e-07
5047.0,5.317422643179911e-07
5048.0,5.308820472901936e-07
5049.0,5.299512342425771e-07
5050.0,5.289521191164249e-07
5051.0,5.278870866151091e-07
5052.0,5.267586037855767e-07
5053.0,5.255692107034907e-07
5054.0,5.24321510275663e-07
5055.0,5.230181572024075e-07
5056.0,5.216618461688172e-07
5057.0,5.202552993514741e-07
5058.0,5.188012533333344e-07
5059.0,5.173024455167809e-07
5060.0,5.157616001198893e-07
5061.0,5.141814138408756e-07
5062.0,5.125645412820629e-07
5063.0,5.109135802336555e-07
5064.0,5.092310569248898e-07
5065.0,5.075194113530647e-07
5066.0,5.057809827981076e-07
5067.0,5.040179956236571e-07
5068.0,5.022325454599926e-07
5069.0,5.004265858616428e-07
5070.0,4.986019155297335e-07
5071.0,4.967601661817518e-07
5072.0,4.949027911396308e-07
5073.0,4.930310546959481e-07
5074.0,4.911460223133778e-07
5075.0,4.892485517159995e-07
5076.0,4.873392849388788e-07
5077.0,4.854186414095055e-07
5078.0,4.83486812138556e-07
5079.0,4.815437550964123e-07
5080.0,4.795891918447223e-07
5081.0,4.776226054803607e-07
5082.0,4.756432399364792e-07
5083.0,4.7365010067505524e-07
5084.0,4.71641956797234e-07
5085.0,4.696173445894125e-07
5086.0,4.675745725120169e-07
5087.0,4.6551172762315066e-07
5088.0,4.634266834125806e-07
5089.0,4.6131710900700597e-07
5090.0,4.591804796968068e-07
5091.0,4.57014088725269e-07
5092.0,4.5481506027153115e-07
5093.0,4.525803635481716e-07
5094.0,4.5030682792427117e-07
5095.0,4.4799115897756834e-07
5096.0,4.456299553783767e-07
5097.0,4.43219726512399e-07
5098.0,4.4075691075361956e-07
5099.0,4.382378942975922e-07
5100.0,4.3565903046039015e-07
5101.0,4.3301665934178473e-07
5102.0,4.303071277438497e-07
5103.0,4.27526809228874e-07
5104.0,4.246721241949506e-07
5105.0,4.2173955984516837e-07
5106.0,4.187256899266022e-07
5107.0,4.156271941165072e-07
5108.0,4.12440876933528e-07
5109.0,4.0916368605185924e-07
5110.0,4.0579272989881756e-07
5111.0,4.0232529442320625e-07
5112.0,3.987588589331716e-07
5113.0,3.950911109165928e-07
5114.0,3.9131995977259e-07
5115.0,3.874435493976716e-07
5116.0,3.834602695817992e-07
5117.0,3.7936876617481994e-07
5118.0,3.7516794998177695e-07
5119.0,3.708570043407444e-07
5120.0,3.664353913333933e-07
5121.0,3.619028565766012e-07
5122.0,3.572594325401023e-07
5123.0,3.525054403286557e-07
5124.0,3.4764148986007906e-07
5125.0,3.4266847836839964e-07
5126.0,3.3758758716803204e-07
5127.0,3.3240027662980196e-07
5128.0,3.2710827934078626e-07
5129.0,3.217135914456277e-07
5130.0,3.162184621941183e-07
5131.0,3.106253817435818e-07
5132.0,3.0493706728186734e-07
5133.0,2.991564475492249e-07
5134.0,2.932866458499074e-07
5135.0,2.8733096166055447e-07
5136.0,2.812928509595834e-07
5137.0,2.751759054123095e-07
5138.0,2.6898383054653047e-07
5139.0,2.6272042304825585e-07
5140.0,2.5638954730559496e-07
5141.0,2.499951113335193e-07
5142.0,2.4354104222114266e-07
5143.0,2.370312612543162e-07
5144.0,2.3046965888012732e-07
5145.0,2.2386006969687844e-07
5146.0,2.172062476706907e-07
5147.0,2.1051184179212407e-07
5148.0,2.037803723886018e-07
5149.0,1.9701520830325715e-07
5150.0,1.902195451461944e-07
5151.0,1.8339638482570643e-07
5152.0,1.7654851657195483e-07
5153.0,1.6967849966696944e-07
5154.0,1.6278864808789887e-07
5155.0,1.558810172531761e-07
5156.0,1.4895739303235298e-07
5157.0,1.420192831428159e-07
5158.0,1.3506791102148133e-07
5159.0,1.2810421223864383e-07
5160.0,1.2112883351425117e-07
5161.0,1.1414213439100656e-07
5162.0,1.0714419160000672e-07
5163.0,1.001348061198022e-07
5164.0,9.31135128867985e-08
5165.0,8.60795930713883e-08
5166.0,7.903208878831275e-08
5167.0,7.196982006035497e-08
5168.0,6.489140381201663e-08
5169.0,5.7795274645609e-08
5170.0,5.067970714564668e-08
5171.0,4.354283946242838e-08
5172.0,3.6382697938909024e-08
5173.0,2.9197222563212037e-08
5174.0,2.1984293046927158e-08
5175.0,1.4741755341189078e-08
5176.0,7.467448403702924e-09
5177.0,1.5923101931284005e-10
5178.0,-7.1849915385003375e-09
5179.0,-1.4567241226661068e-08
5180.0,-2.1989441550260645e-08
5181.0,-2.9453392681828473e-08
5182.0,-3.6960747559692946e-08
5183.0,-4.45129891130328e-08
5184.0,-5.2111408733636815e-08
5185.0,-5.975708609426991e-08
5186.0,-6.74508704031642e-08
5187.0,-7.519336318344179e-08
5188.0,-8.298490266859996e-08
5189.0,-9.082554989818127e-08
5190.0,-9.871507657633401e-08
5191.0,-1.0665295473041352e-07
5192.0,-1.1463834819086806e-07
5193.0,-1.2267010590738585e-07
5194.0,-1.3074675710752963e-07
5195.0,-1.3886650828617112e-07
5196.0,-1.470272419934668e-07
5197.0,-1.5522651737479383e-07
5198.0,-1.6346157240926212e-07
5199.0,-1.717293277935293e-07
5200.0,-1.8002639242912078e-07
5201.0,-1.8834907049495802e-07
5202.0,-1.966933701100798e-07
5203.0,-2.0505501359976045e-07
5204.0,-2.1342944936787272e-07
5205.0,-2.2181186535509978e-07
5206.0,-2.301972040341058e-07
5207.0,-2.3858017886813245e-07
5208.0,-2.469552921459655e-07
5209.0,-2.553168541009839e-07
5210.0,-2.6365900321447954e-07
5211.0,-2.719757275889586e-07
5212.0,-2.802608872622209e-07
5213.0,-2.885082373247545e-07
5214.0,-2.967114516980901e-07
5215.0,-3.0486414742101894e-07
5216.0,-3.1295990927288416e-07
5217.0,-3.209923145482608e-07
5218.0,-3.2895495779355555e-07
5219.0,-3.368414753208786e-07
5220.0,-3.446455693198084e-07
5221.0,-3.5236103139150127e-07
5222.0,-3.599817653401992e-07
5223.0,-3.675018090817332e-07
5224.0,-3.749153555599128e-07
5225.0,-3.82216772581647e-07
5226.0,-3.8940062147924246e-07
5227.0,-3.964616744918838e-07
5228.0,-4.033949307491085e-07
5229.0,-4.1019563075315415e-07
5230.0,-4.168592692939117e-07
5231.0,-4.2338160677883057e-07
5232.0,-4.297586790090437e-07
5233.0,-4.359868054716205e-07
5234.0,-4.420625962353212e-07
5235.0,-4.47982957529145e-07
5236.0,-4.5374509605977e-07
5237.0,-4.593465221049042e-07
5238.0,-4.647850514136475e-07
5239.0,-4.70058805942368e-07
5240.0,-4.7516621344233613e-07
5241.0,-4.801060058964796e-07
5242.0,-4.848772167934854e-07
5243.0,-4.894791772394956e-07
5244.0,-4.939115109383761e-07
5245.0,-4.981741281111111e-07
5246.0,-5.022672184641079e-07
5247.0,-5.061912433476383e-07
5248.0,-5.099469272636347e-07
5249.0,-5.135352488844557e-07
5250.0,-5.169574317310629e-07
5251.0,-5.202149346307036e-07
5252.0,-5.233094420349896e-07
5253.0,-5.26242854239462e-07
5254.0,-5.290172775156282e-07
5255.0,-5.316350141499922e-07
5256.0,-5.340985523801032e-07
5257.0,-5.364105562206117e-07
5258.0,-5.385738551774924e-07
5259.0,-5.405914338532064e-07
5260.0,-5.424664214478487e-07
5261.0,-5.442020811567549e-07
5262.0,-5.458017994525951e-07
5263.0,-5.472690752298433e-07
5264.0,-5.486075087943236e-07
5265.0,-5.498207907016822e-07
5266.0,-5.509126904762869e-07
5267.0,-5.51887045262507e-07
5268.0,-5.527477484616512e-07
5269.0,-5.534987383868887e-07
5270.0,-5.541439869351344e-07
5271.0,-5.546874882442597e-07
5272.0,-5.55133247285323e-07
5273.0,-5.554852683349336e-07
5274.0,-5.557475432806737e-07
5275.0,-5.559240397260362e-07
5276.0,-5.5601868887253e-07
5277.0,-5.560353731654276e-07
5278.0,-5.559779137037623e-07
5279.0,-5.558500574387751e-07
5280.0,-5.556554642127622e-07
5281.0,-5.553976937109162e-07
5282.0,-5.550801924024583e-07
5283.0,-5.547062805337554e-07
5284.0,-5.542791392154014e-07
5285.0,-5.538017976290206e-07
5286.0,-5.532771203727631e-07
5287.0,-5.52707794964703e-07
5288.0,-5.520963195239736e-07
5289.0,-5.51444990645592e-07
5290.0,-5.507558914786601e-07
5291.0,-5.500308800163322e-07
5292.0,-5.492715776141689e-07
5293.0,-5.484793577670401e-07
5294.0,-5.476553351858599e-07
5295.0,-5.468003552241066e-07
5296.0,-5.459149837179728e-07
5297.0,-5.449994973275913e-07
5298.0,-5.440538744968847e-07
5299.0,-5.430777871794577e-07
5300.0,-5.420705935008514e-07
5301.0,-5.410313315401997e-07
5302.0,-5.399587144213642e-07
5303.0,-5.388511269123013e-07
5304.0,-5.377066237399455e-07
5305.0,-5.365229298257762e-07
5306.0,-5.352974426295714e-07
5307.0,-5.340272367612908e-07
5308.0,-5.327090709881968e-07
5309.0,-5.313393977235227e-07
5310.0,-5.299143750318971e-07
5311.0,-5.28429881129002e-07
5312.0,-5.268815312957331e-07
5313.0,-5.252646970797074e-07
5314.0,-5.235745276291216e-07
5315.0,-5.218059729977038e-07
5316.0,-5.19953809263532e-07
5317.0,-5.1801266530506e-07
5318.0,-5.159770510743688e-07
5319.0,-5.138413872097674e-07
5320.0,-5.116000358390623e-07
5321.0,-5.092473324318879e-07
5322.0,-5.067776185558991e-07
5323.0,-5.041852753747685e-07
5324.0,-5.01464757697828e-07
5325.0,-4.986106283610226e-07
5326.0,-4.956175927013831e-07
5327.0,-4.924805328902442e-07
5328.0,-4.891945419065798e-07
5329.0,-4.857549569484956e-07
5330.0,-4.821573920938723e-07
5331.0,-4.78397770032815e-07
5332.0,-4.744723527042194e-07
5333.0,-4.703777706718554e-07
5334.0,-4.661110510698142e-07
5335.0,-4.616696439378863e-07
5336.0,-4.5705144676568574e-07
5337.0,-4.5225482707780837e-07
5338.0,-4.472786429140228e-07
5339.0,-4.421222610712545e-07
5340.0,-4.3678557296885303e-07
5341.0,-4.3126900798479457e-07
5342.0,-4.25573544107375e-07
5343.0,-4.197007157664918e-07
5344.0,-4.1365261874799047e-07
5345.0,-4.0743191214176636e-07
5346.0,-4.0104181731528194e-07
5347.0,-3.9448611392689197e-07
5348.0,-3.8776913299502867e-07
5349.0,-3.808957470314502e-07
5350.0,-3.7387135724691074e-07
5351.0,-3.667018778531499e-07
5352.0,-3.5939371751075364e-07
5353.0,-3.5195375800326e-07
5354.0,-3.4438933025415513e-07
5355.0,-3.3670818784084256e-07
5356.0,-3.289184781873451e-07
5357.0,-3.2102871163045514e-07
5358.0,-3.1304772855821195e-07
5359.0,-3.0498466482194854e-07
5360.0,-2.968489156275648e-07
5361.0,-2.886500981230573e-07
5362.0,-2.8039801291868265e-07
5363.0,-2.721026047931312e-07
5364.0,-2.6377392284025173e-07
5365.0,-2.554220802929144e-07
5366.0,-2.470572142318754e-07
5367.0,-2.386894453611766e-07
5368.0,-2.3032883801653005e-07
5369.0,-2.219853605670616e-07
5370.0,-2.1366884636602536e-07
5371.0,-2.053889553997064e-07
5372.0,-1.971551367740566e-07
5373.0,-1.8897659215963388e-07
5374.0,-1.808622402865484e-07
5375.0,-1.7282068255678524e-07
5376.0,-1.648601698407236e-07
5377.0,-1.569885705531679e-07
5378.0,-1.4921334014707405e-07
5379.0,-1.415414921977833e-07
5380.0,-1.3397957126307445e-07
5381.0,-1.2653362769508234e-07
5382.0,-1.192091945577505e-07
5383.0,-1.1201126677914071e-07
5384.0,-1.0494428265272974e-07
5385.0,-9.801210780096731e-08
5386.0,-9.121802172179342e-08
5387.0,-8.456470704264804e-08
5388.0,-7.805424159995335e-08
5389.0,-7.168809344499915e-08
5390.0,-6.546711885100227e-08
5391.0,-5.9391563362999156e-08
5392.0,-5.346106589679169e-08
5393.0,-4.767466586040271e-08
5394.0,-4.203081324438973e-08
5395.0,-3.652738160697531e-08
5396.0,-3.116168386560532e-08
5397.0,-2.5930490795939707e-08
5398.0,-2.0830052129523473e-08
5399.0,-1.58561201295986e-08
5400.0,-1.1003975508537431e-08
5401.0,-6.268455530375314e-09
5402.0,-1.643984120690131e-09
5403.0,2.875396212807775e-09
5404.0,7.295990859244758e-09
5405.0,1.162441819975883e-08
5406.0,1.5867573535162887e-08
5407.0,2.003259206035571e-08
5408.0,2.4126811101989508e-08
5409.0,2.8157731843347623e-08
5410.0,3.213298076966945e-08
5411.0,3.606027107426779e-08
5412.0,3.9947364266063746e-08
5413.0,4.380203220810876e-08
5414.0,4.7632019794812786e-08
5415.0,5.144500845095155e-08
5416.0,5.524858061679823e-08
5417.0,5.905018537209673e-08
5418.0,6.285710534315086e-08
5419.0,6.667642503070927e-08
5420.0,7.051500069305813e-08
5421.0,7.437943191707964e-08
5422.0,7.827603500269076e-08
5423.0,8.221081826636404e-08
5424.0,8.618945934040502e-08
5425.0,9.021728451880111e-08
5426.0,9.429925018778482e-08
5427.0,9.843992637816797e-08
5428.0,1.0264348247737814e-07
5429.0,1.0691367513444034e-07
5430.0,1.1125383837960519e-07
5431.0,1.1566687596262231e-07
5432.0,1.2015525589051039e-07
5433.0,1.2472100712203563e-07
5434.0,1.2936571835922009e-07
5435.0,1.3409053886707337e-07
5436.0,1.3889618124680496e-07
5437.0,1.4378292608157608e-07
5438.0,1.4875062836407552e-07
5439.0,1.5379872559830058e-07
5440.0,1.5892624744780255e-07
5441.0,1.6413182679045465e-07
5442.0,1.6941371204130612e-07
5443.0,1.7476978061531098e-07
5444.0,1.8019755341242844e-07
5445.0,1.856942102152748e-07
5446.0,1.9125660589711057e-07
5447.0,1.968812873503736e-07
5448.0,2.0256451106364525e-07
5449.0,2.0830226129303227e-07
5450.0,2.140902687859945e-07
5451.0,2.1992403001519655e-07
5452.0,2.2579882686434927e-07
5453.0,2.3170974668471907e-07
5454.0,2.3765170262316092e-07
5455.0,2.436194541151282e-07
5456.0,2.4960762743326814e-07
5457.0,2.5561073617832295e-07
5458.0,2.616232015955031e-07
5459.0,2.6763937260085365e-07
5460.0,2.736535454102434e-07
5461.0,2.796599826760688e-07
5462.0,2.8565293204906255e-07
5463.0,2.916266440916291e-07
5464.0,2.9757538947658653e-07
5465.0,3.034934754170616e-07
5466.0,3.093752612933489e-07
5467.0,3.1521517346735795e-07
5468.0,3.2100771929784937e-07
5469.0,3.267475003858403e-07
5470.0,3.324292250880558e-07
5471.0,3.380477203355169e-07
5472.0,3.435979427843721e-07
5473.0,3.490749893127747e-07
5474.0,3.544741068686813e-07
5475.0,3.597907016702537e-07
5476.0,3.650203477580251e-07
5477.0,3.701587948924327e-07
5478.0,3.7520197578334707e-07
5479.0,3.8014601263331527e-07
5480.0,3.8498722297524683e-07
5481.0,3.8972212478856375e-07
5482.0,3.943474408846527e-07
5483.0,3.9886010256109025e-07
5484.0,4.0325725253288125e-07
5485.0,4.075362471565095e-07
5486.0,4.116946579673822e-07
5487.0,4.157302725523661e-07
5488.0,4.1964109477813387e-07
5489.0,4.2342534439619344e-07
5490.0,4.270814560488968e-07
5491.0,4.3060807770741436e-07
5492.0,4.3400406858102223e-07
5493.0,4.3726849654408044e-07
5494.0,4.404006351297785e-07
5495.0,4.4339996013791054e-07
5496.0,4.462661458998653e-07
5497.0,4.489990612384475e-07
5498.0,4.5159876515258485e-07
5499.0,4.540655022505688e-07
5500.0,4.563996979548233e-07
5501.0,4.586019535043656e-07
5502.0,4.6067304078155357e-07
5503.0,4.6261389698585427e-07
5504.0,4.644256191740116e-07
5505.0,4.661094586869e-07
5506.0,4.6766681548786736e-07
5507.0,4.69099232442681e-07
5508.0,4.7040838957386484e-07
5509.0,4.715960983195195e-07
5510.0,4.7266429581923323e-07
5511.0,4.7361503923987e-07
5512.0,4.744505001412569e-07
5513.0,4.751729588632009e-07
5514.0,4.7578479889246973e-07
5515.0,4.762885011492674e-07
5516.0,4.766866381257631e-07
5517.0,4.769818678174502e-07
5518.0,4.771769274076169e-07
5519.0,4.772746266880497e-07
5520.0,4.772778412187832e-07
5521.0,4.77189505244207e-07
5522.0,4.770126043925155e-07
5523.0,4.767501681912097e-07
5524.0,4.7640526243523087e-07
5525.0,4.7598098144884606e-07
5526.0,4.754804402876238e-07
5527.0,4.7490676693016497e-07
5528.0,4.742630945085796e-07
5529.0,4.7355255362147887e-07
5530.0,4.7277826476406404e-07
5531.0,4.719433308988853e-07
5532.0,4.71050830180724e-07
5533.0,4.7010380884063e-07
5534.0,4.691052742271355e-07
5535.0,4.680581879979623e-07
5536.0,4.669654594535228e-07
5537.0,4.658299390017229e-07
5538.0,4.6465441174026914e-07
5539.0,4.634415911404102e-07
5540.0,4.621941128187194e-07
5541.0,4.6091452839158193e-07
5542.0,4.596052994173544e-07
5543.0,4.582687914393675e-07
5544.0,4.5690726814511434e-07
5545.0,4.555228856515695e-07
5546.0,4.541176869159561e-07
5547.0,4.526935962607903e-07
5548.0,4.512524139971508e-07
5549.0,4.497958111337499e-07
5550.0,4.4832532417118056e-07
5551.0,4.468423499976136e-07
5552.0,4.453481409191984e-07
5553.0,4.4384379987113326e-07
5554.0,4.4233027586391363e-07
5555.0,4.408083597273645e-07
5556.0,4.392786802246779e-07
5557.0,4.377417006170951e-07
5558.0,4.361977157617298e-07
5559.0,4.346468498163352e-07
5560.0,4.3308905460653867e-07
5561.0,4.315241086899721e-07
5562.0,4.299516171357923e-07
5563.0,4.283710120308621e-07
5564.0,4.2678155372429664e-07
5565.0,4.2518233282804987e-07
5566.0,4.2357227299962054e-07
5567.0,4.2195013453852497e-07
5568.0,4.2031451882636705e-07
5569.0,4.1866387363108204e-07
5570.0,4.169964992819816e-07
5571.0,4.153105557058073e-07
5572.0,4.1360407029669986e-07
5573.0,4.118749465752763e-07
5574.0,4.101209735724761e-07
5575.0,4.0833983585317886e-07
5576.0,4.0652912407813643e-07
5577.0,4.046863459956203e-07
5578.0,4.0280893775583895e-07
5579.0,4.0089427544731517e-07
5580.0,3.989396867620062e-07
5581.0,3.9694246270473617e-07
5582.0,3.9489986927290075e-07
5583.0,3.9280915904412094e-07
5584.0,3.906675826213344e-07
5585.0,3.8847239989495246e-07
5586.0,3.8622089108939467e-07
5587.0,3.8391036756749763e-07
5588.0,3.8153818237284525e-07
5589.0,3.79101740498838e-07
5590.0,3.76598508884282e-07
5591.0,3.740260261443137e-07
5592.0,3.713819120467293e-07
5593.0,3.6866387673618577e-07
5594.0,3.6586972969736747e-07
5595.0,3.629973884387983e-07
5596.0,3.6004488687407884e-07
5597.0,3.5701038337674083e-07
5598.0,3.5389216848634004e-07
5599.0,3.5068867224360723e-07
5600.0,3.47398471129742e-07
5601.0,3.4402029457942934e-07
5602.0,3.405530310291303e-07
5603.0,3.369957334526395e-07
5604.0,3.333476243278773e-07
5605.0,3.2960809997503734e-07
5606.0,3.257767342061553e-07
5607.0,3.218532812286323e-07
5608.0,3.178376777502589e-07
5609.0,3.137300442406279e-07
5610.0,3.095306853130155e-07
5611.0,3.0524008920257106e-07
5612.0,3.0085892633032065e-07
5613.0,2.963880469530334e-07
5614.0,2.918284779020246e-07
5615.0,2.871814184130586e-07
5616.0,2.8244823505325904e-07
5617.0,2.776304557619369e-07
5618.0,2.7272976303355476e-07
5619.0,2.6774798627504785e-07
5620.0,2.626870933669026e-07
5621.0,2.575491814540218e-07
5622.0,2.5233646699263144e-07
5623.0,2.470512750830604e-07
5624.0,2.416960281240333e-07
5625.0,2.3627323383273822e-07
5626.0,2.3078547268708565e-07
5627.0,2.252353848605341e-07
5628.0,2.1962565673161185e-07
5629.0,2.1395900705634605e-07
5630.0,2.082381728919394e-07
5631.0,2.0246589535768991e-07
5632.0,1.9664490531906415e-07
5633.0,1.907779090850096e-07
5634.0,1.848675742148469e-07
5635.0,1.7891651553462899e-07
5636.0,1.7292728145901706e-07
5637.0,1.669023407030281e-07
5638.0,1.6084406945471693e-07
5639.0,1.5475473907313777e-07
5640.0,1.4863650437729588e-07
5641.0,1.4249139259596078e-07
5642.0,1.363212930515822e-07
5643.0,1.3012794765514563e-07
5644.0,1.2391294229232339e-07
5645.0,1.1767769918103524e-07
5646.0,1.1142347027547694e-07
5647.0,1.0515133178627969e-07
5648.0,9.886217988531464e-08
5649.0,9.255672766689775e-08
5650.0,8.623550344175082e-08
5651.0,7.989885044135809e-08
5652.0,7.35469280022458e-08
5653.0,6.717971427786131e-08
5654.0,6.079701049336654e-08
5655.0,5.439844672780354e-08
5656.0,4.798348918921497e-08
5657.0,4.155144893801621e-08
5658.0,3.510149200057376e-08
5659.0,2.8632650795690935e-08
5660.0,2.2143836778054135e-08
5661.0,1.5633854185863744e-08
5662.0,9.101414759173941e-09
5663.0,2.5451532721851965e-09
5664.0,-4.036356292195574e-09
5665.0,-1.0644584097018201e-08
5666.0,-1.728102749531117e-08
5667.0,-2.3947193906958736e-08
5668.0,-3.064458365186625e-08
5669.0,-3.737467284165114e-08
5670.0,-4.413889641519344e-08
5671.0,-5.093863139471578e-08
5672.0,-5.777518043751924e-08
5673.0,-6.464975576050795e-08
5674.0,-7.156346351924136e-08
5675.0,-7.851728873310299e-08
5676.0,-8.551208086385529e-08
5677.0,-9.254854016937967e-08
5678.0,-9.962720495810294e-08
5679.0,-1.0674843986030288e-07
5680.0,-1.1391242521619126e-07
5681.0,-1.2111914766297403e-07
5682.0,-1.28368391985126e-07
5683.0,-1.3565973427463617e-07
5684.0,-1.4299253643514634e-07
5685.0,-1.5036594206145434e-07
5686.0,-1.5777887373527872e-07
5687.0,-1.652300317924017e-07
5688.0,-1.7271789462295333e-07
5689.0,-1.802407205563898e-07
5690.0,-1.8779655135441037e-07
5691.0,-1.953832172948247e-07
5692.0,-2.0299834378674242e-07
5693.0,-2.106393594192252e-07
5694.0,-2.1830350531330425e-07
5695.0,-2.2598784562091792e-07
5696.0,-2.3368927899591497e-07
5697.0,-2.4140455085475595e-07
5698.0,-2.491302662471689e-07
5699.0,-2.5686290316602924e-07
5700.0,-2.645988261401512e-07
5701.0,-2.723342999761157e-07
5702.0,-2.800655035472174e-07
5703.0,-2.877885435664032e-07
5704.0,-2.9549946832053156e-07
5705.0,-3.0319428138147364e-07
5706.0,-3.1086895534039205e-07
5707.0,-3.1851944562397134e-07
5708.0,-3.2614170443635577e-07
5709.0,-3.337316948337366e-07
5710.0,-3.4128540489794064e-07
5711.0,-3.487988619470783e-07
5712.0,-3.562681467086452e-07
5713.0,-3.6368940737225194e-07
5714.0,-3.710588734200596e-07
5715.0,-3.783728691004895e-07
5716.0,-3.8562782638068297e-07
5717.0,-3.9282029720602574e-07
5718.0,-3.999469649183511e-07
5719.0,-4.0700465472811045e-07
5720.0,-4.139903431801921e-07
5721.0,-4.209011665802603e-07
5722.0,-4.277344283512717e-07
5723.0,-4.344876052748439e-07
5724.0,-4.411583525541382e-07
5725.0,-4.4774450762583e-07
5726.0,-4.542440926510601e-07
5727.0,-4.6065531562480014e-07
5728.0,-4.669765700570183e-07
5729.0,-4.732064331996638e-07
5730.0,-4.793436628223313e-07
5731.0,-4.853871925696663e-07
5732.0,-4.913361259537582e-07
5733.0,-4.971897290402828e-07
5734.0,-5.029474218820337e-07
5735.0,-5.086087687443496e-07
5736.0,-5.141734671600036e-07
5737.0,-5.196413358518741e-07
5738.0,-5.250123015742068e-07
5739.0,-5.302863849494163e-07
5740.0,-5.354636854148713e-07
5741.0,-5.405443654342846e-07
5742.0,-5.4552863415732e-07
5743.0,-5.504167307160555e-07
5744.0,-5.552089073272476e-07
5745.0,-5.599054123409127e-07
5746.0,-5.645064733599502e-07
5747.0,-5.690122805610434e-07
5748.0,-5.734229703650321e-07
5749.0,-5.777386096216847e-07
5750.0,-5.819591804837444e-07
5751.0,-5.860845661466895e-07
5752.0,-5.901145376178115e-07
5753.0,-5.940487416474481e-07
5754.0,-5.978866899159056e-07
5755.0,-6.016277495368644e-07
5756.0,-6.052711349192077e-07
5757.0,-6.088159010227912e-07
5758.0,-6.12260938044627e-07
5759.0,-6.156049675749288e-07
5760.0,-6.188465402649735e-07
5761.0,-6.219840350511554e-07
5762.0,-6.250156599815661e-07
5763.0,-6.279394546920926e-07
5764.0,-6.307532945761251e-07
5765.0,-6.334548966787351e-07
5766.0,-6.360418273180255e-07
5767.0,-6.385115113985247e-07
5768.0,-6.408612433409834e-07
5769.0,-6.430881995090775e-07
5770.0,-6.451894519653341e-07
5771.0,-6.471619833444668e-07
5772.0,-6.490027026058661e-07
5773.0,-6.507084614251411e-07
5774.0,-6.522760710028652e-07
5775.0,-6.537023190968134e-07
5776.0,-6.549839871125293e-07
5777.0,-6.56117867106814e-07
5778.0,-6.571007785619904e-07
5779.0,-6.579295847776443e-07
5780.0,-6.586012087157125e-07
5781.0,-6.591126481390116e-07
5782.0,-6.594609899046754e-07
5783.0,-6.596434233047589e-07
5784.0,-6.596572523776602e-07
5785.0,-6.594999071389376e-07
5786.0,-6.591689536953616e-07
5787.0,-6.586621032164953e-07
5788.0,-6.579772197531778e-07
5789.0,-6.571123269147635e-07
5790.0,-6.56065613439093e-07
5791.0,-6.548354377014894e-07
5792.0,-6.534203312097774e-07
5793.0,-6.518190011281292e-07
5794.0,-6.500303318732114e-07
5795.0,-6.480533858387043e-07
5796.0,-6.458874033287394e-07
5797.0,-6.435318018097698e-07
5798.0,-6.409861746122525e-07
5799.0,-6.382502892184466e-07
5800.0,-6.353240852602715e-07
5801.0,-6.322076723313768e-07
5802.0,-6.289013277002108e-07
5803.0,-6.254054939979703e-07
5804.0,-6.217207769432671e-07
5805.0,-6.178479431488311e-07
5806.0,-6.137879180307152e-07
5807.0,-6.095417838114818e-07
5808.0,-6.051107775893452e-07
5809.0,-6.004962894450022e-07
5810.0,-5.956998605712394e-07
5811.0,-5.907231814246015e-07
5812.0,-5.855680899087203e-07
5813.0,-5.802365696079655e-07
5814.0,-5.747307480992747e-07
5815.0,-5.690528953789963e-07
5816.0,-5.632054224485715e-07
5817.0,-5.571908801012499e-07
5818.0,-5.510119579358564e-07
5819.0,-5.446714835978696e-07
5820.0,-5.381724222236568e-07
5821.0,-5.315178760444425e-07
5822.0,-5.247110840888677e-07
5823.0,-5.177554219032767e-07
5824.0,-5.10654401184313e-07
5825.0,-5.034116691883488e-07
5826.0,-4.960310077550584e-07
5827.0,-4.885163317731527e-07
5828.0,-4.808716869328701e-07
5829.0,-4.731012466454828e-07
5830.0,-4.652093080498661e-07
5831.0,-4.572002870600598e-07
5832.0,-4.490787124377396e-07
5833.0,-4.408492189068572e-07
5834.0,-4.3251653936432984e-07
5835.0,-4.240854962727634e-07
5836.0,-4.155609923441507e-07
5837.0,-4.069480006400434e-07
5838.0,-3.9825155422834815e-07
5839.0,-3.894767355513599e-07
5840.0,-3.8062866567200006e-07
5841.0,-3.717124935696699e-07
5842.0,-3.627333856468972e-07
5843.0,-3.536965155819155e-07
5844.0,-3.4460705462748785e-07
5845.0,-3.354701624217255e-07
5846.0,-3.262909783465983e-07
5847.0,-3.170746134434316e-07
5848.0,-3.0782614286926677e-07
5849.0,-2.98550598851221e-07
5850.0,-2.892529640686406e-07
5851.0,-2.799381653706977e-07
5852.0,-2.7061106772552064e-07
5853.0,-2.6127646829443105e-07
5854.0,-2.5193909052911893e-07
5855.0,-2.426035782052293e-07
5856.0,-2.3327448933501683e-07
5857.0,-2.2395628993536283e-07
5858.0,-2.1465334765736676e-07
5859.0,-2.0536992531300685e-07
5860.0,-1.9611017436455345e-07
5861.0,-1.8687812846231577e-07
5862.0,-1.776776971143017e-07
5863.0,-1.6851265954933107e-07
5864.0,-1.5938665880513968e-07
5865.0,-1.5030319604953585e-07
5866.0,-1.4126562513792402e-07
5867.0,-1.3227714742761923e-07
5868.0,-1.2334080689850285e-07
5869.0,-1.1445948565358785e-07
5870.0,-1.0563589987996229e-07
5871.0,-9.687259634241276e-08
5872.0,-8.817194946970026e-08
5873.0,-7.953615908273619e-08
5874.0,-7.096724880181833e-08
5875.0,-6.246706515455386e-08
5876.0,-5.403727739156345e-08
5877.0,-4.5679378008514524e-08
5878.0,-3.7394683969341686e-08
5879.0,-2.9184338621598848e-08
5880.0,-2.1049314288160708e-08
5881.0,-1.2990415511693248e-08
5882.0,-5.00828292235586e-09
5883.0,2.8966023050273788e-09
5884.0,1.0723913445141873e-08
5885.0,1.847347272374897e-08
5886.0,2.6145245405932826e-08
5887.0,3.37393335738721e-08
5888.0,4.12559697108705e-08
5889.0,4.8695510207626063e-08
5890.0,5.605842889215122e-08
5891.0,6.334531065824723e-08
5892.0,7.055684523187692e-08
5893.0,7.769382107846987e-08
5894.0,8.475711942805988e-08
5895.0,9.17477083840308e-08
5896.0,9.866663708151445e-08
5897.0,1.0551502986570359e-07
5898.0,1.1229408046222438e-07
5899.0,1.190050461091297e-07
5900.0,1.2564924161559026e-07
5901.0,1.322280333105987e-07
5902.0,1.3874283284853642e-07
5903.0,1.4519509084615858e-07
5904.0,1.5158629033519117e-07
5905.0,1.5791794002519935e-07
5906.0,1.6419156738158872e-07
5907.0,1.7040871153221376e-07
5908.0,1.7657091602340613e-07
5909.0,1.826797214544212e-07
5910.0,1.8873665802972168e-07
5911.0,1.947432380795509e-07
5912.0,2.0070094860690317e-07
5913.0,2.0661124391965716e-07
5914.0,2.1247553839929085e-07
5915.0,2.1829519944452013e-07
5916.0,2.2407154061444699e-07
5917.0,2.298058149865852e-07
5918.0,2.354992087423429e-07
5919.0,2.411528349939172e-07
5920.0,2.467677278682966e-07
5921.0,2.5234483686454193e-07
5922.0,2.578850215022219e-07
5923.0,2.633890462854603e-07
5924.0,2.688575760169848e-07
5925.0,2.7429117150267685e-07
5926.0,2.7969028568468247e-07
5927.0,2.850552602332111e-07
5928.0,2.9038632261988406e-07
5929.0,2.956835836921681e-07
5930.0,3.009470357694483e-07
5931.0,3.0617655128511535e-07
5932.0,3.1137188200155824e-07
5933.0,3.165326588221306e-07
5934.0,3.2165839221622626e-07
5935.0,3.2674847326514117e-07
5936.0,3.3180217533254974e-07
5937.0,3.368186563657514e-07
5938.0,3.4179696183867743e-07
5939.0,3.4673602834876167e-07
5940.0,3.5163468787337455e-07
5941.0,3.5649167267842216e-07
5942.0,3.6130562085493893e-07
5943.0,3.6607508244145966e-07
5944.0,3.707985260722432e-07
5945.0,3.7547434607644123e-07
5946.0,3.8010086994420615e-07
5947.0,3.8467636607411086e-07
5948.0,3.8919905172055924e-07
5949.0,3.936671010669763e-07
5950.0,3.9807865335813777e-07
5951.0,4.024318210316563e-07
5952.0,4.0672469779337587e-07
5953.0,4.109553665846564e-07
5954.0,4.151219073941124e-07
5955.0,4.192224048753154e-07
5956.0,4.23254955745032e-07
5957.0,4.272176759508651e-07
5958.0,4.3110870761110687e-07
5959.0,4.3492622574447823e-07
5960.0,4.3866844482426175e-07
5961.0,4.4233362520790216e-07
5962.0,4.459200795045753e-07
5963.0,4.4942617894469794e-07
5964.0,4.528503598053251e-07
5965.0,4.5619112992748364e-07
5966.0,4.5944707534185046e-07
5967.0,4.626168670012905e-07
5968.0,4.656992676019199e-07
5969.0,4.686931384564886e-07
5970.0,4.715974463650425e-07
5971.0,4.7441127041110127e-07
5972.0,4.771338086001424e-07
5973.0,4.797643842512403e-07
5974.0,4.823024520509995e-07
5975.0,4.847476036820978e-07
5976.0,4.870995729480896e-07
5977.0,4.893582403288828e-07
5978.0,4.915236369115585e-07
5979.0,4.935959476462278e-07
5980.0,4.955755138788879e-07
5981.0,4.974628351160144e-07
5982.0,4.992585699804215e-07
5983.0,5.009635363253045e-07
5984.0,5.025787104839236e-07
5985.0,5.041052256457296e-07
5986.0,5.055443693629506e-07
5987.0,5.068975801998001e-07
5988.0,5.081664435372317e-07
5989.0,5.09352686542715e-07
5990.0,5.104581723118376e-07
5991.0,5.114848931892632e-07
5992.0,5.124349632811223e-07
5993.0,5.133106101781232e-07
5994.0,5.141141659152296e-07
5995.0,5.148480571968477e-07
5996.0,5.155147949174729e-07
5997.0,5.161169630112036e-07
5998.0,5.166572066718352e-07
5999.0,5.171382199959765e-07
6000.0,5.175627331101588e-07
6001.0,5.17933498847347e-07
6002.0,5.182532790406622e-07
6003.0,5.185248305055898e-07
6004.0,5.187508907881236e-07
6005.0,5.189341637646143e-07
6006.0,5.190773051862969e-07
6007.0,5.191829082638558e-07
6008.0,5.192534893847245e-07
6009.0,5.192914740512262e-07
6010.0,5.192991831239337e-07
6011.0,5.192788194527673e-07
6012.0,5.19232454978227e-07
6013.0,5.19162018385545e-07
6014.0,5.190692833933706e-07
6015.0,5.189558577545434e-07
6016.0,5.188231730400292e-07
6017.0,5.186724752689289e-07
6018.0,5.185048164373218e-07
6019.0,5.183210469873034e-07
6020.0,5.18121809247708e-07
6021.0,5.179075318712429e-07
6022.0,5.176784252880523e-07
6023.0,5.174344781917391e-07
6024.0,5.171754550700298e-07
6025.0,5.169008947883952e-07
6026.0,5.16610110231677e-07
6027.0,5.163021890074671e-07
6028.0,5.15975995216177e-07
6029.0,5.156301722951242e-07
6030.0,5.152631469446153e-07
6031.0,5.148731341411486e-07
6032.0,5.144581432382272e-07
6033.0,5.140159851514438e-07
6034.0,5.135442806211532e-07
6035.0,5.13040469541195e-07
6036.0,5.125018213353235e-07
6037.0,5.119254463552508e-07
6038.0,5.113083082674085e-07
6039.0,5.106472373919225e-07
6040.0,5.099389449563842e-07
6041.0,5.091800382239569e-07
6042.0,5.083670364460323e-07
6043.0,5.074963875762737e-07
6044.0,5.065644856713395e-07
6045.0,5.055676888959179e-07
6046.0,5.045023380431002e-07
6047.0,5.033647754730378e-07
6048.0,5.021513643639296e-07
6049.0,5.008585081620393e-07
6050.0,4.994826701130728e-07
6051.0,4.980203927551159e-07
6052.0,4.964683172514669e-07
6053.0,4.948232024386824e-07
6054.0,4.930819434608522e-07
6055.0,4.912415898571231e-07
6056.0,4.892993629687348e-07
6057.0,4.872526725367402e-07
6058.0,4.850991323724652e-07
6059.0,4.82836574998079e-07
6060.0,4.804630651717193e-07
6061.0,4.779769122271079e-07
6062.0,4.7537668116839125e-07
6063.0,4.726612024661733e-07
6064.0,4.698295805029129e-07
6065.0,4.668812006185014e-07
6066.0,4.638157347110538e-07
6067.0,4.606331453530917e-07
6068.0,4.5733368838954565e-07
6069.0,4.539179139925858e-07
6070.0,4.5038666615984383e-07
6071.0,4.467410806564401e-07
6072.0,4.429825814160455e-07
6073.0,4.3911287543130067e-07
6074.0,4.3513394617926e-07
6075.0,4.3104804564252154e-07
6076.0,4.268576850004913e-07
6077.0,4.225656240777652e-07
6078.0,4.1817485964807406e-07
6079.0,4.1368861270164005e-07
6080.0,4.0911031478934637e-07
6081.0,4.044435935578091e-07
6082.0,3.9969225758615943e-07
6083.0,3.948602806296026e-07
6084.0,3.8995178536657393e-07
6085.0,3.8497102673472406e-07
6086.0,3.7992237492754344e-07
6087.0,3.748102981118751e-07
6088.0,3.696393449189796e-07
6089.0,3.644141267572792e-07
6090.0,3.591392999918977e-07
6091.0,3.5381954803479154e-07
6092.0,3.484595633903927e-07
6093.0,3.430640297049105e-07
6094.0,3.376376038716758e-07
6095.0,3.3218489824889055e-07
6096.0,3.2671046304832045e-07
6097.0,3.21218768952823e-07
6098.0,3.1571419001792864e-07
6099.0,3.1020098690899546e-07
6100.0,3.046832905199712e-07
6101.0,2.9916508601221126e-07
6102.0,2.9365019730468825e-07
6103.0,2.881422720428734e-07
6104.0,2.826447670722428e-07
6105.0,2.771609344429944e-07
6106.0,2.716938079760342e-07
6107.0,2.662461904267014e-07
6108.0,2.608206412895878e-07
6109.0,2.554194652928077e-07
6110.0,2.5004470163415074e-07
6111.0,2.446981140181376e-07
6112.0,2.3938118156392226e-07
6113.0,2.3409509066617615e-07
6114.0,2.2884072789799095e-07
6115.0,2.236186740431872e-07
6116.0,2.1842919933968068e-07
6117.0,2.1327226001209091e-07
6118.0,2.0814749617033588e-07
6119.0,2.0305423114541883e-07
6120.0,1.979914723196747e-07
6121.0,1.929579134888221e-07
6122.0,1.879519387738581e-07
6123.0,1.8297162808629694e-07
6124.0,1.7801476413828643e-07
6125.0,1.7307884097406381e-07
6126.0,1.6816107397941238e-07
6127.0,1.6325841130657082e-07
6128.0,1.5836754663889922e-07
6129.0,1.5348493321174987e-07
6130.0,1.4860679899937763e-07
6131.0,1.4372916296974617e-07
6132.0,1.388478522984219e-07
6133.0,1.3395852041956982e-07
6134.0,1.2905666578065846e-07
6135.0,1.2413765116426396e-07
6136.0,1.1919672344670372e-07
6137.0,1.1422903367339415e-07
6138.0,1.0922965733890522e-07
6139.0,1.0419361476556009e-07
6140.0,9.911589148115392e-08
6141.0,9.39914585044924e-08
6142.0,8.88152924547193e-08
6143.0,8.358239540602854e-08
6144.0,7.828781441565453e-08
6145.0,7.29266606623244e-08
6146.0,6.749412814372415e-08
6147.0,6.198551189195945e-08
6148.0,5.639622567374093e-08
6149.0,5.072181914711197e-08
6150.0,4.495799444851271e-08
6151.0,3.910062218220603e-08
6152.0,3.314575677986579e-08
6153.0,2.7089651193636726e-08
6154.0,2.0928770881977716e-08
6155.0,1.4659807044107376e-08
6156.0,8.279689056209506e-09
6157.0,1.785596060737719e-09
6158.0,-4.825032340068484e-09
6159.0,-1.1554486331790311e-08
6160.0,-1.8404777113409238e-08
6161.0,-2.5377629125737708e-08
6162.0,-3.2474473295049473e-08
6163.0,-3.969644129480783e-08
6164.0,-4.704436082521959e-08
6165.0,-5.451875191257017e-08
6166.0,-6.211982423197456e-08
6167.0,-6.984747545306443e-08
6168.0,-7.770129059924112e-08
6169.0,-8.568054240180767e-08
6170.0,-9.37841926220458e-08
6171.0,-1.0201089430545169e-07
6172.0,-1.1035899492161128e-07
6173.0,-1.1882654033084912e-07
6174.0,-1.2741127950627705e-07
6175.0,-1.361106699291658e-07
6176.0,-1.4492188356765936e-07
6177.0,-1.5384181334359676e-07
6178.0,-1.628670799901838e-07
6179.0,-1.7199403920581795e-07
6180.0,-1.8121878901673494e-07
6181.0,-1.9053717727334956e-07
6182.0,-1.9994480922452422e-07
6183.0,-2.0943705514150986e-07
6184.0,-2.1900905799194413e-07
6185.0,-2.2865574118301978e-07
6186.0,-2.3837181639882002e-07
6187.0,-2.481517915565303e-07
6188.0,-2.5798997890547517e-07
6189.0,-2.678805032907412e-07
6190.0,-2.7781731059670535e-07
6191.0,-2.877941763757348e-07
6192.0,-2.9780471465781535e-07
6193.0,-3.0784238693318907e-07
6194.0,-3.1790051130504087e-07
6195.0,-3.279722718180999e-07
6196.0,-3.380507279710293e-07
6197.0,-3.4812882440995723e-07
6198.0,-3.5819940078338934e-07
6199.0,-3.6825520172736053e-07
6200.0,-3.782888869517074e-07
6201.0,-3.882930414093764e-07
6202.0,-3.982601855388656e-07
6203.0,-4.0818278556864984e-07
6204.0,-4.1805326386563876e-07
6205.0,-4.278640093058098e-07
6206.0,-4.3760738764927543e-07
6207.0,-4.472757519130081e-07
6208.0,-4.5686145274762617e-07
6209.0,-4.663568488363622e-07
6210.0,-4.7575431734399675e-07
6211.0,-4.850462644519006e-07
6212.0,-4.942251360206874e-07
6213.0,-5.032834284223192e-07
6214.0,-5.122136995828017e-07
6215.0,-5.21008580281724e-07
6216.0,-5.296607857652704e-07
6217.0,-5.38163127735214e-07
6218.0,-5.465085267673924e-07
6219.0,-5.546900251872788e-07
6220.0,-5.627008003964534e-07
6221.0,-5.705341786160213e-07
6222.0,-5.781836490004205e-07
6223.0,-5.856428780768767e-07
6224.0,-5.929057244752058e-07
6225.0,-5.999662539234985e-07
6226.0,-6.068187544925426e-07
6227.0,-6.134577520704975e-07
6228.0,-6.198780260369502e-07
6229.0,-6.260746250850841e-07
6230.0,-6.320428831155783e-07
6231.0,-6.377784350974137e-07
6232.0,-6.432772327637172e-07
6233.0,-6.485355599917026e-07
6234.0,-6.535500477047859e-07
6235.0,-6.583176881290804e-07
6236.0,-6.628358482380121e-07
6237.0,-6.671022822307687e-07
6238.0,-6.711151429095576e-07
6239.0,-6.748729918440069e-07
6240.0,-6.783748082395193e-07
6241.0,-6.816199964578177e-07
6242.0,-6.846083921659388e-07
6243.0,-6.873402671124023e-07
6244.0,-6.898163325468412e-07
6245.0,-6.920377413071334e-07
6246.0,-6.940060885907672e-07
6247.0,-6.957234114118713e-07
6248.0,-6.971921867369837e-07
6249.0,-6.984153282949649e-07
6250.0,-6.993961820557489e-07
6251.0,-7.001385203554897e-07
6252.0,-7.006465346166868e-07
6253.0,-7.00924826585696e-07
6254.0,-7.00978397993002e-07
6255.0,-7.008126385319613e-07
6256.0,-7.004333120507524e-07
6257.0,-6.998465408622969e-07
6258.0,-6.990587880946504e-07
6259.0,-6.980768380269922e-07
6260.0,-6.969077743869548e-07
6261.0,-6.955589566256779e-07
6262.0,-6.940379942319347e-07
6263.0,-6.923527191846885e-07
6264.0,-6.905111566649387e-07
6265.0,-6.88521494154089e-07
6266.0,-6.863920490493911e-07
6267.0,-6.841312349344737e-07
6268.0,-6.81747526647438e-07
6269.0,-6.792494242840813e-07
6270.0,-6.766454162696155e-07
6271.0,-6.73943941645078e-07
6272.0,-6.711533517479031e-07
6273.0,-6.682818715091352e-07
6274.0,-6.653375606290015e-07
6275.0,-6.62328274919333e-07
6276.0,-6.592616281129829e-07
6277.0,-6.561449544367518e-07
6278.0,-6.529852722248993e-07
6279.0,-6.497892488178214e-07
6280.0,-6.465631669557334e-07
6281.0,-6.433128928545928e-07
6282.0,-6.400438461454868e-07
6283.0,-6.367609718594705e-07
6284.0,-6.334687146381604e-07
6285.0,-6.301709953496303e-07
6286.0,-6.268711902936956e-07
6287.0,-6.235721131826436e-07
6288.0,-6.202760000727266e-07
6289.0,-6.1698449740111e-07
6290.0,-6.136986532626309e-07
6291.0,-6.104189120424876e-07
6292.0,-6.071451124978991e-07
6293.0,-6.038764893514535e-07
6294.0,-6.006116784287372e-07
6295.0,-5.973487253503144e-07
6296.0,-5.940850977704685e-07
6297.0,-5.908177011332901e-07
6298.0,-5.875428978879507e-07
6299.0,-5.842565300767461e-07
6300.0,-5.809539451891686e-07
6301.0,-5.776300251600979e-07
6302.0,-5.742792183708076e-07
6303.0,-5.708955744828786e-07
6304.0,-5.674727818996356e-07
6305.0,-5.640042076122621e-07
6306.0,-5.6048293915373e-07
6307.0,-5.569018283578689e-07
6308.0,-5.532535366030954e-07
6309.0,-5.495305812083064e-07
6310.0,-5.457253826455525e-07
6311.0,-5.418303122431036e-07
6312.0,-5.37837740063865e-07
6313.0,-5.337400826440957e-07
6314.0,-5.295298502658104e-07
6315.0,-5.251996934247663e-07
6316.0,-5.207424481527237e-07
6317.0,-5.161511798590689e-07
6318.0,-5.114192253745223e-07
6319.0,-5.06540232907674e-07
6320.0,-5.015081996548456e-07
6321.0,-4.963175068294846e-07
6322.0,-4.909629519065696e-07
6323.0,-4.854397779200674e-07
6324.0,-4.797436997023403e-07
6325.0,-4.738709269987312e-07
6326.0,-4.678181844233685e-07
6327.0,-4.6158272825322397e-07
6328.0,-4.5516236009426714e-07
6329.0,-4.485554374904907e-07
6330.0,-4.4176088157587814e-07
6331.0,-4.3477818189187196e-07
6332.0,-4.2760739851013114e-07
6333.0,-4.202491616072764e-07
6334.0,-4.12704668631176e-07
6335.0,-4.0497567918133304e-07
6336.0,-3.9706450770502573e-07
6337.0,-3.889740140875468e-07
6338.0,-3.8070759219180185e-07
6339.0,-3.722691563904472e-07
6340.0,-3.6366312614427647e-07
6341.0,-3.5489440870957244e-07
6342.0,-3.459683800838041e-07
6343.0,-3.3689086430660084e-07
6344.0,-3.276681112238301e-07
6345.0,-3.1830677281023645e-07
6346.0,-3.0881387814090156e-07
6347.0,-2.991968071080963e-07
6348.0,-2.89463262997191e-07
6349.0,-2.796212440571573e-07
6350.0,-2.69679014218581e-07
6351.0,-2.596450731173953e-07
6352.0,-2.49528125574234e-07
6353.0,-2.3933705066218856e-07
6354.0,-2.290808704759268e-07
6355.0,-2.1876871869528864e-07
6356.0,-2.0840980901809373e-07
6357.0,-1.9801340352619536e-07
6358.0,-1.8758878105296886e-07
6359.0,-1.7714520563603581e-07
6360.0,-1.666918951541715e-07
6361.0,-1.562379902584426e-07
6362.0,-1.4579252372240277e-07
6363.0,-1.3536439035655805e-07
6364.0,-1.2496231764823258e-07
6365.0,-1.14594837292654e-07
6366.0,-1.0427025778037709e-07
6367.0,-9.399663820790784e-08
6368.0,-8.37817634803623e-08
6369.0,-7.363312106811577e-08
6370.0,-6.355787945945717e-08
6371.0,-5.3562868423321086e-08
6372.0,-4.365456116743324e-08
6373.0,-3.383905845057014e-08
6374.0,-2.4122074684270206e-08
6375.0,-1.450892604232847e-08
6376.0,-5.004520587735029e-09
6377.0,4.386649576755555e-09
6378.0,1.3660514132673513e-08
6379.0,2.2813428352298974e-08
6380.0,3.1842174909823894e-08
6381.0,4.074396373545304e-08
6382.0,4.9516429964115876e-08
6383.0,5.815763003948615e-08
6384.0,6.666603603875456e-08
6385.0,7.504052828441627e-08
6386.0,8.328038630785321e-08
6387.0,9.138527823020653e-08
6388.0,9.935524863220917e-08
6389.0,1.0719070499288314e-07
6390.0,1.1489240278036679e-07
6391.0,1.2246142927525015e-07
6392.0,1.2989918620483346e-07
6393.0,1.3720737127441286e-07
6394.0,1.4438795870034501e-07
6395.0,1.514431788721958e-07
6396.0,1.5837549728939682e-07
6397.0,1.6518759292852483e-07
6398.0,1.7188233620260952e-07
6399.0,1.7846276667639212e-07
6400.0,1.8493207070145466e-07
6401.0,1.9129355913029077e-07
6402.0,1.9755064525611254e-07
6403.0,2.037068231066773e-07
6404.0,2.0976564620135097e-07
6405.0,2.157307068663136e-07
6406.0,2.2160561619426625e-07
6407.0,2.2739398473037465e-07
6408.0,2.3309940396318477e-07
6409.0,2.387254286956164e-07
6410.0,2.442755603658027e-07
6411.0,2.4975323138172126e-07
6412.0,2.551617905289312e-07
6413.0,2.6050448950654573e-07
6414.0,2.657844706403388e-07
6415.0,2.7100475581221023e-07
6416.0,2.7616823663233765e-07
6417.0,2.8127766586471787e-07
6418.0,2.8633565009971235e-07
6419.0,2.9134464365181824e-07
6420.0,2.963069436496779e-07
6421.0,3.0122468627690814e-07
6422.0,3.0609984411346386e-07
6423.0,3.109342245179878e-07
6424.0,3.157294689855134e-07
6425.0,3.204870534142928e-07
6426.0,3.252082892187775e-07
6427.0,3.298943252300343e-07
6428.0,3.345461503288804e-07
6429.0,3.39164596760099e-07
6430.0,3.43750344076924e-07
6431.0,3.48303923663363e-07
6432.0,3.5282572377995044e-07
6433.0,3.573159950780218e-07
6434.0,3.6177485652718857e-07
6435.0,3.662023016964794e-07
6436.0,3.7059820531998443e-07
6437.0,3.749623300663397e-07
6438.0,3.7929433342324225e-07
6439.0,3.835937746048616e-07
6440.0,3.8786012139008906e-07
6441.0,3.920927568033799e-07
6442.0,3.9629098555997463e-07
6443.0,4.0045404021395216e-07
6444.0,4.04581086967516e-07
6445.0,4.0867123111833785e-07
6446.0,4.1272352213504725e-07
6447.0,4.167369583575223e-07
6448.0,4.2071049131956726e-07
6449.0,4.246430296900702e-07
6450.0,4.2853344282809496e-07
6451.0,4.3238056394945367e-07
6452.0,4.3618319290787365e-07
6453.0,4.3994009860292434e-07
6454.0,4.4365002103895987e-07
6455.0,4.473116730732172e-07
6456.0,4.509237419039165e-07
6457.0,4.544848903574588e-07
6458.0,4.5799375803708635e-07
6459.0,4.614489623950688e-07
6460.0,4.648490997864657e-07
6461.0,4.681927465539011e-07
6462.0,4.7147846018165057e-07
6463.0,4.747047805483153e-07
6464.0,4.778702313029101e-07
6465.0,4.809733213869048e-07
6466.0,4.840125467202372e-07
6467.0,4.869863920617621e-07
6468.0,4.898933330483876e-07
6469.0,4.927318384167256e-07
6470.0,4.955003724152759e-07
6471.0,4.981973974184984e-07
6472.0,5.008213767528926e-07
6473.0,5.033707777407462e-07
6474.0,5.058440749630423e-07
6475.0,5.08239753740317e-07
6476.0,5.105563138263852e-07
6477.0,5.127922733005739e-07
6478.0,5.149461726278212e-07
6479.0,5.170165788375032e-07
6480.0,5.19002089760433e-07
6481.0,5.209013382644877e-07
6482.0,5.22712996439616e-07
6483.0,5.244357796957557e-07
6484.0,5.260684507475814e-07
6485.0,5.276098234656518e-07
6486.0,5.290587665751399e-07
6487.0,5.304142071843609e-07
6488.0,5.316751341278258e-07
6489.0,5.328406011115323e-07
6490.0,5.339097296509593e-07
6491.0,5.348817117955811e-07
6492.0,5.357558126375772e-07
6493.0,5.365313726055505e-07
6494.0,5.372078095469565e-07
6495.0,5.377846206080091e-07
6496.0,5.382613839276164e-07
6497.0,5.386377601694372e-07
6498.0,5.389134939201298e-07
6499.0,5.390884149821743e-07
6500.0,5.391624395884718e-07
6501.0,5.391355715637864e-07
6502.0,5.390079034529689e-07
6503.0,5.387796176271353e-07
6504.0,5.384509873694746e-07
6505.0,5.380223779342898e-07
6506.0,5.374942475643007e-07
6507.0,5.368671484397295e-07
6508.0,5.361417275196293e-07
6509.0,5.3531872722556e-07
6510.0,5.343989859135989e-07
6511.0,5.333834380834299e-07
6512.0,5.322731142809861e-07
6513.0,5.310691406608469e-07
6514.0,5.297727381829468e-07
6515.0,5.283852214226957e-07
6516.0,5.26907996974929e-07
6517.0,5.253425614335904e-07
6518.0,5.236904989339925e-07
6519.0,5.21953478253002e-07
6520.0,5.201332494710398e-07
6521.0,5.18231640204432e-07
6522.0,5.162505514161629e-07
6523.0,5.141919528095358e-07
6524.0,5.120578778062891e-07
6525.0,5.098504181108928e-07
6526.0,5.075717178663241e-07
6527.0,5.05223967412911e-07
6528.0,5.028093966706933e-07
6529.0,5.003302681770881e-07
6530.0,4.977888698242769e-07
6531.0,4.951875073523818e-07
6532.0,4.925284966637526e-07
6533.0,4.898141560304875e-07
6534.0,4.870467982706542e-07
6535.0,4.842287229662091e-07
6536.0,4.81362208787876e-07
6537.0,4.784495059833648e-07
6538.0,4.7549282907843067e-07
6539.0,4.7249434983548293e-07
6540.0,4.6945619051133645e-07
6541.0,4.663804174543948e-07
6542.0,4.6326903508105315e-07
6543.0,4.601239802687528e-07
6544.0,4.5694711719579854e-07
6545.0,4.53740232644491e-07
6546.0,4.5050503176623723e-07
6547.0,4.4724313428908405e-07
6548.0,4.439560711328048e-07
6549.0,4.4064528138505546e-07
6550.0,4.3731210958351117e-07
6551.0,4.339578032431776e-07
6552.0,4.3058351056602326e-07
6553.0,4.2719027827260173e-07
6554.0,4.237790495032931e-07
6555.0,4.203506617507901e-07
6556.0,4.169058448047506e-07
6557.0,4.1344521871221363e-07
6558.0,4.099692917813225e-07
6559.0,4.064784586790663e-07
6560.0,4.029729986935434e-07
6561.0,3.9945307424456327e-07
6562.0,3.9591872973129835e-07
6563.0,3.923698908026084e-07
6564.0,3.888063641264827e-07
6565.0,3.8522783772194096e-07
6566.0,3.816338819017258e-07
6567.0,3.7802395085874e-07
6568.0,3.7439738491469685e-07
6569.0,3.707534134377806e-07
6570.0,3.670911584293476e-07
6571.0,3.6340963877786567e-07
6572.0,3.597077751786706e-07
6573.0,3.5598439571762854e-07
6574.0,3.522382421142109e-07
6575.0,3.4846797661594935e-07
6576.0,3.4467218953427707e-07
6577.0,3.4084940741279357e-07
6578.0,3.36998101821603e-07
6579.0,3.331166987728301e-07
6580.0,3.2920358875026176e-07
6581.0,3.2525713733809895e-07
6582.0,3.2127569641895905e-07
6583.0,3.1725761589112096e-07
6584.0,3.132012558331412e-07
6585.0,3.0910499902422865e-07
6586.0,3.049672637139759e-07
6587.0,3.0078651652601683e-07
6588.0,2.9656128537542264e-07
6589.0,2.9229017227771285e-07
6590.0,2.879718659294338e-07
6591.0,2.836051539475727e-07
6592.0,2.791889346639314e-07
6593.0,2.7472222837538414e-07
6594.0,2.702041879514745e-07
6595.0,2.6563410870148537e-07
6596.0,2.610114374069386e-07
6597.0,2.5633578043279373e-07
6598.0,2.5160691084124335e-07
6599.0,2.468247744451553e-07
6600.0,2.4198949475107404e-07
6601.0,2.3710137675083e-07
6602.0,2.321609095263365e-07
6603.0,2.2716876763850097e-07
6604.0,2.2212581128184827e-07
6605.0,2.1703308520044084e-07
6606.0,2.1189181637454682e-07
6607.0,2.0670341049876484e-07
6608.0,2.0146944728073927e-07
6609.0,1.9619167459648245e-07
6610.0,1.9087200154505635e-07
6611.0,1.855124904530653e-07
6612.0,1.8011534788925856e-07
6613.0,1.7468291476159558e-07
6614.0,1.6921765558060807e-07
6615.0,1.6372214698014448e-07
6616.0,1.581990655891691e-07
6617.0,1.5265117534851582e-07
6618.0,1.4708131436546866e-07
6619.0,1.414923813958941e-07
6620.0,1.3588732203781503e-07
6621.0,1.302691147132697e-07
6622.0,1.2464075651005711e-07
6623.0,1.1900524895333561e-07
6624.0,1.1336558377812738e-07
6625.0,1.0772472877670535e-07
6626.0,1.0208561380032523e-07
6627.0,9.645111700194195e-08
6628.0,9.082405141038777e-08
6629.0,8.520715192194422e-08
6630.0,7.960306278356068e-08
6631.0,7.401432562959126e-08
6632.0,6.844336812444374e-08
6633.0,6.289249325481305e-08
6634.0,5.736386930367879e-08
6635.0,5.185952052228747e-08
6636.0,4.63813184960881e-08
6637.0,4.0930974178910295e-08
6638.0,3.5510030551464196e-08
6639.0,3.0119855849227224e-08
6640.0,2.47616373020623e-08
6641.0,1.9436375333387827e-08
6642.0,1.4144878179455847e-08
6643.0,8.887756905593108e-09
6644.0,3.665420809751204e-09
6645.0,-1.521926789494133e-09
6646.0,-6.674292381105982e-09
6647.0,-1.17918957041631e-08
6648.0,-1.687517279875531e-08
6649.0,-2.1924778652904876e-08
6650.0,-2.694158942431779e-08
6651.0,-3.192670420386045e-08
6652.0,-3.6881446275329675e-08
6653.0,-4.1807363815948074e-08
6654.0,-4.6706229973767054e-08
6655.0,-5.158004225106002e-08
6656.0,-5.6431021117740314e-08
6657.0,-6.126160777587753e-08
6658.0,-6.607446099255415e-08
6659.0,-7.087245291071151e-08
6660.0,-7.565866373819572e-08
6661.0,-8.043637521016743e-08
6662.0,-8.52090627249018e-08
6663.0,-8.998038607063393e-08
6664.0,-9.475417869256573e-08
6665.0,-9.953443549201358e-08
6666.0,-1.0432529919673574e-07
6667.0,-1.0913104538337643e-07
6668.0,-1.1395606626274728e-07
6669.0,-1.1880485335544854e-07
6670.0,-1.2368197919350543e-07
6671.0,-1.2859207818814516e-07
6672.0,-1.3353982680661668e-07
6673.0,-1.3852992320206688e-07
6674.0,-1.435670664407838e-07
6675.0,-1.4865593547233472e-07
6676.0,-1.538011679894825e-07
6677.0,-1.5900733932228542e-07
6678.0,-1.6427894150115502e-07
6679.0,-1.6962036260715483e-07
6680.0,-1.7503586650795263e-07
6681.0,-1.805295730586265e-07
6682.0,-1.8610543882986365e-07
6683.0,-1.917672384121544e-07
6684.0,-1.975185463347044e-07
6685.0,-2.0336271963437157e-07
6686.0,-2.0930288111213197e-07
6687.0,-2.1534190331706668e-07
6688.0,-2.2148239329588178e-07
6689.0,-2.277266781392525e-07
6690.0,-2.3407679134682102e-07
6691.0,-2.405344600219109e-07
6692.0,-2.4710109289518097e-07
6693.0,-2.5377776916337206e-07
6694.0,-2.605652281172391e-07
6695.0,-2.674638595284634e-07
6696.0,-2.744736947767392e-07
6697.0,-2.8159439872665293e-07
6698.0,-2.888252623995065e-07
6699.0,-2.961651965121784e-07
6700.0,-3.0361272596340457e-07
6701.0,-3.1116598533823116e-07
6702.0,-3.1882271548143483e-07
6703.0,-3.265802611693769e-07
6704.0,-3.34435569893536e-07
6705.0,-3.423851917590426e-07
6706.0,-3.5042528049489687e-07
6707.0,-3.585515955671695e-07
6708.0,-3.6675950538352137e-07
6709.0,-3.750439915778452e-07
6710.0,-3.8339965436626644e-07
6711.0,-3.9182071896722574e-07
6712.0,-4.003010430756184e-07
6713.0,-4.0883412537289124e-07
6714.0,-4.174131150470279e-07
6715.0,-4.2603082229737164e-07
6716.0,-4.346797298104232e-07
6717.0,-4.4335200520514167e-07
6718.0,-4.520395144522439e-07
6719.0,-4.6073383627351495e-07
6720.0,-4.694262775313924e-07
6721.0,-4.78107889628933e-07
6722.0,-4.867694859499567e-07
6723.0,-4.954016603709132e-07
6724.0,-5.039948068688256e-07
6725.0,-5.125391402373643e-07
6726.0,-5.210247179062299e-07
6727.0,-5.294414628337734e-07
6728.0,-5.377791874067038e-07
6729.0,-5.460276182363111e-07
6730.0,-5.541764216951768e-07
6731.0,-5.622152300026761e-07
6732.0,-5.70133667651785e-07
6733.0,-5.779213779756627e-07
6734.0,-5.855680496711556e-07
6735.0,-5.930634431142446e-07
6736.0,-6.003974163120219e-07
6737.0,-6.07559950342682e-07
6738.0,-6.145411741533892e-07
6739.0,-6.213313886229198e-07
6740.0,-6.27921089841258e-07
6741.0,-6.34300991593067e-07
6742.0,-6.404620470496885e-07
6743.0,-6.4639546968716e-07
6744.0,-6.520927534691522e-07
6745.0,-6.575456923625678e-07
6746.0,-6.62746399279136e-07
6747.0,-6.676873245501162e-07
6748.0,-6.723612740398537e-07
6749.0,-6.767614269888989e-07
6750.0,-6.808813536531594e-07
6751.0,-6.847150327750711e-07
6752.0,-6.882568688862405e-07
6753.0,-6.915017093990749e-07
6754.0,-6.944448614009649e-07
6755.0,-6.970821080249616e-07
6756.0,-6.994097242435159e-07
6757.0,-7.014244919217477e-07
6758.0,-7.031237139707011e-07
6759.0,-7.045052274485907e-07
6760.0,-7.055674154594545e-07
6761.0,-7.063092176933651e-07
6762.0,-7.067301394473089e-07
6763.0,-7.068302589652177e-07
6764.0,-7.066102329382877e-07
6765.0,-7.060713000129089e-07
6766.0,-7.052152821655482e-07
6767.0,-7.040445838216403e-07
6768.0,-7.025621886178627e-07
6769.0,-7.00771653735161e-07
6770.0,-6.986771017634536e-07
6771.0,-6.962832100949179e-07
6772.0,-6.935951978784418e-07
6773.0,-6.906188106002101e-07
6774.0,-6.873603023758732e-07
6775.0,-6.838264160415664e-07
6776.0,-6.800243611235944e-07
6777.0,-6.75961789770966e-07
6778.0,-6.716467707614327e-07
6779.0,-6.670877617280683e-07
6780.0,-6.622935797798347e-07
6781.0,-6.572733707017441e-07
6782.0,-6.52036576930944e-07
6783.0,-6.465929045218286e-07
6784.0,-6.409522893260674e-07
6785.0,-6.351248626101505e-07
6786.0,-6.291209163154985e-07
6787.0,-6.229508681457745e-07
6788.0,-6.166252266527263e-07
6789.0,-6.101545564882342e-07
6790.0,-6.035494439889849e-07
6791.0,-5.968204632501171e-07
6792.0,-5.899781428216014e-07
6793.0,-5.83032933131084e-07
6794.0,-5.75995174705299e-07
6795.0,-5.688750672344686e-07
6796.0,-5.616826395096098e-07
6797.0,-5.544277202699171e-07
6798.0,-5.471199100233047e-07
6799.0,-5.397685539332519e-07
6800.0,-5.323827158881908e-07
6801.0,-5.249711538861554e-07
6802.0,-5.175422968787963e-07
6803.0,-5.10104223220097e-07
6804.0,-5.026646408525959e-07
6805.0,-4.952308693428235e-07
6806.0,-4.878098238566768e-07
6807.0,-4.804080011486037e-07
6808.0,-4.730314676241288e-07
6809.0,-4.6568584951955197e-07
6810.0,-4.5837632522273035e-07
6811.0,-4.511076197346325e-07
6812.0,-4.438840012452585e-07
6813.0,-4.367092797737571e-07
6814.0,-4.2958680780646995e-07
6815.0,-4.225194828602946e-07
6816.0,-4.155097518954338e-07
6817.0,-4.085596174904678e-07
6818.0,-4.0167064567165e-07
6819.0,-3.9484397526542627e-07
6820.0,-3.880803286255598e-07
6821.0,-3.8138002357615607e-07
6822.0,-3.7474298641447176e-07
6823.0,-3.681687658411282e-07
6824.0,-3.616565477289181e-07
6825.0,-3.552051706878064e-07
6826.0,-3.4881314241423053e-07
6827.0,-3.424786568223138e-07
6828.0,-3.36199611950412e-07
6829.0,-3.2997362862791427e-07
6830.0,-3.237980698799192e-07
6831.0,-3.1767006104167134e-07
6832.0,-3.115865105465709e-07
6833.0,-3.0554413133727144e-07
6834.0,-2.9953946282976163e-07
6835.0,-2.9356889334065765e-07
6836.0,-2.876286828730361e-07
6837.0,-2.817149861470806e-07
6838.0,-2.7582387575687367e-07
6839.0,-2.699513653326988e-07
6840.0,-2.6409343259023907e-07
6841.0,-2.5824604215492975e-07
6842.0,-2.5240516805852343e-07
6843.0,-2.4656681580954677e-07
6844.0,-2.4072704393570653e-07
6845.0,-2.3488198488574605e-07
6846.0,-2.2902786516557953e-07
6847.0,-2.2316102457355666e-07
6848.0,-2.172779343951355e-07
6849.0,-2.1137521441931287e-07
6850.0,-2.05449648651267e-07
6851.0,-1.994981996224413e-07
6852.0,-1.9351802123795757e-07
6853.0,-1.8750647013883735e-07
6854.0,-1.8146111558080126e-07
6855.0,-1.7537974784035087e-07
6856.0,-1.6926038515810348e-07
6857.0,-1.6310127922597503e-07
6858.0,-1.5690091922494835e-07
6859.0,-1.5065803442889793e-07
6860.0,-1.4437159540917317e-07
6861.0,-1.3804081390039192e-07
6862.0,-1.3166514141063788e-07
6863.0,-1.2524426666916722e-07
6864.0,-1.1877811199989607e-07
6865.0,-1.1226682869695016e-07
6866.0,-1.0571079146802877e-07
6867.0,-9.911059200555253e-08
6868.0,-9.246703174534141e-08
6869.0,-8.57811138780778e-08
6870.0,-7.905403468698234e-08
6871.0,-7.228717429144422e-08
6872.0,-6.548208687950594e-08
6873.0,-5.864049051334681e-08
6874.0,-5.1764256592070354e-08
6875.0,-4.485539905546412e-08
6876.0,-3.7916063410173584e-08
6877.0,-3.094851565324378e-08
6878.0,-2.3955131155692045e-08
6879.0,-1.6938383553310617e-08
6880.0,-9.900833677970578e-09
6881.0,-2.845118553248253e-09
6882.0,4.2260595259649e-09
6883.0,1.1309943808963705e-08
6884.0,1.8403733772942335e-08
6885.0,2.5504595639083e-08
6886.0,3.2609672675655736e-08
6887.0,3.971609523566019e-08
6888.0,4.682099047566478e-08
6889.0,5.3921491710517234e-08
6890.0,6.101474737401044e-08
6891.0,6.809792957237649e-08
6892.0,7.516824222907951e-08
6893.0,8.22229288232024e-08
6894.0,8.925927972163446e-08
6895.0,9.627463910125836e-08
6896.0,1.0326641145496e-07
6897.0,1.1023206767500025e-07
6898.0,1.1716915070658694e-07
6899.0,1.2407528076184162e-07
6900.0,1.3094816008162546e-07
6901.0,1.377855772329957e-07
6902.0,1.4458541093461597e-07
6903.0,1.513456334095314e-07
6904.0,1.5806431327111796e-07
6905.0,1.647396179512803e-07
6906.0,1.713698156796886e-07
6907.0,1.7795327702069395e-07
6908.0,1.8448847597325357e-07
6909.0,1.9097399063945142e-07
6910.0,1.9740850346647638e-07
6911.0,2.0379080106250176e-07
6912.0,2.10119773578689e-07
6913.0,2.163944136395115e-07
6914.0,2.2261381479555277e-07
6915.0,2.2877716947166867e-07
6916.0,2.348837663906578e-07
6917.0,2.409329874648143e-07
6918.0,2.469243041600962e-07
6919.0,2.528572733487766e-07
6920.0,2.587315326776276e-07
6921.0,2.6454679548995826e-07
6922.0,2.70302845350081e-07
6923.0,2.7599953022849066e-07
6924.0,2.8163675641612475e-07
6925.0,2.8721448224451734e-07
6926.0,2.927327116923768e-07
6927.0,2.98191487958451e-07
6928.0,3.035908870785782e-07
6929.0,3.0893101166319404e-07
6930.0,3.1421198482867875e-07
6931.0,3.194339443891219e-07
6932.0,3.245970373641484e-07
6933.0,3.2970141484627955e-07
6934.0,3.3474722726131814e-07
6935.0,3.3973462004913407e-07
6936.0,3.446637297892705e-07
6937.0,3.495346807936973e-07
6938.0,3.543475821853277e-07
6939.0,3.591025254738259e-07
6940.0,3.637995826300341e-07
6941.0,3.6843880465017326e-07
6942.0,3.730202205943318e-07
6943.0,3.775438370810325e-07
6944.0,3.8200963821836015e-07
6945.0,3.86417585949142e-07
6946.0,3.907676207810678e-07
6947.0,3.9505966286241886e-07
6948.0,3.992936133523322e-07
6949.0,4.034693560249334e-07
6950.0,4.075867590436791e-07
6951.0,4.116456768482942e-07
6952.0,4.1564595210890623e-07
6953.0,4.1958741771363125e-07
6954.0,4.2346989876278707e-07
6955.0,4.2729321454714286e-07
6956.0,4.310571804930117e-07
6957.0,4.3476161006279826e-07
6958.0,4.384063166009368e-07
6959.0,4.419911151097066e-07
6960.0,4.4551582393143515e-07
6961.0,4.4898026631001633e-07
6962.0,4.5238427180841604e-07
6963.0,4.557276775669966e-07
6964.0,4.590103293952912e-07
6965.0,4.622320826945661e-07
6966.0,4.6539280320953013e-07
6967.0,4.684923676053871e-07
6968.0,4.7153066386314956e-07
6969.0,4.74507591484735e-07
6970.0,4.77423061500598e-07
6971.0,4.80276996274199e-07
6972.0,4.830693290981109e-07
6973.0,4.858000035782287e-07
6974.0,4.884689728072944e-07
6975.0,4.910761983344047e-07
6976.0,4.936216489400052e-07
6977.0,4.961052992268482e-07
6978.0,4.985271280394251e-07
6979.0,5.008871167272892e-07
6980.0,5.031852472684339e-07
6981.0,5.054215002664267e-07
6982.0,5.07595852831708e-07
6983.0,5.09708276355688e-07
6984.0,5.117587341858584e-07
6985.0,5.137471792104168e-07
6986.0,5.156735513621569e-07
6987.0,5.175377750530854e-07
6988.0,5.193397565520879e-07
6989.0,5.210793813184927e-07
6990.0,5.22756511307384e-07
6991.0,5.243709822694647e-07
6992.0,5.259226010764747e-07
6993.0,5.274111431075309e-07
6994.0,5.288363497298461e-07
6995.0,5.301979259020952e-07
6996.0,5.314955379254681e-07
6997.0,5.327288113691575e-07
6998.0,5.338973292029415e-07
6999.0,5.35000630176035e-07
7000.0,5.36038207483914e-07
7001.0,5.370095077614812e-07
7002.0,5.37913930434146e-07
7003.0,5.387508274509469e-07
7004.0,5.395195034150006e-07
7005.0,5.402192161140017e-07
7006.0,5.408491774374152e-07
7007.0,5.414085546503538e-07
7008.0,5.418964719798444e-07
7009.0,5.423120124588295e-07
7010.0,5.426542199679316e-07
7011.0,5.429221014153935e-07
7012.0,5.431146290006412e-07
7013.0,5.432307425142124e-07
7014.0,5.432693516348866e-07
7015.0,5.432293381936373e-07
7016.0,5.431095583841491e-07
7017.0,5.429088449116196e-07
7018.0,5.426260090841133e-07
7019.0,5.422598428610616e-07
7020.0,5.418091208799193e-07
7021.0,5.412726024841161e-07
7022.0,5.406490337731046e-07
7023.0,5.399371496908286e-07
7024.0,5.391356761673989e-07
7025.0,5.382433323330952e-07
7026.0,5.372588328314954e-07
7027.0,5.361808902640525e-07
7028.0,5.350082177975915e-07
7029.0,5.337395319592161e-07
7030.0,5.323735556345684e-07
7031.0,5.309090212797918e-07
7032.0,5.293446743559689e-07
7033.0,5.276792769960402e-07
7034.0,5.259116119175798e-07
7035.0,5.240404865999122e-07
7036.0,5.220647377491373e-07
7037.0,5.199832360778213e-07
7038.0,5.17794891427456e-07
7039.0,5.154986582609984e-07
7040.0,5.13093541546841e-07
7041.0,5.105786030417619e-07
7042.0,5.079529679603658e-07
7043.0,5.05215831995949e-07
7044.0,5.023664686360673e-07
7045.0,4.994042366993955e-07
7046.0,4.96328588012564e-07
7047.0,4.931390751463683e-07
7048.0,4.89835359135426e-07
7049.0,4.864172171086172e-07
7050.0,4.828845497566764e-07
7051.0,4.792373885593708e-07
7052.0,4.7547590269214125e-07
7053.0,4.7160040553397105e-07
7054.0,4.6761136070330617e-07
7055.0,4.6350938755398893e-07
7056.0,4.5929526606745556e-07
7057.0,4.549699410823675e-07
7058.0,4.5053452581038247e-07
7059.0,4.45990304597544e-07
7060.0,4.4133873490341545e-07
7061.0,4.365814484827832e-07
7062.0,4.317202517670131e-07
7063.0,4.2675712545440617e-07
7064.0,4.2169422333150766e-07
7065.0,4.1653387036024687e-07
7066.0,4.1127856007841247e-07
7067.0,4.0593095137162913e-07
7068.0,4.0049386468126934e-07
7069.0,3.9497027771288436e-07
7070.0,3.893633207036279e-07
7071.0,3.8367627129580066e-07
7072.0,3.7791254904894464e-07
7073.0,3.720757096077578e-07
7074.0,3.6616943853077417e-07
7075.0,3.6019754477660316e-07
7076.0,3.541639538387908e-07
7077.0,3.480727005148344e-07
7078.0,3.4192792129024756e-07
7079.0,3.3573384631732065e-07
7080.0,3.294947909711713e-07
7081.0,3.232151469704707e-07
7082.0,3.1689937305334067e-07
7083.0,3.1055198519950107e-07
7084.0,3.0417754639101964e-07
7085.0,2.9778065590999307e-07
7086.0,2.913659381828182e-07
7087.0,2.8493803119383657e-07
7088.0,2.7850157450124064e-07
7089.0,2.7206119689355323e-07
7090.0,2.656215037282327e-07
7091.0,2.591870639981542e-07
7092.0,2.5276239717756427e-07
7093.0,2.4635195990540177e-07
7094.0,2.399601325688946e-07
7095.0,2.3359120585322645e-07
7096.0,2.2724936732502995e-07
7097.0,2.209386881204531e-07
7098.0,2.1466310981189256e-07
7099.0,2.08426431527128e-07
7100.0,2.0223229738665458e-07
7101.0,1.960841843100261e-07
7102.0,1.8998539022599257e-07
7103.0,1.839390227116984e-07
7104.0,1.7794798808608995e-07
7105.0,1.7201498098797987e-07
7106.0,1.6614247447331723e-07
7107.0,1.6033271066589158e-07
7108.0,1.5458769199328856e-07
7109.0,1.489091730397812e-07
7110.0,1.4329865305063584e-07
7111.0,1.3775736912328291e-07
7112.0,1.3228629011531993e-07
7113.0,1.2688611128892132e-07
7114.0,1.2155724970226137e-07
7115.0,1.1629984035510523e-07
7116.0,1.1111373309624839e-07
7117.0,1.0599849030109551e-07
7118.0,1.0095338532682921e-07
7119.0,9.597740175160191e-08
7120.0,9.106923340406556e-08
7121.0,8.622728518990947e-08
7122.0,8.144967472266227e-08
7123.0,7.673423476720595e-08
7124.0,7.207851650524325e-08
7125.0,6.747979363000842e-08
7126.0,6.293506727236107e-08
7127.0,5.844107175546676e-08
7128.0,5.399428117487206e-08
7129.0,4.959091680534225e-08
7130.0,4.5226955342382954e-08
7131.0,4.089813799333533e-08
7132.0,3.659998044102269e-08
7133.0,3.232778371110891e-08
7134.0,2.8076645978292088e-08
7135.0,2.3841475341975137e-08
7136.0,1.96170035889789e-08
7137.0,1.5397800943572077e-08
7138.0,1.1178291788850988e-08
7139.0,6.9527713306787634e-09
7140.0,2.7154231652374476e-09
7141.0,-1.5396622976460714e-09
7142.0,-5.818468611523916e-09
7143.0,-1.0127033334575826e-08
7144.0,-1.4471427406051539e-08
7145.0,-1.885773393487731e-08
7146.0,-2.329202648226375e-08
7147.0,-2.778034692564315e-08
7148.0,-3.232868299940815e-08
7149.0,-3.694294561677059e-08
7150.0,-4.162894608164307e-08
7151.0,-4.6392373298268424e-08
7152.0,-5.123877108243832e-08
7153.0,-5.6173515673316335e-08
7154.0,-6.120179353781201e-08
7155.0,-6.632857955049218e-08
7156.0,-7.15586156260719e-08
7157.0,-7.689638988353582e-08
7158.0,-8.234611642886243e-08
7159.0,-8.791171584851062e-08
7160.0,-9.359679650167497e-08
7161.0,-9.940463668723053e-08
7162.0,-1.0533816774849235e-07
7163.0,-1.1139995817253207e-07
7164.0,-1.1759219874179073e-07
7165.0,-1.2391668879706358e-07
7166.0,-1.303748236653469e-07
7167.0,-1.3696758329524835e-07
7168.0,-1.4369552213436526e-07
7169.0,-1.5055876028097692e-07
7170.0,-1.575569759442483e-07
7171.0,-1.6468939924902585e-07
7172.0,-1.7195480742041567e-07
7173.0,-1.7935152137870363e-07
7174.0,-1.8687740376922875e-07
7175.0,-1.9452985844954227e-07
7176.0,-2.0230583146028163e-07
7177.0,-2.1020181351360105e-07
7178.0,-2.1821384403752199e-07
7179.0,-2.2633751681202877e-07
7180.0,-2.3456798722317472e-07
7181.0,-2.4289998114766407e-07
7182.0,-2.513278054648936e-07
7183.0,-2.5984536017701087e-07
7184.0,-2.684461521002009e-07
7185.0,-2.771233100725663e-07
7186.0,-2.858696016065144e-07
7187.0,-2.946774508989951e-07
7188.0,-3.0353895810424377e-07
7189.0,-3.124459197706149e-07
7190.0,-3.2138985034247975e-07
7191.0,-3.3036200462782454e-07
7192.0,-3.393534011314435e-07
7193.0,-3.4835484615222693e-07
7194.0,-3.57356958541994e-07
7195.0,-3.663501950246457e-07
7196.0,-3.7532487597897464e-07
7197.0,-3.842712115943631e-07
7198.0,-3.931793283119037e-07
7199.0,-4.0203929546200475e-07
7200.0,-4.108411520054692e-07
7201.0,-4.195749332824368e-07
7202.0,-4.282306976750645e-07
7203.0,-4.367985530953953e-07
7204.0,-4.452686832160415e-07
7205.0,-4.5363137336321733e-07
7206.0,-4.618770359902325e-07
7207.0,-4.6999623565457616e-07
7208.0,-4.779797134417626e-07
7209.0,-4.858184108092313e-07
7210.0,-4.935034928488587e-07
7211.0,-5.010263709773248e-07
7212.0,-5.083787250614297e-07
7213.0,-5.155525249769467e-07
7214.0,-5.225400515888758e-07
7215.0,-5.293339171293071e-07
7216.0,-5.359270849367155e-07
7217.0,-5.42312888507303e-07
7218.0,-5.484850497941697e-07
7219.0,-5.544376966718322e-07
7220.0,-5.601653794609633e-07
7221.0,-5.65663086384568e-07
7222.0,-5.7092625781024e-07
7223.0,-5.759507991314923e-07
7224.0,-5.807330921541979e-07
7225.0,-5.852700048722928e-07
7226.0,-5.895588995315072e-07
7227.0,-5.935976388940142e-07
7228.0,-5.973845906400846e-07
7229.0,-6.009186298781012e-07
7230.0,-6.041991397746228e-07
7231.0,-6.072260103503197e-07
7232.0,-6.09999635506313e-07
7233.0,-6.125209083463082e-07
7234.0,-6.147912148478745e-07
7235.0,-6.168124259185989e-07
7236.0,-6.185868878561036e-07
7237.0,-6.201174112217657e-07
7238.0,-6.21407258141455e-07
7239.0,-6.224601280597083e-07
7240.0,-6.232801419861802e-07
7241.0,-6.238718252785865e-07
7242.0,-6.242400890109502e-07
7243.0,-6.243902099928263e-07
7244.0,-6.243278095380646e-07
7245.0,-6.240588311171735e-07
7246.0,-6.235895170468064e-07
7247.0,-6.229263843662489e-07
7248.0,-6.220762000314189e-07
7249.0,-6.210459555344618e-07
7250.0,-6.198428410400027e-07
7251.0,-6.184742191182841e-07
7252.0,-6.16947598148004e-07
7253.0,-6.152706054583422e-07
7254.0,-6.134509602841348e-07
7255.0,-6.1149644661891e-07
7256.0,-6.094148860598399e-07
7257.0,-6.072141107433877e-07
7258.0,-6.049019364763531e-07
7259.0,-6.024861361793242e-07
7260.0,-5.999744137744992e-07
7261.0,-5.973743786577986e-07
7262.0,-5.946935208900366e-07
7263.0,-5.919391872262484e-07
7264.0,-5.8911855808202e-07
7265.0,-5.862386255134147e-07
7266.0,-5.833061722663398e-07
7267.0,-5.803277519399113e-07
7268.0,-5.773096703090022e-07
7269.0,-5.742579678541637e-07
7270.0,-5.711784035416521e-07
7271.0,-5.680764398811058e-07
7272.0,-5.649572292696996e-07
7273.0,-5.618256016170989e-07
7274.0,-5.586860532415866e-07
7275.0,-5.555427370339331e-07
7276.0,-5.523994538929587e-07
7277.0,-5.492596454368736e-07
7278.0,-5.461263879882889e-07
7279.0,-5.430023878246827e-07
7280.0,-5.398899776858915e-07
7281.0,-5.367911145383973e-07
7282.0,-5.337073786078918e-07
7283.0,-5.306399736946715e-07
7284.0,-5.275897287729369e-07
7285.0,-5.245571008493492e-07
7286.0,-5.215421790310548e-07
7287.0,-5.185446897423177e-07
7288.0,-5.155640030381376e-07
7289.0,-5.125991399859521e-07
7290.0,-5.09648781108669e-07
7291.0,-5.067112758949821e-07
7292.0,-5.03784653385157e-07
7293.0,-5.00866633833462e-07
7294.0,-4.979546414342482e-07
7295.0,-4.950458180817046e-07
7296.0,-4.921370381168109e-07
7297.0,-4.892249239975831e-07
7298.0,-4.863058628069803e-07
7299.0,-4.833760234887884e-07
7300.0,-4.804313746858966e-07
7301.0,-4.774677030579714e-07
7302.0,-4.7448063197399605e-07
7303.0,-4.714656404955198e-07
7304.0,-4.684180825799919e-07
7305.0,-4.6533320644571073e-07
7306.0,-4.62206174058993e-07
7307.0,-4.590320807270399e-07
7308.0,-4.5580597479510057e-07
7309.0,-4.525228774472364e-07
7310.0,-4.491778025990791e-07
7311.0,-4.457657768556269e-07
7312.0,-4.4228185949297157e-07
7313.0,-4.387211624111526e-07
7314.0,-4.350788699949911e-07
7315.0,-4.313502588109376e-07
7316.0,-4.275307170618733e-07
7317.0,-4.2361576371846797e-07
7318.0,-4.196010672445784e-07
7319.0,-4.154824638350673e-07
7320.0,-4.1125597508588745e-07
7321.0,-4.069178250162729e-07
7322.0,-4.024644563627198e-07
7323.0,-3.978925460677409e-07
7324.0,-3.9319901989253e-07
7325.0,-3.883810660872806e-07
7326.0,-3.834361480553709e-07
7327.0,-3.783620159515476e-07
7328.0,-3.7315671716067134e-07
7329.0,-3.6781860560908254e-07
7330.0,-3.623463498614542e-07
7331.0,-3.5673893995260043e-07
7332.0,-3.5099569290236177e-07
7333.0,-3.4511625686956856e-07
7334.0,-3.3910061391873684e-07
7335.0,-3.3294908139356277e-07
7336.0,-3.2666231190631287e-07
7337.0,-3.2024129195898496e-07
7338.0,-3.136873392144375e-07
7339.0,-3.0700209843964353e-07
7340.0,-3.0018753615157946e-07
7341.0,-2.932459340071107e-07
7342.0,-2.8617988098767337e-07
7343.0,-2.789922644346573e-07
7344.0,-2.716862599920325e-07
7345.0,-2.6426532051097034e-07
7346.0,-2.5673316396918323e-07
7347.0,-2.4909376045720646e-07
7348.0,-2.4135131828691477e-07
7349.0,-2.3351026928536553e-07
7350.0,-2.2557525334770485e-07
7351.0,-2.1755110233303786e-07
7352.0,-2.0944282339617618e-07
7353.0,-2.0125558185763777e-07
7354.0,-1.929946837242435e-07
7355.0,-1.8466555798041848e-07
7356.0,-1.7627373877194134e-07
7357.0,-1.6782484759660592e-07
7358.0,-1.5932457560129564e-07
7359.0,-1.507786660676119e-07
7360.0,-1.4219289715365017e-07
7361.0,-1.3357306494936342e-07
7362.0,-1.24924966896039e-07
7363.0,-1.1625438561577077e-07
7364.0,-1.0756707319466988e-07
7365.0,-9.88687359638232e-08
7366.0,-9.016501982301395e-08
7367.0,-8.146149615173517e-08
7368.0,-7.276364834850797e-08
7369.0,-6.40768590324084e-08
7370.0,-5.540639793116227e-08
7371.0,-4.6757410470764e-08
7372.0,-3.813490707367212e-08
7373.0,-2.954375316539771e-08
7374.0,-2.0988659883166748e-08
7375.0,-1.2474175478725084e-08
7376.0,-4.004677411786452e-09
7377.0,4.4156348627644936e-09
7378.0,1.278274640659942e-08
7379.0,2.109283259918191e-08
7380.0,2.9342264215970456e-08
7381.0,3.7527611766464e-08
7382.0,4.564564907193444e-08
7383.0,5.369335606445153e-08
7384.0,6.16679207965349e-08
7385.0,6.956674066300079e-08
7386.0,7.738742284990762e-08
7387.0,8.512778403660744e-08
7388.0,9.27858493839801e-08
7389.0,1.0035985084495445e-07
7390.0,1.078482248345373e-07
7391.0,1.1524960929858871e-07
7392.0,1.225628402233657e-07
7393.0,1.2978694762846715e-07
7394.0,1.3692115108327668e-07
7395.0,1.4396485478380038e-07
7396.0,1.509176422245938e-07
7397.0,1.577792704977395e-07
7398.0,1.6454966424597583e-07
7399.0,1.7122890929174683e-07
7400.0,1.778172459608753e-07
7401.0,1.8431506211834626e-07
7402.0,1.9072288593243397e-07
7403.0,1.9704137838373585e-07
7404.0,2.0327132554089778e-07
7405.0,2.094136306331616e-07
7406.0,2.1546930595514837e-07
7407.0,2.2143946463865828e-07
7408.0,2.2732531232240996e-07
7409.0,2.331281387470802e-07
7410.0,2.3884930930106916e-07
7411.0,2.444902565414434e-07
7412.0,2.5005247171255234e-07
7413.0,2.55537496280715e-07
7414.0,2.60946913499046e-07
7415.0,2.662823400151537e-07
7416.0,2.715454175363459e-07
7417.0,2.7673780456963824e-07
7418.0,2.8186116825655597e-07
7419.0,2.8691717632777613e-07
7420.0,2.919074892115288e-07
7421.0,2.9683375233954803e-07
7422.0,3.016975887000412e-07
7423.0,3.065005916865301e-07
7424.0,3.1124431828748575e-07
7425.0,3.159302826571109e-07
7426.0,3.205599501004505e-07
7427.0,3.251347314943586e-07
7428.0,3.29655978153199e-07
7429.0,3.341249771396716e-07
7430.0,3.385429470178183e-07
7431.0,3.429110340449646e-07
7432.0,3.472303088004765e-07
7433.0,3.515017632506175e-07
7434.0,3.557263082486414e-07
7435.0,3.5990477146681874e-07
7436.0,3.640378957541154e-07
7437.0,3.6812633791112645e-07
7438.0,3.72170667871319e-07
7439.0,3.7617136827341975e-07
7440.0,3.801288344058119e-07
7441.0,3.8404337450298955e-07
7442.0,3.8791521037686914e-07
7443.0,3.9174447837034094e-07
7444.0,3.955312306251987e-07
7445.0,3.992754366603451e-07
7446.0,4.029769852572757e-07
7447.0,4.06635686646563e-07
7448.0,4.1025127498190354e-07
7449.0,4.138234110808209e-07
7450.0,4.1735168540727016e-07
7451.0,4.208356212727331e-07
7452.0,4.2427467823813887e-07
7453.0,4.2766825570695677e-07
7454.0,4.310156967069872e-07
7455.0,4.3431629186224394e-07
7456.0,4.375692835570059e-07
7457.0,4.4077387029337834e-07
7458.0,4.439292112420447e-07
7459.0,4.4703443098269086e-07
7460.0,4.500886244259986e-07
7461.0,4.530908619034197e-07
7462.0,4.5604019440373785e-07
7463.0,4.5893565892726595e-07
7464.0,4.6177628392124565e-07
7465.0,4.645610947542958e-07
7466.0,4.6728911918233494e-07
7467.0,4.699593927526142e-07
7468.0,4.7257096408806856e-07
7469.0,4.751228999933001e-07
7470.0,4.77614290325897e-07
7471.0,4.800442525802308e-07
7472.0,4.82411936134295e-07
7473.0,4.847165261150639e-07
7474.0,4.869572468460945e-07
7475.0,4.891333648517189e-07
7476.0,4.912441914014629e-07
7477.0,4.932890845835074e-07
7478.0,4.952674508982397e-07
7479.0,4.971787463650459e-07
7480.0,4.990224771376673e-07
7481.0,5.007981996239007e-07
7482.0,5.025055201046696e-07
7483.0,5.041440938487792e-07
7484.0,5.057136237254378e-07
7485.0,5.072138583267651e-07
7486.0,5.086445896257957e-07
7487.0,5.100056502104279e-07
7488.0,5.112969101473366e-07
7489.0,5.125182735379776e-07
7490.0,5.136696748294739e-07
7491.0,5.147510749384758e-07
7492.0,5.157624572399727e-07
7493.0,5.167038234680444e-07
7494.0,5.175751895712443e-07
7495.0,5.183765815597798e-07
7496.0,5.191080313744098e-07
7497.0,5.197695728001291e-07
7498.0,5.203612374443319e-07
7499.0,5.208830508008473e-07
7500.0,5.213350284274242e-07
7501.0,5.217171722736643e-07
7502.0,5.220294672075435e-07
7503.0,5.222718777985381e-07
7504.0,5.224443454199462e-07
7505.0,5.22546785730696e-07
7506.0,5.225790865902596e-07
7507.0,5.225411064523523e-07
7508.0,5.224326732737065e-07
7509.0,5.22253583961246e-07
7510.0,5.220036043646871e-07
7511.0,5.216824698049822e-07
7512.0,5.212898861148176e-07
7513.0,5.208255311568306e-07
7514.0,5.202890567789944e-07
7515.0,5.196800911642804e-07
7516.0,5.189982415309936e-07
7517.0,5.182430971386549e-07
7518.0,5.174142325510662e-07
7519.0,5.165112111046525e-07
7520.0,5.155335885296141e-07
7521.0,5.144809166761253e-07
7522.0,5.133527473058359e-07
7523.0,5.121486359160992e-07
7524.0,5.108681455692413e-07
7525.0,5.095108507033822e-07
7526.0,5.080763409052652e-07
7527.0,5.06564224627486e-07
7528.0,5.049741328319096e-07
7529.0,5.033057225401064e-07
7530.0,5.015586802719617e-07
7531.0,4.997327253541213e-07
7532.0,4.978276130794374e-07
7533.0,4.958431376983452e-07
7534.0,4.937791352247939e-07
7535.0,4.916354860426756e-07
7536.0,4.894121173026637e-07
7537.0,4.871090051036298e-07
7538.0,4.847261764567358e-07
7539.0,4.822637110328581e-07
7540.0,4.797217426946735e-07
7541.0,4.771004608141181e-07
7542.0,4.7440011137553353e-07
7543.0,4.716209978662034e-07
7544.0,4.6876348196006573e-07
7545.0,4.6582798400664596e-07
7546.0,4.6281498334320745e-07
7547.0,4.597250184508422e-07
7548.0,4.5655868697439457e-07
7549.0,4.533166456236684e-07
7550.0,4.499996099708637e-07
7551.0,4.466083541574627e-07
7552.0,4.4314371052386626e-07
7553.0,4.3960656917695286e-07
7554.0,4.3599787751227183e-07
7555.0,4.323186397066457e-07
7556.0,4.2856991619462646e-07
7557.0,4.2475282314227084e-07
7558.0,4.208685319352441e-07
7559.0,4.1691826870101576e-07
7560.0,4.1290331388129426e-07
7561.0,4.088250018600216e-07
7562.0,4.046847206380329e-07
7563.0,4.0048391153167315e-07
7564.0,3.962240688603943e-07
7565.0,3.9190673957758763e-07
7566.0,3.8753352278992953e-07
7567.0,3.8310606910343593e-07
7568.0,3.7862607972913296e-07
7569.0,3.7409530527918916e-07
7570.0,3.695155441882577e-07
7571.0,3.6488864070492784e-07
7572.0,3.602164824111275e-07
7573.0,3.555009972397032e-07
7574.0,3.5074414997143143e-07
7575.0,3.459479382021748e-07
7576.0,3.4111438777839924e-07
7577.0,3.362455477061048e-07
7578.0,3.313434845466794e-07
7579.0,3.264102763237499e-07
7580.0,3.214480059760234e-07
7581.0,3.164587544002427e-07
7582.0,3.114445931351649e-07
7583.0,3.064075767429454e-07
7584.0,3.0134973494871705e-07
7585.0,2.9627306460106283e-07
7586.0,2.9117952151536036e-07
7587.0,2.860710122616755e-07
7588.0,2.809493859622101e-07
7589.0,2.7581642616952173e-07
7590.0,2.706738429007325e-07
7591.0,2.6552326489936915e-07
7592.0,2.6036623218524376e-07
7593.0,2.5520418893959195e-07
7594.0,2.5003847676274963e-07
7595.0,2.448703283353915e-07
7596.0,2.397008615103305e-07
7597.0,2.3453107385962102e-07
7598.0,2.2936183770001527e-07
7599.0,2.2419389561605783e-07
7600.0,2.1902785649353685e-07
7601.0,2.1386419206928467e-07
7602.0,2.087032339990827e-07
7603.0,2.0354517144375585e-07
7604.0,1.9839004917409895e-07
7605.0,1.9323776619875138e-07
7606.0,1.8808807492480983e-07
7607.0,1.829405808660779e-07
7608.0,1.777947429169693e-07
7609.0,1.7264987421216867e-07
7610.0,1.6750514359392993e-07
7611.0,1.623595777100195e-07
7612.0,1.5721206376580003e-07
7613.0,1.5206135295438845e-07
7614.0,1.469060645895186e-07
7615.0,1.4174469096599845e-07
7616.0,1.365756029699381e-07
7617.0,1.3139705645135137e-07
7618.0,1.2620719935427864e-07
7619.0,1.2100407958010739e-07
7620.0,1.1578565354735294e-07
7621.0,1.1054979540933274e-07
7622.0,1.0529430689530383e-07
7623.0,1.000169277431553e-07
7624.0,9.471534668734653e-08
7625.0,8.938721295436653e-08
7626.0,8.403014820491786e-08
7627.0,7.864175885325254e-08
7628.0,7.321964869099747e-08
7629.0,6.776143174378844e-08
7630.0,6.22647452929062e-08
7631.0,5.6727262999649094e-08
7632.0,5.1146708075657487e-08
7633.0,4.552086644781948e-08
7634.0,3.9847599873008247e-08
7635.0,3.41248589644907e-08
7636.0,2.8350696094129073e-08
7637.0,2.2523278130274672e-08
7638.0,1.6640898963594525e-08
7639.0,1.0701991766338665e-08
7640.0,4.7051409254635856e-09
7641.0,-1.3509064155083063e-09
7642.0,-7.467229278465741e-09
7643.0,-1.3644722317536729e-08
7644.0,-1.9884085918440457e-08
7645.0,-2.6185817020881895e-08
7646.0,-3.255020075404111e-08
7647.0,-3.897730297239205e-08
7648.0,-4.5466963773874914e-08
7649.0,-5.201879207559814e-08
7650.0,-5.8632161315954294e-08
7651.0,-6.530620634751501e-08
7652.0,-7.203982158148943e-08
7653.0,-7.883166044001751e-08
7654.0,-8.56801361646879e-08
7655.0,-9.258342401581737e-08
7656.0,-9.953946487657268e-08
7657.0,-1.0654597025220671e-07
7658.0,-1.1360042863281122e-07
7659.0,-1.2070011317121887e-07
7660.0,-1.278420906149489e-07
7661.0,-1.3502323141923805e-07
7662.0,-1.422402209555232e-07
7663.0,-1.494895717167126e-07
7664.0,-1.5676763640811834e-07
7665.0,-1.6407062180227302e-07
7666.0,-1.7139460322977973e-07
7667.0,-1.787355395796179e-07
7668.0,-1.8608928869000234e-07
7669.0,-1.9345162301927877e-07
7670.0,-2.0081824548944908e-07
7671.0,-2.0818480539273875e-07
7672.0,-2.1554691424997054e-07
7673.0,-2.2290016151318658e-07
7674.0,-2.302401300125926e-07
7675.0,-2.3756241105328094e-07
7676.0,-2.4486261906499946e-07
7677.0,-2.5213640569983404e-07
7678.0,-2.5937947326612524e-07
7679.0,-2.665875873902839e-07
7680.0,-2.7375658881333967e-07
7681.0,-2.8088240425230967e-07
7682.0,-2.8796105628218814e-07
7683.0,-2.94988672217523e-07
7684.0,-3.019614919900988e-07
7685.0,-3.0887587503099e-07
7686.0,-3.157283061731873e-07
7687.0,-3.2251540059713874e-07
7688.0,-3.2923390784675107e-07
7689.0,-3.358807149479422e-07
7690.0,-3.424528486667349e-07
7691.0,-3.489474769517721e-07
7692.0,-3.553619096193664e-07
7693.0,-3.616935983554342e-07
7694.0,-3.679401361207879e-07
7695.0,-3.7409925604918524e-07
7696.0,-3.8016882992309056e-07
7697.0,-3.8614686630664203e-07
7698.0,-3.9203150841467193e-07
7699.0,-3.978210318011672e-07
7700.0,-4.035138419542356e-07
7701.0,-4.091084718812665e-07
7702.0,-4.1460357975680846e-07
7703.0,-4.199979466890349e-07
7704.0,-4.2529047463979066e-07
7705.0,-4.3048018450853143e-07
7706.0,-4.355662143637668e-07
7707.0,-4.405478177808065e-07
7708.0,-4.4542436222600784e-07
7709.0,-4.5019532741814415e-07
7710.0,-4.548603035977535e-07
7711.0,-4.59418989643413e-07
7712.0,-4.6387119098559924e-07
7713.0,-4.6821681728042936e-07
7714.0,-4.7245587981494407e-07
7715.0,-4.765884886214959e-07
7716.0,-4.806148492826469e-07
7717.0,-4.845352594131599e-07
7718.0,-4.883501048135906e-07
7719.0,-4.920598552994668e-07
7720.0,-4.956650602188869e-07
7721.0,-4.991663436760092e-07
7722.0,-5.025643994748868e-07
7723.0,-5.05859985787756e-07
7724.0,-5.090539195384241e-07
7725.0,-5.121470704804197e-07
7726.0,-5.151403549452677e-07
7727.0,-5.180347292388352e-07
7728.0,-5.208311826690958e-07
7729.0,-5.235307301933226e-07
7730.0,-5.261344046785877e-07
7731.0,-5.28643248783234e-07
7732.0,-5.310583064923182e-07
7733.0,-5.333806143709346e-07
7734.0,-5.356111926257942e-07
7735.0,-5.377510360836572e-07
7736.0,-5.398011052070669e-07
7737.0,-5.417623172743575e-07
7738.0,-5.436355378514476e-07
7739.0,-5.454215726771052e-07
7740.0,-5.471211600719439e-07
7741.0,-5.487349639671645e-07
7742.0,-5.502635676355314e-07
7743.0,-5.517074681953179e-07
7744.0,-5.530670719475879e-07
7745.0,-5.543426905995416e-07
7746.0,-5.555345384229262e-07
7747.0,-5.566427303945492e-07
7748.0,-5.576672813626946e-07
7749.0,-5.586081062787615e-07
7750.0,-5.594650215297448e-07
7751.0,-5.602377474041537e-07
7752.0,-5.609259117178409e-07
7753.0,-5.615290546138628e-07
7754.0,-5.620466345337947e-07
7755.0,-5.624780353413299e-07
7756.0,-5.628225745631216e-07
7757.0,-5.630795126930692e-07
7758.0,-5.632480634813141e-07
7759.0,-5.633274050984621e-07
7760.0,-5.633166920325332e-07
7761.0,-5.632150675449235e-07
7762.0,-5.630216764842229e-07
7763.0,-5.62735678233265e-07
7764.0,-5.623562595466885e-07
7765.0,-5.618826470264978e-07
7766.0,-5.61314118984143e-07
7767.0,-5.606500164528113e-07
7768.0,-5.598897531476965e-07
7769.0,-5.590328242241747e-07
7770.0,-5.580788137434714e-07
7771.0,-5.570274008103869e-07
7772.0,-5.558783643910621e-07
7773.0,-5.546315868480773e-07
7774.0,-5.532870562477538e-07
7775.0,-5.518448675077605e-07
7776.0,-5.503052224678901e-07
7777.0,-5.486684289829e-07
7778.0,-5.469348991493191e-07
7779.0,-5.451051467839924e-07
7780.0,-5.431797842705977e-07
7781.0,-5.411595188846197e-07
7782.0,-5.390451486993601e-07
7783.0,-5.368375581642681e-07
7784.0,-5.345377134305658e-07
7785.0,-5.321466574778726e-07
7786.0,-5.296655050714036e-07
7787.0,-5.270954375575686e-07
7788.0,-5.244376974929681e-07
7789.0,-5.216935830994636e-07
7790.0,-5.188644425412741e-07
7791.0,-5.159516680234142e-07
7792.0,-5.129566897127211e-07
7793.0,-5.09880969484242e-07
7794.0,-5.067259944983585e-07
7795.0,-5.034932706189718e-07
7796.0,-5.001843156902899e-07
7797.0,-4.968006526963517e-07
7798.0,-4.933438028295711e-07
7799.0,-4.898152784923124e-07
7800.0,-4.862165762559609e-07
7801.0,-4.825491698129183e-07
7802.0,-4.788145029752058e-07
7803.0,-4.7501398278630477e-07
7804.0,-4.711489728138361e-07
7805.0,-4.672207866849993e-07
7806.0,-4.6323068192185024e-07
7807.0,-4.591798541306028e-07
7808.0,-4.550694315955209e-07
7809.0,-4.5090047032348406e-07
7810.0,-4.46673949582458e-07
7811.0,-4.4239076797674763e-07
7812.0,-4.380517401036374e-07
7813.0,-4.3365759384098395e-07
7814.0,-4.2920896832368335e-07
7815.0,-4.247064126738073e-07
7816.0,-4.2015038554791425e-07
7817.0,-4.1554125555398345e-07
7818.0,-4.108793025742306e-07
7819.0,-4.061647200145426e-07
7820.0,-4.013976179882564e-07
7821.0,-3.9657802742869366e-07
7822.0,-3.917059051074066e-07
7823.0,-3.867811395128793e-07
7824.0,-3.818035575206427e-07
7825.0,-3.767729317644064e-07
7826.0,-3.716889886020377e-07
7827.0,-3.665514165628886e-07
7828.0,-3.6135987516547384e-07
7829.0,-3.5611400400435e-07
7830.0,-3.508134320163197e-07
7831.0,-3.454577868431469e-07
7832.0,-3.400467042093504e-07
7833.0,-3.345798372323072e-07
7834.0,-3.290568655814427e-07
7835.0,-3.234775044048458e-07
7836.0,-3.1784151294480593e-07
7837.0,-3.1214870276875546e-07
7838.0,-3.063989455498896e-07
7839.0,-3.0059218034137353e-07
7840.0,-2.947284202951407e-07
7841.0,-2.888077587775781e-07
7842.0,-2.8283037483340994e-07
7843.0,-2.7679653795341555e-07
7844.0,-2.707066121143037e-07
7845.0,-2.6456105907513506e-07
7846.0,-2.58360440927195e-07
7847.0,-2.521054219018908e-07
7848.0,-2.457967694482136e-07
7849.0,-2.394353546010039e-07
7850.0,-2.330221516736342e-07
7851.0,-2.265582373223432e-07
7852.0,-2.2004478904283524e-07
7853.0,-2.134830831704449e-07
7854.0,-2.0687449245945348e-07
7855.0,-2.0022048331225775e-07
7856.0,-1.93522612715972e-07
7857.0,-1.8678252492793003e-07
7858.0,-1.8000194793946872e-07
7859.0,-1.7318268974367723e-07
7860.0,-1.6632663443554847e-07
7861.0,-1.5943573817462146e-07
7862.0,-1.5251202503412513e-07
7863.0,-1.455575827476528e-07
7864.0,-1.385745583511548e-07
7865.0,-1.31565153709877e-07
7866.0,-1.2453162091791893e-07
7867.0,-1.1747625756156044e-07
7868.0,-1.1040140184526263e-07
7869.0,-1.0330942758964762e-07
7870.0,-9.620273912178482e-08
7871.0,-8.908376608752805e-08
7872.0,-8.195495822120853e-08
7873.0,-7.481878010846897e-08
7874.0,-6.767770597413254e-08
7875.0,-6.053421452096345e-08
7876.0,-5.33907838384257e-08
7877.0,-4.624988639211076e-08
7878.0,-3.91139840936791e-08
7879.0,-3.1985523441375445e-08
7880.0,-2.4866930718047714e-08
7881.0,-1.7760607238662703e-08
7882.0,-1.0668924648784585e-08
7883.0,-3.5942202851638884e-09
7884.0,3.4612073821133346e-09
7885.0,1.0495103199988865e-08
7886.0,1.7505259645112664e-08
7887.0,2.448952096622579e-08
7888.0,3.144578712284905e-08
7889.0,3.8372017488556405e-08
7890.0,4.52662342918154e-08
7891.0,5.212652577451353e-08
7892.0,5.895104905668247e-08
7893.0,6.573803270385377e-08
7894.0,7.248577899957502e-08
7895.0,7.919266593052492e-08
7896.0,8.585714889686176e-08
7897.0,9.247776216605792e-08
7898.0,9.90531200931131e-08
7899.0,1.0558191813144135e-07
7900.0,1.1206293365482247e-07
7901.0,1.184950266022717e-07
7902.0,1.2487713994895808e-07
7903.0,1.3120830000244456e-07
7904.0,1.37487616525842e-07
7905.0,1.437142826952512e-07
7906.0,1.4988757490451357e-07
7907.0,1.5600685243343075e-07
7908.0,1.6207155699480131e-07
7909.0,1.6808121217047135e-07
7910.0,1.7403542273844126e-07
7911.0,1.799338738849024e-07
7912.0,1.857763302908715e-07
7913.0,1.9156263508583774e-07
7914.0,1.9729270866963642e-07
7915.0,2.0296654741386535e-07
7916.0,2.085842222607737e-07
7917.0,2.1414587723887202e-07
7918.0,2.196517279108699e-07
7919.0,2.2510205976088713e-07
7920.0,2.3049722651424985e-07
7921.0,2.3583764836764535e-07
7922.0,2.411238100961409e-07
7923.0,2.463562590016886e-07
7924.0,2.515356026752835e-07
7925.0,2.5666250655722307e-07
7926.0,2.6173769129137415e-07
7927.0,2.667619298765985e-07
7928.0,2.717360446207892e-07
7929.0,2.7666090390136295e-07
7930.0,2.815374187326564e-07
7931.0,2.863665391379603e-07
7932.0,2.9114925032400237e-07
7933.0,2.9588656865962244e-07
7934.0,3.0057953746760186e-07
7935.0,3.05229222646818e-07
7936.0,3.0983670814790757e-07
7937.0,3.1440309132673745e-07
7938.0,3.1892947819513804e-07
7939.0,3.2341697857947955e-07
7940.0,3.2786670118976114e-07
7941.0,3.3227974859954876e-07
7942.0,3.3665721214076845e-07
7943.0,3.410001667238109e-07
7944.0,3.453096655990311e-07
7945.0,3.4958673507889875e-07
7946.0,3.538323692415762e-07
7947.0,3.580475246382148e-07
7948.0,3.6223311502783414e-07
7949.0,3.6639000616417056e-07
7950.0,3.7051901065879207e-07
7951.0,3.746208829463229e-07
7952.0,3.786963143817667e-07
7953.0,3.827459285049409e-07
7954.0,3.8677027651045605e-07
7955.0,3.9076983296199736e-07
7956.0,3.9474499178636866e-07
7957.0,3.9869606257622465e-07
7958.0,4.026232672218669e-07
7959.0,4.065267368834237e-07
7960.0,4.1040650930670674e-07
7961.0,4.1426252648024715e-07
7962.0,4.180946326278612e-07
7963.0,4.219025725300651e-07
7964.0,4.256859901673406e-07
7965.0,4.294444276766337e-07
7966.0,4.3317732460895364e-07
7967.0,4.368840174729645e-07
7968.0,4.4056373955017144e-07
7969.0,4.442156209716425e-07
7970.0,4.478386890510473e-07
7971.0,4.5143186887174737e-07
7972.0,4.5499398412689885e-07
7973.0,4.5852375821156356e-07
7974.0,4.620198155643811e-07
7975.0,4.65480683253982e-07
7976.0,4.689047928041616e-07
7977.0,4.722904822537486e-07
7978.0,4.7563599845203674e-07
7979.0,4.789394995965958e-07
7980.0,4.821990580244653e-07
7981.0,4.854126632685657e-07
7982.0,4.885782253894035e-07
7983.0,4.916935785898461e-07
7984.0,4.947564851184829e-07
7985.0,4.97764639463537e-07
7986.0,5.007156728343757e-07
7987.0,5.036071579239524e-07
7988.0,5.064366139450594e-07
7989.0,5.09201511934863e-07
7990.0,5.118992803230101e-07
7991.0,5.145273107572327e-07
7992.0,5.170829641773125e-07
7993.0,5.19563577124425e-07
7994.0,5.21966468268736e-07
7995.0,5.242889451341936e-07
7996.0,5.265283109966454e-07
7997.0,5.286818719303518e-07
7998.0,5.30746943978117e-07
7999.0,5.3272086042061e-07
8000.0,5.346009791206497e-07
8001.0,5.363846899183695e-07
8002.0,5.380694220535275e-07
8003.0,5.396526515927043e-07
8004.0,5.411319088419234e-07
8005.0,5.425047857273739e-07
8006.0,5.437689431259859e-07
8007.0,5.449221181236485e-07
8008.0,5.45962131173807e-07
8009.0,5.468868931244549e-07
8010.0,5.476944120773725e-07
8011.0,5.48382800040535e-07
8012.0,5.48950279333772e-07
8013.0,5.493951887086198e-07
8014.0,5.497159891454691e-07
8015.0,5.499112692960635e-07
8016.0,5.499797505481896e-07
8017.0,5.499202917000205e-07
8018.0,5.497318932402875e-07
8019.0,5.494137012346195e-07
8020.0,5.489650108177231e-07
8021.0,5.48385269287321e-07
8022.0,5.476740787905704e-07
8023.0,5.468311985873246e-07
8024.0,5.458565468677131e-07
8025.0,5.447502020967772e-07
8026.0,5.435124038591429e-07
8027.0,5.421435531827866e-07
8028.0,5.406442123313756e-07
8029.0,5.390151040667989e-07
8030.0,5.372571103947535e-07
8031.0,5.353712708144105e-07
8032.0,5.333587800961713e-07
8033.0,5.312209856090778e-07
8034.0,5.28959384214655e-07
8035.0,5.265756187412548e-07
8036.0,5.240714740543307e-07
8037.0,5.214488727425343e-07
8038.0,5.187098704449806e-07
8039.0,5.158566508495445e-07
8040.0,5.128915203931706e-07
8041.0,5.098169026907552e-07
8042.0,5.066353327111513e-07
8043.0,5.033494507132631e-07
8044.0,4.999619959557833e-07
8045.0,4.964758001989421e-07
8046.0,4.928937810218545e-07
8047.0,4.892189349828428e-07
8048.0,4.854543306527143e-07
8049.0,4.816031015532171e-07
8050.0,4.776684390344049e-07
8051.0,4.7365358512348543e-07
8052.0,4.6956182537284874e-07
8053.0,4.6539648172846e-07
8054.0,4.6116090543556836e-07
8055.0,4.568584699986723e-07
8056.0,4.524925642150338e-07
8057.0,4.480665853023064e-07
8058.0,4.43583932139843e-07
8059.0,4.3904799864161517e-07
8060.0,4.344621672775315e-07
8061.0,4.2982980275857375e-07
8062.0,4.251542458995153e-07
8063.0,4.204388076718507e-07
8064.0,4.156867634579198e-07
8065.0,4.1090134751325964e-07
8066.0,4.0608574763879613e-07
8067.0,4.012431000598879e-07
8068.0,3.963764845061353e-07
8069.0,3.914889194840976e-07
8070.0,3.8658335773492524e-07
8071.0,3.8166268186988555e-07
8072.0,3.7672970017712897e-07
8073.0,3.7178714259183487e-07
8074.0,3.6683765681969654e-07
8075.0,3.6188380460160424e-07
8076.0,3.569280581061897e-07
8077.0,3.519727964372146e-07
8078.0,3.4702030224423044e-07
8079.0,3.4207275842595253e-07
8080.0,3.371322449157717e-07
8081.0,3.3220073553977735e-07
8082.0,3.2728009494176413e-07
8083.0,3.223720755758657e-07
8084.0,3.1747831477255824e-07
8085.0,3.126003318868203e-07
8086.0,3.077395255406549e-07
8087.0,3.028971709780206e-07
8088.0,2.9807441755632494e-07
8089.0,2.932722864006028e-07
8090.0,2.8849166824259217e-07
8091.0,2.8373332145934786e-07
8092.0,2.7899787031830185e-07
8093.0,2.7428580343038906e-07
8094.0,2.695974724106611e-07
8095.0,2.649330907450017e-07
8096.0,2.6029273286013736e-07
8097.0,2.5567633339290773e-07
8098.0,2.5108368665686243e-07
8099.0,2.4651444631089395e-07
8100.0,2.419681252429699e-07
8101.0,2.374440956885788e-07
8102.0,2.329415896074747e-07
8103.0,2.2845969934418815e-07
8104.0,2.239973785973451e-07
8105.0,2.1955344372065518e-07
8106.0,2.1512657537670442e-07
8107.0,2.107153205646215e-07
8108.0,2.0631809504283412e-07
8109.0,2.0193318616624784e-07
8110.0,1.975587561523647e-07
8111.0,1.9319284578361469e-07
8112.0,1.888333785451759e-07
8113.0,1.844781651915473e-07
8114.0,1.8012490873303027e-07
8115.0,1.7577120983400146e-07
8116.0,1.7141457261576348e-07
8117.0,1.6705241085628761e-07
8118.0,1.6268205457625696e-07
8119.0,1.5830075699400245e-07
8120.0,1.5390570182186175e-07
8121.0,1.4949401086716063e-07
8122.0,1.450627518959833e-07
8123.0,1.4060894671757524e-07
8124.0,1.3612957945034968e-07
8125.0,1.316216049362874e-07
8126.0,1.2708195727885418e-07
8127.0,1.225075584889353e-07
8128.0,1.178953272304259e-07
8129.0,1.1324218766021577e-07
8130.0,1.0854507835809923e-07
8131.0,1.0380096134276843e-07
8132.0,9.900683116974204e-08
8133.0,9.415972410401575e-08
8134.0,8.925672735572242e-08
8135.0,8.42949883653543e-08
8136.0,7.927172412754686e-08
8137.0,7.418423054477478e-08
8138.0,6.902989179971168e-08
8139.0,6.380618972820207e-08
8140.0,5.851071316867751e-08
8141.0,5.314116726133596e-08
8142.0,4.769538267090818e-08
8143.0,4.2171324709404994e-08
8144.0,3.656710233905936e-08
8145.0,3.088097703831741e-08
8146.0,2.511137151259664e-08
8147.0,1.9256878225581185e-08
8148.0,1.3316267715162756e-08
8149.0,7.2884966406287046e-09
8150.0,1.172715488139931e-09
8151.0,-5.0317241537053975e-09
8152.0,-1.1325262842881137e-08
8153.0,-1.7708127149306683e-08
8154.0,-2.4180324218751612e-08
8155.0,-3.074163710438739e-08
8156.0,-3.73916209206616e-08
8157.0,-4.412959985991477e-08
8158.0,-5.095466510016821e-08
8159.0,-5.786567362315478e-08
8160.0,-6.486124795233051e-08
8161.0,-7.193977680934324e-08
8162.0,-7.909941667607244e-08
8163.0,-8.633809424115204e-08
8164.0,-9.365350970596794e-08
8165.0,-1.010431409248926e-07
8166.0,-1.0850424835689813e-07
8167.0,-1.1603388080825028e-07
8168.0,-1.2362888194523063e-07
8169.0,-1.3128589755035926e-07
8170.0,-1.3900138348699387e-07
8171.0,-1.4677161432734675e-07
8172.0,-1.5459269258904125e-07
8173.0,-1.6246055851742336e-07
8174.0,-1.7037100034789288e-07
8175.0,-1.7831966498645655e-07
8176.0,-1.8630206905712587e-07
8177.0,-1.9431361027732186e-07
8178.0,-2.0234957912933859e-07
8179.0,-2.1040517079236718e-07
8180.0,-2.184754972895696e-07
8181.0,-2.2655559979681782e-07
8182.0,-2.3464046105840755e-07
8183.0,-2.4272501785867534e-07
8184.0,-2.5080417350345525e-07
8185.0,-2.5887281026858723e-07
8186.0,-2.6692580177261145e-07
8187.0,-2.7495802522845755e-07
8188.0,-2.829643735261496e-07
8189.0,-2.909397670953743e-07
8190.0,-2.988791654949221e-07
8191.0,-3.067775786806954e-07
8192.0,-3.1463007791695114e-07
8193.0,-3.224318063101976e-07
8194.0,-3.301779889535615e-07
8195.0,-3.3786394267060714e-07
8196.0,-3.4548508534680326e-07
8197.0,-3.530369448383163e-07
8198.0,-3.6051516745050765e-07
8199.0,-3.6791552597766353e-07
8200.0,-3.7523392728822605e-07
8201.0,-3.824664194291951e-07
8202.0,-3.896091982159516e-07
8203.0,-3.966586132741939e-07
8204.0,-4.036111735087265e-07
8205.0,-4.104635519847945e-07
8206.0,-4.17212590216765e-07
8207.0,-4.2385530186553086e-07
8208.0,-4.3038887585156344e-07
8209.0,-4.3681067889526335e-07
8210.0,-4.431182574997891e-07
8211.0,-4.493093393939642e-07
8212.0,-4.5538183445282326e-07
8213.0,-4.6133383510892336e-07
8214.0,-4.671636162599766e-07
8215.0,-4.728696346714951e-07
8216.0,-4.784505278698917e-07
8217.0,-4.839051125231532e-07
8218.0,-4.892323823129413e-07
8219.0,-4.944315053131357e-07
8220.0,-4.99501820904741e-07
8221.0,-5.044428362732422e-07
8222.0,-5.092542225470087e-07
8223.0,-5.139358106420749e-07
8224.0,-5.184875868817897e-07
8225.0,-5.229096884586502e-07
8226.0,-5.272023987947693e-07
8227.0,-5.313661428357607e-07
8228.0,-5.354014822869267e-07
8229.0,-5.393091107774556e-07
8230.0,-5.430898489204514e-07
8231.0,-5.467446392248062e-07
8232.0,-5.502745408110349e-07
8233.0,-5.536807238893734e-07
8234.0,-5.569644639741632e-07
8235.0,-5.601271358283266e-07
8236.0,-5.631702071481714e-07
8237.0,-5.660952320087869e-07
8238.0,-5.689038440960444e-07
8239.0,-5.71597749754583e-07
8240.0,-5.741787208809873e-07
8241.0,-5.766485876866381e-07
8242.0,-5.790092313469325e-07
8243.0,-5.812625765455003e-07
8244.0,-5.834105839166258e-07
8245.0,-5.854552423886659e-07
8246.0,-5.87398561436566e-07
8247.0,-5.892425632616087e-07
8248.0,-5.909892749282473e-07
8249.0,-5.926407204958162e-07
8250.0,-5.941989131822778e-07
8251.0,-5.95665847588979e-07
8252.0,-5.970434920057108e-07
8253.0,-5.983337808089516e-07
8254.0,-5.995386069635888e-07
8255.0,-6.006598146390742e-07
8256.0,-6.016991919553286e-07
8257.0,-6.026584638819565e-07
8258.0,-6.035392853242052e-07
8259.0,-6.043432344351318e-07
8260.0,-6.050718061899792e-07
8261.0,-6.057264062450742e-07
8262.0,-6.063083450853213e-07
8263.0,-6.068188324495051e-07
8264.0,-6.072589720159472e-07
8265.0,-6.076297563325846e-07
8266.0,-6.079320619829357e-07
8267.0,-6.081666449901433e-07
8268.0,-6.08334136473007e-07
8269.0,-6.084350385796096e-07
8270.0,-6.084697207357593e-07
8271.0,-6.084384162558761e-07
8272.0,-6.083412193702607e-07
8273.0,-6.081780827215688e-07
8274.0,-6.079488153730337e-07
8275.0,-6.076530813539738e-07
8276.0,-6.072903987507636e-07
8277.0,-6.068601393401201e-07
8278.0,-6.063615287594655e-07
8279.0,-6.057936472151328e-07
8280.0,-6.051554307394152e-07
8281.0,-6.044456730196154e-07
8282.0,-6.036630278363282e-07
8283.0,-6.028060121615979e-07
8284.0,-6.018730099734996e-07
8285.0,-6.008622768371751e-07
8286.0,-5.997719452856241e-07
8287.0,-5.986000310132642e-07
8288.0,-5.973444398778009e-07
8289.0,-5.960029756960728e-07
8290.0,-5.945733488182435e-07
8291.0,-5.93053185466806e-07
8292.0,-5.914400378252801e-07
8293.0,-5.897313948539087e-07
8294.0,-5.879246937985004e-07
8295.0,-5.86017332346399e-07
8296.0,-5.840066813709101e-07
8297.0,-5.818900981919021e-07
8298.0,-5.796649402662286e-07
8299.0,-5.773285792091925e-07
8300.0,-5.748784150389222e-07
8301.0,-5.723118905282328e-07
8302.0,-5.69626505541477e-07
8303.0,-5.668198312277219e-07
8304.0,-5.638895239389503e-07
8305.0,-5.608333387428632e-07
8306.0,-5.5764914240086e-07
8307.0,-5.543349256811817e-07
8308.0,-5.508888148789296e-07
8309.0,-5.47309082426509e-07
8310.0,-5.435941565063761e-07
8311.0,-5.397426296206565e-07
8312.0,-5.357532661154312e-07
8313.0,-5.316250086850284e-07
8314.0,-5.273569838887753e-07
8315.0,-5.229485067085254e-07
8316.0,-5.1839908417219e-07
8317.0,-5.137084180716898e-07
8318.0,-5.088764068092043e-07
8319.0,-5.039031464064525e-07
8320.0,-4.987889307062703e-07
8321.0,-4.935342507891563e-07
8322.0,-4.881397936259208e-07
8323.0,-4.82606439992067e-07
8324.0,-4.769352616757503e-07
8325.0,-4.7112751801481546e-07
8326.0,-4.651846517994609e-07
8327.0,-4.5910828457814187e-07
8328.0,-4.5290021140725303e-07
8329.0,-4.465623950908959e-07
8330.0,-4.400969599662134e-07
8331.0,-4.335061852994841e-07
8332.0,-4.267924983623323e-07
8333.0,-4.1995846725387484e-07
8334.0,-4.130067935280538e-07
8335.0,-4.059403046807065e-07
8336.0,-3.9876194654790657e-07
8337.0,-3.914747756624883e-07
8338.0,-3.8408195160692337e-07
8339.0,-3.765867293885772e-07
8340.0,-3.689924518528697e-07
8341.0,-3.6130254214677154e-07
8342.0,-3.53520496249938e-07
8343.0,-3.4564987559819664e-07
8344.0,-3.376942998276167e-07
8345.0,-3.2965743966420245e-07
8346.0,-3.2154300997641905e-07
8347.0,-3.133547629999606e-07
8348.0,-3.0509648174022727e-07
8349.0,-2.9677197355857507e-07
8350.0,-2.8838506395142943e-07
8351.0,-2.7993959053381165e-07
8352.0,-2.71439397239165e-07
8353.0,-2.628883287469146e-07
8354.0,-2.5429022515031225e-07
8355.0,-2.4564891687935744e-07
8356.0,-2.3696821989385633e-07
8357.0,-2.2825193115857707e-07
8358.0,-2.19503824407308e-07
8359.0,-2.1072764619610943e-07
8360.0,-2.019271122381697e-07
8361.0,-1.9310590400602032e-07
8362.0,-1.8426766558414134e-07
8363.0,-1.754160007542614e-07
8364.0,-1.6655447029364465e-07
8365.0,-1.576865894654265e-07
8366.0,-1.4881582568402244e-07
8367.0,-1.3994559634635115e-07
8368.0,-1.3107926682467992e-07
8369.0,-1.222201486166508e-07
8370.0,-1.1337149764654027e-07
8371.0,-1.045365127136871e-07
8372.0,-9.571833408863025e-08
8373.0,-8.692004226043852e-08
8374.0,-7.814465683744743e-08
8375.0,-6.939513559993333e-08
8376.0,-6.067437369994838e-08
8377.0,-5.198520300019592e-08
8378.0,-4.333039153839682e-08
8379.0,-3.47126430973365e-08
8380.0,-2.613459685799917e-08
8381.0,-1.7598827115595624e-08
8382.0,-9.107843042322442e-09
8383.0,-6.640884809233774e-10
8384.0,7.730058252817394e-09
8385.0,1.607228459040323e-08
8386.0,2.436034399511473e-08
8387.0,3.259205635774648e-08
8388.0,4.0765308550210196e-08
8389.0,4.887805517652099e-08
8390.0,5.692831954942388e-08
8391.0,6.491419490884307e-08
8392.0,7.283384588657649e-08
8393.0,8.068551020989861e-08
8394.0,8.846750062587252e-08
8395.0,9.617820701963101e-08
8396.0,1.0381609869369226e-07
8397.0,1.1137972677029782e-07
8398.0,1.1886772667320261e-07
8399.0,1.262788206381775e-07
8400.0,1.3361182019408355e-07
8401.0,1.4086562855279494e-07
8402.0,1.4803924284932269e-07
8403.0,1.5513175618152988e-07
8404.0,1.62142359407487e-07
8405.0,1.690703426651583e-07
8406.0,1.759150965841991e-07
8407.0,1.8267611316501772e-07
8408.0,1.893529863069618e-07
8409.0,1.9594541197461393e-07
8410.0,2.0245318799714999e-07
8411.0,2.0887621350089055e-07
8412.0,2.152144879817136e-07
8413.0,2.214681100324135e-07
8414.0,2.276372757477543e-07
8415.0,2.3372227683416938e-07
8416.0,2.3972349845190744e-07
8417.0,2.456414168164533e-07
8418.0,2.514765965840401e-07
8419.0,2.572296880435748e-07
8420.0,2.629014241351206e-07
8421.0,2.684926173124817e-07
8422.0,2.7400415626253377e-07
8423.0,2.7943700248720747e-07
8424.0,2.847921867489504e-07
8425.0,2.9007080537935483e-07
8426.0,2.952740164525273e-07
8427.0,3.0040303582840734e-07
8428.0,3.054591330758342e-07
8429.0,3.1044362728818003e-07
8430.0,3.153578828026264e-07
8431.0,3.2020330482789026e-07
8432.0,3.2498133497816615e-07
8433.0,3.296934467068341e-07
8434.0,3.343411406331523e-07
8435.0,3.389259397569299e-07
8436.0,3.434493845571595e-07
8437.0,3.479130279701698e-07
8438.0,3.5231843024352164e-07
8439.0,3.566671536656652e-07
8440.0,3.609607571770703e-07
8441.0,3.6520079087337585e-07
8442.0,3.693887904139977e-07
8443.0,3.735262713515035e-07
8444.0,3.776147233983784e-07
8445.0,3.816556046474891e-07
8446.0,3.8565033576022325e-07
8447.0,3.896002941339642e-07
8448.0,3.9350680806048016e-07
8449.0,3.9737115088878596e-07
8450.0,4.011945352088948e-07
8451.0,4.0497810707671586e-07
8452.0,4.0872294030529417e-07
8453.0,4.1243003085211165e-07
8454.0,4.1610029133509743e-07
8455.0,4.197345457124222e-07
8456.0,4.233335241641031e-07
8457.0,4.268978582153351e-07
8458.0,4.304280761399619e-07
8459.0,4.3392459867774586e-07
8460.0,4.373877350939225e-07
8461.0,4.40817679607108e-07
8462.0,4.4421450821293236e-07
8463.0,4.4757817593353813e-07
8464.0,4.509085145235936e-07
8465.0,4.542052306601871e-07
8466.0,4.574679046391776e-07
8467.0,4.606959895976812e-07
8468.0,4.638888112822119e-07
8469.0,4.670455683827745e-07
8470.0,4.7016533345273677e-07
8471.0,4.732470544308331e-07
8472.0,4.7628955677444256e-07
8473.0,4.792915462037017e-07
8474.0,4.822516120466953e-07
8475.0,4.851682311686609e-07
8476.0,4.88039772463351e-07
8477.0,4.908645018824346e-07
8478.0,4.936405879782776e-07
8479.0,4.963661079346339e-07
8480.0,4.990390540568522e-07
8481.0,5.016573406882127e-07
8482.0,5.042188115141053e-07
8483.0,5.067212472133232e-07
8484.0,5.091623734158643e-07
8485.0,5.115398689267457e-07
8486.0,5.138513741734469e-07
8487.0,5.160944998320457e-07
8488.0,5.18266835586766e-07
8489.0,5.203659589799022e-07
8490.0,5.223894443115859e-07
8491.0,5.243348715494741e-07
8492.0,5.261998352067679e-07
8493.0,5.279819531440716e-07
8494.0,5.296788752483989e-07
8495.0,5.312882919426326e-07
8496.0,5.328079424810048e-07
8497.0,5.34235622990151e-07
8498.0,5.355691942206128e-07
8499.0,5.368065889798476e-07
8500.0,5.379458192242465e-07
8501.0,5.389849827940519e-07
8502.0,5.39922269781253e-07
8503.0,5.407559685262064e-07
8504.0,5.41484471243345e-07
8505.0,5.421062792798601e-07
8506.0,5.426200080142209e-07
8507.0,5.430243914042285e-07
8508.0,5.433182861968653e-07
8509.0,5.435006758141374e-07
8510.0,5.435706739296079e-07
8511.0,5.435275277486416e-07
8512.0,5.433706210021021e-07
8513.0,5.430994766590775e-07
8514.0,5.427137593586605e-07
8515.0,5.42213277553716e-07
8516.0,5.415979853522431e-07
8517.0,5.408679840352661e-07
8518.0,5.400235232242691e-07
8519.0,5.390650016668096e-07
8520.0,5.379929676074916e-07
8521.0,5.368081187136906e-07
8522.0,5.355113015308411e-07
8523.0,5.341035104486825e-07
8524.0,5.32585886164925e-07
8525.0,5.309597136357662e-07
8526.0,5.292264195051193e-07
8527.0,5.273875690070967e-07
8528.0,5.25444862338632e-07
8529.0,5.234001305016363e-07
8530.0,5.21255330619004e-07
8531.0,5.190125407373905e-07
8532.0,5.166739541401699e-07
8533.0,5.142418732028246e-07
8534.0,5.117187028280168e-07
8535.0,5.091069434992713e-07
8536.0,5.064091839926583e-07
8537.0,5.03628093787224e-07
8538.0,5.007664152181452e-07
8539.0,4.978269554207747e-07
8540.0,4.948125781167037e-07
8541.0,4.917261952928324e-07
8542.0,4.885707588207806e-07
8543.0,4.853492520576262e-07
8544.0,4.820646814612423e-07
8545.0,4.787200682451224e-07
8546.0,4.75318440088498e-07
8547.0,4.7186282290829266e-07
8548.0,4.6835623269196195e-07
8549.0,4.648016673865637e-07
8550.0,4.612020988398181e-07
8551.0,4.575604647923592e-07
8552.0,4.538796609251027e-07
8553.0,4.501625329693012e-07
8554.0,4.464118688877668e-07
8555.0,4.426303911351332e-07
8556.0,4.388207490067988e-07
8557.0,4.349855110926881e-07
8558.0,4.311271578599414e-07
8559.0,4.2724807439209946e-07
8560.0,4.233505433093429e-07
8561.0,4.1943673788835447e-07
8562.0,4.155087153957904e-07
8563.0,4.115684106482193e-07
8564.0,4.0761762981307177e-07
8565.0,4.0365804446785394e-07
8566.0,3.9969118593832913e-07
8567.0,3.9571843994219355e-07
8568.0,3.9174104157370415e-07
8569.0,3.877600706747728e-07
8570.0,3.8377644764564836e-07
8571.0,3.797909297505142e-07
8572.0,3.7580410796994504e-07
8573.0,3.71816404446555e-07
8574.0,3.678280705667562e-07
8575.0,3.638391857222065e-07
8576.0,3.598496567973138e-07
8577.0,3.55859218429874e-07
8578.0,3.5186743408742973e-07
8579.0,3.478736979927141e-07
8580.0,3.438772379198596e-07
8581.0,3.3987711887012976e-07
8582.0,3.3587224762296446e-07
8583.0,3.3186137814740716e-07
8584.0,3.278431178508434e-07
8585.0,3.2381593463334127e-07
8586.0,3.1977816470468036e-07
8587.0,3.1572802110961644e-07
8588.0,3.1166360289821064e-07
8589.0,3.0758290487240593e-07
8590.0,3.034838278363401e-07
8591.0,2.993641892767478e-07
8592.0,2.9522173440264284e-07
8593.0,2.910541474794346e-07
8594.0,2.8685906339813376e-07
8595.0,2.826340794219458e-07
8596.0,2.783767670498859e-07
8597.0,2.74084683932468e-07
8598.0,2.6975538577108833e-07
8599.0,2.6538643813227755e-07
8600.0,2.609754281102449e-07
8601.0,2.565199757740578e-07
8602.0,2.520177453377507e-07
8603.0,2.4746645599315374e-07
8604.0,2.4286389234784983e-07
8605.0,2.382079144144699e-07
8606.0,2.3349646710133054e-07
8607.0,2.2872758915827141e-07
8608.0,2.2389942153709812e-07
8609.0,2.1901021513408133e-07
8610.0,2.1405833789095134e-07
8611.0,2.0904228123765014e-07
8612.0,2.0396066586252104e-07
8613.0,1.9881224679440971e-07
8614.0,1.9359591777963993e-07
8615.0,1.8831071493890655e-07
8616.0,1.8295581969759192e-07
8617.0,1.7753056099710542e-07
8618.0,1.720344168095915e-07
8619.0,1.6646701498948372e-07
8620.0,1.6082813350357442e-07
8621.0,1.5511770008848453e-07
8622.0,1.4933579138866736e-07
8623.0,1.4348263162556695e-07
8624.0,1.3755859083993713e-07
8625.0,1.3156418274056008e-07
8626.0,1.2550006218878116e-07
8627.0,1.193670223487693e-07
8628.0,1.1316599153478814e-07
8629.0,1.0689802978808462e-07
8630.0,1.0056432521806298e-07
8631.0,9.416619014409494e-08
8632.0,8.770505707353299e-08
8633.0,8.118247454794706e-08
8634.0,7.460010288388586e-08
8635.0,6.7959709827155e-08
8636.0,6.126316613350251e-08
8637.0,5.4512441087610646e-08
8638.0,4.7709597975704944e-08
8639.0,4.085678952899686e-08
8640.0,3.39562533511908e-08
8641.0,2.7010307334675082e-08
8642.0,2.0021345061590252e-08
8643.0,1.2991831182060954e-08
8644.0,5.924296763754133e-09
8645.0,-1.1786653880656724e-09
8646.0,-8.314405436724329e-09
8647.0,-1.5480221241382775e-08
8648.0,-2.2673363098086416e-08
8649.0,-2.9891038483344044e-08
8650.0,-3.713041678440676e-08
8651.0,-4.438863399771829e-08
8652.0,-5.166279737723868e-08
8653.0,-5.8949990018226295e-08
8654.0,-6.62472753701523e-08
8655.0,-7.355170168290993e-08
8656.0,-8.086030639887903e-08
8657.0,-8.817012050619085e-08
8658.0,-9.547817286682074e-08
8659.0,-1.027814945315921e-07
8660.0,-1.100771230556344e-07
8661.0,-1.1736210683035741e-07
8662.0,-1.2463350944847117e-07
8663.0,-1.3188841411649738e-07
8664.0,-1.3912392812479524e-07
8665.0,-1.4633718737695008e-07
8666.0,-1.535253609687796e-07
8667.0,-1.6068565579631524e-07
8668.0,-1.678153211654862e-07
8669.0,-1.749116533740182e-07
8670.0,-1.8197200023738856e-07
8671.0,-1.8899376553481586e-07
8672.0,-1.9597441335669473e-07
8673.0,-2.029114723401963e-07
8674.0,-2.098025397845612e-07
8675.0,-2.166452856417207e-07
8676.0,-2.2343745638117714e-07
8677.0,-2.3017687873066218e-07
8678.0,-2.3686146329529795e-07
8679.0,-2.434892080564175e-07
8680.0,-2.500582017458533e-07
8681.0,-2.5656662708315536e-07
8682.0,-2.6301276385557976e-07
8683.0,-2.6939499181818306e-07
8684.0,-2.7571179339372687e-07
8685.0,-2.819617561541792e-07
8686.0,-2.8814357506340225e-07
8687.0,-2.942560544549488e-07
8688.0,-3.0029810971262664e-07
8689.0,-3.062687686159994e-07
8690.0,-3.121671723084188e-07
8691.0,-3.179925758429024e-07
8692.0,-3.237443482629473e-07
8693.0,-3.294219721799629e-07
8694.0,-3.350250428138098e-07
8695.0,-3.405532664688275e-07
8696.0,-3.4600645842709045e-07
8697.0,-3.5138454025210413e-07
8698.0,-3.5668753650651205e-07
8699.0,-3.6191557089640006e-07
8700.0,-3.670688618639953e-07
8701.0,-3.721477176592965e-07
8702.0,-3.7715253092653057e-07
8703.0,-3.820837728420068e-07
8704.0,-3.8694198683868464e-07
8705.0,-3.9172778195378877e-07
8706.0,-3.9644182584030266e-07
8707.0,-4.0108483748885e-07
8708.0,-4.056575797096555e-07
8709.0,-4.101608514220991e-07
8710.0,-4.145954797921862e-07
8711.0,-4.1896231225025637e-07
8712.0,-4.2326220841690015e-07
8713.0,-4.2749603196506295e-07
8714.0,-4.316646424480344e-07
8715.0,-4.3576888712366885e-07
8716.0,-4.398095928045586e-07
8717.0,-4.4378755776432845e-07
8718.0,-4.477035437332935e-07
8719.0,-4.5155826802087425e-07
8720.0,-4.5535239580504517e-07
8721.0,-4.590865326307022e-07
8722.0,-4.6276121716073744e-07
8723.0,-4.6637691422568097e-07
8724.0,-4.699340082171297e-07
8725.0,-4.7343279686439474e-07
8726.0,-4.768734854244345e-07
8727.0,-4.802561813062411e-07
8728.0,-4.835808891445501e-07
8729.0,-4.868475063332076e-07
8730.0,-4.900558190239026e-07
8731.0,-4.932054985905272e-07
8732.0,-4.962960985556213e-07
8733.0,-4.993270519784537e-07
8734.0,-5.022976693160288e-07
8735.0,-5.052071367822302e-07
8736.0,-5.080545152374328e-07
8737.0,-5.108387396383544e-07
8738.0,-5.135586190697214e-07
8739.0,-5.162128373718503e-07
8740.0,-5.187999543756355e-07
8741.0,-5.213184077580736e-07
8742.0,-5.237665155327962e-07
8743.0,-5.261424791866642e-07
8744.0,-5.284443874652258e-07
8745.0,-5.306702208012117e-07
8746.0,-5.328178563752812e-07
8747.0,-5.348850737961701e-07
8748.0,-5.368695613850303e-07
8749.0,-5.387689230454287e-07
8750.0,-5.405806856978795e-07
8751.0,-5.42302307255814e-07
8752.0,-5.439311851161222e-07
8753.0,-5.454646651305171e-07
8754.0,-5.46900051015439e-07
8755.0,-5.482346141504143e-07
8756.0,-5.494656037085113e-07
8757.0,-5.505902570570449e-07
8758.0,-5.516058103620113e-07
8759.0,-5.52509509327591e-07
8760.0,-5.532986200042283e-07
8761.0,-5.539704396060492e-07
8762.0,-5.545223072897546e-07
8763.0,-5.549516148583464e-07
8764.0,-5.55255817358376e-07
8765.0,-5.554324435369124e-07
8766.0,-5.55479106117424e-07
8767.0,-5.553935118465882e-07
8768.0,-5.551734712583921e-07
8769.0,-5.548169080970339e-07
8770.0,-5.543218683354636e-07
8771.0,-5.53686528722032e-07
8772.0,-5.529092047838349e-07
8773.0,-5.519883582134062e-07
8774.0,-5.5092260356897e-07
8775.0,-5.497107142294874e-07
8776.0,-5.483516275604892e-07
8777.0,-5.46844449258356e-07
8778.0,-5.451884568467155e-07
8779.0,-5.433831023042998e-07
8780.0,-5.414280138170127e-07
8781.0,-5.393229966695807e-07
8782.0,-5.370680333170757e-07
8783.0,-5.346632826954896e-07
8784.0,-5.32109078840327e-07
8785.0,-5.29405928884204e-07
8786.0,-5.265545105014574e-07
8787.0,-5.235556688622796e-07
8788.0,-5.204104131520601e-07
8789.0,-5.171199127031772e-07
8790.0,-5.136854927761644e-07
8791.0,-5.10108630016244e-07
8792.0,-5.063909476024048e-07
8793.0,-5.025342101021304e-07
8794.0,-4.985403180458503e-07
8795.0,-4.944113022387904e-07
8796.0,-4.901493178312611e-07
8797.0,-4.857566381698179e-07
8798.0,-4.812356484503852e-07
8799.0,-4.765888391903608e-07
8800.0,-4.718187995315359e-07
8801.0,-4.669282103823992e-07
8802.0,-4.619198374088541e-07
8803.0,-4.5679652388567475e-07
8804.0,-4.515611834262884e-07
8805.0,-4.4621679261648036e-07
8806.0,-4.407663835879142e-07
8807.0,-4.3521303657626086e-07
8808.0,-4.295598725130337e-07
8809.0,-4.2381004570133665e-07
8810.0,-4.1796673662707707e-07
8811.0,-4.120331449585197e-07
8812.0,-4.0601248278518035e-07
8813.0,-3.9990796814089385e-07
8814.0,-3.937228188472469e-07
8815.0,-3.8746024670393583e-07
8816.0,-3.8112345204160143e-07
8817.0,-3.747156186397994e-07
8818.0,-3.682399090000407e-07
8819.0,-3.6169945995536604e-07
8820.0,-3.5509737859595736e-07
8821.0,-3.484367384925285e-07
8822.0,-3.417205762013622e-07
8823.0,-3.349518880348513e-07
8824.0,-3.2813362708064504e-07
8825.0,-3.2126870045322516e-07
8826.0,-3.1435996676372816e-07
8827.0,-3.0741023379367185e-07
8828.0,-3.004222563535077e-07
8829.0,-2.933987343005745e-07
8830.0,-2.8634231068880044e-07
8831.0,-2.792555700260761e-07
8832.0,-2.72141036620997e-07
8833.0,-2.65001173005265e-07
8834.0,-2.5783837842243384e-07
8835.0,-2.506549873807536e-07
8836.0,-2.4345326827731464e-07
8837.0,-2.3623542210784545e-07
8838.0,-2.2900358127714631e-07
8839.0,-2.21759808520778e-07
8840.0,-2.145060959453243e-07
8841.0,-2.0724436419639102e-07
8842.0,-1.999764617691792e-07
8843.0,-1.927041644821482e-07
8844.0,-1.8542917513760054e-07
8845.0,-1.7815312339379019e-07
8846.0,-1.7087756587200484e-07
8847.0,-1.6360398651924625e-07
8848.0,-1.5633379724206744e-07
8849.0,-1.490683388196875e-07
8850.0,-1.4180888209636563e-07
8851.0,-1.345566294467596e-07
8852.0,-1.273127165054201e-07
8853.0,-1.200782141528376e-07
8854.0,-1.1285413075335042e-07
8855.0,-1.0564141464105061e-07
8856.0,-9.844095684717266e-08
8857.0,-9.125359405944746e-08
8858.0,-8.408011180483443e-08
8859.0,-7.692124785222436e-08
8860.0,-6.977769583753372e-08
8861.0,-6.265010911708057e-08
8862.0,-5.5539104856472056e-08
8863.0,-4.844526836282143e-08
8864.0,-4.136915766728011e-08
8865.0,-3.431130836058407e-08
8866.0,-2.727223867692165e-08
8867.0,-2.02524548140233e-08
8868.0,-1.3252456471808606e-08
8869.0,-6.272742586666993e-09
8870.0,6.86182769237612e-10
8871.0,7.623804364931248e-09
8872.0,1.4539589716881055e-08
8873.0,2.143298298853199e-08
8874.0,2.830339895765733e-08
8875.0,3.5150217136594743e-08
8876.0,4.197277613863723e-08
8877.0,4.877036838535154e-08
8878.0,5.554223524228042e-08
8879.0,6.228756265663435e-08
8880.0,6.900547735464903e-08
8881.0,7.569504364176556e-08
8882.0,8.235526083721082e-08
8883.0,8.898506136645283e-08
8884.0,9.558330952948858e-08
8885.0,1.0214880095719865e-07
8886.0,1.0868026276029586e-07
8887.0,1.1517635436818787e-07
8888.0,1.2163566905273832e-07
8889.0,1.2805673613612276e-07
8890.0,1.3443802389000185e-07
8891.0,1.407779431389886e-07
8892.0,1.4707485157952896e-07
8893.0,1.533270588159658e-07
8894.0,1.5953283210316634e-07
8895.0,1.6569040277266517e-07
8896.0,1.7179797330605423e-07
8897.0,1.778537250038699e-07
8898.0,1.8385582618171152e-07
8899.0,1.8980244081155614e-07
8900.0,1.9569173751849468e-07
8901.0,2.0152189884182126e-07
8902.0,2.07291130672519e-07
8903.0,2.1299767178445027e-07
8904.0,2.1863980338275958e-07
8905.0,2.2421585859873346e-07
8906.0,2.2972423186308059e-07
8907.0,2.351633880880884e-07
8908.0,2.405318715855696e-07
8909.0,2.4582831464455845e-07
8910.0,2.5105144569045125e-07
8911.0,2.5620009694593766e-07
8912.0,2.612732115165402e-07
8913.0,2.662698498329215e-07
8914.0,2.7118919539838863e-07
8915.0,2.760305598100956e-07
8916.0,2.8079338704172423e-07
8917.0,2.8547725698990897e-07
8918.0,2.9008188829473626e-07
8919.0,2.946071404472896e-07
8920.0,2.990530151963412e-07
8921.0,3.03419657263405e-07
8922.0,3.077073543723561e-07
8923.0,3.119165365992149e-07
8924.0,3.16047775050568e-07
8925.0,3.201017798838308e-07
8926.0,3.2407939768597457e-07
8927.0,3.279816082274177e-07
8928.0,3.318095206054218e-07
8929.0,3.3556436878907793e-07
8930.0,3.392475065774981e-07
8931.0,3.428604019842059e-07
8932.0,3.464046310632062e-07
8933.0,3.4988187119522306e-07
8934.0,3.5329389385689765e-07
8935.0,3.5664255690278847e-07
8936.0,3.599297963993281e-07
8937.0,3.631576180580966e-07
8938.0,3.6632808831873693e-07
8939.0,3.6944332512727225e-07
8940.0,3.7250548844521707e-07
8941.0,3.7551677051438394e-07
8942.0,3.784793858972267e-07
8943.0,3.813955613141917e-07
8944.0,3.8426752530551436e-07
8945.0,3.8709749775289883e-07
8946.0,3.8988767930552383e-07
8947.0,3.926402407638878e-07
8948.0,3.9535731248263726e-07
8949.0,3.9804097385841603e-07
8950.0,4.006932429703754e-07
8951.0,4.033160664388113e-07
8952.0,4.059113095605689e-07
8953.0,4.084807467686777e-07
8954.0,4.110260524514876e-07
8955.0,4.1354879215813576e-07
8956.0,4.16050414214788e-07
8957.0,4.1853224177801337e-07
8958.0,4.2099546535415844e-07
8959.0,4.234411358136807e-07
8960.0,4.258701579260926e-07
8961.0,4.2828328443596015e-07
8962.0,4.30681110696563e-07
8963.0,4.330640698776778e-07
8964.0,4.354324287667251e-07
8965.0,4.377862841858796e-07
8966.0,4.401255600503343e-07
8967.0,4.4245000509430517e-07
8968.0,4.447591912905653e-07
8969.0,4.4705251298504233e-07
8970.0,4.493291867609642e-07
8971.0,4.51588252040486e-07
8972.0,4.538285724285675e-07
8973.0,4.560488378039813e-07
8974.0,4.582475671638894e-07
8975.0,4.6042311222976717e-07
8976.0,4.625736618217527e-07
8977.0,4.646972470038737e-07
8978.0,4.667917469936198e-07
8979.0,4.688548958177047e-07
8980.0,4.7088428968431314e-07
8981.0,4.728773950321676e-07
8982.0,4.7483155720771017e-07
8983.0,4.767440097125434e-07
8984.0,4.786118839545548e-07
8985.0,4.804322194293303e-07
8986.0,4.822019742546186e-07
8987.0,4.839180359806017e-07
8988.0,4.855772326029779e-07
8989.0,4.87176343712757e-07
8990.0,4.887121117227693e-07
8991.0,4.901812531143846e-07
8992.0,4.91580469650922e-07
8993.0,4.929064595104869e-07
8994.0,4.941559283012344e-07
8995.0,4.953255999326044e-07
8996.0,4.964122273221635e-07
8997.0,4.97412602918231e-07
8998.0,4.98323569016608e-07
8999.0,4.991420278487248e-07
9000.0,4.998649514187651e-07
9001.0,5.004893910682769e-07
9002.0,5.010124867486379e-07
9003.0,5.014314759839866e-07
9004.0,5.017437025083976e-07
9005.0,5.019466245604766e-07
9006.0,5.020378228162166e-07
9007.0,5.020150079367927e-07
9008.0,5.018760277019938e-07
9009.0,5.016188736931045e-07
9010.0,5.012416874830837e-07
9011.0,5.007427662883097e-07
9012.0,5.001205680356898e-07
9013.0,4.993737158026904e-07
9014.0,4.985010015968839e-07
9015.0,4.975013894546872e-07
9016.0,4.963740178529127e-07
9017.0,4.951182014391336e-07
9018.0,4.937334320968051e-07
9019.0,4.922193793680492e-07
9020.0,4.905758902605364e-07
9021.0,4.888029884654232e-07
9022.0,4.86900873012887e-07
9023.0,4.848699163929887e-07
9024.0,4.82710662173012e-07
9025.0,4.804238221461484e-07
9026.0,4.780102730484324e-07
9027.0,4.754710528808527e-07
9028.0,4.728073568720769e-07
9029.0,4.700205331149193e-07
9030.0,4.6711207790818663e-07
9031.0,4.640836308367336e-07
9032.0,4.609369696263973e-07
9033.0,4.576740048140611e-07
9034.0,4.542967742729103e-07
9035.0,4.508074376277467e-07
9036.0,4.472082705867372e-07
9037.0,4.4350165920712677e-07
9038.0,4.396900941051466e-07
9039.0,4.3577616461423215e-07
9040.0,4.3176255288943525e-07
9041.0,4.2765202794953107e-07
9042.0,4.2344743964289845e-07
9043.0,4.191517125191464e-07
9044.0,4.1476783958517086e-07
9045.0,4.102988759219517e-07
9046.0,4.0574793213745847e-07
9047.0,4.011181676316025e-07
9048.0,3.96412783651495e-07
9049.0,3.9163501612062687e-07
9050.0,3.8678812823484896e-07
9051.0,3.8187540282917106e-07
9052.0,3.769001345287828e-07
9053.0,3.718656217042852e-07
9054.0,3.667751582568765e-07
9055.0,3.6163202526485484e-07
9056.0,3.564394825260878e-07
9057.0,3.5120076003032666e-07
9058.0,3.459190493918077e-07
9059.0,3.4059749526997347e-07
9060.0,3.352391868069754e-07
9061.0,3.298471491146866e-07
9062.0,3.2442433484899366e-07
9063.0,3.1897361591333566e-07
9064.0,3.1349777533717943e-07
9065.0,3.079994993796046e-07
9066.0,3.02481369912939e-07
9067.0,2.969458571436456e-07
9068.0,2.913953127247837e-07
9069.0,2.8583196330678616e-07
9070.0,2.802579045650162e-07
9071.0,2.7467509573829453e-07
9072.0,2.690853547133423e-07
9073.0,2.634903536922427e-07
9074.0,2.578916154789622e-07
9075.0,2.5229051041529516e-07
9076.0,2.466882539885825e-07
9077.0,2.4108590512643133e-07
9078.0,2.3548436518880946e-07
9079.0,2.2988437766443013e-07
9080.0,2.2428652857443785e-07
9081.0,2.186912475806879e-07
9082.0,2.130988097883315e-07
9083.0,2.0750933822395603e-07
9084.0,2.0192280696223677e-07
9085.0,1.9633904486684838e-07
9086.0,1.9075773990672487e-07
9087.0,1.851784440085037e-07
9088.0,1.79600578410628e-07
9089.0,1.7402343949175729e-07
9090.0,1.6844620505198858e-07
9091.0,1.6286794102748886e-07
9092.0,1.5728760861757729e-07
9093.0,1.5170407179937248e-07
9094.0,1.46116105200437e-07
9095.0,1.405224022960456e-07
9096.0,1.3492158389501844e-07
9097.0,1.2931220687502563e-07
9098.0,1.2369277312438427e-07
9099.0,1.1806173864431021e-07
9100.0,1.1241752276478367e-07
9101.0,1.0675851742799474e-07
9102.0,1.0108309649430223e-07
9103.0,9.538962502660411e-08
9104.0,8.967646851149894e-08
9105.0,8.394200198074192e-08
9106.0,7.818461900329327e-08
9107.0,7.240274052462883e-08
9108.0,6.65948235340752e-08
9109.0,6.075936954153819e-08
9110.0,5.4894932842452015e-08
9111.0,4.9000128546252993e-08
9112.0,4.3073640341284844e-08
9113.0,3.711422796830009e-08
9114.0,3.112073437549462e-08
9115.0,2.509209253044905e-08
9116.0,1.9027331868000757e-08
9117.0,1.2925584356290293e-08
9118.0,6.786090164959297e-09
9119.0,6.082029207728227e-10
9120.0,-5.608605461636401e-09
9121.0,-1.186474038272881e-08
9122.0,-1.81604806005954e-08
9123.0,-2.4495974717929133e-08
9124.0,-3.0871238119286765e-08
9125.0,-3.728615036653815e-08
9126.0,-4.374045306284926e-08
9127.0,-5.023374819856407e-08
9128.0,-5.676549699553817e-08
9129.0,-6.333501926815617e-08
9130.0,-6.994149331864078e-08
9131.0,-7.65839563832741e-08
9132.0,-8.326130564663299e-08
9133.0,-8.997229984078644e-08
9134.0,-9.671556144126214e-08
9135.0,-1.0348957946039428e-07
9136.0,-1.1029271282524978e-07
9137.0,-1.1712319431650823e-07
9138.0,-1.2397913503899109e-07
9139.0,-1.3085852939432844e-07
9140.0,-1.3775926053010691e-07
9141.0,-1.4467910624482173e-07
9142.0,-1.5161574533116357e-07
9143.0,-1.585667643398646e-07
9144.0,-1.65529664741566e-07
9145.0,-1.7250187045497972e-07
9146.0,-1.7948073569831946e-07
9147.0,-1.8646355311202806e-07
9148.0,-1.9344756209741723e-07
9149.0,-2.0042995731637372e-07
9150.0,-2.0740789729712984e-07
9151.0,-2.1437851308812692e-07
9152.0,-2.2133891689865747e-07
9153.0,-2.2828621066457824e-07
9154.0,-2.35217494480537e-07
9155.0,-2.421298748456599e-07
9156.0,-2.490204726771509e-07
9157.0,-2.5588643105574305e-07
9158.0,-2.627249226761462e-07
9159.0,-2.6953315698043245e-07
9160.0,-2.763083869513235e-07
9161.0,-2.83047915539388e-07
9162.0,-2.897491016980326e-07
9163.0,-2.964093660037225e-07
9164.0,-3.0302619584331505e-07
9165.0,-3.095971501524433e-07
9166.0,-3.161198636873625e-07
9167.0,-3.2259205080907587e-07
9168.0,-3.2901150875545976e-07
9169.0,-3.35376120376409e-07
9170.0,-3.416838563096084e-07
9171.0,-3.4793277658048574e-07
9172.0,-3.5412103161845415e-07
9173.0,-3.602468626908303e-07
9174.0,-3.6630860176268685e-07
9175.0,-3.723046707933142e-07
9176.0,-3.7823358047968697e-07
9177.0,-3.8409392845849687e-07
9178.0,-3.8988439698270365e-07
9179.0,-3.9560375009431396e-07
9180.0,-4.012508303203488e-07
9181.0,-4.068245549245794e-07
9182.0,-4.1232391175513895e-07
9183.0,-4.177479547364418e-07
9184.0,-4.230957990600354e-07
9185.0,-4.2836661613196315e-07
9186.0,-4.335596283355753e-07
9187.0,-4.3867410366993297e-07
9188.0,-4.437093503243709e-07
9189.0,-4.4866471124842384e-07
9190.0,-4.5353955877433614e-07
9191.0,-4.583332893496148e-07
9192.0,-4.6304531844036805e-07
9193.0,-4.676750756684906e-07
9194.0,-4.722220002421543e-07
9195.0,-4.766855367304487e-07
9196.0,-4.810651312258708e-07
9197.0,-4.85360227936838e-07
9198.0,-4.895702662536368e-07
9199.0,-4.936946783298075e-07
9200.0,-4.977328872152479e-07
9201.0,-5.016843055696251e-07
9202.0,-5.055483349769558e-07
9203.0,-5.093243658739264e-07
9204.0,-5.130117780945137e-07
9205.0,-5.166099420217683e-07
9206.0,-5.201182203251242e-07
9207.0,-5.235359702492837e-07
9208.0,-5.268625464093882e-07
9209.0,-5.300973040363006e-07
9210.0,-5.332396026029165e-07
9211.0,-5.362888097456762e-07
9212.0,-5.39244305377463e-07
9213.0,-5.421054858751563e-07
9214.0,-5.448717682219494e-07
9215.0,-5.475425939904003e-07
9216.0,-5.501174330624001e-07
9217.0,-5.525957869924916e-07
9218.0,-5.549771919299053e-07
9219.0,-5.572612210238812e-07
9220.0,-5.59447486249393e-07
9221.0,-5.615356396095894e-07
9222.0,-5.635253736981001e-07
9223.0,-5.65416421634065e-07
9224.0,-5.672085564071014e-07
9225.0,-5.689015896846392e-07
9226.0,-5.704953701431753e-07
9227.0,-5.719897813918756e-07
9228.0,-5.733847395625731e-07
9229.0,-5.746801906442589e-07
9230.0,-5.758761076427819e-07
9231.0,-5.769724876481094e-07
9232.0,-5.779693488916757e-07
9233.0,-5.788667278724946e-07
9234.0,-5.796646766199404e-07
9235.0,-5.80363260143892e-07
9236.0,-5.809625541037401e-07
9237.0,-5.814626427118356e-07
9238.0,-5.818636168772462e-07
9239.0,-5.82165572591331e-07
9240.0,-5.823686095541866e-07
9241.0,-5.824728300381968e-07
9242.0,-5.824783379828732e-07
9243.0,-5.82385238316364e-07
9244.0,-5.82193636503806e-07
9245.0,-5.819036383284181e-07
9246.0,-5.815153499135544e-07
9247.0,-5.810288779899848e-07
9248.0,-5.804443304044568e-07
9249.0,-5.797618168594341e-07
9250.0,-5.78981449875139e-07
9251.0,-5.781033459735825e-07
9252.0,-5.771276270956881e-07
9253.0,-5.76054422271998e-07
9254.0,-5.748838695712233e-07
9255.0,-5.736161183475482e-07
9256.0,-5.722513317988914e-07
9257.0,-5.707896898381734e-07
9258.0,-5.692313922702632e-07
9259.0,-5.675766622587922e-07
9260.0,-5.658257500592418e-07
9261.0,-5.639789369868506e-07
9262.0,-5.62036539578105e-07
9263.0,-5.599989138919006e-07
9264.0,-5.578664598821472e-07
9265.0,-5.556396257604567e-07
9266.0,-5.533189122597514e-07
9267.0,-5.50904876710945e-07
9268.0,-5.48398136854729e-07
9269.0,-5.457993743236155e-07
9270.0,-5.431093377411797e-07
9271.0,-5.403288453956542e-07
9272.0,-5.374587874549836e-07
9273.0,-5.345001277005812e-07
9274.0,-5.314539047674146e-07
9275.0,-5.283212328881249e-07
9276.0,-5.251033021469552e-07
9277.0,-5.218013782544312e-07
9278.0,-5.184168018569903e-07
9279.0,-5.14950987398452e-07
9280.0,-5.114054215524588e-07
9281.0,-5.077816612457017e-07
9282.0,-5.04081331290126e-07
9283.0,-5.00306121639725e-07
9284.0,-4.964577842866052e-07
9285.0,-4.925381298130757e-07
9286.0,-4.885490236207277e-07
9287.0,-4.844923818619641e-07
9288.0,-4.803701671017575e-07
9289.0,-4.7618438373494834e-07
9290.0,-4.7193707317650007e-07
9291.0,-4.676303088321318e-07
9292.0,-4.6326619085050466e-07
9293.0,-4.588468406596529e-07
9294.0,-4.5437439529797695e-07
9295.0,-4.498510015571376e-07
9296.0,-4.452788099543903e-07
9297.0,-4.4065996854503803e-07
9298.0,-4.359966165771875e-07
9299.0,-4.312908779875053e-07
9300.0,-4.265448547421887e-07
9301.0,-4.217606200410953e-07
9302.0,-4.1694021141939544e-07
9303.0,-4.120856237937796e-07
9304.0,-4.0719880250637e-07
9305.0,-4.0228163641974255e-07
9306.0,-3.9733595111190815e-07
9307.0,-3.923635022114712e-07
9308.0,-3.873659689025741e-07
9309.0,-3.823449476200002e-07
9310.0,-3.773019459492969e-07
9311.0,-3.7223837674609546e-07
9312.0,-3.6715555249437557e-07
9313.0,-3.6205467993525346e-07
9314.0,-3.5693685501114335e-07
9315.0,-3.5180305817826617e-07
9316.0,-3.4665415014139237e-07
9317.0,-3.4149086806127356e-07
9318.0,-3.3631382228066423e-07
9319.0,-3.3112349361050067e-07
9320.0,-3.259202312139096e-07
9321.0,-3.2070425112235907e-07
9322.0,-3.1547563541602596e-07
9323.0,-3.1023433210046127e-07
9324.0,-3.0498015571407e-07
9325.0,-2.9971278870289227e-07
9326.0,-2.9443178359623177e-07
9327.0,-2.8913656600752667e-07
9328.0,-2.838264384725786e-07
9329.0,-2.785005851253304e-07
9330.0,-2.731580772005883e-07
9331.0,-2.677978793428654e-07
9332.0,-2.624188566916335e-07
9333.0,-2.570197827070691e-07
9334.0,-2.51599347695646e-07
9335.0,-2.4615616798848347e-07
9336.0,-2.406887957168156e-07
9337.0,-2.3519572912164347e-07
9338.0,-2.2967542333087145e-07
9339.0,-2.241263015356962e-07
9340.0,-2.1854676649608118e-07
9341.0,-2.1293521230134938e-07
9342.0,-2.0729003630675322e-07
9343.0,-2.0160965116313158e-07
9344.0,-1.9589249685760523e-07
9345.0,-1.901370526885233e-07
9346.0,-1.8434184910427543e-07
9347.0,-1.78505479340713e-07
9348.0,-1.7262661079602723e-07
9349.0,-1.6670399608605581e-07
9350.0,-1.6073648372727117e-07
9351.0,-1.5472302839856878e-07
9352.0,-1.4866270073633586e-07
9353.0,-1.425546966207905e-07
9354.0,-1.3639834591523875e-07
9355.0,-1.301931206224614e-07
9356.0,-1.23938642422894e-07
9357.0,-1.1763468955786746e-07
9358.0,-1.1128120301950116e-07
9359.0,-1.0487829200901584e-07
9360.0,-9.842623862783715e-08
9361.0,-9.192550176865978e-08
9362.0,-8.537672017420336e-08
9363.0,-7.878071463002069e-08
9364.0,-7.213848925615945e-08
9365.0,-6.545123186170415e-08
9366.0,-5.8720313327262227e-08
9367.0,-5.194728598543523e-08
9368.0,-4.513388097903046e-08
9369.0,-3.828200458833017e-08
9370.0,-3.139373352787089e-08
9371.0,-2.447130921884387e-08
9372.0,-1.7517131048632432e-08
9373.0,-1.0533748638534112e-08
9374.0,-3.5238531566911642e-09
9375.0,3.5097322653345434e-09
9376.0,1.056406293127903e-08
9377.0,1.7636083695307902e-08
9378.0,2.4722640685596746e-08
9379.0,3.18204935271033e-08
9380.0,3.892632795693458e-08
9381.0,4.6036768729672704e-08
9382.0,5.314839271504948e-08
9383.0,6.025774209691354e-08
9384.0,6.736133758991879e-08
9385.0,7.445569159767781e-08
9386.0,8.153732124236768e-08
9387.0,8.860276119962655e-08
9388.0,9.564857627287816e-08
9389.0,1.026713736397703e-07
9390.0,1.0966781470443195e-07
9391.0,1.1663462649474798e-07
9392.0,1.235686125520408e-07
9393.0,1.3046666326908288e-07
9394.0,1.3732576564000416e-07
9395.0,1.4414301239136063e-07
9396.0,1.509156104671095e-07
9397.0,1.5764088884305625e-07
9398.0,1.643163056500161e-07
9399.0,1.709394545889056e-07
9400.0,1.7750807062418572e-07
9401.0,1.840200349450652e-07
9402.0,1.904733791880871e-07
9403.0,1.9686628892077293e-07
9404.0,2.0319710639322623e-07
9405.0,2.094643325712594e-07
9406.0,2.1566662846880544e-07
9407.0,2.2180281579862643e-07
9408.0,2.2787187695960311e-07
9409.0,2.33872954377089e-07
9410.0,2.3980534921061203e-07
9411.0,2.4566851944136703e-07
9412.0,2.51462077350521e-07
9413.0,2.571857863980251e-07
9414.0,2.628395575109898e-07
9415.0,2.6842344479135484e-07
9416.0,2.73937640653758e-07
9417.0,2.793824704051708e-07
9418.0,2.847583862789482e-07
9419.0,2.90065960939499e-07
9420.0,2.953058804801073e-07
9421.0,3.00478936942169e-07
9422.0,3.055860203846071e-07
9423.0,3.1062811052670096e-07
9424.0,3.156062679806744e-07
9425.0,3.205216250879389e-07
9426.0,3.2537537637706167e-07
9427.0,3.301687686705463e-07
9428.0,3.3490309087835665e-07
9429.0,3.3957966352686706e-07
9430.0,3.441998280817322e-07
9431.0,3.487649361309262e-07
9432.0,3.532763384986012e-07
9433.0,3.5773537436074056e-07
9434.0,3.6214336043015414e-07
9435.0,3.6650158027324994e-07
9436.0,3.7081127381710625e-07
9437.0,3.7507362710330775e-07
9438.0,3.7928976234285166e-07
9439.0,3.8346072832289856e-07
9440.0,3.8758749121243893e-07
9441.0,3.916709258118472e-07
9442.0,3.9571180729041274e-07
9443.0,3.9971080345421456e-07
9444.0,4.036684675836709e-07
9445.0,4.0758523187785163e-07
9446.0,4.1146140154264176e-07
9447.0,4.1529714956056895e-07
9448.0,4.190925121793813e-07
9449.0,4.228473851544286e-07
9450.0,4.2656152077800467e-07
9451.0,4.302345257273396e-07
9452.0,4.338658597612425e-07
9453.0,4.3745483529246857e-07
9454.0,4.410006178569458e-07
9455.0,4.44502227491069e-07
9456.0,4.479585410162207e-07
9457.0,4.513682952183248e-07
9458.0,4.5473009089995965e-07
9459.0,4.5804239777187715e-07
9460.0,4.613035601395518e-07
9461.0,4.6451180333039446e-07
9462.0,4.676652408005316e-07
9463.0,4.707618818573891e-07
9464.0,4.7379963993492626e-07
9465.0,4.7677634136016505e-07
9466.0,4.796897345509232e-07
9467.0,4.825374995850146e-07
9468.0,4.853172580811196e-07
9469.0,4.880265833316517e-07
9470.0,4.906630106288028e-07
9471.0,4.932240477265975e-07
9472.0,4.95707185383696e-07
9473.0,4.981099079334875e-07
9474.0,5.004297038297858e-07
9475.0,5.026640761180995e-07
9476.0,5.048105527840289e-07
9477.0,5.068666969322759e-07
9478.0,5.088301167528007e-07
9479.0,5.106984752356272e-07
9480.0,5.12469499603061e-07
9481.0,5.141409904368478e-07
9482.0,5.157108304859625e-07
9483.0,5.171769931454667e-07
9484.0,5.185375505962204e-07
9485.0,5.197906815898699e-07
9486.0,5.209346788565273e-07
9487.0,5.219679561067705e-07
9488.0,5.228890545961769e-07
9489.0,5.236966492197091e-07
9490.0,5.243895541048993e-07
9491.0,5.249667276765278e-07
9492.0,5.254272771701046e-07
9493.0,5.257704625753704e-07
9494.0,5.259956999937487e-07
9495.0,5.261025643967686e-07
9496.0,5.260907917784352e-07
9497.0,5.259602807041108e-07
9498.0,5.257110932700048e-07
9499.0,5.253434554980552e-07
9500.0,5.248577571980794e-07
9501.0,5.242545513308683e-07
9502.0,5.235345529027496e-07
9503.0,5.226986374168682e-07
9504.0,5.217478389023237e-07
9505.0,5.206833475402336e-07
9506.0,5.195065069033493e-07
9507.0,5.182188108201902e-07
9508.0,5.168218998661563e-07
9509.0,5.153175574765764e-07
9510.0,5.137077056739788e-07
9511.0,5.119944004045052e-07
9512.0,5.101798264841648e-07
9513.0,5.082662921620646e-07
9514.0,5.062562233129312e-07
9515.0,5.041521572737459e-07
9516.0,5.019567363394751e-07
9517.0,4.996727009328458e-07
9518.0,4.973028824646471e-07
9519.0,4.948501959039692e-07
9520.0,4.923176320812599e-07
9521.0,4.897082497505706e-07
9522.0,4.870251674402971e-07
9523.0,4.842715551242433e-07
9524.0,4.814506257479427e-07
9525.0,4.785656266485424e-07
9526.0,4.7561983090806706e-07
9527.0,4.726165286783146e-07
9528.0,4.695590185120653e-07
9529.0,4.664505987316029e-07
9530.0,4.632945588631812e-07
9531.0,4.6009417116532027e-07
9532.0,4.568526822782977e-07
9533.0,4.5357330502020934e-07
9534.0,4.5025921035156696e-07
9535.0,4.46913519527298e-07
9536.0,4.4353929645365407e-07
9537.0,4.4013954026818106e-07
9538.0,4.367171781628793e-07
9539.0,4.3327505847267545e-07
9540.0,4.298159440518701e-07
9541.0,4.2634250595960344e-07
9542.0,4.228573174719519e-07
9543.0,4.193628484335853e-07
9544.0,4.158614599563223e-07
9545.0,4.1235539946611694e-07
9546.0,4.088467960946125e-07
9547.0,4.0533765640559614e-07
9548.0,4.018298604389753e-07
9549.0,3.983251580461278e-07
9550.0,3.9482516548405554e-07
9551.0,3.9133136223367316e-07
9552.0,3.87845088009196e-07
9553.0,3.843675399308237e-07
9554.0,3.8089976984276987e-07
9555.0,3.7744268177291445e-07
9556.0,3.739970295465455e-07
9557.0,3.7056341458203705e-07
9558.0,3.6714228390865514e-07
9559.0,3.6373392845458675e-07
9560.0,3.6033848165663477e-07
9561.0,3.569559184427038e-07
9562.0,3.5358605463504904e-07
9563.0,3.5022854681703586e-07
9564.0,3.468828926998788e-07
9565.0,3.435484320194167e-07
9566.0,3.4022434798683166e-07
9567.0,3.3690966931141387e-07
9568.0,3.336032728080254e-07
9569.0,3.303038865967771e-07
9570.0,3.270100938971932e-07
9571.0,3.2372033741299653e-07
9572.0,3.204329242963754e-07
9573.0,3.1714603167365934e-07
9574.0,3.138577127096769e-07
9575.0,3.1056590318605107e-07
9576.0,3.0726842856844814e-07
9577.0,3.039630115385765e-07
9578.0,3.0064727996772494e-07
9579.0,2.9731877530880933e-07
9580.0,2.9397496138268475e-07
9581.0,2.906132335322898e-07
9582.0,2.87230928116313e-07
9583.0,2.838253323138105e-07
9584.0,2.803936942127277e-07
9585.0,2.7693323315686124e-07
9586.0,2.7344115032478767e-07
9587.0,2.699146395100777e-07
9588.0,2.663508980675332e-07
9589.0,2.627471379885455e-07
9590.0,2.5910059707029424e-07
9591.0,2.554085501460545e-07
9592.0,2.5166832034507855e-07
9593.0,2.478772903499648e-07
9594.0,2.4403291361842476e-07
9595.0,2.4013272553677103e-07
9596.0,2.3617435447509172e-07
9597.0,2.3215553271727118e-07
9598.0,2.2807410723931537e-07
9599.0,2.2392805030522085e-07
9600.0,2.1971546984305924e-07
9601.0,2.154346195580272e-07
9602.0,2.1108390873454369e-07
9603.0,2.066619116753979e-07
9604.0,2.0216737672304048e-07
9605.0,1.9759923480736898e-07
9606.0,1.9295660746509693e-07
9607.0,1.8823881427579852e-07
9608.0,1.8344537965753832e-07
9609.0,1.785760389619062e-07
9610.0,1.7363074380767312e-07
9611.0,1.6860966659619026e-07
9612.0,1.6351320415785834e-07
9613.0,1.583419804831023e-07
9614.0,1.530968484917375e-07
9615.0,1.4777889079440755e-07
9616.0,1.4238941940320582e-07
9617.0,1.369299743571121e-07
9618.0,1.3140232123964624e-07
9619.0,1.258084475786431e-07
9620.0,1.2015055813034766e-07
9621.0,1.1443106906240699e-07
9622.0,1.0865260106232905e-07
9623.0,1.0281797140769317e-07
9624.0,9.693018504101216e-08
9625.0,9.099242469781338e-08
9626.0,8.500804014412893e-08
9627.0,7.898053658939985e-08
9628.0,7.291356235045121e-08
9629.0,6.681089584876298e-08
9630.0,6.06764320249874e-08
9631.0,5.4514168252307486e-08
9632.0,4.8328189826921664e-08
9633.0,4.212265511282069e-08
9634.0,3.590178042024835e-08
9635.0,2.9669824702011375e-08
9636.0,2.3431074156987098e-08
9637.0,1.7189826833458597e-08
9638.0,1.0950377325363136e-08
9639.0,4.7170016522831375e-09
9640.0,-1.5060575913984653e-09
9641.0,-7.71460574150594e-09
9642.0,-1.3904510156938384e-08
9643.0,-2.0071713843191137e-08
9644.0,-2.6212248555110476e-08
9645.0,-3.232224732984698e-08
9646.0,-3.839795640168822e-08
9647.0,-4.443574645230018e-08
9648.0,-5.043212315570094e-08
9649.0,-5.6383736988163836e-08
9650.0,-6.228739228744762e-08
9651.0,-6.81400555593586e-08
9652.0,-7.393886303916515e-08
9653.0,-7.9681127520053e-08
9654.0,-8.536434446190663e-08
9655.0,-9.098619739142024e-08
9656.0,-9.654456259771835e-08
9657.0,-1.0203751311738533e-07
9658.0,-1.0746332199349311e-07
9659.0,-1.1282046478885548e-07
9660.0,-1.1810762133432813e-07
9661.0,-1.233236766958195e-07
9662.0,-1.2846772134727483e-07
9663.0,-1.3353905054223083e-07
9664.0,-1.385371628843764e-07
9665.0,-1.4346175810534876e-07
9666.0,-1.4831273406111748e-07
9667.0,-1.530901829557375e-07
9668.0,-1.5779438679839278e-07
9669.0,-1.6242581210252194e-07
9670.0,-1.669851038442318e-07
9671.0,-1.714730787062974e-07
9672.0,-1.758907176400755e-07
9673.0,-1.8023915777973215e-07
9674.0,-1.8451968374226302e-07
9675.0,-1.887337183454117e-07
9676.0,-1.928828127765173e-07
9677.0,-1.9696863624936282e-07
9678.0,-2.0099296519214194e-07
9679.0,-2.0495767201512123e-07
9680.0,-2.0886471350822035e-07
9681.0,-2.1271611891652934e-07
9682.0,-2.165139777397323e-07
9683.0,-2.2026042730148777e-07
9684.0,-2.2395764013377905e-07
9685.0,-2.2760781121583984e-07
9686.0,-2.312131450991229e-07
9687.0,-2.347758429436244e-07
9688.0,-2.382980894897613e-07
9689.0,-2.417820399933596e-07
9690.0,-2.452298071568636e-07
9691.0,-2.4864344809634994e-07
9692.0,-2.520249513919944e-07
9693.0,-2.553762242803768e-07
9694.0,-2.5869908005975294e-07
9695.0,-2.619952257909419e-07
9696.0,-2.652662503828074e-07
9697.0,-2.6851361315056867e-07
9698.0,-2.7173863292866907e-07
9699.0,-2.749424778108681e-07
9700.0,-2.781261555818218e-07
9701.0,-2.812905048986636e-07
9702.0,-2.844361872780212e-07
9703.0,-2.875636799416323e-07
9704.0,-2.906732695697427e-07
9705.0,-2.9376504700456646e-07
9706.0,-2.968389029379817e-07
9707.0,-2.9989452461161096e-07
9708.0,-3.029313935543738e-07
9709.0,-3.0594878437977595e-07
9710.0,-3.0894576466057025e-07
9711.0,-3.1192119589341144e-07
9712.0,-3.1487373556223285e-07
9713.0,-3.1780184030481974e-07
9714.0,-3.2070377018086745e-07
9715.0,-3.235775940327193e-07
9716.0,-3.2642119592232817e-07
9717.0,-3.292322826170831e-07
9718.0,-3.3200839208146393e-07
9719.0,-3.347469029142286e-07
9720.0,-3.374450446565856e-07
9721.0,-3.4009990888728646e-07
9722.0,-3.427084610153015e-07
9723.0,-3.4526755267878487e-07
9724.0,-3.477739346585292e-07
9725.0,-3.5022427021291094e-07
9726.0,-3.526151487395553e-07
9727.0,-3.549430996693366e-07
9728.0,-3.572046065036601e-07
9729.0,-3.593961209170302e-07
9730.0,-3.6151407686235104e-07
9731.0,-3.6355490463330213e-07
9732.0,-3.655150448525872e-07
9733.0,-3.6739096236282344e-07
9734.0,-3.6917915999623584e-07
9735.0,-3.7087619219226473e-07
9736.0,-3.7247867842422e-07
9737.0,-3.73983316391839e-07
9738.0,-3.7538689493673864e-07
9739.0,-3.766863066403387e-07
9740.0,-3.7787856006699375e-07
9741.0,-3.7896079161760207e-07
9742.0,-3.799302769595522e-07
9743.0,-3.807844419967815e-07
9744.0,-3.815208733402874e-07
9745.0,-3.8213732823741545e-07
9746.0,-3.8263174391954453e-07
9747.0,-3.8300224633245797e-07
9748.0,-3.832471582195226e-07
9749.0,-3.833650065301504e-07
9750.0,-3.833545291210431e-07
9751.0,-3.8321468070707265e-07
9752.0,-3.8294463800842565e-07
9753.0,-3.8254380403505855e-07
9754.0,-3.820118114481869e-07
9755.0,-3.8134852494032945e-07
9756.0,-3.805540425816856e-07
9757.0,-3.79628696092089e-07
9758.0,-3.7857305001167977e-07
9759.0,-3.7738789975653274e-07
9760.0,-3.760742685569364e-07
9761.0,-3.7463340328589106e-07
9762.0,-3.7306676919417407e-07
9763.0,-3.7137604357855296e-07
9764.0,-3.695631084247203e-07
9765.0,-3.676300420861621e-07
9766.0,-3.655791100798571e-07
9767.0,-3.634127550946236e-07
9768.0,-3.611335863167502e-07
9769.0,-3.587443681806974e-07
9770.0,-3.562480086497414e-07
9771.0,-3.5364754712249276e-07
9772.0,-3.509461420490428e-07
9773.0,-3.481470583291487e-07
9774.0,-3.452536545567493e-07
9775.0,-3.422693701703494e-07
9776.0,-3.391977125662203e-07
9777.0,-3.360422442292061e-07
9778.0,-3.3280656993347464e-07
9779.0,-3.294943240641764e-07
9780.0,-3.2610915811186173e-07
9781.0,-3.2265472839282746e-07
9782.0,-3.1913468404730295e-07
9783.0,-3.155526553633166e-07
9784.0,-3.1191224246932896e-07
9785.0,-3.082170044342809e-07
9786.0,-3.0447044880876967e-07
9787.0,-3.006760216353002e-07
9788.0,-2.9683709795020554e-07
9789.0,-2.9295697279621677e-07
9790.0,-2.8903885276281576e-07
9791.0,-2.850858480706756e-07
9792.0,-2.8110096521631994e-07
9793.0,-2.770871001940901e-07
9794.0,-2.730470323157246e-07
9795.0,-2.6898341865349124e-07
9796.0,-2.6489878913790485e-07
9797.0,-2.6079554234100375e-07
9798.0,-2.566759419694859e-07
9799.0,-2.5254211408179983e-07
9800.0,-2.4839604503326677e-07
9801.0,-2.442395801447163e-07
9802.0,-2.4007442308257037e-07
9803.0,-2.3590213593142443e-07
9804.0,-2.3172413993389109e-07
9805.0,-2.2754171686681624e-07
9806.0,-2.233560110179632e-07
9807.0,-2.1916803172299495e-07
9808.0,-2.1497865641965358e-07
9809.0,-2.1078863417565578e-07
9810.0,-2.0659858964984429e-07
9811.0,-2.024090274517963e-07
9812.0,-1.9822033687189084e-07
9813.0,-1.9403279696061276e-07
9814.0,-1.8984658194047652e-07
9815.0,-1.8566176693323166e-07
9816.0,-1.81478333978814e-07
9817.0,-1.7729617831571415e-07
9818.0,-1.7311511489089413e-07
9819.0,-1.6893488507232288e-07
9820.0,-1.647551635440136e-07
9821.0,-1.6057556536568673e-07
9822.0,-1.56395653174386e-07
9823.0,-1.522149444970274e-07
9824.0,-1.4803291913674347e-07
9825.0,-1.4384902659481242e-07
9826.0,-1.3966269349188121e-07
9827.0,-1.354733309531481e-07
9828.0,-1.31280341920843e-07
9829.0,-1.2708312835569048e-07
9830.0,-1.2288109828840568e-07
9831.0,-1.1867367268190216e-07
9832.0,-1.1446029206525589e-07
9833.0,-1.1024042290439959e-07
9834.0,-1.0601356368355424e-07
9835.0,-1.0177925068358888e-07
9836.0,-9.753706345512016e-08
9837.0,-9.328662999185161e-08
9838.0,-8.902763161171528e-08
9839.0,-8.475980755042033e-08
9840.0,-8.048295926638377e-08
9841.0,-7.619695445012492e-08
9842.0,-7.190173072598719e-08
9843.0,-6.759729902946684e-08
9844.0,-6.328374664033804e-08
9845.0,-5.8961239851902594e-08
9846.0,-5.463002626024334e-08
9847.0,-5.029043666126666e-08
9848.0,-4.5942886543918e-08
9849.0,-4.158787716602994e-08
9850.0,-3.722599620043283e-08
9851.0,-3.2857917947516445e-08
9852.0,-2.8484403125319065e-08
9853.0,-2.4106298265664975e-08
9854.0,-1.9724534760989914e-08
9855.0,-1.534012761735659e-08
9856.0,-1.0954173972608506e-08
9857.0,-6.567851436033078e-09
9858.0,-2.182416299724011e-09
9859.0,2.20079833645753e-09
9860.0,6.580384492743193e-09
9861.0,1.0954861262193536e-08
9862.0,1.5322676762414594e-08
9863.0,1.9682210060105138e-08
9864.0,2.4031773041768528e-08
9865.0,2.8369612205126767e-08
9866.0,3.2693910349443686e-08
9867.0,3.7002788147952094e-08
9868.0,4.129430559089628e-08
9869.0,4.5566463294386127e-08
9870.0,4.9817203679357174e-08
9871.0,5.4044412035333996e-08
9872.0,5.8245917493232004e-08
9873.0,6.241949393882697e-08
9874.0,6.656286090367403e-08
9875.0,7.067368447385685e-08
9876.0,7.474957826042536e-08
9877.0,7.878810447941738e-08
9878.0,8.278677519174383e-08
9879.0,8.674305375076738e-08
9880.0,9.065435649812104e-08
9881.0,9.45180547389979e-08
9882.0,9.833147701853493e-08
9883.0,1.02091911711223e-07
9884.0,1.0579660992629621e-07
9885.0,1.0944278872497049e-07
9886.0,1.1302763464066625e-07
9887.0,1.1654830749139838e-07
9888.0,1.2000194447521743e-07
9889.0,1.2338566454476282e-07
9890.0,1.266965730632576e-07
9891.0,1.2993176674790815e-07
9892.0,1.3308833890539343e-07
9893.0,1.3616338495883477e-07
9894.0,1.3915400825832316e-07
9895.0,1.4205732615812067e-07
9896.0,1.448704763328551e-07
9897.0,1.4759062329460817e-07
9898.0,1.5021496506704383e-07
9899.0,1.5274073997443534e-07
9900.0,1.5516523351150718e-07
9901.0,1.5748578527036548e-07
9902.0,1.5969979590936259e-07
9903.0,1.6180473415402635e-07
9904.0,1.637981438231962e-07
9905.0,1.6567765087545483e-07
9906.0,1.674409704722113e-07
9907.0,1.6908591405475945e-07
9908.0,1.7061039643341265e-07
9909.0,1.7201244288612818e-07
9910.0,1.732901962603272e-07
9911.0,1.744419240654825e-07
9912.0,1.754660255378855e-07
9913.0,1.7636103865380422e-07
9914.0,1.7712564706164792e-07
9915.0,1.7775868689684242e-07
9916.0,1.782591534363546e-07
9917.0,1.7862620754583286e-07
9918.0,1.788591818728083e-07
9919.0,1.7895758674428887e-07
9920.0,1.7892111573506222e-07
9921.0,1.7874965088197524e-07
9922.0,1.784432675271695e-07
9923.0,1.7800223877842492e-07
9924.0,1.7742703957697883e-07
9925.0,1.7671835036239564e-07
9926.0,1.7587706032106123e-07
9927.0,1.749042702017381e-07
9928.0,1.738012946802471e-07
9929.0,1.7256966425530472e-07
9930.0,1.7121112665639433e-07
9931.0,1.6972764774099947e-07
9932.0,1.681214118542401e-07
9933.0,1.663948216216122e-07
9934.0,1.645504971458328e-07
9935.0,1.625912745798626e-07
9936.0,1.60520204047824e-07
9937.0,1.5834054688367937e-07
9938.0,1.560557721564462e-07
9939.0,1.536695524531372e-07
9940.0,1.5118575889780414e-07
9941.0,1.4860845539575707e-07
9942.0,1.4594189210260828e-07
9943.0,1.431904981248072e-07
9944.0,1.4035887346137893e-07
9945.0,1.3745178019749457e-07
9946.0,1.344741329610154e-07
9947.0,1.3143098865487062e-07
9948.0,1.2832753548252658e-07
9949.0,1.2516908129028166e-07
9950.0,1.2196104125598324e-07
9951.0,1.1870892495763485e-07
9952.0,1.1541832285864709e-07
9953.0,1.1209489225079533e-07
9954.0,1.0874434270114965e-07
9955.0,1.0537242105484723e-07
9956.0,1.0198489605168159e-07
9957.0,9.858754262029901e-08
9958.0,9.518612591713366e-08
9959.0,9.178638517681584e-08
9960.0,8.839401743796707e-08
9961.0,8.501466120551969e-08
9962.0,8.165388010916817e-08
9963.0,7.831714661692e-08
9964.0,7.500982586247741e-08
9965.0,7.173715964540954e-08
9966.0,6.850425066339382e-08
9967.0,6.531604703489263e-08
9968.0,6.217732716769784e-08
9969.0,5.909268502511564e-08
9970.0,5.606651583994082e-08
9971.0,5.3103002329101374e-08
9972.0,5.0206101468947697e-08
9973.0,4.7379531899535614e-08
9974.0,4.462676203181042e-08
9975.0,4.195099893265143e-08
9976.0,3.935517806099119e-08
9977.0,3.684195392665057e-08
9978.0,3.4413691743731744e-08
9979.0,3.207246015162128e-08
9980.0,2.982002507680349e-08
9981.0,2.765784480664075e-08
9982.0,2.558706634279932e-08
9983.0,2.3608523098068002e-08
9984.0,2.1722733995685376e-08
9985.0,1.9929904024352862e-08
9986.0,1.8229926294716615e-08
9987.0,1.6622385633820367e-08
9988.0,1.5106563742423578e-08
9989.0,1.3681445927047172e-08
9990.0,1.2345729405525398e-08
9991.0,1.1097833171627163e-08
9992.0,9.935909390064278e-09
9993.0,8.85785627812662e-09
9994.0,7.861332415959107e-09
9995.0,6.943772416363711e-09
9996.0,6.102403878295513e-09
9997.0,5.334265545144528e-09
9998.0,4.6362265872416345e-09
9999.0,4.0050069259327084e-09
10000.0,3.437198512837114e-09
